cust_id,full_name,email_addr,signup_dt,city,segment,acct_status
CUST00001,Rahul Patel,rahul.patel0@example.com,2026-03-22 23:06:00,Ahmedabad,Bronze,Active
CUST00002,Aarav Iyer,aarav.iyer1@example.com,2025-07-21 18:36:00,Chennai,Gold,Active
CUST00003,Krishna Nair,krishna.nair2@example.com,2024-06-18 14:19:00,Lucknow,Gold,Suspended
CUST00004,Arjun Patel,arjun.patel3@example.com,2025-11-09 20:41:00,Kochi,Silver,Active
CUST00005,Priya Desai,priya.desai4@example.com,2023-12-20 10:13:00,Pune,Silver,Inactive
CUST00006,Aditya Pillai,aditya.pillai5@example.com,2024-12-24 02:22:00,Indore,Bronze,Active
CUST00007,Aadhya Verma,aadhya.verma6@example.com,2025-12-26 12:18:00,Mumbai,Platinum,Active
CUST00008,Aarav Gupta,aarav.gupta7@example.com,2026-03-08 12:28:00,Indore,Bronze,Inactive
CUST00009,Reyansh Nair,reyansh.nair8@example.com,2025-08-07 08:32:00,Ahmedabad,Bronze,Suspended
CUST00010,Kavya Shetty,kavya.shetty9@example.com,2024-07-18 08:43:00,Ahmedabad,Silver,Active
CUST00011,Aarav Desai,aarav.desai10@example.com,2024-05-07 21:12:00,Ahmedabad,Silver,Active
CUST00012,Reyansh Desai,reyansh.desai11@example.com,2024-05-08 12:21:00,Jaipur,Bronze,Active
CUST00013,Aadhya Nair,aadhya.nair12@example.com,2025-09-04 10:20:00,Kolkata,Silver,Inactive
CUST00014,Myra Pillai,myra.pillai13@example.com,2024-05-01 21:58:00,Mumbai,Platinum,Active
CUST00015,Ishaan Sharma,ishaan.sharma14@example.com,2023-11-04 13:31:00,Ahmedabad,Gold,Active
CUST00016,Karan Singh,karan.singh15@example.com,2025-06-18 03:17:00,Delhi,Gold,Active
CUST00017,Amit Malhotra,amit.malhotra16@example.com,2025-11-07 08:27:00,Delhi,Bronze,Inactive
CUST00018,Ananya Iyer,ananya.iyer17@example.com,2023-10-12 21:42:00,Indore,Gold,Suspended
CUST00019,Arjun Reddy,arjun.reddy18@example.com,2024-02-05 10:55:00,Coimbatore,Silver,Suspended
CUST00020,Karan Agarwal,karan.agarwal19@example.com,2024-01-16 14:51:00,Nagpur,Silver,Suspended
CUST00021,Vihaan Gupta,vihaan.gupta20@example.com,2026-01-02 02:03:00,Bengaluru,Gold,Active
CUST00022,Saanvi Patel,saanvi.patel21@example.com,2025-01-13 16:27:00,Indore,Bronze,Active
CUST00023,Diya Joshi,diya.joshi22@example.com,2024-04-28 14:24:00,Jaipur,Bronze,Active
CUST00024,Meera Iyer,meera.iyer23@example.com,2026-06-15 06:56:00,Indore,Gold,Inactive
CUST00025,Pooja Verma,pooja.verma24@example.com,2026-06-20 07:54:00,Kochi,Silver,Active
CUST00026,Neha Chatterjee,neha.chatterjee25@example.com,2023-11-10 10:34:00,Nagpur,Bronze,Inactive
CUST00027,Ira Patel,ira.patel26@example.com,2026-03-11 09:18:00,Jaipur,Platinum,Active
CUST00028,Divya Rao,divya.rao27@example.com,2025-04-20 12:44:00,Coimbatore,Platinum,Suspended
CUST00029,Aditya Desai,aditya.desai28@example.com,2026-04-06 07:59:00,Chandigarh,Platinum,Suspended
CUST00030,Rohan Shetty,rohan.shetty29@example.com,2026-01-30 00:18:00,Kochi,Bronze,Suspended
CUST00031,Rajesh Joshi,rajesh.joshi30@example.com,2024-02-16 18:10:00,Nagpur,Bronze,Inactive
CUST00032,Riya Reddy,riya.reddy31@example.com,2025-09-12 11:58:00,Jaipur,Gold,Active
CUST00033,Amit Gupta,amit.gupta32@example.com,2026-04-03 10:04:00,Chandigarh,Bronze,Active
CUST00034,Vivaan Nair,vivaan.nair33@example.com,2025-01-19 13:23:00,Kolkata,Gold,Active
CUST00035,Karan Mehta,karan.mehta34@example.com,2024-03-03 02:32:00,Indore,Gold,Active
CUST00036,Aditya Nair,aditya.nair35@example.com,2025-03-27 13:02:00,Ahmedabad,Silver,Active
CUST00037,Sneha Patel,sneha.patel36@example.com,2025-09-02 17:49:00,Surat,Bronze,Inactive
CUST00038,Saanvi Iyer,saanvi.iyer37@example.com,2026-04-13 00:22:00,Indore,Bronze,Active
CUST00039,Myra Joshi,myra.joshi38@example.com,2025-04-07 02:54:00,Coimbatore,Platinum,Active
CUST00040,Sai Joshi,sai.joshi39@example.com,2024-04-15 06:59:00,Jaipur,Platinum,Suspended
CUST00041,Diya Reddy,diya.reddy40@example.com,2026-09-09 11:53:00,Nagpur,Silver,Active
CUST00042,Priya Iyer,priya.iyer41@example.com,2026-08-24 18:19:00,Nagpur,Silver,Active
CUST00043,Amit Gupta,amit.gupta42@example.com,2024-01-17 09:16:00,Nagpur,Silver,Active
CUST00044,Meera Singh,meera.singh43@example.com,2024-06-13 02:13:00,Delhi,Silver,Inactive
CUST00045,Ira Nair,ira.nair44@example.com,2023-12-29 14:21:00,Surat,Silver,Active
CUST00046,Sai Chatterjee,sai.chatterjee45@example.com,2024-09-12 01:17:00,Kolkata,Silver,Suspended
CUST00047,Saanvi Iyer,saanvi.iyer46@example.com,2024-07-04 14:55:00,Jaipur,Gold,Inactive
CUST00048,Divya Desai,divya.desai47@example.com,2026-01-07 20:00:00,Chennai,Bronze,Inactive
CUST00049,Krishna Agarwal,krishna.agarwal48@example.com,2025-08-26 20:08:00,Delhi,Bronze,Suspended
CUST00050,Vikram Verma,vikram.verma49@example.com,2026-08-19 01:48:00,Pune,Gold,Active
CUST00051,Krishna Verma,krishna.verma50@example.com,2026-07-28 17:30:00,Chandigarh,Silver,Active
CUST00052,Pooja Agarwal,pooja.agarwal51@example.com,2025-11-27 03:45:00,Lucknow,Silver,Active
CUST00053,Saanvi Iyer,saanvi.iyer52@example.com,2024-04-11 03:06:00,Indore,Silver,Active
CUST00054,Aditya Reddy,aditya.reddy53@example.com,2025-08-26 21:41:00,Bengaluru,Silver,Suspended
,Divya Pillai,divya.pillai54@example.com,2024-02-14 19:30:00,Bengaluru,Bronze,Active
CUST00056,Rajesh Agarwal,rajesh.agarwal55@example.com,2024-05-09 23:53:00,Chandigarh,Gold,Active
CUST00057,Reyansh Bose,reyansh.bose56@example.com,2025-10-15 19:13:00,Lucknow,Platinum,Active
CUST00058,Saanvi Chatterjee,saanvi.chatterjee57@example.com,2024-03-23 08:30:00,Delhi,Silver,Suspended
CUST00059,Arjun Iyer,arjun.iyer58@example.com,2026-08-11 09:23:00,Chandigarh,Bronze,Active
CUST00060,Arjun Nair,arjun.nair59@example.com,2025-05-12 17:42:00,Pune,Bronze,Inactive
CUST00061,Neha Desai,neha.desai60@example.com,2024-07-10 22:39:00,Nagpur,Bronze,Active
CUST00062,Ira Iyer,ira.iyer61@example.com,2026-09-04 20:20:00,Chennai,Bronze,Active
CUST00063,Neha Pillai,neha.pillai62@example.com,2024-04-19 10:06:00,Chandigarh,Bronze,Active
CUST00064,Aadhya Pillai,aadhya.pillai63@example.com,2023-12-10 00:23:00,Indore,Silver,Active
CUST00065,Saanvi Joshi,saanvi.joshi64@example.com,2025-02-02 22:29:00,Nagpur,Gold,Active
CUST00066,Krishna Kumar,krishna.kumar65@example.com,2024-06-24 08:28:00,Nagpur,Gold,Active
CUST00067,Kavya Bose,kavya.bose66@example.com,2023-12-26 16:15:00,Lucknow,Silver,Active
CUST00068,Aditya Verma,aditya.verma67@example.com,2026-05-19 07:59:00,Kochi,Silver,Active
CUST00069,Sneha Patel,sneha.patel68@example.com,2024-05-09 05:40:00,Pune,Bronze,Inactive
CUST00070,Arjun Singh,arjun.singh69@example.com,2026-05-13 15:03:00,Hyderabad,Silver,Active
CUST00071,Pooja Malhotra,pooja.malhotra70@example.com,2024-05-19 08:53:00,Ahmedabad,Silver,Inactive
CUST00072,Meera Gupta,meera.gupta71@example.com,2023-12-12 04:19:00,Bengaluru,Silver,Active
CUST00073,Saanvi Rao,saanvi.rao72@example.com,2024-10-10 09:16:00,Kochi,Gold,Suspended
CUST00074,Meera Chatterjee,meera.chatterjee73@example.com,2024-04-10 23:50:00,Jaipur,Silver,Inactive
CUST00075,Kavya Iyer,kavya.iyer74@example.com,2025-02-08 00:48:00,Chennai,Platinum,Active
CUST00076,Ira Sharma,ira.sharma75@example.com,2024-02-02 12:32:00,Ahmedabad,Bronze,Suspended
CUST00077,Priya Patel,priya.patel76@example.com,2025-06-02 07:46:00,Indore,Silver,Active
CUST00078,Priya Desai,priya.desai77@example.com,2024-10-26 04:06:00,Hyderabad,Silver,Active
CUST00079,Karan Iyer,karan.iyer78@example.com,2024-02-04 19:04:00,Jaipur,Silver,Suspended
CUST00080,Karan Agarwal,karan.agarwal79@example.com,2025-01-28 00:15:00,Pune,Gold,Suspended
CUST00081,Vihaan Mehta,vihaan.mehta80@example.com,2024-07-13 10:07:00,Nagpur,Gold,Active
CUST00082,Aadhya Singh,aadhya.singh81@example.com,2024-09-13 08:09:00,Hyderabad,Platinum,Active
CUST00083,Myra Sharma,myra.sharma82@example.com,2025-10-24 04:47:00,Lucknow,Gold,Active
CUST00084,Neha Iyer,neha.iyer83@example.com,2025-02-19 01:13:00,Mumbai,Gold,Active
CUST00085,Kavya Singh,kavya.singh84@example.com,2026-03-28 02:30:00,Jaipur,Silver,Active
CUST00086,Kavya Patel,kavya.patel85@example.com,2025-12-30 18:48:00,Kolkata,Silver,Active
CUST00087,Sneha Mehta,sneha.mehta86@example.com,2025-11-04 04:29:00,Ahmedabad,Gold,Suspended
CUST00088,Vikram Kapoor,vikram.kapoor87@example.com,2026-02-26 10:29:00,Pune,Silver,Suspended
CUST00089,Meera Reddy,meera.reddy88@example.com,2025-01-07 16:47:00,Surat,Platinum,Active
CUST00090,Arjun Joshi,arjun.joshi89@example.com,2026-06-16 23:38:00,Hyderabad,Gold,Active
CUST00091,Karan Singh,karan.singh90@example.com,2025-04-04 12:17:00,Lucknow,Gold,Suspended
CUST00092,Ira Kapoor,ira.kapoor91@example.com,2025-10-31 18:08:00,Chandigarh,Platinum,Active
CUST00093,Divya Sharma,divya.sharma92@example.com,2023-11-24 22:09:00,Lucknow,Platinum,Inactive
CUST00094,Meera Agarwal,meera.agarwal93@example.com,2026-05-13 13:33:00,Kolkata,Bronze,Suspended
CUST00095,Anika Sharma,anika.sharma94@example.com,2026-01-30 04:46:00,Mumbai,Silver,Suspended
CUST00096,Vihaan Joshi,vihaan.joshi95@example.com,2026-01-16 06:46:00,Kochi,Gold,Active
CUST00097,Rajesh Mehta,rajesh.mehta96@example.com,2023-12-29 15:39:00,Surat,Platinum,Suspended
CUST00098,Krishna Verma,krishna.verma97@example.com,2024-09-23 22:11:00,Ahmedabad,Platinum,Inactive
CUST00099,Krishna Pillai,krishna.pillai98@example.com,2025-03-22 19:06:00,Kochi,Silver,Inactive
CUST00100,Aditya Gupta,aditya.gupta99@example.com,2023-10-31 04:18:00,Ahmedabad,Gold,Active
CUST00101,Neha Bose,neha.bose100@example.com,2026-02-19 01:57:00,Hyderabad,Silver,Active
CUST00102,Vikram Gupta,vikram.gupta101@example.com,2024-04-07 09:07:00,Bengaluru,Bronze,Active
CUST00103,Karan Desai,karan.desai102@example.com,2026-02-05 20:10:00,Bengaluru,Gold,Active
CUST00104,Karan Kumar,karan.kumar103@example.com,2026-02-24 06:58:00,Hyderabad,Silver,Active
CUST00105,Arjun Bose,arjun.bose104@example.com,2023-11-17 20:50:00,Coimbatore,Platinum,Active
CUST00106,Ira Singh,ira.singh105@example.com,2026-01-22 17:02:00,Indore,Platinum,Active
CUST00107,Ishaan Kapoor,ishaan.kapoor106@example.com,2024-09-10 18:14:00,Pune,Platinum,Suspended
CUST00108,Sneha Shetty,sneha.shetty107@example.com,2025-01-30 01:32:00,Chennai,Silver,Active
CUST00109,Aadhya Reddy,aadhya.reddy108@example.com,2023-11-19 08:14:00,Hyderabad,Gold,Inactive
CUST00110,Divya Desai,divya.desai109@example.com,2026-03-01 19:19:00,Delhi,Gold,Inactive
CUST00111,Karan Reddy,karan.reddy110@example.com,2024-09-06 13:08:00,Indore,Silver,Active
CUST00112,Amit Mehta,amit.mehta111@example.com,2025-12-12 20:06:00,Kochi,Platinum,Inactive
CUST00113,Saanvi Joshi,saanvi.joshi112@example.com,2025-08-03 09:34:00,Delhi,Silver,Active
CUST00114,Myra Kapoor,myra.kapoor113@example.com,2026-09-07 16:07:00,Jaipur,Gold,Active
CUST00115,Myra Patel,myra.patel114@example.com,2024-01-24 13:42:00,Chandigarh,Platinum,Inactive
CUST00116,Krishna Nair,krishna.nair115@example.com,2023-11-21 18:55:00,Pune,Bronze,Active
CUST00117,Aditya Agarwal,aditya.agarwal116@example.com,2025-03-25 12:15:00,Kolkata,Gold,Suspended
CUST00118,Aarav Pillai,aarav.pillai117@example.com,2024-05-24 12:20:00,Indore,Silver,Active
CUST00119,Ira Nair,ira.nair118@example.com,2025-05-06 19:12:00,Jaipur,Platinum,Active
CUST00120,Riya Nair,riya.nair119@example.com,2023-10-02 10:10:00,Pune,Platinum,Active
CUST00121,Aarav Gupta,aarav.gupta120@example.com,2025-06-10 19:09:00,Surat,Gold,Suspended
CUST00122,Amit Verma,amit.verma121@example.com,2024-04-25 10:02:00,Kochi,Gold,Suspended
CUST00123,Krishna Gupta,krishna.gupta122@example.com,2024-06-04 09:06:00,Jaipur,Bronze,Active
CUST00124,Rajesh Verma,rajesh.verma123@example.com,2023-10-29 02:37:00,Jaipur,Gold,Active
CUST00125,Sneha Agarwal,sneha.agarwal124@example.com,2026-07-22 09:51:00,Coimbatore,Platinum,Active
CUST00126,Aditya Kapoor,aditya.kapoor125@example.com,2026-08-31 01:09:00,Mumbai,Platinum,Inactive
CUST00127,Krishna Iyer,krishna.iyer126@example.com,2023-10-27 21:55:00,Hyderabad,Silver,Active
CUST00128,Priya Bose,priya.bose127@example.com,2024-10-28 13:35:00,Coimbatore,Gold,Active
CUST00129,Reyansh Desai,reyansh.desai128@example.com,2025-10-19 10:57:00,Kolkata,Silver,Suspended
CUST00130,Arjun Pillai,arjun.pillai129@example.com,2024-07-07 22:18:00,Pune,Bronze,Inactive
CUST00131,Riya Bose,riya.bose130@example.com,2025-11-15 05:57:00,Bengaluru,Platinum,Active
CUST00132,Krishna Bose,krishna.bose131@example.com,2023-10-22 14:34:00,Surat,Platinum,Active
CUST00133,Pooja Malhotra,pooja.malhotra132@example.com,2024-06-19 02:16:00,Chandigarh,Gold,Inactive
CUST00134,Reyansh Patel,reyansh.patel133@example.com,2025-01-05 00:13:00,Chennai,Bronze,Inactive
CUST00135,Vihaan Malhotra,vihaan.malhotra134@example.com,2024-12-17 13:00:00,Ahmedabad,Gold,Active
CUST00136,Diya Malhotra,diya.malhotra135@example.com,2025-02-25 07:21:00,Kochi,Platinum,Active
CUST00137,Aadhya Chatterjee,aadhya.chatterjee136@example.com,2025-11-24 01:35:00,Kochi,Gold,Active
CUST00138,Sneha Verma,sneha.verma137@example.com,2024-03-21 03:47:00,Kochi,Silver,Active
CUST00139,Priya Patel,priya.patel138@example.com,2024-03-29 01:38:00,Chennai,Silver,Active
CUST00140,Vivaan Rao,vivaan.rao139@example.com,2024-06-14 17:04:00,Surat,Platinum,Inactive
CUST00141,Neha Agarwal,neha.agarwal140@example.com,2025-01-11 21:58:00,Nagpur,Gold,Active
CUST00142,Pooja Patel,pooja.patel141@example.com,2024-11-04 11:14:00,Chandigarh,Silver,Active
CUST00143,Krishna Reddy,krishna.reddy142@example.com,2026-01-05 07:26:00,Surat,Gold,Inactive
CUST00144,Reyansh Desai,reyansh.desai143@example.com,2025-02-16 17:55:00,Kolkata,Platinum,Suspended
CUST00145,Myra Kumar,myra.kumar144@example.com,2023-11-08 06:41:00,Kolkata,Gold,Active
CUST00146,Aadhya Singh,aadhya.singh145@example.com,2023-10-19 13:12:00,Kochi,Platinum,Inactive
CUST00147,Ishaan Chatterjee,ishaan.chatterjee146@example.com,2025-10-28 23:59:00,Bengaluru,Platinum,Suspended
CUST00148,Krishna Gupta,krishna.gupta147@example.com,2025-04-09 16:07:00,Hyderabad,Gold,Active
CUST00149,Myra Desai,myra.desai148@example.com,2025-01-06 00:33:00,Jaipur,Silver,Active
CUST00150,Vihaan Verma,vihaan.verma149@example.com,2023-11-21 20:14:00,Mumbai,Gold,Suspended
CUST00151,Rahul Desai,rahul.desai150@example.com,2026-05-21 12:44:00,Mumbai,Silver,Suspended
CUST00152,Vikram Sharma,vikram.sharma151@example.com,2023-11-16 12:53:00,Indore,Platinum,Active
CUST00153,Aditya Nair,aditya.nair152@example.com,2026-06-15 03:53:00,Chennai,Silver,Inactive
CUST00154,Sai Malhotra,sai.malhotra153@example.com,2024-03-15 14:24:00,Kochi,Gold,Inactive
CUST00155,Anika Bose,anika.bose154@example.com,2026-09-10 09:39:00,Delhi,Silver,Inactive
CUST00156,Reyansh Rao,reyansh.rao155@example.com,2025-05-25 00:23:00,Bengaluru,Silver,Active
CUST00157,Rajesh Verma,rajesh.verma156@example.com,2023-09-24 04:46:00,Indore,Gold,Active
CUST00158,Sai Rao,sai.rao157@example.com,2024-10-03 14:42:00,Chandigarh,Silver,Active
CUST00159,Aarav Rao,aarav.rao158@example.com,2025-12-08 01:36:00,Mumbai,Platinum,Active
CUST00160,Ishaan Chatterjee,ishaan.chatterjee159@example.com,2023-10-22 00:45:00,Mumbai,Platinum,Active
CUST00161,Rohan Malhotra,rohan.malhotra160@example.com,2026-02-17 13:27:00,Bengaluru,Silver,Suspended
CUST00162,Amit Desai,amit.desai161@example.com,2025-08-22 12:31:00,Chennai,Gold,Active
CUST00163,Priya Bose,priya.bose162@example.com,2026-03-04 19:15:00,Coimbatore,Bronze,Suspended
CUST00164,Arjun Reddy,arjun.reddy163@example.com,2024-05-02 10:55:00,Pune,Gold,Active
CUST00165,Rohan Reddy,rohan.reddy164@example.com,2026-03-16 22:33:00,Chennai,Platinum,Active
CUST00166,Vivaan Pillai,vivaan.pillai165@example.com,2025-12-28 08:47:00,Delhi,Bronze,Active
CUST00167,Neha Desai,neha.desai166@example.com,2024-03-21 21:37:00,Lucknow,Silver,Active
CUST00168,Vivaan Agarwal,vivaan.agarwal167@example.com,2023-10-09 11:23:00,Pune,Platinum,Suspended
CUST00169,Vivaan Verma,vivaan.verma168@example.com,2023-10-24 11:05:00,Chandigarh,Platinum,Active
CUST00170,Riya Bose,riya.bose169@example.com,2025-03-29 05:29:00,Kochi,Silver,Inactive
CUST00171,Kavya Kapoor,kavya.kapoor170@example.com,2024-05-06 09:16:00,Kolkata,Silver,Inactive
CUST00172,Sai Verma,sai.verma171@example.com,2023-12-23 00:34:00,Hyderabad,Gold,Active
CUST00173,Kavya Gupta,kavya.gupta172@example.com,2025-10-22 19:28:00,Surat,Gold,Active
CUST00174,Sneha Singh,sneha.singh173@example.com,2026-01-03 08:15:00,Bengaluru,Silver,Inactive
CUST00175,Aditya Shetty,aditya.shetty174@example.com,2024-02-26 19:15:00,Lucknow,Gold,Suspended
CUST00176,Aditya Nair,aditya.nair175@example.com,2023-11-04 07:53:00,Ahmedabad,Platinum,Active
CUST00177,Saanvi Patel,saanvi.patel176@example.com,2025-07-12 09:30:00,Hyderabad,Gold,Inactive
CUST00178,Rajesh Pillai,rajesh.pillai177@example.com,2026-07-16 00:50:00,Kolkata,Platinum,Suspended
CUST00179,Krishna Pillai,krishna.pillai178@example.com,2024-08-25 20:22:00,Nagpur,Silver,Active
CUST00180,Meera Verma,meera.verma179@example.com,2024-06-06 20:53:00,Delhi,Bronze,Suspended
CUST00181,Meera Gupta,meera.gupta180@example.com,2024-08-25 05:42:00,Coimbatore,Platinum,Suspended
CUST00182,Aadhya Pillai,aadhya.pillai181@example.com,2026-06-30 07:51:00,Pune,Bronze,Suspended
CUST00183,Riya Kapoor,riya.kapoor182@example.com,2026-01-22 12:41:00,Mumbai,Platinum,Active
CUST00184,Ananya Iyer,ananya.iyer183@example.com,2024-08-15 14:42:00,Kolkata,Silver,Active
CUST00185,Reyansh Agarwal,reyansh.agarwal184@example.com,2023-12-30 23:10:00,Hyderabad,Gold,Active
CUST00186,Krishna Iyer,krishna.iyer185@example.com,2025-12-02 19:10:00,Kolkata,Platinum,Active
CUST00187,Saanvi Kumar,saanvi.kumar186@example.com,2024-05-10 22:01:00,Nagpur,Silver,Active
CUST00188,Priya Mehta,priya.mehta187@example.com,2025-01-04 14:47:00,Indore,Bronze,Suspended
CUST00189,Myra Agarwal,myra.agarwal188@example.com,2025-09-11 00:29:00,Indore,Platinum,Inactive
CUST00190,Divya Gupta,divya.gupta189@example.com,2026-09-16 20:25:00,Chennai,Bronze,Active
CUST00191,Aarav Chatterjee,aarav.chatterjee190@example.com,2024-10-06 21:05:00,Nagpur,Gold,Active
CUST00192,Meera Pillai,meera.pillai191@example.com,2026-06-21 10:30:00,Pune,Silver,Active
CUST00193,Vihaan Gupta,vihaan.gupta192@example.com,2024-12-25 05:32:00,Bengaluru,Bronze,Suspended
CUST00194,Ira Reddy,ira.reddy193@example.com,2024-10-29 11:30:00,Pune,Bronze,Active
CUST00195,Kavya Iyer,kavya.iyer194@example.com,2025-12-23 19:28:00,Coimbatore,Platinum,Active
CUST00196,Arjun Joshi,arjun.joshi195@example.com,2024-02-20 09:18:00,Ahmedabad,Silver,Inactive
CUST00197,Rajesh Gupta,rajesh.gupta196@example.com,2024-03-15 19:05:00,Indore,Platinum,Suspended
CUST00198,Rajesh Nair,rajesh.nair197@example.com,2024-11-23 21:09:00,Chennai,Bronze,Inactive
CUST00199,Diya Mehta,diya.mehta198@example.com,2024-06-04 11:46:00,Indore,Bronze,Suspended
CUST00200,Sai Chatterjee,sai.chatterjee199@example.com,2024-07-03 13:26:00,Indore,Silver,Active
CUST00201,Vikram Desai,vikram.desai200@example.com,2026-06-19 02:04:00,Kolkata,Bronze,Active
CUST00202,Amit Mehta,amit.mehta201@example.com,2024-03-27 00:43:00,Ahmedabad,Platinum,Active
CUST00203,Meera Kapoor,meera.kapoor202@example.com,2026-03-23 18:15:00,Chennai,Silver,Active
CUST00204,Aarav Desai,aarav.desai203@example.com,2026-08-01 05:20:00,Pune,Platinum,Active
CUST00205,Rohan Patel,rohan.patel204@example.com,2024-12-27 06:19:00,Chennai,Silver,Active
CUST00206,Rajesh Kumar,rajesh.kumar205@example.com,2026-01-10 03:25:00,Kochi,Platinum,Active
CUST00207,Ishaan Patel,ishaan.patel206@example.com,2026-03-30 17:21:00,Ahmedabad,Bronze,Inactive
CUST00208,Rajesh Patel,rajesh.patel207@example.com,2026-06-04 05:27:00,Kolkata,Platinum,Active
CUST00209,Neha Desai,neha.desai208@example.com,2025-08-29 08:28:00,Pune,Silver,Active
CUST00210,Arjun Iyer,arjun.iyer209@example.com,2026-08-13 20:18:00,Bengaluru,Bronze,Suspended
CUST00211,Rohan Shetty,rohan.shetty210@example.com,2023-09-27 18:59:00,Lucknow,Bronze,Suspended
CUST00212,Reyansh Agarwal,reyansh.agarwal211@example.com,2025-03-06 17:45:00,Indore,Gold,Active
CUST00213,Reyansh Iyer,reyansh.iyer212@example.com,2024-03-25 21:09:00,Coimbatore,Platinum,Active
CUST00214,Kavya Bose,kavya.bose213@example.com,2023-09-24 04:40:00,Ahmedabad,Platinum,Suspended
CUST00215,Ishaan Verma,ishaan.verma214@example.com,2024-06-20 05:58:00,Indore,Bronze,Inactive
CUST00216,Aditya Malhotra,aditya.malhotra215@example.com,2023-12-19 23:39:00,Ahmedabad,Silver,Inactive
CUST00217,Vikram Iyer,vikram.iyer216@example.com,2024-04-08 18:34:00,Chennai,Platinum,Active
CUST00218,Vivaan Sharma,vivaan.sharma217@example.com,2026-08-02 07:40:00,Ahmedabad,Gold,Active
CUST00219,Ananya Kumar,ananya.kumar218@example.com,2024-07-30 15:55:00,Surat,Silver,Active
CUST00220,Rahul Iyer,rahul.iyer219@example.com,2026-01-29 20:26:00,Surat,Bronze,Active
CUST00221,Sai Chatterjee,sai.chatterjee220@example.com,2025-10-11 14:51:00,Delhi,Silver,Suspended
CUST00222,Ira Malhotra,ira.malhotra221@example.com,2025-09-11 15:11:00,Indore,Bronze,Active
CUST00223,Ira Sharma,ira.sharma222@example.com,2026-03-21 19:41:00,Mumbai,Gold,Inactive
CUST00224,Vihaan Gupta,vihaan.gupta223@example.com,2024-06-08 02:50:00,Coimbatore,Platinum,Active
CUST00225,Rajesh Kumar,rajesh.kumar224@example.com,2026-05-23 04:40:00,Nagpur,Silver,Inactive
CUST00226,Ira Verma,ira.verma225@example.com,2025-09-14 23:15:00,Delhi,Gold,Suspended
CUST00227,Vikram Joshi,vikram.joshi226@example.com,2026-05-24 14:36:00,Mumbai,Platinum,Inactive
CUST00228,Riya Desai,riya.desai227@example.com,2026-03-02 13:51:00,Kochi,Platinum,Suspended
CUST00229,Arjun Malhotra,arjun.malhotra228@example.com,2024-05-28 13:44:00,Mumbai,Silver,Active
CUST00230,Arjun Verma,arjun.verma229@example.com,2024-08-12 20:57:00,Pune,Gold,Active
CUST00231,Rohan Joshi,rohan.joshi230@example.com,2025-08-02 16:12:00,Nagpur,Gold,Active
CUST00232,Rajesh Verma,rajesh.verma231@example.com,2025-05-24 08:28:00,Coimbatore,Silver,Suspended
CUST00233,Rajesh Joshi,rajesh.joshi232@example.com,2023-11-22 11:53:00,Hyderabad,Silver,Active
CUST00234,Reyansh Nair,reyansh.nair233@example.com,2025-03-18 22:40:00,Pune,Platinum,Active
CUST00235,Priya Patel,priya.patel234@example.com,2024-02-12 06:34:00,Kolkata,Gold,Active
CUST00236,Diya Desai,diya.desai235@example.com,2026-05-09 08:59:00,Nagpur,Gold,Active
CUST00237,Rajesh Malhotra,rajesh.malhotra236@example.com,2024-06-08 03:46:00,Mumbai,Platinum,Inactive
CUST00238,Meera Kumar,meera.kumar237@example.com,2026-08-13 15:25:00,Hyderabad,Silver,Active
CUST00239,Divya Nair,divya.nair238@example.com,2026-02-25 16:12:00,Bengaluru,Silver,Inactive
CUST00240,Sneha Singh,sneha.singh239@example.com,2026-01-06 14:24:00,Coimbatore,Bronze,Active
CUST00241,Pooja Singh,pooja.singh240@example.com,2024-06-09 09:55:00,Hyderabad,Platinum,Active
CUST00242,Rajesh Malhotra,rajesh.malhotra241@example.com,2023-12-01 17:10:00,Chennai,Silver,Inactive
CUST00243,Aarav Singh,aarav.singh242@example.com,2025-12-03 12:26:00,Nagpur,Gold,Active
CUST00244,Neha Agarwal,neha.agarwal243@example.com,2025-10-11 16:26:00,Hyderabad,Bronze,Inactive
CUST00245,Pooja Malhotra,pooja.malhotra244@example.com,2024-05-06 06:32:00,Indore,Silver,Inactive
CUST00246,Pooja Nair,pooja.nair245@example.com,2026-06-27 23:08:00,Ahmedabad,Platinum,Active
CUST00247,Ishaan Singh,ishaan.singh246@example.com,2024-02-12 04:42:00,Pune,Gold,Active
CUST00248,Pooja Patel,pooja.patel247@example.com,2025-10-13 23:57:00,Delhi,Bronze,Active
CUST00249,Saanvi Verma,saanvi.verma248@example.com,2024-01-07 15:22:00,Coimbatore,Bronze,Active
CUST00250,Sneha Bose,sneha.bose249@example.com,2025-04-25 02:36:00,Surat,Silver,Active
CUST00251,Krishna Reddy,krishna.reddy250@example.com,2024-10-01 03:47:00,Jaipur,Platinum,Suspended
CUST00252,Vikram Chatterjee,vikram.chatterjee251@example.com,2023-11-10 14:58:00,Jaipur,Platinum,Active
CUST00253,Diya Mehta,diya.mehta252@example.com,2025-10-25 00:26:00,Nagpur,Gold,Active
CUST00254,Vikram Nair,vikram.nair253@example.com,2026-04-30 14:55:00,Coimbatore,Platinum,Suspended
CUST00255,Krishna Sharma,krishna.sharma254@example.com,2024-07-03 01:53:00,Kolkata,Bronze,Active
CUST00256,Priya Reddy,priya.reddy255@example.com,2025-12-08 00:25:00,Chandigarh,Platinum,Active
CUST00257,Saanvi Agarwal,saanvi.agarwal256@example.com,2025-02-25 10:47:00,Kochi,Platinum,Suspended
CUST00258,Ishaan Gupta,ishaan.gupta257@example.com,2023-11-22 13:04:00,Jaipur,Bronze,Active
CUST00259,Karan Iyer,karan.iyer258@example.com,2024-10-19 03:44:00,Chennai,Platinum,Active
CUST00260,Diya Kapoor,diya.kapoor259@example.com,2024-03-07 15:45:00,Chennai,Silver,Suspended
CUST00261,Saanvi Desai,saanvi.desai260@example.com,2024-12-01 13:47:00,Kolkata,Silver,Suspended
CUST00262,Ananya Sharma,ananya.sharma261@example.com,2024-02-22 04:39:00,Kolkata,Gold,Suspended
CUST00263,Vihaan Iyer,vihaan.iyer262@example.com,2026-08-19 01:52:00,Chennai,Silver,Inactive
CUST00264,Sai Pillai,sai.pillai263@example.com,2026-09-16 04:30:00,Chennai,Bronze,Inactive
CUST00265,Ishaan Verma,ishaan.verma264@example.com,2026-09-12 23:17:00,Pune,Bronze,Active
CUST00266,Vihaan Shetty,vihaan.shetty265@example.com,2025-09-30 10:25:00,Bengaluru,Bronze,Inactive
CUST00267,Aadhya Joshi,aadhya.joshi266@example.com,2023-12-24 11:26:00,Hyderabad,Platinum,Suspended
CUST00268,Neha Agarwal,neha.agarwal267@example.com,2026-04-07 03:19:00,Lucknow,Bronze,Active
CUST00269,Aadhya Shetty,aadhya.shetty268@example.com,2026-04-15 06:59:00,Jaipur,Silver,Suspended
CUST00270,Kavya Patel,kavya.patel269@example.com,2024-03-23 02:53:00,Chennai,Gold,Active
CUST00271,Saanvi Pillai,saanvi.pillai270@example.com,2024-09-28 11:08:00,Indore,Bronze,Inactive
CUST00272,Reyansh Iyer,reyansh.iyer271@example.com,2024-09-17 11:49:00,Chennai,Bronze,Suspended
CUST00273,Vivaan Malhotra,vivaan.malhotra272@example.com,2026-09-03 20:31:00,Pune,Platinum,Active
CUST00274,Aarav Kapoor,aarav.kapoor273@example.com,2024-08-23 17:32:00,Pune,Silver,Active
CUST00275,Divya Desai,divya.desai274@example.com,2026-09-01 16:13:00,Indore,Gold,Active
CUST00276,Priya Reddy,priya.reddy275@example.com,2026-08-11 15:17:00,Nagpur,Bronze,Suspended
CUST00277,Diya Malhotra,diya.malhotra276@example.com,2024-09-18 17:55:00,Mumbai,Bronze,Active
CUST00278,Aditya Agarwal,aditya.agarwal277@example.com,2025-01-08 01:46:00,Nagpur,Silver,Active
CUST00279,Meera Agarwal,meera.agarwal278@example.com,2025-05-29 08:37:00,Pune,Silver,Inactive
CUST00280,Priya Patel,priya.patel279@example.com,2026-07-07 15:29:00,Chandigarh,Silver,Active
CUST00281,Neha Mehta,neha.mehta280@example.com,2025-07-19 23:48:00,Kolkata,Gold,Active
CUST00282,Kavya Mehta,kavya.mehta281@example.com,2024-07-01 20:05:00,Indore,Gold,Active
CUST00283,Priya Malhotra,priya.malhotra282@example.com,2025-03-01 05:28:00,Mumbai,Silver,Active
CUST00284,Ananya Rao,ananya.rao283@example.com,2023-12-14 18:25:00,Nagpur,Platinum,Inactive
CUST00285,Amit Mehta,amit.mehta284@example.com,2025-08-20 02:13:00,Ahmedabad,Platinum,Active
CUST00286,Ira Kumar,ira.kumar285@example.com,2025-09-26 21:23:00,Coimbatore,Platinum,Inactive
CUST00287,Reyansh Malhotra,reyansh.malhotra286@example.com,2026-01-01 00:56:00,Ahmedabad,Silver,Inactive
CUST00288,Priya Rao,priya.rao287@example.com,2026-01-03 15:01:00,Delhi,Gold,Active
CUST00289,Priya Singh,priya.singh288@example.com,2025-06-11 07:14:00,Hyderabad,Bronze,Active
CUST00290,Meera Pillai,meera.pillai289@example.com,2025-03-08 17:06:00,Mumbai,Gold,Suspended
CUST00291,Rohan Rao,rohan.rao290@example.com,2026-08-04 01:17:00,Jaipur,Bronze,Inactive
CUST00292,Ira Sharma,ira.sharma291@example.com,2023-09-25 04:44:00,Nagpur,Gold,Active
CUST00293,Rohan Mehta,rohan.mehta292@example.com,2024-03-05 23:33:00,Coimbatore,Bronze,Active
CUST00294,Reyansh Malhotra,reyansh.malhotra293@example.com,2026-06-06 13:33:00,Jaipur,Bronze,Inactive
CUST00295,Pooja Pillai,pooja.pillai294@example.com,2024-06-09 15:53:00,Hyderabad,Bronze,Inactive
CUST00296,Meera Agarwal,meera.agarwal295@example.com,2023-10-25 09:29:00,Ahmedabad,Platinum,Inactive
CUST00297,Myra Chatterjee,myra.chatterjee296@example.com,2024-09-10 07:12:00,Bengaluru,Platinum,Active
CUST00298,Myra Reddy,myra.reddy297@example.com,2026-06-23 00:46:00,Coimbatore,Silver,Active
CUST00299,Kavya Bose,kavya.bose298@example.com,2026-06-16 15:02:00,Chandigarh,Bronze,Active
CUST00300,Pooja Singh,pooja.singh299@example.com,2024-05-13 06:32:00,Ahmedabad,Bronze,Active
CUST00301,Priya Gupta,priya.gupta300@example.com,2024-12-12 23:35:00,Lucknow,Gold,Suspended
CUST00302,Rohan Kapoor,rohan.kapoor301@example.com,2025-08-18 13:55:00,Hyderabad,Bronze,Active
CUST00303,Priya Shetty,priya.shetty302@example.com,2026-07-31 00:46:00,Chandigarh,Bronze,Active
CUST00304,Ananya Gupta,ananya.gupta303@example.com,2024-05-06 21:02:00,Chennai,Platinum,Active
CUST00305,Vikram Nair,vikram.nair304@example.com,2025-04-27 17:50:00,Bengaluru,Bronze,Active
CUST00306,Priya Mehta,priya.mehta305@example.com,2024-11-15 14:56:00,Delhi,Gold,Active
CUST00307,Krishna Reddy,krishna.reddy306@example.com,2026-03-06 23:30:00,Ahmedabad,Bronze,Active
CUST00308,Arjun Sharma,arjun.sharma307@example.com,2024-04-19 23:23:00,Nagpur,Bronze,Suspended
CUST00309,Vivaan Nair,vivaan.nair308@example.com,2024-11-05 15:45:00,Pune,Bronze,Active
CUST00310,Anika Shetty,anika.shetty309@example.com,2026-02-12 08:45:00,Nagpur,Gold,Active
CUST00311,Sneha Gupta,sneha.gupta310@example.com,2024-10-23 22:08:00,Mumbai,Silver,Inactive
CUST00312,Myra Malhotra,myra.malhotra311@example.com,2024-11-06 07:10:00,Lucknow,Bronze,Active
CUST00313,Rajesh Pillai,rajesh.pillai312@example.com,2025-05-24 21:11:00,Nagpur,Silver,Active
CUST00314,Reyansh Rao,reyansh.rao313@example.com,2024-04-05 20:20:00,Ahmedabad,Platinum,Suspended
CUST00315,Anika Rao,anika.rao314@example.com,2024-03-20 05:53:00,Coimbatore,Platinum,Active
CUST00316,Krishna Kumar,krishna.kumar315@example.com,2026-03-29 22:02:00,Indore,Bronze,Suspended
CUST00317,Rahul Sharma,rahul.sharma316@example.com,2026-07-14 11:40:00,Nagpur,Platinum,Active
CUST00318,Rajesh Patel,rajesh.patel317@example.com,2026-05-10 19:57:00,Delhi,Bronze,Active
CUST00319,Karan Malhotra,karan.malhotra318@example.com,2024-03-29 22:41:00,Chandigarh,Bronze,Suspended
CUST00320,Krishna Singh,krishna.singh319@example.com,2024-04-19 21:54:00,Jaipur,Bronze,Active
CUST00321,Pooja Kapoor,pooja.kapoor320@example.com,2026-05-29 06:57:00,Coimbatore,Silver,Suspended
CUST00322,Myra Verma,myra.verma321@example.com,2025-01-25 11:35:00,Mumbai,Gold,Inactive
CUST00323,Ira Nair,ira.nair322@example.com,2026-03-08 04:12:00,Indore,Silver,Active
CUST00324,Divya Patel,divya.patel323@example.com,2024-06-01 16:05:00,Chandigarh,Bronze,Active
CUST00325,Myra Kumar,myra.kumar324@example.com,2026-08-30 09:36:00,Jaipur,Silver,Active
CUST00326,Pooja Chatterjee,pooja.chatterjee325@example.com,2024-02-13 10:04:00,Delhi,Gold,Active
CUST00327,Priya Kapoor,priya.kapoor326@example.com,2026-02-25 13:19:00,Pune,Gold,Inactive
CUST00328,Ira Shetty,ira.shetty327@example.com,2026-07-29 09:27:00,Delhi,Gold,Suspended
CUST00329,Ananya Chatterjee,ananya.chatterjee328@example.com,2024-11-17 05:48:00,Indore,Gold,Suspended
CUST00330,Meera Kapoor,meera.kapoor329@example.com,2026-02-11 21:00:00,Delhi,Silver,Active
CUST00331,Aadhya Desai,aadhya.desai330@example.com,2026-05-05 05:10:00,Surat,Bronze,Active
CUST00332,Myra Singh,myra.singh331@example.com,2025-08-20 05:52:00,Jaipur,Silver,Active
CUST00333,Neha Bose,neha.bose332@example.com,2023-11-13 15:38:00,Delhi,Gold,Inactive
CUST00334,Myra Iyer,myra.iyer333@example.com,2024-05-11 08:14:00,Delhi,Silver,Active
CUST00335,Karan Nair,karan.nair334@example.com,2024-03-24 18:45:00,Chandigarh,Bronze,Inactive
CUST00336,Vikram Iyer,vikram.iyer335@example.com,2025-12-13 22:57:00,Chandigarh,Platinum,Active
CUST00337,Karan Kapoor,karan.kapoor336@example.com,2026-01-02 14:23:00,Surat,Bronze,Active
CUST00338,Anika Nair,anika.nair337@example.com,2024-04-11 07:19:00,Jaipur,Platinum,Suspended
CUST00339,Ishaan Chatterjee,ishaan.chatterjee338@example.com,2024-09-18 14:23:00,Bengaluru,Bronze,Active
CUST00340,Aditya Mehta,aditya.mehta339@example.com,2025-11-26 19:30:00,Delhi,Platinum,Active
CUST00341,Krishna Iyer,krishna.iyer340@example.com,2024-12-27 04:39:00,Nagpur,Bronze,Active
CUST00342,Ananya Agarwal,ananya.agarwal341@example.com,2025-02-01 13:00:00,Kolkata,Silver,Active
CUST00343,Rajesh Desai,rajesh.desai342@example.com,2023-10-26 05:18:00,Chandigarh,Platinum,Inactive
CUST00344,Aditya Kumar,aditya.kumar343@example.com,2025-11-28 22:45:00,Kochi,Bronze,Active
CUST00345,Arjun Nair,arjun.nair344@example.com,2023-11-17 06:06:00,Coimbatore,Bronze,Active
CUST00346,Saanvi Kumar,saanvi.kumar345@example.com,2026-06-01 10:38:00,Indore,Gold,Active
CUST00347,Amit Reddy,amit.reddy346@example.com,2025-08-16 17:20:00,Pune,Platinum,Suspended
CUST00348,Aditya Malhotra,aditya.malhotra347@example.com,2025-08-04 21:39:00,Mumbai,Bronze,Inactive
CUST00349,Aadhya Agarwal,aadhya.agarwal348@example.com,2025-08-29 02:30:00,Coimbatore,Bronze,Active
CUST00350,Ira Chatterjee,ira.chatterjee349@example.com,2024-02-06 04:16:00,Bengaluru,Platinum,Suspended
CUST00351,Aadhya Verma,aadhya.verma350@example.com,2024-11-11 05:24:00,Chennai,Bronze,Active
CUST00352,Reyansh Malhotra,reyansh.malhotra351@example.com,2024-11-02 04:41:00,Bengaluru,Silver,Active
CUST00353,Saanvi Pillai,saanvi.pillai352@example.com,2024-05-16 13:50:00,Jaipur,Silver,Suspended
CUST00354,Amit Sharma,amit.sharma353@example.com,2026-02-18 09:04:00,Pune,Bronze,Inactive
CUST00355,Sneha Pillai,sneha.pillai354@example.com,2026-06-26 08:46:00,Surat,Gold,Active
CUST00356,Saanvi Bose,saanvi.bose355@example.com,2026-09-13 03:46:00,Pune,Bronze,Active
CUST00357,Aarav Joshi,aarav.joshi356@example.com,2025-06-06 09:21:00,Bengaluru,Silver,Inactive
CUST00358,Rohan Rao,rohan.rao357@example.com,2025-07-11 16:30:00,Delhi,Gold,Active
CUST00359,Sneha Malhotra,sneha.malhotra358@example.com,2024-11-11 00:36:00,Coimbatore,Platinum,Inactive
CUST00360,Ira Desai,ira.desai359@example.com,2025-07-27 11:49:00,Hyderabad,Bronze,Suspended
CUST00361,Pooja Shetty,pooja.shetty360@example.com,2026-09-07 13:00:00,Chennai,Silver,Inactive
CUST00362,Rajesh Nair,rajesh.nair361@example.com,2026-04-22 12:59:00,Delhi,Bronze,Active
CUST00363,Anika Nair,anika.nair362@example.com,2026-01-28 19:42:00,Chennai,Gold,Inactive
CUST00364,Ishaan Malhotra,ishaan.malhotra363@example.com,2024-04-02 17:20:00,Lucknow,Bronze,Active
CUST00365,Anika Sharma,anika.sharma364@example.com,2024-09-13 22:59:00,Delhi,Bronze,Active
CUST00366,Saanvi Agarwal,saanvi.agarwal365@example.com,2025-08-09 17:42:00,Kolkata,Silver,Active
CUST00367,Priya Rao,priya.rao366@example.com,2025-09-29 16:04:00,Ahmedabad,Platinum,Suspended
CUST00368,Neha Singh,neha.singh367@example.com,2025-04-02 00:49:00,Surat,Gold,Active
CUST00369,Vikram Chatterjee,vikram.chatterjee368@example.com,2024-10-25 06:45:00,Nagpur,Gold,Active
CUST00370,Divya Kumar,divya.kumar369@example.com,2025-09-20 17:59:00,Kochi,Silver,Active
CUST00371,Meera Desai,meera.desai370@example.com,2025-09-25 15:02:00,Kochi,Platinum,Active
CUST00372,Aarav Rao,aarav.rao371@example.com,2026-02-25 23:07:00,Nagpur,Bronze,Active
CUST00373,Riya Pillai,riya.pillai372@example.com,2025-12-13 11:19:00,Mumbai,Silver,Active
CUST00374,Priya Sharma,priya.sharma373@example.com,2026-02-05 13:01:00,Coimbatore,Platinum,Active
CUST00375,Aditya Malhotra,aditya.malhotra374@example.com,2025-07-17 14:31:00,Kolkata,Platinum,Active
CUST00376,Arjun Chatterjee,arjun.chatterjee375@example.com,2025-05-17 12:09:00,Delhi,Gold,Active
CUST00377,Sai Verma,sai.verma376@example.com,2024-08-19 02:50:00,Pune,Platinum,Suspended
CUST00378,Ishaan Rao,ishaan.rao377@example.com,2023-10-07 04:04:00,Surat,Platinum,Active
CUST00379,Ananya Reddy,ananya.reddy378@example.com,2024-04-15 01:56:00,Coimbatore,Gold,Suspended
CUST00380,Myra Agarwal,myra.agarwal379@example.com,2026-01-21 19:04:00,Coimbatore,Platinum,Active
CUST00381,Ananya Rao,ananya.rao380@example.com,2025-12-27 17:48:00,Ahmedabad,Silver,Suspended
CUST00382,Ishaan Malhotra,ishaan.malhotra381@example.com,2023-09-26 11:16:00,Delhi,Bronze,Active
CUST00383,Ishaan Gupta,ishaan.gupta382@example.com,2024-08-15 13:22:00,Pune,Silver,Active
CUST00384,Anika Sharma,anika.sharma383@example.com,2024-04-24 03:45:00,Chennai,Bronze,Active
CUST00385,Neha Desai,neha.desai384@example.com,2026-06-18 04:23:00,Kochi,Bronze,Inactive
CUST00386,Vivaan Joshi,vivaan.joshi385@example.com,2025-08-29 06:42:00,Nagpur,Platinum,Active
CUST00387,Krishna Gupta,krishna.gupta386@example.com,2025-11-20 13:45:00,Bengaluru,Gold,Active
CUST00388,Karan Verma,karan.verma387@example.com,2026-06-03 03:10:00,Kochi,Bronze,Active
CUST00389,Karan Sharma,karan.sharma388@example.com,2025-02-24 19:06:00,Chandigarh,Platinum,Active
CUST00390,Krishna Reddy,krishna.reddy389@example.com,2023-11-15 05:04:00,Coimbatore,Bronze,Active
CUST00391,Vikram Sharma,vikram.sharma390@example.com,2023-12-24 17:14:00,Surat,Gold,Inactive
CUST00392,Meera Kumar,meera.kumar391@example.com,2026-04-07 08:10:00,Indore,Silver,Active
CUST00393,Krishna Kumar,krishna.kumar392@example.com,2026-05-11 18:28:00,Ahmedabad,Silver,Inactive
CUST00394,Anika Patel,anika.patel393@example.com,2024-07-18 03:12:00,Kolkata,Silver,Active
CUST00395,Riya Reddy,riya.reddy394@example.com,2023-11-13 12:29:00,Lucknow,Bronze,Active
CUST00396,Myra Iyer,myra.iyer395@example.com,2023-10-24 09:49:00,Kolkata,Gold,Active
CUST00397,Karan Joshi,karan.joshi396@example.com,2024-11-30 01:37:00,Hyderabad,Gold,Active
CUST00398,Sai Shetty,sai.shetty397@example.com,2023-10-10 01:30:00,Delhi,Bronze,Active
CUST00399,Meera Patel,meera.patel398@example.com,2023-12-12 08:43:00,Nagpur,Bronze,Active
CUST00400,Karan Singh,karan.singh399@example.com,2024-06-21 03:02:00,Chandigarh,Silver,Suspended
CUST00401,Rohan Patel,rohan.patel400@example.com,2026-07-08 17:46:00,Lucknow,Bronze,Active
CUST00402,Riya Sharma,riya.sharma401@example.com,2025-08-01 09:05:00,Kolkata,Gold,Active
CUST00403,Divya Mehta,divya.mehta402@example.com,2025-05-28 11:47:00,Bengaluru,Silver,Active
CUST00404,Riya Rao,riya.rao403@example.com,2025-01-02 10:04:00,Chandigarh,Gold,Active
CUST00405,Saanvi Reddy,saanvi.reddy404@example.com,2024-08-09 05:50:00,Pune,Bronze,Active
CUST00406,Aditya Pillai,aditya.pillai405@example.com,2024-08-15 15:25:00,Ahmedabad,Platinum,Active
CUST00407,Amit Nair,amit.nair406@example.com,2026-03-31 19:12:00,Hyderabad,Platinum,Active
CUST00408,Vihaan Mehta,vihaan.mehta407@example.com,2026-04-01 14:32:00,Chennai,Silver,Inactive
CUST00409,Sneha Shetty,sneha.shetty408@example.com,2023-10-24 12:46:00,Mumbai,Platinum,Active
CUST00410,Pooja Patel,pooja.patel409@example.com,2026-06-28 09:28:00,Pune,Bronze,Active
CUST00411,Pooja Pillai,pooja.pillai410@example.com,2024-11-01 10:32:00,Hyderabad,Platinum,Suspended
CUST00412,Pooja Verma,pooja.verma411@example.com,2024-02-06 10:34:00,Delhi,Gold,Active
CUST00413,Diya Desai,diya.desai412@example.com,2024-08-29 08:40:00,Indore,Gold,Inactive
CUST00414,Aadhya Joshi,aadhya.joshi413@example.com,2025-03-10 11:59:00,Bengaluru,Gold,Suspended
CUST00415,Aditya Kapoor,aditya.kapoor414@example.com,2025-09-18 09:46:00,Indore,Silver,Active
CUST00416,Rahul Agarwal,rahul.agarwal415@example.com,2025-03-26 03:56:00,Coimbatore,Gold,Suspended
CUST00417,Aarav Malhotra,aarav.malhotra416@example.com,2024-09-15 21:42:00,Nagpur,Silver,Active
CUST00418,Vikram Bose,vikram.bose417@example.com,2023-11-28 07:26:00,Jaipur,Platinum,Suspended
CUST00419,Vihaan Malhotra,vihaan.malhotra418@example.com,2026-04-13 15:01:00,Lucknow,Gold,Active
CUST00420,Diya Chatterjee,diya.chatterjee419@example.com,2025-06-11 20:53:00,Kochi,Bronze,Inactive
CUST00421,Amit Kumar,amit.kumar420@example.com,2026-04-27 12:58:00,Lucknow,Bronze,Inactive
CUST00422,Aadhya Singh,aadhya.singh421@example.com,2025-08-06 13:48:00,Coimbatore,Silver,Active
CUST00423,Neha Kapoor,neha.kapoor422@example.com,2024-11-15 15:41:00,Bengaluru,Gold,Active
CUST00424,Rahul Iyer,rahul.iyer423@example.com,2025-03-07 17:15:00,Mumbai,Gold,Inactive
CUST00425,Meera Desai,meera.desai424@example.com,2025-12-12 01:13:00,Bengaluru,Platinum,Inactive
CUST00426,Karan Bose,karan.bose425@example.com,2025-04-04 23:11:00,Chennai,Bronze,Suspended
CUST00427,Myra Malhotra,myra.malhotra426@example.com,2025-01-15 14:08:00,Surat,Platinum,Inactive
CUST00428,Vikram Pillai,vikram.pillai427@example.com,2024-10-11 11:35:00,Kochi,Gold,Suspended
CUST00429,Ishaan Agarwal,ishaan.agarwal428@example.com,2026-08-27 08:19:00,Nagpur,Gold,Inactive
CUST00430,Sneha Nair,sneha.nair429@example.com,2023-11-06 19:05:00,Lucknow,Platinum,Active
CUST00431,Vikram Gupta,vikram.gupta430@example.com,2024-06-28 16:46:00,Lucknow,Platinum,Active
CUST00432,Ishaan Chatterjee,ishaan.chatterjee431@example.com,2025-07-18 08:46:00,Surat,Gold,Active
CUST00433,Krishna Chatterjee,krishna.chatterjee432@example.com,2023-10-30 05:10:00,Coimbatore,Silver,Active
CUST00434,Riya Shetty,riya.shetty433@example.com,2024-02-04 00:08:00,Nagpur,Bronze,Active
CUST00435,Priya Rao,priya.rao434@example.com,2024-02-19 13:10:00,Lucknow,Bronze,Active
CUST00436,Ananya Sharma,ananya.sharma435@example.com,2026-03-29 13:06:00,Kochi,Gold,Active
CUST00437,Anika Agarwal,anika.agarwal436@example.com,2025-09-01 10:11:00,Kochi,Bronze,Active
CUST00438,Sai Bose,sai.bose437@example.com,2024-05-18 17:32:00,Lucknow,Gold,Active
CUST00439,Reyansh Joshi,reyansh.joshi438@example.com,2024-03-13 06:59:00,Delhi,Platinum,Active
CUST00440,Pooja Iyer,pooja.iyer439@example.com,2024-08-14 19:24:00,Surat,Platinum,Active
CUST00441,Ananya Iyer,ananya.iyer440@example.com,2026-01-01 14:13:00,Kolkata,Gold,Inactive
CUST00442,Rajesh Shetty,rajesh.shetty441@example.com,2026-09-01 08:09:00,Nagpur,Platinum,Active
CUST00443,Amit Iyer,amit.iyer442@example.com,2024-09-24 13:46:00,Indore,Silver,Inactive
CUST00444,Ira Sharma,ira.sharma443@example.com,2024-05-15 10:17:00,Surat,Gold,Inactive
CUST00445,Kavya Reddy,kavya.reddy444@example.com,2024-06-16 01:26:00,Mumbai,Gold,Active
CUST00446,Aditya Nair,aditya.nair445@example.com,2025-01-15 13:23:00,Jaipur,Gold,Suspended
CUST00447,Neha Malhotra,neha.malhotra446@example.com,2026-08-04 05:10:00,Chandigarh,Silver,Inactive
CUST00448,Anika Desai,anika.desai447@example.com,2026-07-17 19:51:00,Mumbai,Silver,Active
CUST00449,Karan Nair,karan.nair448@example.com,2024-11-13 05:20:00,Bengaluru,Platinum,Active
CUST00450,Amit Bose,amit.bose449@example.com,2024-07-12 11:47:00,Surat,Bronze,Suspended
CUST00451,Rahul Bose,rahul.bose450@example.com,2024-07-12 21:26:00,Ahmedabad,Platinum,Active
CUST00452,Myra Sharma,myra.sharma451@example.com,2024-07-21 17:30:00,Indore,Silver,Active
CUST00453,Aditya Mehta,aditya.mehta452@example.com,2026-02-10 13:24:00,Chandigarh,Platinum,Active
CUST00454,Krishna Rao,krishna.rao453@example.com,2024-03-10 03:03:00,Ahmedabad,Platinum,Suspended
CUST00455,Amit Nair,amit.nair454@example.com,2025-01-05 21:50:00,Coimbatore,Silver,Active
CUST00456,Rohan Pillai,rohan.pillai455@example.com,2026-02-19 02:25:00,Kolkata,Gold,Active
CUST00457,Diya Bose,diya.bose456@example.com,2025-09-22 22:08:00,Mumbai,Platinum,Active
CUST00458,Ira Kapoor,ira.kapoor457@example.com,2023-12-25 23:49:00,Nagpur,Gold,Active
CUST00459,Diya Malhotra,diya.malhotra458@example.com,2025-08-09 21:02:00,Jaipur,Bronze,Inactive
CUST00460,Neha Desai,neha.desai459@example.com,2024-07-22 14:47:00,Surat,Gold,Inactive
CUST00461,Ananya Joshi,ananya.joshi460@example.com,2025-05-31 14:18:00,Pune,Platinum,Active
CUST00462,Amit Chatterjee,amit.chatterjee461@example.com,2023-10-13 21:31:00,Kochi,Bronze,Active
CUST00463,Ishaan Mehta,ishaan.mehta462@example.com,2026-05-26 12:27:00,Kochi,Platinum,Suspended
CUST00464,Ishaan Nair,ishaan.nair463@example.com,2026-08-29 18:40:00,Delhi,Bronze,Inactive
CUST00465,Vihaan Reddy,vihaan.reddy464@example.com,2024-06-01 11:50:00,Hyderabad,Bronze,Active
CUST00466,Ananya Patel,ananya.patel465@example.com,2026-02-06 19:26:00,Indore,Bronze,Suspended
CUST00467,Neha Desai,neha.desai466@example.com,2024-05-17 08:13:00,Chennai,Gold,Active
CUST00468,Karan Singh,karan.singh467@example.com,2026-05-03 11:03:00,Nagpur,Gold,Suspended
CUST00469,Reyansh Reddy,reyansh.reddy468@example.com,2025-07-25 19:05:00,Ahmedabad,Bronze,Active
CUST00470,Neha Bose,neha.bose469@example.com,2025-07-26 14:33:00,Chandigarh,Silver,Active
CUST00471,Ishaan Pillai,ishaan.pillai470@example.com,2024-01-22 18:22:00,Kolkata,Bronze,Active
CUST00472,Karan Kapoor,karan.kapoor471@example.com,2024-12-24 05:48:00,Mumbai,Platinum,Active
CUST00473,Meera Mehta,meera.mehta472@example.com,2023-11-26 01:17:00,Indore,Platinum,Active
CUST00474,Vihaan Reddy,vihaan.reddy473@example.com,2024-02-24 15:48:00,Kochi,Silver,Active
CUST00475,Rohan Nair,rohan.nair474@example.com,2026-09-05 19:32:00,Bengaluru,Gold,Active
CUST00476,Diya Singh,diya.singh475@example.com,2026-05-12 11:22:00,Pune,Bronze,Active
CUST00477,Rohan Sharma,rohan.sharma476@example.com,2025-05-03 07:39:00,Indore,Platinum,Suspended
CUST00478,Amit Desai,amit.desai477@example.com,2023-12-20 09:31:00,Indore,Bronze,Inactive
CUST00479,Arjun Iyer,arjun.iyer478@example.com,2026-07-02 00:55:00,Hyderabad,Bronze,Suspended
CUST00480,Vivaan Verma,vivaan.verma479@example.com,2025-02-08 03:04:00,Pune,Bronze,Suspended
CUST00481,Ira Mehta,ira.mehta480@example.com,2024-02-29 12:16:00,Pune,Platinum,Inactive
CUST00482,Amit Kumar,amit.kumar481@example.com,2025-01-19 11:21:00,Kochi,Platinum,Active
CUST00483,Rahul Bose,rahul.bose482@example.com,2025-09-27 10:45:00,Surat,Bronze,Active
CUST00484,Vihaan Sharma,vihaan.sharma483@example.com,2025-09-18 04:14:00,Kolkata,Gold,Active
CUST00485,Riya Mehta,riya.mehta484@example.com,2024-04-19 09:36:00,Surat,Bronze,Active
CUST00486,Anika Bose,anika.bose485@example.com,2025-09-10 01:24:00,Lucknow,Platinum,Active
CUST00487,Myra Agarwal,myra.agarwal486@example.com,2026-03-09 11:16:00,Ahmedabad,Silver,Active
CUST00488,Sai Verma,sai.verma487@example.com,2026-06-23 16:04:00,Delhi,Silver,Active
CUST00489,Ishaan Bose,ishaan.bose488@example.com,2025-11-01 15:04:00,Chandigarh,Bronze,Active
CUST00490,Vihaan Gupta,vihaan.gupta489@example.com,2025-01-31 02:02:00,Lucknow,Platinum,Active
CUST00491,Saanvi Bose,saanvi.bose490@example.com,2026-05-07 01:14:00,Chandigarh,Platinum,Active
CUST00492,Aditya Pillai,aditya.pillai491@example.com,2025-07-03 08:34:00,Nagpur,Silver,Active
CUST00493,Rahul Verma,rahul.verma492@example.com,2026-01-15 12:56:00,Indore,Silver,Suspended
CUST00494,Arjun Kumar,arjun.kumar493@example.com,2026-02-17 07:11:00,Lucknow,Bronze,Active
CUST00495,Pooja Pillai,pooja.pillai494@example.com,2024-11-22 10:32:00,Surat,Bronze,Active
CUST00496,Rohan Gupta,rohan.gupta495@example.com,2025-10-18 15:47:00,Surat,Gold,Suspended
CUST00497,Krishna Patel,krishna.patel496@example.com,2023-11-19 22:31:00,Ahmedabad,Silver,Suspended
CUST00498,Ira Malhotra,ira.malhotra497@example.com,2026-07-28 21:20:00,Lucknow,Silver,Active
CUST00499,Meera Shetty,meera.shetty498@example.com,2024-02-18 11:39:00,Chandigarh,Silver,Inactive
CUST00500,Pooja Shetty,pooja.shetty499@example.com,2024-06-25 17:35:00,Jaipur,Silver,Inactive
CUST00501,Krishna Kapoor,krishna.kapoor500@example.com,2026-07-05 23:44:00,Lucknow,Silver,Active
CUST00502,Saanvi Chatterjee,saanvi.chatterjee501@example.com,2026-01-29 01:02:00,Ahmedabad,Silver,Active
CUST00503,Divya Chatterjee,divya.chatterjee502@example.com,2025-12-15 13:18:00,Lucknow,Silver,Active
CUST00504,Rohan Pillai,rohan.pillai503@example.com,2024-02-13 08:31:00,Jaipur,Silver,Active
CUST00505,Aadhya Mehta,aadhya.mehta504@example.com,2026-05-04 21:25:00,Delhi,Gold,Active
CUST00506,Riya Shetty,riya.shetty505@example.com,2025-05-12 01:32:00,Lucknow,Bronze,Active
CUST00507,Vivaan Shetty,vivaan.shetty506@example.com,2025-12-07 08:08:00,Hyderabad,Gold,Inactive
CUST00508,Neha Patel,neha.patel507@example.com,2025-02-26 18:50:00,Nagpur,Platinum,Inactive
CUST00509,Karan Reddy,karan.reddy508@example.com,2026-08-15 04:54:00,Ahmedabad,Gold,Active
CUST00510,Rahul Reddy,rahul.reddy509@example.com,2025-09-23 14:53:00,Ahmedabad,Silver,Active
CUST00511,Ishaan Gupta,ishaan.gupta510@example.com,2023-09-22 00:35:00,Jaipur,Silver,Active
CUST00512,Sai Nair,sai.nair511@example.com,2025-10-11 21:18:00,Jaipur,Gold,Suspended
CUST00513,Sai Desai,sai.desai512@example.com,2026-08-29 02:43:00,Kochi,Gold,Active
CUST00514,Aditya Singh,aditya.singh513@example.com,2025-11-10 09:38:00,Lucknow,Bronze,Active
CUST00515,Aarav Malhotra,aarav.malhotra514@example.com,2025-09-21 17:15:00,Ahmedabad,Bronze,Active
CUST00516,Myra Shetty,myra.shetty515@example.com,2026-07-12 02:26:00,Jaipur,Gold,Active
CUST00517,Anika Mehta,anika.mehta516@example.com,2025-07-05 09:16:00,Surat,Bronze,Active
CUST00518,Vivaan Nair,vivaan.nair517@example.com,2026-06-15 03:09:00,Jaipur,Bronze,Active
CUST00519,Rohan Mehta,rohan.mehta518@example.com,2023-10-16 03:18:00,Bengaluru,Gold,Active
CUST00520,Amit Chatterjee,amit.chatterjee519@example.com,2026-02-22 11:16:00,Pune,Platinum,Active
CUST00521,Aditya Nair,aditya.nair520@example.com,2024-12-28 09:57:00,Chennai,Bronze,Active
CUST00522,Divya Iyer,divya.iyer521@example.com,2026-09-11 22:11:00,Ahmedabad,Silver,Suspended
CUST00523,Pooja Pillai,pooja.pillai522@example.com,2024-08-09 17:01:00,Mumbai,Gold,Inactive
CUST00524,Priya Reddy,priya.reddy523@example.com,2025-04-27 12:02:00,Chandigarh,Bronze,Active
CUST00525,Aadhya Patel,aadhya.patel524@example.com,2025-05-20 17:55:00,Surat,Bronze,Inactive
CUST00526,Ira Nair,ira.nair525@example.com,2026-08-19 10:59:00,Chennai,Silver,Inactive
CUST00527,Rahul Kumar,rahul.kumar526@example.com,2026-08-22 13:08:00,Coimbatore,Gold,Suspended
CUST00528,Divya Iyer,divya.iyer527@example.com,2025-08-23 02:18:00,Kolkata,Bronze,Suspended
CUST00529,Vikram Kumar,vikram.kumar528@example.com,2026-05-14 16:04:00,Jaipur,Gold,Suspended
CUST00530,Aditya Verma,aditya.verma529@example.com,2026-03-07 02:50:00,Hyderabad,Silver,Active
CUST00531,Sai Mehta,sai.mehta530@example.com,2025-10-13 22:34:00,Ahmedabad,Gold,Inactive
CUST00532,Meera Pillai,meera.pillai531@example.com,2023-11-06 20:08:00,Pune,Platinum,Active
CUST00533,Divya Mehta,divya.mehta532@example.com,2024-11-20 13:25:00,Hyderabad,Silver,Active
CUST00534,Myra Patel,myra.patel533@example.com,2025-08-28 04:47:00,Bengaluru,Silver,Active
CUST00535,Myra Mehta,myra.mehta534@example.com,2024-07-03 10:53:00,Kochi,Silver,Inactive
CUST00536,Amit Rao,amit.rao535@example.com,2025-06-02 17:54:00,Chennai,Bronze,Active
CUST00537,Ishaan Kapoor,ishaan.kapoor536@example.com,2024-09-20 13:49:00,Mumbai,Platinum,Suspended
CUST00538,Ira Bose,ira.bose537@example.com,2026-08-21 11:19:00,Pune,Gold,Suspended
CUST00539,Myra Gupta,myra.gupta538@example.com,2024-12-12 23:36:00,Hyderabad,Bronze,Active
CUST00540,Meera Verma,meera.verma539@example.com,2025-07-12 09:46:00,Coimbatore,Gold,Active
CUST00541,Rajesh Malhotra,rajesh.malhotra540@example.com,2026-05-08 02:08:00,Mumbai,Platinum,Active
CUST00542,Neha Agarwal,neha.agarwal541@example.com,2025-02-27 03:21:00,Coimbatore,Bronze,Active
CUST00543,Meera Iyer,meera.iyer542@example.com,2024-08-26 22:56:00,Chandigarh,Platinum,Active
CUST00544,Aarav Gupta,aarav.gupta543@example.com,2025-06-30 10:41:00,Lucknow,Silver,Suspended
CUST00545,Krishna Pillai,krishna.pillai544@example.com,2023-12-02 20:15:00,Indore,Bronze,Suspended
CUST00546,Riya Sharma,riya.sharma545@example.com,2025-10-04 15:54:00,Kolkata,Silver,Active
CUST00547,Karan Iyer,karan.iyer546@example.com,2024-11-25 03:16:00,Lucknow,Bronze,Suspended
CUST00548,Riya Verma,riya.verma547@example.com,2024-07-17 02:01:00,Surat,Bronze,Inactive
CUST00549,Karan Singh,karan.singh548@example.com,2025-12-22 13:49:00,Indore,Bronze,Active
CUST00550,Anika Kapoor,anika.kapoor549@example.com,2024-12-08 02:30:00,Chandigarh,Gold,Suspended
CUST00551,Rahul Chatterjee,rahul.chatterjee550@example.com,2026-05-05 13:59:00,Coimbatore,Bronze,Inactive
CUST00552,Divya Iyer,divya.iyer551@example.com,2024-03-15 11:28:00,Chennai,Gold,Active
CUST00553,Sai Pillai,sai.pillai552@example.com,2025-06-01 07:23:00,Chennai,Gold,Active
CUST00554,Aadhya Bose,aadhya.bose553@example.com,2026-08-24 16:59:00,Mumbai,Silver,Active
CUST00555,Aditya Bose,aditya.bose554@example.com,2026-01-09 14:45:00,Ahmedabad,Gold,Active
CUST00556,Diya Malhotra,diya.malhotra555@example.com,2024-04-26 16:21:00,Bengaluru,Bronze,Suspended
CUST00557,Ananya Agarwal,ananya.agarwal556@example.com,2026-04-11 22:52:00,Mumbai,Gold,Active
CUST00558,Priya Patel,priya.patel557@example.com,2024-08-14 08:42:00,Lucknow,Silver,Active
CUST00559,Sneha Singh,sneha.singh558@example.com,2025-08-03 19:36:00,Jaipur,Bronze,Active
CUST00560,Ananya Malhotra,ananya.malhotra559@example.com,2025-07-29 03:58:00,Surat,Gold,Active
CUST00561,Amit Bose,amit.bose560@example.com,2025-05-21 00:22:00,Lucknow,Gold,Active
CUST00562,Rohan Rao,rohan.rao561@example.com,2024-03-26 00:04:00,Nagpur,Platinum,Suspended
CUST00563,Vikram Desai,vikram.desai562@example.com,2024-11-16 19:43:00,Delhi,Platinum,Active
CUST00564,Vivaan Chatterjee,vivaan.chatterjee563@example.com,2024-12-09 03:10:00,Chennai,Platinum,Active
CUST00565,Aditya Agarwal,aditya.agarwal564@example.com,2026-07-01 07:10:00,Ahmedabad,Gold,Active
CUST00566,Ishaan Agarwal,ishaan.agarwal565@example.com,2024-05-24 03:08:00,Mumbai,Silver,Active
CUST00567,Vihaan Rao,vihaan.rao566@example.com,2025-02-07 23:46:00,Bengaluru,Bronze,Suspended
CUST00568,Sneha Kapoor,sneha.kapoor567@example.com,2024-11-11 13:45:00,Chennai,Silver,Inactive
CUST00569,Vikram Sharma,vikram.sharma568@example.com,2025-07-26 06:57:00,Indore,Bronze,Inactive
CUST00570,Priya Desai,priya.desai569@example.com,2025-04-30 02:16:00,Hyderabad,Silver,Active
CUST00571,Myra Malhotra,myra.malhotra570@example.com,2025-06-22 04:05:00,Chennai,Bronze,Inactive
CUST00572,Vivaan Reddy,vivaan.reddy571@example.com,2024-07-31 07:40:00,Hyderabad,Platinum,Inactive
CUST00573,Kavya Joshi,kavya.joshi572@example.com,2025-09-10 09:20:00,Kolkata,Silver,Suspended
CUST00574,Meera Bose,meera.bose573@example.com,2026-09-08 21:05:00,Kochi,Gold,Suspended
CUST00575,Rahul Chatterjee,rahul.chatterjee574@example.com,2023-12-19 21:48:00,Chandigarh,Platinum,Active
CUST00576,Karan Verma,karan.verma575@example.com,2026-06-06 03:51:00,Nagpur,Bronze,Active
CUST00577,Reyansh Iyer,reyansh.iyer576@example.com,2025-07-29 19:55:00,Indore,Silver,Active
CUST00578,Ira Kumar,ira.kumar577@example.com,2025-09-30 05:25:00,Nagpur,Platinum,Inactive
CUST00579,Divya Mehta,divya.mehta578@example.com,2025-07-29 16:28:00,Kolkata,Bronze,Suspended
CUST00580,Myra Bose,myra.bose579@example.com,2026-04-13 10:14:00,Chandigarh,Silver,Suspended
CUST00581,Vihaan Sharma,vihaan.sharma580@example.com,2024-02-07 14:50:00,Chandigarh,Bronze,Active
CUST00582,Rahul Shetty,rahul.shetty581@example.com,2025-08-12 16:33:00,Coimbatore,Silver,Active
CUST00583,Pooja Nair,pooja.nair582@example.com,2025-09-24 04:45:00,Bengaluru,Platinum,Active
CUST00584,Amit Singh,amit.singh583@example.com,2025-01-08 14:24:00,Surat,Gold,Active
CUST00585,Rohan Desai,rohan.desai584@example.com,2024-03-16 03:48:00,Delhi,Silver,Inactive
CUST00586,Aarav Desai,aarav.desai585@example.com,2025-03-13 08:55:00,Kolkata,Platinum,Inactive
CUST00587,Aadhya Gupta,aadhya.gupta586@example.com,2024-09-14 11:36:00,Delhi,Bronze,Active
CUST00588,Krishna Patel,krishna.patel587@example.com,2025-10-12 08:32:00,Jaipur,Gold,Inactive
CUST00589,Myra Patel,myra.patel588@example.com,2024-05-08 07:21:00,Indore,Gold,Active
CUST00590,Rahul Kumar,rahul.kumar589@example.com,2024-04-16 19:08:00,Lucknow,Gold,Active
CUST00591,Anika Mehta,anika.mehta590@example.com,2024-01-07 23:12:00,Kolkata,Gold,Active
CUST00592,Kavya Iyer,kavya.iyer591@example.com,2024-07-31 10:06:00,Jaipur,Platinum,Active
CUST00593,Aadhya Bose,aadhya.bose592@example.com,2026-04-03 14:22:00,Chandigarh,Gold,Inactive
CUST00594,Anika Nair,anika.nair593@example.com,2025-11-12 06:14:00,Nagpur,Gold,Active
CUST00595,Myra Desai,myra.desai594@example.com,2025-09-26 15:36:00,Nagpur,Bronze,Suspended
CUST00596,Arjun Rao,arjun.rao595@example.com,2024-02-14 14:31:00,Ahmedabad,Gold,Suspended
CUST00597,Reyansh Shetty,reyansh.shetty596@example.com,2025-02-17 11:25:00,Delhi,Silver,Active
CUST00598,Kavya Kumar,kavya.kumar597@example.com,2024-01-10 21:39:00,Delhi,Bronze,Suspended
CUST00599,Sneha Gupta,sneha.gupta598@example.com,2025-12-15 01:30:00,Ahmedabad,Platinum,Suspended
CUST00600,Ishaan Malhotra,ishaan.malhotra599@example.com,2025-08-16 19:02:00,Indore,Platinum,Inactive
CUST00601,Ananya Kapoor,ananya.kapoor600@example.com,2025-08-29 00:00:00,Mumbai,Bronze,Active
CUST00602,Ishaan Sharma,ishaan.sharma601@example.com,2023-11-30 00:14:00,Kolkata,Gold,Active
CUST00603,Rohan Mehta,rohan.mehta602@example.com,2024-08-15 08:35:00,Lucknow,Gold,Active
CUST00604,Vikram Pillai,vikram.pillai603@example.com,2024-05-22 11:13:00,Pune,Silver,Active
CUST00605,Riya Bose,riya.bose604@example.com,2024-08-17 11:29:00,Kolkata,Platinum,Active
CUST00606,Sneha Kumar,sneha.kumar605@example.com,2024-12-29 03:23:00,Surat,Bronze,Active
CUST00607,Myra Desai,myra.desai606@example.com,2026-04-28 10:04:00,Pune,Platinum,Active
CUST00608,Anika Joshi,anika.joshi607@example.com,2026-07-03 20:36:00,Chennai,Bronze,Active
CUST00609,Ananya Desai,ananya.desai608@example.com,2025-10-23 17:12:00,Mumbai,Bronze,Inactive
CUST00610,Karan Desai,karan.desai609@example.com,2024-04-10 15:11:00,Ahmedabad,Platinum,Suspended
CUST00611,Saanvi Chatterjee,saanvi.chatterjee610@example.com,2024-10-07 07:15:00,Kolkata,Gold,Suspended
CUST00612,Divya Agarwal,divya.agarwal611@example.com,2023-12-25 03:16:00,Lucknow,Platinum,Inactive
CUST00613,Sneha Reddy,sneha.reddy612@example.com,2024-08-27 01:57:00,Kochi,Platinum,Active
CUST00614,Amit Nair,amit.nair613@example.com,2024-07-23 10:13:00,Lucknow,Silver,Active
CUST00615,Riya Rao,riya.rao614@example.com,2025-05-03 16:30:00,Pune,Silver,Suspended
CUST00616,Krishna Malhotra,krishna.malhotra615@example.com,2026-07-12 12:20:00,Jaipur,Platinum,Active
CUST00617,Vivaan Agarwal,vivaan.agarwal616@example.com,2026-07-25 01:18:00,Surat,Gold,Active
CUST00618,Neha Bose,neha.bose617@example.com,2025-11-22 15:22:00,Kolkata,Gold,Inactive
CUST00619,Amit Rao,amit.rao618@example.com,2024-03-02 02:51:00,Hyderabad,Platinum,Inactive
CUST00620,Saanvi Kumar,saanvi.kumar619@example.com,2025-04-18 16:22:00,Bengaluru,Bronze,Active
CUST00621,Anika Verma,anika.verma620@example.com,2025-10-25 23:53:00,Lucknow,Bronze,Active
CUST00622,Arjun Kapoor,arjun.kapoor621@example.com,2026-03-15 03:15:00,Ahmedabad,Platinum,Suspended
CUST00623,Riya Agarwal,riya.agarwal622@example.com,2024-07-25 11:15:00,Kochi,Gold,Suspended
CUST00624,Sneha Patel,sneha.patel623@example.com,2026-04-09 07:02:00,Surat,Silver,Suspended
CUST00625,Sneha Chatterjee,sneha.chatterjee624@example.com,2025-08-30 10:50:00,Nagpur,Platinum,Suspended
CUST00626,Vihaan Kapoor,vihaan.kapoor625@example.com,2024-04-29 15:16:00,Bengaluru,Platinum,Suspended
CUST00627,Divya Chatterjee,divya.chatterjee626@example.com,2025-01-10 07:26:00,Mumbai,Bronze,Active
CUST00628,Aarav Kumar,aarav.kumar627@example.com,2024-07-29 05:41:00,Chandigarh,Silver,Active
CUST00629,Aadhya Kumar,aadhya.kumar628@example.com,2024-05-31 00:05:00,Chennai,Platinum,Inactive
CUST00630,Aditya Bose,aditya.bose629@example.com,2026-03-22 20:20:00,Jaipur,Bronze,Active
CUST00631,Pooja Iyer,pooja.iyer630@example.com,2024-10-15 19:43:00,Nagpur,Gold,Inactive
CUST00632,Ananya Shetty,ananya.shetty631@example.com,2025-07-18 00:35:00,Mumbai,Bronze,Active
CUST00633,Amit Rao,amit.rao632@example.com,2024-12-29 23:50:00,Chennai,Silver,Active
CUST00634,Rahul Gupta,rahul.gupta633@example.com,2023-12-18 23:54:00,Delhi,Gold,Active
CUST00635,Sneha Agarwal,sneha.agarwal634@example.com,2026-04-30 01:34:00,Coimbatore,Silver,Suspended
CUST00636,Sneha Desai,sneha.desai635@example.com,2023-10-11 10:19:00,Kochi,Bronze,Suspended
CUST00637,Saanvi Agarwal,saanvi.agarwal636@example.com,2025-02-07 00:33:00,Lucknow,Gold,Inactive
CUST00638,Rahul Bose,rahul.bose637@example.com,2025-10-06 18:37:00,Delhi,Silver,Suspended
CUST00639,Sneha Desai,sneha.desai638@example.com,2025-09-04 01:52:00,Kochi,Platinum,Suspended
CUST00640,Vivaan Shetty,vivaan.shetty639@example.com,2025-08-11 08:49:00,Jaipur,Platinum,Active
CUST00641,Aditya Nair,aditya.nair640@example.com,2023-11-26 20:32:00,Kolkata,Silver,Inactive
CUST00642,Rahul Mehta,rahul.mehta641@example.com,2025-07-12 18:48:00,Mumbai,Platinum,Active
CUST00643,Krishna Gupta,krishna.gupta642@example.com,2026-05-23 00:49:00,Lucknow,Gold,Active
CUST00644,Aadhya Patel,aadhya.patel643@example.com,2025-08-24 15:03:00,Kolkata,Gold,Inactive
CUST00645,Karan Patel,karan.patel644@example.com,2024-06-05 09:20:00,Chandigarh,Gold,Active
CUST00646,Myra Singh,myra.singh645@example.com,2026-02-09 03:50:00,Mumbai,Platinum,Active
CUST00647,Amit Mehta,amit.mehta646@example.com,2026-04-10 14:55:00,Chennai,Platinum,Active
CUST00648,Rajesh Sharma,rajesh.sharma647@example.com,2024-08-08 20:43:00,Ahmedabad,Silver,Suspended
CUST00649,Vivaan Agarwal,vivaan.agarwal648@example.com,2026-05-12 13:59:00,Indore,Gold,Inactive
CUST00650,Pooja Verma,pooja.verma649@example.com,2025-05-28 08:29:00,Mumbai,Bronze,Suspended
CUST00651,Rohan Joshi,rohan.joshi650@example.com,2026-02-26 23:57:00,Pune,Gold,Suspended
CUST00652,Diya Malhotra,diya.malhotra651@example.com,2025-03-25 23:18:00,Pune,Silver,Active
CUST00653,Arjun Nair,arjun.nair652@example.com,2026-06-27 20:47:00,Jaipur,Silver,Active
CUST00654,Kavya Malhotra,kavya.malhotra653@example.com,2023-10-17 23:36:00,Surat,Silver,Suspended
CUST00655,Riya Singh,riya.singh654@example.com,2023-10-21 15:01:00,Nagpur,Gold,Active
CUST00656,Sai Singh,sai.singh655@example.com,2023-12-30 08:12:00,Chandigarh,Silver,Suspended
CUST00657,Aditya Shetty,aditya.shetty656@example.com,2024-10-30 04:33:00,Pune,Silver,Suspended
CUST00658,Sneha Rao,sneha.rao657@example.com,2024-10-31 12:17:00,Kochi,Gold,Suspended
CUST00659,Meera Nair,meera.nair658@example.com,2024-10-18 13:08:00,Chandigarh,Bronze,Inactive
CUST00660,Anika Pillai,anika.pillai659@example.com,2025-05-18 12:18:00,Pune,Bronze,Suspended
CUST00661,Arjun Nair,arjun.nair660@example.com,2024-06-26 11:21:00,Kolkata,Gold,Active
CUST00662,Myra Iyer,myra.iyer661@example.com,2026-05-26 12:05:00,Kolkata,Bronze,Suspended
CUST00663,Myra Iyer,myra.iyer662@example.com,2024-11-13 21:00:00,Chennai,Platinum,Active
CUST00664,Priya Sharma,priya.sharma663@example.com,2024-02-28 01:35:00,Chennai,Silver,Active
CUST00665,Rajesh Chatterjee,rajesh.chatterjee664@example.com,2025-12-10 23:22:00,Ahmedabad,Gold,Suspended
CUST00666,Rajesh Mehta,rajesh.mehta665@example.com,2026-01-12 07:43:00,Bengaluru,Bronze,Inactive
CUST00667,Priya Desai,priya.desai666@example.com,2025-04-29 12:32:00,Chennai,Gold,Inactive
CUST00668,Sai Gupta,sai.gupta667@example.com,2024-01-21 07:34:00,Bengaluru,Gold,Active
CUST00669,Myra Joshi,myra.joshi668@example.com,2025-09-01 23:20:00,Chennai,Silver,Active
CUST00670,Riya Mehta,riya.mehta669@example.com,2024-11-30 23:20:00,Chandigarh,Platinum,Suspended
CUST00671,Rahul Malhotra,rahul.malhotra670@example.com,2024-09-13 22:09:00,Nagpur,Bronze,Active
CUST00672,Amit Iyer,amit.iyer671@example.com,2024-11-23 02:32:00,Hyderabad,Gold,Active
CUST00673,Myra Mehta,myra.mehta672@example.com,2025-05-30 04:29:00,Kolkata,Gold,Inactive
CUST00674,Reyansh Rao,reyansh.rao673@example.com,2024-06-23 00:21:00,Kolkata,Gold,Active
CUST00675,Sneha Bose,sneha.bose674@example.com,2026-04-07 12:33:00,Bengaluru,Platinum,Inactive
CUST00676,Vihaan Nair,vihaan.nair675@example.com,2024-01-19 02:06:00,Ahmedabad,Gold,Suspended
CUST00677,Saanvi Pillai,saanvi.pillai676@example.com,2026-02-27 00:36:00,Bengaluru,Bronze,Active
CUST00678,Diya Pillai,diya.pillai677@example.com,2025-01-27 04:48:00,Ahmedabad,Platinum,Suspended
CUST00679,Rohan Mehta,rohan.mehta678@example.com,2025-12-01 07:04:00,Kolkata,Silver,Suspended
CUST00680,Aarav Rao,aarav.rao679@example.com,2023-11-22 22:52:00,Jaipur,Platinum,Suspended
CUST00681,Ishaan Sharma,ishaan.sharma680@example.com,2023-12-06 21:41:00,Surat,Platinum,Active
CUST00682,Riya Verma,riya.verma681@example.com,2024-02-07 18:03:00,Kochi,Bronze,Active
CUST00683,Divya Shetty,divya.shetty682@example.com,2024-03-21 20:30:00,Kochi,Silver,Active
CUST00684,Neha Bose,neha.bose683@example.com,2025-05-15 16:47:00,Delhi,Gold,Inactive
CUST00685,Vikram Mehta,vikram.mehta684@example.com,2025-10-06 02:16:00,Hyderabad,Silver,Active
CUST00686,Karan Nair,karan.nair685@example.com,2026-03-21 20:33:00,Surat,Gold,Active
CUST00687,Meera Joshi,meera.joshi686@example.com,2026-07-23 18:01:00,Kochi,Platinum,Active
CUST00688,Krishna Reddy,krishna.reddy687@example.com,2024-11-21 11:11:00,Indore,Bronze,Active
CUST00689,Meera Iyer,meera.iyer688@example.com,2025-02-23 16:14:00,Bengaluru,Silver,Active
CUST00690,Priya Kumar,priya.kumar689@example.com,2025-04-11 02:30:00,Kochi,Silver,Inactive
CUST00691,Rahul Patel,rahul.patel690@example.com,2026-01-11 02:52:00,Surat,Silver,Inactive
CUST00692,Rajesh Verma,rajesh.verma691@example.com,2023-09-22 03:14:00,Chennai,Silver,Suspended
CUST00693,Rohan Chatterjee,rohan.chatterjee692@example.com,2023-12-18 21:10:00,Coimbatore,Gold,Active
CUST00694,Vivaan Pillai,vivaan.pillai693@example.com,2024-11-08 16:01:00,Indore,Gold,Inactive
CUST00695,Diya Kumar,diya.kumar694@example.com,2026-05-11 03:39:00,Chandigarh,Gold,Active
CUST00696,Aditya Mehta,aditya.mehta695@example.com,2024-08-09 01:13:00,Ahmedabad,Silver,Inactive
CUST00697,Ananya Malhotra,ananya.malhotra696@example.com,2024-07-31 03:19:00,Mumbai,Silver,Active
CUST00698,Sai Reddy,sai.reddy697@example.com,2024-04-09 16:46:00,Pune,Bronze,Active
CUST00699,Arjun Desai,arjun.desai698@example.com,2025-04-08 20:42:00,Jaipur,Gold,Active
CUST00700,Rajesh Joshi,rajesh.joshi699@example.com,2026-03-25 20:55:00,Indore,Silver,Active
CUST00701,Kavya Kapoor,kavya.kapoor700@example.com,2024-10-24 00:23:00,Kolkata,Platinum,Inactive
CUST00702,Divya Iyer,divya.iyer701@example.com,2025-08-31 00:53:00,Mumbai,Silver,Active
CUST00703,Vikram Singh,vikram.singh702@example.com,2024-08-28 19:06:00,Delhi,Bronze,Suspended
CUST00704,Ishaan Bose,ishaan.bose703@example.com,2024-12-18 11:24:00,Pune,Gold,Active
CUST00705,Pooja Mehta,pooja.mehta704@example.com,2026-09-17 14:57:00,Ahmedabad,Bronze,Inactive
CUST00706,Neha Agarwal,neha.agarwal705@example.com,2025-08-28 11:33:00,Jaipur,Silver,Active
CUST00707,Pooja Patel,pooja.patel706@example.com,2024-12-05 12:09:00,Coimbatore,Platinum,Active
CUST00708,Myra Gupta,myra.gupta707@example.com,2026-01-05 07:18:00,Pune,Platinum,Active
CUST00709,Arjun Nair,arjun.nair708@example.com,2025-06-23 20:35:00,Ahmedabad,Silver,Active
CUST00710,Sneha Rao,sneha.rao709@example.com,2026-09-02 06:06:00,Bengaluru,Bronze,Suspended
CUST00711,Sneha Desai,sneha.desai710@example.com,2024-02-20 13:51:00,Kolkata,Platinum,Suspended
CUST00712,Diya Gupta,diya.gupta711@example.com,2025-01-21 16:29:00,Jaipur,Silver,Active
CUST00713,Pooja Rao,pooja.rao712@example.com,2024-03-01 19:22:00,Chennai,Bronze,Suspended
CUST00714,Aarav Iyer,aarav.iyer713@example.com,2025-02-17 19:13:00,Mumbai,Platinum,Suspended
CUST00715,Ira Patel,ira.patel714@example.com,2026-07-12 04:40:00,Chennai,Gold,Active
CUST00716,Myra Joshi,myra.joshi715@example.com,2024-12-27 07:16:00,Lucknow,Silver,Suspended
CUST00717,Priya Iyer,priya.iyer716@example.com,2026-01-11 15:06:00,Kochi,Silver,Active
CUST00718,Riya Rao,riya.rao717@example.com,2024-01-15 03:07:00,Delhi,Silver,Inactive
CUST00719,Vikram Joshi,vikram.joshi718@example.com,2025-07-06 08:42:00,Bengaluru,Bronze,Suspended
CUST00720,Vihaan Nair,vihaan.nair719@example.com,2024-08-10 22:09:00,Delhi,Gold,Suspended
CUST00721,Anika Sharma,anika.sharma720@example.com,2024-11-07 19:08:00,Kochi,Bronze,Inactive
CUST00722,Meera Desai,meera.desai721@example.com,2025-07-16 00:01:00,Pune,Platinum,Active
CUST00723,Ananya Shetty,ananya.shetty722@example.com,2025-06-17 01:13:00,Pune,Platinum,Suspended
CUST00724,Krishna Gupta,krishna.gupta723@example.com,2026-06-05 18:06:00,Chennai,Silver,Active
CUST00725,Rahul Chatterjee,rahul.chatterjee724@example.com,2023-12-27 00:35:00,Lucknow,Bronze,Inactive
CUST00726,Divya Mehta,divya.mehta725@example.com,2025-01-16 02:02:00,Mumbai,Gold,Suspended
CUST00727,Rahul Malhotra,rahul.malhotra726@example.com,2025-10-29 23:25:00,Indore,Silver,Active
CUST00728,Vihaan Kumar,vihaan.kumar727@example.com,2024-07-09 13:33:00,Mumbai,Silver,Inactive
CUST00729,Vivaan Verma,vivaan.verma728@example.com,2024-01-25 12:12:00,Kochi,Platinum,Active
CUST00730,Rohan Bose,rohan.bose729@example.com,2024-07-11 11:56:00,Surat,Platinum,Inactive
CUST00731,Vihaan Patel,vihaan.patel730@example.com,2023-10-05 00:42:00,Jaipur,Silver,Suspended
CUST00732,Krishna Desai,krishna.desai731@example.com,2025-02-19 01:01:00,Kochi,Platinum,Active
CUST00733,Arjun Rao,arjun.rao732@example.com,2025-08-17 01:06:00,Hyderabad,Bronze,Inactive
CUST00734,Myra Joshi,myra.joshi733@example.com,2024-07-06 20:52:00,Coimbatore,Platinum,Inactive
CUST00735,Priya Desai,priya.desai734@example.com,2024-11-27 05:05:00,Coimbatore,Silver,Suspended
CUST00736,Aadhya Pillai,aadhya.pillai735@example.com,2026-06-02 01:41:00,Chandigarh,Silver,Active
CUST00737,Neha Kumar,neha.kumar736@example.com,2024-02-26 03:50:00,Jaipur,Gold,Active
CUST00738,Rajesh Malhotra,rajesh.malhotra737@example.com,2025-12-13 09:16:00,Surat,Bronze,Active
CUST00739,Rahul Patel,rahul.patel738@example.com,2024-01-06 14:03:00,Hyderabad,Silver,Active
CUST00740,Vikram Bose,vikram.bose739@example.com,2025-11-28 17:47:00,Pune,Bronze,Inactive
CUST00741,Meera Malhotra,meera.malhotra740@example.com,2025-08-16 00:19:00,Jaipur,Silver,Active
CUST00742,Ishaan Verma,ishaan.verma741@example.com,2026-09-02 12:14:00,Mumbai,Silver,Active
CUST00743,Amit Joshi,amit.joshi742@example.com,2026-02-24 02:10:00,Nagpur,Bronze,Inactive
CUST00744,Reyansh Chatterjee,reyansh.chatterjee743@example.com,2025-11-22 11:33:00,Indore,Gold,Active
CUST00745,Myra Nair,myra.nair744@example.com,2025-10-11 22:54:00,Ahmedabad,Gold,Inactive
CUST00746,Sneha Joshi,sneha.joshi745@example.com,2024-09-22 08:49:00,Kochi,Bronze,Inactive
CUST00747,Vihaan Joshi,vihaan.joshi746@example.com,2026-06-05 20:28:00,Chennai,Silver,Inactive
CUST00748,Ira Joshi,ira.joshi747@example.com,2024-10-27 05:33:00,Coimbatore,Silver,Active
CUST00749,Vivaan Rao,vivaan.rao748@example.com,2025-11-20 03:14:00,Chennai,Bronze,Active
CUST00750,Ishaan Reddy,ishaan.reddy749@example.com,2024-06-15 16:58:00,Chandigarh,Platinum,Active
CUST00751,Vihaan Chatterjee,vihaan.chatterjee750@example.com,2026-01-20 16:35:00,Delhi,Bronze,Active
CUST00752,Aditya Reddy,aditya.reddy751@example.com,2023-12-25 14:16:00,Pune,Bronze,Active
CUST00753,Rahul Shetty,rahul.shetty752@example.com,2025-10-02 03:13:00,Chennai,Bronze,Inactive
CUST00754,Aarav Verma,aarav.verma753@example.com,2024-08-13 01:10:00,Chandigarh,Silver,Suspended
CUST00755,Pooja Agarwal,pooja.agarwal754@example.com,2026-03-21 09:05:00,Mumbai,Silver,Suspended
CUST00756,Krishna Kumar,krishna.kumar755@example.com,2024-07-30 15:20:00,Chandigarh,Silver,Active
CUST00757,Pooja Pillai,pooja.pillai756@example.com,2024-03-23 13:00:00,Nagpur,Gold,Inactive
CUST00758,Reyansh Gupta,reyansh.gupta757@example.com,2026-01-18 20:55:00,Nagpur,Silver,Suspended
CUST00759,Vikram Desai,vikram.desai758@example.com,2026-01-14 08:19:00,Lucknow,Platinum,Active
CUST00760,Reyansh Pillai,reyansh.pillai759@example.com,2023-11-12 16:59:00,Jaipur,Platinum,Active
CUST00761,Reyansh Nair,reyansh.nair760@example.com,2024-01-12 15:16:00,Chennai,Bronze,Active
CUST00762,Ananya Kumar,ananya.kumar761@example.com,2026-03-11 05:49:00,Ahmedabad,Bronze,Active
CUST00763,Pooja Shetty,pooja.shetty762@example.com,2024-07-26 08:19:00,Coimbatore,Bronze,Suspended
CUST00764,Aarav Iyer,aarav.iyer763@example.com,2024-04-15 14:24:00,Ahmedabad,Bronze,Active
CUST00765,Sneha Kumar,sneha.kumar764@example.com,2026-01-07 20:40:00,Kolkata,Bronze,Active
CUST00766,Arjun Desai,arjun.desai765@example.com,2026-05-13 01:02:00,Kochi,Silver,Active
CUST00767,Ishaan Singh,ishaan.singh766@example.com,2025-09-07 11:08:00,Delhi,Gold,Active
CUST00768,Vihaan Sharma,vihaan.sharma767@example.com,2026-08-11 11:25:00,Pune,Platinum,Active
CUST00769,Arjun Sharma,arjun.sharma768@example.com,2023-10-01 08:56:00,Hyderabad,Bronze,Inactive
CUST00770,Diya Nair,diya.nair769@example.com,2023-10-24 05:26:00,Chennai,Platinum,Suspended
CUST00771,Riya Agarwal,riya.agarwal770@example.com,2026-01-09 17:18:00,Delhi,Silver,Suspended
CUST00772,Aarav Singh,aarav.singh771@example.com,2026-01-23 18:05:00,Delhi,Silver,Suspended
CUST00773,Ishaan Verma,ishaan.verma772@example.com,2025-09-17 23:25:00,Mumbai,Gold,Active
CUST00774,Arjun Malhotra,arjun.malhotra773@example.com,2024-03-19 13:53:00,Hyderabad,Platinum,Active
CUST00775,Kavya Patel,kavya.patel774@example.com,2026-07-02 19:24:00,Kochi,Gold,Suspended
CUST00776,Neha Gupta,neha.gupta775@example.com,2025-07-25 03:50:00,Mumbai,Platinum,Active
CUST00777,Anika Chatterjee,anika.chatterjee776@example.com,2026-03-25 06:44:00,Ahmedabad,Bronze,Active
CUST00778,Karan Joshi,karan.joshi777@example.com,2026-07-11 21:53:00,Indore,Gold,Active
CUST00779,Kavya Pillai,kavya.pillai778@example.com,2023-11-19 14:37:00,Surat,Gold,Active
CUST00780,Vihaan Chatterjee,vihaan.chatterjee779@example.com,2025-10-04 10:18:00,Mumbai,Gold,Active
CUST00781,Kavya Nair,kavya.nair780@example.com,2026-09-20 16:41:00,Delhi,Bronze,Active
CUST00782,Meera Verma,meera.verma781@example.com,2026-06-18 07:03:00,Kochi,Platinum,Inactive
CUST00783,Neha Kapoor,neha.kapoor782@example.com,2025-01-28 02:26:00,Mumbai,Silver,Active
CUST00784,Rohan Chatterjee,rohan.chatterjee783@example.com,2024-03-23 19:24:00,Coimbatore,Silver,Active
CUST00785,Rahul Sharma,rahul.sharma784@example.com,2023-12-21 01:40:00,Lucknow,Bronze,Active
CUST00786,Vivaan Bose,vivaan.bose785@example.com,2023-10-16 12:22:00,Mumbai,Gold,Inactive
CUST00787,Sneha Rao,sneha.rao786@example.com,2023-11-10 17:16:00,Ahmedabad,Gold,Active
CUST00788,Aadhya Patel,aadhya.patel787@example.com,2026-03-02 02:08:00,Chennai,Silver,Active
CUST00789,Anika Chatterjee,anika.chatterjee788@example.com,2026-06-21 16:58:00,Indore,Silver,Active
CUST00790,Aditya Gupta,aditya.gupta789@example.com,2025-08-31 19:41:00,Hyderabad,Silver,Active
CUST00791,Ananya Shetty,ananya.shetty790@example.com,2025-07-07 19:22:00,Jaipur,Bronze,Active
CUST00792,Arjun Gupta,arjun.gupta791@example.com,2025-07-05 05:38:00,Indore,Platinum,Suspended
CUST00793,Arjun Iyer,arjun.iyer792@example.com,2025-03-01 19:14:00,Pune,Platinum,Inactive
CUST00794,Meera Pillai,meera.pillai793@example.com,2024-05-09 21:25:00,Chandigarh,Platinum,Active
CUST00795,Ira Agarwal,ira.agarwal794@example.com,2025-04-16 15:36:00,Hyderabad,Bronze,Active
CUST00796,Saanvi Shetty,saanvi.shetty795@example.com,2025-10-21 11:31:00,Coimbatore,Gold,Suspended
CUST00797,Kavya Mehta,kavya.mehta796@example.com,2026-04-03 15:17:00,Hyderabad,Gold,Active
CUST00798,Myra Kapoor,myra.kapoor797@example.com,2024-05-02 01:51:00,Pune,Platinum,Active
CUST00799,Meera Malhotra,meera.malhotra798@example.com,2025-07-30 21:20:00,Pune,Gold,Active
CUST00800,Vihaan Patel,vihaan.patel799@example.com,2025-03-18 03:16:00,Chennai,Platinum,Active
CUST00801,Sneha Desai,sneha.desai800@example.com,2025-08-22 01:37:00,Coimbatore,Gold,Active
CUST00802,Neha Reddy,neha.reddy801@example.com,2023-11-08 04:50:00,Nagpur,Silver,Active
CUST00803,Aadhya Chatterjee,aadhya.chatterjee802@example.com,2024-05-14 19:40:00,Jaipur,Platinum,Inactive
CUST00804,Rajesh Nair,rajesh.nair803@example.com,2024-04-15 11:59:00,Ahmedabad,Bronze,Inactive
CUST00805,Aadhya Agarwal,aadhya.agarwal804@example.com,2025-05-02 21:43:00,Ahmedabad,Bronze,Active
CUST00806,Vikram Chatterjee,vikram.chatterjee805@example.com,2026-01-08 06:53:00,Kochi,Gold,Active
CUST00807,Saanvi Malhotra,saanvi.malhotra806@example.com,2024-06-09 21:39:00,Pune,Gold,Inactive
CUST00808,Neha Patel,neha.patel807@example.com,2026-03-22 12:02:00,Pune,Silver,Suspended
CUST00809,Ananya Malhotra,ananya.malhotra808@example.com,2024-11-06 15:51:00,Bengaluru,Bronze,Active
CUST00810,Ananya Iyer,ananya.iyer809@example.com,2025-06-15 16:00:00,Indore,Bronze,Active
CUST00811,Diya Kumar,diya.kumar810@example.com,2026-03-04 11:46:00,Lucknow,Platinum,Suspended
CUST00812,Priya Bose,priya.bose811@example.com,2024-08-06 20:10:00,Chennai,Platinum,Active
CUST00813,Aditya Gupta,aditya.gupta812@example.com,2026-01-11 18:27:00,Chennai,Platinum,Active
CUST00814,Vikram Gupta,vikram.gupta813@example.com,2025-01-01 05:08:00,Hyderabad,Platinum,Active
CUST00815,Aditya Malhotra,aditya.malhotra814@example.com,2023-12-23 20:27:00,Nagpur,Platinum,Active
CUST00816,Vihaan Joshi,vihaan.joshi815@example.com,2024-10-06 01:24:00,Pune,Gold,Active
CUST00817,Pooja Kumar,pooja.kumar816@example.com,2025-02-20 06:43:00,Nagpur,Bronze,Inactive
CUST00818,Ira Verma,ira.verma817@example.com,2026-03-02 22:50:00,Chandigarh,Gold,Active
CUST00819,Riya Desai,riya.desai818@example.com,2024-12-08 11:49:00,Jaipur,Silver,Active
CUST00820,Ira Agarwal,ira.agarwal819@example.com,2024-10-14 00:17:00,Nagpur,Platinum,Active
CUST00821,Priya Patel,priya.patel820@example.com,2023-09-28 06:22:00,Kolkata,Platinum,Active
CUST00822,Aadhya Joshi,aadhya.joshi821@example.com,2024-06-18 08:23:00,Kolkata,Bronze,Inactive
CUST00823,Sneha Malhotra,sneha.malhotra822@example.com,2026-01-02 16:00:00,Bengaluru,Silver,Active
CUST00824,Sneha Verma,sneha.verma823@example.com,2023-11-04 01:51:00,Kolkata,Bronze,Inactive
CUST00825,Rohan Shetty,rohan.shetty824@example.com,2026-01-05 19:36:00,Kolkata,Silver,Active
CUST00826,Rohan Joshi,rohan.joshi825@example.com,2025-03-22 22:02:00,Lucknow,Bronze,Active
CUST00827,Vihaan Pillai,vihaan.pillai826@example.com,2024-08-23 01:11:00,Lucknow,Gold,Active
CUST00828,Kavya Reddy,kavya.reddy827@example.com,2025-04-28 02:22:00,Lucknow,Platinum,Inactive
CUST00829,Arjun Bose,arjun.bose828@example.com,2024-05-17 01:31:00,Kochi,Bronze,Active
CUST00830,Krishna Patel,krishna.patel829@example.com,2025-09-11 09:38:00,Bengaluru,Platinum,Active
CUST00831,Diya Desai,diya.desai830@example.com,2024-02-04 07:42:00,Lucknow,Bronze,Active
CUST00832,Diya Patel,diya.patel831@example.com,2025-03-05 10:27:00,Coimbatore,Bronze,Suspended
CUST00833,Karan Iyer,karan.iyer832@example.com,2025-06-09 14:20:00,Chandigarh,Silver,Active
CUST00834,Riya Nair,riya.nair833@example.com,2026-03-26 14:34:00,Bengaluru,Silver,Inactive
CUST00835,Pooja Malhotra,pooja.malhotra834@example.com,2024-12-19 21:20:00,Jaipur,Silver,Inactive
CUST00836,Sneha Desai,sneha.desai835@example.com,2026-04-11 21:14:00,Kochi,Bronze,Active
CUST00837,Karan Shetty,karan.shetty836@example.com,2025-05-17 21:50:00,Bengaluru,Bronze,Active
CUST00838,Meera Desai,meera.desai837@example.com,2026-05-26 21:13:00,Pune,Platinum,Active
CUST00839,Aarav Shetty,aarav.shetty838@example.com,2025-02-12 06:01:00,Bengaluru,Platinum,Suspended
CUST00840,Divya Iyer,divya.iyer839@example.com,2023-12-16 23:33:00,Indore,Platinum,Suspended
CUST00841,Aarav Singh,aarav.singh840@example.com,2023-11-14 00:52:00,Nagpur,Bronze,Active
CUST00842,Ishaan Mehta,ishaan.mehta841@example.com,2024-01-12 08:28:00,Indore,Platinum,Suspended
CUST00843,Divya Agarwal,divya.agarwal842@example.com,2023-09-26 01:53:00,Delhi,Platinum,Active
CUST00844,Diya Sharma,diya.sharma843@example.com,2024-06-12 23:21:00,Chandigarh,Platinum,Active
CUST00845,Sai Kumar,sai.kumar844@example.com,2025-08-27 01:00:00,Kolkata,Silver,Inactive
CUST00846,Riya Rao,riya.rao845@example.com,2024-05-03 01:26:00,Kochi,Gold,Active
CUST00847,Aditya Kumar,aditya.kumar846@example.com,2024-10-14 16:13:00,Coimbatore,Silver,Inactive
CUST00848,Neha Sharma,neha.sharma847@example.com,2023-10-05 02:22:00,Jaipur,Silver,Active
CUST00849,Aditya Kapoor,aditya.kapoor848@example.com,2026-06-26 04:32:00,Pune,Silver,Active
CUST00850,Reyansh Rao,reyansh.rao849@example.com,2025-10-10 02:01:00,Nagpur,Silver,Inactive
CUST00851,Aadhya Chatterjee,aadhya.chatterjee850@example.com,2023-10-14 16:49:00,Surat,Platinum,Inactive
CUST00852,Ananya Singh,ananya.singh851@example.com,2026-04-20 12:07:00,Kolkata,Bronze,Active
CUST00853,Diya Mehta,diya.mehta852@example.com,2025-12-21 07:38:00,Pune,Gold,Active
CUST00854,Neha Agarwal,neha.agarwal853@example.com,2026-06-08 10:29:00,Chandigarh,Silver,Active
CUST00855,Karan Pillai,karan.pillai854@example.com,2024-08-05 18:37:00,Surat,Bronze,Active
CUST00856,Meera Gupta,meera.gupta855@example.com,2026-02-01 13:02:00,Ahmedabad,Silver,Suspended
CUST00857,Rajesh Verma,rajesh.verma856@example.com,2025-04-27 06:06:00,Jaipur,Platinum,Active
CUST00858,Arjun Singh,arjun.singh857@example.com,2026-01-22 14:41:00,Pune,Gold,Active
CUST00859,Karan Shetty,karan.shetty858@example.com,2024-01-05 14:44:00,Kochi,Gold,Active
CUST00860,Vivaan Gupta,vivaan.gupta859@example.com,2025-07-11 23:13:00,Coimbatore,Platinum,Inactive
CUST00861,Ishaan Chatterjee,ishaan.chatterjee860@example.com,2024-07-06 17:01:00,Coimbatore,Silver,Active
CUST00862,Priya Malhotra,priya.malhotra861@example.com,2025-01-04 03:28:00,Chandigarh,Platinum,Active
CUST00863,Anika Shetty,anika.shetty862@example.com,2026-07-10 09:03:00,Pune,Bronze,Inactive
CUST00864,Myra Malhotra,myra.malhotra863@example.com,2023-12-26 22:38:00,Pune,Bronze,Suspended
CUST00865,Ishaan Reddy,ishaan.reddy864@example.com,2026-09-08 04:31:00,Indore,Gold,Active
CUST00866,Karan Kapoor,karan.kapoor865@example.com,2024-11-17 14:38:00,Chennai,Silver,Active
CUST00867,Vihaan Joshi,vihaan.joshi866@example.com,2026-02-13 23:38:00,Bengaluru,Gold,Active
CUST00868,Aadhya Patel,aadhya.patel867@example.com,2025-09-04 11:38:00,Surat,Silver,Active
CUST00869,Rohan Pillai,rohan.pillai868@example.com,2026-09-02 20:33:00,Delhi,Bronze,Active
CUST00870,Anika Kapoor,anika.kapoor869@example.com,2023-12-18 17:55:00,Nagpur,Bronze,Active
CUST00871,Priya Mehta,priya.mehta870@example.com,2023-10-03 07:03:00,Indore,Bronze,Active
CUST00872,Vivaan Nair,vivaan.nair871@example.com,2025-11-10 10:53:00,Delhi,Silver,Active
CUST00873,Saanvi Shetty,saanvi.shetty872@example.com,2023-12-27 23:51:00,Chennai,Platinum,Suspended
CUST00874,Vivaan Sharma,vivaan.sharma873@example.com,2025-04-26 16:30:00,Chennai,Gold,Active
CUST00875,Reyansh Mehta,reyansh.mehta874@example.com,2024-07-03 12:41:00,Bengaluru,Silver,Active
CUST00876,Reyansh Kumar,reyansh.kumar875@example.com,2024-09-04 10:03:00,Indore,Silver,Active
CUST00877,Karan Iyer,karan.iyer876@example.com,2025-09-12 06:09:00,Pune,Silver,Inactive
CUST00878,Rohan Agarwal,rohan.agarwal877@example.com,2025-03-18 20:32:00,Chennai,Bronze,Active
CUST00879,Vihaan Sharma,vihaan.sharma878@example.com,2024-04-04 18:52:00,Lucknow,Silver,Active
CUST00880,Anika Malhotra,anika.malhotra879@example.com,2024-09-26 00:33:00,Hyderabad,Silver,Inactive
CUST00881,Sai Kumar,sai.kumar880@example.com,2026-09-09 12:04:00,Delhi,Gold,Active
CUST00882,Saanvi Desai,saanvi.desai881@example.com,2025-08-10 20:48:00,Chandigarh,Platinum,Inactive
CUST00883,Amit Nair,amit.nair882@example.com,2025-02-14 22:52:00,Surat,Gold,Inactive
CUST00884,Kavya Desai,kavya.desai883@example.com,2024-07-04 10:13:00,Kolkata,Platinum,Inactive
CUST00885,Vikram Joshi,vikram.joshi884@example.com,2024-11-11 22:50:00,Mumbai,Platinum,Suspended
CUST00886,Aditya Rao,aditya.rao885@example.com,2025-08-09 08:18:00,Chennai,Silver,Suspended
CUST00887,Sneha Verma,sneha.verma886@example.com,2025-03-25 20:34:00,Chandigarh,Silver,Active
CUST00888,Aadhya Sharma,aadhya.sharma887@example.com,2023-12-24 06:29:00,Chandigarh,Platinum,Active
CUST00889,Myra Gupta,myra.gupta888@example.com,2026-01-03 13:12:00,Nagpur,Gold,Active
CUST00890,Sneha Agarwal,sneha.agarwal889@example.com,2024-06-24 07:14:00,Ahmedabad,Bronze,Active
CUST00891,Riya Malhotra,riya.malhotra890@example.com,2024-07-16 19:53:00,Surat,Platinum,Inactive
CUST00892,Riya Rao,riya.rao891@example.com,2026-02-12 23:52:00,Ahmedabad,Silver,Inactive
CUST00893,Amit Malhotra,amit.malhotra892@example.com,2025-11-06 12:28:00,Kochi,Platinum,Active
CUST00894,Rohan Patel,rohan.patel893@example.com,2026-08-24 02:45:00,Chennai,Platinum,Suspended
CUST00895,Saanvi Sharma,saanvi.sharma894@example.com,2026-06-06 02:07:00,Surat,Gold,Suspended
CUST00896,Ananya Singh,ananya.singh895@example.com,2024-10-20 10:22:00,Pune,Bronze,Active
CUST00897,Pooja Shetty,pooja.shetty896@example.com,2026-09-04 10:30:00,Lucknow,Gold,Active
CUST00898,Myra Joshi,myra.joshi897@example.com,2025-02-05 14:29:00,Pune,Silver,Inactive
CUST00899,Aditya Malhotra,aditya.malhotra898@example.com,2026-04-04 10:45:00,Mumbai,Silver,Active
CUST00900,Sneha Patel,sneha.patel899@example.com,2025-11-12 00:28:00,Surat,Bronze,Active
CUST00901,Krishna Malhotra,krishna.malhotra900@example.com,2025-09-03 16:43:00,Nagpur,Bronze,Suspended
CUST00902,Riya Rao,riya.rao901@example.com,2026-01-28 15:16:00,Delhi,Bronze,Active
CUST00903,Kavya Gupta,kavya.gupta902@example.com,2025-05-02 02:08:00,Chandigarh,Gold,Active
CUST00904,Saanvi Mehta,saanvi.mehta903@example.com,2024-04-25 17:30:00,Jaipur,Bronze,Inactive
CUST00905,Neha Agarwal,neha.agarwal904@example.com,2026-02-21 01:14:00,Bengaluru,Platinum,Suspended
CUST00906,Krishna Agarwal,krishna.agarwal905@example.com,2023-11-27 04:49:00,Chandigarh,Gold,Inactive
CUST00907,Karan Singh,karan.singh906@example.com,2025-08-30 05:20:00,Hyderabad,Silver,Active
CUST00908,Aditya Kapoor,aditya.kapoor907@example.com,2025-11-20 16:53:00,Kolkata,Platinum,Inactive
CUST00909,Rahul Patel,rahul.patel908@example.com,2025-12-24 11:58:00,Kolkata,Platinum,Suspended
CUST00910,Kavya Kapoor,kavya.kapoor909@example.com,2025-03-09 17:01:00,Hyderabad,Gold,Active
CUST00911,Reyansh Joshi,reyansh.joshi910@example.com,2025-11-25 10:59:00,Ahmedabad,Silver,Active
CUST00912,Diya Kumar,diya.kumar911@example.com,2025-08-08 21:05:00,Mumbai,Platinum,Active
CUST00913,Krishna Patel,krishna.patel912@example.com,2026-06-08 11:34:00,Mumbai,Platinum,Active
CUST00914,Arjun Iyer,arjun.iyer913@example.com,2023-10-11 14:16:00,Jaipur,Silver,Active
CUST00915,Reyansh Singh,reyansh.singh914@example.com,2025-06-04 16:39:00,Ahmedabad,Gold,Suspended
CUST00916,Meera Kumar,meera.kumar915@example.com,2024-05-01 08:57:00,Pune,Bronze,Inactive
CUST00917,Karan Gupta,karan.gupta916@example.com,2023-11-11 10:19:00,Delhi,Silver,Active
CUST00918,Sai Bose,sai.bose917@example.com,2026-06-07 14:53:00,Delhi,Platinum,Active
CUST00919,Myra Pillai,myra.pillai918@example.com,2025-03-18 12:43:00,Pune,Silver,Active
CUST00920,Karan Pillai,karan.pillai919@example.com,2024-10-02 01:34:00,Chennai,Gold,Inactive
CUST00921,Myra Pillai,myra.pillai920@example.com,2025-05-03 13:03:00,Hyderabad,Gold,Active
CUST00922,Rahul Shetty,rahul.shetty921@example.com,2026-06-15 18:58:00,Pune,Gold,Inactive
CUST00923,Ananya Agarwal,ananya.agarwal922@example.com,2026-09-19 22:18:00,Delhi,Silver,Suspended
CUST00924,Arjun Chatterjee,arjun.chatterjee923@example.com,2024-12-01 17:42:00,Indore,Silver,Active
CUST00925,Aditya Bose,aditya.bose924@example.com,2024-01-28 15:02:00,Lucknow,Platinum,Inactive
CUST00926,Myra Mehta,myra.mehta925@example.com,2026-02-26 10:49:00,Hyderabad,Gold,Inactive
CUST00927,Pooja Iyer,pooja.iyer926@example.com,2025-04-22 08:37:00,Indore,Platinum,Active
CUST00928,Riya Verma,riya.verma927@example.com,2024-11-05 14:53:00,Chennai,Gold,Active
CUST00929,Diya Kapoor,diya.kapoor928@example.com,2026-03-06 03:00:00,Surat,Platinum,Active
CUST00930,Aditya Mehta,aditya.mehta929@example.com,2025-12-28 13:37:00,Surat,Platinum,Active
CUST00931,Myra Chatterjee,myra.chatterjee930@example.com,2024-09-10 00:11:00,Coimbatore,Platinum,Active
CUST00932,Vivaan Verma,vivaan.verma931@example.com,2023-10-03 04:37:00,Nagpur,Gold,Active
CUST00933,Diya Mehta,diya.mehta932@example.com,2025-05-21 03:43:00,Lucknow,Platinum,Active
CUST00934,Aditya Gupta,aditya.gupta933@example.com,2025-07-17 05:36:00,Bengaluru,Gold,Active
CUST00935,Meera Shetty,meera.shetty934@example.com,2026-03-26 20:52:00,Hyderabad,Platinum,Suspended
CUST00936,Kavya Rao,kavya.rao935@example.com,2026-01-17 22:23:00,Hyderabad,Silver,Active
CUST00937,Myra Pillai,myra.pillai936@example.com,2025-08-26 17:15:00,Chandigarh,Silver,Active
CUST00938,Ira Verma,ira.verma937@example.com,2024-03-22 20:56:00,Jaipur,Gold,Active
CUST00939,Myra Pillai,myra.pillai938@example.com,2024-10-18 14:14:00,Mumbai,Gold,Suspended
CUST00940,Rahul Reddy,rahul.reddy939@example.com,2024-01-23 17:26:00,Nagpur,Gold,Active
CUST00941,Ananya Shetty,ananya.shetty940@example.com,2025-11-10 22:52:00,Lucknow,Bronze,Inactive
CUST00942,Anika Kapoor,anika.kapoor941@example.com,2025-08-24 10:25:00,Lucknow,Bronze,Inactive
CUST00943,Arjun Verma,arjun.verma942@example.com,2025-04-21 06:38:00,Chennai,Gold,Suspended
CUST00944,Myra Patel,myra.patel943@example.com,2024-09-01 09:20:00,Bengaluru,Platinum,Inactive
CUST00945,Pooja Agarwal,pooja.agarwal944@example.com,2026-01-23 10:56:00,Mumbai,Silver,Active
CUST00946,Amit Gupta,amit.gupta945@example.com,2024-01-06 10:27:00,Nagpur,Gold,Active
CUST00947,Kavya Singh,kavya.singh946@example.com,2023-11-24 23:50:00,Pune,Bronze,Inactive
CUST00948,Vivaan Nair,vivaan.nair947@example.com,2025-03-08 01:52:00,Coimbatore,Platinum,Active
CUST00949,Amit Chatterjee,amit.chatterjee948@example.com,2025-02-04 22:24:00,Kochi,Silver,Active
CUST00950,Myra Kapoor,myra.kapoor949@example.com,2026-05-19 01:48:00,Coimbatore,Platinum,Suspended
CUST00951,Kavya Shetty,kavya.shetty950@example.com,2024-06-28 08:17:00,Ahmedabad,Gold,Active
CUST00952,Sai Joshi,sai.joshi951@example.com,2023-09-26 07:56:00,Chandigarh,Platinum,Active
CUST00953,Diya Mehta,diya.mehta952@example.com,2025-10-17 09:12:00,Chandigarh,Gold,Active
CUST00954,Saanvi Malhotra,saanvi.malhotra953@example.com,2023-11-12 11:25:00,Nagpur,Bronze,Suspended
CUST00955,Karan Agarwal,karan.agarwal954@example.com,2024-07-13 11:22:00,Nagpur,Silver,Active
CUST00956,Priya Shetty,priya.shetty955@example.com,2025-03-13 17:49:00,Lucknow,Bronze,Suspended
CUST00957,Vivaan Agarwal,vivaan.agarwal956@example.com,2026-09-13 18:24:00,Nagpur,Platinum,Active
CUST00958,Aditya Agarwal,aditya.agarwal957@example.com,2025-07-01 05:16:00,Lucknow,Silver,Suspended
CUST00959,Vihaan Desai,vihaan.desai958@example.com,2026-09-02 07:31:00,Hyderabad,Platinum,Inactive
CUST00960,Priya Rao,priya.rao959@example.com,2023-11-24 01:14:00,Surat,Platinum,Suspended
CUST00961,Rohan Iyer,rohan.iyer960@example.com,2023-10-11 15:41:00,Chennai,Platinum,Active
CUST00962,Neha Shetty,neha.shetty961@example.com,2025-06-26 14:15:00,Kolkata,Silver,Active
CUST00963,Sneha Kumar,sneha.kumar962@example.com,2025-03-20 06:53:00,Lucknow,Silver,Active
CUST00964,Ananya Gupta,ananya.gupta963@example.com,2025-10-05 16:58:00,Pune,Gold,Active
CUST00965,Riya Kumar,riya.kumar964@example.com,2023-09-24 16:42:00,Hyderabad,Bronze,Active
CUST00966,Divya Joshi,divya.joshi965@example.com,2026-07-02 03:51:00,Chennai,Platinum,Active
CUST00967,Rohan Rao,rohan.rao966@example.com,2025-03-01 19:43:00,Surat,Silver,Inactive
CUST00968,Arjun Shetty,arjun.shetty967@example.com,2026-06-07 03:45:00,Chennai,Gold,Active
CUST00969,Amit Gupta,amit.gupta968@example.com,2025-07-17 06:53:00,Pune,Gold,Active
CUST00970,Rohan Desai,rohan.desai969@example.com,2026-09-18 03:38:00,Delhi,Silver,Active
CUST00971,Saanvi Agarwal,saanvi.agarwal970@example.com,2024-08-26 13:55:00,Kolkata,Bronze,Inactive
CUST00972,Vikram Kumar,vikram.kumar971@example.com,2025-03-29 00:52:00,Pune,Silver,Active
CUST00973,Priya Kapoor,priya.kapoor972@example.com,2024-06-06 04:42:00,Bengaluru,Bronze,Active
CUST00974,Aditya Malhotra,aditya.malhotra973@example.com,2024-11-25 22:20:00,Lucknow,Gold,Suspended
CUST00975,Kavya Joshi,kavya.joshi974@example.com,2026-08-30 12:46:00,Delhi,Platinum,Active
CUST00976,Aarav Joshi,aarav.joshi975@example.com,2025-02-25 18:44:00,Mumbai,Gold,Active
CUST00977,Rohan Singh,rohan.singh976@example.com,2026-08-19 06:18:00,Lucknow,Bronze,Suspended
CUST00978,Reyansh Agarwal,reyansh.agarwal977@example.com,2026-02-15 00:13:00,Pune,Silver,Active
CUST00979,Karan Bose,karan.bose978@example.com,2024-07-30 03:44:00,Jaipur,Silver,Inactive
CUST00980,Reyansh Nair,reyansh.nair979@example.com,2025-07-25 09:46:00,Kolkata,Silver,Inactive
CUST00981,Arjun Kumar,arjun.kumar980@example.com,2024-11-25 15:47:00,Hyderabad,Gold,Active
CUST00982,Aditya Mehta,aditya.mehta981@example.com,2024-07-03 19:32:00,Lucknow,Platinum,Active
CUST00983,Sneha Patel,sneha.patel982@example.com,2025-06-03 00:14:00,Coimbatore,Platinum,Inactive
CUST00984,Kavya Desai,kavya.desai983@example.com,2024-04-15 12:51:00,Hyderabad,Bronze,Active
CUST00985,Vikram Kapoor,vikram.kapoor984@example.com,2024-01-13 21:29:00,Delhi,Gold,Active
CUST00986,Vivaan Agarwal,vivaan.agarwal985@example.com,2025-09-14 09:49:00,Coimbatore,Gold,Active
CUST00987,Rajesh Shetty,rajesh.shetty986@example.com,2025-09-25 17:24:00,Kochi,Platinum,Suspended
CUST00988,Arjun Shetty,arjun.shetty987@example.com,2023-12-21 00:49:00,Chennai,Platinum,Suspended
CUST00989,Saanvi Kumar,saanvi.kumar988@example.com,2025-02-20 23:41:00,Surat,Silver,Active
CUST00990,Sai Singh,sai.singh989@example.com,2025-10-22 18:08:00,Jaipur,Gold,Inactive
CUST00991,Vikram Shetty,vikram.shetty990@example.com,2024-07-05 02:22:00,Hyderabad,Bronze,Suspended
CUST00992,Pooja Singh,pooja.singh991@example.com,2025-09-01 21:51:00,Pune,Gold,Suspended
CUST00993,Neha Chatterjee,neha.chatterjee992@example.com,2026-04-26 10:45:00,Kolkata,Bronze,Inactive
CUST00994,Vivaan Malhotra,vivaan.malhotra993@example.com,2024-03-03 03:35:00,Hyderabad,Platinum,Active
CUST00995,Diya Nair,diya.nair994@example.com,2026-02-27 00:27:00,Bengaluru,Bronze,Suspended
CUST00996,Myra Shetty,myra.shetty995@example.com,2025-12-13 00:12:00,Mumbai,Silver,Active
CUST00997,Rohan Chatterjee,rohan.chatterjee996@example.com,2026-08-27 04:54:00,Ahmedabad,Silver,Active
CUST00998,Krishna Desai,krishna.desai997@example.com,2024-08-08 11:59:00,Surat,Silver,Inactive
CUST00999,Krishna Mehta,krishna.mehta998@example.com,2026-02-07 23:12:00,Surat,Bronze,Active
CUST01000,Pooja Bose,pooja.bose999@example.com,2026-06-23 19:45:00,Surat,Gold,Active
CUST01001,Rajesh Reddy,rajesh.reddy1000@example.com,2026-04-02 15:51:00,Bengaluru,Platinum,Active
CUST01002,Diya Pillai,diya.pillai1001@example.com,2026-08-24 23:10:00,Pune,Silver,Suspended
CUST01003,Myra Chatterjee,myra.chatterjee1002@example.com,2026-02-15 06:13:00,Bengaluru,Silver,Active
CUST01004,Karan Mehta,karan.mehta1003@example.com,2024-10-27 01:55:00,Mumbai,Silver,Active
CUST01005,Karan Rao,karan.rao1004@example.com,2025-08-02 19:30:00,Bengaluru,Platinum,Active
CUST01006,Kavya Kapoor,kavya.kapoor1005@example.com,2024-03-25 18:41:00,Indore,Silver,Inactive
CUST01007,Aadhya Singh,aadhya.singh1006@example.com,2024-11-10 08:51:00,Kolkata,Bronze,Suspended
CUST01008,Vikram Reddy,vikram.reddy1007@example.com,2025-05-09 22:26:00,Pune,Gold,Suspended
CUST01009,Pooja Shetty,pooja.shetty1008@example.com,2025-03-22 03:26:00,Chandigarh,Gold,Active
CUST01010,Arjun Iyer,arjun.iyer1009@example.com,2026-01-11 23:08:00,Kolkata,Bronze,Active
CUST01011,Vivaan Bose,vivaan.bose1010@example.com,2026-06-21 20:26:00,Nagpur,Platinum,Active
CUST01012,Sneha Joshi,sneha.joshi1011@example.com,2025-01-21 20:28:00,Kolkata,Platinum,Inactive
CUST01013,Ira Patel,ira.patel1012@example.com,2024-05-23 20:00:00,Hyderabad,Platinum,Inactive
CUST01014,Amit Kapoor,amit.kapoor1013@example.com,2025-06-18 23:46:00,Bengaluru,Platinum,Active
CUST01015,Sneha Patel,sneha.patel1014@example.com,2024-04-29 11:51:00,Chandigarh,Bronze,Suspended
CUST01016,Rohan Gupta,rohan.gupta1015@example.com,2024-09-27 03:42:00,Mumbai,Platinum,Suspended
CUST01017,Karan Singh,karan.singh1016@example.com,2025-06-15 02:36:00,Chandigarh,Silver,Active
CUST01018,Ishaan Chatterjee,ishaan.chatterjee1017@example.com,2026-02-02 08:50:00,Pune,Platinum,Active
CUST01019,Rajesh Kapoor,rajesh.kapoor1018@example.com,2026-02-07 16:54:00,Jaipur,Silver,Active
CUST01020,Arjun Malhotra,arjun.malhotra1019@example.com,2025-02-20 12:56:00,Ahmedabad,Silver,Inactive
CUST01021,Aditya Nair,aditya.nair1020@example.com,2024-11-06 20:37:00,Ahmedabad,Platinum,Inactive
CUST01022,Vikram Chatterjee,vikram.chatterjee1021@example.com,2026-03-31 22:22:00,Bengaluru,Silver,Active
CUST01023,Rajesh Joshi,rajesh.joshi1022@example.com,2025-11-15 18:33:00,Indore,Bronze,Suspended
CUST01024,Divya Sharma,divya.sharma1023@example.com,2023-09-30 13:22:00,Pune,Bronze,Inactive
CUST01025,Aadhya Verma,aadhya.verma1024@example.com,2025-09-14 02:33:00,Surat,Bronze,Active
CUST01026,Saanvi Kapoor,saanvi.kapoor1025@example.com,2025-11-17 02:17:00,Pune,Silver,Inactive
CUST01027,Diya Nair,diya.nair1026@example.com,2025-01-11 04:08:00,Mumbai,Silver,Active
CUST01028,Saanvi Gupta,saanvi.gupta1027@example.com,2025-02-10 12:04:00,Mumbai,Bronze,Inactive
CUST01029,Diya Nair,diya.nair1028@example.com,2026-02-20 15:02:00,Kochi,Bronze,Active
CUST01030,Aarav Agarwal,aarav.agarwal1029@example.com,2023-12-03 02:37:00,Nagpur,Gold,Active
CUST01031,Divya Patel,divya.patel1030@example.com,2025-03-26 01:09:00,Surat,Gold,Active
CUST01032,Vikram Agarwal,vikram.agarwal1031@example.com,2026-04-17 23:05:00,Pune,Silver,Active
CUST01033,Pooja Kumar,pooja.kumar1032@example.com,2025-11-20 03:51:00,Kochi,Platinum,Active
CUST01034,Arjun Verma,arjun.verma1033@example.com,2024-12-04 19:36:00,Surat,Gold,Inactive
CUST01035,Rohan Bose,rohan.bose1034@example.com,2024-03-20 00:10:00,Ahmedabad,Silver,Active
CUST01036,Amit Kumar,amit.kumar1035@example.com,2024-01-15 21:53:00,Ahmedabad,Silver,Inactive
CUST01037,Karan Bose,karan.bose1036@example.com,2024-04-28 00:43:00,Pune,Silver,Suspended
CUST01038,Myra Shetty,myra.shetty1037@example.com,2025-11-28 21:40:00,Kolkata,Platinum,Inactive
CUST01039,Aarav Gupta,aarav.gupta1038@example.com,2026-01-02 18:11:00,Nagpur,Platinum,Active
CUST01040,Aarav Iyer,aarav.iyer1039@example.com,2024-07-24 12:40:00,Kolkata,Platinum,Inactive
CUST01041,Reyansh Kumar,reyansh.kumar1040@example.com,2023-12-13 10:30:00,Kolkata,Bronze,Inactive
CUST01042,Ira Shetty,ira.shetty1041@example.com,2024-05-26 04:10:00,Coimbatore,Silver,Suspended
CUST01043,Kavya Malhotra,kavya.malhotra1042@example.com,2024-11-07 19:09:00,Surat,Platinum,Suspended
CUST01044,Vihaan Mehta,vihaan.mehta1043@example.com,2025-05-05 11:34:00,Delhi,Platinum,Active
CUST01045,Krishna Mehta,krishna.mehta1044@example.com,2023-12-07 06:26:00,Chandigarh,Bronze,Active
CUST01046,Vihaan Verma,vihaan.verma1045@example.com,2023-12-17 06:26:00,Hyderabad,Silver,Inactive
CUST01047,Krishna Malhotra,krishna.malhotra1046@example.com,2025-06-06 11:55:00,Nagpur,Platinum,Active
CUST01048,Rahul Shetty,rahul.shetty1047@example.com,2024-05-10 07:24:00,Pune,Bronze,Suspended
CUST01049,Myra Gupta,myra.gupta1048@example.com,2025-06-28 01:55:00,Nagpur,Gold,Active
CUST01050,Vihaan Bose,vihaan.bose1049@example.com,2025-05-27 13:00:00,Kochi,Gold,Inactive
CUST01051,Meera Desai,meera.desai1050@example.com,2025-07-31 23:37:00,Hyderabad,Gold,Active
CUST01052,Aarav Kapoor,aarav.kapoor1051@example.com,2024-01-24 19:02:00,Ahmedabad,Platinum,Inactive
CUST01053,Riya Nair,riya.nair1052@example.com,2026-02-07 22:02:00,Surat,Silver,Inactive
CUST01054,Amit Kumar,amit.kumar1053@example.com,2024-10-05 12:06:00,Lucknow,Bronze,Inactive
CUST01055,Rohan Malhotra,rohan.malhotra1054@example.com,2025-12-09 14:31:00,Hyderabad,Gold,Active
CUST01056,Aarav Shetty,aarav.shetty1055@example.com,2025-11-29 06:01:00,Bengaluru,Platinum,Inactive
CUST01057,Diya Nair,diya.nair1056@example.com,2024-05-11 16:47:00,Delhi,Gold,Active
CUST01058,Riya Malhotra,riya.malhotra1057@example.com,2025-06-18 22:13:00,Kolkata,Bronze,Active
CUST01059,Sai Gupta,sai.gupta1058@example.com,2025-12-12 20:16:00,Chennai,Bronze,Suspended
CUST01060,Kavya Joshi,kavya.joshi1059@example.com,2025-12-01 11:14:00,Pune,Silver,Suspended
CUST01061,Aditya Kapoor,aditya.kapoor1060@example.com,2026-07-29 01:33:00,Kolkata,Silver,Suspended
CUST01062,Ira Kapoor,ira.kapoor1061@example.com,2024-08-20 22:16:00,Ahmedabad,Gold,Suspended
CUST01063,Pooja Kapoor,pooja.kapoor1062@example.com,2026-02-15 02:23:00,Chennai,Gold,Inactive
CUST01064,Ira Sharma,ira.sharma1063@example.com,2026-04-22 08:07:00,Hyderabad,Bronze,Active
CUST01065,Saanvi Bose,saanvi.bose1064@example.com,2025-11-01 23:51:00,Ahmedabad,Silver,Suspended
CUST01066,Vivaan Rao,vivaan.rao1065@example.com,2024-09-02 19:55:00,Indore,Gold,Active
CUST01067,Diya Iyer,diya.iyer1066@example.com,2025-05-07 22:00:00,Pune,Bronze,Active
CUST01068,Neha Sharma,neha.sharma1067@example.com,2024-05-21 19:12:00,Kochi,Bronze,Inactive
CUST01069,Diya Gupta,diya.gupta1068@example.com,2025-09-12 08:13:00,Delhi,Bronze,Suspended
CUST01070,Diya Nair,diya.nair1069@example.com,2025-12-08 00:27:00,Coimbatore,Bronze,Active
CUST01071,Neha Patel,neha.patel1070@example.com,2025-01-15 08:34:00,Chandigarh,Gold,Suspended
CUST01072,Karan Pillai,karan.pillai1071@example.com,2024-10-30 09:10:00,Bengaluru,Gold,Active
CUST01073,Neha Agarwal,neha.agarwal1072@example.com,2026-08-24 14:53:00,Nagpur,Platinum,Suspended
CUST01074,Arjun Verma,arjun.verma1073@example.com,2025-11-05 22:04:00,Coimbatore,Bronze,Active
CUST01075,Diya Desai,diya.desai1074@example.com,2026-07-17 04:12:00,Coimbatore,Platinum,Inactive
CUST01076,Ananya Singh,ananya.singh1075@example.com,2025-09-30 07:50:00,Nagpur,Gold,Active
CUST01077,Vikram Chatterjee,vikram.chatterjee1076@example.com,2026-08-29 11:07:00,Hyderabad,Bronze,Inactive
CUST01078,Amit Bose,amit.bose1077@example.com,2024-05-06 02:04:00,Mumbai,Bronze,Active
CUST01079,Rahul Singh,rahul.singh1078@example.com,2024-03-04 06:15:00,Surat,Silver,Active
CUST01080,Pooja Kumar,pooja.kumar1079@example.com,2025-04-10 05:28:00,Indore,Bronze,Inactive
CUST01081,Aditya Chatterjee,aditya.chatterjee1080@example.com,2025-01-02 01:46:00,Pune,Gold,Active
CUST01082,Vivaan Mehta,vivaan.mehta1081@example.com,2024-05-06 18:43:00,Bengaluru,Gold,Active
CUST01083,Reyansh Verma,reyansh.verma1082@example.com,2026-03-16 07:36:00,Hyderabad,Bronze,Active
CUST01084,Pooja Reddy,pooja.reddy1083@example.com,2026-01-07 00:47:00,Jaipur,Bronze,Active
CUST01085,Rajesh Verma,rajesh.verma1084@example.com,2024-06-22 04:57:00,Ahmedabad,Gold,Inactive
CUST01086,Ananya Mehta,ananya.mehta1085@example.com,2025-06-29 11:49:00,Delhi,Bronze,Active
CUST01087,Kavya Rao,kavya.rao1086@example.com,2026-04-15 01:31:00,Chennai,Gold,Suspended
CUST01088,Vikram Desai,vikram.desai1087@example.com,2024-01-17 13:19:00,Kochi,Silver,Inactive
CUST01089,Anika Iyer,anika.iyer1088@example.com,2024-06-13 11:50:00,Kochi,Bronze,Active
CUST01090,Vivaan Reddy,vivaan.reddy1089@example.com,2026-06-01 12:19:00,Surat,Gold,Active
CUST01091,Rohan Joshi,rohan.joshi1090@example.com,2024-05-05 17:43:00,Hyderabad,Platinum,Inactive
CUST01092,Sneha Verma,sneha.verma1091@example.com,2026-02-10 20:56:00,Kochi,Platinum,Inactive
CUST01093,Sneha Agarwal,sneha.agarwal1092@example.com,2024-09-08 04:11:00,Hyderabad,Gold,Suspended
CUST01094,Ishaan Patel,ishaan.patel1093@example.com,2024-11-02 23:45:00,Indore,Bronze,Suspended
CUST01095,Pooja Joshi,pooja.joshi1094@example.com,2025-02-20 18:26:00,Surat,Silver,Active
CUST01096,Aadhya Rao,aadhya.rao1095@example.com,2026-02-14 21:47:00,Ahmedabad,Gold,Active
CUST01097,Neha Chatterjee,neha.chatterjee1096@example.com,2026-08-29 14:48:00,Lucknow,Silver,Active
CUST01098,Rajesh Rao,rajesh.rao1097@example.com,2025-08-03 03:01:00,Indore,Bronze,Inactive
CUST01099,Ananya Singh,ananya.singh1098@example.com,2026-07-16 16:43:00,Coimbatore,Gold,Inactive
CUST01100,Anika Bose,anika.bose1099@example.com,2026-03-30 05:24:00,Pune,Silver,Active
CUST01101,Diya Kapoor,diya.kapoor1100@example.com,2026-06-21 05:10:00,Bengaluru,Platinum,Inactive
CUST01102,Ishaan Gupta,ishaan.gupta1101@example.com,2024-01-04 22:57:00,Chennai,Gold,Suspended
CUST01103,Neha Malhotra,neha.malhotra1102@example.com,2024-12-15 21:41:00,Nagpur,Platinum,Active
CUST01104,Aditya Malhotra,aditya.malhotra1103@example.com,2026-09-03 12:12:00,Nagpur,Gold,Active
CUST01105,Meera Singh,meera.singh1104@example.com,2025-02-19 11:28:00,Indore,Gold,Active
CUST01106,Ira Mehta,ira.mehta1105@example.com,2025-08-17 13:12:00,Nagpur,Bronze,Inactive
CUST01107,Ananya Patel,ananya.patel1106@example.com,2024-07-12 00:38:00,Nagpur,Silver,Suspended
CUST01108,Aditya Agarwal,aditya.agarwal1107@example.com,2025-12-29 01:17:00,Pune,Bronze,Suspended
CUST01109,Priya Mehta,priya.mehta1108@example.com,2026-03-05 13:34:00,Indore,Bronze,Active
CUST01110,Rohan Chatterjee,rohan.chatterjee1109@example.com,2023-11-24 20:28:00,Hyderabad,Bronze,Active
CUST01111,Meera Malhotra,meera.malhotra1110@example.com,2025-11-17 23:23:00,Chennai,Platinum,Active
CUST01112,Sai Chatterjee,sai.chatterjee1111@example.com,2024-07-30 08:23:00,Chandigarh,Gold,Active
CUST01113,Diya Chatterjee,diya.chatterjee1112@example.com,2026-07-06 14:50:00,Kochi,Platinum,Active
CUST01114,Vivaan Joshi,vivaan.joshi1113@example.com,2025-11-14 02:31:00,Kolkata,Gold,Suspended
CUST01115,Meera Malhotra,meera.malhotra1114@example.com,2026-04-12 03:55:00,Lucknow,Platinum,Active
CUST01116,Ishaan Verma,ishaan.verma1115@example.com,2025-06-03 17:09:00,Pune,Bronze,Active
CUST01117,Aditya Rao,aditya.rao1116@example.com,2025-12-06 01:50:00,Chandigarh,Platinum,Active
CUST01118,Diya Kapoor,diya.kapoor1117@example.com,2023-11-28 07:14:00,Chandigarh,Platinum,Active
CUST01119,Pooja Singh,pooja.singh1118@example.com,2023-10-15 13:32:00,Ahmedabad,Gold,Active
CUST01120,Aarav Kumar,aarav.kumar1119@example.com,2025-12-26 13:42:00,Jaipur,Bronze,Inactive
CUST01121,Sneha Shetty,sneha.shetty1120@example.com,2024-09-13 04:06:00,Surat,Bronze,Active
CUST01122,Priya Chatterjee,priya.chatterjee1121@example.com,2024-04-21 22:03:00,Bengaluru,Bronze,Active
CUST01123,Vivaan Kumar,vivaan.kumar1122@example.com,2024-07-19 16:47:00,Kochi,Silver,Suspended
CUST01124,Aditya Nair,aditya.nair1123@example.com,2026-04-20 19:24:00,Lucknow,Platinum,Suspended
CUST01125,Karan Joshi,karan.joshi1124@example.com,2023-12-07 20:09:00,Chennai,Bronze,Active
CUST01126,Diya Rao,diya.rao1125@example.com,2026-08-21 19:11:00,Bengaluru,Platinum,Suspended
CUST01127,Riya Verma,riya.verma1126@example.com,2024-12-26 06:05:00,Kochi,Silver,Suspended
CUST01128,Meera Kumar,meera.kumar1127@example.com,2026-03-26 08:54:00,Jaipur,Platinum,Active
CUST01129,Priya Chatterjee,priya.chatterjee1128@example.com,2024-03-03 13:50:00,Coimbatore,Bronze,Suspended
CUST01130,Diya Joshi,diya.joshi1129@example.com,2025-01-23 18:56:00,Chennai,Platinum,Active
CUST01131,Myra Gupta,myra.gupta1130@example.com,2025-02-24 05:37:00,Surat,Bronze,Suspended
CUST01132,Riya Kumar,riya.kumar1131@example.com,2024-09-27 21:56:00,Surat,Bronze,Inactive
CUST01133,Kavya Joshi,kavya.joshi1132@example.com,2025-09-19 01:11:00,Lucknow,Gold,Active
CUST01134,Saanvi Agarwal,saanvi.agarwal1133@example.com,2024-02-20 15:30:00,Delhi,Platinum,Active
CUST01135,Rahul Iyer,rahul.iyer1134@example.com,2025-04-14 09:19:00,Kochi,Platinum,Inactive
CUST01136,Krishna Patel,krishna.patel1135@example.com,2025-12-07 20:24:00,Nagpur,Platinum,Active
CUST01137,Aarav Singh,aarav.singh1136@example.com,2023-12-26 22:37:00,Coimbatore,Bronze,Suspended
CUST01138,Anika Kapoor,anika.kapoor1137@example.com,2025-02-10 11:34:00,Bengaluru,Bronze,Inactive
CUST01139,Saanvi Desai,saanvi.desai1138@example.com,2025-12-30 09:37:00,Bengaluru,Platinum,Inactive
CUST01140,Vihaan Iyer,vihaan.iyer1139@example.com,2023-11-06 04:40:00,Kochi,Platinum,Active
CUST01141,Karan Iyer,karan.iyer1140@example.com,2024-08-16 21:17:00,Lucknow,Platinum,Active
CUST01142,Amit Chatterjee,amit.chatterjee1141@example.com,2024-05-27 07:32:00,Coimbatore,Gold,Active
CUST01143,Reyansh Shetty,reyansh.shetty1142@example.com,2025-03-31 02:58:00,Jaipur,Silver,Active
CUST01144,Rohan Bose,rohan.bose1143@example.com,2026-05-27 00:10:00,Indore,Silver,Inactive
CUST01145,Reyansh Patel,reyansh.patel1144@example.com,2025-05-07 01:08:00,Lucknow,Silver,Inactive
CUST01146,Arjun Gupta,arjun.gupta1145@example.com,2026-09-04 19:06:00,Nagpur,Platinum,Active
CUST01147,Myra Singh,myra.singh1146@example.com,2026-02-17 14:36:00,Jaipur,Bronze,Active
CUST01148,Rajesh Chatterjee,rajesh.chatterjee1147@example.com,2025-10-31 05:35:00,Delhi,Platinum,Inactive
CUST01149,Aditya Agarwal,aditya.agarwal1148@example.com,2026-04-24 16:36:00,Kolkata,Bronze,Active
CUST01150,Priya Joshi,priya.joshi1149@example.com,2024-02-17 02:55:00,Lucknow,Gold,Active
CUST01151,Amit Gupta,amit.gupta1150@example.com,2024-10-06 09:31:00,Hyderabad,Bronze,Active
CUST01152,Ira Desai,ira.desai1151@example.com,2023-09-21 09:54:00,Surat,Gold,Active
CUST01153,Rohan Mehta,rohan.mehta1152@example.com,2026-03-29 18:14:00,Kochi,Silver,Active
CUST01154,Sneha Singh,sneha.singh1153@example.com,2026-02-11 11:11:00,Ahmedabad,Gold,Inactive
CUST01155,Amit Singh,amit.singh1154@example.com,2024-04-16 17:35:00,Lucknow,Silver,Suspended
CUST01156,Pooja Joshi,pooja.joshi1155@example.com,2024-11-16 21:40:00,Kochi,Gold,Suspended
CUST01157,Kavya Nair,kavya.nair1156@example.com,2024-10-19 04:29:00,Chandigarh,Gold,Active
CUST01158,Vihaan Reddy,vihaan.reddy1157@example.com,2025-07-12 01:13:00,Kolkata,Bronze,Inactive
CUST01159,Pooja Kumar,pooja.kumar1158@example.com,2024-01-19 20:43:00,Nagpur,Gold,Suspended
CUST01160,Krishna Bose,krishna.bose1159@example.com,2024-03-04 22:26:00,Hyderabad,Platinum,Inactive
CUST01161,Aarav Joshi,aarav.joshi1160@example.com,2025-11-06 08:51:00,Nagpur,Gold,Inactive
CUST01162,Ira Pillai,ira.pillai1161@example.com,2025-07-10 13:24:00,Lucknow,Platinum,Active
CUST01163,Diya Chatterjee,diya.chatterjee1162@example.com,2026-07-18 04:11:00,Bengaluru,Silver,Active
CUST01164,Pooja Desai,pooja.desai1163@example.com,2024-08-03 22:01:00,Jaipur,Gold,Inactive
CUST01165,Arjun Shetty,arjun.shetty1164@example.com,2024-09-10 10:30:00,Lucknow,Silver,Active
CUST01166,Rajesh Gupta,rajesh.gupta1165@example.com,2025-07-10 22:47:00,Chandigarh,Gold,Active
CUST01167,Aditya Mehta,aditya.mehta1166@example.com,2026-08-05 02:33:00,Bengaluru,Silver,Active
CUST01168,Saanvi Bose,saanvi.bose1167@example.com,2025-03-17 15:20:00,Pune,Silver,Active
CUST01169,Kavya Malhotra,kavya.malhotra1168@example.com,2025-09-25 21:51:00,Nagpur,Silver,Active
CUST01170,Karan Malhotra,karan.malhotra1169@example.com,2026-05-02 15:35:00,Bengaluru,Gold,Active
CUST01171,Vikram Pillai,vikram.pillai1170@example.com,2026-04-06 14:05:00,Chandigarh,Silver,Suspended
CUST01172,Aditya Kumar,aditya.kumar1171@example.com,2024-03-10 10:27:00,Pune,Platinum,Active
CUST01173,Ananya Gupta,ananya.gupta1172@example.com,2025-07-09 02:03:00,Hyderabad,Platinum,Active
CUST01174,Myra Chatterjee,myra.chatterjee1173@example.com,2025-04-07 18:07:00,Mumbai,Silver,Inactive
CUST01175,Priya Kapoor,priya.kapoor1174@example.com,2026-06-02 21:03:00,Pune,Bronze,Active
CUST01176,Diya Kumar,diya.kumar1175@example.com,2024-04-26 13:12:00,Nagpur,Platinum,Active
CUST01177,Rajesh Desai,rajesh.desai1176@example.com,2025-01-20 18:48:00,Chennai,Platinum,Inactive
CUST01178,Rahul Pillai,rahul.pillai1177@example.com,2024-10-05 10:30:00,Kochi,Gold,Suspended
CUST01179,Sai Kumar,sai.kumar1178@example.com,2024-01-21 06:16:00,Mumbai,Bronze,Active
CUST01180,Aadhya Kapoor,aadhya.kapoor1179@example.com,2025-10-26 01:33:00,Nagpur,Bronze,Active
CUST01181,Divya Verma,divya.verma1180@example.com,2024-09-24 01:24:00,Nagpur,Gold,Active
CUST01182,Vikram Patel,vikram.patel1181@example.com,2024-07-16 23:25:00,Lucknow,Gold,Active
CUST01183,Kavya Kumar,kavya.kumar1182@example.com,2025-08-10 21:14:00,Mumbai,Platinum,Active
CUST01184,Rohan Singh,rohan.singh1183@example.com,2025-11-28 13:18:00,Bengaluru,Platinum,Active
CUST01185,Sai Agarwal,sai.agarwal1184@example.com,2024-12-11 23:51:00,Pune,Platinum,Active
CUST01186,Divya Nair,divya.nair1185@example.com,2024-02-24 19:29:00,Jaipur,Silver,Active
CUST01187,Diya Kapoor,diya.kapoor1186@example.com,2024-12-11 20:10:00,Jaipur,Bronze,Active
CUST01188,Rajesh Mehta,rajesh.mehta1187@example.com,2024-06-10 15:27:00,Indore,Silver,Suspended
CUST01189,Sneha Gupta,sneha.gupta1188@example.com,2026-09-13 09:07:00,Hyderabad,Bronze,Inactive
CUST01190,Ishaan Reddy,ishaan.reddy1189@example.com,2026-01-06 03:32:00,Ahmedabad,Silver,Active
CUST01191,Rahul Desai,rahul.desai1190@example.com,2026-03-05 22:47:00,Bengaluru,Gold,Active
CUST01192,Ishaan Kumar,ishaan.kumar1191@example.com,2025-09-01 10:16:00,Kolkata,Silver,Suspended
CUST01193,Rahul Mehta,rahul.mehta1192@example.com,2025-10-15 04:36:00,Mumbai,Silver,Active
CUST01194,Meera Desai,meera.desai1193@example.com,2025-07-05 12:47:00,Chandigarh,Platinum,Active
CUST01195,Aditya Kapoor,aditya.kapoor1194@example.com,2025-08-25 02:24:00,Coimbatore,Silver,Active
CUST01196,Rahul Singh,rahul.singh1195@example.com,2026-08-22 12:08:00,Lucknow,Platinum,Active
CUST01197,Riya Pillai,riya.pillai1196@example.com,2024-09-05 23:41:00,Ahmedabad,Platinum,Active
CUST01198,Arjun Singh,arjun.singh1197@example.com,2024-12-31 07:08:00,Coimbatore,Platinum,Suspended
CUST01199,Priya Shetty,priya.shetty1198@example.com,2026-01-08 01:29:00,Jaipur,Silver,Inactive
CUST01200,Neha Shetty,neha.shetty1199@example.com,2024-03-01 10:34:00,Hyderabad,Gold,Active
CUST01201,Ananya Pillai,ananya.pillai1200@example.com,2024-09-30 12:07:00,Indore,Gold,Suspended
CUST01202,Vivaan Sharma,vivaan.sharma1201@example.com,2024-05-01 07:12:00,Surat,Bronze,Suspended
CUST01203,Aditya Verma,aditya.verma1202@example.com,2024-11-02 20:01:00,Ahmedabad,Gold,Inactive
CUST01204,Rahul Pillai,rahul.pillai1203@example.com,2025-09-25 09:33:00,Bengaluru,Bronze,Active
CUST01205,Ishaan Reddy,ishaan.reddy1204@example.com,2024-08-17 18:25:00,Chennai,Silver,Inactive
CUST01206,Karan Pillai,karan.pillai1205@example.com,2025-10-22 06:33:00,Kochi,Gold,Active
CUST01207,Aadhya Shetty,aadhya.shetty1206@example.com,2024-07-31 14:06:00,Indore,Silver,Active
CUST01208,Rahul Sharma,rahul.sharma1207@example.com,2024-04-08 03:42:00,Bengaluru,Gold,Suspended
CUST01209,Anika Desai,anika.desai1208@example.com,2026-03-01 21:09:00,Mumbai,Gold,Inactive
CUST01210,Rohan Mehta,rohan.mehta1209@example.com,2026-02-20 21:19:00,Bengaluru,Platinum,Active
CUST01211,Anika Nair,anika.nair1210@example.com,2026-08-18 04:01:00,Kolkata,Bronze,Suspended
CUST01212,Pooja Rao,pooja.rao1211@example.com,2024-05-31 20:29:00,Mumbai,Silver,Inactive
CUST01213,Rohan Chatterjee,rohan.chatterjee1212@example.com,2026-02-28 03:32:00,Indore,Bronze,Active
CUST01214,Aditya Verma,aditya.verma1213@example.com,2023-11-25 05:09:00,Nagpur,Platinum,Active
CUST01215,Sai Chatterjee,sai.chatterjee1214@example.com,2026-07-16 02:42:00,Nagpur,Silver,Active
CUST01216,Aadhya Bose,aadhya.bose1215@example.com,2024-05-12 17:46:00,Hyderabad,Bronze,Active
CUST01217,Myra Reddy,myra.reddy1216@example.com,2024-03-03 06:36:00,Indore,Platinum,Active
CUST01218,Ananya Shetty,ananya.shetty1217@example.com,2026-01-29 17:06:00,Kolkata,Silver,Inactive
CUST01219,Arjun Agarwal,arjun.agarwal1218@example.com,2024-02-02 20:38:00,Bengaluru,Bronze,Suspended
CUST01220,Sneha Agarwal,sneha.agarwal1219@example.com,2024-02-13 10:02:00,Indore,Platinum,Active
CUST01221,Neha Joshi,neha.joshi1220@example.com,2024-07-02 23:37:00,Nagpur,Silver,Active
CUST01222,Saanvi Kumar,saanvi.kumar1221@example.com,2025-06-19 07:42:00,Lucknow,Silver,Active
CUST01223,Karan Joshi,karan.joshi1222@example.com,2025-03-21 02:44:00,Hyderabad,Platinum,Active
CUST01224,Kavya Desai,kavya.desai1223@example.com,2024-12-30 10:17:00,Jaipur,Platinum,Active
CUST01225,Vihaan Agarwal,vihaan.agarwal1224@example.com,2025-05-14 23:03:00,Kolkata,Platinum,Inactive
CUST01226,Krishna Chatterjee,krishna.chatterjee1225@example.com,2024-05-24 23:00:00,Kochi,Platinum,Active
CUST01227,Vihaan Iyer,vihaan.iyer1226@example.com,2026-07-29 19:10:00,Lucknow,Bronze,Active
CUST01228,Myra Nair,myra.nair1227@example.com,2024-08-15 07:08:00,Surat,Bronze,Active
CUST01229,Arjun Patel,arjun.patel1228@example.com,2024-12-09 13:50:00,Kochi,Gold,Active
CUST01230,Vivaan Mehta,vivaan.mehta1229@example.com,2024-04-23 16:25:00,Mumbai,Silver,Inactive
CUST01231,Saanvi Shetty,saanvi.shetty1230@example.com,2024-07-11 17:21:00,Coimbatore,Gold,Active
CUST01232,Aadhya Nair,aadhya.nair1231@example.com,2024-07-07 22:09:00,Bengaluru,Silver,Active
CUST01233,Sneha Singh,sneha.singh1232@example.com,2024-04-25 19:20:00,Hyderabad,Platinum,Active
CUST01234,Vikram Agarwal,vikram.agarwal1233@example.com,2024-07-13 00:49:00,Coimbatore,Platinum,Active
CUST01235,Divya Pillai,divya.pillai1234@example.com,2024-06-17 13:27:00,Pune,Silver,Active
CUST01236,Neha Agarwal,neha.agarwal1235@example.com,2025-10-31 10:46:00,Surat,Bronze,Active
CUST01237,Reyansh Singh,reyansh.singh1236@example.com,2026-03-01 01:09:00,Mumbai,Bronze,Inactive
CUST01238,Anika Kapoor,anika.kapoor1237@example.com,2026-01-05 07:53:00,Bengaluru,Bronze,Suspended
CUST01239,Myra Bose,myra.bose1238@example.com,2024-07-10 03:02:00,Hyderabad,Platinum,Active
CUST01240,Rajesh Mehta,rajesh.mehta1239@example.com,2025-04-06 06:50:00,Kolkata,Bronze,Inactive
CUST01241,Anika Sharma,anika.sharma1240@example.com,2024-11-29 17:55:00,Surat,Silver,Inactive
CUST01242,Aditya Rao,aditya.rao1241@example.com,2026-03-13 23:33:00,Indore,Bronze,Inactive
CUST01243,Kavya Chatterjee,kavya.chatterjee1242@example.com,2026-08-28 03:11:00,Hyderabad,Bronze,Suspended
CUST01244,Krishna Reddy,krishna.reddy1243@example.com,2025-11-11 23:21:00,Mumbai,Silver,Suspended
CUST01245,Riya Joshi,riya.joshi1244@example.com,2026-04-12 05:36:00,Ahmedabad,Gold,Inactive
CUST01246,Vivaan Verma,vivaan.verma1245@example.com,2026-07-31 00:14:00,Jaipur,Silver,Inactive
CUST01247,Rohan Bose,rohan.bose1246@example.com,2025-12-27 09:20:00,Lucknow,Silver,Suspended
CUST01248,Meera Bose,meera.bose1247@example.com,2024-09-17 18:45:00,Lucknow,Gold,Active
CUST01249,Rohan Desai,rohan.desai1248@example.com,2025-06-23 14:48:00,Jaipur,Gold,Inactive
CUST01250,Aarav Patel,aarav.patel1249@example.com,2025-05-06 00:11:00,Chennai,Platinum,Active
CUST01251,Aadhya Kumar,aadhya.kumar1250@example.com,2024-08-07 15:18:00,Mumbai,Silver,Suspended
CUST01252,Rajesh Iyer,rajesh.iyer1251@example.com,2026-06-07 15:55:00,Nagpur,Bronze,Active
CUST01253,Neha Joshi,neha.joshi1252@example.com,2025-11-30 03:59:00,Coimbatore,Gold,Active
CUST01254,Karan Rao,karan.rao1253@example.com,2026-02-21 20:31:00,Jaipur,Platinum,Inactive
CUST01255,Diya Verma,diya.verma1254@example.com,2026-01-12 20:51:00,Chandigarh,Platinum,Active
CUST01256,Saanvi Verma,saanvi.verma1255@example.com,2025-02-19 15:03:00,Surat,Platinum,Inactive
CUST01257,Riya Desai,riya.desai1256@example.com,2025-09-16 21:56:00,Nagpur,Bronze,Active
CUST01258,Reyansh Joshi,reyansh.joshi1257@example.com,2023-12-13 12:02:00,Indore,Platinum,Suspended
CUST01259,Ira Mehta,ira.mehta1258@example.com,2025-07-22 11:54:00,Pune,Bronze,Active
CUST01260,Aditya Rao,aditya.rao1259@example.com,2023-12-20 23:34:00,Lucknow,Platinum,Active
CUST01261,Kavya Chatterjee,kavya.chatterjee1260@example.com,2026-04-23 08:20:00,Mumbai,Bronze,Suspended
CUST01262,Karan Desai,karan.desai1261@example.com,2026-04-17 17:17:00,Nagpur,Platinum,Active
CUST01263,Ishaan Shetty,ishaan.shetty1262@example.com,2024-05-14 11:04:00,Chennai,Gold,Suspended
CUST01264,Priya Shetty,priya.shetty1263@example.com,2024-12-17 03:02:00,Chennai,Platinum,Inactive
CUST01265,Vihaan Kumar,vihaan.kumar1264@example.com,2024-03-11 18:49:00,Hyderabad,Gold,Suspended
CUST01266,Vihaan Rao,vihaan.rao1265@example.com,2025-01-17 23:03:00,Chandigarh,Platinum,Suspended
CUST01267,Diya Agarwal,diya.agarwal1266@example.com,2025-09-20 02:24:00,Indore,Platinum,Active
CUST01268,Ira Joshi,ira.joshi1267@example.com,2026-07-18 20:39:00,Surat,Platinum,Active
CUST01269,Karan Kumar,karan.kumar1268@example.com,2024-10-10 08:21:00,Coimbatore,Platinum,Active
CUST01270,Reyansh Shetty,reyansh.shetty1269@example.com,2026-09-10 18:27:00,Chennai,Gold,Suspended
CUST01271,Kavya Rao,kavya.rao1270@example.com,2025-04-17 20:48:00,Chandigarh,Bronze,Suspended
CUST01272,Kavya Verma,kavya.verma1271@example.com,2026-07-22 06:59:00,Surat,Platinum,Active
CUST01273,Vivaan Verma,vivaan.verma1272@example.com,2023-10-26 07:12:00,Pune,Silver,Suspended
CUST01274,Arjun Agarwal,arjun.agarwal1273@example.com,2025-11-12 17:05:00,Pune,Silver,Active
CUST01275,Pooja Bose,pooja.bose1274@example.com,2024-09-03 20:03:00,Pune,Gold,Active
CUST01276,Kavya Chatterjee,kavya.chatterjee1275@example.com,2025-07-03 23:40:00,Hyderabad,Gold,Active
CUST01277,Arjun Shetty,arjun.shetty1276@example.com,2025-12-11 16:55:00,Bengaluru,Bronze,Suspended
CUST01278,Rajesh Kapoor,rajesh.kapoor1277@example.com,2026-01-04 15:43:00,Chandigarh,Bronze,Inactive
CUST01279,Arjun Agarwal,arjun.agarwal1278@example.com,2024-01-08 17:55:00,Ahmedabad,Gold,Active
CUST01280,Divya Shetty,divya.shetty1279@example.com,2024-10-07 01:25:00,Kolkata,Silver,Active
CUST01281,Ananya Singh,ananya.singh1280@example.com,2025-01-26 09:13:00,Lucknow,Silver,Active
CUST01282,Saanvi Shetty,saanvi.shetty1281@example.com,2023-12-10 10:28:00,Kochi,Gold,Active
CUST01283,Neha Mehta,neha.mehta1282@example.com,2024-06-23 17:44:00,Bengaluru,Silver,Inactive
CUST01284,Riya Agarwal,riya.agarwal1283@example.com,2025-10-01 17:17:00,Jaipur,Platinum,Active
CUST01285,Kavya Kapoor,kavya.kapoor1284@example.com,2025-02-22 11:54:00,Coimbatore,Gold,Active
CUST01286,Ira Bose,ira.bose1285@example.com,2024-12-21 18:10:00,Lucknow,Silver,Active
CUST01287,Amit Pillai,amit.pillai1286@example.com,2025-07-26 00:29:00,Coimbatore,Platinum,Active
CUST01288,Rohan Bose,rohan.bose1287@example.com,2024-04-16 09:33:00,Nagpur,Silver,Suspended
CUST01289,Vikram Sharma,vikram.sharma1288@example.com,2025-03-13 13:21:00,Lucknow,Silver,Suspended
CUST01290,Diya Agarwal,diya.agarwal1289@example.com,2026-02-12 04:36:00,Lucknow,Silver,Suspended
CUST01291,Priya Patel,priya.patel1290@example.com,2024-04-24 17:24:00,Chandigarh,Bronze,Suspended
CUST01292,Aadhya Pillai,aadhya.pillai1291@example.com,2024-09-28 12:03:00,Indore,Bronze,Inactive
CUST01293,Rohan Sharma,rohan.sharma1292@example.com,2026-05-12 09:50:00,Ahmedabad,Gold,Active
CUST01294,Meera Bose,meera.bose1293@example.com,2026-07-13 07:44:00,Surat,Silver,Active
CUST01295,Ishaan Pillai,ishaan.pillai1294@example.com,2024-06-03 14:22:00,Chandigarh,Bronze,Active
CUST01296,Riya Nair,riya.nair1295@example.com,2023-09-30 12:35:00,Pune,Platinum,Active
CUST01297,Neha Verma,neha.verma1296@example.com,2026-07-21 20:49:00,Hyderabad,Bronze,Active
CUST01298,Riya Bose,riya.bose1297@example.com,2024-11-29 10:10:00,Ahmedabad,Gold,Active
CUST01299,Sai Kapoor,sai.kapoor1298@example.com,2025-09-05 12:45:00,Ahmedabad,Gold,Active
CUST01300,Rahul Shetty,rahul.shetty1299@example.com,2026-04-25 17:18:00,Chandigarh,Platinum,Inactive
CUST01301,Karan Rao,karan.rao1300@example.com,2024-08-20 12:51:00,Bengaluru,Silver,Suspended
CUST01302,Arjun Nair,arjun.nair1301@example.com,2024-12-16 21:00:00,Coimbatore,Platinum,Active
CUST01303,Vivaan Pillai,vivaan.pillai1302@example.com,2024-12-07 02:00:00,Delhi,Bronze,Active
CUST01304,Amit Patel,amit.patel1303@example.com,2024-11-16 17:31:00,Chennai,Bronze,Active
CUST01305,Reyansh Sharma,reyansh.sharma1304@example.com,2024-12-01 16:25:00,Lucknow,Gold,Active
CUST01306,Myra Agarwal,myra.agarwal1305@example.com,2026-05-08 11:42:00,Chandigarh,Platinum,Active
CUST01307,Aadhya Kumar,aadhya.kumar1306@example.com,2025-07-13 07:47:00,Indore,Bronze,Suspended
CUST01308,Aadhya Reddy,aadhya.reddy1307@example.com,2026-02-22 06:43:00,Kolkata,Bronze,Active
CUST01309,Aadhya Kapoor,aadhya.kapoor1308@example.com,2026-04-20 05:03:00,Hyderabad,Gold,Active
CUST01310,Karan Shetty,karan.shetty1309@example.com,2024-05-10 02:12:00,Pune,Bronze,Suspended
CUST01311,Divya Bose,divya.bose1310@example.com,2024-04-12 13:08:00,Mumbai,Bronze,Active
CUST01312,Sneha Verma,sneha.verma1311@example.com,2024-12-04 17:48:00,Bengaluru,Bronze,Inactive
CUST01313,Amit Kumar,amit.kumar1312@example.com,2026-06-11 08:29:00,Ahmedabad,Bronze,Inactive
CUST01314,Kavya Reddy,kavya.reddy1313@example.com,2026-06-17 15:34:00,Nagpur,Platinum,Suspended
CUST01315,Ira Agarwal,ira.agarwal1314@example.com,2026-01-19 20:32:00,Chennai,Silver,Suspended
CUST01316,Priya Bose,priya.bose1315@example.com,2025-10-05 04:40:00,Pune,Platinum,Suspended
CUST01317,Kavya Rao,kavya.rao1316@example.com,2024-07-28 16:24:00,Delhi,Bronze,Active
CUST01318,Ananya Singh,ananya.singh1317@example.com,2026-08-08 14:59:00,Delhi,Bronze,Suspended
CUST01319,Myra Desai,myra.desai1318@example.com,2026-09-11 09:42:00,Coimbatore,Bronze,Active
CUST01320,Ananya Desai,ananya.desai1319@example.com,2025-12-26 11:58:00,Ahmedabad,Silver,Active
CUST01321,Diya Iyer,diya.iyer1320@example.com,2023-09-24 07:58:00,Chennai,Platinum,Active
CUST01322,Meera Bose,meera.bose1321@example.com,2024-10-30 03:59:00,Kochi,Gold,Active
CUST01323,Reyansh Nair,reyansh.nair1322@example.com,2026-05-01 08:54:00,Coimbatore,Silver,Active
CUST01324,Ishaan Desai,ishaan.desai1323@example.com,2024-05-23 00:41:00,Pune,Gold,Suspended
CUST01325,Rohan Nair,rohan.nair1324@example.com,2025-03-07 13:12:00,Surat,Platinum,Inactive
CUST01326,Rohan Mehta,rohan.mehta1325@example.com,2024-10-12 11:55:00,Jaipur,Gold,Active
CUST01327,Amit Reddy,amit.reddy1326@example.com,2024-12-18 08:21:00,Ahmedabad,Platinum,Suspended
CUST01328,Amit Bose,amit.bose1327@example.com,2026-06-16 11:41:00,Indore,Silver,Active
CUST01329,Ananya Bose,ananya.bose1328@example.com,2024-03-04 08:06:00,Chandigarh,Silver,Active
CUST01330,Diya Desai,diya.desai1329@example.com,2026-01-15 12:21:00,Chandigarh,Gold,Inactive
CUST01331,Divya Iyer,divya.iyer1330@example.com,2026-02-22 23:46:00,Chandigarh,Gold,Active
CUST01332,Rohan Patel,rohan.patel1331@example.com,2026-06-15 23:52:00,Pune,Silver,Active
CUST01333,Riya Desai,riya.desai1332@example.com,2026-02-17 13:05:00,Pune,Gold,Suspended
CUST01334,Saanvi Rao,saanvi.rao1333@example.com,2024-04-11 16:50:00,Lucknow,Platinum,Active
CUST01335,Vikram Joshi,vikram.joshi1334@example.com,2026-03-24 17:14:00,Pune,Bronze,Active
CUST01336,Karan Kumar,karan.kumar1335@example.com,2024-08-26 07:00:00,Indore,Silver,Active
CUST01337,Rohan Verma,rohan.verma1336@example.com,2026-06-05 15:04:00,Chennai,Bronze,Active
CUST01338,Rohan Gupta,rohan.gupta1337@example.com,2026-06-24 20:57:00,Chandigarh,Gold,Inactive
CUST01339,Diya Chatterjee,diya.chatterjee1338@example.com,2025-01-05 21:44:00,Hyderabad,Platinum,Active
CUST01340,Rahul Iyer,rahul.iyer1339@example.com,2024-11-15 01:21:00,Nagpur,Platinum,Active
CUST01341,Neha Bose,neha.bose1340@example.com,2024-08-04 15:16:00,Hyderabad,Bronze,Active
CUST01342,Reyansh Reddy,reyansh.reddy1341@example.com,2025-10-07 19:23:00,Chandigarh,Gold,Suspended
CUST01343,Vikram Desai,vikram.desai1342@example.com,2024-02-20 20:52:00,Coimbatore,Platinum,Inactive
CUST01344,Ishaan Desai,ishaan.desai1343@example.com,2024-12-06 19:12:00,Indore,Silver,Active
CUST01345,Amit Iyer,amit.iyer1344@example.com,2024-05-27 03:32:00,Delhi,Platinum,Active
CUST01346,Arjun Patel,arjun.patel1345@example.com,2026-01-13 07:27:00,Kochi,Platinum,Active
CUST01347,Meera Pillai,meera.pillai1346@example.com,2025-05-16 05:30:00,Delhi,Gold,Active
CUST01348,Krishna Nair,krishna.nair1347@example.com,2023-12-22 15:40:00,Mumbai,Silver,Active
CUST01349,Vivaan Kapoor,vivaan.kapoor1348@example.com,2024-01-06 16:55:00,Chandigarh,Silver,Suspended
CUST01350,Krishna Nair,krishna.nair1349@example.com,2025-03-29 14:15:00,Mumbai,Bronze,Active
CUST01351,Vivaan Patel,vivaan.patel1350@example.com,2026-04-04 12:25:00,Mumbai,Silver,Suspended
CUST01352,Aadhya Agarwal,aadhya.agarwal1351@example.com,2025-05-12 02:19:00,Indore,Bronze,Suspended
CUST01353,Amit Bose,amit.bose1352@example.com,2025-07-26 01:56:00,Lucknow,Platinum,Inactive
CUST01354,Vihaan Kumar,vihaan.kumar1353@example.com,2026-04-20 08:57:00,Delhi,Silver,Suspended
CUST01355,Aarav Desai,aarav.desai1354@example.com,2025-07-12 23:18:00,Jaipur,Platinum,Active
CUST01356,Divya Singh,divya.singh1355@example.com,2025-07-05 09:08:00,Kochi,Platinum,Suspended
CUST01357,Aadhya Bose,aadhya.bose1356@example.com,2024-07-24 17:29:00,Kochi,Gold,Active
CUST01358,Anika Reddy,anika.reddy1357@example.com,2026-02-18 13:47:00,Lucknow,Silver,Active
CUST01359,Karan Mehta,karan.mehta1358@example.com,2023-10-06 07:06:00,Jaipur,Silver,Active
CUST01360,Ananya Mehta,ananya.mehta1359@example.com,2024-12-18 14:15:00,Coimbatore,Gold,Inactive
CUST01361,Rahul Verma,rahul.verma1360@example.com,2024-03-05 03:51:00,Ahmedabad,Platinum,Active
CUST01362,Divya Gupta,divya.gupta1361@example.com,2023-11-22 20:02:00,Indore,Gold,Suspended
CUST01363,Rahul Pillai,rahul.pillai1362@example.com,2025-12-28 16:02:00,Kolkata,Gold,Suspended
CUST01364,Krishna Desai,krishna.desai1363@example.com,2024-09-06 11:32:00,Indore,Silver,Active
CUST01365,Neha Verma,neha.verma1364@example.com,2023-11-04 17:11:00,Chennai,Platinum,Inactive
CUST01366,Divya Singh,divya.singh1365@example.com,2024-06-23 17:56:00,Lucknow,Silver,Active
CUST01367,Aadhya Singh,aadhya.singh1366@example.com,2025-02-28 10:50:00,Kochi,Gold,Inactive
CUST01368,Divya Verma,divya.verma1367@example.com,2024-12-30 05:19:00,Lucknow,Bronze,Active
CUST01369,Vikram Rao,vikram.rao1368@example.com,2026-02-23 19:31:00,Hyderabad,Bronze,Active
CUST01370,Pooja Bose,pooja.bose1369@example.com,2026-02-13 00:53:00,Kochi,Bronze,Active
CUST01371,Sai Mehta,sai.mehta1370@example.com,2025-05-16 23:03:00,Hyderabad,Silver,Suspended
CUST01372,Rajesh Verma,rajesh.verma1371@example.com,2024-02-20 18:43:00,Indore,Bronze,Active
CUST01373,Aarav Mehta,aarav.mehta1372@example.com,2026-07-24 08:18:00,Lucknow,Platinum,Inactive
CUST01374,Riya Shetty,riya.shetty1373@example.com,2023-09-29 09:38:00,Kochi,Bronze,Active
CUST01375,Vihaan Agarwal,vihaan.agarwal1374@example.com,2025-03-26 20:01:00,Kolkata,Bronze,Inactive
CUST01376,Rohan Chatterjee,rohan.chatterjee1375@example.com,2026-04-01 12:33:00,Jaipur,Gold,Suspended
CUST01377,Rahul Desai,rahul.desai1376@example.com,2025-07-13 19:35:00,Lucknow,Platinum,Active
CUST01378,Kavya Bose,kavya.bose1377@example.com,2023-11-27 10:28:00,Kolkata,Bronze,Inactive
CUST01379,Rajesh Kumar,rajesh.kumar1378@example.com,2024-11-06 22:32:00,Mumbai,Gold,Active
CUST01380,Sneha Kapoor,sneha.kapoor1379@example.com,2025-03-11 12:54:00,Chandigarh,Bronze,Active
CUST01381,Myra Iyer,myra.iyer1380@example.com,2026-06-12 03:36:00,Ahmedabad,Bronze,Active
CUST01382,Reyansh Patel,reyansh.patel1381@example.com,2024-05-08 17:42:00,Coimbatore,Gold,Inactive
CUST01383,Ananya Singh,ananya.singh1382@example.com,2025-08-29 11:49:00,Bengaluru,Gold,Active
CUST01384,Neha Chatterjee,neha.chatterjee1383@example.com,2025-03-04 07:22:00,Ahmedabad,Silver,Inactive
CUST01385,Rahul Iyer,rahul.iyer1384@example.com,2023-12-15 07:33:00,Kolkata,Silver,Active
CUST01386,Amit Singh,amit.singh1385@example.com,2026-02-09 02:57:00,Hyderabad,Platinum,Inactive
CUST01387,Aarav Agarwal,aarav.agarwal1386@example.com,2025-04-29 20:46:00,Kolkata,Bronze,Active
CUST01388,Pooja Mehta,pooja.mehta1387@example.com,2026-01-28 22:03:00,Surat,Platinum,Suspended
CUST01389,Riya Reddy,riya.reddy1388@example.com,2026-07-09 05:43:00,Delhi,Silver,Active
CUST01390,Sai Shetty,sai.shetty1389@example.com,2025-05-20 21:26:00,Delhi,Bronze,Active
CUST01391,Sneha Rao,sneha.rao1390@example.com,2026-02-26 15:46:00,Kolkata,Silver,Active
CUST01392,Vikram Malhotra,vikram.malhotra1391@example.com,2024-06-14 11:35:00,Ahmedabad,Silver,Active
CUST01393,Kavya Agarwal,kavya.agarwal1392@example.com,2026-02-25 16:14:00,Pune,Gold,Suspended
CUST01394,Aditya Rao,aditya.rao1393@example.com,2025-03-20 08:47:00,Surat,Platinum,Active
CUST01395,Priya Patel,priya.patel1394@example.com,2025-10-05 17:38:00,Mumbai,Silver,Inactive
CUST01396,Sai Kumar,sai.kumar1395@example.com,2025-02-08 01:22:00,Coimbatore,Platinum,Inactive
CUST01397,Anika Agarwal,anika.agarwal1396@example.com,2025-02-08 01:00:00,Pune,Silver,Inactive
CUST01398,Divya Nair,divya.nair1397@example.com,2026-03-11 18:28:00,Delhi,Bronze,Suspended
CUST01399,Aarav Iyer,aarav.iyer1398@example.com,2024-01-18 00:41:00,Indore,Bronze,Suspended
CUST01400,Saanvi Nair,saanvi.nair1399@example.com,2025-05-20 18:40:00,Pune,Bronze,Suspended
CUST01401,Myra Iyer,myra.iyer1400@example.com,2026-05-01 18:49:00,Coimbatore,Bronze,Suspended
CUST01402,Ananya Mehta,ananya.mehta1401@example.com,2024-11-09 09:51:00,Coimbatore,Bronze,Inactive
CUST01403,Riya Pillai,riya.pillai1402@example.com,2026-08-25 02:30:00,Kolkata,Bronze,Suspended
CUST01404,Aarav Iyer,aarav.iyer1403@example.com,2024-04-27 13:59:00,Bengaluru,Silver,Suspended
CUST01405,Rahul Joshi,rahul.joshi1404@example.com,2025-09-22 15:04:00,Lucknow,Bronze,Suspended
CUST01406,Amit Nair,amit.nair1405@example.com,2026-04-16 18:17:00,Surat,Platinum,Inactive
CUST01407,Vivaan Patel,vivaan.patel1406@example.com,2026-09-01 04:38:00,Pune,Bronze,Inactive
CUST01408,Myra Mehta,myra.mehta1407@example.com,2024-01-24 06:00:00,Chandigarh,Bronze,Active
CUST01409,Sai Rao,sai.rao1408@example.com,2023-12-25 16:30:00,Delhi,Gold,Active
CUST01410,Priya Kapoor,priya.kapoor1409@example.com,2026-02-08 22:08:00,Chandigarh,Bronze,Active
CUST01411,Divya Mehta,divya.mehta1410@example.com,2026-08-16 05:17:00,Pune,Silver,Active
CUST01412,Amit Patel,amit.patel1411@example.com,2025-02-02 16:27:00,Hyderabad,Silver,Suspended
CUST01413,Rahul Mehta,rahul.mehta1412@example.com,2023-11-25 18:12:00,Kochi,Gold,Active
CUST01414,Diya Shetty,diya.shetty1413@example.com,2025-11-24 20:54:00,Lucknow,Gold,Inactive
CUST01415,Krishna Nair,krishna.nair1414@example.com,2025-01-05 00:39:00,Surat,Bronze,Active
CUST01416,Arjun Bose,arjun.bose1415@example.com,2024-03-08 08:13:00,Chandigarh,Gold,Active
CUST01417,Arjun Chatterjee,arjun.chatterjee1416@example.com,2024-10-02 06:44:00,Kolkata,Silver,Active
CUST01418,Neha Shetty,neha.shetty1417@example.com,2023-12-29 15:37:00,Chandigarh,Bronze,Active
CUST01419,Diya Malhotra,diya.malhotra1418@example.com,2024-02-24 23:08:00,Ahmedabad,Silver,Active
CUST01420,Amit Desai,amit.desai1419@example.com,2024-09-28 14:15:00,Coimbatore,Bronze,Active
CUST01421,Divya Bose,divya.bose1420@example.com,2024-11-06 07:11:00,Mumbai,Gold,Suspended
CUST01422,Karan Desai,karan.desai1421@example.com,2024-01-03 20:43:00,Hyderabad,Silver,Active
CUST01423,Pooja Reddy,pooja.reddy1422@example.com,2023-10-23 00:20:00,Hyderabad,Platinum,Suspended
CUST01424,Karan Nair,karan.nair1423@example.com,2026-08-09 19:34:00,Indore,Platinum,Active
CUST01425,Priya Shetty,priya.shetty1424@example.com,2025-06-26 02:51:00,Surat,Platinum,Inactive
CUST01426,Sneha Gupta,sneha.gupta1425@example.com,2024-09-19 08:59:00,Coimbatore,Bronze,Active
CUST01427,Kavya Chatterjee,kavya.chatterjee1426@example.com,2025-05-08 05:13:00,Kolkata,Silver,Active
CUST01428,Kavya Joshi,kavya.joshi1427@example.com,2024-04-21 12:47:00,Lucknow,Platinum,Suspended
CUST01429,Aditya Pillai,aditya.pillai1428@example.com,2026-03-22 17:02:00,Jaipur,Platinum,Inactive
CUST01430,Vihaan Verma,vihaan.verma1429@example.com,2024-08-08 03:54:00,Nagpur,Silver,Active
CUST01431,Vikram Desai,vikram.desai1430@example.com,2025-03-09 03:17:00,Coimbatore,Bronze,Inactive
CUST01432,Rajesh Kapoor,rajesh.kapoor1431@example.com,2024-03-14 07:49:00,Delhi,Bronze,Active
CUST01433,Reyansh Pillai,reyansh.pillai1432@example.com,2025-03-26 02:38:00,Coimbatore,Silver,Active
CUST01434,Ira Kumar,ira.kumar1433@example.com,2024-11-11 11:23:00,Kochi,Silver,Suspended
CUST01435,Sai Agarwal,sai.agarwal1434@example.com,2024-05-19 15:41:00,Nagpur,Platinum,Active
CUST01436,Sneha Kapoor,sneha.kapoor1435@example.com,2025-08-26 22:23:00,Pune,Bronze,Active
CUST01437,Myra Patel,myra.patel1436@example.com,2023-10-21 01:39:00,Nagpur,Gold,Inactive
CUST01438,Priya Reddy,priya.reddy1437@example.com,2026-01-12 10:10:00,Delhi,Gold,Active
CUST01439,Amit Pillai,amit.pillai1438@example.com,2024-03-03 05:10:00,Lucknow,Platinum,Suspended
CUST01440,Anika Gupta,anika.gupta1439@example.com,2024-10-10 14:53:00,Ahmedabad,Gold,Suspended
CUST01441,Rajesh Kapoor,rajesh.kapoor1440@example.com,2026-09-03 08:01:00,Kolkata,Platinum,Active
CUST01442,Myra Verma,myra.verma1441@example.com,2025-11-23 09:17:00,Nagpur,Bronze,Active
CUST01443,Myra Kumar,myra.kumar1442@example.com,2025-11-17 07:42:00,Chennai,Gold,Active
CUST01444,Kavya Malhotra,kavya.malhotra1443@example.com,2025-10-22 14:29:00,Jaipur,Silver,Active
CUST01445,Myra Pillai,myra.pillai1444@example.com,2025-02-07 21:09:00,Nagpur,Bronze,Suspended
CUST01446,Vivaan Desai,vivaan.desai1445@example.com,2025-01-25 23:31:00,Surat,Bronze,Active
CUST01447,Myra Mehta,myra.mehta1446@example.com,2026-06-29 17:42:00,Jaipur,Bronze,Active
CUST01448,Neha Sharma,neha.sharma1447@example.com,2026-01-11 22:29:00,Chandigarh,Gold,Inactive
CUST01449,Saanvi Iyer,saanvi.iyer1448@example.com,2025-01-02 23:33:00,Mumbai,Silver,Suspended
CUST01450,Vikram Sharma,vikram.sharma1449@example.com,2024-09-29 02:07:00,Bengaluru,Silver,Active
CUST01451,Neha Reddy,neha.reddy1450@example.com,2026-09-19 22:44:00,Mumbai,Bronze,Inactive
CUST01452,Riya Gupta,riya.gupta1451@example.com,2025-12-12 12:04:00,Hyderabad,Platinum,Active
CUST01453,Vivaan Malhotra,vivaan.malhotra1452@example.com,2025-02-17 07:18:00,Mumbai,Platinum,Inactive
CUST01454,Diya Gupta,diya.gupta1453@example.com,2025-11-07 21:15:00,Chandigarh,Silver,Active
CUST01455,Ira Verma,ira.verma1454@example.com,2025-03-15 19:14:00,Coimbatore,Platinum,Active
CUST01456,Divya Gupta,divya.gupta1455@example.com,2025-08-14 10:23:00,Ahmedabad,Gold,Active
CUST01457,Divya Bose,divya.bose1456@example.com,2026-04-08 14:46:00,Bengaluru,Silver,Inactive
CUST01458,Vivaan Mehta,vivaan.mehta1457@example.com,2026-07-17 08:01:00,Ahmedabad,Bronze,Suspended
CUST01459,Aadhya Singh,aadhya.singh1458@example.com,2024-09-24 16:09:00,Chandigarh,Bronze,Inactive
CUST01460,Karan Kumar,karan.kumar1459@example.com,2024-07-21 10:35:00,Pune,Gold,Active
CUST01461,Karan Malhotra,karan.malhotra1460@example.com,2026-03-04 15:02:00,Hyderabad,Silver,Active
CUST01462,Diya Rao,diya.rao1461@example.com,2025-01-10 04:41:00,Delhi,Platinum,Active
CUST01463,Myra Rao,myra.rao1462@example.com,2025-10-01 05:33:00,Surat,Silver,Active
CUST01464,Saanvi Gupta,saanvi.gupta1463@example.com,2024-11-29 05:52:00,Lucknow,Platinum,Inactive
CUST01465,Priya Desai,priya.desai1464@example.com,2025-08-08 15:52:00,Lucknow,Platinum,Active
CUST01466,Arjun Joshi,arjun.joshi1465@example.com,2024-05-21 06:48:00,Pune,Gold,Inactive
CUST01467,Vihaan Singh,vihaan.singh1466@example.com,2025-01-12 14:55:00,Lucknow,Bronze,Active
CUST01468,Ira Rao,ira.rao1467@example.com,2025-01-20 05:01:00,Nagpur,Bronze,Suspended
CUST01469,Kavya Kumar,kavya.kumar1468@example.com,2024-02-19 06:49:00,Jaipur,Platinum,Active
CUST01470,Neha Nair,neha.nair1469@example.com,2024-08-12 10:54:00,Lucknow,Platinum,Suspended
CUST01471,Vikram Sharma,vikram.sharma1470@example.com,2025-12-11 07:32:00,Kochi,Platinum,Active
CUST01472,Karan Sharma,karan.sharma1471@example.com,2024-12-18 07:01:00,Indore,Platinum,Active
CUST01473,Rohan Chatterjee,rohan.chatterjee1472@example.com,2024-09-18 09:38:00,Kochi,Bronze,Active
CUST01474,Priya Desai,priya.desai1473@example.com,2024-04-28 09:34:00,Pune,Platinum,Active
CUST01475,Aadhya Desai,aadhya.desai1474@example.com,2024-06-02 09:59:00,Indore,Platinum,Inactive
CUST01476,Saanvi Nair,saanvi.nair1475@example.com,2026-07-28 10:55:00,Coimbatore,Platinum,Active
CUST01477,Krishna Chatterjee,krishna.chatterjee1476@example.com,2025-12-07 04:02:00,Chandigarh,Silver,Active
CUST01478,Diya Kumar,diya.kumar1477@example.com,2025-01-09 16:23:00,Indore,Silver,Active
CUST01479,Ishaan Reddy,ishaan.reddy1478@example.com,2023-11-07 12:52:00,Chennai,Platinum,Inactive
CUST01480,Divya Patel,divya.patel1479@example.com,2025-01-28 22:12:00,Hyderabad,Silver,Active
CUST01481,Vivaan Malhotra,vivaan.malhotra1480@example.com,2024-07-08 19:35:00,Mumbai,Platinum,Active
CUST01482,Meera Sharma,meera.sharma1481@example.com,2026-09-08 09:09:00,Pune,Gold,Active
CUST01483,Krishna Reddy,krishna.reddy1482@example.com,2023-10-26 09:07:00,Chennai,Bronze,Active
CUST01484,Aditya Patel,aditya.patel1483@example.com,2026-06-01 21:57:00,Delhi,Bronze,Active
CUST01485,Meera Verma,meera.verma1484@example.com,2025-03-16 03:54:00,Kochi,Platinum,Inactive
CUST01486,Myra Shetty,myra.shetty1485@example.com,2024-11-07 04:54:00,Kochi,Silver,Active
CUST01487,Priya Verma,priya.verma1486@example.com,2025-02-02 05:30:00,Delhi,Platinum,Inactive
CUST01488,Krishna Verma,krishna.verma1487@example.com,2024-11-11 22:53:00,Chennai,Platinum,Active
CUST01489,Saanvi Chatterjee,saanvi.chatterjee1488@example.com,2023-11-09 00:15:00,Lucknow,Silver,Suspended
CUST01490,Krishna Desai,krishna.desai1489@example.com,2026-06-04 01:47:00,Kolkata,Silver,Inactive
CUST01491,Reyansh Verma,reyansh.verma1490@example.com,2023-10-29 19:25:00,Kochi,Silver,Active
CUST01492,Arjun Kapoor,arjun.kapoor1491@example.com,2023-12-11 19:46:00,Delhi,Platinum,Active
CUST01493,Rohan Nair,rohan.nair1492@example.com,2025-11-08 14:20:00,Kochi,Platinum,Active
CUST01494,Vikram Pillai,vikram.pillai1493@example.com,2024-12-23 00:01:00,Bengaluru,Platinum,Inactive
CUST01495,Ananya Pillai,ananya.pillai1494@example.com,2026-09-07 08:21:00,Chandigarh,Platinum,Active
CUST01496,Meera Agarwal,meera.agarwal1495@example.com,2025-08-05 20:56:00,Lucknow,Bronze,Inactive
CUST01497,Krishna Mehta,krishna.mehta1496@example.com,2026-09-20 19:22:00,Jaipur,Silver,Active
CUST01498,Rajesh Kumar,rajesh.kumar1497@example.com,2026-01-16 07:54:00,Chandigarh,Platinum,Active
CUST01499,Priya Kapoor,priya.kapoor1498@example.com,2025-05-02 17:54:00,Hyderabad,Platinum,Active
CUST01500,Krishna Malhotra,krishna.malhotra1499@example.com,2024-01-24 23:07:00,Jaipur,Bronze,Active
CUST01501,Rohan Iyer,rohan.iyer1500@example.com,2023-11-20 09:35:00,Kolkata,Platinum,Active
CUST01502,Vivaan Desai,vivaan.desai1501@example.com,2026-05-30 20:41:00,Surat,Gold,Active
CUST01503,Riya Singh,riya.singh1502@example.com,2024-06-14 08:49:00,Coimbatore,Silver,Suspended
CUST01504,Rahul Malhotra,rahul.malhotra1503@example.com,2025-05-27 06:44:00,Pune,Silver,Active
CUST01505,Ira Bose,ira.bose1504@example.com,2024-04-04 02:21:00,Nagpur,Bronze,Inactive
CUST01506,Vivaan Joshi,vivaan.joshi1505@example.com,2026-01-11 10:51:00,Hyderabad,Platinum,Suspended
CUST01507,Rahul Rao,rahul.rao1506@example.com,2026-08-07 18:51:00,Delhi,Gold,Active
CUST01508,Pooja Kapoor,pooja.kapoor1507@example.com,2025-05-16 18:28:00,Pune,Silver,Suspended
CUST01509,Ananya Malhotra,ananya.malhotra1508@example.com,2025-08-06 08:30:00,Kolkata,Gold,Inactive
CUST01510,Aadhya Kumar,aadhya.kumar1509@example.com,2025-02-04 14:18:00,Bengaluru,Bronze,Suspended
CUST01511,Rohan Rao,rohan.rao1510@example.com,2026-02-28 05:29:00,Kolkata,Silver,Active
CUST01512,Sai Desai,sai.desai1511@example.com,2024-08-29 02:43:00,Chandigarh,Gold,Inactive
CUST01513,Anika Nair,anika.nair1512@example.com,2024-07-11 11:16:00,Surat,Gold,Inactive
CUST01514,Sneha Nair,sneha.nair1513@example.com,2026-02-13 09:34:00,Hyderabad,Platinum,Active
CUST01515,Rohan Kumar,rohan.kumar1514@example.com,2024-05-03 19:59:00,Delhi,Platinum,Active
CUST01516,Pooja Chatterjee,pooja.chatterjee1515@example.com,2025-02-17 09:53:00,Ahmedabad,Platinum,Active
CUST01517,Divya Verma,divya.verma1516@example.com,2024-07-15 23:23:00,Coimbatore,Silver,Active
CUST01518,Ira Malhotra,ira.malhotra1517@example.com,2025-01-08 22:19:00,Delhi,Platinum,Suspended
CUST01519,Aadhya Desai,aadhya.desai1518@example.com,2024-03-24 22:02:00,Jaipur,Gold,Suspended
CUST01520,Kavya Kumar,kavya.kumar1519@example.com,2024-09-24 19:31:00,Chandigarh,Platinum,Active
CUST01521,Saanvi Nair,saanvi.nair1520@example.com,2024-02-25 16:00:00,Bengaluru,Platinum,Suspended
CUST01522,Ishaan Reddy,ishaan.reddy1521@example.com,2025-10-31 12:28:00,Bengaluru,Gold,Inactive
CUST01523,Ananya Gupta,ananya.gupta1522@example.com,2023-11-25 17:38:00,Pune,Bronze,Inactive
CUST01524,Divya Chatterjee,divya.chatterjee1523@example.com,2023-10-11 11:28:00,Hyderabad,Silver,Active
CUST01525,Sneha Joshi,sneha.joshi1524@example.com,2026-05-15 18:19:00,Kochi,Gold,Active
CUST01526,Aditya Desai,aditya.desai1525@example.com,2025-11-14 12:19:00,Kochi,Bronze,Inactive
CUST01527,Neha Reddy,neha.reddy1526@example.com,2024-10-26 09:15:00,Mumbai,Gold,Active
CUST01528,Vivaan Iyer,vivaan.iyer1527@example.com,2025-12-08 15:10:00,Indore,Bronze,Active
CUST01529,Saanvi Shetty,saanvi.shetty1528@example.com,2025-01-08 11:56:00,Chandigarh,Bronze,Active
CUST01530,Meera Verma,meera.verma1529@example.com,2024-01-04 11:30:00,Chennai,Gold,Suspended
CUST01531,Sneha Gupta,sneha.gupta1530@example.com,2025-09-16 05:15:00,Surat,Bronze,Active
CUST01532,Reyansh Pillai,reyansh.pillai1531@example.com,2023-11-17 02:27:00,Surat,Platinum,Active
CUST01533,Neha Desai,neha.desai1532@example.com,2025-04-08 19:16:00,Kolkata,Bronze,Suspended
CUST01534,Reyansh Bose,reyansh.bose1533@example.com,2024-11-26 05:23:00,Ahmedabad,Platinum,Suspended
CUST01535,Reyansh Agarwal,reyansh.agarwal1534@example.com,2024-10-08 05:21:00,Indore,Gold,Active
CUST01536,Rohan Sharma,rohan.sharma1535@example.com,2024-06-16 21:58:00,Delhi,Platinum,Active
CUST01537,Reyansh Reddy,reyansh.reddy1536@example.com,2026-07-22 00:50:00,Chandigarh,Silver,Active
CUST01538,Neha Patel,neha.patel1537@example.com,2025-06-03 20:18:00,Bengaluru,Bronze,Active
CUST01539,Neha Bose,neha.bose1538@example.com,2026-02-15 08:01:00,Kochi,Silver,Active
CUST01540,Divya Nair,divya.nair1539@example.com,2024-01-19 13:12:00,Bengaluru,Gold,Suspended
CUST01541,Amit Shetty,amit.shetty1540@example.com,2025-06-03 00:10:00,Chandigarh,Platinum,Suspended
CUST01542,Amit Reddy,amit.reddy1541@example.com,2025-05-24 20:03:00,Kolkata,Gold,Inactive
CUST01543,Saanvi Nair,saanvi.nair1542@example.com,2025-09-29 00:03:00,Chennai,Bronze,Inactive
CUST01544,Ira Agarwal,ira.agarwal1543@example.com,2024-07-26 10:01:00,Nagpur,Platinum,Suspended
CUST01545,Karan Mehta,karan.mehta1544@example.com,2026-05-12 22:21:00,Bengaluru,Bronze,Active
CUST01546,Saanvi Chatterjee,saanvi.chatterjee1545@example.com,2025-04-26 20:58:00,Hyderabad,Bronze,Active
CUST01547,Ira Joshi,ira.joshi1546@example.com,2026-04-24 09:12:00,Hyderabad,Gold,Suspended
CUST01548,Rohan Iyer,rohan.iyer1547@example.com,2024-08-15 04:20:00,Ahmedabad,Platinum,Active
CUST01549,Diya Kapoor,diya.kapoor1548@example.com,2026-07-22 18:40:00,Delhi,Bronze,Inactive
CUST01550,Rajesh Bose,rajesh.bose1549@example.com,2026-02-12 01:32:00,Bengaluru,Bronze,Suspended
CUST01551,Myra Patel,myra.patel1550@example.com,2024-08-08 19:20:00,Ahmedabad,Gold,Suspended
CUST01552,Pooja Bose,pooja.bose1551@example.com,2025-08-07 17:44:00,Chennai,Bronze,Suspended
CUST01553,Karan Agarwal,karan.agarwal1552@example.com,2023-12-20 09:17:00,Coimbatore,Bronze,Active
CUST01554,Divya Reddy,divya.reddy1553@example.com,2025-02-12 16:48:00,Lucknow,Silver,Active
CUST01555,Diya Agarwal,diya.agarwal1554@example.com,2025-10-24 10:08:00,Chennai,Gold,Suspended
CUST01556,Aadhya Verma,aadhya.verma1555@example.com,2023-10-04 17:55:00,Chandigarh,Gold,Suspended
CUST01557,Riya Nair,riya.nair1556@example.com,2026-08-02 03:18:00,Indore,Silver,Active
CUST01558,Neha Kumar,neha.kumar1557@example.com,2026-03-07 17:58:00,Hyderabad,Platinum,Suspended
CUST01559,Aarav Iyer,aarav.iyer1558@example.com,2025-12-07 23:37:00,Ahmedabad,Platinum,Active
CUST01560,Ira Pillai,ira.pillai1559@example.com,2024-06-07 05:26:00,Surat,Gold,Inactive
CUST01561,Riya Malhotra,riya.malhotra1560@example.com,2026-04-26 13:49:00,Mumbai,Platinum,Active
CUST01562,Rohan Kumar,rohan.kumar1561@example.com,2023-10-05 08:48:00,Mumbai,Bronze,Active
CUST01563,Reyansh Agarwal,reyansh.agarwal1562@example.com,2025-07-23 05:08:00,Chandigarh,Silver,Active
CUST01564,Krishna Rao,krishna.rao1563@example.com,2024-01-24 07:38:00,Hyderabad,Bronze,Active
CUST01565,Riya Nair,riya.nair1564@example.com,2024-09-20 04:03:00,Hyderabad,Silver,Active
CUST01566,Anika Desai,anika.desai1565@example.com,2025-12-12 21:32:00,Mumbai,Silver,Active
CUST01567,Rahul Agarwal,rahul.agarwal1566@example.com,2024-04-28 03:36:00,Lucknow,Bronze,Active
CUST01568,Ishaan Bose,ishaan.bose1567@example.com,2026-04-28 05:55:00,Chandigarh,Bronze,Active
CUST01569,Neha Bose,neha.bose1568@example.com,2026-01-03 07:41:00,Mumbai,Bronze,Suspended
CUST01570,Myra Singh,myra.singh1569@example.com,2026-02-26 20:29:00,Chennai,Silver,Suspended
CUST01571,Neha Joshi,neha.joshi1570@example.com,2025-06-05 22:22:00,Lucknow,Gold,Suspended
CUST01572,Sai Kumar,sai.kumar1571@example.com,2024-11-12 23:46:00,Kolkata,Bronze,Inactive
CUST01573,Neha Desai,neha.desai1572@example.com,2025-02-04 15:36:00,Kochi,Bronze,Active
CUST01574,Anika Singh,anika.singh1573@example.com,2024-09-18 21:05:00,Kolkata,Platinum,Active
CUST01575,Divya Desai,divya.desai1574@example.com,2025-11-01 14:56:00,Nagpur,Bronze,Active
CUST01576,Rahul Verma,rahul.verma1575@example.com,2023-09-22 05:45:00,Delhi,Platinum,Active
CUST01577,Kavya Verma,kavya.verma1576@example.com,2023-10-26 04:28:00,Chandigarh,Gold,Active
CUST01578,Vikram Gupta,vikram.gupta1577@example.com,2024-12-20 11:21:00,Coimbatore,Silver,Active
CUST01579,Vikram Verma,vikram.verma1578@example.com,2026-05-27 06:16:00,Kolkata,Bronze,Inactive
CUST01580,Karan Sharma,karan.sharma1579@example.com,2026-02-05 05:30:00,Nagpur,Platinum,Inactive
CUST01581,Aadhya Kumar,aadhya.kumar1580@example.com,2025-03-31 03:59:00,Nagpur,Gold,Suspended
CUST01582,Vikram Nair,vikram.nair1581@example.com,2026-07-16 13:34:00,Chennai,Silver,Inactive
CUST01583,Aditya Kumar,aditya.kumar1582@example.com,2025-04-04 17:39:00,Kochi,Silver,Active
CUST01584,Aarav Reddy,aarav.reddy1583@example.com,2026-05-22 19:47:00,Delhi,Silver,Active
CUST01585,Kavya Chatterjee,kavya.chatterjee1584@example.com,2024-11-14 02:02:00,Kolkata,Silver,Inactive
CUST01586,Diya Verma,diya.verma1585@example.com,2026-05-16 16:29:00,Indore,Silver,Inactive
CUST01587,Meera Shetty,meera.shetty1586@example.com,2026-04-24 05:03:00,Nagpur,Platinum,Suspended
CUST01588,Divya Bose,divya.bose1587@example.com,2026-07-10 12:56:00,Ahmedabad,Silver,Inactive
CUST01589,Priya Bose,priya.bose1588@example.com,2024-05-21 04:13:00,Kolkata,Bronze,Active
CUST01590,Aarav Sharma,aarav.sharma1589@example.com,2026-04-08 06:30:00,Indore,Bronze,Inactive
CUST01591,Ira Desai,ira.desai1590@example.com,2025-12-29 15:14:00,Ahmedabad,Platinum,Suspended
CUST01592,Aadhya Sharma,aadhya.sharma1591@example.com,2026-06-27 20:58:00,Mumbai,Silver,Active
CUST01593,Aarav Kapoor,aarav.kapoor1592@example.com,2023-12-08 07:46:00,Bengaluru,Bronze,Active
CUST01594,Neha Iyer,neha.iyer1593@example.com,2024-10-03 10:30:00,Chandigarh,Bronze,Inactive
CUST01595,Ira Mehta,ira.mehta1594@example.com,2025-01-07 16:59:00,Chandigarh,Platinum,Active
CUST01596,Aarav Kapoor,aarav.kapoor1595@example.com,2026-05-30 23:11:00,Surat,Silver,Suspended
CUST01597,Vikram Malhotra,vikram.malhotra1596@example.com,2025-08-15 06:22:00,Delhi,Bronze,Inactive
CUST01598,Pooja Singh,pooja.singh1597@example.com,2024-08-05 02:17:00,Indore,Silver,Inactive
CUST01599,Vihaan Patel,vihaan.patel1598@example.com,2026-08-14 06:30:00,Lucknow,Gold,Active
CUST01600,Kavya Kumar,kavya.kumar1599@example.com,2026-06-06 11:11:00,Kochi,Silver,Active
CUST01601,Krishna Reddy,krishna.reddy1600@example.com,2024-08-09 01:52:00,Ahmedabad,Platinum,Active
CUST01602,Meera Kapoor,meera.kapoor1601@example.com,2024-04-23 01:33:00,Delhi,Platinum,Active
CUST01603,Ishaan Joshi,ishaan.joshi1602@example.com,2025-12-12 20:32:00,Chandigarh,Silver,Suspended
CUST01604,Ishaan Rao,ishaan.rao1603@example.com,2026-01-22 04:03:00,Nagpur,Gold,Inactive
CUST01605,Aditya Joshi,aditya.joshi1604@example.com,2024-08-28 12:48:00,Nagpur,Platinum,Inactive
CUST01606,Saanvi Chatterjee,saanvi.chatterjee1605@example.com,2024-10-18 10:02:00,Ahmedabad,Gold,Suspended
CUST01607,Riya Nair,riya.nair1606@example.com,2026-05-25 16:46:00,Coimbatore,Silver,Active
CUST01608,Amit Nair,amit.nair1607@example.com,2026-03-16 06:00:00,Pune,Platinum,Active
CUST01609,Rohan Gupta,rohan.gupta1608@example.com,2025-06-12 10:13:00,Indore,Gold,Inactive
CUST01610,Rahul Verma,rahul.verma1609@example.com,2026-06-19 23:05:00,Indore,Bronze,Active
CUST01611,Aditya Rao,aditya.rao1610@example.com,2025-04-27 22:56:00,Hyderabad,Gold,Active
CUST01612,Saanvi Rao,saanvi.rao1611@example.com,2026-05-27 19:32:00,Hyderabad,Platinum,Inactive
CUST01613,Ira Bose,ira.bose1612@example.com,2025-09-16 14:58:00,Nagpur,Bronze,Active
CUST01614,Vivaan Sharma,vivaan.sharma1613@example.com,2024-12-16 12:22:00,Lucknow,Gold,Suspended
CUST01615,Amit Singh,amit.singh1614@example.com,2025-05-08 14:52:00,Ahmedabad,Gold,Active
CUST01616,Aditya Bose,aditya.bose1615@example.com,2024-06-28 08:18:00,Nagpur,Platinum,Active
CUST01617,Sneha Malhotra,sneha.malhotra1616@example.com,2026-01-13 02:56:00,Mumbai,Gold,Active
CUST01618,Rahul Agarwal,rahul.agarwal1617@example.com,2026-04-17 15:26:00,Chennai,Platinum,Active
CUST01619,Riya Patel,riya.patel1618@example.com,2025-07-26 08:15:00,Ahmedabad,Platinum,Active
CUST01620,Rajesh Kapoor,rajesh.kapoor1619@example.com,2024-09-19 16:32:00,Coimbatore,Gold,Inactive
CUST01621,Divya Verma,divya.verma1620@example.com,2025-01-09 12:11:00,Coimbatore,Bronze,Active
CUST01622,Krishna Reddy,krishna.reddy1621@example.com,2025-01-29 03:45:00,Pune,Platinum,Active
CUST01623,Rajesh Pillai,rajesh.pillai1622@example.com,2023-10-08 15:40:00,Kochi,Platinum,Inactive
CUST01624,Anika Iyer,anika.iyer1623@example.com,2023-11-24 20:57:00,Bengaluru,Silver,Active
CUST01625,Vivaan Gupta,vivaan.gupta1624@example.com,2024-10-11 10:15:00,Pune,Gold,Active
CUST01626,Priya Iyer,priya.iyer1625@example.com,2023-12-30 15:55:00,Surat,Gold,Active
CUST01627,Rajesh Desai,rajesh.desai1626@example.com,2025-07-31 19:07:00,Nagpur,Gold,Inactive
CUST01628,Riya Verma,riya.verma1627@example.com,2023-10-20 16:41:00,Surat,Gold,Inactive
CUST01629,Sai Agarwal,sai.agarwal1628@example.com,2025-07-16 20:37:00,Bengaluru,Silver,Active
CUST01630,Aarav Reddy,aarav.reddy1629@example.com,2025-12-04 22:45:00,Chandigarh,Gold,Active
CUST01631,Riya Kumar,riya.kumar1630@example.com,2024-04-02 03:12:00,Ahmedabad,Gold,Active
CUST01632,Karan Rao,karan.rao1631@example.com,2024-03-05 20:59:00,Lucknow,Bronze,Active
CUST01633,Divya Gupta,divya.gupta1632@example.com,2023-12-04 22:43:00,Pune,Gold,Active
CUST01634,Rohan Singh,rohan.singh1633@example.com,2025-02-28 05:36:00,Delhi,Platinum,Active
CUST01635,Riya Nair,riya.nair1634@example.com,2025-01-13 21:57:00,Nagpur,Platinum,Suspended
CUST01636,Riya Rao,riya.rao1635@example.com,2025-02-26 04:36:00,Jaipur,Platinum,Active
CUST01637,Priya Desai,priya.desai1636@example.com,2023-12-11 23:05:00,Jaipur,Gold,Suspended
CUST01638,Ananya Rao,ananya.rao1637@example.com,2024-07-29 11:32:00,Delhi,Silver,Inactive
CUST01639,Karan Kumar,karan.kumar1638@example.com,2026-06-22 16:47:00,Surat,Gold,Active
CUST01640,Pooja Gupta,pooja.gupta1639@example.com,2024-08-05 18:18:00,Delhi,Silver,Active
CUST01641,Kavya Joshi,kavya.joshi1640@example.com,2024-04-21 06:57:00,Mumbai,Gold,Active
CUST01642,Vivaan Patel,vivaan.patel1641@example.com,2025-01-04 22:26:00,Hyderabad,Silver,Inactive
CUST01643,Aadhya Nair,aadhya.nair1642@example.com,2024-10-08 23:02:00,Kochi,Gold,Active
CUST01644,Vikram Gupta,vikram.gupta1643@example.com,2024-11-01 15:09:00,Chandigarh,Platinum,Active
CUST01645,Ananya Shetty,ananya.shetty1644@example.com,2025-07-04 23:39:00,Kolkata,Silver,Active
CUST01646,Karan Shetty,karan.shetty1645@example.com,2024-04-15 10:10:00,Chandigarh,Platinum,Suspended
CUST01647,Meera Rao,meera.rao1646@example.com,2026-05-27 20:25:00,Lucknow,Platinum,Active
CUST01648,Karan Agarwal,karan.agarwal1647@example.com,2024-07-18 00:01:00,Surat,Silver,Inactive
CUST01649,Aarav Iyer,aarav.iyer1648@example.com,2025-02-09 06:31:00,Jaipur,Platinum,Active
CUST01650,Pooja Chatterjee,pooja.chatterjee1649@example.com,2024-05-05 05:14:00,Mumbai,Platinum,Active
CUST01651,Anika Nair,anika.nair1650@example.com,2023-10-24 15:50:00,Indore,Gold,Active
CUST01652,Diya Desai,diya.desai1651@example.com,2024-08-01 09:13:00,Hyderabad,Gold,Active
CUST01653,Saanvi Malhotra,saanvi.malhotra1652@example.com,2025-05-21 19:02:00,Mumbai,Silver,Active
CUST01654,Sai Pillai,sai.pillai1653@example.com,2026-08-20 15:09:00,Kolkata,Silver,Active
CUST01655,Priya Rao,priya.rao1654@example.com,2025-03-08 21:45:00,Bengaluru,Bronze,Active
CUST01656,Aditya Shetty,aditya.shetty1655@example.com,2025-01-23 13:24:00,Chennai,Platinum,Active
CUST01657,Rohan Nair,rohan.nair1656@example.com,2024-07-04 22:21:00,Coimbatore,Platinum,Active
CUST01658,Amit Gupta,amit.gupta1657@example.com,2025-03-08 12:43:00,Kolkata,Gold,Active
CUST01659,Aditya Iyer,aditya.iyer1658@example.com,2025-04-25 03:09:00,Bengaluru,Platinum,Inactive
CUST01660,Arjun Rao,arjun.rao1659@example.com,2026-08-26 20:41:00,Jaipur,Bronze,Suspended
CUST01661,Amit Kumar,amit.kumar1660@example.com,2024-12-02 15:06:00,Chennai,Gold,Suspended
CUST01662,Neha Rao,neha.rao1661@example.com,2025-09-19 09:31:00,Coimbatore,Silver,Active
CUST01663,Ananya Joshi,ananya.joshi1662@example.com,2026-08-16 10:00:00,Surat,Silver,Suspended
CUST01664,Vihaan Gupta,vihaan.gupta1663@example.com,2024-02-08 22:38:00,Kolkata,Platinum,Inactive
CUST01665,Aarav Mehta,aarav.mehta1664@example.com,2024-01-11 03:06:00,Surat,Silver,Inactive
CUST01666,Myra Joshi,myra.joshi1665@example.com,2025-07-01 10:57:00,Chennai,Gold,Active
CUST01667,Karan Iyer,karan.iyer1666@example.com,2026-04-11 15:03:00,Hyderabad,Gold,Active
CUST01668,Vihaan Kumar,vihaan.kumar1667@example.com,2024-12-16 21:32:00,Jaipur,Silver,Active
CUST01669,Aditya Singh,aditya.singh1668@example.com,2025-09-17 15:11:00,Jaipur,Platinum,Active
CUST01670,Aadhya Chatterjee,aadhya.chatterjee1669@example.com,2025-03-04 15:05:00,Jaipur,Gold,Inactive
CUST01671,Ira Desai,ira.desai1670@example.com,2023-12-12 19:46:00,Kochi,Bronze,Inactive
CUST01672,Kavya Malhotra,kavya.malhotra1671@example.com,2025-09-28 19:05:00,Hyderabad,Gold,Suspended
CUST01673,Vihaan Sharma,vihaan.sharma1672@example.com,2026-06-11 16:53:00,Ahmedabad,Bronze,Suspended
CUST01674,Aditya Joshi,aditya.joshi1673@example.com,2026-07-04 18:17:00,Chandigarh,Gold,Active
CUST01675,Ira Gupta,ira.gupta1674@example.com,2023-11-18 09:23:00,Kolkata,Gold,Active
CUST01676,Meera Shetty,meera.shetty1675@example.com,2024-12-10 22:25:00,Bengaluru,Bronze,Suspended
CUST01677,Pooja Agarwal,pooja.agarwal1676@example.com,2025-06-11 22:15:00,Surat,Gold,Inactive
CUST01678,Sneha Rao,sneha.rao1677@example.com,2025-04-08 15:59:00,Mumbai,Bronze,Active
CUST01679,Aarav Mehta,aarav.mehta1678@example.com,2024-09-27 06:15:00,Surat,Silver,Inactive
CUST01680,Aadhya Rao,aadhya.rao1679@example.com,2026-06-21 04:45:00,Coimbatore,Gold,Inactive
CUST01681,Karan Gupta,karan.gupta1680@example.com,2024-10-04 20:56:00,Nagpur,Platinum,Active
CUST01682,Neha Desai,neha.desai1681@example.com,2023-11-17 09:53:00,Jaipur,Platinum,Suspended
CUST01683,Rajesh Nair,rajesh.nair1682@example.com,2023-11-09 21:45:00,Bengaluru,Silver,Inactive
CUST01684,Riya Kapoor,riya.kapoor1683@example.com,2025-07-30 13:24:00,Pune,Bronze,Active
CUST01685,Sai Rao,sai.rao1684@example.com,2024-08-21 02:34:00,Pune,Bronze,Inactive
CUST01686,Sai Kumar,sai.kumar1685@example.com,2026-04-27 03:33:00,Jaipur,Platinum,Suspended
CUST01687,Ishaan Mehta,ishaan.mehta1686@example.com,2025-02-18 19:59:00,Kochi,Silver,Active
CUST01688,Ishaan Bose,ishaan.bose1687@example.com,2024-11-21 04:10:00,Jaipur,Gold,Active
CUST01689,Arjun Gupta,arjun.gupta1688@example.com,2024-09-13 13:34:00,Chandigarh,Silver,Active
CUST01690,Sai Malhotra,sai.malhotra1689@example.com,2024-08-14 08:42:00,Indore,Silver,Suspended
CUST01691,Ishaan Malhotra,ishaan.malhotra1690@example.com,2026-07-19 18:37:00,Hyderabad,Bronze,Active
CUST01692,Rohan Bose,rohan.bose1691@example.com,2026-06-21 14:01:00,Ahmedabad,Platinum,Inactive
CUST01693,Pooja Gupta,pooja.gupta1692@example.com,2025-11-17 05:59:00,Chandigarh,Platinum,Inactive
CUST01694,Diya Iyer,diya.iyer1693@example.com,2026-02-15 04:47:00,Kochi,Silver,Active
CUST01695,Krishna Bose,krishna.bose1694@example.com,2024-12-18 07:15:00,Chennai,Platinum,Active
CUST01696,Meera Shetty,meera.shetty1695@example.com,2023-11-15 05:15:00,Coimbatore,Silver,Active
CUST01697,Reyansh Chatterjee,reyansh.chatterjee1696@example.com,2024-10-16 17:36:00,Hyderabad,Gold,Active
CUST01698,Vihaan Kumar,vihaan.kumar1697@example.com,2026-07-16 02:14:00,Kochi,Gold,Suspended
CUST01699,Rohan Sharma,rohan.sharma1698@example.com,2025-11-17 11:12:00,Jaipur,Gold,Active
CUST01700,Saanvi Agarwal,saanvi.agarwal1699@example.com,2026-04-13 21:01:00,Kolkata,Bronze,Active
CUST01701,Vikram Shetty,vikram.shetty1700@example.com,2025-06-18 05:28:00,Bengaluru,Silver,Active
CUST01702,Saanvi Agarwal,saanvi.agarwal1701@example.com,2024-05-17 06:14:00,Surat,Bronze,Suspended
CUST01703,Myra Agarwal,myra.agarwal1702@example.com,2026-01-15 07:09:00,Hyderabad,Bronze,Suspended
CUST01704,Aadhya Shetty,aadhya.shetty1703@example.com,2026-06-07 04:30:00,Hyderabad,Platinum,Active
CUST01705,Arjun Mehta,arjun.mehta1704@example.com,2023-10-12 07:32:00,Nagpur,Silver,Active
CUST01706,Ananya Shetty,ananya.shetty1705@example.com,2024-12-10 15:48:00,Jaipur,Gold,Suspended
CUST01707,Amit Reddy,amit.reddy1706@example.com,2025-01-28 16:39:00,Mumbai,Gold,Inactive
CUST01708,Anika Agarwal,anika.agarwal1707@example.com,2025-05-11 12:46:00,Kolkata,Bronze,Inactive
CUST01709,Sai Rao,sai.rao1708@example.com,2024-03-01 13:13:00,Lucknow,Gold,Active
CUST01710,Ananya Mehta,ananya.mehta1709@example.com,2026-01-27 01:45:00,Kolkata,Bronze,Active
CUST01711,Neha Bose,neha.bose1710@example.com,2024-03-23 00:04:00,Delhi,Silver,Inactive
CUST01712,Riya Nair,riya.nair1711@example.com,2024-06-03 12:55:00,Coimbatore,Bronze,Active
CUST01713,Ananya Rao,ananya.rao1712@example.com,2024-09-30 06:28:00,Kolkata,Gold,Active
CUST01714,Ishaan Rao,ishaan.rao1713@example.com,2026-04-17 12:19:00,Coimbatore,Gold,Suspended
CUST01715,Diya Patel,diya.patel1714@example.com,2024-01-03 04:46:00,Kochi,Bronze,Active
CUST01716,Divya Pillai,divya.pillai1715@example.com,2024-03-15 10:46:00,Indore,Silver,Active
CUST01717,Reyansh Pillai,reyansh.pillai1716@example.com,2026-01-07 06:45:00,Ahmedabad,Bronze,Suspended
CUST01718,Ira Singh,ira.singh1717@example.com,2024-06-08 02:23:00,Ahmedabad,Gold,Suspended
CUST01719,Priya Desai,priya.desai1718@example.com,2025-12-12 04:44:00,Kolkata,Silver,Active
CUST01720,Aarav Chatterjee,aarav.chatterjee1719@example.com,2025-02-10 13:40:00,Nagpur,Gold,Active
CUST01721,Amit Reddy,amit.reddy1720@example.com,2026-01-22 21:34:00,Lucknow,Silver,Inactive
CUST01722,Myra Mehta,myra.mehta1721@example.com,2024-05-11 07:51:00,Coimbatore,Bronze,Active
CUST01723,Vikram Gupta,vikram.gupta1722@example.com,2023-12-13 03:04:00,Kochi,Silver,Active
CUST01724,Vikram Malhotra,vikram.malhotra1723@example.com,2025-08-11 18:04:00,Bengaluru,Platinum,Inactive
CUST01725,Priya Bose,priya.bose1724@example.com,2024-03-05 23:50:00,Jaipur,Gold,Inactive
CUST01726,Arjun Mehta,arjun.mehta1725@example.com,2026-01-16 10:44:00,Hyderabad,Silver,Active
CUST01727,Krishna Iyer,krishna.iyer1726@example.com,2024-02-01 00:54:00,Ahmedabad,Silver,Suspended
CUST01728,Priya Kumar,priya.kumar1727@example.com,2026-01-05 22:07:00,Bengaluru,Platinum,Suspended
CUST01729,Amit Malhotra,amit.malhotra1728@example.com,2024-04-20 23:16:00,Bengaluru,Gold,Active
CUST01730,Pooja Rao,pooja.rao1729@example.com,2025-10-14 21:52:00,Hyderabad,Silver,Active
CUST01731,Aditya Chatterjee,aditya.chatterjee1730@example.com,2023-11-01 07:02:00,Indore,Bronze,Active
CUST01732,Meera Bose,meera.bose1731@example.com,2024-07-18 10:38:00,Kolkata,Bronze,Active
CUST01733,Riya Rao,riya.rao1732@example.com,2026-01-02 11:16:00,Surat,Bronze,Active
CUST01734,Ira Kapoor,ira.kapoor1733@example.com,2025-05-14 01:42:00,Bengaluru,Silver,Active
CUST01735,Divya Malhotra,divya.malhotra1734@example.com,2026-01-20 13:03:00,Pune,Silver,Active
CUST01736,Ira Verma,ira.verma1735@example.com,2024-10-31 05:22:00,Chennai,Gold,Active
CUST01737,Pooja Joshi,pooja.joshi1736@example.com,2026-02-12 00:58:00,Nagpur,Bronze,Suspended
CUST01738,Amit Desai,amit.desai1737@example.com,2026-04-22 00:02:00,Chennai,Gold,Suspended
CUST01739,Meera Gupta,meera.gupta1738@example.com,2024-09-24 09:02:00,Indore,Silver,Active
CUST01740,Vihaan Nair,vihaan.nair1739@example.com,2024-06-05 03:32:00,Jaipur,Platinum,Active
CUST01741,Priya Joshi,priya.joshi1740@example.com,2024-04-11 14:12:00,Pune,Gold,Active
CUST01742,Sai Shetty,sai.shetty1741@example.com,2024-01-17 01:52:00,Mumbai,Silver,Suspended
CUST01743,Vivaan Pillai,vivaan.pillai1742@example.com,2025-09-10 00:11:00,Jaipur,Platinum,Inactive
CUST01744,Rahul Rao,rahul.rao1743@example.com,2023-11-12 21:51:00,Delhi,Gold,Active
CUST01745,Karan Agarwal,karan.agarwal1744@example.com,2026-09-05 05:23:00,Pune,Silver,Inactive
CUST01746,Pooja Malhotra,pooja.malhotra1745@example.com,2024-08-24 02:19:00,Ahmedabad,Platinum,Active
CUST01747,Vihaan Sharma,vihaan.sharma1746@example.com,2024-03-06 11:40:00,Delhi,Platinum,Suspended
CUST01748,Vihaan Iyer,vihaan.iyer1747@example.com,2024-04-05 18:28:00,Mumbai,Silver,Active
CUST01749,Krishna Kapoor,krishna.kapoor1748@example.com,2025-02-25 20:46:00,Indore,Gold,Active
CUST01750,Neha Kapoor,neha.kapoor1749@example.com,2025-01-20 08:39:00,Kochi,Bronze,Active
CUST01751,Ira Pillai,ira.pillai1750@example.com,2026-06-14 05:27:00,Kochi,Bronze,Inactive
CUST01752,Amit Pillai,amit.pillai1751@example.com,2023-10-11 05:28:00,Chennai,Gold,Suspended
CUST01753,Krishna Chatterjee,krishna.chatterjee1752@example.com,2024-04-30 14:40:00,Bengaluru,Platinum,Suspended
CUST01754,Diya Rao,diya.rao1753@example.com,2024-07-26 13:12:00,Jaipur,Silver,Active
CUST01755,Myra Pillai,myra.pillai1754@example.com,2025-09-20 19:58:00,Jaipur,Silver,Active
CUST01756,Amit Kapoor,amit.kapoor1755@example.com,2025-07-16 10:27:00,Delhi,Gold,Suspended
CUST01757,Arjun Joshi,arjun.joshi1756@example.com,2025-02-28 05:04:00,Bengaluru,Gold,Active
CUST01758,Aarav Bose,aarav.bose1757@example.com,2024-12-16 20:38:00,Mumbai,Gold,Active
CUST01759,Vihaan Mehta,vihaan.mehta1758@example.com,2025-02-14 18:53:00,Coimbatore,Gold,Suspended
CUST01760,Aadhya Gupta,aadhya.gupta1759@example.com,2025-02-08 15:29:00,Jaipur,Bronze,Active
CUST01761,Vihaan Kumar,vihaan.kumar1760@example.com,2024-04-05 16:04:00,Hyderabad,Gold,Active
CUST01762,Diya Mehta,diya.mehta1761@example.com,2025-10-09 14:02:00,Kolkata,Platinum,Active
CUST01763,Ananya Chatterjee,ananya.chatterjee1762@example.com,2025-04-07 04:12:00,Pune,Bronze,Active
CUST01764,Pooja Reddy,pooja.reddy1763@example.com,2026-02-15 16:18:00,Jaipur,Bronze,Active
CUST01765,Kavya Bose,kavya.bose1764@example.com,2025-02-27 19:54:00,Indore,Silver,Inactive
CUST01766,Diya Bose,diya.bose1765@example.com,2025-07-24 06:07:00,Ahmedabad,Gold,Active
CUST01767,Vihaan Chatterjee,vihaan.chatterjee1766@example.com,2023-11-14 18:59:00,Delhi,Bronze,Active
CUST01768,Neha Chatterjee,neha.chatterjee1767@example.com,2026-07-01 06:26:00,Mumbai,Bronze,Active
CUST01769,Ananya Gupta,ananya.gupta1768@example.com,2025-08-17 23:29:00,Coimbatore,Platinum,Inactive
CUST01770,Rohan Verma,rohan.verma1769@example.com,2026-07-30 12:47:00,Lucknow,Gold,Inactive
CUST01771,Pooja Patel,pooja.patel1770@example.com,2025-02-20 05:33:00,Hyderabad,Gold,Active
CUST01772,Aarav Agarwal,aarav.agarwal1771@example.com,2024-03-23 07:52:00,Chennai,Gold,Active
CUST01773,Rahul Patel,rahul.patel1772@example.com,2024-03-05 14:02:00,Chennai,Gold,Inactive
CUST01774,Priya Singh,priya.singh1773@example.com,2026-02-08 01:15:00,Jaipur,Silver,Inactive
CUST01775,Divya Nair,divya.nair1774@example.com,2026-01-18 09:04:00,Kochi,Platinum,Active
CUST01776,Kavya Singh,kavya.singh1775@example.com,2024-04-18 08:44:00,Bengaluru,Bronze,Suspended
CUST01777,Ira Singh,ira.singh1776@example.com,2026-03-27 19:43:00,Coimbatore,Platinum,Inactive
CUST01778,Ananya Desai,ananya.desai1777@example.com,2026-01-25 12:09:00,Chennai,Silver,Active
CUST01779,Aadhya Chatterjee,aadhya.chatterjee1778@example.com,2026-04-12 00:10:00,Nagpur,Platinum,Active
CUST01780,Krishna Rao,krishna.rao1779@example.com,2025-06-22 00:56:00,Jaipur,Silver,Inactive
CUST01781,Rahul Singh,rahul.singh1780@example.com,2024-11-20 18:28:00,Surat,Bronze,Active
CUST01782,Sai Malhotra,sai.malhotra1781@example.com,2024-11-03 15:31:00,Kolkata,Platinum,Suspended
CUST01783,Saanvi Sharma,saanvi.sharma1782@example.com,2023-11-05 02:11:00,Pune,Platinum,Inactive
CUST01784,Neha Shetty,neha.shetty1783@example.com,2026-04-22 01:16:00,Pune,Silver,Suspended
CUST01785,Rajesh Reddy,rajesh.reddy1784@example.com,2024-12-15 22:33:00,Indore,Silver,Active
CUST01786,Myra Pillai,myra.pillai1785@example.com,2026-02-27 01:10:00,Delhi,Platinum,Inactive
CUST01787,Aadhya Rao,aadhya.rao1786@example.com,2023-10-19 13:48:00,Coimbatore,Gold,Suspended
CUST01788,Aarav Reddy,aarav.reddy1787@example.com,2026-07-10 03:20:00,Lucknow,Platinum,Active
CUST01789,Reyansh Iyer,reyansh.iyer1788@example.com,2026-09-04 16:52:00,Chennai,Bronze,Active
CUST01790,Karan Gupta,karan.gupta1789@example.com,2024-08-11 16:17:00,Pune,Silver,Inactive
CUST01791,Riya Patel,riya.patel1790@example.com,2025-08-16 15:30:00,Lucknow,Bronze,Active
CUST01792,Pooja Desai,pooja.desai1791@example.com,2025-11-14 08:08:00,Bengaluru,Gold,Suspended
CUST01793,Sai Joshi,sai.joshi1792@example.com,2025-09-02 00:29:00,Jaipur,Platinum,Active
CUST01794,Ananya Reddy,ananya.reddy1793@example.com,2025-02-19 19:48:00,Kolkata,Gold,Suspended
CUST01795,Myra Patel,myra.patel1794@example.com,2026-03-23 07:06:00,Pune,Platinum,Suspended
CUST01796,Ishaan Bose,ishaan.bose1795@example.com,2025-07-09 23:33:00,Surat,Silver,Active
CUST01797,Kavya Agarwal,kavya.agarwal1796@example.com,2026-05-06 08:25:00,Hyderabad,Platinum,Active
CUST01798,Meera Rao,meera.rao1797@example.com,2025-07-20 01:49:00,Hyderabad,Gold,Active
CUST01799,Meera Rao,meera.rao1798@example.com,2026-07-03 10:16:00,Mumbai,Bronze,Active
CUST01800,Riya Patel,riya.patel1799@example.com,2025-03-31 04:36:00,Mumbai,Silver,Active
CUST01801,Diya Joshi,diya.joshi1800@example.com,2025-05-28 03:38:00,Kolkata,Platinum,Active
CUST01802,Sneha Chatterjee,sneha.chatterjee1801@example.com,2024-01-03 07:18:00,Lucknow,Bronze,Inactive
CUST01803,Meera Singh,meera.singh1802@example.com,2025-09-17 14:07:00,Nagpur,Gold,Active
CUST01804,Vikram Mehta,vikram.mehta1803@example.com,2025-06-03 14:18:00,Surat,Bronze,Suspended
CUST01805,Divya Shetty,divya.shetty1804@example.com,2024-01-01 08:10:00,Hyderabad,Platinum,Active
CUST01806,Riya Gupta,riya.gupta1805@example.com,2024-07-09 04:38:00,Nagpur,Platinum,Inactive
CUST01807,Priya Kumar,priya.kumar1806@example.com,2024-01-09 14:54:00,Kolkata,Silver,Active
CUST01808,Ananya Patel,ananya.patel1807@example.com,2025-06-29 20:04:00,Mumbai,Bronze,Active
CUST01809,Krishna Mehta,krishna.mehta1808@example.com,2025-02-09 10:32:00,Coimbatore,Bronze,Suspended
CUST01810,Vihaan Singh,vihaan.singh1809@example.com,2024-11-23 16:18:00,Bengaluru,Platinum,Active
CUST01811,Diya Kumar,diya.kumar1810@example.com,2024-05-03 20:49:00,Chennai,Silver,Active
CUST01812,Kavya Rao,kavya.rao1811@example.com,2024-02-12 13:18:00,Nagpur,Bronze,Active
CUST01813,Aadhya Shetty,aadhya.shetty1812@example.com,2026-01-31 12:16:00,Kochi,Platinum,Suspended
CUST01814,Arjun Pillai,arjun.pillai1813@example.com,2024-06-27 01:52:00,Pune,Silver,Active
CUST01815,Saanvi Malhotra,saanvi.malhotra1814@example.com,2024-01-04 08:22:00,Mumbai,Bronze,Suspended
CUST01816,Sai Bose,sai.bose1815@example.com,2024-05-30 02:45:00,Chennai,Silver,Active
CUST01817,Rahul Desai,rahul.desai1816@example.com,2026-07-23 14:43:00,Mumbai,Gold,Active
CUST01818,Amit Singh,amit.singh1817@example.com,2023-11-16 17:04:00,Mumbai,Bronze,Active
CUST01819,Ira Singh,ira.singh1818@example.com,2024-06-05 22:25:00,Chandigarh,Platinum,Active
CUST01820,Anika Mehta,anika.mehta1819@example.com,2024-11-28 15:17:00,Ahmedabad,Platinum,Active
CUST01821,Arjun Singh,arjun.singh1820@example.com,2024-12-09 10:35:00,Nagpur,Bronze,Active
CUST01822,Ananya Chatterjee,ananya.chatterjee1821@example.com,2024-03-29 10:35:00,Surat,Gold,Active
CUST01823,Meera Verma,meera.verma1822@example.com,2025-04-05 22:43:00,Chennai,Gold,Inactive
CUST01824,Sneha Joshi,sneha.joshi1823@example.com,2023-12-31 00:46:00,Delhi,Bronze,Suspended
CUST01825,Aarav Bose,aarav.bose1824@example.com,2024-10-25 03:08:00,Indore,Gold,Suspended
CUST01826,Arjun Reddy,arjun.reddy1825@example.com,2026-06-19 14:32:00,Kolkata,Silver,Active
CUST01827,Vikram Rao,vikram.rao1826@example.com,2024-06-03 16:24:00,Surat,Silver,Active
CUST01828,Ira Kapoor,ira.kapoor1827@example.com,2025-10-14 06:47:00,Bengaluru,Platinum,Inactive
CUST01829,Rahul Bose,rahul.bose1828@example.com,2026-02-07 04:21:00,Bengaluru,Platinum,Active
CUST01830,Aadhya Bose,aadhya.bose1829@example.com,2024-11-14 19:22:00,Chandigarh,Silver,Active
CUST01831,Aadhya Chatterjee,aadhya.chatterjee1830@example.com,2026-08-11 00:59:00,Kochi,Bronze,Active
CUST01832,Anika Singh,anika.singh1831@example.com,2024-08-05 21:11:00,Coimbatore,Silver,Suspended
CUST01833,Aditya Pillai,aditya.pillai1832@example.com,2024-11-07 12:11:00,Chandigarh,Silver,Active
CUST01834,Aarav Nair,aarav.nair1833@example.com,2026-05-14 03:57:00,Bengaluru,Gold,Active
CUST01835,Rohan Verma,rohan.verma1834@example.com,2023-10-24 17:37:00,Mumbai,Silver,Active
CUST01836,Ishaan Nair,ishaan.nair1835@example.com,2025-08-10 18:07:00,Hyderabad,Bronze,Active
CUST01837,Ira Mehta,ira.mehta1836@example.com,2024-07-02 01:46:00,Coimbatore,Gold,Inactive
CUST01838,Sai Chatterjee,sai.chatterjee1837@example.com,2025-02-03 18:02:00,Ahmedabad,Gold,Active
CUST01839,Riya Bose,riya.bose1838@example.com,2024-08-16 13:34:00,Chennai,Bronze,Active
CUST01840,Ira Kapoor,ira.kapoor1839@example.com,2025-07-06 06:14:00,Chandigarh,Gold,Active
CUST01841,Vihaan Pillai,vihaan.pillai1840@example.com,2025-04-29 23:58:00,Bengaluru,Silver,Active
CUST01842,Vihaan Iyer,vihaan.iyer1841@example.com,2026-08-10 07:54:00,Bengaluru,Bronze,Active
CUST01843,Karan Desai,karan.desai1842@example.com,2023-11-28 11:10:00,Kochi,Silver,Active
CUST01844,Vikram Joshi,vikram.joshi1843@example.com,2024-01-01 22:50:00,Kolkata,Gold,Active
CUST01845,Ira Verma,ira.verma1844@example.com,2025-02-18 14:59:00,Kochi,Silver,Active
CUST01846,Karan Chatterjee,karan.chatterjee1845@example.com,2025-06-06 03:11:00,Delhi,Platinum,Inactive
CUST01847,Ira Reddy,ira.reddy1846@example.com,2025-05-02 22:43:00,Kolkata,Gold,Inactive
CUST01848,Aadhya Patel,aadhya.patel1847@example.com,2026-01-10 11:19:00,Mumbai,Gold,Suspended
CUST01849,Neha Nair,neha.nair1848@example.com,2024-06-22 19:08:00,Kochi,Bronze,Active
CUST01850,Rohan Verma,rohan.verma1849@example.com,2025-03-17 21:56:00,Pune,Silver,Inactive
CUST01851,Myra Iyer,myra.iyer1850@example.com,2026-04-22 07:14:00,Pune,Silver,Active
CUST01852,Diya Gupta,diya.gupta1851@example.com,2024-05-24 00:00:00,Delhi,Silver,Active
CUST01853,Myra Patel,myra.patel1852@example.com,2025-11-14 20:13:00,Hyderabad,Bronze,Suspended
CUST01854,Karan Nair,karan.nair1853@example.com,2024-07-11 17:07:00,Kolkata,Silver,Suspended
CUST01855,Reyansh Pillai,reyansh.pillai1854@example.com,2024-12-20 13:33:00,Nagpur,Gold,Active
CUST01856,Amit Joshi,amit.joshi1855@example.com,2023-11-06 00:59:00,Mumbai,Silver,Active
CUST01857,Sneha Shetty,sneha.shetty1856@example.com,2025-01-10 15:31:00,Coimbatore,Platinum,Active
CUST01858,Rahul Malhotra,rahul.malhotra1857@example.com,2025-08-01 20:44:00,Delhi,Gold,Active
CUST01859,Sai Shetty,sai.shetty1858@example.com,2024-01-29 11:42:00,Nagpur,Gold,Active
CUST01860,Arjun Reddy,arjun.reddy1859@example.com,2024-04-24 21:46:00,Coimbatore,Platinum,Active
CUST01861,Vikram Reddy,vikram.reddy1860@example.com,2024-06-10 06:43:00,Chennai,Platinum,Active
CUST01862,Pooja Verma,pooja.verma1861@example.com,2024-01-05 14:02:00,Pune,Platinum,Active
CUST01863,Riya Joshi,riya.joshi1862@example.com,2023-09-24 07:45:00,Hyderabad,Silver,Active
CUST01864,Ira Iyer,ira.iyer1863@example.com,2024-07-29 23:29:00,Bengaluru,Bronze,Active
CUST01865,Meera Desai,meera.desai1864@example.com,2024-07-06 12:12:00,Jaipur,Bronze,Active
CUST01866,Sai Agarwal,sai.agarwal1865@example.com,2026-02-11 09:46:00,Chandigarh,Gold,Active
CUST01867,Amit Mehta,amit.mehta1866@example.com,2026-08-01 11:11:00,Jaipur,Gold,Active
CUST01868,Rohan Pillai,rohan.pillai1867@example.com,2025-06-02 09:37:00,Surat,Bronze,Suspended
CUST01869,Ishaan Kapoor,ishaan.kapoor1868@example.com,2024-01-18 05:54:00,Hyderabad,Gold,Active
CUST01870,Rajesh Patel,rajesh.patel1869@example.com,2024-12-23 13:51:00,Coimbatore,Gold,Inactive
CUST01871,Arjun Malhotra,arjun.malhotra1870@example.com,2026-04-02 20:25:00,Hyderabad,Silver,Active
CUST01872,Divya Verma,divya.verma1871@example.com,2025-10-09 17:05:00,Pune,Bronze,Active
CUST01873,Ishaan Kumar,ishaan.kumar1872@example.com,2023-12-22 05:45:00,Delhi,Silver,Active
CUST01874,Amit Kumar,amit.kumar1873@example.com,2026-04-02 19:35:00,Coimbatore,Gold,Suspended
CUST01875,Krishna Kumar,krishna.kumar1874@example.com,2024-01-25 07:14:00,Bengaluru,Silver,Active
CUST01876,Amit Agarwal,amit.agarwal1875@example.com,2025-06-01 22:11:00,Kochi,Platinum,Active
CUST01877,Vikram Nair,vikram.nair1876@example.com,2023-12-15 15:34:00,Jaipur,Gold,Active
CUST01878,Karan Rao,karan.rao1877@example.com,2024-12-22 00:39:00,Lucknow,Silver,Active
CUST01879,Anika Kumar,anika.kumar1878@example.com,2025-11-16 22:40:00,Ahmedabad,Bronze,Suspended
CUST01880,Riya Iyer,riya.iyer1879@example.com,2024-06-10 23:43:00,Surat,Bronze,Active
CUST01881,Rahul Malhotra,rahul.malhotra1880@example.com,2025-07-19 06:10:00,Mumbai,Silver,Active
CUST01882,Saanvi Chatterjee,saanvi.chatterjee1881@example.com,2023-12-25 06:29:00,Chennai,Platinum,Active
CUST01883,Aditya Gupta,aditya.gupta1882@example.com,2024-12-18 03:45:00,Ahmedabad,Platinum,Active
CUST01884,Saanvi Kapoor,saanvi.kapoor1883@example.com,2024-11-30 09:15:00,Lucknow,Bronze,Inactive
CUST01885,Neha Iyer,neha.iyer1884@example.com,2024-01-05 07:25:00,Lucknow,Bronze,Suspended
CUST01886,Amit Joshi,amit.joshi1885@example.com,2026-04-07 20:33:00,Chennai,Gold,Active
CUST01887,Myra Bose,myra.bose1886@example.com,2026-04-15 11:52:00,Pune,Bronze,Suspended
CUST01888,Ananya Pillai,ananya.pillai1887@example.com,2026-08-24 18:27:00,Indore,Platinum,Suspended
CUST01889,Aarav Gupta,aarav.gupta1888@example.com,2026-01-15 18:48:00,Chennai,Silver,Active
CUST01890,Neha Chatterjee,neha.chatterjee1889@example.com,2024-04-07 20:58:00,Delhi,Bronze,Active
CUST01891,Rahul Joshi,rahul.joshi1890@example.com,2024-05-05 08:50:00,Nagpur,Platinum,Active
CUST01892,Sneha Gupta,sneha.gupta1891@example.com,2023-10-12 08:52:00,Bengaluru,Silver,Inactive
CUST01893,Pooja Desai,pooja.desai1892@example.com,2024-05-17 12:00:00,Chennai,Platinum,Suspended
CUST01894,Saanvi Reddy,saanvi.reddy1893@example.com,2025-01-21 20:33:00,Chandigarh,Gold,Active
CUST01895,Aadhya Reddy,aadhya.reddy1894@example.com,2025-01-26 00:01:00,Pune,Bronze,Active
CUST01896,Anika Iyer,anika.iyer1895@example.com,2025-03-14 07:40:00,Kolkata,Platinum,Active
CUST01897,Ananya Mehta,ananya.mehta1896@example.com,2024-08-20 05:19:00,Jaipur,Silver,Active
CUST01898,Ananya Desai,ananya.desai1897@example.com,2025-10-16 19:42:00,Delhi,Silver,Active
CUST01899,Riya Kumar,riya.kumar1898@example.com,2023-10-15 02:47:00,Chennai,Bronze,Active
CUST01900,Riya Bose,riya.bose1899@example.com,2024-08-21 07:22:00,Bengaluru,Platinum,Active
CUST01901,Pooja Agarwal,pooja.agarwal1900@example.com,2025-04-24 08:31:00,Jaipur,Silver,Inactive
CUST01902,Rajesh Verma,rajesh.verma1901@example.com,2025-07-16 13:01:00,Lucknow,Bronze,Active
CUST01903,Vivaan Patel,vivaan.patel1902@example.com,2025-12-17 18:27:00,Kochi,Bronze,Active
CUST01904,Rahul Chatterjee,rahul.chatterjee1903@example.com,2024-01-24 23:40:00,Coimbatore,Platinum,Suspended
CUST01905,Aarav Patel,aarav.patel1904@example.com,2024-05-21 18:51:00,Pune,Silver,Suspended
CUST01906,Divya Singh,divya.singh1905@example.com,2024-01-31 22:00:00,Nagpur,Silver,Active
CUST01907,Myra Chatterjee,myra.chatterjee1906@example.com,2024-12-21 01:48:00,Bengaluru,Silver,Active
CUST01908,Aarav Malhotra,aarav.malhotra1907@example.com,2025-08-08 01:54:00,Kolkata,Bronze,Active
CUST01909,Reyansh Kumar,reyansh.kumar1908@example.com,2024-02-24 13:54:00,Pune,Silver,Active
CUST01910,Rajesh Mehta,rajesh.mehta1909@example.com,2026-05-18 04:31:00,Surat,Platinum,Active
CUST01911,Sai Iyer,sai.iyer1910@example.com,2025-11-04 21:38:00,Indore,Bronze,Active
CUST01912,Aditya Joshi,aditya.joshi1911@example.com,2025-06-15 12:20:00,Chandigarh,Gold,Suspended
CUST01913,Ishaan Gupta,ishaan.gupta1912@example.com,2026-08-23 17:43:00,Hyderabad,Platinum,Active
CUST01914,Diya Singh,diya.singh1913@example.com,2025-02-15 10:23:00,Ahmedabad,Silver,Inactive
CUST01915,Vivaan Rao,vivaan.rao1914@example.com,2025-01-02 12:21:00,Chennai,Platinum,Active
CUST01916,Rahul Mehta,rahul.mehta1915@example.com,2024-06-17 15:25:00,Coimbatore,Platinum,Active
CUST01917,Neha Nair,neha.nair1916@example.com,2025-08-02 21:23:00,Surat,Platinum,Active
CUST01918,Aadhya Gupta,aadhya.gupta1917@example.com,2025-11-12 20:14:00,Delhi,Bronze,Suspended
CUST01919,Amit Patel,amit.patel1918@example.com,2025-07-04 15:49:00,Kochi,Bronze,Suspended
CUST01920,Aarav Reddy,aarav.reddy1919@example.com,2025-03-31 05:54:00,Lucknow,Gold,Inactive
CUST01921,Anika Gupta,anika.gupta1920@example.com,2026-01-04 07:23:00,Bengaluru,Silver,Active
CUST01922,Arjun Pillai,arjun.pillai1921@example.com,2024-07-28 13:24:00,Chennai,Platinum,Inactive
CUST01923,Krishna Kapoor,krishna.kapoor1922@example.com,2025-03-02 00:05:00,Jaipur,Platinum,Inactive
CUST01924,Priya Chatterjee,priya.chatterjee1923@example.com,2024-01-25 17:50:00,Indore,Bronze,Suspended
CUST01925,Aarav Sharma,aarav.sharma1924@example.com,2026-09-15 16:47:00,Indore,Platinum,Inactive
CUST01926,Amit Agarwal,amit.agarwal1925@example.com,2026-03-17 04:51:00,Indore,Gold,Active
CUST01927,Vikram Patel,vikram.patel1926@example.com,2025-12-01 18:30:00,Hyderabad,Gold,Active
CUST01928,Sneha Malhotra,sneha.malhotra1927@example.com,2026-09-20 13:56:00,Nagpur,Bronze,Inactive
CUST01929,Amit Kumar,amit.kumar1928@example.com,2026-06-06 19:28:00,Mumbai,Gold,Active
CUST01930,Anika Gupta,anika.gupta1929@example.com,2024-04-03 10:18:00,Chennai,Silver,Active
CUST01931,Krishna Rao,krishna.rao1930@example.com,2024-01-28 13:41:00,Hyderabad,Bronze,Active
CUST01932,Aditya Patel,aditya.patel1931@example.com,2023-12-01 20:45:00,Hyderabad,Gold,Active
CUST01933,Vihaan Agarwal,vihaan.agarwal1932@example.com,2024-07-07 11:11:00,Hyderabad,Gold,Active
CUST01934,Diya Mehta,diya.mehta1933@example.com,2024-07-23 01:30:00,Chandigarh,Gold,Active
CUST01935,Arjun Rao,arjun.rao1934@example.com,2024-09-23 14:07:00,Delhi,Bronze,Active
CUST01936,Karan Kumar,karan.kumar1935@example.com,2023-10-17 13:27:00,Pune,Bronze,Active
CUST01937,Rahul Kumar,rahul.kumar1936@example.com,2026-04-13 04:07:00,Surat,Silver,Suspended
CUST01938,Aditya Kapoor,aditya.kapoor1937@example.com,2025-07-09 18:20:00,Nagpur,Bronze,Active
CUST01939,Riya Sharma,riya.sharma1938@example.com,2025-03-01 01:51:00,Lucknow,Silver,Active
CUST01940,Meera Singh,meera.singh1939@example.com,2024-04-08 06:32:00,Surat,Platinum,Suspended
CUST01941,Myra Joshi,myra.joshi1940@example.com,2023-12-22 01:10:00,Jaipur,Silver,Active
CUST01942,Neha Reddy,neha.reddy1941@example.com,2025-04-25 02:53:00,Coimbatore,Platinum,Active
CUST01943,Rahul Kumar,rahul.kumar1942@example.com,2024-04-12 03:38:00,Surat,Bronze,Active
CUST01944,Divya Malhotra,divya.malhotra1943@example.com,2025-09-21 23:05:00,Surat,Silver,Active
CUST01945,Meera Chatterjee,meera.chatterjee1944@example.com,2024-09-02 09:11:00,Chennai,Gold,Active
CUST01946,Sneha Reddy,sneha.reddy1945@example.com,2024-10-12 00:33:00,Kolkata,Gold,Suspended
CUST01947,Aditya Patel,aditya.patel1946@example.com,2025-07-10 04:25:00,Kochi,Bronze,Active
CUST01948,Arjun Patel,arjun.patel1947@example.com,2025-08-25 11:37:00,Nagpur,Silver,Suspended
CUST01949,Riya Rao,riya.rao1948@example.com,2025-09-19 01:00:00,Mumbai,Gold,Active
CUST01950,Diya Malhotra,diya.malhotra1949@example.com,2025-08-15 09:37:00,Bengaluru,Platinum,Active
CUST01951,Ananya Kumar,ananya.kumar1950@example.com,2023-10-09 18:00:00,Jaipur,Platinum,Suspended
CUST01952,Krishna Iyer,krishna.iyer1951@example.com,2024-12-24 13:54:00,Lucknow,Platinum,Suspended
CUST01953,Rahul Gupta,rahul.gupta1952@example.com,2024-08-26 15:28:00,Kochi,Bronze,Suspended
CUST01954,Krishna Desai,krishna.desai1953@example.com,2026-08-25 04:43:00,Jaipur,Silver,Active
CUST01955,Meera Shetty,meera.shetty1954@example.com,2026-07-14 03:43:00,Bengaluru,Bronze,Suspended
CUST01956,Neha Shetty,neha.shetty1955@example.com,2024-01-14 11:58:00,Ahmedabad,Gold,Suspended
CUST01957,Rohan Sharma,rohan.sharma1956@example.com,2025-04-20 15:20:00,Kochi,Bronze,Suspended
CUST01958,Sneha Mehta,sneha.mehta1957@example.com,2026-05-26 05:08:00,Delhi,Silver,Active
CUST01959,Reyansh Kapoor,reyansh.kapoor1958@example.com,2026-07-20 01:01:00,Hyderabad,Gold,Suspended
CUST01960,Meera Kapoor,meera.kapoor1959@example.com,2024-01-30 04:20:00,Mumbai,Platinum,Inactive
CUST01961,Reyansh Rao,reyansh.rao1960@example.com,2024-03-04 08:49:00,Coimbatore,Platinum,Inactive
CUST01962,Rohan Verma,rohan.verma1961@example.com,2024-01-25 00:05:00,Lucknow,Gold,Active
CUST01963,Pooja Nair,pooja.nair1962@example.com,2026-02-20 22:37:00,Chennai,Gold,Active
CUST01964,Anika Rao,anika.rao1963@example.com,2026-07-23 04:03:00,Delhi,Bronze,Active
CUST01965,Vihaan Nair,vihaan.nair1964@example.com,2025-11-11 01:13:00,Surat,Silver,Active
CUST01966,Anika Shetty,anika.shetty1965@example.com,2025-09-23 19:55:00,Lucknow,Silver,Active
CUST01967,Aditya Kapoor,aditya.kapoor1966@example.com,2024-05-14 20:57:00,Mumbai,Platinum,Suspended
CUST01968,Rajesh Sharma,rajesh.sharma1967@example.com,2024-03-26 03:15:00,Mumbai,Bronze,Active
CUST01969,Diya Agarwal,diya.agarwal1968@example.com,2026-05-16 13:54:00,Nagpur,Bronze,Suspended
CUST01970,Arjun Rao,arjun.rao1969@example.com,2025-03-01 17:19:00,Kolkata,Bronze,Suspended
CUST01971,Sneha Pillai,sneha.pillai1970@example.com,2026-08-17 13:07:00,Nagpur,Silver,Active
CUST01972,Aadhya Joshi,aadhya.joshi1971@example.com,2024-12-11 01:50:00,Chennai,Silver,Suspended
CUST01973,Ira Singh,ira.singh1972@example.com,2024-08-31 08:00:00,Kolkata,Platinum,Active
CUST01974,Karan Bose,karan.bose1973@example.com,2024-06-17 10:07:00,Chandigarh,Silver,Active
CUST01975,Karan Gupta,karan.gupta1974@example.com,2026-05-18 21:48:00,Ahmedabad,Bronze,Active
CUST01976,Aarav Pillai,aarav.pillai1975@example.com,2023-11-28 19:14:00,Jaipur,Bronze,Active
CUST01977,Aditya Sharma,aditya.sharma1976@example.com,2025-03-23 21:49:00,Jaipur,Gold,Active
CUST01978,Ishaan Reddy,ishaan.reddy1977@example.com,2024-03-26 22:43:00,Surat,Bronze,Inactive
CUST01979,Vivaan Verma,vivaan.verma1978@example.com,2025-08-10 01:28:00,Jaipur,Silver,Suspended
CUST01980,Pooja Rao,pooja.rao1979@example.com,2024-06-04 18:20:00,Kochi,Silver,Active
CUST01981,Kavya Mehta,kavya.mehta1980@example.com,2026-09-14 14:43:00,Mumbai,Gold,Active
CUST01982,Rahul Kapoor,rahul.kapoor1981@example.com,2024-10-02 20:39:00,Pune,Platinum,Inactive
CUST01983,Karan Malhotra,karan.malhotra1982@example.com,2024-02-09 05:07:00,Hyderabad,Bronze,Active
CUST01984,Aadhya Rao,aadhya.rao1983@example.com,2026-03-28 05:01:00,Ahmedabad,Bronze,Active
CUST01985,Aditya Desai,aditya.desai1984@example.com,2024-02-15 21:53:00,Surat,Gold,Inactive
CUST01986,Ira Shetty,ira.shetty1985@example.com,2026-03-19 18:14:00,Chandigarh,Silver,Inactive
CUST01987,Arjun Iyer,arjun.iyer1986@example.com,2026-03-28 18:40:00,Jaipur,Silver,Inactive
CUST01988,Aditya Mehta,aditya.mehta1987@example.com,2026-08-10 18:10:00,Surat,Bronze,Active
CUST01989,Aditya Kapoor,aditya.kapoor1988@example.com,2026-08-30 17:20:00,Pune,Bronze,Active
CUST01990,Divya Reddy,divya.reddy1989@example.com,2024-08-14 09:55:00,Chennai,Silver,Active
CUST01991,Pooja Kumar,pooja.kumar1990@example.com,2025-05-03 14:07:00,Bengaluru,Silver,Inactive
CUST01992,Ira Agarwal,ira.agarwal1991@example.com,2025-08-25 00:12:00,Pune,Gold,Active
CUST01993,Saanvi Pillai,saanvi.pillai1992@example.com,2025-12-23 14:57:00,Delhi,Silver,Active
CUST01994,Rahul Gupta,rahul.gupta1993@example.com,2024-08-05 01:42:00,Pune,Silver,Active
CUST01995,Rohan Malhotra,rohan.malhotra1994@example.com,2025-09-21 15:52:00,Kolkata,Bronze,Suspended
CUST01996,Neha Nair,neha.nair1995@example.com,2024-12-13 10:46:00,Coimbatore,Silver,Suspended
CUST01997,Vivaan Nair,vivaan.nair1996@example.com,2025-08-31 15:04:00,Chennai,Bronze,Active
CUST01998,Aditya Malhotra,aditya.malhotra1997@example.com,2025-08-08 18:42:00,Bengaluru,Platinum,Suspended
CUST01999,Vihaan Chatterjee,vihaan.chatterjee1998@example.com,2025-04-07 01:32:00,Indore,Bronze,Active
CUST02000,Meera Shetty,meera.shetty1999@example.com,2025-03-28 21:29:00,Chandigarh,Platinum,Suspended
CUST02001,Vivaan Mehta,vivaan.mehta2000@example.com,2024-09-23 05:37:00,Bengaluru,Silver,Inactive
CUST02002,Priya Singh,priya.singh2001@example.com,2024-10-06 03:27:00,Kolkata,Platinum,Active
CUST02003,Vihaan Sharma,vihaan.sharma2002@example.com,2024-03-14 03:17:00,Kolkata,Bronze,Active
CUST02004,Amit Kumar,amit.kumar2003@example.com,2025-10-06 22:07:00,Bengaluru,Silver,Active
CUST02005,Amit Sharma,amit.sharma2004@example.com,2024-07-23 19:26:00,Mumbai,Bronze,Active
CUST02006,Sai Bose,sai.bose2005@example.com,2025-07-16 01:33:00,Bengaluru,Platinum,Active
CUST02007,Diya Kapoor,diya.kapoor2006@example.com,2024-10-10 03:09:00,Bengaluru,Silver,Active
CUST02008,Kavya Iyer,kavya.iyer2007@example.com,2025-02-06 17:39:00,Nagpur,Platinum,Active
CUST02009,Sai Joshi,sai.joshi2008@example.com,2023-11-24 06:07:00,Ahmedabad,Bronze,Active
CUST02010,Arjun Iyer,arjun.iyer2009@example.com,2025-03-19 21:28:00,Lucknow,Platinum,Active
CUST02011,Neha Patel,neha.patel2010@example.com,2025-07-16 15:47:00,Nagpur,Gold,Active
CUST02012,Karan Sharma,karan.sharma2011@example.com,2024-02-06 15:58:00,Kochi,Platinum,Active
CUST02013,Ananya Malhotra,ananya.malhotra2012@example.com,2026-01-27 07:18:00,Ahmedabad,Platinum,Active
CUST02014,Ishaan Kapoor,ishaan.kapoor2013@example.com,2025-09-04 08:52:00,Hyderabad,Platinum,Suspended
CUST02015,Aditya Iyer,aditya.iyer2014@example.com,2024-02-07 05:40:00,Bengaluru,Silver,Active
CUST02016,Amit Pillai,amit.pillai2015@example.com,2024-08-19 05:36:00,Bengaluru,Bronze,Inactive
CUST02017,Rahul Gupta,rahul.gupta2016@example.com,2026-07-13 13:16:00,Delhi,Bronze,Active
CUST02018,Anika Chatterjee,anika.chatterjee2017@example.com,2026-02-18 03:38:00,Hyderabad,Bronze,Inactive
CUST02019,Kavya Joshi,kavya.joshi2018@example.com,2026-09-04 18:34:00,Jaipur,Gold,Active
CUST02020,Vivaan Bose,vivaan.bose2019@example.com,2024-01-21 13:39:00,Hyderabad,Silver,Active
CUST02021,Sneha Pillai,sneha.pillai2020@example.com,2026-02-27 18:02:00,Nagpur,Bronze,Suspended
CUST02022,Sai Joshi,sai.joshi2021@example.com,2024-09-17 14:50:00,Bengaluru,Gold,Inactive
CUST02023,Sai Iyer,sai.iyer2022@example.com,2024-02-07 06:49:00,Bengaluru,Bronze,Inactive
CUST02024,Karan Patel,karan.patel2023@example.com,2026-08-07 09:09:00,Delhi,Bronze,Active
CUST02025,Rajesh Pillai,rajesh.pillai2024@example.com,2024-02-29 05:24:00,Nagpur,Platinum,Active
CUST02026,Priya Patel,priya.patel2025@example.com,2024-04-13 00:35:00,Chennai,Bronze,Inactive
CUST02027,Krishna Kapoor,krishna.kapoor2026@example.com,2024-01-25 16:44:00,Ahmedabad,Platinum,Inactive
CUST02028,Aarav Verma,aarav.verma2027@example.com,2024-08-17 04:39:00,Chennai,Bronze,Active
CUST02029,Sneha Sharma,sneha.sharma2028@example.com,2024-01-06 02:35:00,Coimbatore,Platinum,Active
CUST02030,Krishna Verma,krishna.verma2029@example.com,2025-01-14 22:01:00,Kolkata,Silver,Active
CUST02031,Anika Joshi,anika.joshi2030@example.com,2025-05-29 07:54:00,Kochi,Gold,Inactive
CUST02032,Saanvi Kumar,saanvi.kumar2031@example.com,2024-05-11 10:11:00,Kochi,Gold,Active
CUST02033,Sai Verma,sai.verma2032@example.com,2025-03-18 05:35:00,Mumbai,Bronze,Active
CUST02034,Ira Malhotra,ira.malhotra2033@example.com,2026-07-24 18:28:00,Nagpur,Gold,Active
CUST02035,Krishna Agarwal,krishna.agarwal2034@example.com,2025-10-15 14:04:00,Bengaluru,Bronze,Inactive
CUST02036,Krishna Malhotra,krishna.malhotra2035@example.com,2023-10-13 17:24:00,Chandigarh,Silver,Active
CUST02037,Divya Agarwal,divya.agarwal2036@example.com,2025-12-09 19:18:00,Lucknow,Silver,Active
CUST02038,Ishaan Gupta,ishaan.gupta2037@example.com,2024-11-07 22:55:00,Delhi,Platinum,Inactive
CUST02039,Riya Joshi,riya.joshi2038@example.com,2024-12-26 19:09:00,Surat,Bronze,Active
CUST02040,Vihaan Kapoor,vihaan.kapoor2039@example.com,2024-10-12 09:35:00,Coimbatore,Gold,Active
CUST02041,Priya Verma,priya.verma2040@example.com,2025-10-17 10:00:00,Jaipur,Bronze,Inactive
CUST02042,Sai Nair,sai.nair2041@example.com,2025-11-22 17:04:00,Nagpur,Bronze,Suspended
CUST02043,Pooja Kapoor,pooja.kapoor2042@example.com,2025-10-03 14:41:00,Ahmedabad,Bronze,Active
CUST02044,Vivaan Rao,vivaan.rao2043@example.com,2026-04-09 18:45:00,Mumbai,Gold,Active
CUST02045,Aditya Chatterjee,aditya.chatterjee2044@example.com,2025-07-31 10:55:00,Mumbai,Gold,Active
CUST02046,Sneha Mehta,sneha.mehta2045@example.com,2025-05-07 19:17:00,Bengaluru,Gold,Active
CUST02047,Karan Mehta,karan.mehta2046@example.com,2024-08-15 23:30:00,Jaipur,Gold,Inactive
CUST02048,Ananya Gupta,ananya.gupta2047@example.com,2025-10-29 12:54:00,Ahmedabad,Gold,Active
CUST02049,Ira Chatterjee,ira.chatterjee2048@example.com,2024-01-30 06:17:00,Ahmedabad,Platinum,Active
CUST02050,Aarav Joshi,aarav.joshi2049@example.com,2024-07-05 01:47:00,Surat,Platinum,Suspended
CUST02051,Reyansh Mehta,reyansh.mehta2050@example.com,2024-01-27 02:36:00,Hyderabad,Silver,Suspended
CUST02052,Riya Mehta,riya.mehta2051@example.com,2024-02-14 01:45:00,Hyderabad,Platinum,Inactive
CUST02053,Neha Shetty,neha.shetty2052@example.com,2026-03-08 11:52:00,Ahmedabad,Gold,Active
CUST02054,Krishna Chatterjee,krishna.chatterjee2053@example.com,2024-12-08 19:35:00,Kochi,Gold,Active
CUST02055,Diya Pillai,diya.pillai2054@example.com,2024-11-20 14:08:00,Delhi,Platinum,Inactive
CUST02056,Anika Reddy,anika.reddy2055@example.com,2024-05-04 04:35:00,Hyderabad,Bronze,Inactive
CUST02057,Neha Desai,neha.desai2056@example.com,2023-09-23 21:38:00,Delhi,Silver,Inactive
CUST02058,Karan Nair,karan.nair2057@example.com,2023-12-25 02:13:00,Chandigarh,Platinum,Active
CUST02059,Arjun Sharma,arjun.sharma2058@example.com,2026-07-27 16:04:00,Delhi,Platinum,Active
CUST02060,Divya Malhotra,divya.malhotra2059@example.com,2025-09-21 16:37:00,Indore,Platinum,Active
CUST02061,Aarav Nair,aarav.nair2060@example.com,2024-09-09 13:28:00,Jaipur,Bronze,Suspended
CUST02062,Ira Joshi,ira.joshi2061@example.com,2026-09-17 04:22:00,Chandigarh,Silver,Suspended
CUST02063,Rahul Sharma,rahul.sharma2062@example.com,2024-06-27 21:19:00,Chennai,Platinum,Active
CUST02064,Ananya Sharma,ananya.sharma2063@example.com,2025-06-06 19:29:00,Lucknow,Platinum,Inactive
CUST02065,Karan Rao,karan.rao2064@example.com,2025-09-01 22:47:00,Chennai,Bronze,Suspended
CUST02066,Sneha Mehta,sneha.mehta2065@example.com,2025-01-10 10:55:00,Bengaluru,Platinum,Inactive
CUST02067,Vihaan Reddy,vihaan.reddy2066@example.com,2024-10-25 11:19:00,Kolkata,Silver,Inactive
CUST02068,Kavya Nair,kavya.nair2067@example.com,2025-09-17 10:51:00,Jaipur,Platinum,Suspended
CUST02069,Aadhya Bose,aadhya.bose2068@example.com,2025-02-14 14:36:00,Bengaluru,Silver,Active
CUST02070,Vivaan Kumar,vivaan.kumar2069@example.com,2024-01-10 22:44:00,Delhi,Gold,Active
CUST02071,Amit Iyer,amit.iyer2070@example.com,2024-05-10 18:50:00,Indore,Platinum,Active
CUST02072,Aditya Verma,aditya.verma2071@example.com,2024-06-27 02:27:00,Kolkata,Bronze,Active
CUST02073,Divya Nair,divya.nair2072@example.com,2026-02-15 09:09:00,Chandigarh,Silver,Inactive
CUST02074,Rajesh Kapoor,rajesh.kapoor2073@example.com,2026-04-04 12:17:00,Ahmedabad,Platinum,Active
CUST02075,Aadhya Joshi,aadhya.joshi2074@example.com,2026-02-25 03:05:00,Jaipur,Platinum,Active
CUST02076,Myra Gupta,myra.gupta2075@example.com,2024-06-14 23:50:00,Surat,Platinum,Inactive
CUST02077,Riya Patel,riya.patel2076@example.com,2024-12-06 19:24:00,Surat,Silver,Active
CUST02078,Kavya Kumar,kavya.kumar2077@example.com,2023-11-17 11:17:00,Bengaluru,Bronze,Active
CUST02079,Rahul Rao,rahul.rao2078@example.com,2024-03-03 23:29:00,Kochi,Gold,Suspended
CUST02080,Aditya Pillai,aditya.pillai2079@example.com,2024-06-20 10:11:00,Chandigarh,Gold,Active
CUST02081,Riya Verma,riya.verma2080@example.com,2026-06-01 14:33:00,Nagpur,Platinum,Active
CUST02082,Aadhya Kumar,aadhya.kumar2081@example.com,2025-04-09 00:20:00,Jaipur,Silver,Suspended
CUST02083,Krishna Mehta,krishna.mehta2082@example.com,2026-01-26 04:09:00,Lucknow,Platinum,Inactive
CUST02084,Ishaan Agarwal,ishaan.agarwal2083@example.com,2024-03-12 07:37:00,Jaipur,Bronze,Active
CUST02085,Divya Rao,divya.rao2084@example.com,2024-01-25 01:39:00,Nagpur,Silver,Active
CUST02086,Amit Agarwal,amit.agarwal2085@example.com,2023-09-21 12:53:00,Surat,Platinum,Active
CUST02087,Ananya Chatterjee,ananya.chatterjee2086@example.com,2025-09-19 10:26:00,Kochi,Gold,Suspended
CUST02088,Ishaan Nair,ishaan.nair2087@example.com,2024-07-27 02:55:00,Chennai,Bronze,Inactive
CUST02089,Aditya Reddy,aditya.reddy2088@example.com,2025-11-17 23:39:00,Mumbai,Silver,Active
CUST02090,Arjun Pillai,arjun.pillai2089@example.com,2025-04-10 17:28:00,Hyderabad,Silver,Active
CUST02091,Vihaan Kumar,vihaan.kumar2090@example.com,2024-03-03 10:57:00,Mumbai,Silver,Active
CUST02092,Vihaan Singh,vihaan.singh2091@example.com,2024-02-12 14:58:00,Chennai,Gold,Active
CUST02093,Myra Chatterjee,myra.chatterjee2092@example.com,2026-01-15 08:31:00,Jaipur,Platinum,Active
CUST02094,Ananya Malhotra,ananya.malhotra2093@example.com,2024-08-30 22:04:00,Bengaluru,Bronze,Active
CUST02095,Vihaan Desai,vihaan.desai2094@example.com,2024-08-25 15:33:00,Chennai,Gold,Active
CUST02096,Diya Reddy,diya.reddy2095@example.com,2024-10-29 02:42:00,Delhi,Gold,Inactive
CUST02097,Myra Mehta,myra.mehta2096@example.com,2026-08-03 06:43:00,Chennai,Platinum,Active
CUST02098,Myra Iyer,myra.iyer2097@example.com,2025-09-19 14:38:00,Chennai,Platinum,Suspended
CUST02099,Sneha Patel,sneha.patel2098@example.com,2024-05-19 23:32:00,Ahmedabad,Silver,Inactive
CUST02100,Aditya Singh,aditya.singh2099@example.com,2024-11-25 14:20:00,Kochi,Platinum,Active
CUST02101,Pooja Mehta,pooja.mehta2100@example.com,2026-07-10 04:53:00,Lucknow,Platinum,Active
CUST02102,Vikram Shetty,vikram.shetty2101@example.com,2024-09-19 00:58:00,Bengaluru,Silver,Suspended
CUST02103,Vivaan Reddy,vivaan.reddy2102@example.com,2023-09-28 00:35:00,Chennai,Silver,Suspended
CUST02104,Vikram Agarwal,vikram.agarwal2103@example.com,2025-04-29 18:55:00,Nagpur,Bronze,Suspended
CUST02105,Arjun Gupta,arjun.gupta2104@example.com,2023-09-21 20:52:00,Chennai,Gold,Active
CUST02106,Amit Nair,amit.nair2105@example.com,2025-11-28 03:29:00,Mumbai,Bronze,Suspended
CUST02107,Diya Rao,diya.rao2106@example.com,2024-04-21 15:38:00,Indore,Bronze,Active
CUST02108,Kavya Verma,kavya.verma2107@example.com,2024-02-25 01:21:00,Delhi,Platinum,Active
CUST02109,Priya Mehta,priya.mehta2108@example.com,2025-05-09 00:08:00,Coimbatore,Platinum,Inactive
CUST02110,Ishaan Singh,ishaan.singh2109@example.com,2023-10-14 05:31:00,Jaipur,Bronze,Active
CUST02111,Aarav Rao,aarav.rao2110@example.com,2026-06-29 21:40:00,Chandigarh,Gold,Suspended
CUST02112,Sneha Chatterjee,sneha.chatterjee2111@example.com,2024-08-18 22:51:00,Chennai,Silver,Active
CUST02113,Ira Desai,ira.desai2112@example.com,2026-02-25 11:28:00,Kochi,Bronze,Suspended
CUST02114,Krishna Patel,krishna.patel2113@example.com,2026-04-12 13:01:00,Ahmedabad,Gold,Inactive
CUST02115,Myra Patel,myra.patel2114@example.com,2025-01-10 10:35:00,Indore,Silver,Active
CUST02116,Pooja Kumar,pooja.kumar2115@example.com,2026-08-06 18:13:00,Kolkata,Gold,Active
CUST02117,Vihaan Sharma,vihaan.sharma2116@example.com,2025-04-12 00:19:00,Surat,Silver,Suspended
CUST02118,Vivaan Nair,vivaan.nair2117@example.com,2026-04-11 10:53:00,Lucknow,Bronze,Active
CUST02119,Arjun Reddy,arjun.reddy2118@example.com,2025-08-24 05:44:00,Pune,Platinum,Suspended
CUST02120,Vikram Rao,vikram.rao2119@example.com,2025-01-08 04:28:00,Ahmedabad,Platinum,Active
CUST02121,Diya Gupta,diya.gupta2120@example.com,2025-05-09 01:09:00,Indore,Silver,Active
CUST02122,Riya Pillai,riya.pillai2121@example.com,2026-06-12 12:24:00,Kochi,Platinum,Suspended
CUST02123,Ishaan Gupta,ishaan.gupta2122@example.com,2024-01-26 17:12:00,Bengaluru,Gold,Active
CUST02124,Aarav Gupta,aarav.gupta2123@example.com,2024-04-09 15:13:00,Bengaluru,Platinum,Active
CUST02125,Reyansh Chatterjee,reyansh.chatterjee2124@example.com,2025-09-05 15:28:00,Lucknow,Bronze,Active
CUST02126,Pooja Kumar,pooja.kumar2125@example.com,2026-06-19 04:35:00,Delhi,Gold,Active
CUST02127,Aditya Agarwal,aditya.agarwal2126@example.com,2025-09-14 02:42:00,Pune,Platinum,Active
CUST02128,Vihaan Verma,vihaan.verma2127@example.com,2025-03-11 23:34:00,Hyderabad,Gold,Active
CUST02129,Myra Verma,myra.verma2128@example.com,2025-07-23 23:10:00,Chennai,Platinum,Suspended
CUST02130,Sai Pillai,sai.pillai2129@example.com,2024-05-25 02:52:00,Chandigarh,Platinum,Active
CUST02131,Aadhya Rao,aadhya.rao2130@example.com,2025-03-07 15:31:00,Hyderabad,Platinum,Suspended
CUST02132,Anika Sharma,anika.sharma2131@example.com,2024-12-08 20:46:00,Hyderabad,Bronze,Inactive
CUST02133,Saanvi Malhotra,saanvi.malhotra2132@example.com,2025-06-17 23:15:00,Surat,Silver,Active
CUST02134,Sai Joshi,sai.joshi2133@example.com,2024-11-25 16:56:00,Delhi,Platinum,Active
CUST02135,Reyansh Singh,reyansh.singh2134@example.com,2025-02-08 00:15:00,Pune,Silver,Active
CUST02136,Ishaan Iyer,ishaan.iyer2135@example.com,2024-02-20 05:34:00,Chandigarh,Bronze,Suspended
CUST02137,Myra Kumar,myra.kumar2136@example.com,2024-11-16 06:36:00,Indore,Bronze,Active
CUST02138,Vivaan Shetty,vivaan.shetty2137@example.com,2024-01-20 07:00:00,Bengaluru,Gold,Active
CUST02139,Meera Shetty,meera.shetty2138@example.com,2024-10-18 13:40:00,Lucknow,Silver,Inactive
CUST02140,Krishna Mehta,krishna.mehta2139@example.com,2024-10-11 09:51:00,Nagpur,Platinum,Inactive
CUST02141,Anika Malhotra,anika.malhotra2140@example.com,2024-02-17 00:29:00,Hyderabad,Silver,Suspended
CUST02142,Rajesh Desai,rajesh.desai2141@example.com,2025-07-16 06:16:00,Mumbai,Platinum,Suspended
CUST02143,Anika Verma,anika.verma2142@example.com,2025-10-07 02:36:00,Mumbai,Silver,Active
CUST02144,Aditya Iyer,aditya.iyer2143@example.com,2025-04-15 11:58:00,Kochi,Bronze,Suspended
CUST02145,Saanvi Kumar,saanvi.kumar2144@example.com,2026-04-13 03:29:00,Pune,Gold,Inactive
CUST02146,Aadhya Reddy,aadhya.reddy2145@example.com,2024-10-13 21:47:00,Ahmedabad,Silver,Active
CUST02147,Rahul Kapoor,rahul.kapoor2146@example.com,2023-10-02 12:41:00,Mumbai,Silver,Inactive
CUST02148,Krishna Desai,krishna.desai2147@example.com,2025-01-31 13:32:00,Jaipur,Bronze,Suspended
CUST02149,Pooja Sharma,pooja.sharma2148@example.com,2024-02-06 23:51:00,Surat,Silver,Active
CUST02150,Saanvi Joshi,saanvi.joshi2149@example.com,2025-10-14 04:38:00,Surat,Platinum,Active
CUST02151,Anika Desai,anika.desai2150@example.com,2024-04-20 10:12:00,Bengaluru,Bronze,Active
CUST02152,Pooja Bose,pooja.bose2151@example.com,2026-08-04 14:25:00,Mumbai,Platinum,Suspended
CUST02153,Diya Pillai,diya.pillai2152@example.com,2023-12-20 16:36:00,Delhi,Gold,Active
CUST02154,Kavya Agarwal,kavya.agarwal2153@example.com,2025-12-25 11:22:00,Chennai,Silver,Active
CUST02155,Saanvi Iyer,saanvi.iyer2154@example.com,2026-01-11 20:35:00,Ahmedabad,Gold,Active
CUST02156,Sai Sharma,sai.sharma2155@example.com,2025-06-30 17:53:00,Chennai,Bronze,Active
CUST02157,Ananya Shetty,ananya.shetty2156@example.com,2025-02-05 18:05:00,Kochi,Bronze,Inactive
CUST02158,Krishna Sharma,krishna.sharma2157@example.com,2025-10-30 00:35:00,Delhi,Gold,Active
CUST02159,Rajesh Iyer,rajesh.iyer2158@example.com,2024-06-06 12:12:00,Bengaluru,Bronze,Inactive
CUST02160,Vivaan Bose,vivaan.bose2159@example.com,2025-07-02 10:03:00,Delhi,Platinum,Active
CUST02161,Kavya Joshi,kavya.joshi2160@example.com,2025-02-26 13:11:00,Pune,Silver,Suspended
CUST02162,Karan Pillai,karan.pillai2161@example.com,2024-09-07 03:54:00,Kolkata,Bronze,Active
CUST02163,Krishna Singh,krishna.singh2162@example.com,2024-12-09 07:26:00,Chennai,Bronze,Inactive
CUST02164,Vihaan Nair,vihaan.nair2163@example.com,2023-09-26 11:46:00,Surat,Platinum,Inactive
CUST02165,Priya Nair,priya.nair2164@example.com,2024-06-15 08:12:00,Delhi,Silver,Active
CUST02166,Ishaan Desai,ishaan.desai2165@example.com,2024-02-13 14:08:00,Indore,Silver,Suspended
CUST02167,Vikram Verma,vikram.verma2166@example.com,2024-03-14 18:01:00,Delhi,Silver,Inactive
CUST02168,Karan Nair,karan.nair2167@example.com,2025-09-22 11:42:00,Chennai,Gold,Inactive
CUST02169,Riya Rao,riya.rao2168@example.com,2026-09-14 06:07:00,Bengaluru,Platinum,Active
CUST02170,Diya Singh,diya.singh2169@example.com,2024-11-05 09:19:00,Jaipur,Bronze,Active
CUST02171,Sai Nair,sai.nair2170@example.com,2025-10-03 02:02:00,Indore,Silver,Inactive
CUST02172,Riya Agarwal,riya.agarwal2171@example.com,2026-03-03 11:23:00,Bengaluru,Bronze,Active
CUST02173,Pooja Joshi,pooja.joshi2172@example.com,2024-05-17 10:34:00,Coimbatore,Bronze,Inactive
CUST02174,Divya Pillai,divya.pillai2173@example.com,2025-08-30 03:59:00,Surat,Bronze,Active
CUST02175,Aarav Joshi,aarav.joshi2174@example.com,2025-06-18 19:21:00,Surat,Platinum,Active
CUST02176,Riya Pillai,riya.pillai2175@example.com,2023-11-25 21:22:00,Chandigarh,Platinum,Active
CUST02177,Arjun Pillai,arjun.pillai2176@example.com,2024-06-05 23:40:00,Ahmedabad,Bronze,Inactive
CUST02178,Reyansh Bose,reyansh.bose2177@example.com,2025-04-27 18:24:00,Jaipur,Platinum,Active
CUST02179,Ira Mehta,ira.mehta2178@example.com,2024-01-28 02:55:00,Lucknow,Gold,Active
CUST02180,Sai Bose,sai.bose2179@example.com,2024-08-23 23:13:00,Nagpur,Platinum,Inactive
CUST02181,Vivaan Gupta,vivaan.gupta2180@example.com,2024-07-15 06:28:00,Mumbai,Gold,Active
CUST02182,Vivaan Nair,vivaan.nair2181@example.com,2025-08-21 18:31:00,Lucknow,Platinum,Active
CUST02183,Meera Nair,meera.nair2182@example.com,2024-08-26 00:05:00,Pune,Gold,Active
CUST02184,Aarav Kapoor,aarav.kapoor2183@example.com,2025-05-18 18:30:00,Chennai,Platinum,Suspended
CUST02185,Anika Sharma,anika.sharma2184@example.com,2025-08-07 13:52:00,Kochi,Bronze,Inactive
CUST02186,Ananya Shetty,ananya.shetty2185@example.com,2025-01-28 21:03:00,Surat,Gold,Inactive
CUST02187,Reyansh Kumar,reyansh.kumar2186@example.com,2026-07-19 17:24:00,Ahmedabad,Silver,Inactive
CUST02188,Ananya Singh,ananya.singh2187@example.com,2024-02-19 09:45:00,Lucknow,Silver,Active
CUST02189,Divya Agarwal,divya.agarwal2188@example.com,2024-03-26 16:10:00,Nagpur,Bronze,Active
CUST02190,Vivaan Sharma,vivaan.sharma2189@example.com,2025-09-23 09:28:00,Bengaluru,Platinum,Active
CUST02191,Arjun Pillai,arjun.pillai2190@example.com,2026-02-05 04:07:00,Hyderabad,Bronze,Active
CUST02192,Amit Kumar,amit.kumar2191@example.com,2024-11-11 18:45:00,Delhi,Bronze,Suspended
CUST02193,Karan Patel,karan.patel2192@example.com,2024-02-17 00:56:00,Chandigarh,Gold,Active
CUST02194,Sneha Kapoor,sneha.kapoor2193@example.com,2026-09-06 00:58:00,Ahmedabad,Platinum,Active
CUST02195,Sneha Joshi,sneha.joshi2194@example.com,2024-06-10 07:30:00,Bengaluru,Gold,Suspended
CUST02196,Aditya Joshi,aditya.joshi2195@example.com,2024-07-23 21:10:00,Indore,Platinum,Active
CUST02197,Amit Rao,amit.rao2196@example.com,2024-05-19 15:04:00,Coimbatore,Gold,Active
CUST02198,Riya Patel,riya.patel2197@example.com,2026-01-16 01:11:00,Kolkata,Bronze,Active
CUST02199,Ananya Mehta,ananya.mehta2198@example.com,2023-09-23 01:59:00,Lucknow,Bronze,Active
CUST02200,Ananya Kumar,ananya.kumar2199@example.com,2024-04-05 08:08:00,Coimbatore,Bronze,Active
CUST02201,Sai Malhotra,sai.malhotra2200@example.com,2026-05-21 14:09:00,Chennai,Platinum,Active
CUST02202,Pooja Bose,pooja.bose2201@example.com,2024-06-27 00:11:00,Jaipur,Bronze,Inactive
CUST02203,Rahul Agarwal,rahul.agarwal2202@example.com,2026-07-01 12:35:00,Ahmedabad,Platinum,Active
CUST02204,Sai Desai,sai.desai2203@example.com,2023-11-08 03:19:00,Indore,Silver,Suspended
CUST02205,Amit Shetty,amit.shetty2204@example.com,2024-04-02 10:10:00,Surat,Gold,Active
CUST02206,Pooja Joshi,pooja.joshi2205@example.com,2026-01-09 20:51:00,Delhi,Platinum,Active
CUST02207,Krishna Pillai,krishna.pillai2206@example.com,2025-04-01 05:12:00,Coimbatore,Silver,Active
CUST02208,Vikram Singh,vikram.singh2207@example.com,2026-02-04 00:50:00,Surat,Bronze,Inactive
CUST02209,Saanvi Mehta,saanvi.mehta2208@example.com,2024-08-31 10:18:00,Pune,Platinum,Active
CUST02210,Neha Mehta,neha.mehta2209@example.com,2024-10-25 19:02:00,Pune,Silver,Active
CUST02211,Arjun Singh,arjun.singh2210@example.com,2025-05-11 08:47:00,Chandigarh,Bronze,Inactive
CUST02212,Neha Sharma,neha.sharma2211@example.com,2025-03-28 20:39:00,Hyderabad,Silver,Suspended
CUST02213,Amit Pillai,amit.pillai2212@example.com,2026-04-22 09:03:00,Chennai,Platinum,Inactive
CUST02214,Saanvi Pillai,saanvi.pillai2213@example.com,2023-12-19 16:12:00,Kochi,Gold,Active
CUST02215,Vivaan Singh,vivaan.singh2214@example.com,2025-04-06 13:42:00,Pune,Gold,Active
CUST02216,Meera Agarwal,meera.agarwal2215@example.com,2024-03-24 13:10:00,Nagpur,Platinum,Active
CUST02217,Divya Shetty,divya.shetty2216@example.com,2024-03-12 01:44:00,Kochi,Silver,Inactive
CUST02218,Krishna Pillai,krishna.pillai2217@example.com,2025-03-06 04:58:00,Bengaluru,Platinum,Active
CUST02219,Vihaan Bose,vihaan.bose2218@example.com,2025-12-08 19:27:00,Nagpur,Bronze,Active
CUST02220,Arjun Agarwal,arjun.agarwal2219@example.com,2025-02-07 23:46:00,Surat,Platinum,Inactive
CUST02221,Neha Gupta,neha.gupta2220@example.com,2024-08-22 05:37:00,Nagpur,Gold,Active
CUST02222,Krishna Joshi,krishna.joshi2221@example.com,2025-02-01 14:15:00,Indore,Platinum,Active
CUST02223,Ananya Singh,ananya.singh2222@example.com,2025-10-31 05:20:00,Nagpur,Silver,Suspended
CUST02224,Rahul Gupta,rahul.gupta2223@example.com,2025-01-04 08:15:00,Chennai,Platinum,Suspended
CUST02225,Vikram Agarwal,vikram.agarwal2224@example.com,2024-04-03 02:42:00,Chennai,Bronze,Active
CUST02226,Myra Sharma,myra.sharma2225@example.com,2025-11-08 00:09:00,Jaipur,Bronze,Inactive
CUST02227,Ishaan Reddy,ishaan.reddy2226@example.com,2025-12-31 19:22:00,Delhi,Silver,Active
CUST02228,Krishna Gupta,krishna.gupta2227@example.com,2025-01-30 11:44:00,Kochi,Bronze,Active
CUST02229,Diya Iyer,diya.iyer2228@example.com,2025-06-11 23:06:00,Surat,Platinum,Active
CUST02230,Pooja Patel,pooja.patel2229@example.com,2025-07-14 05:41:00,Kochi,Silver,Active
CUST02231,Neha Sharma,neha.sharma2230@example.com,2025-11-21 06:00:00,Jaipur,Bronze,Active
CUST02232,Vivaan Rao,vivaan.rao2231@example.com,2025-04-07 12:14:00,Lucknow,Bronze,Inactive
CUST02233,Myra Malhotra,myra.malhotra2232@example.com,2023-11-14 00:05:00,Coimbatore,Silver,Active
CUST02234,Sai Malhotra,sai.malhotra2233@example.com,2023-10-28 11:30:00,Kochi,Bronze,Active
CUST02235,Anika Rao,anika.rao2234@example.com,2025-10-07 12:19:00,Delhi,Platinum,Active
CUST02236,Diya Desai,diya.desai2235@example.com,2025-11-05 05:06:00,Pune,Bronze,Inactive
CUST02237,Saanvi Patel,saanvi.patel2236@example.com,2023-11-29 13:27:00,Mumbai,Platinum,Suspended
CUST02238,Vikram Bose,vikram.bose2237@example.com,2024-08-15 11:05:00,Kolkata,Platinum,Active
CUST02239,Pooja Pillai,pooja.pillai2238@example.com,2024-01-01 03:50:00,Indore,Gold,Inactive
CUST02240,Rahul Nair,rahul.nair2239@example.com,2023-10-11 08:49:00,Bengaluru,Silver,Suspended
CUST02241,Sai Chatterjee,sai.chatterjee2240@example.com,2024-01-03 12:00:00,Mumbai,Silver,Active
CUST02242,Aditya Verma,aditya.verma2241@example.com,2026-05-11 13:46:00,Surat,Bronze,Active
CUST02243,Rohan Sharma,rohan.sharma2242@example.com,2024-12-26 17:46:00,Hyderabad,Platinum,Inactive
CUST02244,Ananya Iyer,ananya.iyer2243@example.com,2025-11-17 15:22:00,Lucknow,Silver,Inactive
CUST02245,Vihaan Gupta,vihaan.gupta2244@example.com,2026-01-19 03:48:00,Coimbatore,Silver,Active
CUST02246,Ananya Singh,ananya.singh2245@example.com,2024-09-20 08:31:00,Lucknow,Platinum,Active
CUST02247,Rajesh Rao,rajesh.rao2246@example.com,2026-08-27 00:06:00,Chennai,Bronze,Active
CUST02248,Sai Gupta,sai.gupta2247@example.com,2023-10-13 16:13:00,Chennai,Silver,Active
CUST02249,Ira Gupta,ira.gupta2248@example.com,2025-08-02 12:18:00,Ahmedabad,Bronze,Active
CUST02250,Ananya Shetty,ananya.shetty2249@example.com,2026-07-15 11:20:00,Chandigarh,Platinum,Active
CUST02251,Meera Bose,meera.bose2250@example.com,2026-03-02 13:28:00,Jaipur,Gold,Active
CUST02252,Amit Sharma,amit.sharma2251@example.com,2026-05-06 15:25:00,Kolkata,Gold,Active
CUST02253,Aadhya Singh,aadhya.singh2252@example.com,2023-09-21 00:26:00,Lucknow,Bronze,Active
CUST02254,Meera Malhotra,meera.malhotra2253@example.com,2026-04-11 22:32:00,Mumbai,Bronze,Suspended
CUST02255,Sai Verma,sai.verma2254@example.com,2023-10-16 16:45:00,Lucknow,Gold,Active
CUST02256,Vihaan Agarwal,vihaan.agarwal2255@example.com,2025-04-14 00:49:00,Surat,Bronze,Inactive
CUST02257,Reyansh Reddy,reyansh.reddy2256@example.com,2025-05-07 16:16:00,Nagpur,Silver,Inactive
CUST02258,Aadhya Desai,aadhya.desai2257@example.com,2024-02-29 18:58:00,Chennai,Platinum,Active
CUST02259,Neha Desai,neha.desai2258@example.com,2025-03-25 06:43:00,Hyderabad,Silver,Active
CUST02260,Ishaan Mehta,ishaan.mehta2259@example.com,2026-03-17 00:48:00,Chennai,Gold,Active
CUST02261,Rohan Nair,rohan.nair2260@example.com,2026-05-13 19:27:00,Delhi,Gold,Active
CUST02262,Vihaan Verma,vihaan.verma2261@example.com,2025-01-08 22:47:00,Chandigarh,Gold,Active
CUST02263,Saanvi Pillai,saanvi.pillai2262@example.com,2025-06-11 16:23:00,Surat,Gold,Active
CUST02264,Ira Bose,ira.bose2263@example.com,2024-01-17 09:54:00,Jaipur,Silver,Suspended
CUST02265,Arjun Verma,arjun.verma2264@example.com,2026-06-08 13:10:00,Indore,Gold,Inactive
CUST02266,Diya Sharma,diya.sharma2265@example.com,2026-04-24 17:30:00,Pune,Platinum,Active
CUST02267,Aadhya Gupta,aadhya.gupta2266@example.com,2026-01-25 09:55:00,Indore,Silver,Active
CUST02268,Rohan Shetty,rohan.shetty2267@example.com,2024-01-20 17:54:00,Jaipur,Bronze,Inactive
CUST02269,Anika Reddy,anika.reddy2268@example.com,2025-07-07 04:29:00,Pune,Silver,Active
CUST02270,Vihaan Sharma,vihaan.sharma2269@example.com,2025-01-14 06:00:00,Bengaluru,Platinum,Active
CUST02271,Reyansh Singh,reyansh.singh2270@example.com,2024-04-23 20:14:00,Nagpur,Gold,Suspended
CUST02272,Rahul Mehta,rahul.mehta2271@example.com,2024-03-28 03:48:00,Jaipur,Silver,Inactive
CUST02273,Aditya Bose,aditya.bose2272@example.com,2024-02-29 23:44:00,Lucknow,Silver,Suspended
CUST02274,Sneha Patel,sneha.patel2273@example.com,2024-06-09 04:43:00,Delhi,Silver,Inactive
CUST02275,Rohan Rao,rohan.rao2274@example.com,2023-12-17 03:49:00,Hyderabad,Gold,Active
CUST02276,Anika Bose,anika.bose2275@example.com,2024-11-16 07:30:00,Hyderabad,Gold,Active
CUST02277,Rajesh Iyer,rajesh.iyer2276@example.com,2023-11-02 14:19:00,Coimbatore,Bronze,Active
CUST02278,Aditya Desai,aditya.desai2277@example.com,2025-01-15 15:05:00,Kolkata,Platinum,Inactive
CUST02279,Saanvi Singh,saanvi.singh2278@example.com,2023-09-27 16:39:00,Delhi,Gold,Active
CUST02280,Diya Rao,diya.rao2279@example.com,2025-03-06 02:25:00,Chennai,Bronze,Inactive
CUST02281,Diya Singh,diya.singh2280@example.com,2023-11-25 14:20:00,Kochi,Silver,Suspended
CUST02282,Myra Verma,myra.verma2281@example.com,2024-04-02 20:12:00,Ahmedabad,Gold,Active
CUST02283,Ishaan Chatterjee,ishaan.chatterjee2282@example.com,2025-09-12 09:00:00,Bengaluru,Bronze,Suspended
CUST02284,Myra Iyer,myra.iyer2283@example.com,2024-12-06 07:30:00,Surat,Gold,Active
CUST02285,Krishna Iyer,krishna.iyer2284@example.com,2023-12-10 18:49:00,Ahmedabad,Platinum,Active
CUST02286,Riya Verma,riya.verma2285@example.com,2026-05-09 10:17:00,Lucknow,Platinum,Suspended
CUST02287,Arjun Patel,arjun.patel2286@example.com,2025-01-05 20:01:00,Ahmedabad,Silver,Active
CUST02288,Aditya Joshi,aditya.joshi2287@example.com,2024-03-27 13:20:00,Chandigarh,Bronze,Inactive
CUST02289,Pooja Desai,pooja.desai2288@example.com,2025-09-11 17:11:00,Lucknow,Silver,Active
CUST02290,Aadhya Pillai,aadhya.pillai2289@example.com,2026-02-10 16:47:00,Pune,Silver,Suspended
CUST02291,Krishna Desai,krishna.desai2290@example.com,2024-12-30 07:41:00,Delhi,Platinum,Active
CUST02292,Vivaan Rao,vivaan.rao2291@example.com,2024-12-04 07:30:00,Jaipur,Bronze,Active
CUST02293,Vikram Kapoor,vikram.kapoor2292@example.com,2026-02-22 02:41:00,Surat,Bronze,Active
CUST02294,Aadhya Desai,aadhya.desai2293@example.com,2025-07-17 05:17:00,Bengaluru,Platinum,Suspended
CUST02295,Priya Bose,priya.bose2294@example.com,2025-11-08 13:50:00,Nagpur,Silver,Suspended
CUST02296,Riya Nair,riya.nair2295@example.com,2025-08-23 11:10:00,Nagpur,Gold,Active
CUST02297,Anika Mehta,anika.mehta2296@example.com,2025-10-04 18:21:00,Jaipur,Gold,Inactive
CUST02298,Aditya Rao,aditya.rao2297@example.com,2025-11-03 13:27:00,Bengaluru,Gold,Active
CUST02299,Rajesh Verma,rajesh.verma2298@example.com,2024-01-24 03:22:00,Indore,Bronze,Active
CUST02300,Kavya Pillai,kavya.pillai2299@example.com,2024-05-20 00:43:00,Hyderabad,Silver,Suspended
CUST02301,Rajesh Kapoor,rajesh.kapoor2300@example.com,2025-06-09 15:30:00,Hyderabad,Gold,Active
CUST02302,Pooja Pillai,pooja.pillai2301@example.com,2025-01-07 12:51:00,Mumbai,Gold,Active
CUST02303,Priya Shetty,priya.shetty2302@example.com,2025-01-01 13:14:00,Pune,Silver,Active
CUST02304,Arjun Patel,arjun.patel2303@example.com,2024-09-26 00:40:00,Delhi,Bronze,Inactive
CUST02305,Karan Chatterjee,karan.chatterjee2304@example.com,2024-03-13 14:33:00,Pune,Gold,Active
CUST02306,Sai Singh,sai.singh2305@example.com,2024-07-07 11:00:00,Indore,Platinum,Active
CUST02307,Reyansh Reddy,reyansh.reddy2306@example.com,2024-06-15 22:34:00,Lucknow,Silver,Active
CUST02308,Arjun Verma,arjun.verma2307@example.com,2024-09-26 03:09:00,Kolkata,Bronze,Active
CUST02309,Aadhya Gupta,aadhya.gupta2308@example.com,2025-12-08 09:11:00,Jaipur,Silver,Suspended
CUST02310,Priya Malhotra,priya.malhotra2309@example.com,2025-03-08 23:08:00,Delhi,Bronze,Active
CUST02311,Reyansh Kumar,reyansh.kumar2310@example.com,2025-08-02 17:18:00,Pune,Platinum,Suspended
CUST02312,Vikram Shetty,vikram.shetty2311@example.com,2025-04-14 14:07:00,Ahmedabad,Platinum,Active
CUST02313,Ishaan Agarwal,ishaan.agarwal2312@example.com,2024-08-17 23:40:00,Bengaluru,Gold,Active
CUST02314,Divya Gupta,divya.gupta2313@example.com,2024-04-28 11:40:00,Hyderabad,Bronze,Inactive
CUST02315,Aditya Rao,aditya.rao2314@example.com,2025-08-08 17:21:00,Nagpur,Platinum,Inactive
CUST02316,Ira Rao,ira.rao2315@example.com,2023-11-25 09:06:00,Mumbai,Gold,Active
CUST02317,Ira Agarwal,ira.agarwal2316@example.com,2025-03-08 20:56:00,Lucknow,Gold,Active
CUST02318,Sneha Iyer,sneha.iyer2317@example.com,2025-05-11 18:40:00,Surat,Platinum,Inactive
CUST02319,Kavya Chatterjee,kavya.chatterjee2318@example.com,2024-01-12 00:23:00,Bengaluru,Silver,Active
CUST02320,Divya Sharma,divya.sharma2319@example.com,2024-02-01 22:11:00,Ahmedabad,Gold,Inactive
CUST02321,Pooja Shetty,pooja.shetty2320@example.com,2024-07-14 01:02:00,Coimbatore,Bronze,Suspended
CUST02322,Riya Kapoor,riya.kapoor2321@example.com,2023-12-28 16:43:00,Chennai,Silver,Active
CUST02323,Pooja Malhotra,pooja.malhotra2322@example.com,2024-08-13 22:54:00,Hyderabad,Bronze,Suspended
CUST02324,Vihaan Malhotra,vihaan.malhotra2323@example.com,2026-05-29 03:39:00,Nagpur,Platinum,Active
CUST02325,Arjun Kumar,arjun.kumar2324@example.com,2025-03-04 06:37:00,Mumbai,Platinum,Active
CUST02326,Riya Pillai,riya.pillai2325@example.com,2024-04-06 14:53:00,Mumbai,Silver,Active
CUST02327,Riya Patel,riya.patel2326@example.com,2024-01-28 19:04:00,Kolkata,Gold,Active
CUST02328,Divya Patel,divya.patel2327@example.com,2026-04-22 13:11:00,Pune,Bronze,Suspended
CUST02329,Riya Patel,riya.patel2328@example.com,2024-05-26 19:05:00,Mumbai,Platinum,Active
CUST02330,Pooja Mehta,pooja.mehta2329@example.com,2025-11-16 05:41:00,Kolkata,Platinum,Active
CUST02331,Sneha Desai,sneha.desai2330@example.com,2025-08-07 06:55:00,Hyderabad,Bronze,Active
CUST02332,Rajesh Joshi,rajesh.joshi2331@example.com,2024-04-06 16:40:00,Kochi,Bronze,Suspended
CUST02333,Rajesh Malhotra,rajesh.malhotra2332@example.com,2025-04-05 06:27:00,Mumbai,Silver,Inactive
CUST02334,Ishaan Rao,ishaan.rao2333@example.com,2025-02-01 01:59:00,Delhi,Silver,Inactive
CUST02335,Rahul Bose,rahul.bose2334@example.com,2025-12-07 21:05:00,Delhi,Platinum,Suspended
CUST02336,Riya Shetty,riya.shetty2335@example.com,2024-12-17 12:03:00,Jaipur,Silver,Active
CUST02337,Anika Verma,anika.verma2336@example.com,2024-03-21 00:04:00,Mumbai,Platinum,Active
CUST02338,Sai Iyer,sai.iyer2337@example.com,2025-07-08 18:40:00,Bengaluru,Platinum,Active
CUST02339,Saanvi Kumar,saanvi.kumar2338@example.com,2024-02-04 16:31:00,Kolkata,Bronze,Active
CUST02340,Meera Shetty,meera.shetty2339@example.com,2024-09-09 13:48:00,Lucknow,Platinum,Inactive
CUST02341,Priya Rao,priya.rao2340@example.com,2025-04-08 15:22:00,Coimbatore,Silver,Active
CUST02342,Vivaan Rao,vivaan.rao2341@example.com,2026-08-04 19:53:00,Hyderabad,Bronze,Inactive
CUST02343,Rajesh Agarwal,rajesh.agarwal2342@example.com,2024-06-01 10:35:00,Ahmedabad,Platinum,Active
CUST02344,Amit Nair,amit.nair2343@example.com,2023-12-29 22:07:00,Hyderabad,Silver,Inactive
CUST02345,Vivaan Bose,vivaan.bose2344@example.com,2023-10-04 22:02:00,Coimbatore,Gold,Active
CUST02346,Divya Iyer,divya.iyer2345@example.com,2023-11-06 12:59:00,Hyderabad,Bronze,Active
CUST02347,Rajesh Joshi,rajesh.joshi2346@example.com,2024-04-08 22:28:00,Kochi,Silver,Suspended
CUST02348,Aarav Agarwal,aarav.agarwal2347@example.com,2024-11-20 06:29:00,Surat,Gold,Active
CUST02349,Vikram Mehta,vikram.mehta2348@example.com,2025-02-19 05:39:00,Mumbai,Silver,Active
CUST02350,Rohan Iyer,rohan.iyer2349@example.com,2026-05-06 00:56:00,Hyderabad,Silver,Active
CUST02351,Vikram Bose,vikram.bose2350@example.com,2026-03-16 06:11:00,Nagpur,Silver,Inactive
CUST02352,Sneha Patel,sneha.patel2351@example.com,2026-02-02 06:50:00,Chennai,Gold,Active
CUST02353,Sneha Nair,sneha.nair2352@example.com,2023-11-04 21:24:00,Indore,Bronze,Inactive
CUST02354,Arjun Mehta,arjun.mehta2353@example.com,2024-02-04 04:19:00,Mumbai,Silver,Active
CUST02355,Neha Chatterjee,neha.chatterjee2354@example.com,2025-08-26 21:11:00,Jaipur,Bronze,Active
CUST02356,Karan Agarwal,karan.agarwal2355@example.com,2024-04-21 15:31:00,Hyderabad,Platinum,Active
CUST02357,Ishaan Malhotra,ishaan.malhotra2356@example.com,2024-03-10 00:51:00,Lucknow,Silver,Inactive
CUST02358,Meera Gupta,meera.gupta2357@example.com,2024-11-13 21:49:00,Kochi,Silver,Suspended
CUST02359,Reyansh Chatterjee,reyansh.chatterjee2358@example.com,2024-10-25 09:27:00,Chandigarh,Silver,Active
CUST02360,Reyansh Malhotra,reyansh.malhotra2359@example.com,2024-04-18 23:35:00,Indore,Platinum,Active
CUST02361,Neha Bose,neha.bose2360@example.com,2025-01-27 23:21:00,Bengaluru,Gold,Suspended
CUST02362,Karan Kapoor,karan.kapoor2361@example.com,2024-07-15 00:00:00,Hyderabad,Gold,Active
CUST02363,Sneha Joshi,sneha.joshi2362@example.com,2025-06-16 13:33:00,Delhi,Bronze,Active
CUST02364,Vikram Verma,vikram.verma2363@example.com,2025-11-16 15:06:00,Kolkata,Bronze,Active
CUST02365,Kavya Singh,kavya.singh2364@example.com,2025-06-21 05:17:00,Kochi,Bronze,Active
CUST02366,Aditya Mehta,aditya.mehta2365@example.com,2024-11-21 06:31:00,Chandigarh,Gold,Inactive
CUST02367,Amit Kapoor,amit.kapoor2366@example.com,2025-08-06 05:01:00,Ahmedabad,Gold,Active
CUST02368,Saanvi Kumar,saanvi.kumar2367@example.com,2024-09-24 01:05:00,Chandigarh,Gold,Suspended
CUST02369,Karan Kapoor,karan.kapoor2368@example.com,2025-11-12 17:11:00,Pune,Silver,Active
CUST02370,Rajesh Pillai,rajesh.pillai2369@example.com,2025-11-21 17:41:00,Hyderabad,Gold,Active
CUST02371,Aarav Singh,aarav.singh2370@example.com,2025-09-14 20:59:00,Bengaluru,Gold,Inactive
CUST02372,Reyansh Reddy,reyansh.reddy2371@example.com,2023-09-24 04:06:00,Coimbatore,Silver,Active
CUST02373,Vikram Verma,vikram.verma2372@example.com,2026-07-02 19:26:00,Pune,Bronze,Suspended
CUST02374,Krishna Verma,krishna.verma2373@example.com,2024-10-07 21:40:00,Kochi,Silver,Suspended
CUST02375,Myra Verma,myra.verma2374@example.com,2024-12-14 16:18:00,Bengaluru,Gold,Inactive
CUST02376,Divya Joshi,divya.joshi2375@example.com,2025-07-20 17:41:00,Coimbatore,Silver,Active
CUST02377,Amit Reddy,amit.reddy2376@example.com,2025-10-21 10:43:00,Chennai,Gold,Active
CUST02378,Ishaan Joshi,ishaan.joshi2377@example.com,2025-05-31 17:11:00,Kochi,Bronze,Active
CUST02379,Vikram Chatterjee,vikram.chatterjee2378@example.com,2024-09-23 23:52:00,Mumbai,Gold,Active
CUST02380,Kavya Rao,kavya.rao2379@example.com,2024-04-03 20:07:00,Ahmedabad,Platinum,Inactive
CUST02381,Rahul Patel,rahul.patel2380@example.com,2024-08-13 23:32:00,Kochi,Platinum,Active
CUST02382,Priya Sharma,priya.sharma2381@example.com,2025-07-20 11:57:00,Hyderabad,Gold,Inactive
CUST02383,Krishna Joshi,krishna.joshi2382@example.com,2024-03-19 09:35:00,Surat,Bronze,Suspended
CUST02384,Anika Shetty,anika.shetty2383@example.com,2025-08-10 17:11:00,Hyderabad,Bronze,Active
CUST02385,Myra Singh,myra.singh2384@example.com,2024-08-02 05:08:00,Surat,Platinum,Active
CUST02386,Sneha Bose,sneha.bose2385@example.com,2026-01-08 21:49:00,Bengaluru,Bronze,Suspended
CUST02387,Riya Desai,riya.desai2386@example.com,2023-11-18 05:14:00,Hyderabad,Gold,Active
CUST02388,Diya Joshi,diya.joshi2387@example.com,2023-10-29 20:50:00,Coimbatore,Platinum,Active
CUST02389,Sai Iyer,sai.iyer2388@example.com,2025-07-18 20:29:00,Chennai,Gold,Inactive
CUST02390,Neha Gupta,neha.gupta2389@example.com,2024-09-17 00:40:00,Chennai,Bronze,Inactive
CUST02391,Rohan Sharma,rohan.sharma2390@example.com,2024-05-23 17:47:00,Kolkata,Gold,Active
CUST02392,Saanvi Verma,saanvi.verma2391@example.com,2026-03-19 07:37:00,Nagpur,Bronze,Active
CUST02393,Sai Pillai,sai.pillai2392@example.com,2024-01-16 15:28:00,Jaipur,Gold,Active
CUST02394,Karan Reddy,karan.reddy2393@example.com,2026-02-03 09:59:00,Coimbatore,Platinum,Active
CUST02395,Sneha Nair,sneha.nair2394@example.com,2026-09-06 11:09:00,Coimbatore,Gold,Suspended
CUST02396,Rahul Nair,rahul.nair2395@example.com,2024-05-13 11:06:00,Hyderabad,Silver,Active
CUST02397,Priya Reddy,priya.reddy2396@example.com,2026-02-28 12:37:00,Kolkata,Bronze,Suspended
CUST02398,Ishaan Malhotra,ishaan.malhotra2397@example.com,2024-12-25 21:33:00,Coimbatore,Silver,Active
CUST02399,Kavya Sharma,kavya.sharma2398@example.com,2025-01-13 16:16:00,Chandigarh,Platinum,Active
CUST02400,Sneha Sharma,sneha.sharma2399@example.com,2026-04-01 03:19:00,Ahmedabad,Bronze,Active
CUST02401,Anika Kumar,anika.kumar2400@example.com,2024-07-14 08:59:00,Mumbai,Gold,Active
CUST02402,Rahul Singh,rahul.singh2401@example.com,2025-03-07 00:19:00,Kochi,Gold,Active
CUST02403,Meera Sharma,meera.sharma2402@example.com,2024-11-27 22:51:00,Surat,Silver,Active
CUST02404,Krishna Iyer,krishna.iyer2403@example.com,2025-04-29 18:24:00,Hyderabad,Gold,Active
CUST02405,Meera Mehta,meera.mehta2404@example.com,2026-09-02 19:27:00,Bengaluru,Gold,Active
CUST02406,Amit Iyer,amit.iyer2405@example.com,2025-11-06 19:16:00,Pune,Bronze,Suspended
CUST02407,Aadhya Rao,aadhya.rao2406@example.com,2024-02-01 22:57:00,Lucknow,Bronze,Active
CUST02408,Sneha Joshi,sneha.joshi2407@example.com,2025-07-18 00:18:00,Bengaluru,Silver,Active
CUST02409,Myra Iyer,myra.iyer2408@example.com,2025-01-28 12:21:00,Indore,Platinum,Inactive
CUST02410,Reyansh Chatterjee,reyansh.chatterjee2409@example.com,2024-05-24 18:34:00,Indore,Bronze,Active
CUST02411,Rohan Kapoor,rohan.kapoor2410@example.com,2025-10-02 18:01:00,Kochi,Bronze,Suspended
CUST02412,Vikram Shetty,vikram.shetty2411@example.com,2023-10-24 19:13:00,Mumbai,Bronze,Inactive
CUST02413,Saanvi Pillai,saanvi.pillai2412@example.com,2025-09-14 12:04:00,Bengaluru,Silver,Active
CUST02414,Vihaan Sharma,vihaan.sharma2413@example.com,2026-02-08 18:59:00,Pune,Gold,Inactive
CUST02415,Kavya Joshi,kavya.joshi2414@example.com,2023-12-07 17:41:00,Jaipur,Platinum,Inactive
CUST02416,Ira Shetty,ira.shetty2415@example.com,2024-06-16 03:37:00,Lucknow,Gold,Suspended
CUST02417,Meera Mehta,meera.mehta2416@example.com,2025-03-26 04:40:00,Kolkata,Gold,Suspended
CUST02418,Rohan Patel,rohan.patel2417@example.com,2026-07-24 23:39:00,Chennai,Silver,Active
CUST02419,Anika Gupta,anika.gupta2418@example.com,2026-07-24 08:58:00,Kolkata,Silver,Active
CUST02420,Ananya Iyer,ananya.iyer2419@example.com,2025-11-29 10:58:00,Nagpur,Bronze,Active
CUST02421,Rahul Agarwal,rahul.agarwal2420@example.com,2024-08-09 04:14:00,Pune,Silver,Active
CUST02422,Sneha Iyer,sneha.iyer2421@example.com,2023-10-11 18:50:00,Pune,Silver,Inactive
CUST02423,Ishaan Mehta,ishaan.mehta2422@example.com,2026-02-27 23:38:00,Hyderabad,Platinum,Active
CUST02424,Reyansh Kumar,reyansh.kumar2423@example.com,2025-06-21 21:34:00,Nagpur,Platinum,Inactive
CUST02425,Kavya Nair,kavya.nair2424@example.com,2026-05-08 20:30:00,Mumbai,Platinum,Active
CUST02426,Rajesh Verma,rajesh.verma2425@example.com,2024-02-12 10:06:00,Nagpur,Platinum,Inactive
CUST02427,Pooja Shetty,pooja.shetty2426@example.com,2024-04-02 19:06:00,Nagpur,Platinum,Inactive
CUST02428,Saanvi Agarwal,saanvi.agarwal2427@example.com,2026-09-19 14:30:00,Indore,Silver,Active
CUST02429,Priya Kumar,priya.kumar2428@example.com,2024-02-02 15:52:00,Kochi,Silver,Active
CUST02430,Neha Sharma,neha.sharma2429@example.com,2024-11-28 02:26:00,Jaipur,Gold,Active
CUST02431,Rahul Bose,rahul.bose2430@example.com,2024-09-02 04:18:00,Nagpur,Silver,Suspended
CUST02432,Rohan Iyer,rohan.iyer2431@example.com,2026-03-07 08:29:00,Coimbatore,Silver,Suspended
CUST02433,Divya Malhotra,divya.malhotra2432@example.com,2025-08-15 19:46:00,Bengaluru,Platinum,Active
CUST02434,Saanvi Rao,saanvi.rao2433@example.com,2023-11-01 19:09:00,Nagpur,Bronze,Active
CUST02435,Neha Verma,neha.verma2434@example.com,2025-12-02 16:18:00,Kochi,Gold,Suspended
CUST02436,Riya Pillai,riya.pillai2435@example.com,2026-04-05 00:54:00,Indore,Bronze,Inactive
CUST02437,Vikram Reddy,vikram.reddy2436@example.com,2024-06-15 14:04:00,Delhi,Bronze,Active
CUST02438,Ananya Nair,ananya.nair2437@example.com,2026-02-17 16:46:00,Surat,Silver,Suspended
CUST02439,Priya Desai,priya.desai2438@example.com,2025-04-25 18:14:00,Hyderabad,Bronze,Suspended
CUST02440,Rahul Bose,rahul.bose2439@example.com,2025-01-12 13:15:00,Ahmedabad,Silver,Active
CUST02441,Divya Joshi,divya.joshi2440@example.com,2024-02-17 02:23:00,Indore,Gold,Active
CUST02442,Kavya Mehta,kavya.mehta2441@example.com,2023-10-22 07:24:00,Chennai,Silver,Active
CUST02443,Sneha Singh,sneha.singh2442@example.com,2025-03-23 19:40:00,Delhi,Gold,Inactive
CUST02444,Vikram Desai,vikram.desai2443@example.com,2024-05-09 12:18:00,Chandigarh,Silver,Suspended
CUST02445,Sai Mehta,sai.mehta2444@example.com,2025-11-27 05:13:00,Mumbai,Gold,Active
CUST02446,Vihaan Bose,vihaan.bose2445@example.com,2026-07-12 00:03:00,Hyderabad,Bronze,Active
CUST02447,Arjun Iyer,arjun.iyer2446@example.com,2024-07-24 03:57:00,Surat,Platinum,Inactive
CUST02448,Neha Desai,neha.desai2447@example.com,2025-08-11 19:00:00,Lucknow,Platinum,Active
CUST02449,Karan Singh,karan.singh2448@example.com,2025-12-02 03:58:00,Chennai,Silver,Active
CUST02450,Priya Agarwal,priya.agarwal2449@example.com,2025-05-21 18:35:00,Nagpur,Silver,Active
CUST02451,Rahul Gupta,rahul.gupta2450@example.com,2024-11-29 23:24:00,Delhi,Gold,Inactive
CUST02452,Krishna Joshi,krishna.joshi2451@example.com,2024-01-10 08:06:00,Bengaluru,Platinum,Active
CUST02453,Krishna Mehta,krishna.mehta2452@example.com,2024-10-16 17:20:00,Coimbatore,Silver,Active
CUST02454,Aadhya Agarwal,aadhya.agarwal2453@example.com,2024-06-12 09:47:00,Bengaluru,Silver,Inactive
CUST02455,Diya Iyer,diya.iyer2454@example.com,2024-03-06 04:44:00,Kolkata,Gold,Active
CUST02456,Riya Mehta,riya.mehta2455@example.com,2024-04-03 20:13:00,Kolkata,Silver,Active
CUST02457,Myra Patel,myra.patel2456@example.com,2025-02-25 03:11:00,Indore,Silver,Suspended
CUST02458,Anika Verma,anika.verma2457@example.com,2023-11-02 13:39:00,Mumbai,Gold,Suspended
CUST02459,Sneha Pillai,sneha.pillai2458@example.com,2025-09-04 15:39:00,Jaipur,Silver,Active
CUST02460,Riya Shetty,riya.shetty2459@example.com,2023-12-27 06:31:00,Pune,Platinum,Active
CUST02461,Aditya Bose,aditya.bose2460@example.com,2026-03-07 02:06:00,Lucknow,Gold,Suspended
CUST02462,Rajesh Reddy,rajesh.reddy2461@example.com,2024-10-19 07:44:00,Kolkata,Bronze,Inactive
CUST02463,Kavya Patel,kavya.patel2462@example.com,2026-05-14 12:33:00,Hyderabad,Platinum,Active
CUST02464,Sneha Rao,sneha.rao2463@example.com,2026-07-30 06:52:00,Ahmedabad,Platinum,Active
CUST02465,Kavya Mehta,kavya.mehta2464@example.com,2026-03-11 16:31:00,Chennai,Gold,Active
CUST02466,Aadhya Verma,aadhya.verma2465@example.com,2026-02-05 20:25:00,Lucknow,Bronze,Active
CUST02467,Sneha Kumar,sneha.kumar2466@example.com,2025-01-23 19:05:00,Lucknow,Platinum,Inactive
CUST02468,Arjun Reddy,arjun.reddy2467@example.com,2024-10-09 14:32:00,Delhi,Gold,Active
CUST02469,Ananya Malhotra,ananya.malhotra2468@example.com,2024-04-10 06:55:00,Ahmedabad,Gold,Suspended
CUST02470,Riya Chatterjee,riya.chatterjee2469@example.com,2023-11-22 18:35:00,Bengaluru,Silver,Suspended
CUST02471,Arjun Agarwal,arjun.agarwal2470@example.com,2023-11-09 17:51:00,Bengaluru,Gold,Active
CUST02472,Sneha Singh,sneha.singh2471@example.com,2025-06-23 23:48:00,Lucknow,Silver,Active
CUST02473,Karan Gupta,karan.gupta2472@example.com,2024-09-26 07:22:00,Hyderabad,Silver,Active
CUST02474,Anika Agarwal,anika.agarwal2473@example.com,2025-11-14 05:05:00,Surat,Platinum,Inactive
CUST02475,Rahul Singh,rahul.singh2474@example.com,2023-09-30 07:57:00,Delhi,Silver,Inactive
CUST02476,Ananya Verma,ananya.verma2475@example.com,2023-09-25 12:26:00,Bengaluru,Gold,Active
CUST02477,Aarav Chatterjee,aarav.chatterjee2476@example.com,2025-06-06 01:27:00,Chandigarh,Gold,Suspended
CUST02478,Ishaan Reddy,ishaan.reddy2477@example.com,2025-10-14 12:50:00,Ahmedabad,Bronze,Inactive
CUST02479,Karan Singh,karan.singh2478@example.com,2026-02-27 02:50:00,Mumbai,Platinum,Inactive
CUST02480,Riya Singh,riya.singh2479@example.com,2025-06-14 01:51:00,Chennai,Gold,Active
CUST02481,Anika Gupta,anika.gupta2480@example.com,2024-05-05 17:43:00,Hyderabad,Silver,Active
CUST02482,Arjun Shetty,arjun.shetty2481@example.com,2026-06-12 11:42:00,Indore,Gold,Inactive
CUST02483,Aadhya Malhotra,aadhya.malhotra2482@example.com,2024-07-14 07:34:00,Delhi,Bronze,Suspended
CUST02484,Saanvi Malhotra,saanvi.malhotra2483@example.com,2024-01-19 09:40:00,Nagpur,Gold,Suspended
CUST02485,Anika Rao,anika.rao2484@example.com,2025-12-16 00:41:00,Coimbatore,Silver,Active
CUST02486,Aarav Verma,aarav.verma2485@example.com,2026-09-20 21:44:00,Indore,Gold,Active
CUST02487,Ira Reddy,ira.reddy2486@example.com,2024-12-21 17:01:00,Nagpur,Gold,Active
CUST02488,Neha Joshi,neha.joshi2487@example.com,2026-05-07 22:12:00,Lucknow,Platinum,Active
CUST02489,Aarav Agarwal,aarav.agarwal2488@example.com,2024-06-02 19:51:00,Nagpur,Bronze,Active
CUST02490,Karan Kapoor,karan.kapoor2489@example.com,2024-01-10 18:12:00,Ahmedabad,Silver,Active
CUST02491,Reyansh Sharma,reyansh.sharma2490@example.com,2025-05-12 11:10:00,Ahmedabad,Platinum,Active
CUST02492,Priya Sharma,priya.sharma2491@example.com,2025-10-29 03:34:00,Chandigarh,Platinum,Active
CUST02493,Rahul Nair,rahul.nair2492@example.com,2024-07-12 05:48:00,Ahmedabad,Gold,Active
CUST02494,Krishna Joshi,krishna.joshi2493@example.com,2025-04-29 12:56:00,Lucknow,Gold,Suspended
CUST02495,Rohan Kumar,rohan.kumar2494@example.com,2025-06-14 15:52:00,Delhi,Silver,Active
CUST02496,Vihaan Rao,vihaan.rao2495@example.com,2024-06-20 20:14:00,Delhi,Gold,Suspended
CUST02497,Kavya Pillai,kavya.pillai2496@example.com,2025-11-14 17:32:00,Bengaluru,Bronze,Active
CUST02498,Rohan Singh,rohan.singh2497@example.com,2025-12-03 02:43:00,Chandigarh,Platinum,Active
CUST02499,Aditya Verma,aditya.verma2498@example.com,2024-11-19 23:20:00,Bengaluru,Platinum,Inactive
CUST02500,Rohan Mehta,rohan.mehta2499@example.com,2026-01-23 07:41:00,Hyderabad,Gold,Inactive
CUST02501,Myra Kapoor,myra.kapoor2500@example.com,2023-10-13 20:11:00,Jaipur,Bronze,Suspended
CUST02502,Meera Kapoor,meera.kapoor2501@example.com,2024-01-30 16:18:00,Coimbatore,Gold,Suspended
CUST02503,Ananya Malhotra,ananya.malhotra2502@example.com,2024-04-06 14:08:00,Surat,Platinum,Active
CUST02504,Rajesh Kumar,rajesh.kumar2503@example.com,2026-01-08 06:13:00,Jaipur,Bronze,Suspended
CUST02505,Ananya Bose,ananya.bose2504@example.com,2024-03-04 19:56:00,Chennai,Silver,Inactive
CUST02506,Diya Reddy,diya.reddy2505@example.com,2024-10-21 15:58:00,Coimbatore,Bronze,Inactive
CUST02507,Sai Rao,sai.rao2506@example.com,2024-07-31 15:53:00,Surat,Bronze,Inactive
CUST02508,Aarav Nair,aarav.nair2507@example.com,2024-02-08 10:23:00,Hyderabad,Gold,Active
CUST02509,Krishna Kumar,krishna.kumar2508@example.com,2025-10-11 01:16:00,Chandigarh,Gold,Active
CUST02510,Reyansh Sharma,reyansh.sharma2509@example.com,2023-12-28 14:46:00,Coimbatore,Silver,Suspended
CUST02511,Riya Kapoor,riya.kapoor2510@example.com,2023-10-16 20:55:00,Ahmedabad,Platinum,Inactive
CUST02512,Sai Patel,sai.patel2511@example.com,2024-09-08 16:05:00,Chandigarh,Silver,Active
CUST02513,Diya Verma,diya.verma2512@example.com,2023-12-13 01:33:00,Chandigarh,Gold,Active
CUST02514,Saanvi Iyer,saanvi.iyer2513@example.com,2024-05-10 22:20:00,Hyderabad,Gold,Suspended
CUST02515,Karan Desai,karan.desai2514@example.com,2026-02-17 15:07:00,Chennai,Platinum,Active
CUST02516,Meera Verma,meera.verma2515@example.com,2025-03-05 15:20:00,Delhi,Platinum,Suspended
CUST02517,Meera Verma,meera.verma2516@example.com,2023-11-15 13:34:00,Kochi,Platinum,Active
CUST02518,Priya Patel,priya.patel2517@example.com,2025-04-24 12:55:00,Coimbatore,Platinum,Inactive
CUST02519,Rahul Sharma,rahul.sharma2518@example.com,2026-08-25 20:15:00,Chandigarh,Platinum,Active
CUST02520,Vivaan Patel,vivaan.patel2519@example.com,2023-12-31 16:23:00,Hyderabad,Gold,Inactive
CUST02521,Aadhya Chatterjee,aadhya.chatterjee2520@example.com,2023-12-12 16:23:00,Chennai,Platinum,Active
CUST02522,Saanvi Patel,saanvi.patel2521@example.com,2024-04-15 02:43:00,Ahmedabad,Bronze,Inactive
CUST02523,Ira Iyer,ira.iyer2522@example.com,2026-02-20 01:29:00,Indore,Platinum,Suspended
CUST02524,Anika Kumar,anika.kumar2523@example.com,2024-08-12 04:27:00,Coimbatore,Bronze,Active
CUST02525,Reyansh Sharma,reyansh.sharma2524@example.com,2024-07-29 22:22:00,Hyderabad,Platinum,Active
CUST02526,Rohan Malhotra,rohan.malhotra2525@example.com,2026-02-12 05:07:00,Chandigarh,Bronze,Active
CUST02527,Priya Patel,priya.patel2526@example.com,2026-03-03 05:54:00,Indore,Platinum,Active
CUST02528,Priya Kapoor,priya.kapoor2527@example.com,2026-01-23 16:37:00,Jaipur,Bronze,Active
CUST02529,Ishaan Shetty,ishaan.shetty2528@example.com,2024-05-10 11:15:00,Chennai,Bronze,Inactive
CUST02530,Meera Kumar,meera.kumar2529@example.com,2026-07-01 12:19:00,Nagpur,Gold,Active
CUST02531,Aadhya Patel,aadhya.patel2530@example.com,2024-04-02 09:24:00,Mumbai,Platinum,Suspended
CUST02532,Kavya Shetty,kavya.shetty2531@example.com,2023-10-16 22:35:00,Kochi,Bronze,Active
CUST02533,Vihaan Mehta,vihaan.mehta2532@example.com,2024-04-19 02:02:00,Pune,Bronze,Inactive
CUST02534,Vihaan Patel,vihaan.patel2533@example.com,2026-07-30 17:24:00,Ahmedabad,Bronze,Active
CUST02535,Anika Reddy,anika.reddy2534@example.com,2025-09-15 23:20:00,Nagpur,Silver,Active
CUST02536,Meera Reddy,meera.reddy2535@example.com,2024-11-16 20:42:00,Bengaluru,Gold,Inactive
CUST02537,Karan Iyer,karan.iyer2536@example.com,2024-05-29 23:14:00,Chennai,Platinum,Suspended
CUST02538,Vikram Kapoor,vikram.kapoor2537@example.com,2024-02-28 15:38:00,Lucknow,Bronze,Active
CUST02539,Reyansh Joshi,reyansh.joshi2538@example.com,2024-10-16 12:45:00,Lucknow,Gold,Suspended
CUST02540,Amit Malhotra,amit.malhotra2539@example.com,2025-03-03 09:10:00,Surat,Platinum,Suspended
CUST02541,Rohan Singh,rohan.singh2540@example.com,2026-06-15 13:31:00,Indore,Platinum,Inactive
CUST02542,Vivaan Desai,vivaan.desai2541@example.com,2025-03-31 18:47:00,Jaipur,Gold,Inactive
CUST02543,Anika Reddy,anika.reddy2542@example.com,2024-11-30 00:35:00,Surat,Platinum,Suspended
CUST02544,Amit Bose,amit.bose2543@example.com,2024-10-07 18:06:00,Kochi,Platinum,Active
CUST02545,Ananya Nair,ananya.nair2544@example.com,2023-12-02 21:39:00,Kochi,Gold,Active
CUST02546,Aarav Sharma,aarav.sharma2545@example.com,2024-09-30 04:26:00,Chennai,Bronze,Active
CUST02547,Priya Gupta,priya.gupta2546@example.com,2025-06-11 13:07:00,Mumbai,Gold,Inactive
CUST02548,Divya Patel,divya.patel2547@example.com,2025-01-02 20:02:00,Indore,Bronze,Active
CUST02549,Vikram Pillai,vikram.pillai2548@example.com,2026-03-19 03:35:00,Delhi,Platinum,Suspended
CUST02550,Priya Bose,priya.bose2549@example.com,2024-12-19 04:29:00,Kochi,Bronze,Suspended
CUST02551,Arjun Gupta,arjun.gupta2550@example.com,2025-09-04 11:48:00,Hyderabad,Bronze,Active
CUST02552,Karan Kapoor,karan.kapoor2551@example.com,2025-03-27 01:29:00,Bengaluru,Platinum,Active
CUST02553,Aditya Patel,aditya.patel2552@example.com,2024-10-02 13:09:00,Kochi,Platinum,Suspended
CUST02554,Rajesh Iyer,rajesh.iyer2553@example.com,2024-04-07 12:12:00,Kolkata,Gold,Active
CUST02555,Rahul Nair,rahul.nair2554@example.com,2025-10-29 18:40:00,Mumbai,Gold,Suspended
CUST02556,Myra Mehta,myra.mehta2555@example.com,2026-08-19 20:48:00,Kochi,Silver,Active
CUST02557,Ishaan Chatterjee,ishaan.chatterjee2556@example.com,2024-12-24 07:16:00,Hyderabad,Silver,Inactive
CUST02558,Vivaan Patel,vivaan.patel2557@example.com,2025-01-22 06:26:00,Indore,Gold,Inactive
CUST02559,Vikram Singh,vikram.singh2558@example.com,2025-09-21 11:21:00,Nagpur,Silver,Active
CUST02560,Sneha Verma,sneha.verma2559@example.com,2026-04-18 17:55:00,Jaipur,Gold,Suspended
CUST02561,Sneha Mehta,sneha.mehta2560@example.com,2026-03-19 01:22:00,Coimbatore,Platinum,Inactive
CUST02562,Diya Agarwal,diya.agarwal2561@example.com,2024-06-14 15:51:00,Ahmedabad,Gold,Inactive
CUST02563,Aadhya Patel,aadhya.patel2562@example.com,2024-10-24 06:38:00,Coimbatore,Bronze,Active
CUST02564,Vihaan Verma,vihaan.verma2563@example.com,2024-06-30 19:02:00,Mumbai,Gold,Suspended
CUST02565,Aarav Kumar,aarav.kumar2564@example.com,2024-07-24 20:06:00,Kolkata,Gold,Inactive
CUST02566,Priya Singh,priya.singh2565@example.com,2025-01-27 04:24:00,Hyderabad,Bronze,Active
CUST02567,Ananya Joshi,ananya.joshi2566@example.com,2026-04-05 13:46:00,Coimbatore,Gold,Active
CUST02568,Rajesh Chatterjee,rajesh.chatterjee2567@example.com,2024-03-28 22:45:00,Chandigarh,Platinum,Inactive
CUST02569,Meera Iyer,meera.iyer2568@example.com,2025-11-07 02:43:00,Lucknow,Platinum,Active
CUST02570,Rajesh Gupta,rajesh.gupta2569@example.com,2026-07-29 08:46:00,Ahmedabad,Silver,Active
CUST02571,Diya Agarwal,diya.agarwal2570@example.com,2025-06-29 16:04:00,Bengaluru,Platinum,Active
CUST02572,Sai Patel,sai.patel2571@example.com,2025-06-15 09:19:00,Pune,Gold,Inactive
CUST02573,Saanvi Rao,saanvi.rao2572@example.com,2025-07-05 20:00:00,Kochi,Gold,Active
CUST02574,Myra Iyer,myra.iyer2573@example.com,2025-01-21 16:59:00,Lucknow,Bronze,Inactive
CUST02575,Vikram Rao,vikram.rao2574@example.com,2024-01-05 09:34:00,Delhi,Silver,Active
CUST02576,Amit Bose,amit.bose2575@example.com,2025-08-23 10:49:00,Lucknow,Gold,Inactive
CUST02577,Pooja Malhotra,pooja.malhotra2576@example.com,2023-10-24 05:35:00,Chandigarh,Silver,Inactive
CUST02578,Rahul Singh,rahul.singh2577@example.com,2024-07-20 00:44:00,Kochi,Platinum,Inactive
CUST02579,Vihaan Kumar,vihaan.kumar2578@example.com,2024-09-05 15:33:00,Pune,Bronze,Active
CUST02580,Amit Verma,amit.verma2579@example.com,2024-08-23 12:03:00,Nagpur,Platinum,Active
CUST02581,Sneha Singh,sneha.singh2580@example.com,2025-05-28 13:26:00,Mumbai,Silver,Active
CUST02582,Vihaan Malhotra,vihaan.malhotra2581@example.com,2024-09-19 21:16:00,Pune,Gold,Suspended
CUST02583,Divya Pillai,divya.pillai2582@example.com,2025-12-19 13:05:00,Pune,Platinum,Suspended
CUST02584,Anika Pillai,anika.pillai2583@example.com,2025-05-03 06:23:00,Chandigarh,Bronze,Active
CUST02585,Priya Chatterjee,priya.chatterjee2584@example.com,2025-12-31 20:02:00,Jaipur,Gold,Suspended
CUST02586,Sai Shetty,sai.shetty2585@example.com,2023-11-16 01:30:00,Nagpur,Bronze,Active
CUST02587,Saanvi Joshi,saanvi.joshi2586@example.com,2024-12-17 20:09:00,Nagpur,Silver,Inactive
CUST02588,Meera Sharma,meera.sharma2587@example.com,2025-06-11 00:38:00,Chennai,Gold,Suspended
CUST02589,Sneha Kumar,sneha.kumar2588@example.com,2025-06-19 09:43:00,Kochi,Bronze,Active
CUST02590,Anika Bose,anika.bose2589@example.com,2026-06-04 09:21:00,Pune,Silver,Inactive
CUST02591,Vihaan Malhotra,vihaan.malhotra2590@example.com,2024-04-07 08:23:00,Lucknow,Gold,Inactive
CUST02592,Myra Verma,myra.verma2591@example.com,2024-04-10 21:50:00,Mumbai,Platinum,Suspended
CUST02593,Aditya Iyer,aditya.iyer2592@example.com,2026-08-06 06:32:00,Kochi,Platinum,Active
CUST02594,Rahul Agarwal,rahul.agarwal2593@example.com,2026-05-26 12:30:00,Surat,Silver,Active
CUST02595,Aarav Kapoor,aarav.kapoor2594@example.com,2025-11-22 21:17:00,Surat,Platinum,Active
CUST02596,Karan Pillai,karan.pillai2595@example.com,2024-09-25 21:14:00,Jaipur,Gold,Active
CUST02597,Neha Pillai,neha.pillai2596@example.com,2025-03-04 05:44:00,Chennai,Bronze,Active
CUST02598,Krishna Agarwal,krishna.agarwal2597@example.com,2026-07-26 01:22:00,Bengaluru,Platinum,Active
CUST02599,Kavya Kapoor,kavya.kapoor2598@example.com,2023-12-20 10:15:00,Kochi,Silver,Active
CUST02600,Amit Shetty,amit.shetty2599@example.com,2025-12-21 11:47:00,Nagpur,Gold,Active
CUST02601,Vihaan Malhotra,vihaan.malhotra2600@example.com,2024-03-09 14:26:00,Kolkata,Silver,Active
CUST02602,Priya Nair,priya.nair2601@example.com,2025-01-05 13:46:00,Chennai,Platinum,Active
CUST02603,Anika Joshi,anika.joshi2602@example.com,2023-11-15 10:51:00,Coimbatore,Bronze,Inactive
CUST02604,Priya Rao,priya.rao2603@example.com,2024-12-15 23:21:00,Delhi,Platinum,Active
CUST02605,Arjun Desai,arjun.desai2604@example.com,2026-06-04 01:12:00,Kolkata,Silver,Inactive
CUST02606,Rajesh Shetty,rajesh.shetty2605@example.com,2024-09-17 05:53:00,Chandigarh,Gold,Suspended
CUST02607,Vivaan Sharma,vivaan.sharma2606@example.com,2026-04-28 04:56:00,Kolkata,Gold,Active
CUST02608,Rahul Singh,rahul.singh2607@example.com,2023-10-02 10:14:00,Nagpur,Silver,Active
CUST02609,Kavya Bose,kavya.bose2608@example.com,2025-10-25 00:48:00,Coimbatore,Bronze,Active
CUST02610,Sneha Bose,sneha.bose2609@example.com,2025-04-29 04:11:00,Surat,Bronze,Active
CUST02611,Sneha Singh,sneha.singh2610@example.com,2025-09-18 18:59:00,Chennai,Bronze,Inactive
CUST02612,Aditya Bose,aditya.bose2611@example.com,2023-12-12 00:53:00,Indore,Bronze,Active
CUST02613,Ananya Nair,ananya.nair2612@example.com,2024-11-10 21:54:00,Chennai,Silver,Active
CUST02614,Ananya Iyer,ananya.iyer2613@example.com,2024-06-16 05:16:00,Kolkata,Platinum,Active
CUST02615,Vivaan Kapoor,vivaan.kapoor2614@example.com,2024-07-19 10:36:00,Surat,Platinum,Active
CUST02616,Krishna Desai,krishna.desai2615@example.com,2024-01-23 19:06:00,Coimbatore,Gold,Inactive
CUST02617,Rahul Rao,rahul.rao2616@example.com,2024-10-17 18:54:00,Mumbai,Bronze,Active
CUST02618,Saanvi Nair,saanvi.nair2617@example.com,2024-12-22 12:49:00,Surat,Silver,Active
CUST02619,Aditya Chatterjee,aditya.chatterjee2618@example.com,2024-04-22 15:29:00,Bengaluru,Bronze,Active
CUST02620,Myra Pillai,myra.pillai2619@example.com,2026-03-19 18:44:00,Jaipur,Gold,Suspended
CUST02621,Myra Gupta,myra.gupta2620@example.com,2024-06-20 17:46:00,Nagpur,Gold,Active
CUST02622,Sneha Bose,sneha.bose2621@example.com,2024-10-01 03:20:00,Ahmedabad,Silver,Inactive
CUST02623,Myra Agarwal,myra.agarwal2622@example.com,2026-04-06 13:32:00,Pune,Platinum,Active
CUST02624,Vihaan Bose,vihaan.bose2623@example.com,2026-03-12 07:44:00,Mumbai,Platinum,Active
CUST02625,Neha Sharma,neha.sharma2624@example.com,2026-08-10 04:57:00,Chandigarh,Gold,Inactive
CUST02626,Vihaan Rao,vihaan.rao2625@example.com,2026-05-22 02:37:00,Indore,Platinum,Active
CUST02627,Aadhya Verma,aadhya.verma2626@example.com,2026-03-09 19:00:00,Ahmedabad,Platinum,Active
CUST02628,Ira Desai,ira.desai2627@example.com,2023-10-04 00:00:00,Jaipur,Bronze,Active
CUST02629,Aarav Gupta,aarav.gupta2628@example.com,2024-11-20 11:41:00,Bengaluru,Silver,Inactive
CUST02630,Pooja Shetty,pooja.shetty2629@example.com,2026-07-26 05:24:00,Indore,Platinum,Suspended
CUST02631,Meera Mehta,meera.mehta2630@example.com,2024-08-14 21:49:00,Bengaluru,Gold,Active
CUST02632,Rajesh Kapoor,rajesh.kapoor2631@example.com,2025-08-30 03:21:00,Chennai,Platinum,Active
CUST02633,Ira Reddy,ira.reddy2632@example.com,2023-12-05 18:26:00,Coimbatore,Silver,Active
CUST02634,Rahul Chatterjee,rahul.chatterjee2633@example.com,2025-06-30 12:54:00,Kolkata,Bronze,Active
CUST02635,Ananya Joshi,ananya.joshi2634@example.com,2025-11-08 04:37:00,Surat,Silver,Inactive
CUST02636,Vikram Verma,vikram.verma2635@example.com,2025-09-23 09:15:00,Delhi,Platinum,Inactive
CUST02637,Vikram Nair,vikram.nair2636@example.com,2025-09-22 07:51:00,Chandigarh,Silver,Inactive
CUST02638,Sneha Chatterjee,sneha.chatterjee2637@example.com,2024-03-23 23:21:00,Kochi,Gold,Active
CUST02639,Ananya Desai,ananya.desai2638@example.com,2026-07-03 06:04:00,Surat,Gold,Active
CUST02640,Karan Shetty,karan.shetty2639@example.com,2026-01-17 14:01:00,Jaipur,Gold,Active
CUST02641,Meera Bose,meera.bose2640@example.com,2025-02-01 20:38:00,Bengaluru,Silver,Active
CUST02642,Amit Joshi,amit.joshi2641@example.com,2025-09-16 05:27:00,Chandigarh,Gold,Suspended
CUST02643,Amit Chatterjee,amit.chatterjee2642@example.com,2025-10-13 20:29:00,Kolkata,Platinum,Active
CUST02644,Vihaan Patel,vihaan.patel2643@example.com,2025-08-21 04:51:00,Chandigarh,Platinum,Inactive
CUST02645,Karan Nair,karan.nair2644@example.com,2024-10-30 09:01:00,Surat,Silver,Suspended
CUST02646,Aarav Agarwal,aarav.agarwal2645@example.com,2024-07-16 09:53:00,Kochi,Silver,Suspended
CUST02647,Diya Mehta,diya.mehta2646@example.com,2026-05-09 13:45:00,Mumbai,Bronze,Active
CUST02648,Ira Kapoor,ira.kapoor2647@example.com,2024-09-02 19:45:00,Coimbatore,Bronze,Active
CUST02649,Diya Patel,diya.patel2648@example.com,2023-12-20 17:10:00,Kochi,Silver,Active
CUST02650,Vivaan Singh,vivaan.singh2649@example.com,2024-06-15 22:38:00,Coimbatore,Silver,Active
CUST02651,Anika Kumar,anika.kumar2650@example.com,2026-05-23 08:09:00,Chandigarh,Silver,Inactive
CUST02652,Vikram Malhotra,vikram.malhotra2651@example.com,2026-03-02 07:55:00,Indore,Gold,Inactive
CUST02653,Vihaan Iyer,vihaan.iyer2652@example.com,2024-12-03 07:24:00,Jaipur,Platinum,Suspended
CUST02654,Meera Reddy,meera.reddy2653@example.com,2023-09-27 07:35:00,Pune,Platinum,Active
CUST02655,Reyansh Patel,reyansh.patel2654@example.com,2025-08-05 14:40:00,Surat,Bronze,Active
CUST02656,Divya Rao,divya.rao2655@example.com,2025-12-17 09:12:00,Delhi,Platinum,Active
CUST02657,Reyansh Chatterjee,reyansh.chatterjee2656@example.com,2025-08-11 14:20:00,Bengaluru,Bronze,Inactive
CUST02658,Vikram Reddy,vikram.reddy2657@example.com,2024-04-30 11:33:00,Ahmedabad,Platinum,Inactive
CUST02659,Amit Agarwal,amit.agarwal2658@example.com,2024-08-09 21:29:00,Jaipur,Silver,Active
CUST02660,Vihaan Malhotra,vihaan.malhotra2659@example.com,2026-08-03 08:54:00,Chennai,Bronze,Active
CUST02661,Vivaan Pillai,vivaan.pillai2660@example.com,2024-12-01 06:30:00,Pune,Platinum,Active
CUST02662,Vihaan Chatterjee,vihaan.chatterjee2661@example.com,2024-07-16 14:29:00,Coimbatore,Gold,Active
CUST02663,Myra Pillai,myra.pillai2662@example.com,2025-02-09 02:16:00,Kolkata,Gold,Active
CUST02664,Kavya Kumar,kavya.kumar2663@example.com,2026-05-31 07:07:00,Nagpur,Gold,Suspended
CUST02665,Anika Sharma,anika.sharma2664@example.com,2026-06-27 17:55:00,Chennai,Platinum,Active
CUST02666,Kavya Verma,kavya.verma2665@example.com,2024-12-31 05:13:00,Kochi,Platinum,Inactive
CUST02667,Ira Malhotra,ira.malhotra2666@example.com,2025-09-30 03:40:00,Kolkata,Platinum,Active
CUST02668,Vikram Pillai,vikram.pillai2667@example.com,2026-06-14 06:59:00,Pune,Silver,Suspended
CUST02669,Anika Kapoor,anika.kapoor2668@example.com,2026-06-16 14:36:00,Mumbai,Platinum,Active
CUST02670,Karan Singh,karan.singh2669@example.com,2025-08-31 12:26:00,Pune,Silver,Inactive
CUST02671,Amit Pillai,amit.pillai2670@example.com,2026-06-05 02:05:00,Pune,Platinum,Active
CUST02672,Sai Kumar,sai.kumar2671@example.com,2024-04-15 00:28:00,Chennai,Silver,Active
CUST02673,Vihaan Rao,vihaan.rao2672@example.com,2023-10-13 18:28:00,Coimbatore,Platinum,Inactive
CUST02674,Priya Shetty,priya.shetty2673@example.com,2024-08-22 02:16:00,Hyderabad,Platinum,Active
CUST02675,Meera Agarwal,meera.agarwal2674@example.com,2026-06-21 17:54:00,Hyderabad,Gold,Active
CUST02676,Kavya Rao,kavya.rao2675@example.com,2024-02-27 18:03:00,Delhi,Bronze,Active
CUST02677,Aadhya Shetty,aadhya.shetty2676@example.com,2025-06-24 01:40:00,Kochi,Platinum,Suspended
CUST02678,Divya Nair,divya.nair2677@example.com,2026-04-24 01:47:00,Indore,Platinum,Active
CUST02679,Ishaan Rao,ishaan.rao2678@example.com,2023-12-11 17:24:00,Coimbatore,Gold,Active
CUST02680,Ananya Mehta,ananya.mehta2679@example.com,2026-08-20 22:01:00,Surat,Platinum,Active
CUST02681,Myra Kumar,myra.kumar2680@example.com,2024-07-31 17:03:00,Hyderabad,Gold,Active
CUST02682,Arjun Malhotra,arjun.malhotra2681@example.com,2026-01-25 15:00:00,Coimbatore,Gold,Active
CUST02683,Meera Kapoor,meera.kapoor2682@example.com,2025-05-16 02:08:00,Hyderabad,Gold,Inactive
CUST02684,Rohan Desai,rohan.desai2683@example.com,2024-11-12 18:36:00,Surat,Silver,Active
CUST02685,Sneha Agarwal,sneha.agarwal2684@example.com,2025-06-10 12:02:00,Pune,Gold,Active
CUST02686,Amit Desai,amit.desai2685@example.com,2024-06-19 22:51:00,Mumbai,Gold,Suspended
CUST02687,Rahul Reddy,rahul.reddy2686@example.com,2025-12-04 04:45:00,Lucknow,Silver,Suspended
CUST02688,Reyansh Reddy,reyansh.reddy2687@example.com,2025-04-10 10:17:00,Pune,Gold,Active
CUST02689,Meera Mehta,meera.mehta2688@example.com,2024-12-25 17:04:00,Indore,Silver,Active
CUST02690,Priya Joshi,priya.joshi2689@example.com,2025-03-11 10:16:00,Hyderabad,Platinum,Active
CUST02691,Divya Kumar,divya.kumar2690@example.com,2026-08-31 10:08:00,Lucknow,Platinum,Active
CUST02692,Amit Singh,amit.singh2691@example.com,2024-05-26 11:43:00,Jaipur,Gold,Active
CUST02693,Kavya Desai,kavya.desai2692@example.com,2025-08-28 08:44:00,Nagpur,Bronze,Active
CUST02694,Amit Agarwal,amit.agarwal2693@example.com,2026-08-30 03:16:00,Ahmedabad,Silver,Inactive
CUST02695,Amit Patel,amit.patel2694@example.com,2024-07-03 22:16:00,Mumbai,Platinum,Active
CUST02696,Karan Joshi,karan.joshi2695@example.com,2024-03-15 19:18:00,Indore,Platinum,Active
CUST02697,Ira Bose,ira.bose2696@example.com,2025-06-21 21:20:00,Pune,Platinum,Active
CUST02698,Riya Pillai,riya.pillai2697@example.com,2026-01-29 20:50:00,Hyderabad,Platinum,Active
CUST02699,Priya Malhotra,priya.malhotra2698@example.com,2023-12-25 21:49:00,Surat,Platinum,Active
CUST02700,Priya Desai,priya.desai2699@example.com,2024-11-19 18:13:00,Bengaluru,Gold,Active
CUST02701,Rohan Malhotra,rohan.malhotra2700@example.com,2025-04-13 02:15:00,Kolkata,Bronze,Active
CUST02702,Pooja Sharma,pooja.sharma2701@example.com,2024-06-27 14:26:00,Pune,Gold,Suspended
CUST02703,Kavya Patel,kavya.patel2702@example.com,2025-02-11 14:06:00,Pune,Silver,Suspended
CUST02704,Aarav Rao,aarav.rao2703@example.com,2025-04-03 20:12:00,Bengaluru,Bronze,Active
CUST02705,Arjun Verma,arjun.verma2704@example.com,2026-01-19 11:08:00,Pune,Platinum,Suspended
CUST02706,Priya Verma,priya.verma2705@example.com,2025-08-03 21:25:00,Surat,Platinum,Active
CUST02707,Reyansh Iyer,reyansh.iyer2706@example.com,2023-12-06 17:52:00,Bengaluru,Platinum,Active
CUST02708,Karan Singh,karan.singh2707@example.com,2023-10-25 22:30:00,Hyderabad,Gold,Inactive
CUST02709,Rohan Iyer,rohan.iyer2708@example.com,2024-01-14 20:53:00,Jaipur,Bronze,Active
CUST02710,Arjun Verma,arjun.verma2709@example.com,2025-06-09 22:07:00,Pune,Gold,Active
CUST02711,Amit Mehta,amit.mehta2710@example.com,2024-07-18 18:55:00,Nagpur,Platinum,Active
CUST02712,Reyansh Desai,reyansh.desai2711@example.com,2026-05-05 16:33:00,Jaipur,Gold,Inactive
CUST02713,Vivaan Joshi,vivaan.joshi2712@example.com,2024-08-22 09:13:00,Coimbatore,Silver,Suspended
CUST02714,Vikram Chatterjee,vikram.chatterjee2713@example.com,2025-12-02 09:22:00,Delhi,Gold,Active
CUST02715,Vihaan Shetty,vihaan.shetty2714@example.com,2026-06-28 02:01:00,Mumbai,Bronze,Active
CUST02716,Sneha Desai,sneha.desai2715@example.com,2023-11-24 17:11:00,Surat,Bronze,Inactive
CUST02717,Sneha Nair,sneha.nair2716@example.com,2025-07-17 00:40:00,Bengaluru,Gold,Active
CUST02718,Neha Desai,neha.desai2717@example.com,2026-06-23 06:00:00,Delhi,Platinum,Inactive
CUST02719,Saanvi Nair,saanvi.nair2718@example.com,2025-11-12 13:05:00,Kochi,Silver,Active
CUST02720,Kavya Mehta,kavya.mehta2719@example.com,2025-04-25 18:38:00,Kochi,Silver,Suspended
CUST02721,Amit Verma,amit.verma2720@example.com,2024-02-17 17:03:00,Bengaluru,Bronze,Suspended
CUST02722,Divya Rao,divya.rao2721@example.com,2026-05-28 11:36:00,Kolkata,Bronze,Active
CUST02723,Saanvi Malhotra,saanvi.malhotra2722@example.com,2025-11-11 14:28:00,Delhi,Bronze,Active
CUST02724,Pooja Agarwal,pooja.agarwal2723@example.com,2026-05-13 16:49:00,Nagpur,Bronze,Inactive
CUST02725,Ira Verma,ira.verma2724@example.com,2025-08-18 13:18:00,Kolkata,Gold,Inactive
CUST02726,Aarav Iyer,aarav.iyer2725@example.com,2024-04-05 23:05:00,Kochi,Bronze,Suspended
CUST02727,Reyansh Shetty,reyansh.shetty2726@example.com,2024-04-01 21:07:00,Mumbai,Platinum,Inactive
CUST02728,Sneha Chatterjee,sneha.chatterjee2727@example.com,2025-05-05 04:27:00,Chandigarh,Gold,Suspended
CUST02729,Vikram Nair,vikram.nair2728@example.com,2025-02-08 06:50:00,Bengaluru,Platinum,Active
CUST02730,Divya Joshi,divya.joshi2729@example.com,2025-12-01 06:40:00,Mumbai,Gold,Inactive
CUST02731,Karan Pillai,karan.pillai2730@example.com,2026-05-27 20:17:00,Lucknow,Silver,Active
CUST02732,Ira Shetty,ira.shetty2731@example.com,2026-05-10 10:27:00,Kolkata,Silver,Active
CUST02733,Reyansh Reddy,reyansh.reddy2732@example.com,2023-09-22 23:21:00,Kolkata,Gold,Active
CUST02734,Rohan Chatterjee,rohan.chatterjee2733@example.com,2025-10-08 00:01:00,Pune,Gold,Active
CUST02735,Sai Gupta,sai.gupta2734@example.com,2024-12-01 12:58:00,Surat,Gold,Active
CUST02736,Sai Singh,sai.singh2735@example.com,2025-12-01 20:17:00,Kochi,Silver,Active
CUST02737,Neha Kapoor,neha.kapoor2736@example.com,2025-05-30 23:36:00,Pune,Gold,Active
CUST02738,Vihaan Rao,vihaan.rao2737@example.com,2026-09-13 05:57:00,Jaipur,Platinum,Active
CUST02739,Vivaan Malhotra,vivaan.malhotra2738@example.com,2024-07-19 05:53:00,Jaipur,Gold,Inactive
CUST02740,Ishaan Desai,ishaan.desai2739@example.com,2025-06-18 03:58:00,Nagpur,Silver,Suspended
CUST02741,Ishaan Kumar,ishaan.kumar2740@example.com,2026-04-22 23:19:00,Ahmedabad,Gold,Active
CUST02742,Sai Pillai,sai.pillai2741@example.com,2024-01-19 05:19:00,Hyderabad,Silver,Inactive
CUST02743,Sneha Iyer,sneha.iyer2742@example.com,2024-07-22 14:17:00,Kochi,Silver,Suspended
CUST02744,Aarav Agarwal,aarav.agarwal2743@example.com,2024-07-20 09:02:00,Pune,Silver,Active
CUST02745,Myra Kumar,myra.kumar2744@example.com,2025-05-22 02:29:00,Jaipur,Platinum,Inactive
CUST02746,Vivaan Kumar,vivaan.kumar2745@example.com,2025-04-26 12:20:00,Kochi,Platinum,Active
CUST02747,Divya Agarwal,divya.agarwal2746@example.com,2024-03-03 08:02:00,Surat,Bronze,Active
CUST02748,Meera Verma,meera.verma2747@example.com,2025-11-11 09:26:00,Ahmedabad,Bronze,Active
CUST02749,Karan Shetty,karan.shetty2748@example.com,2024-09-13 16:51:00,Bengaluru,Bronze,Active
CUST02750,Vikram Mehta,vikram.mehta2749@example.com,2025-02-10 03:14:00,Ahmedabad,Gold,Active
CUST02751,Anika Pillai,anika.pillai2750@example.com,2025-09-28 11:44:00,Mumbai,Platinum,Inactive
CUST02752,Ira Joshi,ira.joshi2751@example.com,2025-10-27 12:13:00,Nagpur,Bronze,Active
CUST02753,Aditya Agarwal,aditya.agarwal2752@example.com,2026-08-09 10:09:00,Chandigarh,Bronze,Suspended
CUST02754,Kavya Nair,kavya.nair2753@example.com,2025-01-14 19:58:00,Jaipur,Bronze,Inactive
CUST02755,Sai Kapoor,sai.kapoor2754@example.com,2024-02-22 10:15:00,Mumbai,Bronze,Suspended
CUST02756,Aditya Kapoor,aditya.kapoor2755@example.com,2025-06-13 11:52:00,Pune,Silver,Suspended
CUST02757,Sai Malhotra,sai.malhotra2756@example.com,2024-09-28 17:35:00,Indore,Gold,Active
CUST02758,Ira Desai,ira.desai2757@example.com,2024-05-11 10:31:00,Chandigarh,Gold,Suspended
CUST02759,Saanvi Gupta,saanvi.gupta2758@example.com,2024-03-08 09:36:00,Hyderabad,Platinum,Active
CUST02760,Diya Nair,diya.nair2759@example.com,2024-02-14 12:39:00,Ahmedabad,Bronze,Active
CUST02761,Rajesh Reddy,rajesh.reddy2760@example.com,2024-11-22 02:35:00,Ahmedabad,Bronze,Active
CUST02762,Priya Agarwal,priya.agarwal2761@example.com,2025-12-22 00:27:00,Chennai,Platinum,Suspended
CUST02763,Ananya Joshi,ananya.joshi2762@example.com,2025-07-26 16:47:00,Kochi,Gold,Suspended
CUST02764,Rohan Reddy,rohan.reddy2763@example.com,2025-08-25 05:48:00,Pune,Bronze,Active
CUST02765,Karan Shetty,karan.shetty2764@example.com,2024-09-06 09:25:00,Coimbatore,Bronze,Suspended
CUST02766,Kavya Bose,kavya.bose2765@example.com,2024-06-06 12:19:00,Pune,Bronze,Active
CUST02767,Ira Sharma,ira.sharma2766@example.com,2024-12-31 17:35:00,Delhi,Gold,Active
CUST02768,Vihaan Joshi,vihaan.joshi2767@example.com,2025-12-05 08:54:00,Pune,Silver,Suspended
CUST02769,Myra Nair,myra.nair2768@example.com,2024-03-08 14:03:00,Hyderabad,Platinum,Inactive
CUST02770,Rajesh Shetty,rajesh.shetty2769@example.com,2024-05-29 22:48:00,Nagpur,Gold,Suspended
CUST02771,Divya Shetty,divya.shetty2770@example.com,2025-07-03 13:25:00,Ahmedabad,Platinum,Suspended
CUST02772,Krishna Verma,krishna.verma2771@example.com,2025-11-04 02:36:00,Indore,Platinum,Inactive
CUST02773,Priya Agarwal,priya.agarwal2772@example.com,2023-10-27 10:49:00,Mumbai,Bronze,Suspended
CUST02774,Saanvi Patel,saanvi.patel2773@example.com,2024-03-27 23:16:00,Lucknow,Gold,Active
CUST02775,Saanvi Iyer,saanvi.iyer2774@example.com,2025-07-25 11:24:00,Surat,Gold,Active
CUST02776,Ira Mehta,ira.mehta2775@example.com,2025-10-03 15:13:00,Mumbai,Platinum,Active
CUST02777,Aarav Kapoor,aarav.kapoor2776@example.com,2025-11-05 03:35:00,Chennai,Platinum,Active
CUST02778,Vikram Joshi,vikram.joshi2777@example.com,2025-08-11 19:34:00,Surat,Platinum,Active
CUST02779,Kavya Kapoor,kavya.kapoor2778@example.com,2024-12-11 09:45:00,Surat,Bronze,Active
CUST02780,Myra Bose,myra.bose2779@example.com,2025-12-27 08:40:00,Kochi,Platinum,Active
CUST02781,Vivaan Mehta,vivaan.mehta2780@example.com,2023-09-30 00:20:00,Nagpur,Platinum,Active
CUST02782,Rajesh Reddy,rajesh.reddy2781@example.com,2026-07-10 02:54:00,Chandigarh,Bronze,Suspended
CUST02783,Ananya Kapoor,ananya.kapoor2782@example.com,2026-05-10 21:59:00,Pune,Gold,Suspended
CUST02784,Aditya Patel,aditya.patel2783@example.com,2026-09-03 22:39:00,Kochi,Platinum,Active
CUST02785,Sai Desai,sai.desai2784@example.com,2026-03-20 13:01:00,Pune,Platinum,Suspended
CUST02786,Ira Sharma,ira.sharma2785@example.com,2024-09-20 17:13:00,Lucknow,Platinum,Inactive
CUST02787,Rahul Gupta,rahul.gupta2786@example.com,2025-11-16 17:41:00,Indore,Platinum,Active
CUST02788,Reyansh Reddy,reyansh.reddy2787@example.com,2026-05-08 12:21:00,Kolkata,Silver,Active
CUST02789,Sneha Malhotra,sneha.malhotra2788@example.com,2024-12-13 05:03:00,Coimbatore,Bronze,Active
CUST02790,Vikram Patel,vikram.patel2789@example.com,2024-03-20 08:39:00,Jaipur,Gold,Active
CUST02791,Reyansh Desai,reyansh.desai2790@example.com,2025-09-27 14:41:00,Indore,Silver,Active
CUST02792,Vikram Malhotra,vikram.malhotra2791@example.com,2026-02-25 06:50:00,Bengaluru,Gold,Active
CUST02793,Rahul Gupta,rahul.gupta2792@example.com,2025-11-13 18:34:00,Kochi,Platinum,Active
CUST02794,Neha Kumar,neha.kumar2793@example.com,2026-01-21 06:02:00,Bengaluru,Gold,Inactive
CUST02795,Aarav Chatterjee,aarav.chatterjee2794@example.com,2024-06-03 18:25:00,Surat,Gold,Inactive
CUST02796,Amit Agarwal,amit.agarwal2795@example.com,2024-02-02 01:43:00,Lucknow,Bronze,Inactive
CUST02797,Vivaan Gupta,vivaan.gupta2796@example.com,2025-04-28 20:18:00,Bengaluru,Bronze,Suspended
CUST02798,Aditya Verma,aditya.verma2797@example.com,2025-11-24 09:54:00,Surat,Gold,Inactive
CUST02799,Sai Iyer,sai.iyer2798@example.com,2026-07-02 19:04:00,Coimbatore,Silver,Active
CUST02800,Ira Gupta,ira.gupta2799@example.com,2024-08-01 08:36:00,Indore,Silver,Inactive
CUST02801,Riya Nair,riya.nair2800@example.com,2024-01-18 18:11:00,Surat,Silver,Inactive
CUST02802,Divya Iyer,divya.iyer2801@example.com,2026-08-11 05:16:00,Bengaluru,Bronze,Active
CUST02803,Aadhya Rao,aadhya.rao2802@example.com,2024-09-08 09:23:00,Pune,Silver,Active
CUST02804,Myra Rao,myra.rao2803@example.com,2025-09-13 09:03:00,Mumbai,Silver,Inactive
CUST02805,Aadhya Agarwal,aadhya.agarwal2804@example.com,2026-08-11 08:18:00,Bengaluru,Platinum,Inactive
CUST02806,Aarav Rao,aarav.rao2805@example.com,2024-10-16 13:55:00,Hyderabad,Platinum,Inactive
CUST02807,Priya Patel,priya.patel2806@example.com,2024-08-24 21:49:00,Pune,Gold,Active
CUST02808,Ira Sharma,ira.sharma2807@example.com,2025-12-18 04:41:00,Mumbai,Bronze,Active
CUST02809,Rahul Shetty,rahul.shetty2808@example.com,2024-07-06 19:53:00,Pune,Gold,Suspended
CUST02810,Aditya Pillai,aditya.pillai2809@example.com,2025-08-13 03:40:00,Pune,Gold,Suspended
CUST02811,Vivaan Gupta,vivaan.gupta2810@example.com,2025-01-30 01:10:00,Delhi,Platinum,Suspended
CUST02812,Diya Kapoor,diya.kapoor2811@example.com,2026-04-03 12:22:00,Indore,Silver,Inactive
CUST02813,Vihaan Mehta,vihaan.mehta2812@example.com,2023-12-12 23:21:00,Lucknow,Platinum,Active
CUST02814,Pooja Mehta,pooja.mehta2813@example.com,2024-05-18 18:37:00,Ahmedabad,Silver,Active
CUST02815,Meera Gupta,meera.gupta2814@example.com,2025-04-21 17:28:00,Mumbai,Silver,Suspended
CUST02816,Rohan Chatterjee,rohan.chatterjee2815@example.com,2025-02-24 07:03:00,Jaipur,Bronze,Suspended
CUST02817,Saanvi Rao,saanvi.rao2816@example.com,2026-08-03 08:40:00,Jaipur,Gold,Active
CUST02818,Vikram Sharma,vikram.sharma2817@example.com,2025-10-14 22:19:00,Mumbai,Bronze,Suspended
CUST02819,Anika Singh,anika.singh2818@example.com,2025-05-19 01:41:00,Ahmedabad,Gold,Active
CUST02820,Ira Nair,ira.nair2819@example.com,2025-03-31 09:33:00,Pune,Bronze,Active
CUST02821,Arjun Rao,arjun.rao2820@example.com,2024-10-29 22:43:00,Pune,Silver,Active
CUST02822,Pooja Desai,pooja.desai2821@example.com,2024-02-25 02:55:00,Indore,Bronze,Suspended
CUST02823,Rohan Kumar,rohan.kumar2822@example.com,2024-11-08 06:58:00,Kolkata,Platinum,Active
CUST02824,Rohan Joshi,rohan.joshi2823@example.com,2025-12-27 05:00:00,Ahmedabad,Platinum,Active
CUST02825,Aarav Desai,aarav.desai2824@example.com,2026-08-12 14:36:00,Kolkata,Bronze,Active
CUST02826,Sneha Desai,sneha.desai2825@example.com,2025-08-08 08:36:00,Pune,Gold,Active
CUST02827,Arjun Patel,arjun.patel2826@example.com,2024-07-17 22:16:00,Bengaluru,Platinum,Inactive
CUST02828,Vivaan Sharma,vivaan.sharma2827@example.com,2025-03-16 01:36:00,Pune,Gold,Inactive
CUST02829,Riya Shetty,riya.shetty2828@example.com,2024-11-02 12:09:00,Ahmedabad,Platinum,Active
CUST02830,Saanvi Desai,saanvi.desai2829@example.com,2023-11-06 10:34:00,Indore,Silver,Active
CUST02831,Ira Gupta,ira.gupta2830@example.com,2024-10-20 19:38:00,Delhi,Silver,Active
CUST02832,Rohan Reddy,rohan.reddy2831@example.com,2025-04-03 06:48:00,Mumbai,Bronze,Active
CUST02833,Neha Joshi,neha.joshi2832@example.com,2023-12-24 14:43:00,Chennai,Gold,Active
CUST02834,Reyansh Malhotra,reyansh.malhotra2833@example.com,2026-04-03 09:02:00,Indore,Platinum,Suspended
CUST02835,Rajesh Kapoor,rajesh.kapoor2834@example.com,2026-03-31 02:02:00,Chandigarh,Gold,Inactive
CUST02836,Arjun Singh,arjun.singh2835@example.com,2024-12-07 07:03:00,Indore,Silver,Active
CUST02837,Sai Nair,sai.nair2836@example.com,2026-01-31 23:09:00,Mumbai,Gold,Inactive
CUST02838,Meera Iyer,meera.iyer2837@example.com,2025-12-31 20:45:00,Hyderabad,Platinum,Active
CUST02839,Reyansh Patel,reyansh.patel2838@example.com,2026-04-21 18:37:00,Ahmedabad,Gold,Active
CUST02840,Sai Pillai,sai.pillai2839@example.com,2026-05-10 19:24:00,Chandigarh,Gold,Suspended
CUST02841,Sneha Verma,sneha.verma2840@example.com,2025-05-23 21:05:00,Lucknow,Silver,Inactive
CUST02842,Sneha Desai,sneha.desai2841@example.com,2026-04-19 23:14:00,Chandigarh,Bronze,Active
CUST02843,Myra Desai,myra.desai2842@example.com,2026-08-24 00:09:00,Mumbai,Silver,Suspended
CUST02844,Aditya Mehta,aditya.mehta2843@example.com,2024-10-22 04:56:00,Ahmedabad,Gold,Suspended
CUST02845,Priya Gupta,priya.gupta2844@example.com,2025-11-05 05:20:00,Nagpur,Gold,Active
CUST02846,Ishaan Patel,ishaan.patel2845@example.com,2024-02-20 03:05:00,Lucknow,Gold,Suspended
CUST02847,Reyansh Pillai,reyansh.pillai2846@example.com,2024-11-12 02:54:00,Kolkata,Bronze,Active
CUST02848,Anika Agarwal,anika.agarwal2847@example.com,2026-01-14 22:15:00,Kolkata,Bronze,Suspended
CUST02849,Diya Kumar,diya.kumar2848@example.com,2025-12-10 17:02:00,Ahmedabad,Silver,Active
CUST02850,Priya Nair,priya.nair2849@example.com,2026-04-07 18:55:00,Kolkata,Silver,Active
CUST02851,Vihaan Mehta,vihaan.mehta2850@example.com,2026-03-17 23:33:00,Pune,Platinum,Active
CUST02852,Meera Gupta,meera.gupta2851@example.com,2025-05-31 17:57:00,Lucknow,Silver,Suspended
CUST02853,Rajesh Reddy,rajesh.reddy2852@example.com,2026-04-11 11:40:00,Ahmedabad,Gold,Suspended
CUST02854,Ananya Bose,ananya.bose2853@example.com,2023-10-02 17:30:00,Nagpur,Bronze,Active
CUST02855,Myra Agarwal,myra.agarwal2854@example.com,2025-08-12 01:29:00,Pune,Platinum,Active
CUST02856,Meera Mehta,meera.mehta2855@example.com,2025-09-04 08:42:00,Surat,Platinum,Active
CUST02857,Amit Pillai,amit.pillai2856@example.com,2026-05-18 09:49:00,Chennai,Gold,Inactive
CUST02858,Arjun Pillai,arjun.pillai2857@example.com,2023-11-16 23:55:00,Bengaluru,Platinum,Active
CUST02859,Riya Joshi,riya.joshi2858@example.com,2025-09-25 17:44:00,Bengaluru,Platinum,Inactive
CUST02860,Pooja Agarwal,pooja.agarwal2859@example.com,2025-11-30 06:24:00,Indore,Gold,Active
CUST02861,Aadhya Singh,aadhya.singh2860@example.com,2025-08-29 01:53:00,Ahmedabad,Bronze,Active
CUST02862,Aarav Agarwal,aarav.agarwal2861@example.com,2026-04-18 17:49:00,Hyderabad,Silver,Active
CUST02863,Krishna Nair,krishna.nair2862@example.com,2024-12-01 16:50:00,Chennai,Bronze,Inactive
CUST02864,Amit Malhotra,amit.malhotra2863@example.com,2024-07-04 03:07:00,Jaipur,Silver,Active
CUST02865,Ishaan Joshi,ishaan.joshi2864@example.com,2025-01-21 04:34:00,Jaipur,Gold,Suspended
CUST02866,Arjun Agarwal,arjun.agarwal2865@example.com,2023-11-18 03:42:00,Delhi,Bronze,Inactive
CUST02867,Rajesh Bose,rajesh.bose2866@example.com,2025-07-01 10:44:00,Pune,Silver,Active
CUST02868,Myra Chatterjee,myra.chatterjee2867@example.com,2024-10-14 00:45:00,Mumbai,Bronze,Active
CUST02869,Diya Mehta,diya.mehta2868@example.com,2023-09-30 23:19:00,Kochi,Silver,Active
CUST02870,Anika Desai,anika.desai2869@example.com,2025-04-23 14:12:00,Chandigarh,Gold,Active
CUST02871,Vihaan Singh,vihaan.singh2870@example.com,2025-10-25 21:57:00,Nagpur,Gold,Active
CUST02872,Rahul Shetty,rahul.shetty2871@example.com,2026-05-15 08:38:00,Chandigarh,Silver,Active
CUST02873,Aditya Iyer,aditya.iyer2872@example.com,2026-05-20 04:12:00,Chennai,Gold,Active
CUST02874,Sneha Kumar,sneha.kumar2873@example.com,2024-04-23 21:17:00,Mumbai,Platinum,Inactive
CUST02875,Rajesh Desai,rajesh.desai2874@example.com,2024-03-21 23:13:00,Hyderabad,Gold,Active
CUST02876,Reyansh Iyer,reyansh.iyer2875@example.com,2026-03-24 13:23:00,Chennai,Bronze,Inactive
CUST02877,Neha Gupta,neha.gupta2876@example.com,2024-09-10 01:17:00,Ahmedabad,Gold,Inactive
CUST02878,Neha Gupta,neha.gupta2877@example.com,2026-05-09 05:44:00,Coimbatore,Silver,Active
CUST02879,Rajesh Sharma,rajesh.sharma2878@example.com,2024-12-06 09:38:00,Nagpur,Gold,Active
CUST02880,Sneha Kapoor,sneha.kapoor2879@example.com,2024-01-11 12:29:00,Kolkata,Silver,Active
CUST02881,Rahul Sharma,rahul.sharma2880@example.com,2025-01-14 08:40:00,Delhi,Bronze,Inactive
CUST02882,Vikram Pillai,vikram.pillai2881@example.com,2025-08-27 16:23:00,Coimbatore,Platinum,Inactive
CUST02883,Riya Rao,riya.rao2882@example.com,2025-10-06 22:16:00,Kochi,Gold,Active
CUST02884,Karan Pillai,karan.pillai2883@example.com,2024-09-28 10:31:00,Lucknow,Gold,Active
CUST02885,Reyansh Verma,reyansh.verma2884@example.com,2024-02-18 13:01:00,Indore,Bronze,Active
CUST02886,Ira Iyer,ira.iyer2885@example.com,2024-06-17 09:05:00,Jaipur,Gold,Active
CUST02887,Ira Desai,ira.desai2886@example.com,2024-02-12 09:51:00,Pune,Bronze,Active
CUST02888,Anika Kumar,anika.kumar2887@example.com,2025-12-04 00:12:00,Delhi,Silver,Suspended
CUST02889,Diya Rao,diya.rao2888@example.com,2024-07-23 10:59:00,Bengaluru,Platinum,Inactive
CUST02890,Krishna Pillai,krishna.pillai2889@example.com,2025-12-09 13:36:00,Nagpur,Gold,Active
CUST02891,Neha Mehta,neha.mehta2890@example.com,2025-11-19 11:37:00,Pune,Gold,Suspended
CUST02892,Arjun Chatterjee,arjun.chatterjee2891@example.com,2026-08-23 10:10:00,Jaipur,Bronze,Active
CUST02893,Kavya Kapoor,kavya.kapoor2892@example.com,2025-10-02 19:23:00,Delhi,Platinum,Suspended
CUST02894,Aditya Rao,aditya.rao2893@example.com,2025-09-09 17:54:00,Kolkata,Platinum,Active
CUST02895,Diya Kapoor,diya.kapoor2894@example.com,2026-08-18 11:30:00,Kochi,Gold,Inactive
CUST02896,Aarav Nair,aarav.nair2895@example.com,2025-11-18 15:39:00,Chandigarh,Silver,Inactive
CUST02897,Sneha Shetty,sneha.shetty2896@example.com,2025-08-11 23:29:00,Hyderabad,Silver,Active
CUST02898,Priya Singh,priya.singh2897@example.com,2024-07-09 18:41:00,Chennai,Silver,Active
CUST02899,Karan Kapoor,karan.kapoor2898@example.com,2025-03-01 16:48:00,Pune,Bronze,Suspended
CUST02900,Arjun Chatterjee,arjun.chatterjee2899@example.com,2023-12-29 04:14:00,Nagpur,Silver,Active
CUST02901,Sai Singh,sai.singh2900@example.com,2023-12-03 10:33:00,Kochi,Gold,Active
CUST02902,Riya Pillai,riya.pillai2901@example.com,2025-10-28 08:18:00,Delhi,Bronze,Suspended
CUST02903,Priya Kumar,priya.kumar2902@example.com,2026-05-21 12:54:00,Ahmedabad,Bronze,Active
CUST02904,Neha Bose,neha.bose2903@example.com,2026-05-06 13:15:00,Hyderabad,Bronze,Active
CUST02905,Diya Verma,diya.verma2904@example.com,2024-01-18 04:42:00,Coimbatore,Silver,Suspended
CUST02906,Krishna Bose,krishna.bose2905@example.com,2025-12-05 16:27:00,Indore,Bronze,Suspended
CUST02907,Krishna Gupta,krishna.gupta2906@example.com,2023-12-13 17:34:00,Ahmedabad,Gold,Inactive
CUST02908,Ishaan Joshi,ishaan.joshi2907@example.com,2023-12-21 23:41:00,Nagpur,Platinum,Inactive
CUST02909,Krishna Verma,krishna.verma2908@example.com,2025-10-31 13:20:00,Chennai,Silver,Active
CUST02910,Priya Reddy,priya.reddy2909@example.com,2024-12-23 02:21:00,Surat,Gold,Inactive
CUST02911,Kavya Joshi,kavya.joshi2910@example.com,2024-04-25 04:53:00,Jaipur,Silver,Active
CUST02912,Saanvi Bose,saanvi.bose2911@example.com,2025-12-29 07:42:00,Coimbatore,Silver,Active
CUST02913,Divya Chatterjee,divya.chatterjee2912@example.com,2024-10-22 00:37:00,Chandigarh,Gold,Inactive
CUST02914,Rajesh Verma,rajesh.verma2913@example.com,2026-01-01 12:24:00,Chennai,Silver,Active
CUST02915,Vivaan Agarwal,vivaan.agarwal2914@example.com,2024-01-25 21:59:00,Nagpur,Bronze,Active
CUST02916,Vihaan Kapoor,vihaan.kapoor2915@example.com,2024-03-19 12:34:00,Jaipur,Gold,Inactive
CUST02917,Rahul Iyer,rahul.iyer2916@example.com,2025-05-04 17:40:00,Nagpur,Platinum,Suspended
CUST02918,Vikram Iyer,vikram.iyer2917@example.com,2025-05-30 13:20:00,Hyderabad,Silver,Suspended
CUST02919,Riya Desai,riya.desai2918@example.com,2024-01-19 15:25:00,Chennai,Bronze,Active
CUST02920,Riya Singh,riya.singh2919@example.com,2024-10-23 05:10:00,Bengaluru,Bronze,Inactive
CUST02921,Saanvi Rao,saanvi.rao2920@example.com,2024-11-11 01:48:00,Surat,Silver,Suspended
CUST02922,Diya Pillai,diya.pillai2921@example.com,2026-01-03 13:10:00,Hyderabad,Bronze,Active
CUST02923,Rahul Gupta,rahul.gupta2922@example.com,2025-06-09 01:23:00,Kochi,Gold,Suspended
CUST02924,Kavya Iyer,kavya.iyer2923@example.com,2025-05-23 16:29:00,Ahmedabad,Silver,Active
CUST02925,Saanvi Nair,saanvi.nair2924@example.com,2024-02-01 23:40:00,Bengaluru,Platinum,Active
CUST02926,Kavya Rao,kavya.rao2925@example.com,2023-11-09 20:36:00,Bengaluru,Silver,Active
CUST02927,Diya Joshi,diya.joshi2926@example.com,2025-11-21 04:40:00,Pune,Gold,Inactive
CUST02928,Anika Bose,anika.bose2927@example.com,2026-04-07 07:29:00,Jaipur,Bronze,Inactive
CUST02929,Rajesh Shetty,rajesh.shetty2928@example.com,2024-02-16 04:03:00,Chandigarh,Bronze,Active
CUST02930,Aarav Kapoor,aarav.kapoor2929@example.com,2025-03-25 21:32:00,Chennai,Gold,Suspended
CUST02931,Rajesh Kumar,rajesh.kumar2930@example.com,2024-07-15 17:10:00,Jaipur,Platinum,Active
CUST02932,Myra Singh,myra.singh2931@example.com,2025-03-04 01:51:00,Mumbai,Bronze,Suspended
CUST02933,Krishna Gupta,krishna.gupta2932@example.com,2024-09-05 22:30:00,Kolkata,Silver,Active
CUST02934,Kavya Iyer,kavya.iyer2933@example.com,2025-05-03 16:20:00,Pune,Silver,Inactive
CUST02935,Reyansh Kumar,reyansh.kumar2934@example.com,2026-09-14 13:38:00,Hyderabad,Bronze,Active
CUST02936,Sai Singh,sai.singh2935@example.com,2024-01-06 06:51:00,Delhi,Gold,Inactive
CUST02937,Diya Shetty,diya.shetty2936@example.com,2025-03-11 13:29:00,Indore,Gold,Active
CUST02938,Amit Patel,amit.patel2937@example.com,2024-12-16 04:04:00,Ahmedabad,Gold,Active
CUST02939,Priya Nair,priya.nair2938@example.com,2025-08-07 03:48:00,Chandigarh,Silver,Suspended
CUST02940,Aadhya Agarwal,aadhya.agarwal2939@example.com,2026-01-17 14:14:00,Indore,Bronze,Active
CUST02941,Neha Patel,neha.patel2940@example.com,2026-05-19 00:04:00,Bengaluru,Bronze,Active
CUST02942,Anika Bose,anika.bose2941@example.com,2025-08-17 07:09:00,Chandigarh,Gold,Active
CUST02943,Anika Reddy,anika.reddy2942@example.com,2023-11-23 14:45:00,Hyderabad,Silver,Active
CUST02944,Riya Singh,riya.singh2943@example.com,2024-08-11 10:16:00,Jaipur,Bronze,Inactive
CUST02945,Rahul Malhotra,rahul.malhotra2944@example.com,2026-08-29 14:44:00,Kolkata,Silver,Active
CUST02946,Aarav Nair,aarav.nair2945@example.com,2025-07-29 19:42:00,Chennai,Bronze,Active
CUST02947,Vivaan Kumar,vivaan.kumar2946@example.com,2026-07-31 23:19:00,Hyderabad,Gold,Inactive
CUST02948,Riya Pillai,riya.pillai2947@example.com,2024-05-10 21:37:00,Hyderabad,Gold,Inactive
CUST02949,Sai Kumar,sai.kumar2948@example.com,2024-02-11 19:32:00,Lucknow,Bronze,Suspended
CUST02950,Rahul Kapoor,rahul.kapoor2949@example.com,2024-07-30 06:50:00,Ahmedabad,Platinum,Active
CUST02951,Vivaan Pillai,vivaan.pillai2950@example.com,2024-03-25 13:54:00,Mumbai,Platinum,Active
CUST02952,Arjun Verma,arjun.verma2951@example.com,2025-03-09 09:43:00,Kochi,Bronze,Inactive
CUST02953,Sai Iyer,sai.iyer2952@example.com,2025-08-11 01:22:00,Coimbatore,Bronze,Active
CUST02954,Divya Singh,divya.singh2953@example.com,2024-03-06 14:50:00,Kochi,Bronze,Active
CUST02955,Kavya Rao,kavya.rao2954@example.com,2025-12-31 13:59:00,Chennai,Platinum,Suspended
CUST02956,Meera Pillai,meera.pillai2955@example.com,2026-01-10 22:05:00,Jaipur,Gold,Inactive
CUST02957,Rahul Sharma,rahul.sharma2956@example.com,2024-11-21 06:30:00,Kochi,Gold,Suspended
CUST02958,Rajesh Mehta,rajesh.mehta2957@example.com,2024-08-26 19:40:00,Chennai,Gold,Active
CUST02959,Aditya Reddy,aditya.reddy2958@example.com,2024-08-13 06:59:00,Indore,Gold,Active
CUST02960,Myra Shetty,myra.shetty2959@example.com,2024-04-14 03:40:00,Jaipur,Platinum,Active
CUST02961,Anika Bose,anika.bose2960@example.com,2024-07-02 18:40:00,Chennai,Platinum,Suspended
CUST02962,Sai Nair,sai.nair2961@example.com,2026-07-12 03:42:00,Chennai,Platinum,Suspended
CUST02963,Vikram Malhotra,vikram.malhotra2962@example.com,2024-11-26 05:12:00,Delhi,Silver,Active
CUST02964,Meera Kumar,meera.kumar2963@example.com,2026-07-02 07:57:00,Ahmedabad,Gold,Active
CUST02965,Pooja Pillai,pooja.pillai2964@example.com,2025-12-24 08:56:00,Jaipur,Gold,Inactive
CUST02966,Vikram Singh,vikram.singh2965@example.com,2026-05-04 19:51:00,Chandigarh,Gold,Inactive
CUST02967,Meera Kapoor,meera.kapoor2966@example.com,2026-02-23 07:50:00,Hyderabad,Bronze,Active
CUST02968,Ishaan Singh,ishaan.singh2967@example.com,2025-05-27 21:12:00,Pune,Silver,Active
CUST02969,Neha Agarwal,neha.agarwal2968@example.com,2024-09-13 12:39:00,Bengaluru,Bronze,Suspended
CUST02970,Divya Chatterjee,divya.chatterjee2969@example.com,2026-04-07 10:39:00,Lucknow,Silver,Active
CUST02971,Meera Pillai,meera.pillai2970@example.com,2026-05-01 08:35:00,Coimbatore,Platinum,Inactive
CUST02972,Aditya Nair,aditya.nair2971@example.com,2026-05-16 07:34:00,Coimbatore,Gold,Suspended
CUST02973,Saanvi Rao,saanvi.rao2972@example.com,2024-07-02 01:51:00,Mumbai,Gold,Active
CUST02974,Arjun Patel,arjun.patel2973@example.com,2026-03-21 17:32:00,Surat,Silver,Inactive
CUST02975,Aarav Reddy,aarav.reddy2974@example.com,2025-10-30 20:12:00,Coimbatore,Bronze,Inactive
CUST02976,Kavya Kapoor,kavya.kapoor2975@example.com,2025-04-04 16:45:00,Nagpur,Platinum,Active
CUST02977,Priya Malhotra,priya.malhotra2976@example.com,2026-05-28 03:17:00,Kolkata,Gold,Suspended
CUST02978,Vikram Kumar,vikram.kumar2977@example.com,2026-08-02 22:19:00,Kolkata,Bronze,Suspended
CUST02979,Meera Patel,meera.patel2978@example.com,2025-06-16 08:58:00,Ahmedabad,Bronze,Suspended
CUST02980,Sai Bose,sai.bose2979@example.com,2026-06-26 16:12:00,Pune,Bronze,Suspended
CUST02981,Rajesh Shetty,rajesh.shetty2980@example.com,2025-06-01 19:05:00,Surat,Platinum,Active
CUST02982,Meera Verma,meera.verma2981@example.com,2025-12-13 07:40:00,Indore,Bronze,Inactive
CUST02983,Rajesh Desai,rajesh.desai2982@example.com,2024-11-28 11:12:00,Hyderabad,Platinum,Active
CUST02984,Kavya Patel,kavya.patel2983@example.com,2024-07-02 23:28:00,Indore,Platinum,Active
CUST02985,Aditya Bose,aditya.bose2984@example.com,2025-02-04 08:59:00,Mumbai,Bronze,Active
CUST02986,Priya Kumar,priya.kumar2985@example.com,2024-05-24 06:56:00,Pune,Bronze,Active
CUST02987,Rajesh Shetty,rajesh.shetty2986@example.com,2026-06-30 17:23:00,Chandigarh,Bronze,Active
CUST02988,Ira Sharma,ira.sharma2987@example.com,2026-07-09 17:46:00,Kochi,Silver,Suspended
CUST02989,Rajesh Malhotra,rajesh.malhotra2988@example.com,2023-12-19 23:38:00,Lucknow,Silver,Inactive
CUST02990,Kavya Malhotra,kavya.malhotra2989@example.com,2026-04-08 05:04:00,Surat,Gold,Suspended
CUST02991,Diya Verma,diya.verma2990@example.com,2024-08-28 07:03:00,Jaipur,Silver,Active
CUST02992,Amit Kapoor,amit.kapoor2991@example.com,2025-10-19 11:47:00,Mumbai,Bronze,Suspended
CUST02993,Aadhya Nair,aadhya.nair2992@example.com,2025-11-13 07:00:00,Chandigarh,Platinum,Active
CUST02994,Pooja Bose,pooja.bose2993@example.com,2025-02-21 15:25:00,Indore,Silver,Suspended
CUST02995,Pooja Rao,pooja.rao2994@example.com,2024-08-15 07:36:00,Kolkata,Platinum,Active
CUST02996,Diya Pillai,diya.pillai2995@example.com,2025-10-28 17:12:00,Pune,Silver,Inactive
CUST02997,Pooja Pillai,pooja.pillai2996@example.com,2025-04-14 13:48:00,Chandigarh,Silver,Active
CUST02998,Vihaan Malhotra,vihaan.malhotra2997@example.com,2024-11-20 15:35:00,Surat,Bronze,Active
CUST02999,Arjun Iyer,arjun.iyer2998@example.com,2026-01-19 03:42:00,Coimbatore,Platinum,Active
CUST03000,Anika Nair,anika.nair2999@example.com,2024-03-10 23:32:00,Chennai,Gold,Active
CUST03001,Divya Gupta,divya.gupta3000@example.com,2023-11-07 11:47:00,Nagpur,Platinum,Active
CUST03002,Rohan Shetty,rohan.shetty3001@example.com,2025-09-07 20:58:00,Pune,Silver,Active
CUST03003,Rajesh Desai,rajesh.desai3002@example.com,2024-07-19 20:13:00,Bengaluru,Platinum,Suspended
CUST03004,Aadhya Iyer,aadhya.iyer3003@example.com,2025-07-26 17:12:00,Jaipur,Platinum,Suspended
CUST03005,Reyansh Sharma,reyansh.sharma3004@example.com,2025-01-17 01:17:00,Nagpur,Silver,Suspended
CUST03006,Amit Sharma,amit.sharma3005@example.com,2025-07-09 05:08:00,Coimbatore,Bronze,Inactive
CUST03007,Riya Kapoor,riya.kapoor3006@example.com,2025-01-07 12:31:00,Chennai,Silver,Active
CUST03008,Vihaan Kapoor,vihaan.kapoor3007@example.com,2026-06-01 03:20:00,Pune,Gold,Inactive
CUST03009,Aarav Rao,aarav.rao3008@example.com,2025-06-07 05:04:00,Indore,Platinum,Suspended
CUST03010,Rahul Reddy,rahul.reddy3009@example.com,2025-04-22 17:28:00,Lucknow,Bronze,Active
CUST03011,Amit Agarwal,amit.agarwal3010@example.com,2026-08-03 15:00:00,Kolkata,Bronze,Active
CUST03012,Aadhya Joshi,aadhya.joshi3011@example.com,2025-07-04 18:05:00,Chandigarh,Bronze,Active
CUST03013,Vihaan Kumar,vihaan.kumar3012@example.com,2024-11-06 17:29:00,Indore,Gold,Active
CUST03014,Aadhya Pillai,aadhya.pillai3013@example.com,2024-07-17 00:40:00,Delhi,Silver,Active
CUST03015,Ishaan Iyer,ishaan.iyer3014@example.com,2024-02-26 11:22:00,Nagpur,Silver,Active
CUST03016,Sneha Desai,sneha.desai3015@example.com,2025-10-17 08:30:00,Pune,Gold,Active
CUST03017,Aadhya Pillai,aadhya.pillai3016@example.com,2025-02-13 02:06:00,Pune,Platinum,Suspended
CUST03018,Diya Shetty,diya.shetty3017@example.com,2025-04-30 21:21:00,Pune,Silver,Inactive
CUST03019,Ishaan Rao,ishaan.rao3018@example.com,2026-02-13 23:06:00,Pune,Silver,Suspended
CUST03020,Karan Reddy,karan.reddy3019@example.com,2026-07-19 04:57:00,Indore,Platinum,Active
CUST03021,Aadhya Desai,aadhya.desai3020@example.com,2026-08-29 15:01:00,Bengaluru,Bronze,Active
CUST03022,Pooja Desai,pooja.desai3021@example.com,2026-09-20 14:32:00,Hyderabad,Silver,Active
CUST03023,Anika Singh,anika.singh3022@example.com,2024-07-31 00:24:00,Pune,Silver,Active
CUST03024,Diya Desai,diya.desai3023@example.com,2025-10-29 20:57:00,Indore,Silver,Active
CUST03025,Ira Bose,ira.bose3024@example.com,2024-08-28 17:19:00,Nagpur,Bronze,Active
CUST03026,Ishaan Mehta,ishaan.mehta3025@example.com,2025-08-26 10:13:00,Pune,Bronze,Inactive
CUST03027,Riya Joshi,riya.joshi3026@example.com,2024-08-18 21:43:00,Lucknow,Platinum,Active
CUST03028,Karan Rao,karan.rao3027@example.com,2024-05-18 03:59:00,Kochi,Gold,Active
CUST03029,Neha Kumar,neha.kumar3028@example.com,2025-01-19 22:03:00,Pune,Gold,Suspended
CUST03030,Sneha Patel,sneha.patel3029@example.com,2026-01-18 14:51:00,Surat,Platinum,Inactive
CUST03031,Neha Nair,neha.nair3030@example.com,2025-03-31 09:01:00,Kolkata,Silver,Active
CUST03032,Myra Singh,myra.singh3031@example.com,2025-07-28 20:02:00,Jaipur,Gold,Active
CUST03033,Vihaan Reddy,vihaan.reddy3032@example.com,2026-07-20 08:49:00,Pune,Silver,Suspended
CUST03034,Kavya Rao,kavya.rao3033@example.com,2026-08-22 20:55:00,Bengaluru,Platinum,Suspended
CUST03035,Pooja Agarwal,pooja.agarwal3034@example.com,2025-05-28 09:05:00,Delhi,Bronze,Active
CUST03036,Pooja Desai,pooja.desai3035@example.com,2025-03-10 15:59:00,Pune,Silver,Active
CUST03037,Meera Verma,meera.verma3036@example.com,2024-01-12 21:14:00,Pune,Gold,Active
CUST03038,Sai Rao,sai.rao3037@example.com,2025-11-11 17:56:00,Ahmedabad,Bronze,Active
CUST03039,Rahul Sharma,rahul.sharma3038@example.com,2024-06-28 02:36:00,Jaipur,Gold,Inactive
CUST03040,Pooja Gupta,pooja.gupta3039@example.com,2026-07-21 22:29:00,Delhi,Gold,Suspended
CUST03041,Vikram Kumar,vikram.kumar3040@example.com,2024-04-18 09:34:00,Lucknow,Silver,Active
CUST03042,Anika Shetty,anika.shetty3041@example.com,2025-09-27 23:24:00,Pune,Bronze,Inactive
CUST03043,Aadhya Gupta,aadhya.gupta3042@example.com,2026-06-22 02:56:00,Bengaluru,Gold,Inactive
CUST03044,Aditya Iyer,aditya.iyer3043@example.com,2025-02-22 01:42:00,Bengaluru,Bronze,Active
CUST03045,Krishna Joshi,krishna.joshi3044@example.com,2024-01-13 17:09:00,Surat,Silver,Active
CUST03046,Aditya Shetty,aditya.shetty3045@example.com,2025-03-22 23:18:00,Nagpur,Platinum,Suspended
CUST03047,Vivaan Rao,vivaan.rao3046@example.com,2025-03-13 17:45:00,Pune,Bronze,Active
CUST03048,Divya Rao,divya.rao3047@example.com,2024-03-17 23:19:00,Kochi,Platinum,Active
CUST03049,Meera Kapoor,meera.kapoor3048@example.com,2026-06-22 05:07:00,Mumbai,Bronze,Inactive
CUST03050,Rohan Shetty,rohan.shetty3049@example.com,2024-04-12 06:16:00,Chennai,Gold,Inactive
CUST03051,Vivaan Singh,vivaan.singh3050@example.com,2023-12-25 16:15:00,Surat,Bronze,Active
CUST03052,Rahul Bose,rahul.bose3051@example.com,2026-06-16 14:37:00,Nagpur,Silver,Inactive
CUST03053,Myra Sharma,myra.sharma3052@example.com,2026-03-23 04:37:00,Bengaluru,Silver,Active
CUST03054,Reyansh Kapoor,reyansh.kapoor3053@example.com,2024-02-29 08:26:00,Jaipur,Gold,Inactive
CUST03055,Rohan Reddy,rohan.reddy3054@example.com,2025-10-20 12:18:00,Chandigarh,Bronze,Inactive
CUST03056,Vivaan Shetty,vivaan.shetty3055@example.com,2024-08-21 00:25:00,Mumbai,Platinum,Suspended
CUST03057,Kavya Kapoor,kavya.kapoor3056@example.com,2025-11-26 13:13:00,Indore,Gold,Active
CUST03058,Amit Nair,amit.nair3057@example.com,2024-10-10 10:49:00,Surat,Gold,Active
CUST03059,Meera Singh,meera.singh3058@example.com,2024-06-20 12:31:00,Kolkata,Platinum,Inactive
CUST03060,Priya Verma,priya.verma3059@example.com,2024-10-09 14:51:00,Pune,Gold,Active
CUST03061,Diya Nair,diya.nair3060@example.com,2023-12-13 02:26:00,Delhi,Platinum,Active
CUST03062,Rahul Sharma,rahul.sharma3061@example.com,2024-06-07 12:33:00,Coimbatore,Platinum,Active
CUST03063,Sai Gupta,sai.gupta3062@example.com,2026-03-27 04:44:00,Lucknow,Gold,Active
CUST03064,Ishaan Rao,ishaan.rao3063@example.com,2025-12-13 13:01:00,Mumbai,Bronze,Active
CUST03065,Diya Rao,diya.rao3064@example.com,2024-09-16 03:31:00,Bengaluru,Bronze,Active
CUST03066,Saanvi Pillai,saanvi.pillai3065@example.com,2024-03-11 06:05:00,Ahmedabad,Gold,Active
CUST03067,Reyansh Kapoor,reyansh.kapoor3066@example.com,2025-10-19 22:39:00,Delhi,Bronze,Suspended
CUST03068,Aarav Gupta,aarav.gupta3067@example.com,2023-11-18 03:51:00,Mumbai,Gold,Inactive
CUST03069,Divya Gupta,divya.gupta3068@example.com,2024-10-21 06:20:00,Delhi,Platinum,Active
CUST03070,Ira Mehta,ira.mehta3069@example.com,2025-10-29 05:52:00,Ahmedabad,Platinum,Active
CUST03071,Neha Desai,neha.desai3070@example.com,2025-07-26 01:35:00,Ahmedabad,Gold,Suspended
CUST03072,Divya Pillai,divya.pillai3071@example.com,2026-04-06 10:04:00,Indore,Silver,Inactive
CUST03073,Diya Joshi,diya.joshi3072@example.com,2026-02-03 07:26:00,Kolkata,Bronze,Suspended
CUST03074,Vikram Iyer,vikram.iyer3073@example.com,2026-06-27 07:54:00,Pune,Bronze,Active
CUST03075,Krishna Shetty,krishna.shetty3074@example.com,2026-09-12 15:01:00,Chennai,Platinum,Suspended
CUST03076,Reyansh Chatterjee,reyansh.chatterjee3075@example.com,2025-10-18 00:46:00,Pune,Gold,Active
CUST03077,Divya Rao,divya.rao3076@example.com,2024-11-04 08:53:00,Lucknow,Gold,Active
CUST03078,Riya Sharma,riya.sharma3077@example.com,2024-11-23 00:07:00,Kochi,Platinum,Active
CUST03079,Ishaan Singh,ishaan.singh3078@example.com,2024-08-17 06:01:00,Delhi,Silver,Active
CUST03080,Aadhya Kapoor,aadhya.kapoor3079@example.com,2024-07-04 07:18:00,Delhi,Silver,Active
CUST03081,Vihaan Desai,vihaan.desai3080@example.com,2024-07-08 16:24:00,Ahmedabad,Platinum,Suspended
CUST03082,Aditya Kapoor,aditya.kapoor3081@example.com,2024-10-01 00:34:00,Nagpur,Platinum,Suspended
CUST03083,Rohan Agarwal,rohan.agarwal3082@example.com,2026-02-15 16:20:00,Bengaluru,Platinum,Active
CUST03084,Vihaan Kapoor,vihaan.kapoor3083@example.com,2024-03-05 19:07:00,Mumbai,Gold,Active
CUST03085,Ishaan Desai,ishaan.desai3084@example.com,2025-08-31 02:00:00,Surat,Platinum,Active
CUST03086,Vikram Pillai,vikram.pillai3085@example.com,2023-11-22 20:29:00,Bengaluru,Silver,Active
CUST03087,Ishaan Chatterjee,ishaan.chatterjee3086@example.com,2025-11-29 21:16:00,Chennai,Bronze,Active
CUST03088,Saanvi Pillai,saanvi.pillai3087@example.com,2025-01-01 16:12:00,Kochi,Silver,Suspended
CUST03089,Anika Nair,anika.nair3088@example.com,2024-06-11 14:08:00,Coimbatore,Platinum,Inactive
CUST03090,Karan Agarwal,karan.agarwal3089@example.com,2025-07-19 06:20:00,Mumbai,Bronze,Inactive
CUST03091,Karan Chatterjee,karan.chatterjee3090@example.com,2026-03-07 17:59:00,Chandigarh,Platinum,Active
CUST03092,Priya Chatterjee,priya.chatterjee3091@example.com,2026-08-18 23:42:00,Nagpur,Silver,Active
CUST03093,Rajesh Pillai,rajesh.pillai3092@example.com,2026-01-16 17:49:00,Jaipur,Silver,Active
CUST03094,Sneha Sharma,sneha.sharma3093@example.com,2026-04-27 21:44:00,Nagpur,Bronze,Suspended
CUST03095,Anika Patel,anika.patel3094@example.com,2024-03-08 20:33:00,Hyderabad,Bronze,Active
CUST03096,Ishaan Gupta,ishaan.gupta3095@example.com,2024-09-18 02:35:00,Surat,Bronze,Active
CUST03097,Saanvi Nair,saanvi.nair3096@example.com,2026-08-30 01:22:00,Mumbai,Silver,Active
CUST03098,Priya Nair,priya.nair3097@example.com,2025-01-14 13:36:00,Coimbatore,Platinum,Active
CUST03099,Pooja Agarwal,pooja.agarwal3098@example.com,2024-08-14 17:41:00,Surat,Bronze,Active
CUST03100,Aadhya Joshi,aadhya.joshi3099@example.com,2024-04-26 04:23:00,Chennai,Gold,Suspended
CUST03101,Kavya Desai,kavya.desai3100@example.com,2024-01-15 03:21:00,Nagpur,Platinum,Active
CUST03102,Aarav Iyer,aarav.iyer3101@example.com,2026-06-27 02:29:00,Lucknow,Gold,Inactive
CUST03103,Krishna Mehta,krishna.mehta3102@example.com,2026-07-18 08:40:00,Kolkata,Platinum,Active
CUST03104,Aditya Rao,aditya.rao3103@example.com,2024-10-01 23:44:00,Indore,Bronze,Suspended
CUST03105,Priya Agarwal,priya.agarwal3104@example.com,2024-01-25 11:12:00,Bengaluru,Bronze,Active
CUST03106,Aditya Desai,aditya.desai3105@example.com,2026-03-04 10:16:00,Bengaluru,Silver,Active
CUST03107,Divya Singh,divya.singh3106@example.com,2024-10-02 02:29:00,Chandigarh,Bronze,Active
CUST03108,Anika Agarwal,anika.agarwal3107@example.com,2026-07-27 11:58:00,Ahmedabad,Silver,Active
CUST03109,Diya Reddy,diya.reddy3108@example.com,2023-12-27 21:30:00,Kochi,Gold,Active
CUST03110,Rajesh Pillai,rajesh.pillai3109@example.com,2025-04-22 06:55:00,Pune,Bronze,Active
CUST03111,Ishaan Singh,ishaan.singh3110@example.com,2026-04-04 16:14:00,Kolkata,Gold,Active
CUST03112,Neha Reddy,neha.reddy3111@example.com,2026-03-12 09:36:00,Jaipur,Gold,Inactive
CUST03113,Anika Reddy,anika.reddy3112@example.com,2024-10-30 16:22:00,Surat,Silver,Active
CUST03114,Krishna Nair,krishna.nair3113@example.com,2024-02-02 22:40:00,Delhi,Silver,Suspended
CUST03115,Sneha Iyer,sneha.iyer3114@example.com,2024-12-25 06:11:00,Kochi,Gold,Active
CUST03116,Reyansh Nair,reyansh.nair3115@example.com,2024-03-10 17:21:00,Surat,Gold,Active
CUST03117,Reyansh Nair,reyansh.nair3116@example.com,2024-06-02 21:00:00,Chennai,Bronze,Suspended
CUST03118,Vikram Shetty,vikram.shetty3117@example.com,2026-01-01 05:05:00,Ahmedabad,Bronze,Active
CUST03119,Diya Kumar,diya.kumar3118@example.com,2026-07-25 07:32:00,Hyderabad,Gold,Inactive
CUST03120,Karan Patel,karan.patel3119@example.com,2026-05-02 07:49:00,Kolkata,Platinum,Active
CUST03121,Vihaan Gupta,vihaan.gupta3120@example.com,2024-02-15 15:16:00,Kolkata,Bronze,Suspended
CUST03122,Priya Bose,priya.bose3121@example.com,2024-07-18 06:19:00,Surat,Gold,Active
CUST03123,Meera Sharma,meera.sharma3122@example.com,2026-06-13 15:23:00,Hyderabad,Silver,Suspended
CUST03124,Karan Desai,karan.desai3123@example.com,2026-01-23 01:27:00,Bengaluru,Gold,Suspended
CUST03125,Vivaan Bose,vivaan.bose3124@example.com,2023-12-20 18:03:00,Jaipur,Platinum,Suspended
CUST03126,Diya Shetty,diya.shetty3125@example.com,2024-03-09 14:06:00,Lucknow,Silver,Active
CUST03127,Ananya Bose,ananya.bose3126@example.com,2025-10-22 22:42:00,Delhi,Silver,Active
CUST03128,Rajesh Pillai,rajesh.pillai3127@example.com,2024-11-11 10:53:00,Surat,Gold,Inactive
CUST03129,Sneha Iyer,sneha.iyer3128@example.com,2025-11-07 21:48:00,Lucknow,Bronze,Active
CUST03130,Anika Singh,anika.singh3129@example.com,2024-01-07 08:45:00,Chennai,Platinum,Active
CUST03131,Karan Kapoor,karan.kapoor3130@example.com,2026-09-09 11:11:00,Kolkata,Platinum,Active
CUST03132,Ishaan Rao,ishaan.rao3131@example.com,2025-09-24 11:58:00,Hyderabad,Silver,Active
CUST03133,Krishna Pillai,krishna.pillai3132@example.com,2025-01-09 18:46:00,Nagpur,Bronze,Active
CUST03134,Arjun Verma,arjun.verma3133@example.com,2024-10-24 02:23:00,Indore,Gold,Suspended
CUST03135,Kavya Malhotra,kavya.malhotra3134@example.com,2023-12-15 16:15:00,Jaipur,Silver,Active
CUST03136,Anika Desai,anika.desai3135@example.com,2024-03-24 01:02:00,Lucknow,Silver,Suspended
CUST03137,Vivaan Kapoor,vivaan.kapoor3136@example.com,2026-01-26 20:50:00,Hyderabad,Platinum,Active
CUST03138,Diya Rao,diya.rao3137@example.com,2025-12-09 19:13:00,Kolkata,Platinum,Suspended
CUST03139,Sneha Singh,sneha.singh3138@example.com,2026-08-03 09:29:00,Kochi,Bronze,Inactive
CUST03140,Myra Patel,myra.patel3139@example.com,2024-08-31 01:33:00,Pune,Gold,Suspended
CUST03141,Amit Kapoor,amit.kapoor3140@example.com,2026-08-09 01:27:00,Kochi,Platinum,Inactive
CUST03142,Myra Agarwal,myra.agarwal3141@example.com,2024-08-27 03:26:00,Coimbatore,Platinum,Active
CUST03143,Amit Sharma,amit.sharma3142@example.com,2026-02-15 10:30:00,Nagpur,Gold,Suspended
CUST03144,Aarav Reddy,aarav.reddy3143@example.com,2026-07-14 15:33:00,Indore,Platinum,Inactive
CUST03145,Saanvi Pillai,saanvi.pillai3144@example.com,2024-05-09 21:56:00,Coimbatore,Silver,Inactive
CUST03146,Vihaan Agarwal,vihaan.agarwal3145@example.com,2026-03-26 15:04:00,Surat,Silver,Active
CUST03147,Diya Shetty,diya.shetty3146@example.com,2024-09-18 08:35:00,Mumbai,Gold,Inactive
CUST03148,Sneha Iyer,sneha.iyer3147@example.com,2023-11-17 16:02:00,Surat,Silver,Active
CUST03149,Sai Desai,sai.desai3148@example.com,2025-12-13 20:59:00,Kolkata,Silver,Suspended
CUST03150,Ishaan Nair,ishaan.nair3149@example.com,2025-10-24 21:24:00,Jaipur,Silver,Active
CUST03151,Ishaan Bose,ishaan.bose3150@example.com,2025-09-03 02:48:00,Lucknow,Bronze,Active
CUST03152,Meera Agarwal,meera.agarwal3151@example.com,2024-03-21 02:26:00,Pune,Bronze,Suspended
CUST03153,Diya Singh,diya.singh3152@example.com,2024-08-17 06:44:00,Mumbai,Silver,Active
CUST03154,Anika Malhotra,anika.malhotra3153@example.com,2024-01-16 21:10:00,Jaipur,Silver,Suspended
CUST03155,Reyansh Malhotra,reyansh.malhotra3154@example.com,2025-09-06 05:34:00,Surat,Silver,Active
CUST03156,Amit Joshi,amit.joshi3155@example.com,2026-01-26 06:58:00,Delhi,Gold,Active
CUST03157,Diya Rao,diya.rao3156@example.com,2025-06-02 17:51:00,Coimbatore,Silver,Suspended
CUST03158,Ishaan Chatterjee,ishaan.chatterjee3157@example.com,2025-01-13 19:13:00,Chandigarh,Bronze,Active
CUST03159,Sai Pillai,sai.pillai3158@example.com,2024-07-12 23:37:00,Chandigarh,Platinum,Active
CUST03160,Arjun Pillai,arjun.pillai3159@example.com,2026-05-21 07:10:00,Hyderabad,Gold,Inactive
CUST03161,Priya Nair,priya.nair3160@example.com,2026-08-27 20:27:00,Kochi,Platinum,Active
CUST03162,Vikram Patel,vikram.patel3161@example.com,2025-03-25 05:27:00,Bengaluru,Gold,Suspended
CUST03163,Neha Iyer,neha.iyer3162@example.com,2026-09-02 14:04:00,Delhi,Platinum,Inactive
CUST03164,Pooja Nair,pooja.nair3163@example.com,2025-12-14 13:02:00,Coimbatore,Platinum,Active
CUST03165,Ira Malhotra,ira.malhotra3164@example.com,2025-05-09 08:09:00,Kolkata,Platinum,Active
CUST03166,Sneha Rao,sneha.rao3165@example.com,2025-07-10 17:18:00,Pune,Platinum,Suspended
CUST03167,Reyansh Kumar,reyansh.kumar3166@example.com,2024-01-22 08:30:00,Lucknow,Bronze,Active
CUST03168,Pooja Kumar,pooja.kumar3167@example.com,2025-07-09 20:49:00,Pune,Platinum,Active
CUST03169,Anika Sharma,anika.sharma3168@example.com,2024-07-18 06:20:00,Mumbai,Gold,Active
CUST03170,Sai Malhotra,sai.malhotra3169@example.com,2026-04-28 19:18:00,Pune,Gold,Active
CUST03171,Anika Kumar,anika.kumar3170@example.com,2026-01-03 07:51:00,Lucknow,Silver,Active
CUST03172,Rajesh Kapoor,rajesh.kapoor3171@example.com,2026-05-04 08:28:00,Ahmedabad,Platinum,Active
CUST03173,Ira Agarwal,ira.agarwal3172@example.com,2026-04-25 05:50:00,Kochi,Gold,Suspended
CUST03174,Pooja Bose,pooja.bose3173@example.com,2025-05-03 03:12:00,Lucknow,Gold,Active
CUST03175,Rohan Iyer,rohan.iyer3174@example.com,2024-05-27 03:37:00,Jaipur,Gold,Active
CUST03176,Ira Pillai,ira.pillai3175@example.com,2025-06-16 15:34:00,Jaipur,Platinum,Active
CUST03177,Vivaan Rao,vivaan.rao3176@example.com,2026-05-21 10:58:00,Delhi,Gold,Active
CUST03178,Vihaan Singh,vihaan.singh3177@example.com,2024-12-03 11:59:00,Coimbatore,Silver,Suspended
CUST03179,Vivaan Reddy,vivaan.reddy3178@example.com,2025-08-22 02:14:00,Pune,Bronze,Active
CUST03180,Vikram Iyer,vikram.iyer3179@example.com,2024-08-16 11:32:00,Ahmedabad,Silver,Active
CUST03181,Anika Patel,anika.patel3180@example.com,2025-06-17 00:02:00,Jaipur,Gold,Active
CUST03182,Myra Agarwal,myra.agarwal3181@example.com,2026-01-03 08:21:00,Indore,Silver,Active
CUST03183,Ishaan Joshi,ishaan.joshi3182@example.com,2023-11-12 10:19:00,Surat,Bronze,Inactive
CUST03184,Diya Desai,diya.desai3183@example.com,2025-11-02 16:22:00,Chandigarh,Platinum,Active
CUST03185,Ira Iyer,ira.iyer3184@example.com,2023-10-19 14:29:00,Kolkata,Gold,Inactive
CUST03186,Diya Sharma,diya.sharma3185@example.com,2026-04-20 10:22:00,Nagpur,Gold,Inactive
CUST03187,Aadhya Patel,aadhya.patel3186@example.com,2026-07-19 10:56:00,Jaipur,Gold,Active
CUST03188,Diya Shetty,diya.shetty3187@example.com,2026-03-31 01:03:00,Kochi,Silver,Suspended
CUST03189,Reyansh Pillai,reyansh.pillai3188@example.com,2025-11-26 03:58:00,Bengaluru,Platinum,Suspended
CUST03190,Riya Desai,riya.desai3189@example.com,2024-08-25 15:35:00,Pune,Gold,Active
CUST03191,Sai Mehta,sai.mehta3190@example.com,2025-02-22 09:19:00,Indore,Platinum,Inactive
CUST03192,Diya Agarwal,diya.agarwal3191@example.com,2024-10-21 14:07:00,Lucknow,Gold,Active
CUST03193,Priya Kapoor,priya.kapoor3192@example.com,2024-11-20 14:06:00,Indore,Bronze,Inactive
CUST03194,Anika Chatterjee,anika.chatterjee3193@example.com,2024-02-01 07:29:00,Ahmedabad,Bronze,Active
CUST03195,Rajesh Gupta,rajesh.gupta3194@example.com,2024-07-22 01:23:00,Nagpur,Gold,Suspended
CUST03196,Saanvi Shetty,saanvi.shetty3195@example.com,2025-12-13 08:39:00,Chennai,Platinum,Active
CUST03197,Rohan Chatterjee,rohan.chatterjee3196@example.com,2026-03-18 01:29:00,Surat,Silver,Inactive
CUST03198,Rahul Kumar,rahul.kumar3197@example.com,2024-10-19 06:27:00,Mumbai,Platinum,Inactive
CUST03199,Sneha Singh,sneha.singh3198@example.com,2026-05-15 15:20:00,Jaipur,Platinum,Active
CUST03200,Rahul Agarwal,rahul.agarwal3199@example.com,2025-03-20 15:05:00,Kochi,Gold,Active
CUST03201,Aadhya Shetty,aadhya.shetty3200@example.com,2025-02-06 04:28:00,Pune,Bronze,Active
CUST03202,Riya Rao,riya.rao3201@example.com,2025-06-11 13:01:00,Kolkata,Bronze,Inactive
CUST03203,Sneha Gupta,sneha.gupta3202@example.com,2024-11-26 16:24:00,Surat,Platinum,Active
CUST03204,Aditya Singh,aditya.singh3203@example.com,2025-08-25 12:41:00,Jaipur,Platinum,Active
CUST03205,Ananya Nair,ananya.nair3204@example.com,2025-08-24 13:27:00,Delhi,Gold,Active
CUST03206,Ananya Agarwal,ananya.agarwal3205@example.com,2024-05-31 15:44:00,Bengaluru,Gold,Active
CUST03207,Rahul Mehta,rahul.mehta3206@example.com,2024-05-05 02:18:00,Bengaluru,Silver,Inactive
CUST03208,Amit Iyer,amit.iyer3207@example.com,2025-08-31 04:04:00,Chandigarh,Gold,Suspended
CUST03209,Meera Rao,meera.rao3208@example.com,2025-12-09 01:42:00,Ahmedabad,Platinum,Active
CUST03210,Ishaan Chatterjee,ishaan.chatterjee3209@example.com,2025-08-27 02:17:00,Chandigarh,Gold,Active
CUST03211,Karan Joshi,karan.joshi3210@example.com,2024-09-10 01:26:00,Chandigarh,Gold,Inactive
CUST03212,Neha Pillai,neha.pillai3211@example.com,2024-12-02 17:09:00,Coimbatore,Bronze,Active
CUST03213,Kavya Chatterjee,kavya.chatterjee3212@example.com,2024-02-16 05:27:00,Jaipur,Gold,Inactive
CUST03214,Aadhya Singh,aadhya.singh3213@example.com,2025-09-30 20:14:00,Pune,Platinum,Active
CUST03215,Sai Sharma,sai.sharma3214@example.com,2025-02-01 03:45:00,Delhi,Gold,Active
CUST03216,Arjun Nair,arjun.nair3215@example.com,2025-07-26 04:10:00,Nagpur,Bronze,Active
CUST03217,Priya Iyer,priya.iyer3216@example.com,2024-10-30 18:04:00,Jaipur,Platinum,Active
CUST03218,Neha Gupta,neha.gupta3217@example.com,2023-12-08 12:45:00,Ahmedabad,Platinum,Suspended
CUST03219,Reyansh Singh,reyansh.singh3218@example.com,2024-07-10 08:15:00,Chandigarh,Platinum,Inactive
CUST03220,Saanvi Patel,saanvi.patel3219@example.com,2025-03-15 05:31:00,Bengaluru,Silver,Active
CUST03221,Vihaan Gupta,vihaan.gupta3220@example.com,2024-10-21 19:44:00,Mumbai,Bronze,Active
CUST03222,Divya Bose,divya.bose3221@example.com,2026-04-26 15:53:00,Ahmedabad,Bronze,Suspended
CUST03223,Ira Verma,ira.verma3222@example.com,2024-08-10 06:35:00,Coimbatore,Silver,Active
CUST03224,Aarav Rao,aarav.rao3223@example.com,2026-09-14 21:48:00,Delhi,Gold,Active
CUST03225,Kavya Gupta,kavya.gupta3224@example.com,2025-04-17 08:31:00,Jaipur,Silver,Active
CUST03226,Vihaan Iyer,vihaan.iyer3225@example.com,2025-03-02 07:24:00,Surat,Bronze,Active
CUST03227,Meera Kumar,meera.kumar3226@example.com,2024-05-12 17:43:00,Mumbai,Bronze,Suspended
CUST03228,Aditya Rao,aditya.rao3227@example.com,2026-06-08 10:20:00,Lucknow,Platinum,Suspended
CUST03229,Rohan Nair,rohan.nair3228@example.com,2023-12-23 04:54:00,Coimbatore,Silver,Active
CUST03230,Krishna Mehta,krishna.mehta3229@example.com,2024-01-19 10:36:00,Surat,Bronze,Active
CUST03231,Myra Kumar,myra.kumar3230@example.com,2024-12-18 20:52:00,Hyderabad,Bronze,Active
CUST03232,Arjun Kapoor,arjun.kapoor3231@example.com,2025-09-15 20:37:00,Lucknow,Gold,Active
CUST03233,Vikram Singh,vikram.singh3232@example.com,2026-06-01 22:06:00,Ahmedabad,Platinum,Active
CUST03234,Aarav Verma,aarav.verma3233@example.com,2026-04-30 15:54:00,Kochi,Silver,Active
CUST03235,Priya Joshi,priya.joshi3234@example.com,2025-03-20 19:10:00,Jaipur,Silver,Suspended
CUST03236,Sneha Agarwal,sneha.agarwal3235@example.com,2026-03-08 00:17:00,Jaipur,Gold,Suspended
CUST03237,Sneha Bose,sneha.bose3236@example.com,2024-05-07 17:58:00,Kolkata,Silver,Inactive
CUST03238,Myra Desai,myra.desai3237@example.com,2026-05-21 23:53:00,Kochi,Silver,Suspended
CUST03239,Divya Iyer,divya.iyer3238@example.com,2024-10-29 04:14:00,Mumbai,Gold,Active
CUST03240,Ira Chatterjee,ira.chatterjee3239@example.com,2025-03-02 14:33:00,Nagpur,Silver,Active
CUST03241,Arjun Desai,arjun.desai3240@example.com,2025-05-16 16:46:00,Nagpur,Gold,Inactive
CUST03242,Sai Pillai,sai.pillai3241@example.com,2025-03-23 06:38:00,Delhi,Silver,Active
CUST03243,Meera Chatterjee,meera.chatterjee3242@example.com,2025-05-24 19:59:00,Kochi,Platinum,Active
CUST03244,Rahul Pillai,rahul.pillai3243@example.com,2024-12-11 16:50:00,Indore,Platinum,Active
CUST03245,Aadhya Kapoor,aadhya.kapoor3244@example.com,2024-07-28 17:26:00,Surat,Platinum,Active
CUST03246,Rahul Desai,rahul.desai3245@example.com,2026-08-16 18:55:00,Jaipur,Bronze,Active
CUST03247,Rohan Joshi,rohan.joshi3246@example.com,2025-03-17 08:53:00,Surat,Gold,Suspended
CUST03248,Anika Desai,anika.desai3247@example.com,2026-03-09 16:06:00,Kochi,Platinum,Inactive
CUST03249,Krishna Gupta,krishna.gupta3248@example.com,2024-06-10 16:45:00,Chennai,Bronze,Suspended
CUST03250,Myra Mehta,myra.mehta3249@example.com,2024-02-22 04:50:00,Nagpur,Bronze,Suspended
CUST03251,Diya Malhotra,diya.malhotra3250@example.com,2025-09-30 16:43:00,Ahmedabad,Bronze,Suspended
CUST03252,Ishaan Kumar,ishaan.kumar3251@example.com,2026-02-13 23:45:00,Nagpur,Gold,Active
CUST03253,Rohan Sharma,rohan.sharma3252@example.com,2024-12-28 10:23:00,Delhi,Bronze,Active
CUST03254,Aarav Kapoor,aarav.kapoor3253@example.com,2024-07-21 09:47:00,Indore,Silver,Suspended
CUST03255,Vikram Kumar,vikram.kumar3254@example.com,2025-06-02 20:06:00,Lucknow,Silver,Inactive
CUST03256,Diya Mehta,diya.mehta3255@example.com,2026-04-06 10:15:00,Delhi,Gold,Active
CUST03257,Anika Desai,anika.desai3256@example.com,2024-03-25 09:51:00,Indore,Bronze,Suspended
CUST03258,Aarav Bose,aarav.bose3257@example.com,2024-07-25 04:12:00,Mumbai,Bronze,Inactive
CUST03259,Karan Bose,karan.bose3258@example.com,2024-08-03 23:26:00,Mumbai,Gold,Suspended
CUST03260,Rohan Sharma,rohan.sharma3259@example.com,2025-03-13 17:04:00,Chennai,Silver,Active
CUST03261,Karan Malhotra,karan.malhotra3260@example.com,2023-12-19 10:10:00,Kochi,Platinum,Active
CUST03262,Pooja Mehta,pooja.mehta3261@example.com,2023-10-13 13:40:00,Coimbatore,Silver,Active
CUST03263,Meera Nair,meera.nair3262@example.com,2026-08-09 08:28:00,Pune,Gold,Active
CUST03264,Pooja Sharma,pooja.sharma3263@example.com,2024-07-18 09:22:00,Hyderabad,Platinum,Active
CUST03265,Ira Joshi,ira.joshi3264@example.com,2025-07-27 12:51:00,Bengaluru,Platinum,Active
CUST03266,Reyansh Malhotra,reyansh.malhotra3265@example.com,2026-04-15 04:07:00,Lucknow,Platinum,Active
CUST03267,Rajesh Desai,rajesh.desai3266@example.com,2024-08-08 18:10:00,Chandigarh,Bronze,Active
CUST03268,Aadhya Rao,aadhya.rao3267@example.com,2024-06-15 17:47:00,Mumbai,Gold,Active
CUST03269,Krishna Singh,krishna.singh3268@example.com,2024-12-16 12:35:00,Kochi,Gold,Active
CUST03270,Amit Rao,amit.rao3269@example.com,2025-03-08 16:15:00,Nagpur,Gold,Active
CUST03271,Vikram Rao,vikram.rao3270@example.com,2025-02-02 16:36:00,Bengaluru,Gold,Inactive
CUST03272,Krishna Iyer,krishna.iyer3271@example.com,2024-02-02 23:17:00,Lucknow,Platinum,Active
CUST03273,Aditya Malhotra,aditya.malhotra3272@example.com,2025-05-09 03:16:00,Ahmedabad,Bronze,Suspended
CUST03274,Rahul Nair,rahul.nair3273@example.com,2026-05-11 09:15:00,Indore,Gold,Active
CUST03275,Kavya Shetty,kavya.shetty3274@example.com,2026-08-07 11:24:00,Surat,Silver,Inactive
CUST03276,Pooja Iyer,pooja.iyer3275@example.com,2024-10-14 12:36:00,Surat,Silver,Active
CUST03277,Rohan Desai,rohan.desai3276@example.com,2026-08-10 08:33:00,Mumbai,Platinum,Active
CUST03278,Pooja Iyer,pooja.iyer3277@example.com,2024-03-22 10:55:00,Chandigarh,Bronze,Suspended
CUST03279,Aadhya Reddy,aadhya.reddy3278@example.com,2024-04-08 15:38:00,Mumbai,Platinum,Active
CUST03280,Sneha Gupta,sneha.gupta3279@example.com,2025-06-09 15:37:00,Ahmedabad,Platinum,Active
CUST03281,Sai Kumar,sai.kumar3280@example.com,2025-04-06 08:50:00,Ahmedabad,Gold,Active
CUST03282,Rohan Patel,rohan.patel3281@example.com,2025-10-10 16:06:00,Kochi,Platinum,Inactive
CUST03283,Rahul Chatterjee,rahul.chatterjee3282@example.com,2023-10-27 04:27:00,Jaipur,Silver,Active
CUST03284,Meera Chatterjee,meera.chatterjee3283@example.com,2025-08-16 22:36:00,Surat,Platinum,Suspended
CUST03285,Ishaan Shetty,ishaan.shetty3284@example.com,2024-09-04 22:12:00,Ahmedabad,Silver,Active
CUST03286,Anika Reddy,anika.reddy3285@example.com,2025-06-09 21:15:00,Kolkata,Bronze,Suspended
CUST03287,Ananya Sharma,ananya.sharma3286@example.com,2025-10-30 21:21:00,Bengaluru,Gold,Inactive
CUST03288,Arjun Verma,arjun.verma3287@example.com,2026-06-10 15:55:00,Nagpur,Silver,Active
CUST03289,Ira Sharma,ira.sharma3288@example.com,2023-10-11 15:32:00,Coimbatore,Platinum,Active
CUST03290,Sai Patel,sai.patel3289@example.com,2025-11-19 14:51:00,Kochi,Gold,Active
CUST03291,Rohan Iyer,rohan.iyer3290@example.com,2024-04-11 15:05:00,Kolkata,Bronze,Suspended
CUST03292,Arjun Chatterjee,arjun.chatterjee3291@example.com,2025-09-05 16:34:00,Bengaluru,Bronze,Active
CUST03293,Neha Sharma,neha.sharma3292@example.com,2024-12-21 18:27:00,Nagpur,Silver,Active
CUST03294,Krishna Gupta,krishna.gupta3293@example.com,2026-05-07 16:05:00,Coimbatore,Gold,Inactive
CUST03295,Arjun Sharma,arjun.sharma3294@example.com,2026-03-16 04:57:00,Hyderabad,Platinum,Suspended
CUST03296,Anika Reddy,anika.reddy3295@example.com,2025-09-25 14:25:00,Chennai,Platinum,Active
CUST03297,Ananya Malhotra,ananya.malhotra3296@example.com,2024-01-31 10:03:00,Pune,Silver,Active
CUST03298,Rohan Bose,rohan.bose3297@example.com,2025-10-12 16:59:00,Pune,Gold,Active
CUST03299,Diya Chatterjee,diya.chatterjee3298@example.com,2025-08-16 04:15:00,Surat,Bronze,Suspended
CUST03300,Amit Verma,amit.verma3299@example.com,2026-04-16 21:11:00,Surat,Silver,Active
CUST03301,Ananya Gupta,ananya.gupta3300@example.com,2026-02-25 15:08:00,Coimbatore,Bronze,Active
CUST03302,Vikram Kumar,vikram.kumar3301@example.com,2025-09-19 06:53:00,Jaipur,Gold,Inactive
CUST03303,Vivaan Iyer,vivaan.iyer3302@example.com,2024-02-16 06:12:00,Delhi,Gold,Active
CUST03304,Karan Rao,karan.rao3303@example.com,2024-08-26 00:49:00,Bengaluru,Silver,Suspended
CUST03305,Aditya Desai,aditya.desai3304@example.com,2025-11-12 06:01:00,Kochi,Silver,Active
CUST03306,Anika Singh,anika.singh3305@example.com,2025-09-03 16:10:00,Surat,Bronze,Suspended
CUST03307,Reyansh Iyer,reyansh.iyer3306@example.com,2026-09-03 13:06:00,Chandigarh,Platinum,Active
CUST03308,Vikram Rao,vikram.rao3307@example.com,2025-10-04 15:28:00,Kolkata,Platinum,Inactive
CUST03309,Vikram Sharma,vikram.sharma3308@example.com,2026-08-09 07:28:00,Chandigarh,Gold,Active
CUST03310,Vihaan Nair,vihaan.nair3309@example.com,2026-05-27 11:52:00,Mumbai,Gold,Inactive
CUST03311,Saanvi Chatterjee,saanvi.chatterjee3310@example.com,2025-10-13 22:30:00,Nagpur,Silver,Active
CUST03312,Krishna Verma,krishna.verma3311@example.com,2025-11-05 19:45:00,Coimbatore,Bronze,Active
CUST03313,Reyansh Chatterjee,reyansh.chatterjee3312@example.com,2024-08-29 05:10:00,Kolkata,Silver,Inactive
CUST03314,Neha Patel,neha.patel3313@example.com,2025-02-26 09:45:00,Surat,Platinum,Inactive
CUST03315,Kavya Reddy,kavya.reddy3314@example.com,2024-03-03 18:15:00,Kolkata,Silver,Suspended
CUST03316,Anika Rao,anika.rao3315@example.com,2026-02-07 01:45:00,Lucknow,Platinum,Suspended
CUST03317,Priya Mehta,priya.mehta3316@example.com,2025-10-24 03:22:00,Pune,Gold,Active
CUST03318,Divya Agarwal,divya.agarwal3317@example.com,2026-06-26 21:36:00,Coimbatore,Silver,Suspended
CUST03319,Sai Verma,sai.verma3318@example.com,2025-12-16 23:42:00,Nagpur,Gold,Suspended
CUST03320,Neha Desai,neha.desai3319@example.com,2024-02-20 07:09:00,Bengaluru,Platinum,Active
CUST03321,Kavya Patel,kavya.patel3320@example.com,2023-12-22 02:12:00,Chandigarh,Platinum,Suspended
CUST03322,Ishaan Bose,ishaan.bose3321@example.com,2024-07-04 06:26:00,Chandigarh,Gold,Active
CUST03323,Rahul Mehta,rahul.mehta3322@example.com,2024-06-15 07:31:00,Bengaluru,Gold,Inactive
CUST03324,Reyansh Joshi,reyansh.joshi3323@example.com,2023-10-22 12:10:00,Lucknow,Platinum,Active
CUST03325,Rajesh Verma,rajesh.verma3324@example.com,2024-06-13 15:27:00,Chennai,Bronze,Active
CUST03326,Sneha Reddy,sneha.reddy3325@example.com,2024-06-08 18:28:00,Chennai,Platinum,Suspended
CUST03327,Vihaan Nair,vihaan.nair3326@example.com,2023-12-02 19:09:00,Hyderabad,Bronze,Active
CUST03328,Rahul Malhotra,rahul.malhotra3327@example.com,2026-07-08 17:56:00,Kochi,Platinum,Active
CUST03329,Ananya Sharma,ananya.sharma3328@example.com,2024-08-29 14:53:00,Mumbai,Gold,Active
CUST03330,Sai Iyer,sai.iyer3329@example.com,2024-05-29 11:36:00,Jaipur,Bronze,Active
CUST03331,Riya Patel,riya.patel3330@example.com,2025-01-15 12:59:00,Surat,Bronze,Suspended
CUST03332,Saanvi Nair,saanvi.nair3331@example.com,2024-12-15 08:48:00,Delhi,Bronze,Active
CUST03333,Aarav Verma,aarav.verma3332@example.com,2026-08-19 17:33:00,Nagpur,Platinum,Active
CUST03334,Riya Bose,riya.bose3333@example.com,2025-11-23 09:05:00,Kochi,Platinum,Suspended
CUST03335,Amit Shetty,amit.shetty3334@example.com,2025-12-08 03:10:00,Bengaluru,Gold,Active
CUST03336,Arjun Joshi,arjun.joshi3335@example.com,2025-01-10 11:45:00,Surat,Gold,Inactive
CUST03337,Karan Gupta,karan.gupta3336@example.com,2025-12-03 23:03:00,Nagpur,Bronze,Inactive
CUST03338,Krishna Singh,krishna.singh3337@example.com,2025-06-12 09:44:00,Kolkata,Silver,Inactive
CUST03339,Anika Gupta,anika.gupta3338@example.com,2023-12-29 11:31:00,Pune,Gold,Active
CUST03340,Priya Shetty,priya.shetty3339@example.com,2024-02-11 12:04:00,Mumbai,Gold,Active
CUST03341,Ananya Verma,ananya.verma3340@example.com,2025-07-28 09:52:00,Delhi,Bronze,Active
CUST03342,Vivaan Joshi,vivaan.joshi3341@example.com,2024-05-22 22:45:00,Nagpur,Gold,Suspended
CUST03343,Rahul Kumar,rahul.kumar3342@example.com,2025-11-26 03:01:00,Pune,Silver,Active
CUST03344,Amit Desai,amit.desai3343@example.com,2026-02-25 14:37:00,Bengaluru,Gold,Inactive
CUST03345,Pooja Patel,pooja.patel3344@example.com,2026-06-04 12:31:00,Coimbatore,Silver,Inactive
CUST03346,Arjun Bose,arjun.bose3345@example.com,2024-07-21 03:05:00,Kolkata,Bronze,Inactive
CUST03347,Krishna Agarwal,krishna.agarwal3346@example.com,2024-04-16 21:22:00,Pune,Platinum,Suspended
CUST03348,Ira Joshi,ira.joshi3347@example.com,2025-01-26 12:08:00,Delhi,Gold,Active
CUST03349,Pooja Chatterjee,pooja.chatterjee3348@example.com,2023-11-06 06:30:00,Pune,Silver,Suspended
CUST03350,Neha Reddy,neha.reddy3349@example.com,2026-06-30 08:56:00,Coimbatore,Silver,Active
CUST03351,Aarav Rao,aarav.rao3350@example.com,2024-09-29 13:48:00,Hyderabad,Gold,Active
CUST03352,Diya Kumar,diya.kumar3351@example.com,2024-12-24 07:50:00,Chennai,Platinum,Active
CUST03353,Ishaan Verma,ishaan.verma3352@example.com,2026-08-29 20:51:00,Surat,Gold,Active
CUST03354,Anika Chatterjee,anika.chatterjee3353@example.com,2025-03-17 22:59:00,Chandigarh,Platinum,Inactive
CUST03355,Ira Mehta,ira.mehta3354@example.com,2023-11-12 17:20:00,Kolkata,Platinum,Active
CUST03356,Ira Bose,ira.bose3355@example.com,2023-10-19 12:59:00,Ahmedabad,Platinum,Inactive
CUST03357,Reyansh Pillai,reyansh.pillai3356@example.com,2024-03-16 11:39:00,Kochi,Gold,Active
CUST03358,Sai Desai,sai.desai3357@example.com,2024-02-21 12:21:00,Delhi,Platinum,Suspended
CUST03359,Diya Agarwal,diya.agarwal3358@example.com,2024-11-21 14:37:00,Kochi,Gold,Inactive
CUST03360,Neha Chatterjee,neha.chatterjee3359@example.com,2026-06-08 07:23:00,Bengaluru,Bronze,Active
CUST03361,Ishaan Shetty,ishaan.shetty3360@example.com,2026-01-11 09:12:00,Surat,Platinum,Inactive
CUST03362,Divya Desai,divya.desai3361@example.com,2023-12-27 10:12:00,Lucknow,Bronze,Active
CUST03363,Sai Gupta,sai.gupta3362@example.com,2023-11-03 22:18:00,Jaipur,Gold,Inactive
CUST03364,Kavya Kumar,kavya.kumar3363@example.com,2023-11-19 21:51:00,Pune,Gold,Suspended
CUST03365,Myra Mehta,myra.mehta3364@example.com,2024-08-08 13:18:00,Nagpur,Gold,Active
CUST03366,Vikram Iyer,vikram.iyer3365@example.com,2024-04-03 00:14:00,Lucknow,Gold,Suspended
CUST03367,Ira Joshi,ira.joshi3366@example.com,2025-03-22 19:51:00,Pune,Silver,Active
CUST03368,Myra Sharma,myra.sharma3367@example.com,2025-08-14 21:21:00,Bengaluru,Gold,Active
CUST03369,Karan Kapoor,karan.kapoor3368@example.com,2024-07-26 15:35:00,Kolkata,Silver,Inactive
CUST03370,Saanvi Singh,saanvi.singh3369@example.com,2025-06-26 22:58:00,Ahmedabad,Platinum,Active
CUST03371,Rajesh Sharma,rajesh.sharma3370@example.com,2025-01-08 23:52:00,Delhi,Platinum,Suspended
CUST03372,Meera Joshi,meera.joshi3371@example.com,2025-08-18 10:24:00,Ahmedabad,Platinum,Inactive
CUST03373,Karan Shetty,karan.shetty3372@example.com,2025-08-20 10:09:00,Chandigarh,Bronze,Inactive
CUST03374,Krishna Agarwal,krishna.agarwal3373@example.com,2025-11-14 10:25:00,Lucknow,Gold,Active
CUST03375,Neha Gupta,neha.gupta3374@example.com,2025-04-16 18:00:00,Bengaluru,Platinum,Active
CUST03376,Priya Desai,priya.desai3375@example.com,2026-05-08 18:06:00,Hyderabad,Silver,Inactive
CUST03377,Vikram Rao,vikram.rao3376@example.com,2026-07-06 15:14:00,Lucknow,Silver,Inactive
CUST03378,Reyansh Kapoor,reyansh.kapoor3377@example.com,2024-01-06 21:46:00,Indore,Bronze,Active
CUST03379,Priya Bose,priya.bose3378@example.com,2024-02-04 18:01:00,Surat,Gold,Suspended
CUST03380,Karan Desai,karan.desai3379@example.com,2023-12-15 20:55:00,Kochi,Bronze,Inactive
CUST03381,Arjun Shetty,arjun.shetty3380@example.com,2024-02-22 13:21:00,Bengaluru,Platinum,Inactive
CUST03382,Rohan Agarwal,rohan.agarwal3381@example.com,2024-08-19 08:44:00,Nagpur,Platinum,Active
CUST03383,Aadhya Agarwal,aadhya.agarwal3382@example.com,2024-11-12 03:18:00,Pune,Silver,Active
CUST03384,Vihaan Patel,vihaan.patel3383@example.com,2024-11-21 07:51:00,Delhi,Gold,Active
CUST03385,Kavya Gupta,kavya.gupta3384@example.com,2023-10-21 02:43:00,Chandigarh,Bronze,Suspended
CUST03386,Vivaan Kumar,vivaan.kumar3385@example.com,2025-05-06 16:08:00,Kochi,Gold,Suspended
CUST03387,Sai Verma,sai.verma3386@example.com,2026-08-06 10:30:00,Kolkata,Silver,Active
CUST03388,Reyansh Patel,reyansh.patel3387@example.com,2025-03-12 13:28:00,Bengaluru,Gold,Active
CUST03389,Anika Reddy,anika.reddy3388@example.com,2025-01-13 08:14:00,Indore,Platinum,Inactive
CUST03390,Vihaan Verma,vihaan.verma3389@example.com,2024-06-14 22:23:00,Jaipur,Platinum,Suspended
CUST03391,Riya Rao,riya.rao3390@example.com,2025-01-13 15:54:00,Pune,Bronze,Suspended
CUST03392,Priya Bose,priya.bose3391@example.com,2025-11-21 06:46:00,Jaipur,Bronze,Inactive
CUST03393,Kavya Shetty,kavya.shetty3392@example.com,2025-06-29 16:31:00,Ahmedabad,Bronze,Inactive
CUST03394,Amit Pillai,amit.pillai3393@example.com,2025-11-11 20:16:00,Jaipur,Bronze,Active
CUST03395,Ishaan Verma,ishaan.verma3394@example.com,2023-11-20 12:34:00,Ahmedabad,Bronze,Active
CUST03396,Diya Nair,diya.nair3395@example.com,2024-06-24 10:24:00,Mumbai,Gold,Inactive
CUST03397,Meera Gupta,meera.gupta3396@example.com,2024-11-11 14:55:00,Chennai,Gold,Active
CUST03398,Aarav Reddy,aarav.reddy3397@example.com,2025-05-12 18:21:00,Delhi,Platinum,Inactive
CUST03399,Rahul Bose,rahul.bose3398@example.com,2024-01-09 02:56:00,Kochi,Platinum,Active
CUST03400,Divya Gupta,divya.gupta3399@example.com,2024-12-17 22:33:00,Hyderabad,Silver,Inactive
CUST03401,Myra Verma,myra.verma3400@example.com,2024-06-11 10:51:00,Surat,Gold,Inactive
CUST03402,Diya Desai,diya.desai3401@example.com,2024-05-25 08:59:00,Coimbatore,Gold,Active
CUST03403,Neha Malhotra,neha.malhotra3402@example.com,2024-11-06 12:53:00,Bengaluru,Silver,Active
CUST03404,Vikram Joshi,vikram.joshi3403@example.com,2024-12-29 16:29:00,Nagpur,Bronze,Active
CUST03405,Pooja Verma,pooja.verma3404@example.com,2023-12-18 11:23:00,Nagpur,Gold,Active
CUST03406,Vikram Shetty,vikram.shetty3405@example.com,2025-07-09 11:33:00,Jaipur,Platinum,Active
CUST03407,Ishaan Kapoor,ishaan.kapoor3406@example.com,2025-05-27 14:45:00,Ahmedabad,Silver,Inactive
CUST03408,Vivaan Gupta,vivaan.gupta3407@example.com,2025-10-18 13:50:00,Hyderabad,Silver,Active
CUST03409,Vikram Mehta,vikram.mehta3408@example.com,2024-11-20 05:36:00,Chandigarh,Gold,Active
CUST03410,Aditya Reddy,aditya.reddy3409@example.com,2026-04-04 20:55:00,Mumbai,Gold,Active
CUST03411,Kavya Patel,kavya.patel3410@example.com,2026-04-05 01:00:00,Hyderabad,Platinum,Active
CUST03412,Vihaan Nair,vihaan.nair3411@example.com,2025-11-17 06:33:00,Nagpur,Gold,Active
CUST03413,Ira Rao,ira.rao3412@example.com,2023-12-17 21:01:00,Jaipur,Platinum,Active
CUST03414,Reyansh Reddy,reyansh.reddy3413@example.com,2025-11-13 23:00:00,Chennai,Gold,Active
CUST03415,Kavya Nair,kavya.nair3414@example.com,2024-01-29 18:58:00,Delhi,Bronze,Active
CUST03416,Riya Singh,riya.singh3415@example.com,2025-12-21 14:07:00,Chandigarh,Silver,Active
CUST03417,Ira Desai,ira.desai3416@example.com,2024-08-30 02:17:00,Bengaluru,Gold,Active
CUST03418,Aadhya Patel,aadhya.patel3417@example.com,2024-09-19 02:24:00,Kolkata,Gold,Active
CUST03419,Karan Pillai,karan.pillai3418@example.com,2026-03-25 22:50:00,Kochi,Platinum,Active
CUST03420,Diya Chatterjee,diya.chatterjee3419@example.com,2024-12-25 13:54:00,Mumbai,Gold,Inactive
CUST03421,Amit Malhotra,amit.malhotra3420@example.com,2026-07-03 05:55:00,Hyderabad,Bronze,Active
CUST03422,Rajesh Patel,rajesh.patel3421@example.com,2026-07-02 05:00:00,Coimbatore,Platinum,Active
CUST03423,Sai Singh,sai.singh3422@example.com,2025-08-23 18:03:00,Mumbai,Gold,Suspended
CUST03424,Ira Rao,ira.rao3423@example.com,2024-07-12 08:54:00,Chennai,Gold,Active
CUST03425,Kavya Agarwal,kavya.agarwal3424@example.com,2025-03-22 05:42:00,Surat,Platinum,Suspended
CUST03426,Priya Singh,priya.singh3425@example.com,2023-10-09 21:07:00,Lucknow,Silver,Suspended
CUST03427,Ira Shetty,ira.shetty3426@example.com,2025-02-15 19:56:00,Mumbai,Gold,Active
CUST03428,Myra Joshi,myra.joshi3427@example.com,2024-02-17 04:06:00,Kochi,Silver,Suspended
CUST03429,Rajesh Agarwal,rajesh.agarwal3428@example.com,2025-04-06 18:19:00,Mumbai,Silver,Inactive
CUST03430,Ira Agarwal,ira.agarwal3429@example.com,2023-11-01 20:29:00,Kolkata,Silver,Active
CUST03431,Sneha Joshi,sneha.joshi3430@example.com,2025-06-19 01:42:00,Bengaluru,Gold,Inactive
CUST03432,Aadhya Malhotra,aadhya.malhotra3431@example.com,2026-07-17 11:06:00,Mumbai,Gold,Active
CUST03433,Vikram Agarwal,vikram.agarwal3432@example.com,2024-10-27 02:50:00,Delhi,Gold,Active
CUST03434,Meera Nair,meera.nair3433@example.com,2024-01-26 09:38:00,Kochi,Bronze,Active
CUST03435,Riya Desai,riya.desai3434@example.com,2023-11-13 14:42:00,Pune,Gold,Active
CUST03436,Reyansh Rao,reyansh.rao3435@example.com,2024-06-21 10:09:00,Nagpur,Platinum,Active
CUST03437,Karan Desai,karan.desai3436@example.com,2025-05-27 14:18:00,Chennai,Gold,Active
CUST03438,Divya Iyer,divya.iyer3437@example.com,2024-11-21 17:45:00,Pune,Platinum,Active
CUST03439,Diya Chatterjee,diya.chatterjee3438@example.com,2024-02-19 19:15:00,Surat,Gold,Active
CUST03440,Myra Rao,myra.rao3439@example.com,2025-11-07 22:55:00,Pune,Bronze,Active
CUST03441,Aarav Verma,aarav.verma3440@example.com,2026-05-23 05:04:00,Lucknow,Platinum,Active
CUST03442,Rohan Shetty,rohan.shetty3441@example.com,2026-01-22 19:54:00,Lucknow,Platinum,Active
CUST03443,Aarav Kapoor,aarav.kapoor3442@example.com,2024-03-15 19:51:00,Chandigarh,Bronze,Active
CUST03444,Arjun Mehta,arjun.mehta3443@example.com,2026-04-23 14:11:00,Bengaluru,Silver,Active
CUST03445,Aarav Mehta,aarav.mehta3444@example.com,2024-11-08 01:40:00,Bengaluru,Gold,Active
CUST03446,Krishna Reddy,krishna.reddy3445@example.com,2025-05-19 01:30:00,Kochi,Bronze,Suspended
CUST03447,Sneha Agarwal,sneha.agarwal3446@example.com,2024-04-12 10:53:00,Chennai,Silver,Active
CUST03448,Aarav Iyer,aarav.iyer3447@example.com,2025-01-09 01:47:00,Chandigarh,Platinum,Active
CUST03449,Divya Desai,divya.desai3448@example.com,2024-01-25 03:58:00,Pune,Silver,Inactive
CUST03450,Kavya Desai,kavya.desai3449@example.com,2024-09-05 18:35:00,Kochi,Silver,Active
CUST03451,Riya Pillai,riya.pillai3450@example.com,2025-08-24 12:56:00,Jaipur,Silver,Active
CUST03452,Arjun Patel,arjun.patel3451@example.com,2026-06-12 22:07:00,Delhi,Gold,Suspended
CUST03453,Vivaan Chatterjee,vivaan.chatterjee3452@example.com,2025-04-22 11:49:00,Delhi,Platinum,Suspended
CUST03454,Diya Kumar,diya.kumar3453@example.com,2023-12-06 09:18:00,Surat,Bronze,Active
CUST03455,Arjun Iyer,arjun.iyer3454@example.com,2024-06-28 01:05:00,Bengaluru,Gold,Active
CUST03456,Diya Pillai,diya.pillai3455@example.com,2024-11-27 09:52:00,Surat,Bronze,Active
CUST03457,Krishna Nair,krishna.nair3456@example.com,2024-11-20 00:15:00,Hyderabad,Platinum,Active
CUST03458,Ishaan Mehta,ishaan.mehta3457@example.com,2024-05-09 02:40:00,Nagpur,Bronze,Active
CUST03459,Aditya Pillai,aditya.pillai3458@example.com,2025-09-09 23:05:00,Hyderabad,Gold,Active
CUST03460,Saanvi Pillai,saanvi.pillai3459@example.com,2025-10-19 15:34:00,Pune,Platinum,Active
CUST03461,Divya Reddy,divya.reddy3460@example.com,2026-03-14 08:04:00,Coimbatore,Platinum,Active
CUST03462,Neha Gupta,neha.gupta3461@example.com,2024-11-04 19:58:00,Nagpur,Bronze,Suspended
CUST03463,Neha Agarwal,neha.agarwal3462@example.com,2025-12-07 16:28:00,Nagpur,Gold,Active
CUST03464,Pooja Bose,pooja.bose3463@example.com,2023-12-11 15:02:00,Chennai,Platinum,Active
CUST03465,Sai Bose,sai.bose3464@example.com,2025-08-02 00:49:00,Bengaluru,Platinum,Suspended
CUST03466,Vikram Pillai,vikram.pillai3465@example.com,2024-05-18 22:11:00,Mumbai,Silver,Active
CUST03467,Vikram Patel,vikram.patel3466@example.com,2026-09-02 03:37:00,Chennai,Gold,Active
CUST03468,Meera Mehta,meera.mehta3467@example.com,2024-10-18 04:37:00,Bengaluru,Bronze,Active
CUST03469,Vivaan Pillai,vivaan.pillai3468@example.com,2024-10-30 23:54:00,Ahmedabad,Gold,Active
CUST03470,Saanvi Gupta,saanvi.gupta3469@example.com,2024-01-06 07:48:00,Hyderabad,Gold,Active
CUST03471,Karan Verma,karan.verma3470@example.com,2025-07-15 19:39:00,Kochi,Gold,Active
CUST03472,Divya Agarwal,divya.agarwal3471@example.com,2023-11-21 15:27:00,Mumbai,Bronze,Active
CUST03473,Diya Malhotra,diya.malhotra3472@example.com,2024-07-12 07:23:00,Pune,Silver,Active
CUST03474,Aadhya Patel,aadhya.patel3473@example.com,2025-08-14 10:11:00,Surat,Platinum,Suspended
CUST03475,Sneha Nair,sneha.nair3474@example.com,2026-07-02 09:14:00,Kolkata,Gold,Inactive
CUST03476,Neha Shetty,neha.shetty3475@example.com,2025-02-03 06:12:00,Jaipur,Gold,Suspended
CUST03477,Divya Sharma,divya.sharma3476@example.com,2024-02-29 22:42:00,Jaipur,Platinum,Active
CUST03478,Rahul Rao,rahul.rao3477@example.com,2024-11-08 23:34:00,Jaipur,Bronze,Active
CUST03479,Vivaan Mehta,vivaan.mehta3478@example.com,2026-05-15 08:07:00,Kolkata,Bronze,Active
CUST03480,Kavya Verma,kavya.verma3479@example.com,2024-05-19 09:02:00,Chandigarh,Platinum,Inactive
CUST03481,Ananya Desai,ananya.desai3480@example.com,2025-06-05 13:07:00,Nagpur,Bronze,Inactive
CUST03482,Riya Kumar,riya.kumar3481@example.com,2025-06-21 09:44:00,Pune,Silver,Suspended
CUST03483,Ananya Kapoor,ananya.kapoor3482@example.com,2025-01-14 03:06:00,Jaipur,Platinum,Suspended
CUST03484,Amit Nair,amit.nair3483@example.com,2026-07-03 16:18:00,Chandigarh,Bronze,Active
CUST03485,Arjun Verma,arjun.verma3484@example.com,2025-04-18 11:44:00,Coimbatore,Bronze,Active
CUST03486,Priya Rao,priya.rao3485@example.com,2026-09-12 07:46:00,Bengaluru,Bronze,Active
CUST03487,Myra Shetty,myra.shetty3486@example.com,2026-06-29 16:08:00,Delhi,Platinum,Active
CUST03488,Riya Kapoor,riya.kapoor3487@example.com,2024-03-14 16:35:00,Pune,Gold,Active
CUST03489,Aditya Nair,aditya.nair3488@example.com,2026-09-16 10:57:00,Bengaluru,Bronze,Active
CUST03490,Aadhya Mehta,aadhya.mehta3489@example.com,2026-04-18 15:26:00,Lucknow,Bronze,Inactive
CUST03491,Pooja Rao,pooja.rao3490@example.com,2024-05-20 23:28:00,Chennai,Bronze,Suspended
CUST03492,Arjun Kumar,arjun.kumar3491@example.com,2025-01-01 04:18:00,Lucknow,Platinum,Active
CUST03493,Ananya Gupta,ananya.gupta3492@example.com,2026-06-08 08:23:00,Pune,Bronze,Active
CUST03494,Anika Pillai,anika.pillai3493@example.com,2025-07-10 06:18:00,Indore,Platinum,Active
CUST03495,Neha Verma,neha.verma3494@example.com,2025-02-09 20:06:00,Kolkata,Platinum,Active
CUST03496,Ira Rao,ira.rao3495@example.com,2025-05-28 11:25:00,Surat,Gold,Inactive
CUST03497,Ishaan Gupta,ishaan.gupta3496@example.com,2024-11-17 18:26:00,Bengaluru,Bronze,Suspended
CUST03498,Saanvi Kapoor,saanvi.kapoor3497@example.com,2025-08-06 23:17:00,Delhi,Platinum,Suspended
CUST03499,Aadhya Kumar,aadhya.kumar3498@example.com,2024-04-24 21:39:00,Chennai,Platinum,Suspended
CUST03500,Karan Kumar,karan.kumar3499@example.com,2025-05-06 08:59:00,Ahmedabad,Silver,Active
CUST03501,Anika Desai,anika.desai3500@example.com,2026-03-01 19:01:00,Kochi,Gold,Suspended
CUST03502,Reyansh Bose,reyansh.bose3501@example.com,2025-04-10 18:18:00,Indore,Gold,Active
CUST03503,Saanvi Pillai,saanvi.pillai3502@example.com,2025-01-30 02:44:00,Ahmedabad,Bronze,Active
CUST03504,Reyansh Desai,reyansh.desai3503@example.com,2024-05-22 18:03:00,Bengaluru,Platinum,Active
CUST03505,Meera Kapoor,meera.kapoor3504@example.com,2024-04-30 17:14:00,Pune,Silver,Suspended
CUST03506,Krishna Nair,krishna.nair3505@example.com,2025-10-20 12:54:00,Jaipur,Bronze,Inactive
CUST03507,Aditya Iyer,aditya.iyer3506@example.com,2025-02-06 14:26:00,Kochi,Gold,Active
CUST03508,Karan Malhotra,karan.malhotra3507@example.com,2026-05-03 21:51:00,Nagpur,Silver,Active
CUST03509,Ananya Pillai,ananya.pillai3508@example.com,2026-01-15 23:45:00,Mumbai,Platinum,Active
CUST03510,Aditya Patel,aditya.patel3509@example.com,2026-05-08 15:49:00,Ahmedabad,Platinum,Inactive
CUST03511,Priya Malhotra,priya.malhotra3510@example.com,2026-01-31 09:39:00,Nagpur,Platinum,Active
CUST03512,Aadhya Joshi,aadhya.joshi3511@example.com,2026-01-15 07:11:00,Kochi,Silver,Inactive
CUST03513,Diya Reddy,diya.reddy3512@example.com,2023-09-22 09:28:00,Bengaluru,Gold,Suspended
CUST03514,Ananya Joshi,ananya.joshi3513@example.com,2026-01-13 08:18:00,Chennai,Silver,Suspended
CUST03515,Meera Sharma,meera.sharma3514@example.com,2025-02-28 21:38:00,Lucknow,Platinum,Inactive
CUST03516,Karan Mehta,karan.mehta3515@example.com,2026-03-16 12:49:00,Ahmedabad,Platinum,Active
CUST03517,Sai Joshi,sai.joshi3516@example.com,2024-07-18 17:26:00,Nagpur,Silver,Active
CUST03518,Meera Chatterjee,meera.chatterjee3517@example.com,2025-04-26 00:59:00,Chandigarh,Gold,Active
CUST03519,Meera Kumar,meera.kumar3518@example.com,2026-03-28 21:50:00,Chennai,Gold,Suspended
CUST03520,Myra Verma,myra.verma3519@example.com,2025-11-26 13:50:00,Lucknow,Platinum,Inactive
CUST03521,Divya Nair,divya.nair3520@example.com,2023-10-17 01:26:00,Mumbai,Bronze,Inactive
CUST03522,Reyansh Joshi,reyansh.joshi3521@example.com,2025-08-19 08:01:00,Indore,Platinum,Active
CUST03523,Arjun Gupta,arjun.gupta3522@example.com,2024-10-01 23:39:00,Indore,Bronze,Active
CUST03524,Vihaan Verma,vihaan.verma3523@example.com,2024-07-15 10:54:00,Ahmedabad,Platinum,Active
CUST03525,Krishna Shetty,krishna.shetty3524@example.com,2023-11-06 11:47:00,Surat,Silver,Inactive
CUST03526,Divya Kumar,divya.kumar3525@example.com,2025-10-12 17:21:00,Jaipur,Silver,Active
CUST03527,Sneha Mehta,sneha.mehta3526@example.com,2024-01-04 05:13:00,Delhi,Silver,Active
CUST03528,Aarav Agarwal,aarav.agarwal3527@example.com,2026-05-06 00:46:00,Kochi,Gold,Suspended
CUST03529,Amit Patel,amit.patel3528@example.com,2023-12-13 06:11:00,Indore,Bronze,Suspended
CUST03530,Rohan Chatterjee,rohan.chatterjee3529@example.com,2024-02-26 11:40:00,Jaipur,Silver,Suspended
CUST03531,Anika Sharma,anika.sharma3530@example.com,2024-08-26 17:03:00,Bengaluru,Silver,Active
CUST03532,Ananya Reddy,ananya.reddy3531@example.com,2026-06-27 22:32:00,Ahmedabad,Gold,Active
CUST03533,Neha Desai,neha.desai3532@example.com,2025-08-31 23:24:00,Nagpur,Bronze,Inactive
CUST03534,Reyansh Reddy,reyansh.reddy3533@example.com,2024-09-23 23:18:00,Jaipur,Silver,Active
CUST03535,Ira Kapoor,ira.kapoor3534@example.com,2024-08-19 03:39:00,Chennai,Bronze,Active
CUST03536,Karan Iyer,karan.iyer3535@example.com,2024-05-22 00:07:00,Hyderabad,Bronze,Active
CUST03537,Ira Bose,ira.bose3536@example.com,2026-09-05 13:05:00,Indore,Gold,Active
CUST03538,Meera Kumar,meera.kumar3537@example.com,2024-02-14 21:52:00,Kochi,Silver,Active
CUST03539,Amit Sharma,amit.sharma3538@example.com,2026-03-08 04:27:00,Coimbatore,Bronze,Active
CUST03540,Saanvi Pillai,saanvi.pillai3539@example.com,2026-01-25 05:52:00,Ahmedabad,Platinum,Active
CUST03541,Rajesh Kapoor,rajesh.kapoor3540@example.com,2024-01-25 08:25:00,Indore,Gold,Active
CUST03542,Vivaan Iyer,vivaan.iyer3541@example.com,2024-10-23 20:21:00,Jaipur,Silver,Active
CUST03543,Sai Verma,sai.verma3542@example.com,2026-07-16 03:40:00,Nagpur,Platinum,Active
CUST03544,Rohan Reddy,rohan.reddy3543@example.com,2025-05-05 14:26:00,Surat,Gold,Active
CUST03545,Pooja Shetty,pooja.shetty3544@example.com,2024-05-02 14:58:00,Chennai,Silver,Inactive
CUST03546,Ishaan Verma,ishaan.verma3545@example.com,2026-02-14 22:41:00,Kolkata,Platinum,Suspended
CUST03547,Myra Sharma,myra.sharma3546@example.com,2025-12-14 01:44:00,Chennai,Platinum,Suspended
CUST03548,Aditya Rao,aditya.rao3547@example.com,2024-08-04 19:43:00,Ahmedabad,Silver,Active
CUST03549,Priya Iyer,priya.iyer3548@example.com,2024-10-24 10:56:00,Surat,Gold,Suspended
CUST03550,Priya Joshi,priya.joshi3549@example.com,2023-09-29 12:56:00,Mumbai,Platinum,Active
CUST03551,Sneha Patel,sneha.patel3550@example.com,2023-12-05 14:13:00,Nagpur,Platinum,Active
CUST03552,Aarav Mehta,aarav.mehta3551@example.com,2025-01-14 10:59:00,Nagpur,Platinum,Active
CUST03553,Sneha Rao,sneha.rao3552@example.com,2026-07-29 14:40:00,Kochi,Bronze,Active
CUST03554,Krishna Rao,krishna.rao3553@example.com,2025-09-07 01:55:00,Surat,Gold,Active
CUST03555,Kavya Patel,kavya.patel3554@example.com,2025-12-13 07:22:00,Lucknow,Bronze,Active
CUST03556,Rajesh Agarwal,rajesh.agarwal3555@example.com,2026-02-27 12:53:00,Delhi,Silver,Active
CUST03557,Anika Shetty,anika.shetty3556@example.com,2026-03-10 15:11:00,Chennai,Bronze,Active
CUST03558,Ira Gupta,ira.gupta3557@example.com,2024-11-06 13:04:00,Indore,Bronze,Suspended
CUST03559,Sai Reddy,sai.reddy3558@example.com,2026-01-10 18:24:00,Lucknow,Platinum,Suspended
CUST03560,Kavya Chatterjee,kavya.chatterjee3559@example.com,2025-07-13 05:09:00,Coimbatore,Silver,Active
CUST03561,Ira Sharma,ira.sharma3560@example.com,2026-04-12 16:57:00,Pune,Gold,Suspended
CUST03562,Vivaan Nair,vivaan.nair3561@example.com,2025-03-03 14:07:00,Chennai,Platinum,Inactive
CUST03563,Divya Kapoor,divya.kapoor3562@example.com,2026-04-10 01:25:00,Mumbai,Gold,Active
CUST03564,Rohan Agarwal,rohan.agarwal3563@example.com,2025-01-20 06:18:00,Jaipur,Silver,Active
CUST03565,Anika Rao,anika.rao3564@example.com,2025-01-19 20:03:00,Pune,Platinum,Active
CUST03566,Neha Singh,neha.singh3565@example.com,2024-06-16 22:41:00,Nagpur,Bronze,Inactive
CUST03567,Aarav Joshi,aarav.joshi3566@example.com,2024-05-13 21:18:00,Pune,Silver,Inactive
CUST03568,Priya Joshi,priya.joshi3567@example.com,2024-11-07 15:13:00,Pune,Gold,Inactive
CUST03569,Diya Mehta,diya.mehta3568@example.com,2026-06-06 19:56:00,Surat,Silver,Inactive
CUST03570,Krishna Kapoor,krishna.kapoor3569@example.com,2026-03-11 06:00:00,Chennai,Platinum,Inactive
CUST03571,Ishaan Verma,ishaan.verma3570@example.com,2026-02-14 08:58:00,Bengaluru,Silver,Inactive
CUST03572,Rahul Iyer,rahul.iyer3571@example.com,2024-02-03 12:35:00,Nagpur,Platinum,Active
CUST03573,Rajesh Rao,rajesh.rao3572@example.com,2026-02-14 15:50:00,Surat,Gold,Suspended
CUST03574,Rajesh Sharma,rajesh.sharma3573@example.com,2025-05-01 21:39:00,Nagpur,Bronze,Active
CUST03575,Ira Iyer,ira.iyer3574@example.com,2025-10-11 18:19:00,Delhi,Silver,Suspended
CUST03576,Krishna Kumar,krishna.kumar3575@example.com,2026-02-20 03:09:00,Kochi,Platinum,Suspended
CUST03577,Ananya Rao,ananya.rao3576@example.com,2026-08-17 08:47:00,Surat,Platinum,Inactive
CUST03578,Priya Kumar,priya.kumar3577@example.com,2026-01-04 18:13:00,Pune,Bronze,Active
CUST03579,Aditya Rao,aditya.rao3578@example.com,2023-11-12 16:34:00,Kolkata,Bronze,Active
CUST03580,Kavya Shetty,kavya.shetty3579@example.com,2026-09-10 02:27:00,Indore,Silver,Suspended
CUST03581,Sneha Nair,sneha.nair3580@example.com,2025-03-10 05:10:00,Nagpur,Silver,Inactive
CUST03582,Aadhya Nair,aadhya.nair3581@example.com,2025-09-01 08:25:00,Chennai,Silver,Active
CUST03583,Riya Kumar,riya.kumar3582@example.com,2025-05-21 22:33:00,Ahmedabad,Silver,Active
CUST03584,Aadhya Mehta,aadhya.mehta3583@example.com,2025-07-15 04:18:00,Kolkata,Bronze,Active
CUST03585,Divya Shetty,divya.shetty3584@example.com,2024-07-17 17:08:00,Chandigarh,Gold,Inactive
CUST03586,Ananya Chatterjee,ananya.chatterjee3585@example.com,2023-10-06 14:38:00,Coimbatore,Silver,Active
CUST03587,Ira Kumar,ira.kumar3586@example.com,2025-12-16 11:23:00,Nagpur,Gold,Active
CUST03588,Reyansh Kumar,reyansh.kumar3587@example.com,2024-05-31 05:42:00,Kochi,Silver,Active
CUST03589,Riya Desai,riya.desai3588@example.com,2025-03-18 16:21:00,Coimbatore,Platinum,Active
CUST03590,Priya Reddy,priya.reddy3589@example.com,2026-01-08 01:34:00,Kochi,Bronze,Inactive
CUST03591,Sneha Kumar,sneha.kumar3590@example.com,2025-04-16 03:22:00,Pune,Bronze,Suspended
CUST03592,Rohan Kapoor,rohan.kapoor3591@example.com,2023-12-06 23:53:00,Indore,Platinum,Active
CUST03593,Divya Kumar,divya.kumar3592@example.com,2024-06-12 05:48:00,Surat,Silver,Suspended
CUST03594,Aadhya Kumar,aadhya.kumar3593@example.com,2025-04-20 01:52:00,Bengaluru,Gold,Active
CUST03595,Rahul Pillai,rahul.pillai3594@example.com,2025-09-08 03:23:00,Lucknow,Gold,Active
CUST03596,Divya Singh,divya.singh3595@example.com,2026-01-18 02:45:00,Hyderabad,Platinum,Active
CUST03597,Ananya Gupta,ananya.gupta3596@example.com,2025-12-23 01:58:00,Ahmedabad,Gold,Active
CUST03598,Ira Desai,ira.desai3597@example.com,2025-06-05 16:13:00,Jaipur,Platinum,Inactive
CUST03599,Neha Patel,neha.patel3598@example.com,2026-06-17 00:56:00,Pune,Gold,Active
CUST03600,Sai Agarwal,sai.agarwal3599@example.com,2024-07-04 19:47:00,Mumbai,Gold,Active
CUST03601,Vikram Kumar,vikram.kumar3600@example.com,2025-03-03 20:24:00,Jaipur,Platinum,Active
CUST03602,Neha Sharma,neha.sharma3601@example.com,2026-09-15 03:47:00,Ahmedabad,Gold,Inactive
CUST03603,Karan Agarwal,karan.agarwal3602@example.com,2026-02-06 02:00:00,Hyderabad,Silver,Active
CUST03604,Rajesh Malhotra,rajesh.malhotra3603@example.com,2024-05-27 20:39:00,Chandigarh,Silver,Active
CUST03605,Aadhya Mehta,aadhya.mehta3604@example.com,2025-07-25 09:51:00,Kolkata,Gold,Active
CUST03606,Myra Iyer,myra.iyer3605@example.com,2025-11-23 00:19:00,Kolkata,Gold,Active
CUST03607,Arjun Reddy,arjun.reddy3606@example.com,2026-01-11 12:40:00,Delhi,Gold,Active
CUST03608,Vihaan Kumar,vihaan.kumar3607@example.com,2024-06-01 11:18:00,Chennai,Gold,Active
CUST03609,Sai Sharma,sai.sharma3608@example.com,2023-10-24 02:43:00,Chennai,Bronze,Active
CUST03610,Karan Shetty,karan.shetty3609@example.com,2024-03-26 02:48:00,Nagpur,Bronze,Active
CUST03611,Meera Iyer,meera.iyer3610@example.com,2025-11-26 17:36:00,Bengaluru,Bronze,Inactive
CUST03612,Meera Pillai,meera.pillai3611@example.com,2024-09-27 17:05:00,Bengaluru,Gold,Active
CUST03613,Meera Nair,meera.nair3612@example.com,2025-05-11 08:29:00,Bengaluru,Bronze,Active
CUST03614,Meera Nair,meera.nair3613@example.com,2025-03-09 10:57:00,Delhi,Silver,Active
CUST03615,Krishna Sharma,krishna.sharma3614@example.com,2025-04-22 23:33:00,Lucknow,Platinum,Active
CUST03616,Diya Gupta,diya.gupta3615@example.com,2024-02-14 18:57:00,Lucknow,Platinum,Active
CUST03617,Amit Bose,amit.bose3616@example.com,2026-05-21 00:31:00,Mumbai,Silver,Suspended
CUST03618,Arjun Kapoor,arjun.kapoor3617@example.com,2023-10-13 14:47:00,Kochi,Bronze,Suspended
CUST03619,Sneha Shetty,sneha.shetty3618@example.com,2024-05-27 20:04:00,Nagpur,Gold,Inactive
CUST03620,Anika Joshi,anika.joshi3619@example.com,2025-02-09 19:42:00,Chennai,Silver,Active
CUST03621,Sai Rao,sai.rao3620@example.com,2025-02-25 18:33:00,Delhi,Bronze,Active
CUST03622,Anika Bose,anika.bose3621@example.com,2026-08-23 08:10:00,Lucknow,Silver,Inactive
CUST03623,Arjun Singh,arjun.singh3622@example.com,2023-10-02 21:23:00,Ahmedabad,Bronze,Active
CUST03624,Reyansh Nair,reyansh.nair3623@example.com,2024-03-04 12:41:00,Mumbai,Silver,Active
CUST03625,Vivaan Malhotra,vivaan.malhotra3624@example.com,2025-06-18 09:48:00,Lucknow,Platinum,Active
CUST03626,Karan Sharma,karan.sharma3625@example.com,2025-03-05 08:36:00,Delhi,Platinum,Active
CUST03627,Divya Iyer,divya.iyer3626@example.com,2025-03-17 18:30:00,Kolkata,Gold,Active
CUST03628,Aadhya Nair,aadhya.nair3627@example.com,2025-06-26 09:03:00,Lucknow,Bronze,Suspended
CUST03629,Neha Reddy,neha.reddy3628@example.com,2025-12-21 23:11:00,Hyderabad,Gold,Suspended
CUST03630,Karan Reddy,karan.reddy3629@example.com,2025-05-28 03:29:00,Bengaluru,Platinum,Inactive
CUST03631,Aditya Singh,aditya.singh3630@example.com,2024-07-25 16:25:00,Kolkata,Bronze,Active
CUST03632,Divya Chatterjee,divya.chatterjee3631@example.com,2023-11-12 03:01:00,Coimbatore,Gold,Active
CUST03633,Sneha Shetty,sneha.shetty3632@example.com,2025-11-28 20:43:00,Chandigarh,Platinum,Active
CUST03634,Anika Agarwal,anika.agarwal3633@example.com,2024-08-22 07:44:00,Chennai,Silver,Active
CUST03635,Sneha Chatterjee,sneha.chatterjee3634@example.com,2026-03-02 15:05:00,Coimbatore,Silver,Active
CUST03636,Rajesh Nair,rajesh.nair3635@example.com,2023-10-29 14:13:00,Chennai,Bronze,Active
CUST03637,Aadhya Rao,aadhya.rao3636@example.com,2024-06-16 23:56:00,Mumbai,Bronze,Active
CUST03638,Karan Verma,karan.verma3637@example.com,2026-02-13 16:03:00,Surat,Gold,Suspended
CUST03639,Meera Rao,meera.rao3638@example.com,2025-02-18 15:09:00,Chandigarh,Silver,Inactive
CUST03640,Neha Agarwal,neha.agarwal3639@example.com,2025-05-08 02:01:00,Nagpur,Silver,Active
CUST03641,Saanvi Shetty,saanvi.shetty3640@example.com,2023-10-01 18:20:00,Lucknow,Silver,Suspended
CUST03642,Neha Pillai,neha.pillai3641@example.com,2023-12-08 08:00:00,Pune,Gold,Inactive
CUST03643,Meera Desai,meera.desai3642@example.com,2025-11-19 23:40:00,Chennai,Gold,Suspended
CUST03644,Kavya Verma,kavya.verma3643@example.com,2024-05-14 05:39:00,Lucknow,Bronze,Inactive
CUST03645,Kavya Patel,kavya.patel3644@example.com,2026-09-18 08:48:00,Bengaluru,Bronze,Active
CUST03646,Myra Chatterjee,myra.chatterjee3645@example.com,2025-09-02 20:14:00,Chandigarh,Bronze,Active
CUST03647,Vikram Verma,vikram.verma3646@example.com,2025-01-01 00:12:00,Chennai,Silver,Active
CUST03648,Rajesh Nair,rajesh.nair3647@example.com,2024-05-03 15:16:00,Mumbai,Platinum,Active
CUST03649,Kavya Desai,kavya.desai3648@example.com,2025-03-13 05:48:00,Pune,Silver,Active
CUST03650,Saanvi Verma,saanvi.verma3649@example.com,2024-06-19 02:07:00,Ahmedabad,Silver,Active
CUST03651,Ira Rao,ira.rao3650@example.com,2024-09-20 20:36:00,Chandigarh,Platinum,Active
CUST03652,Kavya Verma,kavya.verma3651@example.com,2024-01-28 04:48:00,Ahmedabad,Bronze,Active
CUST03653,Reyansh Mehta,reyansh.mehta3652@example.com,2025-05-07 13:58:00,Bengaluru,Silver,Active
CUST03654,Myra Rao,myra.rao3653@example.com,2024-11-01 12:30:00,Coimbatore,Bronze,Suspended
CUST03655,Rajesh Mehta,rajesh.mehta3654@example.com,2025-05-15 06:39:00,Surat,Platinum,Suspended
CUST03656,Karan Mehta,karan.mehta3655@example.com,2023-12-16 16:33:00,Surat,Platinum,Inactive
CUST03657,Myra Singh,myra.singh3656@example.com,2026-08-18 01:56:00,Hyderabad,Gold,Active
CUST03658,Aadhya Mehta,aadhya.mehta3657@example.com,2026-02-21 05:03:00,Jaipur,Platinum,Suspended
CUST03659,Meera Verma,meera.verma3658@example.com,2025-12-14 16:34:00,Nagpur,Platinum,Active
CUST03660,Amit Kapoor,amit.kapoor3659@example.com,2026-06-23 17:31:00,Chennai,Bronze,Suspended
CUST03661,Rajesh Kumar,rajesh.kumar3660@example.com,2024-05-29 06:13:00,Mumbai,Bronze,Inactive
CUST03662,Myra Chatterjee,myra.chatterjee3661@example.com,2026-04-25 20:17:00,Indore,Platinum,Active
CUST03663,Aditya Kapoor,aditya.kapoor3662@example.com,2024-03-31 01:52:00,Nagpur,Platinum,Suspended
CUST03664,Vihaan Singh,vihaan.singh3663@example.com,2025-06-25 00:47:00,Chennai,Platinum,Suspended
CUST03665,Karan Pillai,karan.pillai3664@example.com,2025-06-30 12:54:00,Bengaluru,Bronze,Suspended
CUST03666,Rajesh Desai,rajesh.desai3665@example.com,2026-07-08 16:00:00,Delhi,Silver,Active
CUST03667,Arjun Rao,arjun.rao3666@example.com,2024-06-05 20:43:00,Coimbatore,Platinum,Inactive
CUST03668,Aadhya Agarwal,aadhya.agarwal3667@example.com,2024-03-13 17:55:00,Indore,Platinum,Suspended
CUST03669,Myra Sharma,myra.sharma3668@example.com,2024-10-23 16:21:00,Ahmedabad,Silver,Inactive
CUST03670,Sai Chatterjee,sai.chatterjee3669@example.com,2026-01-20 21:09:00,Bengaluru,Gold,Active
CUST03671,Riya Reddy,riya.reddy3670@example.com,2025-04-26 04:26:00,Kochi,Bronze,Active
CUST03672,Rajesh Chatterjee,rajesh.chatterjee3671@example.com,2025-05-15 22:30:00,Surat,Platinum,Active
CUST03673,Aditya Iyer,aditya.iyer3672@example.com,2025-03-02 06:50:00,Surat,Platinum,Active
CUST03674,Ananya Singh,ananya.singh3673@example.com,2026-09-07 08:08:00,Hyderabad,Platinum,Suspended
CUST03675,Amit Patel,amit.patel3674@example.com,2025-07-04 10:04:00,Surat,Bronze,Suspended
CUST03676,Aditya Patel,aditya.patel3675@example.com,2024-11-12 20:55:00,Chandigarh,Platinum,Active
CUST03677,Amit Chatterjee,amit.chatterjee3676@example.com,2023-11-24 05:46:00,Coimbatore,Silver,Inactive
CUST03678,Rahul Joshi,rahul.joshi3677@example.com,2025-03-01 23:33:00,Chennai,Bronze,Suspended
CUST03679,Aditya Kapoor,aditya.kapoor3678@example.com,2024-10-06 12:12:00,Lucknow,Platinum,Active
CUST03680,Amit Rao,amit.rao3679@example.com,2024-03-08 06:16:00,Bengaluru,Silver,Active
CUST03681,Neha Kapoor,neha.kapoor3680@example.com,2025-10-19 23:13:00,Lucknow,Bronze,Inactive
CUST03682,Meera Singh,meera.singh3681@example.com,2026-03-05 03:24:00,Ahmedabad,Gold,Inactive
CUST03683,Saanvi Desai,saanvi.desai3682@example.com,2026-08-08 02:43:00,Lucknow,Platinum,Active
CUST03684,Saanvi Verma,saanvi.verma3683@example.com,2025-08-22 18:08:00,Coimbatore,Bronze,Suspended
CUST03685,Karan Singh,karan.singh3684@example.com,2025-11-03 16:13:00,Jaipur,Gold,Active
CUST03686,Divya Agarwal,divya.agarwal3685@example.com,2026-06-20 00:49:00,Hyderabad,Bronze,Inactive
CUST03687,Riya Kumar,riya.kumar3686@example.com,2025-08-15 17:48:00,Pune,Platinum,Active
CUST03688,Sai Kumar,sai.kumar3687@example.com,2025-12-23 14:31:00,Chandigarh,Silver,Suspended
CUST03689,Sai Verma,sai.verma3688@example.com,2026-05-18 02:32:00,Ahmedabad,Bronze,Active
CUST03690,Aadhya Mehta,aadhya.mehta3689@example.com,2025-06-15 04:52:00,Delhi,Silver,Active
CUST03691,Rohan Chatterjee,rohan.chatterjee3690@example.com,2026-07-18 20:14:00,Kolkata,Silver,Active
CUST03692,Rohan Singh,rohan.singh3691@example.com,2025-07-29 12:20:00,Coimbatore,Platinum,Active
CUST03693,Vihaan Kumar,vihaan.kumar3692@example.com,2025-01-15 02:33:00,Chandigarh,Gold,Active
CUST03694,Reyansh Sharma,reyansh.sharma3693@example.com,2025-11-09 01:56:00,Nagpur,Gold,Active
CUST03695,Meera Iyer,meera.iyer3694@example.com,2025-10-30 08:36:00,Hyderabad,Platinum,Active
CUST03696,Aarav Chatterjee,aarav.chatterjee3695@example.com,2026-09-05 18:37:00,Bengaluru,Gold,Active
CUST03697,Anika Bose,anika.bose3696@example.com,2026-07-11 06:49:00,Mumbai,Platinum,Suspended
CUST03698,Ira Sharma,ira.sharma3697@example.com,2024-05-13 20:55:00,Coimbatore,Platinum,Active
CUST03699,Meera Bose,meera.bose3698@example.com,2025-11-02 17:56:00,Coimbatore,Gold,Active
CUST03700,Krishna Reddy,krishna.reddy3699@example.com,2025-11-10 10:54:00,Coimbatore,Bronze,Suspended
CUST03701,Riya Bose,riya.bose3700@example.com,2024-04-13 16:16:00,Kolkata,Bronze,Active
CUST03702,Myra Malhotra,myra.malhotra3701@example.com,2025-10-15 15:15:00,Pune,Platinum,Inactive
CUST03703,Myra Gupta,myra.gupta3702@example.com,2023-10-21 01:25:00,Delhi,Bronze,Active
CUST03704,Meera Shetty,meera.shetty3703@example.com,2023-09-29 05:03:00,Coimbatore,Gold,Active
CUST03705,Aarav Nair,aarav.nair3704@example.com,2024-11-14 09:50:00,Indore,Silver,Inactive
CUST03706,Rajesh Desai,rajesh.desai3705@example.com,2023-09-25 02:24:00,Mumbai,Bronze,Active
CUST03707,Ishaan Shetty,ishaan.shetty3706@example.com,2025-07-06 09:33:00,Ahmedabad,Platinum,Active
CUST03708,Rahul Desai,rahul.desai3707@example.com,2025-10-03 04:07:00,Surat,Gold,Active
CUST03709,Vikram Reddy,vikram.reddy3708@example.com,2024-03-23 15:40:00,Delhi,Bronze,Suspended
CUST03710,Vivaan Singh,vivaan.singh3709@example.com,2025-04-06 04:47:00,Pune,Platinum,Active
CUST03711,Arjun Verma,arjun.verma3710@example.com,2026-08-10 17:35:00,Mumbai,Bronze,Inactive
CUST03712,Rahul Joshi,rahul.joshi3711@example.com,2025-01-23 11:11:00,Chennai,Silver,Suspended
CUST03713,Vivaan Kumar,vivaan.kumar3712@example.com,2024-02-11 21:05:00,Chandigarh,Gold,Inactive
CUST03714,Sneha Verma,sneha.verma3713@example.com,2026-01-27 01:52:00,Delhi,Silver,Active
CUST03715,Priya Pillai,priya.pillai3714@example.com,2026-06-02 16:13:00,Kolkata,Gold,Inactive
CUST03716,Vikram Shetty,vikram.shetty3715@example.com,2023-09-24 20:25:00,Coimbatore,Bronze,Inactive
CUST03717,Rohan Agarwal,rohan.agarwal3716@example.com,2024-01-13 11:02:00,Kolkata,Platinum,Inactive
CUST03718,Divya Gupta,divya.gupta3717@example.com,2025-12-18 22:27:00,Kolkata,Bronze,Active
CUST03719,Vivaan Patel,vivaan.patel3718@example.com,2025-09-17 06:04:00,Kochi,Bronze,Active
CUST03720,Aadhya Singh,aadhya.singh3719@example.com,2025-06-03 19:45:00,Mumbai,Bronze,Inactive
CUST03721,Sai Mehta,sai.mehta3720@example.com,2026-06-09 07:06:00,Kolkata,Gold,Active
CUST03722,Meera Shetty,meera.shetty3721@example.com,2026-04-22 16:26:00,Lucknow,Bronze,Active
CUST03723,Riya Desai,riya.desai3722@example.com,2026-04-02 13:27:00,Pune,Silver,Inactive
CUST03724,Sai Chatterjee,sai.chatterjee3723@example.com,2026-03-13 15:44:00,Lucknow,Platinum,Inactive
CUST03725,Neha Pillai,neha.pillai3724@example.com,2024-11-09 06:52:00,Lucknow,Silver,Inactive
CUST03726,Diya Verma,diya.verma3725@example.com,2025-09-20 22:33:00,Jaipur,Platinum,Active
CUST03727,Aditya Mehta,aditya.mehta3726@example.com,2023-12-21 17:52:00,Kochi,Platinum,Inactive
CUST03728,Ananya Joshi,ananya.joshi3727@example.com,2025-06-26 01:20:00,Lucknow,Bronze,Active
CUST03729,Rajesh Rao,rajesh.rao3728@example.com,2026-03-21 07:51:00,Bengaluru,Platinum,Active
CUST03730,Vikram Gupta,vikram.gupta3729@example.com,2024-03-29 21:33:00,Jaipur,Gold,Inactive
CUST03731,Karan Malhotra,karan.malhotra3730@example.com,2026-04-09 00:12:00,Coimbatore,Silver,Inactive
CUST03732,Vikram Desai,vikram.desai3731@example.com,2024-11-30 09:50:00,Surat,Bronze,Active
CUST03733,Aditya Mehta,aditya.mehta3732@example.com,2025-03-04 13:59:00,Bengaluru,Gold,Active
CUST03734,Anika Kumar,anika.kumar3733@example.com,2026-07-15 23:11:00,Kochi,Silver,Suspended
CUST03735,Vihaan Iyer,vihaan.iyer3734@example.com,2026-07-27 02:16:00,Surat,Bronze,Active
CUST03736,Ananya Kapoor,ananya.kapoor3735@example.com,2026-08-02 00:59:00,Chennai,Silver,Active
CUST03737,Aadhya Kapoor,aadhya.kapoor3736@example.com,2026-04-02 13:50:00,Ahmedabad,Platinum,Active
CUST03738,Reyansh Reddy,reyansh.reddy3737@example.com,2026-04-07 21:16:00,Chandigarh,Silver,Suspended
CUST03739,Meera Verma,meera.verma3738@example.com,2025-08-27 08:09:00,Delhi,Gold,Active
CUST03740,Vihaan Pillai,vihaan.pillai3739@example.com,2026-03-03 09:10:00,Bengaluru,Silver,Active
CUST03741,Neha Kapoor,neha.kapoor3740@example.com,2024-08-21 22:10:00,Coimbatore,Platinum,Suspended
CUST03742,Aditya Bose,aditya.bose3741@example.com,2026-07-30 00:51:00,Surat,Bronze,Active
CUST03743,Neha Shetty,neha.shetty3742@example.com,2024-09-27 13:36:00,Chandigarh,Silver,Suspended
CUST03744,Divya Mehta,divya.mehta3743@example.com,2026-01-28 07:19:00,Delhi,Silver,Inactive
CUST03745,Aadhya Shetty,aadhya.shetty3744@example.com,2025-02-04 14:44:00,Delhi,Bronze,Suspended
CUST03746,Sneha Agarwal,sneha.agarwal3745@example.com,2025-10-29 21:26:00,Coimbatore,Platinum,Active
CUST03747,Ishaan Kapoor,ishaan.kapoor3746@example.com,2025-11-22 04:18:00,Mumbai,Bronze,Inactive
CUST03748,Riya Shetty,riya.shetty3747@example.com,2024-01-18 14:29:00,Indore,Platinum,Suspended
CUST03749,Diya Kumar,diya.kumar3748@example.com,2023-10-17 21:51:00,Delhi,Gold,Active
CUST03750,Meera Pillai,meera.pillai3749@example.com,2025-09-26 14:28:00,Coimbatore,Gold,Inactive
CUST03751,Anika Kapoor,anika.kapoor3750@example.com,2026-06-26 13:36:00,Ahmedabad,Bronze,Active
CUST03752,Neha Bose,neha.bose3751@example.com,2024-02-03 22:28:00,Pune,Silver,Inactive
CUST03753,Anika Singh,anika.singh3752@example.com,2024-04-13 09:59:00,Indore,Silver,Active
CUST03754,Rajesh Shetty,rajesh.shetty3753@example.com,2026-06-22 04:57:00,Delhi,Silver,Active
CUST03755,Krishna Mehta,krishna.mehta3754@example.com,2026-09-15 02:44:00,Jaipur,Gold,Suspended
CUST03756,Reyansh Sharma,reyansh.sharma3755@example.com,2025-05-05 11:38:00,Indore,Silver,Active
CUST03757,Vihaan Sharma,vihaan.sharma3756@example.com,2024-10-21 21:37:00,Nagpur,Gold,Active
CUST03758,Myra Patel,myra.patel3757@example.com,2023-10-30 15:27:00,Kolkata,Silver,Active
CUST03759,Neha Reddy,neha.reddy3758@example.com,2025-11-17 11:36:00,Jaipur,Bronze,Active
CUST03760,Pooja Shetty,pooja.shetty3759@example.com,2026-01-12 16:34:00,Mumbai,Bronze,Active
CUST03761,Aadhya Malhotra,aadhya.malhotra3760@example.com,2025-11-19 15:28:00,Delhi,Platinum,Suspended
CUST03762,Vivaan Agarwal,vivaan.agarwal3761@example.com,2025-06-11 13:37:00,Indore,Gold,Inactive
CUST03763,Diya Desai,diya.desai3762@example.com,2026-06-12 12:41:00,Bengaluru,Platinum,Suspended
CUST03764,Pooja Reddy,pooja.reddy3763@example.com,2025-10-07 05:36:00,Indore,Silver,Active
CUST03765,Aarav Reddy,aarav.reddy3764@example.com,2026-06-27 06:15:00,Indore,Gold,Active
CUST03766,Amit Mehta,amit.mehta3765@example.com,2026-07-02 03:30:00,Delhi,Bronze,Inactive
CUST03767,Ishaan Gupta,ishaan.gupta3766@example.com,2026-06-04 10:47:00,Hyderabad,Platinum,Inactive
CUST03768,Rohan Mehta,rohan.mehta3767@example.com,2025-05-16 10:22:00,Chandigarh,Gold,Inactive
CUST03769,Kavya Desai,kavya.desai3768@example.com,2024-02-21 04:38:00,Kochi,Gold,Active
CUST03770,Ananya Sharma,ananya.sharma3769@example.com,2026-08-17 04:11:00,Jaipur,Gold,Active
CUST03771,Vihaan Agarwal,vihaan.agarwal3770@example.com,2023-10-10 18:52:00,Jaipur,Platinum,Suspended
CUST03772,Ananya Rao,ananya.rao3771@example.com,2026-05-11 22:43:00,Nagpur,Silver,Active
CUST03773,Neha Pillai,neha.pillai3772@example.com,2026-06-16 20:05:00,Indore,Gold,Active
CUST03774,Meera Sharma,meera.sharma3773@example.com,2024-07-10 15:07:00,Ahmedabad,Bronze,Active
CUST03775,Vikram Singh,vikram.singh3774@example.com,2023-10-04 20:04:00,Hyderabad,Bronze,Active
CUST03776,Reyansh Agarwal,reyansh.agarwal3775@example.com,2023-10-03 01:00:00,Nagpur,Silver,Active
CUST03777,Vikram Agarwal,vikram.agarwal3776@example.com,2025-04-03 03:14:00,Mumbai,Bronze,Active
CUST03778,Divya Bose,divya.bose3777@example.com,2025-04-09 03:49:00,Coimbatore,Gold,Active
CUST03779,Divya Bose,divya.bose3778@example.com,2024-01-24 08:04:00,Coimbatore,Bronze,Active
CUST03780,Pooja Verma,pooja.verma3779@example.com,2025-04-29 07:48:00,Bengaluru,Bronze,Active
CUST03781,Rahul Kumar,rahul.kumar3780@example.com,2024-08-07 01:12:00,Mumbai,Silver,Suspended
CUST03782,Anika Kumar,anika.kumar3781@example.com,2025-09-01 07:19:00,Lucknow,Silver,Active
CUST03783,Rahul Chatterjee,rahul.chatterjee3782@example.com,2026-05-12 11:43:00,Bengaluru,Silver,Suspended
CUST03784,Rajesh Desai,rajesh.desai3783@example.com,2025-05-12 19:17:00,Ahmedabad,Bronze,Suspended
CUST03785,Rajesh Agarwal,rajesh.agarwal3784@example.com,2026-05-09 19:16:00,Bengaluru,Gold,Active
CUST03786,Myra Malhotra,myra.malhotra3785@example.com,2024-06-23 04:17:00,Lucknow,Gold,Active
CUST03787,Divya Verma,divya.verma3786@example.com,2025-01-24 00:50:00,Chandigarh,Platinum,Suspended
CUST03788,Vikram Kapoor,vikram.kapoor3787@example.com,2023-10-18 05:19:00,Lucknow,Bronze,Active
CUST03789,Rohan Pillai,rohan.pillai3788@example.com,2024-12-30 10:41:00,Hyderabad,Silver,Inactive
CUST03790,Neha Agarwal,neha.agarwal3789@example.com,2025-10-31 23:45:00,Jaipur,Gold,Active
CUST03791,Ira Desai,ira.desai3790@example.com,2024-05-14 01:52:00,Bengaluru,Platinum,Active
CUST03792,Aarav Reddy,aarav.reddy3791@example.com,2024-08-27 00:14:00,Ahmedabad,Bronze,Active
CUST03793,Riya Agarwal,riya.agarwal3792@example.com,2023-10-04 10:47:00,Chennai,Platinum,Active
CUST03794,Pooja Joshi,pooja.joshi3793@example.com,2026-02-19 14:11:00,Pune,Platinum,Active
CUST03795,Aditya Kumar,aditya.kumar3794@example.com,2025-04-23 21:31:00,Delhi,Bronze,Active
CUST03796,Ishaan Sharma,ishaan.sharma3795@example.com,2026-06-29 11:42:00,Bengaluru,Platinum,Active
CUST03797,Ananya Rao,ananya.rao3796@example.com,2024-07-14 18:38:00,Kolkata,Bronze,Inactive
CUST03798,Rahul Desai,rahul.desai3797@example.com,2024-08-16 14:05:00,Nagpur,Silver,Active
CUST03799,Vikram Singh,vikram.singh3798@example.com,2026-06-26 18:35:00,Nagpur,Bronze,Inactive
CUST03800,Riya Shetty,riya.shetty3799@example.com,2025-06-08 00:17:00,Pune,Gold,Suspended
CUST03801,Saanvi Singh,saanvi.singh3800@example.com,2024-08-26 13:26:00,Mumbai,Platinum,Active
CUST03802,Meera Patel,meera.patel3801@example.com,2025-09-03 14:48:00,Ahmedabad,Platinum,Inactive
CUST03803,Sneha Mehta,sneha.mehta3802@example.com,2026-08-04 02:55:00,Indore,Bronze,Active
CUST03804,Amit Agarwal,amit.agarwal3803@example.com,2024-02-01 11:41:00,Nagpur,Gold,Active
CUST03805,Amit Verma,amit.verma3804@example.com,2024-05-31 15:05:00,Jaipur,Bronze,Suspended
CUST03806,Ishaan Malhotra,ishaan.malhotra3805@example.com,2025-02-02 07:24:00,Bengaluru,Silver,Active
CUST03807,Aditya Bose,aditya.bose3806@example.com,2023-09-30 07:02:00,Kochi,Gold,Inactive
CUST03808,Rajesh Nair,rajesh.nair3807@example.com,2026-08-05 16:14:00,Bengaluru,Platinum,Active
CUST03809,Diya Chatterjee,diya.chatterjee3808@example.com,2026-02-09 12:45:00,Chennai,Bronze,Suspended
CUST03810,Vikram Mehta,vikram.mehta3809@example.com,2023-11-30 07:49:00,Nagpur,Gold,Active
CUST03811,Reyansh Kapoor,reyansh.kapoor3810@example.com,2025-03-05 13:14:00,Chandigarh,Bronze,Active
CUST03812,Rohan Singh,rohan.singh3811@example.com,2025-12-20 09:21:00,Pune,Platinum,Inactive
CUST03813,Vihaan Joshi,vihaan.joshi3812@example.com,2026-05-17 02:16:00,Chandigarh,Gold,Active
CUST03814,Pooja Verma,pooja.verma3813@example.com,2024-10-24 22:42:00,Delhi,Silver,Suspended
CUST03815,Karan Reddy,karan.reddy3814@example.com,2026-05-26 14:45:00,Nagpur,Gold,Active
CUST03816,Divya Gupta,divya.gupta3815@example.com,2025-07-28 17:47:00,Lucknow,Silver,Active
CUST03817,Myra Kapoor,myra.kapoor3816@example.com,2024-09-23 17:07:00,Surat,Silver,Suspended
CUST03818,Aarav Bose,aarav.bose3817@example.com,2023-10-09 15:23:00,Kolkata,Platinum,Active
CUST03819,Rajesh Kapoor,rajesh.kapoor3818@example.com,2024-12-14 01:53:00,Kolkata,Platinum,Suspended
CUST03820,Arjun Reddy,arjun.reddy3819@example.com,2024-07-04 00:46:00,Ahmedabad,Gold,Active
CUST03821,Ananya Bose,ananya.bose3820@example.com,2025-12-05 20:55:00,Chandigarh,Bronze,Active
CUST03822,Neha Kapoor,neha.kapoor3821@example.com,2026-03-11 01:22:00,Surat,Platinum,Active
CUST03823,Rohan Agarwal,rohan.agarwal3822@example.com,2024-03-03 07:31:00,Chennai,Platinum,Suspended
CUST03824,Arjun Patel,arjun.patel3823@example.com,2026-01-10 06:57:00,Kolkata,Platinum,Active
CUST03825,Vikram Kapoor,vikram.kapoor3824@example.com,2025-08-10 16:23:00,Mumbai,Platinum,Inactive
CUST03826,Priya Kumar,priya.kumar3825@example.com,2026-03-17 03:17:00,Kolkata,Platinum,Suspended
CUST03827,Reyansh Verma,reyansh.verma3826@example.com,2025-08-11 08:47:00,Kochi,Bronze,Active
CUST03828,Myra Rao,myra.rao3827@example.com,2025-12-19 11:19:00,Lucknow,Bronze,Active
CUST03829,Amit Kapoor,amit.kapoor3828@example.com,2024-11-28 16:58:00,Jaipur,Platinum,Active
CUST03830,Vihaan Sharma,vihaan.sharma3829@example.com,2024-06-10 22:14:00,Bengaluru,Gold,Inactive
CUST03831,Rohan Verma,rohan.verma3830@example.com,2026-04-16 21:02:00,Mumbai,Silver,Active
CUST03832,Priya Shetty,priya.shetty3831@example.com,2023-11-21 08:12:00,Surat,Gold,Inactive
CUST03833,Sneha Gupta,sneha.gupta3832@example.com,2024-11-19 11:54:00,Coimbatore,Gold,Active
CUST03834,Ananya Chatterjee,ananya.chatterjee3833@example.com,2024-02-18 07:06:00,Mumbai,Platinum,Suspended
CUST03835,Rajesh Verma,rajesh.verma3834@example.com,2024-06-09 06:14:00,Coimbatore,Silver,Inactive
CUST03836,Vihaan Kapoor,vihaan.kapoor3835@example.com,2023-10-13 00:00:00,Mumbai,Bronze,Active
CUST03837,Karan Mehta,karan.mehta3836@example.com,2025-09-07 17:08:00,Pune,Platinum,Inactive
CUST03838,Aarav Pillai,aarav.pillai3837@example.com,2026-07-28 23:23:00,Mumbai,Silver,Inactive
CUST03839,Karan Mehta,karan.mehta3838@example.com,2026-02-14 13:11:00,Hyderabad,Bronze,Inactive
CUST03840,Rahul Reddy,rahul.reddy3839@example.com,2024-05-24 20:25:00,Delhi,Silver,Inactive
CUST03841,Ananya Reddy,ananya.reddy3840@example.com,2026-01-02 04:27:00,Lucknow,Silver,Suspended
CUST03842,Reyansh Mehta,reyansh.mehta3841@example.com,2026-08-25 16:16:00,Ahmedabad,Silver,Inactive
CUST03843,Ishaan Desai,ishaan.desai3842@example.com,2024-08-09 13:30:00,Delhi,Gold,Inactive
CUST03844,Ananya Chatterjee,ananya.chatterjee3843@example.com,2023-12-07 15:14:00,Delhi,Platinum,Inactive
CUST03845,Priya Patel,priya.patel3844@example.com,2025-02-17 04:53:00,Kolkata,Platinum,Active
CUST03846,Ishaan Kumar,ishaan.kumar3845@example.com,2024-05-23 23:04:00,Chennai,Gold,Suspended
CUST03847,Sai Iyer,sai.iyer3846@example.com,2025-07-10 11:37:00,Nagpur,Platinum,Active
CUST03848,Vihaan Sharma,vihaan.sharma3847@example.com,2024-10-12 19:04:00,Nagpur,Gold,Active
CUST03849,Meera Desai,meera.desai3848@example.com,2026-05-25 21:41:00,Hyderabad,Gold,Suspended
CUST03850,Kavya Patel,kavya.patel3849@example.com,2026-04-28 20:05:00,Hyderabad,Bronze,Inactive
CUST03851,Reyansh Desai,reyansh.desai3850@example.com,2023-10-09 03:11:00,Chandigarh,Bronze,Active
CUST03852,Diya Desai,diya.desai3851@example.com,2025-02-10 20:26:00,Jaipur,Gold,Active
CUST03853,Ananya Iyer,ananya.iyer3852@example.com,2025-01-30 16:46:00,Chandigarh,Gold,Active
CUST03854,Arjun Mehta,arjun.mehta3853@example.com,2024-06-29 07:30:00,Mumbai,Bronze,Active
CUST03855,Riya Nair,riya.nair3854@example.com,2024-10-18 23:23:00,Chandigarh,Gold,Inactive
CUST03856,Sai Gupta,sai.gupta3855@example.com,2025-12-09 10:48:00,Pune,Platinum,Active
CUST03857,Rohan Shetty,rohan.shetty3856@example.com,2025-10-06 00:50:00,Nagpur,Silver,Suspended
CUST03858,Rajesh Agarwal,rajesh.agarwal3857@example.com,2025-07-06 04:22:00,Ahmedabad,Bronze,Active
CUST03859,Ira Chatterjee,ira.chatterjee3858@example.com,2023-11-20 19:56:00,Pune,Bronze,Suspended
CUST03860,Vivaan Kumar,vivaan.kumar3859@example.com,2025-05-17 09:43:00,Hyderabad,Gold,Active
CUST03861,Aarav Bose,aarav.bose3860@example.com,2024-11-03 13:34:00,Hyderabad,Platinum,Active
CUST03862,Rajesh Verma,rajesh.verma3861@example.com,2026-04-16 21:44:00,Nagpur,Bronze,Suspended
CUST03863,Vihaan Rao,vihaan.rao3862@example.com,2026-07-08 01:13:00,Mumbai,Gold,Active
CUST03864,Vivaan Gupta,vivaan.gupta3863@example.com,2025-01-26 19:27:00,Lucknow,Gold,Suspended
CUST03865,Aadhya Rao,aadhya.rao3864@example.com,2024-06-08 00:58:00,Kochi,Silver,Suspended
CUST03866,Sai Shetty,sai.shetty3865@example.com,2024-08-30 03:59:00,Pune,Platinum,Active
CUST03867,Rajesh Pillai,rajesh.pillai3866@example.com,2024-10-29 16:29:00,Chennai,Bronze,Active
CUST03868,Rahul Chatterjee,rahul.chatterjee3867@example.com,2024-07-03 10:33:00,Bengaluru,Platinum,Inactive
CUST03869,Meera Joshi,meera.joshi3868@example.com,2026-06-18 07:16:00,Chandigarh,Gold,Inactive
CUST03870,Rohan Agarwal,rohan.agarwal3869@example.com,2026-03-08 20:13:00,Ahmedabad,Gold,Active
CUST03871,Vikram Reddy,vikram.reddy3870@example.com,2025-12-31 10:11:00,Coimbatore,Platinum,Active
CUST03872,Amit Desai,amit.desai3871@example.com,2026-08-15 22:48:00,Bengaluru,Platinum,Active
CUST03873,Aditya Chatterjee,aditya.chatterjee3872@example.com,2026-05-30 07:04:00,Coimbatore,Bronze,Suspended
CUST03874,Riya Kumar,riya.kumar3873@example.com,2025-07-31 12:36:00,Coimbatore,Bronze,Suspended
CUST03875,Aditya Chatterjee,aditya.chatterjee3874@example.com,2024-06-28 04:55:00,Jaipur,Bronze,Active
CUST03876,Vihaan Chatterjee,vihaan.chatterjee3875@example.com,2026-07-27 11:51:00,Indore,Bronze,Inactive
CUST03877,Rohan Chatterjee,rohan.chatterjee3876@example.com,2024-03-01 21:40:00,Jaipur,Platinum,Inactive
CUST03878,Anika Nair,anika.nair3877@example.com,2025-07-12 20:49:00,Lucknow,Platinum,Active
CUST03879,Krishna Kumar,krishna.kumar3878@example.com,2025-06-30 15:03:00,Coimbatore,Platinum,Active
CUST03880,Sneha Shetty,sneha.shetty3879@example.com,2024-10-23 12:57:00,Mumbai,Gold,Active
CUST03881,Ishaan Joshi,ishaan.joshi3880@example.com,2024-04-23 07:25:00,Chennai,Platinum,Active
CUST03882,Saanvi Singh,saanvi.singh3881@example.com,2025-09-10 10:24:00,Kolkata,Gold,Active
CUST03883,Amit Agarwal,amit.agarwal3882@example.com,2026-02-10 08:20:00,Delhi,Gold,Active
CUST03884,Pooja Agarwal,pooja.agarwal3883@example.com,2024-01-01 10:12:00,Kochi,Gold,Active
CUST03885,Myra Bose,myra.bose3884@example.com,2025-12-02 04:47:00,Delhi,Platinum,Active
CUST03886,Aarav Gupta,aarav.gupta3885@example.com,2023-10-12 15:42:00,Lucknow,Gold,Suspended
CUST03887,Anika Patel,anika.patel3886@example.com,2026-06-30 20:45:00,Nagpur,Platinum,Active
CUST03888,Diya Bose,diya.bose3887@example.com,2025-01-06 07:00:00,Delhi,Silver,Active
CUST03889,Myra Singh,myra.singh3888@example.com,2023-10-06 09:11:00,Chandigarh,Platinum,Active
CUST03890,Rohan Joshi,rohan.joshi3889@example.com,2025-08-19 13:41:00,Ahmedabad,Silver,Suspended
CUST03891,Meera Pillai,meera.pillai3890@example.com,2025-05-22 08:05:00,Jaipur,Silver,Active
CUST03892,Arjun Kapoor,arjun.kapoor3891@example.com,2023-10-04 19:34:00,Surat,Platinum,Active
CUST03893,Vihaan Rao,vihaan.rao3892@example.com,2026-06-18 17:46:00,Coimbatore,Silver,Active
CUST03894,Vikram Patel,vikram.patel3893@example.com,2024-08-15 04:14:00,Nagpur,Gold,Active
CUST03895,Ananya Desai,ananya.desai3894@example.com,2026-01-09 22:54:00,Surat,Gold,Active
CUST03896,Rahul Gupta,rahul.gupta3895@example.com,2024-08-23 09:16:00,Chennai,Gold,Inactive
CUST03897,Pooja Mehta,pooja.mehta3896@example.com,2026-08-15 04:08:00,Surat,Bronze,Active
CUST03898,Ira Chatterjee,ira.chatterjee3897@example.com,2026-06-15 07:37:00,Pune,Silver,Inactive
CUST03899,Saanvi Pillai,saanvi.pillai3898@example.com,2026-05-11 14:42:00,Ahmedabad,Bronze,Suspended
CUST03900,Aadhya Nair,aadhya.nair3899@example.com,2025-09-13 23:15:00,Chandigarh,Gold,Active
CUST03901,Meera Nair,meera.nair3900@example.com,2024-03-07 15:23:00,Nagpur,Platinum,Active
CUST03902,Ira Singh,ira.singh3901@example.com,2025-10-16 11:12:00,Bengaluru,Gold,Active
CUST03903,Anika Rao,anika.rao3902@example.com,2024-05-12 04:24:00,Indore,Platinum,Suspended
CUST03904,Aditya Agarwal,aditya.agarwal3903@example.com,2024-08-12 02:42:00,Ahmedabad,Bronze,Suspended
CUST03905,Reyansh Pillai,reyansh.pillai3904@example.com,2024-02-29 21:04:00,Bengaluru,Platinum,Active
CUST03906,Aadhya Malhotra,aadhya.malhotra3905@example.com,2023-10-17 14:51:00,Chennai,Platinum,Active
CUST03907,Riya Agarwal,riya.agarwal3906@example.com,2024-09-01 05:36:00,Nagpur,Silver,Active
CUST03908,Ira Nair,ira.nair3907@example.com,2025-04-30 19:39:00,Delhi,Platinum,Suspended
CUST03909,Sai Gupta,sai.gupta3908@example.com,2026-02-22 14:59:00,Lucknow,Bronze,Inactive
CUST03910,Neha Pillai,neha.pillai3909@example.com,2023-12-01 14:24:00,Bengaluru,Silver,Active
CUST03911,Vikram Bose,vikram.bose3910@example.com,2025-08-18 18:04:00,Chennai,Silver,Inactive
CUST03912,Vihaan Pillai,vihaan.pillai3911@example.com,2025-08-27 20:49:00,Indore,Platinum,Active
CUST03913,Meera Chatterjee,meera.chatterjee3912@example.com,2025-06-21 14:11:00,Coimbatore,Platinum,Inactive
CUST03914,Ananya Desai,ananya.desai3913@example.com,2025-12-05 10:35:00,Kochi,Bronze,Suspended
CUST03915,Vihaan Chatterjee,vihaan.chatterjee3914@example.com,2026-05-31 10:21:00,Bengaluru,Platinum,Active
CUST03916,Sai Mehta,sai.mehta3915@example.com,2026-08-04 06:30:00,Kolkata,Platinum,Active
CUST03917,Saanvi Gupta,saanvi.gupta3916@example.com,2025-11-07 11:20:00,Nagpur,Platinum,Suspended
CUST03918,Meera Patel,meera.patel3917@example.com,2026-01-22 09:12:00,Nagpur,Platinum,Suspended
CUST03919,Priya Shetty,priya.shetty3918@example.com,2024-05-18 23:19:00,Mumbai,Gold,Active
CUST03920,Karan Rao,karan.rao3919@example.com,2024-03-29 18:13:00,Chandigarh,Platinum,Active
CUST03921,Ananya Bose,ananya.bose3920@example.com,2025-07-05 14:25:00,Mumbai,Bronze,Inactive
CUST03922,Rahul Verma,rahul.verma3921@example.com,2025-06-10 07:22:00,Nagpur,Silver,Active
CUST03923,Aditya Reddy,aditya.reddy3922@example.com,2025-06-26 13:18:00,Ahmedabad,Platinum,Suspended
CUST03924,Vikram Kumar,vikram.kumar3923@example.com,2024-09-10 03:45:00,Mumbai,Silver,Active
CUST03925,Rajesh Pillai,rajesh.pillai3924@example.com,2023-10-21 19:18:00,Nagpur,Platinum,Inactive
CUST03926,Rajesh Sharma,rajesh.sharma3925@example.com,2026-08-16 14:08:00,Nagpur,Silver,Inactive
CUST03927,Karan Kumar,karan.kumar3926@example.com,2026-09-14 12:34:00,Ahmedabad,Platinum,Suspended
CUST03928,Priya Kumar,priya.kumar3927@example.com,2026-01-22 19:03:00,Surat,Platinum,Suspended
CUST03929,Myra Desai,myra.desai3928@example.com,2024-04-14 13:59:00,Bengaluru,Silver,Inactive
CUST03930,Rohan Rao,rohan.rao3929@example.com,2025-11-23 11:23:00,Indore,Platinum,Inactive
CUST03931,Meera Pillai,meera.pillai3930@example.com,2024-09-16 06:17:00,Mumbai,Bronze,Active
CUST03932,Myra Reddy,myra.reddy3931@example.com,2025-11-24 10:18:00,Chennai,Bronze,Inactive
CUST03933,Reyansh Agarwal,reyansh.agarwal3932@example.com,2025-03-25 21:10:00,Delhi,Bronze,Inactive
CUST03934,Rohan Pillai,rohan.pillai3933@example.com,2024-07-29 05:36:00,Surat,Platinum,Active
CUST03935,Pooja Mehta,pooja.mehta3934@example.com,2024-10-15 10:20:00,Jaipur,Silver,Active
CUST03936,Divya Malhotra,divya.malhotra3935@example.com,2026-04-24 18:00:00,Bengaluru,Gold,Suspended
CUST03937,Amit Joshi,amit.joshi3936@example.com,2024-01-08 10:54:00,Hyderabad,Bronze,Inactive
CUST03938,Aditya Pillai,aditya.pillai3937@example.com,2025-11-26 17:09:00,Bengaluru,Silver,Active
CUST03939,Aarav Shetty,aarav.shetty3938@example.com,2023-10-04 13:24:00,Kolkata,Platinum,Active
CUST03940,Kavya Rao,kavya.rao3939@example.com,2024-10-31 20:44:00,Mumbai,Silver,Active
CUST03941,Sneha Kumar,sneha.kumar3940@example.com,2025-08-23 15:35:00,Hyderabad,Silver,Active
CUST03942,Sneha Mehta,sneha.mehta3941@example.com,2025-11-19 16:23:00,Pune,Bronze,Inactive
CUST03943,Vivaan Joshi,vivaan.joshi3942@example.com,2024-12-23 07:43:00,Mumbai,Platinum,Active
CUST03944,Rajesh Desai,rajesh.desai3943@example.com,2026-06-29 23:07:00,Ahmedabad,Silver,Inactive
CUST03945,Vivaan Sharma,vivaan.sharma3944@example.com,2025-10-19 08:12:00,Bengaluru,Gold,Active
CUST03946,Amit Desai,amit.desai3945@example.com,2025-06-20 00:00:00,Chennai,Silver,Active
CUST03947,Vikram Joshi,vikram.joshi3946@example.com,2023-11-03 10:22:00,Indore,Silver,Active
CUST03948,Vihaan Mehta,vihaan.mehta3947@example.com,2024-07-12 11:56:00,Chennai,Silver,Active
CUST03949,Sneha Sharma,sneha.sharma3948@example.com,2026-05-31 20:07:00,Bengaluru,Silver,Active
CUST03950,Krishna Malhotra,krishna.malhotra3949@example.com,2024-07-20 07:48:00,Jaipur,Silver,Suspended
CUST03951,Amit Pillai,amit.pillai3950@example.com,2026-04-20 21:18:00,Chandigarh,Bronze,Inactive
CUST03952,Saanvi Agarwal,saanvi.agarwal3951@example.com,2025-08-21 04:39:00,Pune,Silver,Suspended
CUST03953,Amit Rao,amit.rao3952@example.com,2026-07-30 22:56:00,Kolkata,Silver,Suspended
CUST03954,Saanvi Rao,saanvi.rao3953@example.com,2024-08-13 07:57:00,Kochi,Silver,Inactive
CUST03955,Aadhya Desai,aadhya.desai3954@example.com,2025-02-26 21:42:00,Indore,Gold,Active
CUST03956,Reyansh Singh,reyansh.singh3955@example.com,2026-04-24 00:40:00,Kochi,Gold,Active
CUST03957,Anika Kumar,anika.kumar3956@example.com,2026-06-01 09:34:00,Indore,Platinum,Active
CUST03958,Reyansh Desai,reyansh.desai3957@example.com,2025-09-23 03:27:00,Ahmedabad,Bronze,Suspended
CUST03959,Saanvi Joshi,saanvi.joshi3958@example.com,2025-08-15 05:32:00,Hyderabad,Platinum,Inactive
CUST03960,Vikram Malhotra,vikram.malhotra3959@example.com,2024-05-31 03:51:00,Pune,Bronze,Active
CUST03961,Arjun Mehta,arjun.mehta3960@example.com,2026-06-09 00:37:00,Nagpur,Platinum,Active
CUST03962,Sneha Kumar,sneha.kumar3961@example.com,2025-06-26 03:43:00,Mumbai,Gold,Active
CUST03963,Arjun Sharma,arjun.sharma3962@example.com,2025-03-16 23:03:00,Mumbai,Silver,Inactive
CUST03964,Aditya Sharma,aditya.sharma3963@example.com,2023-12-11 09:32:00,Surat,Bronze,Suspended
CUST03965,Arjun Bose,arjun.bose3964@example.com,2025-02-21 11:50:00,Mumbai,Platinum,Active
CUST03966,Priya Malhotra,priya.malhotra3965@example.com,2026-05-24 01:32:00,Chennai,Gold,Active
CUST03967,Arjun Gupta,arjun.gupta3966@example.com,2025-12-08 00:35:00,Kochi,Silver,Inactive
CUST03968,Arjun Malhotra,arjun.malhotra3967@example.com,2024-05-30 02:52:00,Indore,Silver,Inactive
CUST03969,Sneha Chatterjee,sneha.chatterjee3968@example.com,2025-12-14 12:59:00,Coimbatore,Gold,Active
CUST03970,Rajesh Shetty,rajesh.shetty3969@example.com,2026-03-16 00:05:00,Lucknow,Platinum,Active
CUST03971,Divya Malhotra,divya.malhotra3970@example.com,2023-12-18 00:20:00,Chandigarh,Platinum,Active
CUST03972,Meera Singh,meera.singh3971@example.com,2024-01-23 11:01:00,Jaipur,Gold,Active
CUST03973,Myra Kapoor,myra.kapoor3972@example.com,2026-06-15 18:24:00,Jaipur,Silver,Active
CUST03974,Aadhya Desai,aadhya.desai3973@example.com,2026-05-07 15:59:00,Chennai,Gold,Suspended
CUST03975,Vikram Chatterjee,vikram.chatterjee3974@example.com,2024-06-29 07:17:00,Mumbai,Bronze,Active
CUST03976,Saanvi Joshi,saanvi.joshi3975@example.com,2023-09-24 15:56:00,Chandigarh,Silver,Inactive
CUST03977,Krishna Singh,krishna.singh3976@example.com,2025-08-17 17:48:00,Lucknow,Gold,Inactive
CUST03978,Aadhya Shetty,aadhya.shetty3977@example.com,2024-03-05 16:55:00,Lucknow,Silver,Active
CUST03979,Aarav Pillai,aarav.pillai3978@example.com,2025-12-23 13:38:00,Lucknow,Platinum,Active
CUST03980,Anika Nair,anika.nair3979@example.com,2025-10-05 17:38:00,Chandigarh,Bronze,Inactive
CUST03981,Amit Kapoor,amit.kapoor3980@example.com,2024-06-21 20:31:00,Ahmedabad,Bronze,Active
CUST03982,Ishaan Malhotra,ishaan.malhotra3981@example.com,2026-04-11 10:00:00,Delhi,Platinum,Suspended
CUST03983,Divya Desai,divya.desai3982@example.com,2025-07-28 18:17:00,Hyderabad,Gold,Inactive
CUST03984,Riya Joshi,riya.joshi3983@example.com,2026-02-24 21:22:00,Bengaluru,Gold,Suspended
CUST03985,Vivaan Verma,vivaan.verma3984@example.com,2025-10-21 23:36:00,Hyderabad,Gold,Active
CUST03986,Riya Bose,riya.bose3985@example.com,2026-02-02 16:12:00,Nagpur,Gold,Inactive
CUST03987,Amit Joshi,amit.joshi3986@example.com,2024-05-09 16:08:00,Indore,Platinum,Suspended
CUST03988,Vihaan Pillai,vihaan.pillai3987@example.com,2023-11-04 02:40:00,Indore,Gold,Suspended
CUST03989,Anika Gupta,anika.gupta3988@example.com,2025-12-23 09:29:00,Kolkata,Silver,Suspended
CUST03990,Arjun Kapoor,arjun.kapoor3989@example.com,2024-10-14 11:53:00,Lucknow,Bronze,Suspended
CUST03991,Sneha Iyer,sneha.iyer3990@example.com,2025-08-27 17:32:00,Lucknow,Bronze,Inactive
CUST03992,Myra Kapoor,myra.kapoor3991@example.com,2026-04-21 02:26:00,Chandigarh,Bronze,Active
CUST03993,Aditya Kapoor,aditya.kapoor3992@example.com,2025-01-21 14:44:00,Nagpur,Gold,Active
CUST03994,Rajesh Shetty,rajesh.shetty3993@example.com,2026-06-12 00:50:00,Nagpur,Silver,Suspended
CUST03995,Aditya Nair,aditya.nair3994@example.com,2024-11-28 22:51:00,Pune,Gold,Active
CUST03996,Anika Gupta,anika.gupta3995@example.com,2024-07-02 14:28:00,Pune,Gold,Suspended
CUST03997,Priya Desai,priya.desai3996@example.com,2026-06-24 20:33:00,Indore,Gold,Inactive
CUST03998,Pooja Pillai,pooja.pillai3997@example.com,2025-03-05 14:57:00,Chennai,Silver,Active
CUST03999,Rohan Shetty,rohan.shetty3998@example.com,2025-05-24 09:47:00,Hyderabad,Bronze,Active
CUST04000,Vivaan Agarwal,vivaan.agarwal3999@example.com,2025-04-26 20:35:00,Coimbatore,Gold,Suspended
CUST04001,Ira Sharma,ira.sharma4000@example.com,2024-01-31 06:54:00,Coimbatore,Silver,Inactive
CUST04002,Anika Chatterjee,anika.chatterjee4001@example.com,2025-12-04 09:13:00,Mumbai,Platinum,Inactive
CUST04003,Kavya Bose,kavya.bose4002@example.com,2023-12-02 02:28:00,Chandigarh,Platinum,Suspended
CUST04004,Riya Agarwal,riya.agarwal4003@example.com,2025-10-07 18:56:00,Surat,Gold,Active
CUST04005,Aadhya Joshi,aadhya.joshi4004@example.com,2026-08-23 18:20:00,Nagpur,Silver,Active
CUST04006,Pooja Mehta,pooja.mehta4005@example.com,2026-03-16 08:03:00,Bengaluru,Gold,Active
CUST04007,Rohan Singh,rohan.singh4006@example.com,2025-09-12 20:20:00,Ahmedabad,Gold,Inactive
CUST04008,Vivaan Shetty,vivaan.shetty4007@example.com,2025-08-20 15:27:00,Surat,Bronze,Active
CUST04009,Neha Mehta,neha.mehta4008@example.com,2024-05-14 18:24:00,Hyderabad,Platinum,Active
CUST04010,Neha Pillai,neha.pillai4009@example.com,2024-10-24 00:07:00,Surat,Platinum,Inactive
CUST04011,Ishaan Verma,ishaan.verma4010@example.com,2023-12-19 00:17:00,Chennai,Platinum,Active
CUST04012,Rahul Bose,rahul.bose4011@example.com,2024-04-07 16:12:00,Lucknow,Platinum,Active
CUST04013,Riya Singh,riya.singh4012@example.com,2024-05-01 16:05:00,Surat,Bronze,Inactive
CUST04014,Riya Verma,riya.verma4013@example.com,2025-05-11 20:06:00,Bengaluru,Silver,Active
CUST04015,Priya Mehta,priya.mehta4014@example.com,2023-10-31 18:26:00,Kochi,Bronze,Active
CUST04016,Pooja Shetty,pooja.shetty4015@example.com,2024-12-07 10:59:00,Bengaluru,Silver,Inactive
CUST04017,Aarav Mehta,aarav.mehta4016@example.com,2024-10-27 16:24:00,Lucknow,Silver,Inactive
CUST04018,Anika Gupta,anika.gupta4017@example.com,2024-03-14 00:59:00,Kochi,Silver,Inactive
CUST04019,Arjun Kapoor,arjun.kapoor4018@example.com,2023-12-16 01:23:00,Chennai,Bronze,Inactive
CUST04020,Aditya Iyer,aditya.iyer4019@example.com,2024-04-26 11:17:00,Surat,Silver,Active
CUST04021,Ishaan Kumar,ishaan.kumar4020@example.com,2026-01-20 09:30:00,Nagpur,Bronze,Suspended
CUST04022,Meera Iyer,meera.iyer4021@example.com,2026-05-18 11:05:00,Bengaluru,Platinum,Inactive
CUST04023,Ishaan Iyer,ishaan.iyer4022@example.com,2023-12-09 16:03:00,Chennai,Bronze,Active
CUST04024,Aarav Patel,aarav.patel4023@example.com,2024-06-13 07:11:00,Kolkata,Bronze,Active
CUST04025,Meera Singh,meera.singh4024@example.com,2025-11-24 23:37:00,Indore,Gold,Suspended
CUST04026,Divya Pillai,divya.pillai4025@example.com,2026-09-16 11:26:00,Delhi,Platinum,Inactive
CUST04027,Neha Kumar,neha.kumar4026@example.com,2025-11-30 21:18:00,Indore,Platinum,Inactive
CUST04028,Priya Chatterjee,priya.chatterjee4027@example.com,2025-10-05 18:46:00,Indore,Silver,Inactive
CUST04029,Diya Singh,diya.singh4028@example.com,2024-10-05 13:17:00,Bengaluru,Silver,Suspended
CUST04030,Ishaan Nair,ishaan.nair4029@example.com,2025-10-29 21:35:00,Delhi,Platinum,Active
CUST04031,Anika Singh,anika.singh4030@example.com,2024-09-01 23:11:00,Indore,Platinum,Suspended
CUST04032,Pooja Kapoor,pooja.kapoor4031@example.com,2024-11-03 06:32:00,Kolkata,Silver,Active
CUST04033,Sneha Verma,sneha.verma4032@example.com,2026-02-18 02:44:00,Bengaluru,Platinum,Inactive
CUST04034,Ananya Gupta,ananya.gupta4033@example.com,2024-06-13 05:51:00,Delhi,Silver,Active
CUST04035,Arjun Shetty,arjun.shetty4034@example.com,2026-04-24 07:19:00,Kochi,Bronze,Active
CUST04036,Divya Kumar,divya.kumar4035@example.com,2025-09-29 21:24:00,Ahmedabad,Gold,Active
CUST04037,Vikram Bose,vikram.bose4036@example.com,2025-12-10 13:24:00,Delhi,Silver,Active
CUST04038,Karan Malhotra,karan.malhotra4037@example.com,2024-06-28 09:12:00,Surat,Gold,Active
CUST04039,Karan Rao,karan.rao4038@example.com,2026-07-02 06:23:00,Coimbatore,Gold,Inactive
CUST04040,Krishna Chatterjee,krishna.chatterjee4039@example.com,2023-09-22 02:43:00,Hyderabad,Platinum,Active
CUST04041,Neha Singh,neha.singh4040@example.com,2025-05-27 10:21:00,Chandigarh,Silver,Active
CUST04042,Reyansh Pillai,reyansh.pillai4041@example.com,2025-02-06 06:05:00,Surat,Bronze,Active
CUST04043,Neha Joshi,neha.joshi4042@example.com,2026-08-18 18:52:00,Mumbai,Platinum,Active
CUST04044,Vivaan Iyer,vivaan.iyer4043@example.com,2026-07-05 13:09:00,Indore,Platinum,Active
CUST04045,Karan Patel,karan.patel4044@example.com,2026-07-13 04:16:00,Kochi,Gold,Active
CUST04046,Vivaan Singh,vivaan.singh4045@example.com,2025-06-07 02:07:00,Mumbai,Gold,Active
CUST04047,Myra Rao,myra.rao4046@example.com,2024-04-16 00:22:00,Indore,Bronze,Active
CUST04048,Anika Mehta,anika.mehta4047@example.com,2025-04-25 07:42:00,Chennai,Platinum,Inactive
CUST04049,Anika Desai,anika.desai4048@example.com,2025-12-28 14:04:00,Pune,Bronze,Inactive
CUST04050,Krishna Rao,krishna.rao4049@example.com,2024-10-29 00:21:00,Jaipur,Silver,Active
CUST04051,Priya Rao,priya.rao4050@example.com,2023-11-07 06:20:00,Lucknow,Silver,Suspended
CUST04052,Anika Iyer,anika.iyer4051@example.com,2026-05-08 03:55:00,Delhi,Silver,Active
CUST04053,Arjun Kapoor,arjun.kapoor4052@example.com,2025-02-17 12:32:00,Kolkata,Bronze,Suspended
CUST04054,Sneha Malhotra,sneha.malhotra4053@example.com,2023-11-16 09:09:00,Ahmedabad,Platinum,Active
CUST04055,Aarav Mehta,aarav.mehta4054@example.com,2026-07-09 01:19:00,Chandigarh,Bronze,Suspended
CUST04056,Divya Chatterjee,divya.chatterjee4055@example.com,2024-03-31 21:38:00,Lucknow,Bronze,Suspended
CUST04057,Saanvi Agarwal,saanvi.agarwal4056@example.com,2025-09-19 16:03:00,Kochi,Gold,Inactive
CUST04058,Kavya Verma,kavya.verma4057@example.com,2024-06-20 09:36:00,Jaipur,Bronze,Active
CUST04059,Vihaan Desai,vihaan.desai4058@example.com,2024-01-16 17:26:00,Mumbai,Bronze,Active
CUST04060,Rahul Joshi,rahul.joshi4059@example.com,2025-09-03 23:01:00,Nagpur,Silver,Suspended
CUST04061,Sneha Malhotra,sneha.malhotra4060@example.com,2024-03-09 15:36:00,Jaipur,Platinum,Active
CUST04062,Meera Iyer,meera.iyer4061@example.com,2026-04-14 04:56:00,Indore,Gold,Active
CUST04063,Ananya Iyer,ananya.iyer4062@example.com,2024-02-19 08:21:00,Kolkata,Gold,Active
CUST04064,Ishaan Patel,ishaan.patel4063@example.com,2023-09-27 08:36:00,Hyderabad,Bronze,Active
CUST04065,Ishaan Pillai,ishaan.pillai4064@example.com,2025-11-17 04:24:00,Chandigarh,Silver,Inactive
CUST04066,Saanvi Chatterjee,saanvi.chatterjee4065@example.com,2024-04-10 07:29:00,Kochi,Bronze,Active
CUST04067,Karan Nair,karan.nair4066@example.com,2025-11-09 19:40:00,Mumbai,Silver,Active
CUST04068,Neha Pillai,neha.pillai4067@example.com,2023-10-29 05:48:00,Chandigarh,Silver,Suspended
CUST04069,Karan Reddy,karan.reddy4068@example.com,2023-12-14 00:58:00,Kochi,Bronze,Active
CUST04070,Kavya Agarwal,kavya.agarwal4069@example.com,2023-09-27 13:17:00,Hyderabad,Bronze,Inactive
CUST04071,Priya Singh,priya.singh4070@example.com,2023-10-13 23:35:00,Delhi,Platinum,Suspended
CUST04072,Ananya Desai,ananya.desai4071@example.com,2025-09-04 02:20:00,Nagpur,Gold,Active
CUST04073,Aarav Sharma,aarav.sharma4072@example.com,2025-05-22 12:57:00,Surat,Gold,Active
CUST04074,Vikram Gupta,vikram.gupta4073@example.com,2025-03-18 23:18:00,Lucknow,Gold,Active
CUST04075,Aarav Malhotra,aarav.malhotra4074@example.com,2024-09-12 11:36:00,Nagpur,Gold,Suspended
CUST04076,Vihaan Kapoor,vihaan.kapoor4075@example.com,2024-11-10 02:31:00,Kolkata,Bronze,Active
CUST04077,Vihaan Chatterjee,vihaan.chatterjee4076@example.com,2026-07-04 23:17:00,Surat,Platinum,Active
CUST04078,Diya Nair,diya.nair4077@example.com,2026-01-08 18:43:00,Chandigarh,Gold,Suspended
CUST04079,Neha Mehta,neha.mehta4078@example.com,2025-09-25 00:39:00,Nagpur,Platinum,Active
CUST04080,Ishaan Reddy,ishaan.reddy4079@example.com,2024-08-14 15:44:00,Hyderabad,Silver,Inactive
CUST04081,Vivaan Sharma,vivaan.sharma4080@example.com,2025-09-12 07:35:00,Ahmedabad,Bronze,Suspended
CUST04082,Meera Gupta,meera.gupta4081@example.com,2024-02-20 05:35:00,Kolkata,Bronze,Active
CUST04083,Vivaan Shetty,vivaan.shetty4082@example.com,2025-08-15 19:38:00,Chandigarh,Gold,Active
CUST04084,Priya Reddy,priya.reddy4083@example.com,2025-01-26 18:20:00,Coimbatore,Platinum,Suspended
CUST04085,Meera Patel,meera.patel4084@example.com,2025-05-03 03:52:00,Jaipur,Platinum,Active
CUST04086,Amit Patel,amit.patel4085@example.com,2023-09-26 00:24:00,Kochi,Silver,Active
CUST04087,Aditya Shetty,aditya.shetty4086@example.com,2025-03-18 11:07:00,Nagpur,Platinum,Inactive
CUST04088,Arjun Rao,arjun.rao4087@example.com,2025-06-22 17:26:00,Bengaluru,Gold,Suspended
CUST04089,Priya Pillai,priya.pillai4088@example.com,2026-02-21 13:35:00,Indore,Bronze,Inactive
CUST04090,Pooja Singh,pooja.singh4089@example.com,2025-10-19 15:55:00,Kochi,Bronze,Active
CUST04091,Rajesh Patel,rajesh.patel4090@example.com,2024-11-18 18:26:00,Mumbai,Gold,Suspended
CUST04092,Amit Singh,amit.singh4091@example.com,2024-10-29 00:01:00,Pune,Silver,Active
CUST04093,Ishaan Mehta,ishaan.mehta4092@example.com,2024-01-05 18:02:00,Ahmedabad,Platinum,Active
CUST04094,Myra Gupta,myra.gupta4093@example.com,2024-10-17 11:50:00,Coimbatore,Platinum,Active
CUST04095,Rahul Chatterjee,rahul.chatterjee4094@example.com,2025-10-04 11:23:00,Coimbatore,Gold,Inactive
CUST04096,Divya Iyer,divya.iyer4095@example.com,2025-06-24 01:46:00,Delhi,Gold,Active
CUST04097,Karan Malhotra,karan.malhotra4096@example.com,2024-10-17 07:22:00,Jaipur,Silver,Inactive
CUST04098,Amit Agarwal,amit.agarwal4097@example.com,2024-08-24 20:46:00,Ahmedabad,Bronze,Active
CUST04099,Ishaan Singh,ishaan.singh4098@example.com,2023-11-22 20:25:00,Bengaluru,Silver,Active
CUST04100,Karan Gupta,karan.gupta4099@example.com,2024-07-11 12:37:00,Hyderabad,Platinum,Active
CUST04101,Ishaan Verma,ishaan.verma4100@example.com,2026-07-30 03:29:00,Pune,Bronze,Active
CUST04102,Saanvi Rao,saanvi.rao4101@example.com,2023-10-24 15:36:00,Pune,Platinum,Active
CUST04103,Ananya Verma,ananya.verma4102@example.com,2024-11-25 23:21:00,Bengaluru,Gold,Active
CUST04104,Ishaan Iyer,ishaan.iyer4103@example.com,2024-12-03 08:11:00,Indore,Gold,Inactive
CUST04105,Sai Chatterjee,sai.chatterjee4104@example.com,2025-02-09 15:46:00,Surat,Silver,Active
CUST04106,Aditya Bose,aditya.bose4105@example.com,2026-09-05 17:41:00,Coimbatore,Silver,Active
CUST04107,Divya Reddy,divya.reddy4106@example.com,2026-01-18 02:03:00,Ahmedabad,Bronze,Active
CUST04108,Meera Rao,meera.rao4107@example.com,2023-11-06 05:56:00,Kolkata,Gold,Active
CUST04109,Sai Bose,sai.bose4108@example.com,2026-02-01 08:22:00,Kolkata,Platinum,Active
CUST04110,Vihaan Kumar,vihaan.kumar4109@example.com,2024-01-03 18:57:00,Chennai,Silver,Active
CUST04111,Ira Malhotra,ira.malhotra4110@example.com,2025-08-09 07:07:00,Coimbatore,Silver,Active
CUST04112,Reyansh Shetty,reyansh.shetty4111@example.com,2024-11-06 05:45:00,Kolkata,Silver,Active
CUST04113,Rahul Patel,rahul.patel4112@example.com,2025-03-18 22:55:00,Chennai,Platinum,Inactive
CUST04114,Divya Chatterjee,divya.chatterjee4113@example.com,2024-09-05 17:35:00,Kolkata,Bronze,Active
CUST04115,Amit Iyer,amit.iyer4114@example.com,2024-12-30 21:40:00,Nagpur,Platinum,Suspended
CUST04116,Vihaan Verma,vihaan.verma4115@example.com,2025-01-27 09:54:00,Lucknow,Bronze,Active
CUST04117,Aditya Gupta,aditya.gupta4116@example.com,2024-11-20 13:48:00,Jaipur,Bronze,Suspended
CUST04118,Riya Iyer,riya.iyer4117@example.com,2026-02-13 17:14:00,Mumbai,Gold,Inactive
CUST04119,Karan Chatterjee,karan.chatterjee4118@example.com,2025-09-30 12:21:00,Pune,Gold,Suspended
CUST04120,Aarav Bose,aarav.bose4119@example.com,2025-07-08 10:30:00,Chennai,Platinum,Inactive
CUST04121,Arjun Sharma,arjun.sharma4120@example.com,2023-10-12 20:45:00,Chandigarh,Silver,Active
CUST04122,Divya Verma,divya.verma4121@example.com,2024-05-01 09:06:00,Ahmedabad,Silver,Active
CUST04123,Priya Rao,priya.rao4122@example.com,2024-12-10 22:59:00,Pune,Silver,Active
CUST04124,Ishaan Kumar,ishaan.kumar4123@example.com,2025-03-25 19:16:00,Nagpur,Platinum,Inactive
CUST04125,Amit Agarwal,amit.agarwal4124@example.com,2026-02-09 14:11:00,Kochi,Platinum,Inactive
CUST04126,Rajesh Rao,rajesh.rao4125@example.com,2026-03-26 22:11:00,Nagpur,Bronze,Active
CUST04127,Riya Sharma,riya.sharma4126@example.com,2024-09-26 18:31:00,Pune,Gold,Inactive
CUST04128,Kavya Bose,kavya.bose4127@example.com,2024-07-28 04:27:00,Jaipur,Gold,Active
CUST04129,Anika Malhotra,anika.malhotra4128@example.com,2026-01-14 01:23:00,Pune,Bronze,Inactive
CUST04130,Saanvi Gupta,saanvi.gupta4129@example.com,2023-10-14 08:25:00,Kochi,Platinum,Inactive
CUST04131,Ira Nair,ira.nair4130@example.com,2026-05-20 04:14:00,Coimbatore,Bronze,Active
CUST04132,Aarav Rao,aarav.rao4131@example.com,2025-12-25 09:00:00,Ahmedabad,Bronze,Active
CUST04133,Amit Bose,amit.bose4132@example.com,2025-03-13 12:52:00,Pune,Gold,Active
CUST04134,Vihaan Pillai,vihaan.pillai4133@example.com,2025-05-27 07:27:00,Ahmedabad,Bronze,Active
CUST04135,Ira Joshi,ira.joshi4134@example.com,2024-10-07 11:50:00,Chandigarh,Bronze,Inactive
CUST04136,Ananya Mehta,ananya.mehta4135@example.com,2025-12-14 13:25:00,Chennai,Platinum,Active
CUST04137,Saanvi Verma,saanvi.verma4136@example.com,2024-04-27 10:57:00,Mumbai,Platinum,Suspended
CUST04138,Rahul Gupta,rahul.gupta4137@example.com,2024-11-25 05:28:00,Chennai,Platinum,Suspended
CUST04139,Diya Desai,diya.desai4138@example.com,2024-05-23 09:26:00,Ahmedabad,Silver,Inactive
CUST04140,Sneha Agarwal,sneha.agarwal4139@example.com,2024-03-29 15:41:00,Pune,Bronze,Active
CUST04141,Aditya Chatterjee,aditya.chatterjee4140@example.com,2025-10-12 19:29:00,Bengaluru,Silver,Active
CUST04142,Karan Mehta,karan.mehta4141@example.com,2024-10-29 07:39:00,Hyderabad,Gold,Active
CUST04143,Rahul Reddy,rahul.reddy4142@example.com,2025-02-25 06:20:00,Jaipur,Bronze,Suspended
CUST04144,Sai Desai,sai.desai4143@example.com,2024-10-25 00:23:00,Bengaluru,Silver,Active
CUST04145,Vivaan Rao,vivaan.rao4144@example.com,2024-05-09 12:10:00,Delhi,Bronze,Active
CUST04146,Priya Reddy,priya.reddy4145@example.com,2024-12-10 01:07:00,Surat,Bronze,Suspended
CUST04147,Rohan Rao,rohan.rao4146@example.com,2025-02-08 18:28:00,Kolkata,Silver,Active
CUST04148,Rajesh Patel,rajesh.patel4147@example.com,2025-12-31 14:21:00,Ahmedabad,Gold,Active
CUST04149,Rahul Joshi,rahul.joshi4148@example.com,2026-01-20 21:09:00,Pune,Silver,Active
CUST04150,Anika Gupta,anika.gupta4149@example.com,2024-04-27 13:59:00,Jaipur,Silver,Active
CUST04151,Rajesh Chatterjee,rajesh.chatterjee4150@example.com,2025-12-16 23:04:00,Lucknow,Silver,Active
CUST04152,Neha Reddy,neha.reddy4151@example.com,2026-07-02 22:51:00,Chennai,Silver,Active
CUST04153,Arjun Verma,arjun.verma4152@example.com,2024-12-31 12:20:00,Kolkata,Platinum,Inactive
CUST04154,Reyansh Sharma,reyansh.sharma4153@example.com,2025-06-07 05:19:00,Lucknow,Bronze,Inactive
CUST04155,Neha Pillai,neha.pillai4154@example.com,2025-06-02 21:45:00,Coimbatore,Gold,Active
CUST04156,Krishna Bose,krishna.bose4155@example.com,2025-12-26 03:04:00,Delhi,Silver,Inactive
CUST04157,Saanvi Gupta,saanvi.gupta4156@example.com,2026-01-26 13:05:00,Chennai,Platinum,Suspended
CUST04158,Pooja Desai,pooja.desai4157@example.com,2024-12-10 21:47:00,Bengaluru,Gold,Active
CUST04159,Rahul Mehta,rahul.mehta4158@example.com,2026-09-09 13:39:00,Coimbatore,Silver,Suspended
CUST04160,Anika Desai,anika.desai4159@example.com,2024-01-10 22:27:00,Chandigarh,Bronze,Active
CUST04161,Vikram Chatterjee,vikram.chatterjee4160@example.com,2025-07-30 03:20:00,Chandigarh,Gold,Active
CUST04162,Aarav Verma,aarav.verma4161@example.com,2024-05-02 06:13:00,Delhi,Gold,Inactive
CUST04163,Ananya Verma,ananya.verma4162@example.com,2025-09-12 02:54:00,Chandigarh,Gold,Active
CUST04164,Ananya Verma,ananya.verma4163@example.com,2025-02-16 14:42:00,Jaipur,Bronze,Suspended
CUST04165,Saanvi Patel,saanvi.patel4164@example.com,2023-10-22 07:21:00,Chandigarh,Bronze,Active
CUST04166,Reyansh Kapoor,reyansh.kapoor4165@example.com,2024-07-28 11:23:00,Chennai,Platinum,Suspended
CUST04167,Myra Desai,myra.desai4166@example.com,2023-12-21 19:29:00,Nagpur,Silver,Inactive
CUST04168,Arjun Pillai,arjun.pillai4167@example.com,2025-06-23 10:32:00,Mumbai,Platinum,Inactive
CUST04169,Krishna Gupta,krishna.gupta4168@example.com,2024-03-31 00:42:00,Kochi,Bronze,Suspended
CUST04170,Vivaan Kumar,vivaan.kumar4169@example.com,2024-05-27 19:13:00,Chandigarh,Gold,Inactive
CUST04171,Anika Sharma,anika.sharma4170@example.com,2026-09-07 19:37:00,Surat,Silver,Active
CUST04172,Anika Shetty,anika.shetty4171@example.com,2023-10-31 00:15:00,Delhi,Bronze,Suspended
CUST04173,Vivaan Nair,vivaan.nair4172@example.com,2025-10-12 12:42:00,Kolkata,Platinum,Active
CUST04174,Amit Kumar,amit.kumar4173@example.com,2025-07-19 21:27:00,Ahmedabad,Gold,Active
CUST04175,Aarav Singh,aarav.singh4174@example.com,2025-06-30 18:15:00,Hyderabad,Platinum,Active
CUST04176,Rahul Verma,rahul.verma4175@example.com,2026-02-16 00:52:00,Bengaluru,Gold,Inactive
CUST04177,Rajesh Mehta,rajesh.mehta4176@example.com,2025-08-27 21:52:00,Bengaluru,Bronze,Active
CUST04178,Vikram Patel,vikram.patel4177@example.com,2025-08-07 04:51:00,Nagpur,Gold,Active
CUST04179,Myra Shetty,myra.shetty4178@example.com,2026-09-06 03:41:00,Lucknow,Silver,Active
CUST04180,Sai Pillai,sai.pillai4179@example.com,2026-03-15 22:36:00,Ahmedabad,Gold,Active
CUST04181,Aditya Patel,aditya.patel4180@example.com,2026-09-04 21:27:00,Kolkata,Platinum,Active
CUST04182,Vihaan Bose,vihaan.bose4181@example.com,2025-05-07 10:44:00,Chennai,Silver,Inactive
CUST04183,Meera Shetty,meera.shetty4182@example.com,2023-12-23 18:47:00,Pune,Platinum,Active
CUST04184,Krishna Gupta,krishna.gupta4183@example.com,2024-02-15 12:59:00,Surat,Silver,Active
CUST04185,Pooja Reddy,pooja.reddy4184@example.com,2023-09-26 18:11:00,Chennai,Platinum,Inactive
CUST04186,Aadhya Agarwal,aadhya.agarwal4185@example.com,2024-01-29 11:27:00,Chennai,Silver,Suspended
CUST04187,Pooja Rao,pooja.rao4186@example.com,2026-03-26 02:31:00,Coimbatore,Gold,Suspended
CUST04188,Ananya Patel,ananya.patel4187@example.com,2025-09-23 18:03:00,Kochi,Bronze,Active
CUST04189,Priya Pillai,priya.pillai4188@example.com,2024-10-04 08:31:00,Kochi,Silver,Active
CUST04190,Ira Kumar,ira.kumar4189@example.com,2024-12-02 15:13:00,Kochi,Bronze,Active
CUST04191,Ananya Reddy,ananya.reddy4190@example.com,2024-09-07 06:20:00,Kolkata,Silver,Active
CUST04192,Karan Verma,karan.verma4191@example.com,2025-03-25 08:52:00,Kolkata,Gold,Active
CUST04193,Riya Singh,riya.singh4192@example.com,2024-08-05 19:05:00,Delhi,Platinum,Inactive
CUST04194,Ananya Gupta,ananya.gupta4193@example.com,2026-07-16 13:51:00,Surat,Platinum,Active
CUST04195,Vihaan Iyer,vihaan.iyer4194@example.com,2026-03-20 07:08:00,Mumbai,Silver,Active
CUST04196,Arjun Malhotra,arjun.malhotra4195@example.com,2024-03-06 11:03:00,Nagpur,Platinum,Inactive
CUST04197,Sai Joshi,sai.joshi4196@example.com,2025-05-15 00:54:00,Nagpur,Platinum,Active
CUST04198,Ira Singh,ira.singh4197@example.com,2024-07-09 22:25:00,Lucknow,Platinum,Inactive
CUST04199,Myra Nair,myra.nair4198@example.com,2025-09-13 01:32:00,Coimbatore,Silver,Suspended
CUST04200,Divya Pillai,divya.pillai4199@example.com,2026-01-16 03:30:00,Bengaluru,Gold,Inactive
CUST04201,Vivaan Kumar,vivaan.kumar4200@example.com,2025-09-26 21:31:00,Kochi,Gold,Active
CUST04202,Vihaan Shetty,vihaan.shetty4201@example.com,2025-07-07 17:32:00,Bengaluru,Silver,Inactive
CUST04203,Saanvi Singh,saanvi.singh4202@example.com,2025-07-03 05:19:00,Kolkata,Gold,Inactive
CUST04204,Aarav Bose,aarav.bose4203@example.com,2025-09-04 23:40:00,Indore,Silver,Active
CUST04205,Aditya Sharma,aditya.sharma4204@example.com,2025-09-13 18:51:00,Mumbai,Gold,Inactive
CUST04206,Aarav Singh,aarav.singh4205@example.com,2025-07-09 00:34:00,Ahmedabad,Gold,Active
CUST04207,Divya Gupta,divya.gupta4206@example.com,2025-10-05 20:14:00,Nagpur,Platinum,Suspended
CUST04208,Amit Pillai,amit.pillai4207@example.com,2024-04-29 13:18:00,Mumbai,Platinum,Active
CUST04209,Rajesh Mehta,rajesh.mehta4208@example.com,2026-04-19 03:41:00,Chandigarh,Silver,Active
CUST04210,Aadhya Bose,aadhya.bose4209@example.com,2025-05-25 06:25:00,Chandigarh,Platinum,Suspended
CUST04211,Amit Kumar,amit.kumar4210@example.com,2025-11-30 16:03:00,Pune,Gold,Active
CUST04212,Reyansh Kumar,reyansh.kumar4211@example.com,2025-10-14 13:19:00,Lucknow,Platinum,Active
CUST04213,Rahul Iyer,rahul.iyer4212@example.com,2024-09-06 01:45:00,Chennai,Bronze,Inactive
CUST04214,Kavya Chatterjee,kavya.chatterjee4213@example.com,2025-07-31 13:25:00,Lucknow,Gold,Active
CUST04215,Aadhya Nair,aadhya.nair4214@example.com,2024-12-29 15:34:00,Delhi,Platinum,Active
CUST04216,Sai Shetty,sai.shetty4215@example.com,2026-01-13 08:14:00,Mumbai,Gold,Suspended
CUST04217,Amit Verma,amit.verma4216@example.com,2024-02-15 00:13:00,Coimbatore,Silver,Active
CUST04218,Meera Singh,meera.singh4217@example.com,2023-12-16 16:50:00,Lucknow,Bronze,Active
CUST04219,Amit Bose,amit.bose4218@example.com,2024-07-07 14:45:00,Mumbai,Silver,Active
CUST04220,Meera Gupta,meera.gupta4219@example.com,2026-08-11 05:39:00,Chennai,Bronze,Inactive
CUST04221,Rahul Mehta,rahul.mehta4220@example.com,2025-04-04 15:24:00,Coimbatore,Silver,Inactive
CUST04222,Diya Malhotra,diya.malhotra4221@example.com,2023-12-05 04:15:00,Jaipur,Gold,Active
CUST04223,Aarav Desai,aarav.desai4222@example.com,2026-01-25 18:03:00,Bengaluru,Bronze,Active
CUST04224,Krishna Reddy,krishna.reddy4223@example.com,2024-03-19 04:08:00,Surat,Gold,Suspended
CUST04225,Vihaan Kapoor,vihaan.kapoor4224@example.com,2024-04-05 23:49:00,Coimbatore,Silver,Suspended
CUST04226,Vihaan Shetty,vihaan.shetty4225@example.com,2025-09-28 09:56:00,Indore,Gold,Suspended
CUST04227,Diya Desai,diya.desai4226@example.com,2025-10-24 22:39:00,Pune,Platinum,Active
CUST04228,Kavya Nair,kavya.nair4227@example.com,2025-05-04 02:03:00,Surat,Platinum,Active
CUST04229,Myra Reddy,myra.reddy4228@example.com,2024-02-04 07:02:00,Kochi,Bronze,Active
CUST04230,Ishaan Verma,ishaan.verma4229@example.com,2023-12-06 00:53:00,Surat,Bronze,Active
CUST04231,Reyansh Patel,reyansh.patel4230@example.com,2025-07-09 08:15:00,Chennai,Bronze,Inactive
CUST04232,Pooja Kumar,pooja.kumar4231@example.com,2024-11-20 19:23:00,Indore,Gold,Inactive
CUST04233,Priya Bose,priya.bose4232@example.com,2023-10-24 16:52:00,Bengaluru,Bronze,Suspended
CUST04234,Anika Singh,anika.singh4233@example.com,2025-11-19 23:09:00,Surat,Bronze,Inactive
CUST04235,Sai Verma,sai.verma4234@example.com,2026-03-03 19:10:00,Pune,Platinum,Active
CUST04236,Vivaan Joshi,vivaan.joshi4235@example.com,2024-09-04 11:14:00,Bengaluru,Gold,Active
CUST04237,Rohan Reddy,rohan.reddy4236@example.com,2026-06-01 06:48:00,Mumbai,Platinum,Suspended
CUST04238,Aadhya Iyer,aadhya.iyer4237@example.com,2025-10-01 22:04:00,Ahmedabad,Silver,Active
CUST04239,Ananya Shetty,ananya.shetty4238@example.com,2026-06-21 15:12:00,Nagpur,Platinum,Inactive
CUST04240,Pooja Chatterjee,pooja.chatterjee4239@example.com,2023-12-24 04:09:00,Kolkata,Platinum,Suspended
CUST04241,Vivaan Patel,vivaan.patel4240@example.com,2024-02-10 07:28:00,Indore,Silver,Active
CUST04242,Neha Verma,neha.verma4241@example.com,2023-11-19 05:32:00,Nagpur,Gold,Active
CUST04243,Divya Desai,divya.desai4242@example.com,2024-10-05 02:47:00,Jaipur,Silver,Inactive
CUST04244,Sai Singh,sai.singh4243@example.com,2024-08-19 02:28:00,Surat,Platinum,Active
CUST04245,Pooja Sharma,pooja.sharma4244@example.com,2024-09-19 18:45:00,Delhi,Platinum,Active
CUST04246,Anika Kapoor,anika.kapoor4245@example.com,2023-09-21 11:01:00,Lucknow,Silver,Active
CUST04247,Vihaan Gupta,vihaan.gupta4246@example.com,2026-05-19 22:48:00,Kochi,Silver,Inactive
CUST04248,Rajesh Nair,rajesh.nair4247@example.com,2026-08-16 15:41:00,Jaipur,Gold,Active
CUST04249,Neha Chatterjee,neha.chatterjee4248@example.com,2025-05-25 11:19:00,Chandigarh,Gold,Active
CUST04250,Riya Pillai,riya.pillai4249@example.com,2026-04-06 05:06:00,Coimbatore,Silver,Inactive
CUST04251,Ananya Malhotra,ananya.malhotra4250@example.com,2024-12-03 20:31:00,Kolkata,Bronze,Active
CUST04252,Reyansh Agarwal,reyansh.agarwal4251@example.com,2026-05-07 12:07:00,Hyderabad,Silver,Inactive
CUST04253,Krishna Patel,krishna.patel4252@example.com,2025-10-22 17:05:00,Kolkata,Platinum,Suspended
CUST04254,Ananya Nair,ananya.nair4253@example.com,2026-03-13 23:11:00,Coimbatore,Silver,Active
CUST04255,Vihaan Nair,vihaan.nair4254@example.com,2025-11-19 03:24:00,Jaipur,Bronze,Suspended
CUST04256,Neha Malhotra,neha.malhotra4255@example.com,2025-10-13 00:23:00,Delhi,Bronze,Active
CUST04257,Sneha Reddy,sneha.reddy4256@example.com,2024-10-07 02:59:00,Jaipur,Gold,Inactive
CUST04258,Saanvi Nair,saanvi.nair4257@example.com,2026-03-15 14:48:00,Surat,Bronze,Suspended
CUST04259,Aditya Bose,aditya.bose4258@example.com,2024-01-16 15:19:00,Mumbai,Bronze,Active
CUST04260,Riya Bose,riya.bose4259@example.com,2023-11-08 17:57:00,Chandigarh,Gold,Suspended
CUST04261,Vivaan Malhotra,vivaan.malhotra4260@example.com,2025-08-14 23:24:00,Chandigarh,Silver,Active
CUST04262,Arjun Reddy,arjun.reddy4261@example.com,2024-05-22 08:55:00,Bengaluru,Platinum,Active
CUST04263,Divya Shetty,divya.shetty4262@example.com,2025-07-17 02:23:00,Lucknow,Silver,Active
CUST04264,Myra Singh,myra.singh4263@example.com,2023-12-02 21:22:00,Kolkata,Bronze,Active
CUST04265,Saanvi Joshi,saanvi.joshi4264@example.com,2026-01-28 19:35:00,Chennai,Bronze,Suspended
CUST04266,Arjun Chatterjee,arjun.chatterjee4265@example.com,2026-06-13 03:51:00,Surat,Platinum,Active
CUST04267,Neha Reddy,neha.reddy4266@example.com,2025-11-14 20:47:00,Surat,Silver,Inactive
CUST04268,Rahul Joshi,rahul.joshi4267@example.com,2025-11-02 20:05:00,Lucknow,Silver,Active
CUST04269,Ishaan Reddy,ishaan.reddy4268@example.com,2024-02-21 10:31:00,Kolkata,Platinum,Inactive
CUST04270,Ananya Kumar,ananya.kumar4269@example.com,2025-12-09 22:53:00,Chennai,Gold,Active
CUST04271,Vivaan Pillai,vivaan.pillai4270@example.com,2026-03-22 20:53:00,Chennai,Bronze,Active
CUST04272,Vivaan Iyer,vivaan.iyer4271@example.com,2024-07-29 11:54:00,Ahmedabad,Gold,Active
CUST04273,Arjun Patel,arjun.patel4272@example.com,2025-12-29 18:58:00,Jaipur,Platinum,Active
CUST04274,Sneha Chatterjee,sneha.chatterjee4273@example.com,2026-01-16 04:14:00,Nagpur,Gold,Active
CUST04275,Myra Malhotra,myra.malhotra4274@example.com,2026-07-17 09:52:00,Hyderabad,Platinum,Suspended
CUST04276,Sai Agarwal,sai.agarwal4275@example.com,2024-10-18 02:13:00,Chennai,Bronze,Active
CUST04277,Krishna Mehta,krishna.mehta4276@example.com,2023-10-03 09:01:00,Hyderabad,Bronze,Inactive
CUST04278,Meera Singh,meera.singh4277@example.com,2025-04-29 17:01:00,Pune,Bronze,Active
CUST04279,Pooja Shetty,pooja.shetty4278@example.com,2025-07-09 22:42:00,Delhi,Gold,Suspended
CUST04280,Rajesh Singh,rajesh.singh4279@example.com,2025-08-22 10:36:00,Hyderabad,Silver,Active
CUST04281,Riya Desai,riya.desai4280@example.com,2024-10-30 17:26:00,Chandigarh,Silver,Suspended
CUST04282,Sneha Nair,sneha.nair4281@example.com,2026-08-24 02:49:00,Lucknow,Silver,Active
CUST04283,Aditya Malhotra,aditya.malhotra4282@example.com,2024-03-02 03:04:00,Chandigarh,Gold,Active
CUST04284,Sneha Kapoor,sneha.kapoor4283@example.com,2025-01-11 07:54:00,Ahmedabad,Gold,Active
CUST04285,Anika Reddy,anika.reddy4284@example.com,2025-11-18 14:49:00,Jaipur,Platinum,Inactive
CUST04286,Riya Bose,riya.bose4285@example.com,2026-02-27 21:42:00,Bengaluru,Gold,Suspended
CUST04287,Vikram Chatterjee,vikram.chatterjee4286@example.com,2026-08-05 06:17:00,Bengaluru,Silver,Suspended
CUST04288,Ishaan Sharma,ishaan.sharma4287@example.com,2024-07-04 03:27:00,Delhi,Silver,Active
CUST04289,Neha Malhotra,neha.malhotra4288@example.com,2025-12-07 13:05:00,Pune,Silver,Inactive
CUST04290,Neha Nair,neha.nair4289@example.com,2026-09-03 05:18:00,Kochi,Gold,Active
CUST04291,Krishna Agarwal,krishna.agarwal4290@example.com,2024-11-21 19:51:00,Surat,Platinum,Active
CUST04292,Aadhya Pillai,aadhya.pillai4291@example.com,2025-02-10 11:52:00,Pune,Platinum,Active
CUST04293,Krishna Pillai,krishna.pillai4292@example.com,2026-08-16 05:48:00,Chennai,Platinum,Inactive
CUST04294,Arjun Pillai,arjun.pillai4293@example.com,2024-08-30 12:14:00,Kolkata,Platinum,Inactive
CUST04295,Rajesh Sharma,rajesh.sharma4294@example.com,2024-08-02 21:09:00,Lucknow,Bronze,Suspended
CUST04296,Aadhya Verma,aadhya.verma4295@example.com,2026-09-18 17:15:00,Coimbatore,Gold,Active
CUST04297,Vivaan Bose,vivaan.bose4296@example.com,2024-10-13 19:11:00,Lucknow,Silver,Suspended
CUST04298,Neha Kapoor,neha.kapoor4297@example.com,2023-12-09 23:11:00,Pune,Bronze,Suspended
CUST04299,Vivaan Malhotra,vivaan.malhotra4298@example.com,2026-03-05 16:31:00,Pune,Silver,Active
CUST04300,Kavya Rao,kavya.rao4299@example.com,2026-01-21 19:43:00,Chandigarh,Silver,Active
CUST04301,Anika Patel,anika.patel4300@example.com,2025-08-26 10:01:00,Nagpur,Platinum,Active
CUST04302,Myra Bose,myra.bose4301@example.com,2024-09-15 06:40:00,Kochi,Silver,Active
CUST04303,Krishna Gupta,krishna.gupta4302@example.com,2024-08-31 11:41:00,Coimbatore,Gold,Suspended
CUST04304,Ira Sharma,ira.sharma4303@example.com,2025-12-28 17:06:00,Delhi,Platinum,Suspended
CUST04305,Amit Malhotra,amit.malhotra4304@example.com,2026-07-27 15:56:00,Chennai,Silver,Suspended
CUST04306,Reyansh Kumar,reyansh.kumar4305@example.com,2025-11-05 23:51:00,Chennai,Platinum,Active
CUST04307,Diya Mehta,diya.mehta4306@example.com,2024-01-08 22:33:00,Kolkata,Gold,Suspended
CUST04308,Krishna Gupta,krishna.gupta4307@example.com,2026-01-11 12:21:00,Kochi,Bronze,Active
CUST04309,Aarav Bose,aarav.bose4308@example.com,2025-10-24 08:46:00,Coimbatore,Bronze,Active
CUST04310,Priya Mehta,priya.mehta4309@example.com,2023-12-12 15:57:00,Mumbai,Silver,Active
CUST04311,Sai Chatterjee,sai.chatterjee4310@example.com,2025-10-15 04:21:00,Chandigarh,Silver,Active
CUST04312,Sneha Pillai,sneha.pillai4311@example.com,2026-05-18 09:14:00,Lucknow,Bronze,Active
CUST04313,Neha Pillai,neha.pillai4312@example.com,2026-03-30 10:33:00,Delhi,Bronze,Inactive
CUST04314,Aarav Chatterjee,aarav.chatterjee4313@example.com,2026-08-06 10:46:00,Nagpur,Bronze,Active
CUST04315,Myra Kumar,myra.kumar4314@example.com,2025-12-28 19:05:00,Mumbai,Platinum,Inactive
CUST04316,Sneha Rao,sneha.rao4315@example.com,2025-02-21 07:19:00,Nagpur,Gold,Active
CUST04317,Sai Joshi,sai.joshi4316@example.com,2026-02-13 13:40:00,Delhi,Platinum,Active
CUST04318,Rahul Chatterjee,rahul.chatterjee4317@example.com,2025-04-04 18:08:00,Kolkata,Platinum,Active
CUST04319,Amit Sharma,amit.sharma4318@example.com,2026-09-05 16:16:00,Jaipur,Bronze,Inactive
CUST04320,Sneha Gupta,sneha.gupta4319@example.com,2025-02-13 22:45:00,Indore,Gold,Suspended
CUST04321,Saanvi Agarwal,saanvi.agarwal4320@example.com,2026-05-23 20:59:00,Nagpur,Gold,Suspended
CUST04322,Kavya Verma,kavya.verma4321@example.com,2024-09-07 11:29:00,Lucknow,Silver,Active
CUST04323,Rohan Malhotra,rohan.malhotra4322@example.com,2024-03-10 12:33:00,Kochi,Platinum,Active
CUST04324,Karan Iyer,karan.iyer4323@example.com,2024-12-28 04:56:00,Jaipur,Platinum,Active
CUST04325,Amit Shetty,amit.shetty4324@example.com,2024-08-22 09:23:00,Nagpur,Silver,Active
CUST04326,Ira Pillai,ira.pillai4325@example.com,2024-10-08 12:42:00,Bengaluru,Gold,Active
CUST04327,Pooja Reddy,pooja.reddy4326@example.com,2024-05-03 18:45:00,Chandigarh,Gold,Active
CUST04328,Pooja Gupta,pooja.gupta4327@example.com,2025-04-24 08:07:00,Surat,Gold,Active
CUST04329,Meera Agarwal,meera.agarwal4328@example.com,2026-02-15 19:07:00,Kochi,Bronze,Suspended
CUST04330,Neha Verma,neha.verma4329@example.com,2025-04-24 09:33:00,Jaipur,Gold,Suspended
CUST04331,Kavya Joshi,kavya.joshi4330@example.com,2026-09-15 20:58:00,Nagpur,Silver,Suspended
CUST04332,Rajesh Verma,rajesh.verma4331@example.com,2026-05-22 20:09:00,Kolkata,Silver,Inactive
CUST04333,Vihaan Rao,vihaan.rao4332@example.com,2023-11-02 20:58:00,Ahmedabad,Bronze,Inactive
CUST04334,Diya Chatterjee,diya.chatterjee4333@example.com,2025-07-23 23:09:00,Bengaluru,Platinum,Active
CUST04335,Meera Verma,meera.verma4334@example.com,2024-05-29 06:46:00,Kochi,Platinum,Active
CUST04336,Diya Joshi,diya.joshi4335@example.com,2026-02-27 09:35:00,Chennai,Silver,Active
CUST04337,Sai Desai,sai.desai4336@example.com,2025-03-04 21:29:00,Kolkata,Bronze,Suspended
CUST04338,Amit Gupta,amit.gupta4337@example.com,2025-10-24 10:27:00,Nagpur,Platinum,Active
CUST04339,Ira Reddy,ira.reddy4338@example.com,2026-06-25 07:00:00,Hyderabad,Platinum,Active
CUST04340,Arjun Agarwal,arjun.agarwal4339@example.com,2023-10-28 20:09:00,Mumbai,Gold,Active
CUST04341,Krishna Desai,krishna.desai4340@example.com,2024-08-31 09:54:00,Mumbai,Gold,Inactive
CUST04342,Vihaan Bose,vihaan.bose4341@example.com,2025-11-21 05:59:00,Chennai,Silver,Active
CUST04343,Neha Pillai,neha.pillai4342@example.com,2026-02-11 13:15:00,Surat,Silver,Active
CUST04344,Sneha Reddy,sneha.reddy4343@example.com,2026-05-19 09:55:00,Delhi,Gold,Active
CUST04345,Karan Nair,karan.nair4344@example.com,2025-08-16 07:58:00,Nagpur,Silver,Active
CUST04346,Ananya Joshi,ananya.joshi4345@example.com,2024-06-06 09:54:00,Nagpur,Platinum,Active
CUST04347,Rajesh Iyer,rajesh.iyer4346@example.com,2025-05-04 22:31:00,Chennai,Bronze,Inactive
CUST04348,Kavya Malhotra,kavya.malhotra4347@example.com,2025-06-08 13:55:00,Bengaluru,Gold,Suspended
CUST04349,Ishaan Verma,ishaan.verma4348@example.com,2026-06-15 14:37:00,Hyderabad,Gold,Suspended
CUST04350,Aditya Joshi,aditya.joshi4349@example.com,2023-09-30 15:29:00,Surat,Silver,Active
CUST04351,Diya Chatterjee,diya.chatterjee4350@example.com,2025-01-14 17:09:00,Chandigarh,Silver,Active
CUST04352,Anika Kapoor,anika.kapoor4351@example.com,2024-06-22 18:53:00,Indore,Gold,Active
CUST04353,Kavya Patel,kavya.patel4352@example.com,2025-08-14 23:59:00,Chandigarh,Silver,Active
CUST04354,Anika Desai,anika.desai4353@example.com,2024-04-12 18:38:00,Kochi,Platinum,Active
CUST04355,Priya Desai,priya.desai4354@example.com,2023-09-28 07:17:00,Surat,Silver,Inactive
CUST04356,Rajesh Mehta,rajesh.mehta4355@example.com,2024-09-23 09:33:00,Jaipur,Gold,Active
CUST04357,Myra Shetty,myra.shetty4356@example.com,2024-04-24 04:44:00,Chandigarh,Platinum,Active
CUST04358,Diya Gupta,diya.gupta4357@example.com,2023-12-09 23:47:00,Coimbatore,Silver,Active
CUST04359,Reyansh Chatterjee,reyansh.chatterjee4358@example.com,2026-01-17 07:00:00,Nagpur,Silver,Active
CUST04360,Aditya Gupta,aditya.gupta4359@example.com,2024-11-06 17:18:00,Chandigarh,Bronze,Active
CUST04361,Saanvi Singh,saanvi.singh4360@example.com,2025-08-06 04:35:00,Chandigarh,Silver,Suspended
CUST04362,Rohan Gupta,rohan.gupta4361@example.com,2025-11-04 09:01:00,Indore,Silver,Active
CUST04363,Vihaan Singh,vihaan.singh4362@example.com,2025-04-18 10:04:00,Coimbatore,Bronze,Active
CUST04364,Ishaan Patel,ishaan.patel4363@example.com,2024-07-06 10:08:00,Indore,Platinum,Active
CUST04365,Amit Kumar,amit.kumar4364@example.com,2025-11-20 21:38:00,Hyderabad,Silver,Suspended
CUST04366,Anika Kumar,anika.kumar4365@example.com,2026-05-12 07:45:00,Pune,Gold,Active
CUST04367,Sneha Reddy,sneha.reddy4366@example.com,2025-12-11 01:06:00,Jaipur,Gold,Active
CUST04368,Kavya Sharma,kavya.sharma4367@example.com,2024-01-22 23:58:00,Coimbatore,Silver,Active
CUST04369,Rohan Malhotra,rohan.malhotra4368@example.com,2026-05-26 15:35:00,Surat,Silver,Active
CUST04370,Priya Desai,priya.desai4369@example.com,2024-05-24 10:54:00,Jaipur,Bronze,Active
CUST04371,Divya Kumar,divya.kumar4370@example.com,2024-12-23 13:20:00,Bengaluru,Silver,Active
CUST04372,Anika Joshi,anika.joshi4371@example.com,2026-07-31 21:10:00,Bengaluru,Silver,Active
CUST04373,Aadhya Chatterjee,aadhya.chatterjee4372@example.com,2026-01-25 22:32:00,Mumbai,Platinum,Suspended
CUST04374,Neha Sharma,neha.sharma4373@example.com,2023-12-31 02:31:00,Nagpur,Gold,Active
CUST04375,Rohan Reddy,rohan.reddy4374@example.com,2026-01-09 15:58:00,Kochi,Bronze,Active
CUST04376,Aditya Sharma,aditya.sharma4375@example.com,2026-08-11 00:19:00,Chandigarh,Silver,Inactive
CUST04377,Sneha Nair,sneha.nair4376@example.com,2025-04-01 05:45:00,Surat,Silver,Suspended
CUST04378,Vikram Kapoor,vikram.kapoor4377@example.com,2026-05-04 01:24:00,Chennai,Gold,Active
CUST04379,Rahul Agarwal,rahul.agarwal4378@example.com,2025-03-17 06:00:00,Lucknow,Platinum,Active
CUST04380,Aadhya Pillai,aadhya.pillai4379@example.com,2024-12-14 16:18:00,Mumbai,Gold,Active
CUST04381,Ananya Agarwal,ananya.agarwal4380@example.com,2026-05-09 13:10:00,Indore,Bronze,Suspended
CUST04382,Anika Pillai,anika.pillai4381@example.com,2025-10-03 22:44:00,Delhi,Gold,Active
CUST04383,Priya Kapoor,priya.kapoor4382@example.com,2023-11-28 22:09:00,Surat,Silver,Active
CUST04384,Vikram Desai,vikram.desai4383@example.com,2025-01-19 03:07:00,Nagpur,Platinum,Suspended
CUST04385,Myra Chatterjee,myra.chatterjee4384@example.com,2023-12-08 11:10:00,Indore,Silver,Active
CUST04386,Rohan Pillai,rohan.pillai4385@example.com,2023-10-03 08:20:00,Jaipur,Bronze,Active
CUST04387,Arjun Mehta,arjun.mehta4386@example.com,2025-06-19 03:56:00,Chandigarh,Silver,Active
CUST04388,Sai Iyer,sai.iyer4387@example.com,2025-08-10 09:23:00,Hyderabad,Silver,Active
CUST04389,Krishna Bose,krishna.bose4388@example.com,2024-04-04 02:53:00,Chennai,Gold,Suspended
CUST04390,Diya Mehta,diya.mehta4389@example.com,2024-05-24 11:22:00,Pune,Bronze,Active
CUST04391,Karan Verma,karan.verma4390@example.com,2025-01-29 20:34:00,Jaipur,Gold,Inactive
CUST04392,Arjun Joshi,arjun.joshi4391@example.com,2024-07-30 20:51:00,Lucknow,Bronze,Active
CUST04393,Rohan Chatterjee,rohan.chatterjee4392@example.com,2025-07-05 08:42:00,Jaipur,Platinum,Suspended
CUST04394,Sai Shetty,sai.shetty4393@example.com,2026-06-12 08:30:00,Delhi,Bronze,Active
CUST04395,Divya Singh,divya.singh4394@example.com,2025-03-24 16:46:00,Coimbatore,Silver,Inactive
CUST04396,Amit Desai,amit.desai4395@example.com,2025-09-29 13:33:00,Lucknow,Silver,Inactive
CUST04397,Rohan Singh,rohan.singh4396@example.com,2025-09-11 17:13:00,Bengaluru,Silver,Suspended
CUST04398,Sai Kumar,sai.kumar4397@example.com,2023-10-31 02:23:00,Chennai,Gold,Inactive
CUST04399,Sai Nair,sai.nair4398@example.com,2025-02-05 05:24:00,Kolkata,Bronze,Active
CUST04400,Vihaan Verma,vihaan.verma4399@example.com,2026-01-30 04:32:00,Kolkata,Bronze,Suspended
CUST04401,Ananya Pillai,ananya.pillai4400@example.com,2026-08-21 21:15:00,Surat,Platinum,Suspended
CUST04402,Arjun Chatterjee,arjun.chatterjee4401@example.com,2025-03-29 18:04:00,Surat,Bronze,Active
CUST04403,Ishaan Joshi,ishaan.joshi4402@example.com,2024-04-21 02:52:00,Bengaluru,Gold,Active
CUST04404,Sai Reddy,sai.reddy4403@example.com,2026-07-29 17:31:00,Ahmedabad,Gold,Active
CUST04405,Ira Verma,ira.verma4404@example.com,2026-06-08 07:31:00,Chandigarh,Gold,Active
CUST04406,Priya Agarwal,priya.agarwal4405@example.com,2025-10-04 20:55:00,Coimbatore,Platinum,Active
CUST04407,Diya Kumar,diya.kumar4406@example.com,2024-06-01 22:07:00,Mumbai,Bronze,Suspended
CUST04408,Diya Chatterjee,diya.chatterjee4407@example.com,2025-10-31 02:18:00,Delhi,Gold,Active
CUST04409,Ira Singh,ira.singh4408@example.com,2026-07-26 03:09:00,Kochi,Bronze,Active
CUST04410,Ira Mehta,ira.mehta4409@example.com,2025-04-07 20:06:00,Bengaluru,Gold,Active
CUST04411,Vihaan Sharma,vihaan.sharma4410@example.com,2026-04-02 16:37:00,Ahmedabad,Silver,Suspended
CUST04412,Saanvi Bose,saanvi.bose4411@example.com,2023-11-05 04:28:00,Surat,Silver,Active
CUST04413,Karan Kumar,karan.kumar4412@example.com,2024-03-16 19:03:00,Kolkata,Gold,Inactive
CUST04414,Myra Agarwal,myra.agarwal4413@example.com,2026-02-03 21:32:00,Mumbai,Gold,Active
CUST04415,Arjun Sharma,arjun.sharma4414@example.com,2026-08-06 00:07:00,Lucknow,Platinum,Active
CUST04416,Neha Desai,neha.desai4415@example.com,2023-11-24 03:23:00,Jaipur,Gold,Suspended
CUST04417,Kavya Agarwal,kavya.agarwal4416@example.com,2025-02-04 02:28:00,Chennai,Bronze,Active
CUST04418,Rahul Mehta,rahul.mehta4417@example.com,2026-07-20 21:26:00,Kolkata,Bronze,Inactive
CUST04419,Anika Mehta,anika.mehta4418@example.com,2024-06-25 15:41:00,Surat,Silver,Active
CUST04420,Karan Pillai,karan.pillai4419@example.com,2023-09-21 19:50:00,Mumbai,Gold,Active
CUST04421,Priya Kumar,priya.kumar4420@example.com,2026-01-17 09:04:00,Pune,Gold,Suspended
CUST04422,Pooja Pillai,pooja.pillai4421@example.com,2024-09-21 07:28:00,Mumbai,Bronze,Active
CUST04423,Neha Chatterjee,neha.chatterjee4422@example.com,2025-05-31 05:32:00,Chandigarh,Silver,Active
CUST04424,Ananya Patel,ananya.patel4423@example.com,2023-11-17 12:32:00,Mumbai,Gold,Suspended
CUST04425,Neha Bose,neha.bose4424@example.com,2026-08-28 06:49:00,Ahmedabad,Silver,Active
CUST04426,Rajesh Verma,rajesh.verma4425@example.com,2026-05-17 23:44:00,Bengaluru,Bronze,Active
CUST04427,Arjun Desai,arjun.desai4426@example.com,2026-06-17 10:30:00,Jaipur,Platinum,Active
CUST04428,Vihaan Mehta,vihaan.mehta4427@example.com,2024-12-04 08:18:00,Delhi,Bronze,Active
CUST04429,Aarav Rao,aarav.rao4428@example.com,2026-03-13 18:07:00,Kolkata,Bronze,Inactive
CUST04430,Meera Nair,meera.nair4429@example.com,2025-08-30 11:24:00,Jaipur,Silver,Inactive
CUST04431,Myra Joshi,myra.joshi4430@example.com,2026-03-30 14:22:00,Bengaluru,Gold,Suspended
CUST04432,Aditya Agarwal,aditya.agarwal4431@example.com,2024-06-17 21:12:00,Surat,Bronze,Suspended
CUST04433,Vivaan Shetty,vivaan.shetty4432@example.com,2026-04-01 18:28:00,Delhi,Gold,Active
CUST04434,Rahul Reddy,rahul.reddy4433@example.com,2023-12-02 02:08:00,Coimbatore,Silver,Active
CUST04435,Riya Kapoor,riya.kapoor4434@example.com,2025-03-16 18:22:00,Coimbatore,Gold,Active
CUST04436,Krishna Iyer,krishna.iyer4435@example.com,2024-05-06 06:03:00,Coimbatore,Gold,Suspended
CUST04437,Reyansh Sharma,reyansh.sharma4436@example.com,2023-11-22 19:31:00,Chennai,Bronze,Active
CUST04438,Aditya Desai,aditya.desai4437@example.com,2024-07-09 05:18:00,Jaipur,Platinum,Active
CUST04439,Sneha Chatterjee,sneha.chatterjee4438@example.com,2024-01-17 02:20:00,Chandigarh,Bronze,Active
CUST04440,Priya Gupta,priya.gupta4439@example.com,2026-06-10 15:58:00,Chennai,Gold,Suspended
CUST04441,Kavya Rao,kavya.rao4440@example.com,2024-09-24 16:15:00,Jaipur,Platinum,Active
CUST04442,Reyansh Bose,reyansh.bose4441@example.com,2026-01-22 15:03:00,Hyderabad,Gold,Suspended
CUST04443,Ananya Shetty,ananya.shetty4442@example.com,2026-03-23 05:33:00,Kolkata,Gold,Inactive
CUST04444,Meera Kapoor,meera.kapoor4443@example.com,2026-02-02 12:33:00,Indore,Platinum,Suspended
CUST04445,Vivaan Joshi,vivaan.joshi4444@example.com,2026-06-22 08:03:00,Nagpur,Bronze,Active
CUST04446,Saanvi Kumar,saanvi.kumar4445@example.com,2025-04-30 18:29:00,Jaipur,Platinum,Active
CUST04447,Amit Malhotra,amit.malhotra4446@example.com,2025-02-16 02:03:00,Bengaluru,Platinum,Active
CUST04448,Diya Rao,diya.rao4447@example.com,2025-06-18 13:14:00,Lucknow,Silver,Suspended
CUST04449,Diya Sharma,diya.sharma4448@example.com,2024-08-09 12:54:00,Chandigarh,Silver,Inactive
CUST04450,Rohan Joshi,rohan.joshi4449@example.com,2024-02-21 05:09:00,Mumbai,Silver,Inactive
CUST04451,Diya Mehta,diya.mehta4450@example.com,2024-06-27 18:42:00,Kochi,Gold,Active
CUST04452,Myra Desai,myra.desai4451@example.com,2026-06-20 04:01:00,Kolkata,Platinum,Active
CUST04453,Aditya Reddy,aditya.reddy4452@example.com,2024-05-10 01:20:00,Indore,Silver,Active
CUST04454,Neha Chatterjee,neha.chatterjee4453@example.com,2025-02-18 04:36:00,Nagpur,Bronze,Active
CUST04455,Neha Malhotra,neha.malhotra4454@example.com,2024-07-27 06:45:00,Coimbatore,Platinum,Suspended
CUST04456,Pooja Chatterjee,pooja.chatterjee4455@example.com,2025-03-27 04:33:00,Lucknow,Bronze,Suspended
CUST04457,Rohan Singh,rohan.singh4456@example.com,2026-07-30 15:32:00,Bengaluru,Platinum,Active
CUST04458,Pooja Malhotra,pooja.malhotra4457@example.com,2023-11-08 14:51:00,Chandigarh,Silver,Suspended
CUST04459,Neha Malhotra,neha.malhotra4458@example.com,2026-05-11 10:00:00,Coimbatore,Bronze,Active
CUST04460,Arjun Pillai,arjun.pillai4459@example.com,2025-11-11 06:39:00,Ahmedabad,Gold,Active
CUST04461,Meera Gupta,meera.gupta4460@example.com,2026-02-23 11:51:00,Jaipur,Platinum,Active
CUST04462,Arjun Reddy,arjun.reddy4461@example.com,2025-10-28 12:23:00,Bengaluru,Silver,Suspended
CUST04463,Rohan Bose,rohan.bose4462@example.com,2025-05-11 03:34:00,Chandigarh,Gold,Suspended
CUST04464,Sneha Kapoor,sneha.kapoor4463@example.com,2025-03-06 06:26:00,Mumbai,Silver,Active
CUST04465,Ananya Gupta,ananya.gupta4464@example.com,2026-01-07 23:28:00,Chennai,Bronze,Active
CUST04466,Divya Pillai,divya.pillai4465@example.com,2025-06-23 15:26:00,Surat,Bronze,Active
CUST04467,Karan Rao,karan.rao4466@example.com,2024-06-23 06:16:00,Bengaluru,Platinum,Inactive
CUST04468,Aditya Sharma,aditya.sharma4467@example.com,2023-11-28 16:21:00,Pune,Platinum,Active
CUST04469,Aadhya Iyer,aadhya.iyer4468@example.com,2026-06-28 10:52:00,Jaipur,Bronze,Active
CUST04470,Aadhya Singh,aadhya.singh4469@example.com,2025-04-09 11:30:00,Jaipur,Gold,Active
CUST04471,Ira Chatterjee,ira.chatterjee4470@example.com,2025-11-15 07:32:00,Chennai,Bronze,Active
CUST04472,Amit Pillai,amit.pillai4471@example.com,2026-05-04 10:59:00,Mumbai,Gold,Active
CUST04473,Karan Kumar,karan.kumar4472@example.com,2026-05-14 21:41:00,Ahmedabad,Silver,Inactive
CUST04474,Reyansh Singh,reyansh.singh4473@example.com,2026-04-22 17:07:00,Delhi,Bronze,Inactive
CUST04475,Vikram Rao,vikram.rao4474@example.com,2026-02-01 05:03:00,Indore,Gold,Suspended
CUST04476,Rohan Desai,rohan.desai4475@example.com,2025-04-30 12:18:00,Chennai,Platinum,Active
CUST04477,Anika Verma,anika.verma4476@example.com,2025-10-21 17:15:00,Chandigarh,Gold,Active
CUST04478,Vikram Mehta,vikram.mehta4477@example.com,2024-06-08 20:46:00,Jaipur,Platinum,Active
CUST04479,Vikram Pillai,vikram.pillai4478@example.com,2025-07-11 08:14:00,Bengaluru,Platinum,Suspended
CUST04480,Rohan Bose,rohan.bose4479@example.com,2024-06-08 23:39:00,Kochi,Platinum,Active
CUST04481,Ira Chatterjee,ira.chatterjee4480@example.com,2025-09-03 16:58:00,Kolkata,Bronze,Active
CUST04482,Krishna Sharma,krishna.sharma4481@example.com,2025-04-17 13:25:00,Lucknow,Gold,Active
CUST04483,Pooja Sharma,pooja.sharma4482@example.com,2023-11-09 20:35:00,Chennai,Silver,Suspended
CUST04484,Arjun Iyer,arjun.iyer4483@example.com,2024-11-09 01:59:00,Mumbai,Silver,Suspended
CUST04485,Rohan Bose,rohan.bose4484@example.com,2025-10-16 12:02:00,Ahmedabad,Platinum,Active
CUST04486,Vihaan Mehta,vihaan.mehta4485@example.com,2025-02-27 14:29:00,Hyderabad,Bronze,Active
CUST04487,Aadhya Singh,aadhya.singh4486@example.com,2025-11-28 15:53:00,Kochi,Bronze,Suspended
CUST04488,Anika Nair,anika.nair4487@example.com,2026-03-05 10:40:00,Kochi,Bronze,Active
CUST04489,Aarav Patel,aarav.patel4488@example.com,2026-07-18 17:16:00,Coimbatore,Bronze,Active
CUST04490,Karan Iyer,karan.iyer4489@example.com,2025-02-05 15:59:00,Lucknow,Bronze,Inactive
CUST04491,Anika Gupta,anika.gupta4490@example.com,2024-05-21 11:06:00,Surat,Bronze,Inactive
CUST04492,Meera Joshi,meera.joshi4491@example.com,2026-05-14 08:12:00,Kochi,Gold,Active
CUST04493,Riya Bose,riya.bose4492@example.com,2024-01-03 00:56:00,Indore,Platinum,Active
CUST04494,Riya Malhotra,riya.malhotra4493@example.com,2023-10-30 19:16:00,Indore,Bronze,Inactive
CUST04495,Sneha Iyer,sneha.iyer4494@example.com,2025-04-09 04:26:00,Hyderabad,Bronze,Inactive
CUST04496,Rahul Bose,rahul.bose4495@example.com,2026-06-27 06:26:00,Lucknow,Silver,Inactive
CUST04497,Amit Patel,amit.patel4496@example.com,2026-09-15 11:31:00,Delhi,Silver,Inactive
CUST04498,Diya Kapoor,diya.kapoor4497@example.com,2025-11-27 20:43:00,Surat,Platinum,Active
CUST04499,Neha Pillai,neha.pillai4498@example.com,2026-04-10 09:43:00,Jaipur,Bronze,Active
CUST04500,Aarav Iyer,aarav.iyer4499@example.com,2024-05-26 07:06:00,Pune,Silver,Suspended
CUST04501,Sai Pillai,sai.pillai4500@example.com,2026-02-18 16:07:00,Kolkata,Bronze,Active
CUST04502,Vivaan Kumar,vivaan.kumar4501@example.com,2024-11-21 04:49:00,Bengaluru,Gold,Active
CUST04503,Ananya Chatterjee,ananya.chatterjee4502@example.com,2024-07-05 03:36:00,Chennai,Platinum,Active
CUST04504,Rajesh Kumar,rajesh.kumar4503@example.com,2025-03-27 06:33:00,Chandigarh,Bronze,Active
CUST04505,Diya Singh,diya.singh4504@example.com,2025-04-29 01:23:00,Nagpur,Platinum,Active
CUST04506,Vivaan Iyer,vivaan.iyer4505@example.com,2024-07-02 01:21:00,Jaipur,Silver,Active
CUST04507,Diya Malhotra,diya.malhotra4506@example.com,2024-04-02 14:01:00,Hyderabad,Bronze,Suspended
CUST04508,Rahul Joshi,rahul.joshi4507@example.com,2023-11-18 11:24:00,Surat,Platinum,Inactive
CUST04509,Vivaan Mehta,vivaan.mehta4508@example.com,2024-12-20 01:03:00,Pune,Platinum,Active
CUST04510,Rohan Kapoor,rohan.kapoor4509@example.com,2026-03-20 13:39:00,Ahmedabad,Gold,Active
CUST04511,Rahul Gupta,rahul.gupta4510@example.com,2025-04-04 13:09:00,Ahmedabad,Bronze,Suspended
CUST04512,Kavya Reddy,kavya.reddy4511@example.com,2026-06-12 20:53:00,Pune,Gold,Active
CUST04513,Karan Singh,karan.singh4512@example.com,2025-12-18 00:22:00,Surat,Platinum,Inactive
CUST04514,Karan Patel,karan.patel4513@example.com,2025-09-16 22:06:00,Bengaluru,Bronze,Suspended
CUST04515,Meera Singh,meera.singh4514@example.com,2024-01-16 12:45:00,Indore,Gold,Inactive
CUST04516,Ira Agarwal,ira.agarwal4515@example.com,2024-07-31 01:58:00,Nagpur,Bronze,Suspended
CUST04517,Sneha Agarwal,sneha.agarwal4516@example.com,2024-10-01 20:56:00,Jaipur,Platinum,Active
CUST04518,Vikram Mehta,vikram.mehta4517@example.com,2024-01-23 21:33:00,Pune,Gold,Active
CUST04519,Ishaan Joshi,ishaan.joshi4518@example.com,2026-05-17 16:07:00,Kochi,Platinum,Inactive
CUST04520,Vihaan Desai,vihaan.desai4519@example.com,2024-07-04 17:34:00,Surat,Silver,Active
CUST04521,Riya Joshi,riya.joshi4520@example.com,2024-12-16 16:34:00,Coimbatore,Platinum,Active
CUST04522,Vikram Kumar,vikram.kumar4521@example.com,2026-01-06 20:28:00,Lucknow,Platinum,Active
CUST04523,Aarav Kumar,aarav.kumar4522@example.com,2025-04-06 13:37:00,Kolkata,Silver,Active
CUST04524,Kavya Mehta,kavya.mehta4523@example.com,2026-05-29 11:29:00,Hyderabad,Bronze,Suspended
CUST04525,Diya Bose,diya.bose4524@example.com,2026-09-05 22:59:00,Kochi,Bronze,Active
CUST04526,Aadhya Agarwal,aadhya.agarwal4525@example.com,2025-01-12 19:41:00,Kolkata,Platinum,Suspended
CUST04527,Divya Singh,divya.singh4526@example.com,2023-09-30 05:44:00,Bengaluru,Silver,Active
CUST04528,Vihaan Reddy,vihaan.reddy4527@example.com,2025-09-19 22:42:00,Nagpur,Platinum,Suspended
CUST04529,Arjun Kapoor,arjun.kapoor4528@example.com,2024-08-11 11:17:00,Nagpur,Silver,Inactive
CUST04530,Krishna Reddy,krishna.reddy4529@example.com,2025-03-08 00:05:00,Pune,Bronze,Inactive
CUST04531,Pooja Desai,pooja.desai4530@example.com,2024-04-13 10:29:00,Kolkata,Bronze,Active
CUST04532,Meera Kapoor,meera.kapoor4531@example.com,2024-06-02 22:40:00,Delhi,Gold,Active
CUST04533,Sneha Desai,sneha.desai4532@example.com,2024-04-11 15:50:00,Indore,Platinum,Inactive
CUST04534,Amit Desai,amit.desai4533@example.com,2026-08-22 14:40:00,Delhi,Silver,Inactive
CUST04535,Amit Patel,amit.patel4534@example.com,2024-05-06 12:29:00,Delhi,Silver,Active
CUST04536,Aadhya Chatterjee,aadhya.chatterjee4535@example.com,2024-03-27 13:26:00,Kochi,Platinum,Active
CUST04537,Divya Gupta,divya.gupta4536@example.com,2026-07-23 05:32:00,Chennai,Silver,Suspended
CUST04538,Vihaan Kumar,vihaan.kumar4537@example.com,2024-12-28 13:46:00,Lucknow,Gold,Active
CUST04539,Divya Sharma,divya.sharma4538@example.com,2025-08-23 07:09:00,Chennai,Platinum,Inactive
CUST04540,Anika Joshi,anika.joshi4539@example.com,2026-07-23 10:52:00,Nagpur,Gold,Inactive
CUST04541,Rohan Joshi,rohan.joshi4540@example.com,2025-05-12 12:44:00,Indore,Bronze,Active
CUST04542,Arjun Chatterjee,arjun.chatterjee4541@example.com,2024-06-14 11:10:00,Chandigarh,Platinum,Active
CUST04543,Rajesh Shetty,rajesh.shetty4542@example.com,2025-12-27 03:49:00,Lucknow,Silver,Active
CUST04544,Kavya Agarwal,kavya.agarwal4543@example.com,2024-05-16 13:16:00,Surat,Bronze,Active
CUST04545,Sai Mehta,sai.mehta4544@example.com,2025-02-05 22:54:00,Bengaluru,Silver,Suspended
CUST04546,Aarav Patel,aarav.patel4545@example.com,2024-06-30 03:39:00,Surat,Bronze,Active
CUST04547,Krishna Kumar,krishna.kumar4546@example.com,2024-10-10 16:01:00,Chennai,Platinum,Active
CUST04548,Sneha Kumar,sneha.kumar4547@example.com,2026-06-03 23:16:00,Ahmedabad,Platinum,Active
CUST04549,Amit Nair,amit.nair4548@example.com,2024-05-02 18:06:00,Chennai,Gold,Active
CUST04550,Rohan Kumar,rohan.kumar4549@example.com,2025-09-03 20:49:00,Kochi,Bronze,Inactive
CUST04551,Reyansh Kumar,reyansh.kumar4550@example.com,2025-11-13 14:49:00,Chennai,Gold,Inactive
CUST04552,Aditya Malhotra,aditya.malhotra4551@example.com,2024-03-09 10:04:00,Ahmedabad,Gold,Inactive
CUST04553,Amit Patel,amit.patel4552@example.com,2024-01-15 01:18:00,Coimbatore,Gold,Active
CUST04554,Aditya Sharma,aditya.sharma4553@example.com,2024-01-24 14:35:00,Hyderabad,Silver,Suspended
CUST04555,Karan Bose,karan.bose4554@example.com,2025-12-19 13:21:00,Kochi,Platinum,Active
CUST04556,Karan Malhotra,karan.malhotra4555@example.com,2026-05-06 11:59:00,Bengaluru,Platinum,Inactive
CUST04557,Vivaan Reddy,vivaan.reddy4556@example.com,2026-02-20 21:49:00,Chennai,Bronze,Active
CUST04558,Vihaan Verma,vihaan.verma4557@example.com,2025-02-22 01:54:00,Pune,Gold,Active
CUST04559,Pooja Kapoor,pooja.kapoor4558@example.com,2026-03-15 12:02:00,Ahmedabad,Platinum,Active
CUST04560,Riya Verma,riya.verma4559@example.com,2023-11-25 15:26:00,Coimbatore,Platinum,Active
CUST04561,Anika Patel,anika.patel4560@example.com,2023-10-28 03:36:00,Mumbai,Gold,Inactive
CUST04562,Divya Iyer,divya.iyer4561@example.com,2026-05-21 23:12:00,Mumbai,Bronze,Active
CUST04563,Vivaan Gupta,vivaan.gupta4562@example.com,2026-08-21 20:30:00,Surat,Platinum,Inactive
CUST04564,Rohan Sharma,rohan.sharma4563@example.com,2023-10-29 11:30:00,Chandigarh,Platinum,Inactive
CUST04565,Karan Patel,karan.patel4564@example.com,2023-12-13 06:52:00,Jaipur,Platinum,Active
CUST04566,Pooja Patel,pooja.patel4565@example.com,2025-08-15 21:49:00,Kochi,Platinum,Active
CUST04567,Divya Shetty,divya.shetty4566@example.com,2024-09-17 09:01:00,Mumbai,Gold,Active
CUST04568,Reyansh Pillai,reyansh.pillai4567@example.com,2026-08-24 15:32:00,Jaipur,Bronze,Active
CUST04569,Rajesh Reddy,rajesh.reddy4568@example.com,2025-12-18 01:34:00,Kochi,Gold,Active
CUST04570,Sai Joshi,sai.joshi4569@example.com,2025-03-31 18:20:00,Kochi,Platinum,Active
CUST04571,Aarav Gupta,aarav.gupta4570@example.com,2024-05-03 21:51:00,Chandigarh,Bronze,Active
CUST04572,Arjun Iyer,arjun.iyer4571@example.com,2026-02-05 18:57:00,Jaipur,Bronze,Active
CUST04573,Riya Joshi,riya.joshi4572@example.com,2025-07-30 07:44:00,Delhi,Platinum,Active
CUST04574,Diya Singh,diya.singh4573@example.com,2025-06-09 00:12:00,Kochi,Gold,Inactive
CUST04575,Sneha Kapoor,sneha.kapoor4574@example.com,2024-01-14 13:46:00,Surat,Gold,Active
CUST04576,Karan Shetty,karan.shetty4575@example.com,2024-04-23 12:16:00,Coimbatore,Platinum,Active
CUST04577,Krishna Kapoor,krishna.kapoor4576@example.com,2024-07-22 06:57:00,Chandigarh,Bronze,Active
CUST04578,Riya Gupta,riya.gupta4577@example.com,2024-02-19 06:38:00,Chandigarh,Gold,Active
CUST04579,Vihaan Pillai,vihaan.pillai4578@example.com,2025-10-10 12:44:00,Kolkata,Gold,Active
CUST04580,Karan Sharma,karan.sharma4579@example.com,2023-11-03 18:41:00,Delhi,Platinum,Active
CUST04581,Kavya Reddy,kavya.reddy4580@example.com,2026-01-02 20:18:00,Mumbai,Silver,Suspended
CUST04582,Amit Reddy,amit.reddy4581@example.com,2025-06-01 07:40:00,Kochi,Gold,Active
CUST04583,Rohan Singh,rohan.singh4582@example.com,2025-04-20 12:09:00,Kolkata,Silver,Active
CUST04584,Rajesh Desai,rajesh.desai4583@example.com,2025-03-20 22:58:00,Kochi,Bronze,Active
CUST04585,Aarav Patel,aarav.patel4584@example.com,2024-04-24 15:41:00,Delhi,Bronze,Active
CUST04586,Divya Reddy,divya.reddy4585@example.com,2024-08-29 14:19:00,Indore,Platinum,Suspended
CUST04587,Divya Kapoor,divya.kapoor4586@example.com,2024-02-07 13:13:00,Delhi,Silver,Active
CUST04588,Sneha Bose,sneha.bose4587@example.com,2025-11-26 17:06:00,Chandigarh,Silver,Active
CUST04589,Diya Pillai,diya.pillai4588@example.com,2026-04-16 20:52:00,Coimbatore,Bronze,Inactive
CUST04590,Sai Chatterjee,sai.chatterjee4589@example.com,2025-08-20 19:01:00,Mumbai,Bronze,Active
CUST04591,Priya Patel,priya.patel4590@example.com,2024-03-18 14:11:00,Lucknow,Silver,Active
CUST04592,Sai Joshi,sai.joshi4591@example.com,2023-12-19 02:21:00,Indore,Gold,Inactive
CUST04593,Saanvi Malhotra,saanvi.malhotra4592@example.com,2026-03-31 09:32:00,Nagpur,Gold,Suspended
CUST04594,Reyansh Kapoor,reyansh.kapoor4593@example.com,2024-06-27 17:45:00,Pune,Platinum,Active
CUST04595,Krishna Malhotra,krishna.malhotra4594@example.com,2025-01-27 03:19:00,Nagpur,Gold,Active
CUST04596,Vihaan Agarwal,vihaan.agarwal4595@example.com,2025-10-15 08:50:00,Kolkata,Silver,Active
CUST04597,Vihaan Chatterjee,vihaan.chatterjee4596@example.com,2026-07-20 17:05:00,Jaipur,Silver,Inactive
CUST04598,Vihaan Kapoor,vihaan.kapoor4597@example.com,2024-08-04 02:50:00,Kochi,Platinum,Inactive
CUST04599,Arjun Bose,arjun.bose4598@example.com,2026-04-24 08:38:00,Surat,Platinum,Inactive
CUST04600,Karan Joshi,karan.joshi4599@example.com,2026-08-26 03:26:00,Kolkata,Platinum,Suspended
CUST04601,Amit Mehta,amit.mehta4600@example.com,2026-05-19 21:22:00,Bengaluru,Silver,Active
CUST04602,Ira Verma,ira.verma4601@example.com,2024-07-20 16:08:00,Chennai,Bronze,Suspended
CUST04603,Aditya Agarwal,aditya.agarwal4602@example.com,2026-06-27 15:39:00,Bengaluru,Silver,Suspended
CUST04604,Anika Patel,anika.patel4603@example.com,2025-08-18 22:36:00,Coimbatore,Bronze,Active
CUST04605,Saanvi Mehta,saanvi.mehta4604@example.com,2025-06-07 13:14:00,Nagpur,Platinum,Active
CUST04606,Myra Shetty,myra.shetty4605@example.com,2023-11-25 19:43:00,Delhi,Platinum,Active
CUST04607,Neha Mehta,neha.mehta4606@example.com,2025-06-08 13:06:00,Chennai,Platinum,Suspended
CUST04608,Priya Chatterjee,priya.chatterjee4607@example.com,2025-06-07 15:00:00,Ahmedabad,Bronze,Active
CUST04609,Krishna Desai,krishna.desai4608@example.com,2026-07-09 01:10:00,Nagpur,Silver,Active
CUST04610,Aadhya Mehta,aadhya.mehta4609@example.com,2026-02-20 07:56:00,Hyderabad,Platinum,Suspended
CUST04611,Sneha Malhotra,sneha.malhotra4610@example.com,2024-07-01 09:30:00,Pune,Bronze,Inactive
CUST04612,Reyansh Gupta,reyansh.gupta4611@example.com,2023-11-21 14:28:00,Hyderabad,Gold,Active
CUST04613,Rajesh Bose,rajesh.bose4612@example.com,2026-05-06 10:38:00,Bengaluru,Gold,Active
CUST04614,Priya Joshi,priya.joshi4613@example.com,2025-10-03 15:44:00,Chandigarh,Platinum,Active
CUST04615,Sai Sharma,sai.sharma4614@example.com,2025-04-18 02:37:00,Delhi,Silver,Active
CUST04616,Priya Bose,priya.bose4615@example.com,2025-04-03 15:33:00,Hyderabad,Bronze,Inactive
CUST04617,Priya Patel,priya.patel4616@example.com,2026-06-03 06:47:00,Chennai,Bronze,Active
CUST04618,Saanvi Chatterjee,saanvi.chatterjee4617@example.com,2023-09-21 12:16:00,Nagpur,Silver,Active
CUST04619,Kavya Gupta,kavya.gupta4618@example.com,2026-05-08 08:22:00,Hyderabad,Gold,Active
CUST04620,Vihaan Kumar,vihaan.kumar4619@example.com,2025-07-02 09:15:00,Chennai,Bronze,Inactive
CUST04621,Saanvi Rao,saanvi.rao4620@example.com,2026-02-13 23:19:00,Bengaluru,Silver,Suspended
CUST04622,Amit Pillai,amit.pillai4621@example.com,2024-12-03 16:19:00,Coimbatore,Gold,Active
CUST04623,Vihaan Singh,vihaan.singh4622@example.com,2026-01-11 19:26:00,Bengaluru,Gold,Active
CUST04624,Aditya Joshi,aditya.joshi4623@example.com,2024-02-29 07:28:00,Nagpur,Gold,Active
CUST04625,Reyansh Agarwal,reyansh.agarwal4624@example.com,2025-04-15 06:13:00,Nagpur,Gold,Suspended
CUST04626,Reyansh Shetty,reyansh.shetty4625@example.com,2024-07-22 04:24:00,Mumbai,Bronze,Inactive
CUST04627,Sneha Rao,sneha.rao4626@example.com,2024-05-02 05:27:00,Hyderabad,Bronze,Suspended
CUST04628,Vihaan Nair,vihaan.nair4627@example.com,2023-11-02 19:04:00,Mumbai,Gold,Active
CUST04629,Vikram Malhotra,vikram.malhotra4628@example.com,2026-05-19 14:40:00,Kochi,Gold,Active
CUST04630,Neha Bose,neha.bose4629@example.com,2024-01-09 05:16:00,Chennai,Bronze,Inactive
CUST04631,Ishaan Pillai,ishaan.pillai4630@example.com,2025-12-22 08:54:00,Ahmedabad,Bronze,Suspended
CUST04632,Riya Iyer,riya.iyer4631@example.com,2025-03-08 09:17:00,Coimbatore,Silver,Inactive
CUST04633,Karan Rao,karan.rao4632@example.com,2025-12-13 15:36:00,Chennai,Platinum,Active
CUST04634,Diya Bose,diya.bose4633@example.com,2025-06-01 22:09:00,Chennai,Platinum,Suspended
CUST04635,Priya Shetty,priya.shetty4634@example.com,2026-03-21 00:22:00,Nagpur,Platinum,Active
CUST04636,Saanvi Bose,saanvi.bose4635@example.com,2024-08-01 01:44:00,Ahmedabad,Silver,Active
CUST04637,Kavya Iyer,kavya.iyer4636@example.com,2025-09-27 15:52:00,Ahmedabad,Platinum,Inactive
CUST04638,Arjun Chatterjee,arjun.chatterjee4637@example.com,2025-07-30 06:19:00,Jaipur,Silver,Active
CUST04639,Vihaan Patel,vihaan.patel4638@example.com,2025-06-14 05:32:00,Surat,Gold,Suspended
CUST04640,Ishaan Bose,ishaan.bose4639@example.com,2025-10-22 07:45:00,Lucknow,Platinum,Suspended
CUST04641,Anika Nair,anika.nair4640@example.com,2025-05-21 05:10:00,Kochi,Bronze,Suspended
CUST04642,Rahul Kumar,rahul.kumar4641@example.com,2026-02-21 19:53:00,Mumbai,Platinum,Suspended
CUST04643,Aarav Patel,aarav.patel4642@example.com,2023-12-02 23:35:00,Ahmedabad,Silver,Suspended
CUST04644,Neha Verma,neha.verma4643@example.com,2025-11-03 05:47:00,Chandigarh,Bronze,Active
CUST04645,Vikram Gupta,vikram.gupta4644@example.com,2025-10-02 07:05:00,Mumbai,Silver,Active
CUST04646,Anika Sharma,anika.sharma4645@example.com,2023-11-01 22:15:00,Surat,Gold,Active
CUST04647,Sai Rao,sai.rao4646@example.com,2025-07-13 18:51:00,Coimbatore,Silver,Active
CUST04648,Meera Agarwal,meera.agarwal4647@example.com,2026-01-15 22:08:00,Chandigarh,Silver,Active
CUST04649,Arjun Mehta,arjun.mehta4648@example.com,2026-01-24 23:49:00,Kochi,Bronze,Active
CUST04650,Meera Shetty,meera.shetty4649@example.com,2025-06-06 18:04:00,Surat,Bronze,Suspended
CUST04651,Vihaan Gupta,vihaan.gupta4650@example.com,2026-09-16 23:56:00,Ahmedabad,Bronze,Active
CUST04652,Priya Kapoor,priya.kapoor4651@example.com,2023-10-17 11:31:00,Kolkata,Bronze,Suspended
CUST04653,Karan Bose,karan.bose4652@example.com,2024-04-15 11:53:00,Chandigarh,Gold,Active
CUST04654,Pooja Chatterjee,pooja.chatterjee4653@example.com,2026-06-20 23:28:00,Indore,Silver,Active
CUST04655,Reyansh Mehta,reyansh.mehta4654@example.com,2024-01-10 01:36:00,Kochi,Gold,Active
CUST04656,Priya Bose,priya.bose4655@example.com,2026-01-14 23:25:00,Bengaluru,Silver,Active
CUST04657,Anika Kapoor,anika.kapoor4656@example.com,2026-04-02 14:48:00,Coimbatore,Gold,Active
CUST04658,Ishaan Desai,ishaan.desai4657@example.com,2024-08-18 11:10:00,Kochi,Silver,Active
CUST04659,Ananya Desai,ananya.desai4658@example.com,2026-03-14 14:57:00,Ahmedabad,Bronze,Active
CUST04660,Ira Sharma,ira.sharma4659@example.com,2025-05-27 06:42:00,Hyderabad,Platinum,Active
CUST04661,Karan Verma,karan.verma4660@example.com,2024-12-06 03:45:00,Pune,Gold,Inactive
CUST04662,Aadhya Patel,aadhya.patel4661@example.com,2026-03-30 05:28:00,Kolkata,Bronze,Active
CUST04663,Saanvi Chatterjee,saanvi.chatterjee4662@example.com,2026-06-15 08:43:00,Hyderabad,Platinum,Active
CUST04664,Ananya Rao,ananya.rao4663@example.com,2024-05-11 06:19:00,Chandigarh,Platinum,Active
CUST04665,Myra Chatterjee,myra.chatterjee4664@example.com,2025-12-11 17:40:00,Chandigarh,Gold,Suspended
CUST04666,Vivaan Verma,vivaan.verma4665@example.com,2024-12-26 10:05:00,Chandigarh,Gold,Active
CUST04667,Sai Desai,sai.desai4666@example.com,2024-12-12 02:10:00,Mumbai,Platinum,Active
CUST04668,Priya Mehta,priya.mehta4667@example.com,2026-03-04 23:00:00,Chandigarh,Platinum,Active
CUST04669,Rajesh Singh,rajesh.singh4668@example.com,2025-08-10 00:11:00,Kochi,Silver,Suspended
CUST04670,Anika Malhotra,anika.malhotra4669@example.com,2026-08-17 09:07:00,Mumbai,Platinum,Inactive
CUST04671,Arjun Mehta,arjun.mehta4670@example.com,2024-06-15 19:00:00,Indore,Silver,Active
CUST04672,Amit Rao,amit.rao4671@example.com,2024-08-24 15:39:00,Chennai,Gold,Inactive
CUST04673,Anika Patel,anika.patel4672@example.com,2024-08-05 09:07:00,Delhi,Bronze,Suspended
CUST04674,Riya Bose,riya.bose4673@example.com,2026-04-21 13:59:00,Coimbatore,Platinum,Active
CUST04675,Priya Desai,priya.desai4674@example.com,2026-06-18 10:33:00,Ahmedabad,Silver,Active
CUST04676,Priya Desai,priya.desai4675@example.com,2024-07-14 10:43:00,Jaipur,Silver,Active
CUST04677,Riya Bose,riya.bose4676@example.com,2026-03-16 22:00:00,Jaipur,Gold,Active
CUST04678,Anika Desai,anika.desai4677@example.com,2024-07-08 12:41:00,Jaipur,Silver,Suspended
CUST04679,Sneha Singh,sneha.singh4678@example.com,2026-03-27 01:55:00,Mumbai,Platinum,Suspended
CUST04680,Kavya Verma,kavya.verma4679@example.com,2025-06-17 15:00:00,Lucknow,Gold,Inactive
CUST04681,Saanvi Iyer,saanvi.iyer4680@example.com,2024-03-19 06:40:00,Indore,Platinum,Suspended
CUST04682,Anika Pillai,anika.pillai4681@example.com,2026-02-27 11:21:00,Kolkata,Bronze,Active
CUST04683,Saanvi Shetty,saanvi.shetty4682@example.com,2025-03-19 04:30:00,Hyderabad,Bronze,Active
CUST04684,Priya Joshi,priya.joshi4683@example.com,2026-06-27 07:21:00,Delhi,Silver,Suspended
CUST04685,Karan Mehta,karan.mehta4684@example.com,2026-08-21 12:11:00,Lucknow,Silver,Suspended
CUST04686,Ananya Verma,ananya.verma4685@example.com,2025-08-18 10:34:00,Delhi,Silver,Suspended
CUST04687,Aarav Pillai,aarav.pillai4686@example.com,2025-08-02 14:25:00,Lucknow,Bronze,Active
CUST04688,Vivaan Kumar,vivaan.kumar4687@example.com,2025-12-06 11:26:00,Coimbatore,Silver,Suspended
CUST04689,Vikram Joshi,vikram.joshi4688@example.com,2024-06-13 18:36:00,Mumbai,Silver,Active
CUST04690,Diya Pillai,diya.pillai4689@example.com,2024-02-23 23:27:00,Hyderabad,Gold,Active
CUST04691,Aarav Agarwal,aarav.agarwal4690@example.com,2025-05-29 06:33:00,Chennai,Bronze,Inactive
CUST04692,Saanvi Patel,saanvi.patel4691@example.com,2023-10-21 03:24:00,Ahmedabad,Gold,Suspended
CUST04693,Aadhya Joshi,aadhya.joshi4692@example.com,2026-01-21 08:27:00,Chandigarh,Platinum,Active
CUST04694,Diya Malhotra,diya.malhotra4693@example.com,2024-01-01 04:56:00,Mumbai,Platinum,Inactive
CUST04695,Diya Verma,diya.verma4694@example.com,2024-09-05 23:37:00,Kolkata,Platinum,Inactive
CUST04696,Priya Nair,priya.nair4695@example.com,2024-04-25 18:37:00,Nagpur,Bronze,Inactive
CUST04697,Krishna Nair,krishna.nair4696@example.com,2024-03-06 21:24:00,Kochi,Silver,Inactive
CUST04698,Rahul Mehta,rahul.mehta4697@example.com,2024-03-04 11:59:00,Hyderabad,Gold,Active
CUST04699,Riya Gupta,riya.gupta4698@example.com,2025-05-24 19:59:00,Chandigarh,Bronze,Active
CUST04700,Divya Gupta,divya.gupta4699@example.com,2026-03-26 19:33:00,Nagpur,Gold,Active
CUST04701,Sneha Mehta,sneha.mehta4700@example.com,2024-09-16 09:06:00,Delhi,Bronze,Active
CUST04702,Vihaan Agarwal,vihaan.agarwal4701@example.com,2023-10-17 05:25:00,Mumbai,Gold,Suspended
CUST04703,Sai Sharma,sai.sharma4702@example.com,2025-09-03 12:00:00,Kochi,Bronze,Active
CUST04704,Ira Agarwal,ira.agarwal4703@example.com,2025-01-09 21:25:00,Kochi,Silver,Active
CUST04705,Vivaan Chatterjee,vivaan.chatterjee4704@example.com,2026-09-09 05:37:00,Kochi,Bronze,Suspended
CUST04706,Priya Malhotra,priya.malhotra4705@example.com,2025-12-09 21:10:00,Mumbai,Gold,Active
CUST04707,Riya Kapoor,riya.kapoor4706@example.com,2024-02-19 12:39:00,Chennai,Bronze,Active
CUST04708,Rajesh Malhotra,rajesh.malhotra4707@example.com,2023-11-10 13:53:00,Ahmedabad,Platinum,Active
CUST04709,Ishaan Sharma,ishaan.sharma4708@example.com,2024-02-20 08:31:00,Lucknow,Platinum,Active
CUST04710,Amit Bose,amit.bose4709@example.com,2025-02-02 01:55:00,Jaipur,Platinum,Inactive
CUST04711,Riya Sharma,riya.sharma4710@example.com,2025-12-12 08:42:00,Indore,Bronze,Inactive
CUST04712,Ananya Rao,ananya.rao4711@example.com,2024-07-24 04:49:00,Surat,Bronze,Active
CUST04713,Riya Rao,riya.rao4712@example.com,2026-04-21 20:26:00,Lucknow,Silver,Inactive
CUST04714,Ananya Pillai,ananya.pillai4713@example.com,2025-11-28 15:55:00,Jaipur,Silver,Active
CUST04715,Vihaan Bose,vihaan.bose4714@example.com,2024-06-18 19:33:00,Surat,Silver,Active
CUST04716,Vihaan Reddy,vihaan.reddy4715@example.com,2025-03-24 18:50:00,Coimbatore,Platinum,Inactive
CUST04717,Ananya Bose,ananya.bose4716@example.com,2025-12-06 04:30:00,Lucknow,Gold,Active
CUST04718,Kavya Agarwal,kavya.agarwal4717@example.com,2024-11-05 07:23:00,Bengaluru,Gold,Active
CUST04719,Sai Shetty,sai.shetty4718@example.com,2026-04-21 09:57:00,Ahmedabad,Platinum,Active
CUST04720,Rohan Joshi,rohan.joshi4719@example.com,2025-03-28 00:14:00,Surat,Bronze,Active
CUST04721,Aadhya Reddy,aadhya.reddy4720@example.com,2024-08-31 15:02:00,Surat,Platinum,Inactive
CUST04722,Anika Gupta,anika.gupta4721@example.com,2025-12-24 20:08:00,Lucknow,Silver,Suspended
CUST04723,Vikram Desai,vikram.desai4722@example.com,2024-10-11 02:42:00,Bengaluru,Platinum,Active
CUST04724,Reyansh Mehta,reyansh.mehta4723@example.com,2024-08-18 08:07:00,Delhi,Bronze,Active
CUST04725,Ishaan Verma,ishaan.verma4724@example.com,2026-06-20 13:33:00,Surat,Gold,Inactive
CUST04726,Rohan Pillai,rohan.pillai4725@example.com,2023-11-20 20:00:00,Kolkata,Silver,Suspended
CUST04727,Saanvi Nair,saanvi.nair4726@example.com,2025-12-05 19:06:00,Chennai,Platinum,Inactive
CUST04728,Meera Gupta,meera.gupta4727@example.com,2024-08-30 08:07:00,Chandigarh,Platinum,Inactive
CUST04729,Amit Pillai,amit.pillai4728@example.com,2026-09-20 01:24:00,Coimbatore,Gold,Active
CUST04730,Vihaan Pillai,vihaan.pillai4729@example.com,2026-08-15 00:57:00,Kolkata,Gold,Inactive
CUST04731,Ananya Iyer,ananya.iyer4730@example.com,2026-05-14 03:35:00,Coimbatore,Gold,Suspended
CUST04732,Aditya Pillai,aditya.pillai4731@example.com,2025-06-28 01:03:00,Kolkata,Gold,Active
CUST04733,Pooja Kapoor,pooja.kapoor4732@example.com,2024-10-20 10:43:00,Hyderabad,Silver,Suspended
CUST04734,Anika Malhotra,anika.malhotra4733@example.com,2026-06-04 09:50:00,Indore,Bronze,Active
CUST04735,Reyansh Joshi,reyansh.joshi4734@example.com,2025-07-15 19:43:00,Coimbatore,Silver,Suspended
CUST04736,Pooja Gupta,pooja.gupta4735@example.com,2024-02-01 18:28:00,Indore,Silver,Inactive
CUST04737,Rahul Mehta,rahul.mehta4736@example.com,2025-10-22 06:21:00,Kochi,Gold,Inactive
CUST04738,Kavya Mehta,kavya.mehta4737@example.com,2024-11-18 00:04:00,Pune,Silver,Active
CUST04739,Aadhya Desai,aadhya.desai4738@example.com,2025-02-24 23:57:00,Chennai,Gold,Active
CUST04740,Ananya Reddy,ananya.reddy4739@example.com,2026-03-22 08:27:00,Kochi,Platinum,Suspended
CUST04741,Aadhya Rao,aadhya.rao4740@example.com,2023-10-28 18:50:00,Ahmedabad,Silver,Suspended
CUST04742,Ishaan Shetty,ishaan.shetty4741@example.com,2025-04-02 01:32:00,Hyderabad,Bronze,Active
CUST04743,Kavya Chatterjee,kavya.chatterjee4742@example.com,2025-05-16 21:52:00,Nagpur,Silver,Active
CUST04744,Priya Desai,priya.desai4743@example.com,2024-05-14 21:36:00,Kolkata,Platinum,Inactive
CUST04745,Sai Sharma,sai.sharma4744@example.com,2024-08-17 23:30:00,Mumbai,Silver,Suspended
CUST04746,Rahul Kapoor,rahul.kapoor4745@example.com,2026-05-09 22:10:00,Chennai,Platinum,Inactive
CUST04747,Sneha Singh,sneha.singh4746@example.com,2024-10-01 06:19:00,Delhi,Bronze,Active
CUST04748,Riya Bose,riya.bose4747@example.com,2026-05-23 21:53:00,Chandigarh,Gold,Active
CUST04749,Reyansh Chatterjee,reyansh.chatterjee4748@example.com,2024-08-20 23:21:00,Indore,Gold,Active
CUST04750,Ishaan Desai,ishaan.desai4749@example.com,2025-09-21 09:04:00,Lucknow,Bronze,Inactive
CUST04751,Pooja Shetty,pooja.shetty4750@example.com,2026-02-09 02:55:00,Pune,Silver,Suspended
CUST04752,Sneha Malhotra,sneha.malhotra4751@example.com,2024-12-14 18:33:00,Ahmedabad,Bronze,Active
CUST04753,Divya Pillai,divya.pillai4752@example.com,2026-04-08 00:04:00,Ahmedabad,Bronze,Suspended
CUST04754,Neha Verma,neha.verma4753@example.com,2026-06-23 00:37:00,Pune,Bronze,Suspended
CUST04755,Kavya Reddy,kavya.reddy4754@example.com,2025-06-12 09:57:00,Lucknow,Silver,Active
CUST04756,Diya Chatterjee,diya.chatterjee4755@example.com,2025-12-16 17:58:00,Delhi,Platinum,Active
CUST04757,Arjun Nair,arjun.nair4756@example.com,2026-07-15 09:56:00,Nagpur,Platinum,Active
CUST04758,Arjun Mehta,arjun.mehta4757@example.com,2024-04-22 05:40:00,Indore,Bronze,Active
CUST04759,Sneha Malhotra,sneha.malhotra4758@example.com,2026-08-21 23:30:00,Delhi,Gold,Active
CUST04760,Aadhya Agarwal,aadhya.agarwal4759@example.com,2025-04-13 01:07:00,Indore,Bronze,Inactive
CUST04761,Sneha Gupta,sneha.gupta4760@example.com,2026-03-27 07:24:00,Jaipur,Silver,Inactive
CUST04762,Rahul Reddy,rahul.reddy4761@example.com,2024-12-20 06:15:00,Ahmedabad,Platinum,Active
CUST04763,Sneha Malhotra,sneha.malhotra4762@example.com,2024-11-19 01:42:00,Surat,Bronze,Active
CUST04764,Ishaan Mehta,ishaan.mehta4763@example.com,2025-06-13 03:51:00,Nagpur,Platinum,Active
CUST04765,Rahul Singh,rahul.singh4764@example.com,2023-10-18 09:34:00,Bengaluru,Bronze,Suspended
CUST04766,Ishaan Shetty,ishaan.shetty4765@example.com,2025-07-11 10:38:00,Kochi,Bronze,Active
CUST04767,Krishna Rao,krishna.rao4766@example.com,2025-12-25 04:44:00,Kolkata,Gold,Active
CUST04768,Krishna Patel,krishna.patel4767@example.com,2025-02-26 08:11:00,Lucknow,Platinum,Active
CUST04769,Arjun Reddy,arjun.reddy4768@example.com,2026-01-27 10:07:00,Lucknow,Bronze,Inactive
CUST04770,Aarav Nair,aarav.nair4769@example.com,2026-03-24 04:10:00,Nagpur,Bronze,Suspended
CUST04771,Pooja Mehta,pooja.mehta4770@example.com,2023-11-01 19:30:00,Coimbatore,Bronze,Active
CUST04772,Myra Bose,myra.bose4771@example.com,2025-08-02 14:09:00,Jaipur,Silver,Suspended
CUST04773,Ira Malhotra,ira.malhotra4772@example.com,2026-04-04 17:03:00,Nagpur,Gold,Suspended
CUST04774,Aadhya Verma,aadhya.verma4773@example.com,2026-04-29 22:44:00,Pune,Platinum,Inactive
CUST04775,Reyansh Singh,reyansh.singh4774@example.com,2024-11-09 22:51:00,Hyderabad,Silver,Active
CUST04776,Ishaan Kumar,ishaan.kumar4775@example.com,2024-09-30 06:18:00,Indore,Gold,Suspended
CUST04777,Aarav Iyer,aarav.iyer4776@example.com,2024-06-17 16:17:00,Indore,Platinum,Inactive
CUST04778,Pooja Iyer,pooja.iyer4777@example.com,2025-09-10 21:31:00,Lucknow,Platinum,Inactive
CUST04779,Priya Desai,priya.desai4778@example.com,2025-01-21 17:04:00,Delhi,Silver,Inactive
CUST04780,Sai Verma,sai.verma4779@example.com,2024-09-13 09:44:00,Coimbatore,Gold,Suspended
CUST04781,Neha Bose,neha.bose4780@example.com,2023-10-13 16:39:00,Jaipur,Bronze,Active
CUST04782,Pooja Sharma,pooja.sharma4781@example.com,2025-11-14 10:27:00,Hyderabad,Bronze,Active
CUST04783,Vivaan Gupta,vivaan.gupta4782@example.com,2026-05-20 11:05:00,Surat,Silver,Suspended
CUST04784,Ananya Shetty,ananya.shetty4783@example.com,2025-03-10 06:33:00,Delhi,Gold,Active
CUST04785,Rohan Gupta,rohan.gupta4784@example.com,2026-07-03 00:33:00,Kochi,Bronze,Active
CUST04786,Rajesh Malhotra,rajesh.malhotra4785@example.com,2024-03-17 17:23:00,Bengaluru,Gold,Suspended
CUST04787,Rajesh Joshi,rajesh.joshi4786@example.com,2025-06-29 01:44:00,Chandigarh,Bronze,Active
CUST04788,Priya Gupta,priya.gupta4787@example.com,2025-01-15 06:28:00,Bengaluru,Silver,Active
CUST04789,Saanvi Kumar,saanvi.kumar4788@example.com,2025-08-17 06:41:00,Pune,Bronze,Active
CUST04790,Krishna Patel,krishna.patel4789@example.com,2025-09-23 13:09:00,Pune,Bronze,Active
CUST04791,Riya Kapoor,riya.kapoor4790@example.com,2025-06-11 11:02:00,Delhi,Bronze,Inactive
CUST04792,Divya Patel,divya.patel4791@example.com,2025-01-18 11:02:00,Hyderabad,Bronze,Suspended
CUST04793,Kavya Pillai,kavya.pillai4792@example.com,2025-12-12 06:57:00,Nagpur,Gold,Inactive
CUST04794,Karan Kapoor,karan.kapoor4793@example.com,2024-11-12 13:57:00,Delhi,Bronze,Active
CUST04795,Ishaan Bose,ishaan.bose4794@example.com,2024-03-22 09:01:00,Lucknow,Gold,Active
CUST04796,Rajesh Gupta,rajesh.gupta4795@example.com,2025-03-03 01:57:00,Hyderabad,Bronze,Active
CUST04797,Krishna Shetty,krishna.shetty4796@example.com,2024-07-07 12:32:00,Ahmedabad,Silver,Active
CUST04798,Vihaan Agarwal,vihaan.agarwal4797@example.com,2024-11-02 12:55:00,Lucknow,Silver,Inactive
CUST04799,Ananya Pillai,ananya.pillai4798@example.com,2024-09-05 11:50:00,Jaipur,Gold,Active
CUST04800,Neha Rao,neha.rao4799@example.com,2025-07-26 05:49:00,Coimbatore,Bronze,Active
CUST04801,Pooja Nair,pooja.nair4800@example.com,2026-09-01 04:58:00,Nagpur,Platinum,Inactive
CUST04802,Divya Malhotra,divya.malhotra4801@example.com,2024-11-07 13:54:00,Mumbai,Bronze,Suspended
CUST04803,Reyansh Kumar,reyansh.kumar4802@example.com,2026-06-25 08:20:00,Jaipur,Gold,Active
CUST04804,Vihaan Singh,vihaan.singh4803@example.com,2024-12-26 00:59:00,Kolkata,Gold,Active
CUST04805,Reyansh Iyer,reyansh.iyer4804@example.com,2026-02-24 16:54:00,Coimbatore,Platinum,Inactive
CUST04806,Myra Malhotra,myra.malhotra4805@example.com,2026-04-03 20:31:00,Kochi,Bronze,Active
CUST04807,Ishaan Pillai,ishaan.pillai4806@example.com,2023-11-16 11:54:00,Lucknow,Gold,Active
CUST04808,Vivaan Bose,vivaan.bose4807@example.com,2026-08-12 19:39:00,Bengaluru,Platinum,Suspended
CUST04809,Ira Joshi,ira.joshi4808@example.com,2025-01-24 01:32:00,Chennai,Bronze,Inactive
CUST04810,Amit Patel,amit.patel4809@example.com,2024-07-16 22:17:00,Chennai,Gold,Inactive
CUST04811,Ananya Desai,ananya.desai4810@example.com,2025-09-23 18:20:00,Nagpur,Bronze,Active
CUST04812,Aadhya Bose,aadhya.bose4811@example.com,2026-08-03 11:15:00,Lucknow,Platinum,Suspended
CUST04813,Priya Nair,priya.nair4812@example.com,2024-08-22 16:40:00,Ahmedabad,Platinum,Active
CUST04814,Ishaan Kumar,ishaan.kumar4813@example.com,2025-03-21 01:55:00,Kolkata,Bronze,Inactive
CUST04815,Diya Bose,diya.bose4814@example.com,2025-09-23 23:03:00,Bengaluru,Gold,Suspended
CUST04816,Amit Joshi,amit.joshi4815@example.com,2026-04-04 02:52:00,Chennai,Platinum,Active
CUST04817,Vikram Mehta,vikram.mehta4816@example.com,2025-09-12 09:03:00,Surat,Silver,Active
CUST04818,Aarav Shetty,aarav.shetty4817@example.com,2024-12-17 05:38:00,Indore,Bronze,Active
CUST04819,Vivaan Verma,vivaan.verma4818@example.com,2026-05-22 23:50:00,Bengaluru,Bronze,Active
CUST04820,Amit Nair,amit.nair4819@example.com,2024-05-18 01:02:00,Nagpur,Silver,Active
CUST04821,Ishaan Desai,ishaan.desai4820@example.com,2026-06-09 21:40:00,Pune,Bronze,Suspended
CUST04822,Saanvi Mehta,saanvi.mehta4821@example.com,2026-02-05 13:47:00,Hyderabad,Gold,Inactive
CUST04823,Rahul Joshi,rahul.joshi4822@example.com,2025-09-11 12:09:00,Kolkata,Gold,Active
CUST04824,Rajesh Patel,rajesh.patel4823@example.com,2025-04-07 09:20:00,Surat,Platinum,Inactive
CUST04825,Ira Nair,ira.nair4824@example.com,2024-10-25 22:32:00,Nagpur,Gold,Inactive
CUST04826,Sneha Chatterjee,sneha.chatterjee4825@example.com,2025-02-19 22:07:00,Kochi,Gold,Active
CUST04827,Saanvi Sharma,saanvi.sharma4826@example.com,2023-12-17 20:12:00,Kochi,Platinum,Inactive
CUST04828,Divya Rao,divya.rao4827@example.com,2024-03-27 01:48:00,Hyderabad,Silver,Suspended
CUST04829,Divya Iyer,divya.iyer4828@example.com,2025-12-30 09:22:00,Nagpur,Silver,Inactive
CUST04830,Rohan Gupta,rohan.gupta4829@example.com,2026-06-11 12:15:00,Surat,Platinum,Suspended
CUST04831,Divya Nair,divya.nair4830@example.com,2024-09-01 03:59:00,Surat,Gold,Active
CUST04832,Rohan Reddy,rohan.reddy4831@example.com,2025-06-05 02:12:00,Surat,Platinum,Active
CUST04833,Sneha Singh,sneha.singh4832@example.com,2026-05-09 23:00:00,Delhi,Gold,Active
CUST04834,Divya Chatterjee,divya.chatterjee4833@example.com,2024-07-08 14:17:00,Bengaluru,Bronze,Active
CUST04835,Rahul Agarwal,rahul.agarwal4834@example.com,2025-07-05 14:11:00,Chennai,Platinum,Active
CUST04836,Rajesh Malhotra,rajesh.malhotra4835@example.com,2026-08-27 17:16:00,Chandigarh,Gold,Active
CUST04837,Pooja Verma,pooja.verma4836@example.com,2026-01-21 23:43:00,Nagpur,Bronze,Inactive
CUST04838,Ishaan Gupta,ishaan.gupta4837@example.com,2024-10-07 19:58:00,Ahmedabad,Silver,Inactive
CUST04839,Vikram Bose,vikram.bose4838@example.com,2025-07-08 10:58:00,Jaipur,Silver,Inactive
CUST04840,Anika Malhotra,anika.malhotra4839@example.com,2023-11-18 04:16:00,Pune,Platinum,Active
CUST04841,Divya Agarwal,divya.agarwal4840@example.com,2025-02-15 21:56:00,Mumbai,Gold,Active
CUST04842,Amit Malhotra,amit.malhotra4841@example.com,2025-01-14 03:21:00,Chennai,Gold,Suspended
CUST04843,Rajesh Patel,rajesh.patel4842@example.com,2026-03-12 16:19:00,Chennai,Platinum,Active
CUST04844,Vikram Singh,vikram.singh4843@example.com,2024-10-31 04:21:00,Chennai,Bronze,Active
CUST04845,Amit Iyer,amit.iyer4844@example.com,2025-09-29 06:38:00,Ahmedabad,Silver,Inactive
CUST04846,Kavya Gupta,kavya.gupta4845@example.com,2024-10-12 16:02:00,Jaipur,Silver,Active
CUST04847,Diya Malhotra,diya.malhotra4846@example.com,2024-08-16 02:24:00,Mumbai,Bronze,Active
CUST04848,Meera Desai,meera.desai4847@example.com,2024-10-23 19:58:00,Delhi,Silver,Inactive
CUST04849,Neha Agarwal,neha.agarwal4848@example.com,2024-09-10 11:56:00,Kolkata,Platinum,Active
CUST04850,Myra Sharma,myra.sharma4849@example.com,2026-07-14 22:34:00,Kochi,Gold,Active
CUST04851,Karan Verma,karan.verma4850@example.com,2023-12-28 05:24:00,Surat,Bronze,Inactive
CUST04852,Rahul Singh,rahul.singh4851@example.com,2026-08-25 03:59:00,Ahmedabad,Silver,Active
CUST04853,Rahul Chatterjee,rahul.chatterjee4852@example.com,2024-06-28 05:33:00,Surat,Platinum,Active
CUST04854,Pooja Kumar,pooja.kumar4853@example.com,2026-05-23 21:26:00,Coimbatore,Gold,Inactive
CUST04855,Aarav Rao,aarav.rao4854@example.com,2024-07-20 01:32:00,Indore,Bronze,Active
CUST04856,Reyansh Mehta,reyansh.mehta4855@example.com,2024-01-17 15:58:00,Bengaluru,Bronze,Active
CUST04857,Ananya Pillai,ananya.pillai4856@example.com,2025-05-14 08:28:00,Hyderabad,Platinum,Active
CUST04858,Aditya Patel,aditya.patel4857@example.com,2025-03-23 01:17:00,Coimbatore,Bronze,Active
CUST04859,Sai Nair,sai.nair4858@example.com,2026-01-07 01:04:00,Kochi,Silver,Active
CUST04860,Kavya Kumar,kavya.kumar4859@example.com,2025-07-01 02:48:00,Delhi,Silver,Active
CUST04861,Sneha Shetty,sneha.shetty4860@example.com,2025-02-06 14:23:00,Chandigarh,Platinum,Active
CUST04862,Priya Malhotra,priya.malhotra4861@example.com,2024-08-14 16:59:00,Chennai,Platinum,Active
CUST04863,Pooja Agarwal,pooja.agarwal4862@example.com,2026-09-15 11:29:00,Lucknow,Gold,Active
CUST04864,Myra Bose,myra.bose4863@example.com,2024-02-25 11:12:00,Jaipur,Silver,Active
CUST04865,Sneha Kumar,sneha.kumar4864@example.com,2025-11-03 13:40:00,Nagpur,Bronze,Suspended
CUST04866,Ishaan Singh,ishaan.singh4865@example.com,2026-09-04 17:50:00,Hyderabad,Bronze,Inactive
CUST04867,Priya Pillai,priya.pillai4866@example.com,2024-10-08 23:56:00,Jaipur,Gold,Inactive
CUST04868,Vikram Agarwal,vikram.agarwal4867@example.com,2023-12-15 17:36:00,Lucknow,Platinum,Active
CUST04869,Pooja Mehta,pooja.mehta4868@example.com,2024-12-18 15:52:00,Bengaluru,Platinum,Inactive
CUST04870,Reyansh Gupta,reyansh.gupta4869@example.com,2024-07-11 18:42:00,Pune,Silver,Active
CUST04871,Aadhya Joshi,aadhya.joshi4870@example.com,2026-02-16 09:26:00,Kolkata,Bronze,Active
CUST04872,Sai Rao,sai.rao4871@example.com,2025-04-17 18:23:00,Ahmedabad,Bronze,Active
CUST04873,Rajesh Rao,rajesh.rao4872@example.com,2026-05-18 03:49:00,Indore,Bronze,Active
CUST04874,Vikram Pillai,vikram.pillai4873@example.com,2025-11-18 16:10:00,Delhi,Bronze,Active
CUST04875,Krishna Sharma,krishna.sharma4874@example.com,2025-06-24 14:39:00,Kochi,Platinum,Active
CUST04876,Aarav Desai,aarav.desai4875@example.com,2026-03-09 22:00:00,Lucknow,Gold,Active
CUST04877,Rahul Shetty,rahul.shetty4876@example.com,2026-07-17 05:58:00,Nagpur,Gold,Suspended
CUST04878,Rahul Nair,rahul.nair4877@example.com,2024-05-10 02:58:00,Indore,Platinum,Active
CUST04879,Divya Gupta,divya.gupta4878@example.com,2024-09-21 17:00:00,Surat,Bronze,Suspended
CUST04880,Myra Reddy,myra.reddy4879@example.com,2024-05-26 07:44:00,Lucknow,Silver,Suspended
CUST04881,Ishaan Singh,ishaan.singh4880@example.com,2025-05-11 23:51:00,Chennai,Gold,Active
CUST04882,Vivaan Rao,vivaan.rao4881@example.com,2026-01-25 21:36:00,Nagpur,Silver,Active
CUST04883,Meera Malhotra,meera.malhotra4882@example.com,2024-07-08 09:46:00,Mumbai,Platinum,Active
CUST04884,Meera Iyer,meera.iyer4883@example.com,2025-12-16 04:01:00,Hyderabad,Bronze,Inactive
CUST04885,Arjun Gupta,arjun.gupta4884@example.com,2026-09-07 14:03:00,Nagpur,Platinum,Active
CUST04886,Diya Singh,diya.singh4885@example.com,2024-11-04 09:39:00,Ahmedabad,Gold,Active
CUST04887,Riya Patel,riya.patel4886@example.com,2024-03-11 13:06:00,Coimbatore,Bronze,Active
CUST04888,Aarav Kapoor,aarav.kapoor4887@example.com,2025-09-04 21:50:00,Chennai,Bronze,Active
CUST04889,Aadhya Chatterjee,aadhya.chatterjee4888@example.com,2024-05-06 14:50:00,Nagpur,Gold,Active
CUST04890,Vikram Bose,vikram.bose4889@example.com,2024-07-03 22:46:00,Kolkata,Platinum,Suspended
CUST04891,Vihaan Nair,vihaan.nair4890@example.com,2025-05-16 10:18:00,Delhi,Gold,Active
CUST04892,Amit Reddy,amit.reddy4891@example.com,2025-09-19 23:04:00,Indore,Platinum,Active
CUST04893,Reyansh Iyer,reyansh.iyer4892@example.com,2025-12-05 09:37:00,Nagpur,Platinum,Suspended
CUST04894,Rohan Bose,rohan.bose4893@example.com,2024-09-26 07:49:00,Chandigarh,Gold,Active
CUST04895,Saanvi Kumar,saanvi.kumar4894@example.com,2026-04-14 15:31:00,Indore,Platinum,Active
CUST04896,Aadhya Reddy,aadhya.reddy4895@example.com,2024-02-15 23:16:00,Pune,Gold,Active
CUST04897,Meera Reddy,meera.reddy4896@example.com,2026-01-05 23:02:00,Pune,Gold,Active
CUST04898,Vikram Mehta,vikram.mehta4897@example.com,2024-03-23 20:55:00,Coimbatore,Bronze,Active
CUST04899,Neha Reddy,neha.reddy4898@example.com,2024-10-15 18:46:00,Kochi,Platinum,Suspended
CUST04900,Aadhya Singh,aadhya.singh4899@example.com,2026-09-08 18:48:00,Nagpur,Bronze,Suspended
CUST04901,Aadhya Kumar,aadhya.kumar4900@example.com,2024-04-20 01:50:00,Jaipur,Silver,Inactive
CUST04902,Aarav Mehta,aarav.mehta4901@example.com,2026-03-02 03:10:00,Delhi,Platinum,Inactive
CUST04903,Ishaan Nair,ishaan.nair4902@example.com,2025-10-05 21:38:00,Lucknow,Bronze,Inactive
CUST04904,Meera Chatterjee,meera.chatterjee4903@example.com,2023-10-12 20:27:00,Mumbai,Bronze,Active
CUST04905,Divya Nair,divya.nair4904@example.com,2023-12-24 01:00:00,Bengaluru,Bronze,Active
CUST04906,Diya Pillai,diya.pillai4905@example.com,2024-09-01 05:54:00,Kolkata,Platinum,Inactive
CUST04907,Priya Chatterjee,priya.chatterjee4906@example.com,2024-04-15 20:11:00,Chandigarh,Platinum,Suspended
CUST04908,Aditya Sharma,aditya.sharma4907@example.com,2026-02-03 07:33:00,Bengaluru,Bronze,Active
CUST04909,Anika Kumar,anika.kumar4908@example.com,2025-07-14 06:37:00,Pune,Bronze,Active
CUST04910,Sneha Agarwal,sneha.agarwal4909@example.com,2024-11-09 06:25:00,Chandigarh,Platinum,Active
CUST04911,Amit Rao,amit.rao4910@example.com,2026-04-06 00:23:00,Chandigarh,Platinum,Active
CUST04912,Priya Reddy,priya.reddy4911@example.com,2024-12-19 05:13:00,Delhi,Silver,Active
CUST04913,Amit Rao,amit.rao4912@example.com,2024-02-14 01:30:00,Kolkata,Platinum,Suspended
CUST04914,Amit Malhotra,amit.malhotra4913@example.com,2025-10-13 01:16:00,Jaipur,Gold,Active
CUST04915,Neha Shetty,neha.shetty4914@example.com,2026-03-12 11:25:00,Lucknow,Gold,Active
CUST04916,Ishaan Gupta,ishaan.gupta4915@example.com,2023-10-28 22:15:00,Jaipur,Silver,Inactive
CUST04917,Vihaan Desai,vihaan.desai4916@example.com,2026-06-09 13:02:00,Nagpur,Silver,Active
CUST04918,Vivaan Verma,vivaan.verma4917@example.com,2025-05-24 08:26:00,Coimbatore,Bronze,Suspended
CUST04919,Ananya Nair,ananya.nair4918@example.com,2025-07-05 21:25:00,Chennai,Platinum,Suspended
CUST04920,Anika Joshi,anika.joshi4919@example.com,2024-08-13 04:51:00,Pune,Bronze,Active
CUST04921,Meera Shetty,meera.shetty4920@example.com,2023-11-14 05:30:00,Ahmedabad,Bronze,Inactive
CUST04922,Amit Verma,amit.verma4921@example.com,2025-10-02 07:43:00,Bengaluru,Bronze,Active
CUST04923,Aarav Iyer,aarav.iyer4922@example.com,2024-11-10 14:05:00,Lucknow,Platinum,Active
CUST04924,Kavya Shetty,kavya.shetty4923@example.com,2026-06-03 02:54:00,Coimbatore,Bronze,Active
CUST04925,Saanvi Mehta,saanvi.mehta4924@example.com,2023-11-03 19:50:00,Ahmedabad,Platinum,Active
CUST04926,Saanvi Joshi,saanvi.joshi4925@example.com,2024-01-18 19:00:00,Ahmedabad,Bronze,Active
CUST04927,Arjun Desai,arjun.desai4926@example.com,2026-06-02 18:25:00,Delhi,Bronze,Suspended
CUST04928,Vivaan Pillai,vivaan.pillai4927@example.com,2025-07-10 04:42:00,Jaipur,Gold,Active
CUST04929,Sai Iyer,sai.iyer4928@example.com,2026-01-02 03:01:00,Indore,Bronze,Suspended
CUST04930,Sai Kapoor,sai.kapoor4929@example.com,2025-06-09 19:18:00,Jaipur,Silver,Active
CUST04931,Anika Agarwal,anika.agarwal4930@example.com,2025-11-06 22:44:00,Nagpur,Bronze,Active
CUST04932,Rajesh Chatterjee,rajesh.chatterjee4931@example.com,2026-03-23 15:43:00,Delhi,Gold,Inactive
CUST04933,Arjun Gupta,arjun.gupta4932@example.com,2023-12-28 15:19:00,Indore,Gold,Active
CUST04934,Ananya Kapoor,ananya.kapoor4933@example.com,2025-07-15 00:52:00,Coimbatore,Gold,Suspended
CUST04935,Aadhya Kumar,aadhya.kumar4934@example.com,2023-10-12 00:53:00,Lucknow,Bronze,Inactive
CUST04936,Ishaan Patel,ishaan.patel4935@example.com,2026-05-08 10:37:00,Kolkata,Gold,Active
CUST04937,Ananya Verma,ananya.verma4936@example.com,2025-08-15 02:00:00,Chennai,Gold,Suspended
CUST04938,Arjun Bose,arjun.bose4937@example.com,2026-01-04 00:20:00,Indore,Platinum,Suspended
CUST04939,Sneha Iyer,sneha.iyer4938@example.com,2026-08-25 19:58:00,Delhi,Platinum,Active
CUST04940,Neha Joshi,neha.joshi4939@example.com,2025-07-22 22:43:00,Hyderabad,Gold,Active
CUST04941,Divya Malhotra,divya.malhotra4940@example.com,2025-11-19 16:06:00,Jaipur,Silver,Active
CUST04942,Rohan Iyer,rohan.iyer4941@example.com,2025-12-26 19:15:00,Kochi,Silver,Inactive
CUST04943,Meera Iyer,meera.iyer4942@example.com,2024-04-05 08:38:00,Kochi,Silver,Active
CUST04944,Kavya Agarwal,kavya.agarwal4943@example.com,2026-01-03 01:04:00,Chandigarh,Gold,Active
CUST04945,Aadhya Singh,aadhya.singh4944@example.com,2026-02-21 16:37:00,Kolkata,Platinum,Active
CUST04946,Ananya Bose,ananya.bose4945@example.com,2025-08-19 22:03:00,Delhi,Gold,Suspended
CUST04947,Karan Kumar,karan.kumar4946@example.com,2025-12-27 07:55:00,Chennai,Gold,Suspended
CUST04948,Ira Chatterjee,ira.chatterjee4947@example.com,2024-05-18 13:04:00,Bengaluru,Silver,Inactive
CUST04949,Vivaan Reddy,vivaan.reddy4948@example.com,2026-06-16 10:44:00,Lucknow,Silver,Active
CUST04950,Arjun Verma,arjun.verma4949@example.com,2024-07-02 18:00:00,Bengaluru,Bronze,Active
CUST04951,Krishna Singh,krishna.singh4950@example.com,2026-05-26 12:15:00,Chandigarh,Platinum,Active
CUST04952,Vivaan Bose,vivaan.bose4951@example.com,2025-06-05 09:31:00,Lucknow,Bronze,Active
CUST04953,Ishaan Singh,ishaan.singh4952@example.com,2024-02-22 12:35:00,Ahmedabad,Silver,Active
CUST04954,Amit Chatterjee,amit.chatterjee4953@example.com,2026-03-08 04:26:00,Kochi,Silver,Suspended
CUST04955,Aadhya Patel,aadhya.patel4954@example.com,2025-06-18 19:11:00,Coimbatore,Gold,Active
CUST04956,Rajesh Bose,rajesh.bose4955@example.com,2026-04-28 02:59:00,Surat,Silver,Active
CUST04957,Vivaan Chatterjee,vivaan.chatterjee4956@example.com,2025-10-24 04:55:00,Surat,Bronze,Active
CUST04958,Diya Desai,diya.desai4957@example.com,2024-05-22 02:04:00,Hyderabad,Bronze,Active
CUST04959,Anika Chatterjee,anika.chatterjee4958@example.com,2026-04-22 08:41:00,Kolkata,Gold,Inactive
CUST04960,Anika Patel,anika.patel4959@example.com,2024-08-07 04:58:00,Mumbai,Silver,Inactive
CUST04961,Sneha Kumar,sneha.kumar4960@example.com,2025-10-30 05:13:00,Indore,Platinum,Active
CUST04962,Vihaan Joshi,vihaan.joshi4961@example.com,2023-09-29 17:53:00,Mumbai,Platinum,Active
CUST04963,Aditya Reddy,aditya.reddy4962@example.com,2026-07-23 15:45:00,Mumbai,Gold,Active
CUST04964,Sneha Mehta,sneha.mehta4963@example.com,2025-03-04 21:21:00,Hyderabad,Silver,Active
CUST04965,Sai Singh,sai.singh4964@example.com,2024-07-20 11:50:00,Coimbatore,Platinum,Inactive
CUST04966,Neha Kapoor,neha.kapoor4965@example.com,2025-11-16 05:55:00,Ahmedabad,Bronze,Active
CUST04967,Vikram Iyer,vikram.iyer4966@example.com,2025-08-01 20:34:00,Delhi,Platinum,Active
CUST04968,Riya Pillai,riya.pillai4967@example.com,2023-12-28 23:28:00,Lucknow,Platinum,Suspended
CUST04969,Reyansh Pillai,reyansh.pillai4968@example.com,2026-05-29 12:35:00,Kolkata,Silver,Active
CUST04970,Aarav Kapoor,aarav.kapoor4969@example.com,2024-08-27 10:07:00,Delhi,Bronze,Active
CUST04971,Karan Pillai,karan.pillai4970@example.com,2024-07-07 09:12:00,Chandigarh,Platinum,Active
CUST04972,Sai Malhotra,sai.malhotra4971@example.com,2026-06-29 11:46:00,Delhi,Silver,Inactive
CUST04973,Divya Gupta,divya.gupta4972@example.com,2024-07-06 19:55:00,Delhi,Gold,Suspended
CUST04974,Krishna Bose,krishna.bose4973@example.com,2023-11-07 11:37:00,Jaipur,Platinum,Suspended
CUST04975,Priya Patel,priya.patel4974@example.com,2024-09-10 22:41:00,Ahmedabad,Silver,Inactive
CUST04976,Rajesh Agarwal,rajesh.agarwal4975@example.com,2025-02-10 15:41:00,Surat,Gold,Active
CUST04977,Aarav Mehta,aarav.mehta4976@example.com,2026-07-08 09:33:00,Coimbatore,Platinum,Active
CUST04978,Priya Patel,priya.patel4977@example.com,2024-07-11 17:17:00,Surat,Silver,Active
CUST04979,Saanvi Joshi,saanvi.joshi4978@example.com,2025-01-01 04:11:00,Pune,Silver,Inactive
CUST04980,Riya Patel,riya.patel4979@example.com,2025-08-30 01:46:00,Hyderabad,Gold,Active
CUST04981,Vikram Agarwal,vikram.agarwal4980@example.com,2024-05-20 13:00:00,Bengaluru,Platinum,Active
CUST04982,Arjun Sharma,arjun.sharma4981@example.com,2025-01-09 03:22:00,Coimbatore,Gold,Inactive
CUST04983,Aditya Chatterjee,aditya.chatterjee4982@example.com,2024-08-10 18:31:00,Delhi,Silver,Active
CUST04984,Vikram Bose,vikram.bose4983@example.com,2025-08-28 19:06:00,Kochi,Silver,Active
CUST04985,Myra Iyer,myra.iyer4984@example.com,2025-10-10 11:52:00,Hyderabad,Platinum,Active
CUST04986,Meera Sharma,meera.sharma4985@example.com,2024-04-15 20:55:00,Mumbai,Platinum,Active
CUST04987,Ananya Verma,ananya.verma4986@example.com,2025-01-23 19:44:00,Nagpur,Platinum,Active
CUST04988,Rahul Shetty,rahul.shetty4987@example.com,2025-07-04 10:18:00,Chandigarh,Bronze,Active
CUST04989,Myra Agarwal,myra.agarwal4988@example.com,2025-12-13 00:39:00,Surat,Gold,Suspended
CUST04990,Neha Pillai,neha.pillai4989@example.com,2024-12-03 15:17:00,Lucknow,Bronze,Active
CUST04991,Arjun Reddy,arjun.reddy4990@example.com,2025-11-15 20:17:00,Chennai,Silver,Inactive
CUST04992,Sneha Verma,sneha.verma4991@example.com,2023-11-01 07:20:00,Chandigarh,Gold,Active
CUST04993,Pooja Mehta,pooja.mehta4992@example.com,2026-07-02 06:13:00,Kochi,Silver,Active
CUST04994,Ananya Verma,ananya.verma4993@example.com,2023-12-16 04:17:00,Mumbai,Bronze,Active
CUST04995,Neha Gupta,neha.gupta4994@example.com,2026-03-04 00:21:00,Surat,Platinum,Active
CUST04996,Ira Shetty,ira.shetty4995@example.com,2024-06-08 19:20:00,Bengaluru,Platinum,Inactive
CUST04997,Saanvi Gupta,saanvi.gupta4996@example.com,2025-05-17 00:41:00,Chennai,Platinum,Inactive
CUST04998,Saanvi Iyer,saanvi.iyer4997@example.com,2026-03-31 02:22:00,Surat,Bronze,Inactive
CUST04999,Sai Nair,sai.nair4998@example.com,2024-08-03 15:46:00,Kolkata,Platinum,Active
CUST05000,Karan Rao,karan.rao4999@example.com,2025-08-05 06:39:00,Ahmedabad,Bronze,Inactive
