order_id,cust_id,pickup_loc,destination,curr_location,delivery_status,partner,driver_name,eta_dt,actual_delivery_dt
ORD100352,CUST00727,Hyderabad,Surat,Bengaluru,Delayed,BlueDart,Karan Kapoor,2026-08-11 15:15:00,
ORD101295,CUST00480,Hyderabad,Delhi,Indore,Delayed,Ekart,Sai Joshi,2026-05-06 09:22:00,
ORD104184,CUST04420,Mumbai,Pune,Pune,Delivered,Ekart,Rohan Kumar,2026-04-16 09:06:00,2026-04-16 09:06:00
ORD101042,CUST02744,Surat,Chandigarh,Chandigarh,Delivered,Ekart,Anika Gupta,2026-07-01 07:39:00,2026-06-30 07:39:00
ORD103952,CUST01446,Lucknow,Kochi,Mumbai,Delayed,Xpressbees,Vivaan Iyer,2026-05-05 02:44:00,
ORD103103,CUST04857,Lucknow,Nagpur,Nagpur,Delivered,Ekart,Reyansh Mehta,2026-02-04 08:46:00,2026-02-05 08:46:00
ORD100396,CUST03439,Ahmedabad,Kochi,Kochi,Delivered,DTDC,Saanvi Malhotra,2026-09-03 17:12:00,2026-09-02 17:12:00
ORD101117,CUST04182,Nagpur,Bengaluru,Bengaluru,Delivered,BlueDart,Karan Nair,2026-08-25 09:34:00,2026-08-25 09:34:00
ORD103705,CUST02430,Surat,Indore,Chennai,Delayed,BlueDart,Divya Desai,2026-08-22 04:08:00,
ORD104465,CUST00570,Pune,Surat,Indore,Pending,Delhivery,Sai Joshi,2026-04-13 23:18:00,
ORD104233,CUST02739,Mumbai,Hyderabad,Jaipur,Delayed,DTDC,Neha Desai,2026-07-10 06:50:00,
ORD103805,CUST03164,Kolkata,Coimbatore,Ahmedabad,In Transit,DTDC,Vikram Desai,2026-06-27 01:01:00,
ORD101259,CUST01426,Lucknow,Kochi,Kochi,Delivered,Xpressbees,Vikram Malhotra,2026-09-27 11:43:00,2026-09-28 11:43:00
ORD101382,CUST00959,Surat,Jaipur,Nagpur,Delayed,Ekart,Amit Kapoor,2026-07-02 01:51:00,
ORD101199,CUST02285,Surat,Nagpur,Nagpur,Delivered,DTDC,Aadhya Agarwal,2026-05-19 07:07:00,2026-05-21 07:07:00
ORD101687,CUST03529,Kolkata,Pune,Pune,Delivered,Xpressbees,Diya Bose,2026-03-04 20:20:00,2026-03-04 20:20:00
ORD101764,CUST03710,Hyderabad,Kochi,Chennai,Pending,BlueDart,Priya Bose,2026-09-04 03:28:00,
ORD102375,CUST02238,Bengaluru,Delhi,Delhi,Delivered,BlueDart,Rahul Nair,2026-09-12 18:04:00,2026-09-13 18:04:00
ORD100146,CUST02219,Chandigarh,Ahmedabad,Ahmedabad,Delivered,Shadowfax,Amit Reddy,2026-07-30 15:48:00,2026-07-30 15:48:00
ORD102007,CUST04031,Ahmedabad,Coimbatore,Mumbai,In Transit,Delhivery,Vikram Shetty,2026-04-23 22:09:00,
ORD100111,CUST01976,Pune,Delhi,Hyderabad,Returned to Sender,Xpressbees,Aadhya Bose,2026-05-29 19:23:00,
ORD102666,CUST02104,Bengaluru,Chennai,Chennai,Delivered,Ekart,Pooja Reddy,2026-06-18 13:11:00,2026-06-17 13:11:00
ORD104167,CUST02990,Coimbatore,Mumbai,Chennai,Pending,Delhivery,Sneha Agarwal,2026-08-23 12:52:00,
ORD103543,CUST03175,Ahmedabad,Indore,Coimbatore,Out for Delivery,Ekart,Krishna Gupta,2026-06-15 12:05:00,
ORD103102,CUST00593,Chennai,Lucknow,Lucknow,Delivered,DTDC,Neha Shetty,2026-05-06 18:57:00,2026-05-10 18:57:00
ORD100548,CUST01125,Jaipur,Hyderabad,Indore,Pending,Shadowfax,Rahul Kumar,2026-09-10 12:16:00,
ORD103123,CUST00354,Delhi,Ahmedabad,Jaipur,In Transit,Shadowfax,Rohan Agarwal,2026-04-06 16:53:00,
ORD104264,CUST02183,Bengaluru,Indore,Indore,Delivered,Ekart,Sai Gupta,2026-06-06 10:05:00,2026-06-08 10:05:00
ORD103775,CUST01416,Coimbatore,Jaipur,Jaipur,Delivered,Shadowfax,Krishna Sharma,2026-07-01 21:12:00,2026-07-02 21:12:00
ORD104154,CUST01803,Mumbai,Kolkata,Pune,In Transit,Ekart,Anika Joshi,2026-09-03 19:16:00,
ORD100886,CUST02405,Kolkata,Ahmedabad,Ahmedabad,Delivered,Shadowfax,Pooja Kumar,2026-08-22 05:16:00,2026-08-23 05:16:00
ORD103067,CUST01715,Nagpur,Kochi,Kochi,Delivered,Xpressbees,Aditya Sharma,2026-02-03 06:21:00,2026-02-07 06:21:00
ORD103217,CUST02790,Surat,Chandigarh,Chandigarh,Delivered,Delhivery,Divya Bose,2026-09-27 05:15:00,2026-09-26 05:15:00
ORD104559,CUST04671,Pune,Mumbai,Nagpur,Picked Up,Shadowfax,Diya Nair,2026-05-17 08:42:00,
ORD100684,CUST02963,Chandigarh,Kochi,Pune,Delayed,Delhivery,Divya Kapoor,2026-04-04 03:12:00,
ORD101865,CUST04222,Hyderabad,Bengaluru,Bengaluru,Delivered,DTDC,Karan Mehta,2026-08-29 02:41:00,2026-08-30 02:41:00
ORD100768,CUST02637,Chennai,Chandigarh,Ahmedabad,Returned to Sender,BlueDart,Aditya Iyer,2026-08-28 17:25:00,
ORD102470,CUST04754,Kochi,Chennai,Chandigarh,Picked Up,Ekart,Riya Mehta,2026-05-11 17:23:00,
ORD104653,CUST01552,Hyderabad,Bengaluru,Bengaluru,Delivered,Shadowfax,Diya Kapoor,2026-03-21 08:11:00,2026-03-21 08:11:00
ORD103781,CUST03915,Coimbatore,Indore,Indore,Delivered,Shadowfax,Amit Malhotra,2026-03-06 16:47:00,2026-03-08 16:47:00
ORD102912,CUST00230,Coimbatore,Lucknow,Lucknow,Delivered,Delhivery,Ira Chatterjee,2026-08-17 19:40:00,2026-08-21 19:40:00
ORD104483,CUST01389,Mumbai,Chandigarh,Kolkata,Delayed,Ekart,Ishaan Singh,2026-05-14 11:48:00,
ORD102500,CUST01388,Kochi,Coimbatore,Coimbatore,Delivered,Xpressbees,Reyansh Gupta,2026-02-20 07:27:00,2026-02-20 07:27:00
ORD104624,CUST03133,Kochi,Coimbatore,Coimbatore,Delivered,Delhivery,Anika Chatterjee,2026-08-27 15:17:00,2026-08-27 15:17:00
ORD101227,CUST03804,Chennai,Surat,Surat,Delivered,Delhivery,Priya Shetty,2026-02-01 20:00:00,2026-02-03 20:00:00
ORD104469,CUST00965,Surat,Kolkata,Hyderabad,In Transit,DTDC,Sai Verma,2026-05-18 04:14:00,
ORD100213,CUST00914,Ahmedabad,Mumbai,Mumbai,Delivered,Xpressbees,Vihaan Agarwal,2026-08-07 09:42:00,2026-08-11 09:42:00
ORD104257,CUST02817,Kochi,Hyderabad,Hyderabad,Delivered,BlueDart,Aarav Joshi,2026-08-08 03:18:00,2026-08-08 03:18:00
ORD104244,CUST04122,Nagpur,Mumbai,Mumbai,Delivered,Ekart,Aarav Joshi,2026-02-26 18:31:00,2026-02-25 18:31:00
ORD104455,CUST01375,Bengaluru,Chennai,Kolkata,Pending,Xpressbees,Amit Rao,2026-09-22 08:20:00,
ORD100895,CUST00289,Mumbai,Pune,Pune,Delivered,Delhivery,Aarav Desai,2026-03-24 01:48:00,2026-03-28 01:48:00
ORD104577,CUST03074,Hyderabad,Chandigarh,Pune,Picked Up,Shadowfax,Arjun Desai,2026-06-24 08:40:00,
ORD102803,CUST04427,Ahmedabad,Delhi,Delhi,Delivered,Shadowfax,Priya Sharma,2026-02-08 03:25:00,2026-02-10 03:25:00
ORD101877,CUST03080,Bengaluru,Ahmedabad,Nagpur,In Transit,Ekart,Sai Iyer,2026-03-10 09:46:00,
ORD100757,CUST02610,Chandigarh,Surat,Kochi,Pending,BlueDart,Sneha Nair,2026-04-07 09:02:00,
ORD100724,CUST02265,Nagpur,Mumbai,Mumbai,Delivered,BlueDart,Priya Kumar,2026-08-23 09:34:00,2026-08-23 09:34:00
ORD103957,CUST00979,Pune,Ahmedabad,Kochi,Out for Delivery,BlueDart,Krishna Rao,2026-01-30 04:58:00,
ORD104810,CUST01652,Surat,Bengaluru,Bengaluru,Delivered,Xpressbees,Karan Pillai,2026-03-27 05:05:00,2026-03-27 05:05:00
ORD104038,CUST01822,Jaipur,Chennai,Lucknow,Picked Up,Xpressbees,Rahul Sharma,2026-06-09 09:07:00,
ORD103985,CUST03917,Chandigarh,Kochi,Delhi,Returned to Sender,BlueDart,Sai Reddy,2026-08-13 02:12:00,
ORD100163,CUST01157,Kochi,Mumbai,Mumbai,Delivered,Ekart,Sneha Chatterjee,2026-05-13 19:50:00,2026-05-13 19:50:00
ORD102012,CUST02337,Chandigarh,Hyderabad,Hyderabad,Delivered,Ekart,Neha Agarwal,2026-04-12 21:00:00,2026-04-14 21:00:00
ORD101228,CUST04174,Indore,Lucknow,Hyderabad,Delayed,Shadowfax,Ananya Patel,2026-05-27 19:55:00,
ORD104018,CUST03725,Chandigarh,Chennai,Chennai,Delivered,BlueDart,Saanvi Joshi,2026-04-17 20:53:00,2026-04-21 20:53:00
ORD101962,CUST00547,Kolkata,Mumbai,Kolkata,Picked Up,DTDC,Saanvi Agarwal,2026-06-19 01:16:00,
ORD103885,CUST02041,Chennai,Indore,Chandigarh,Picked Up,Ekart,Saanvi Gupta,2026-02-09 23:12:00,
ORD103451,CUST01352,Chennai,Lucknow,Lucknow,In Transit,BlueDart,Riya Patel,2026-08-18 10:36:00,
ORD100100,CUST03045,Kolkata,Coimbatore,Indore,Picked Up,Shadowfax,Ananya Malhotra,2026-04-11 16:30:00,
ORD100140,CUST02095,Bengaluru,Mumbai,Hyderabad,Pending,Ekart,Priya Agarwal,2026-07-02 02:14:00,
ORD101161,CUST01454,Lucknow,Ahmedabad,Surat,Picked Up,Ekart,Sneha Nair,2026-04-06 07:27:00,
ORD104734,CUST02404,Kochi,Chennai,Chennai,Delivered,BlueDart,Priya Rao,2026-06-26 04:11:00,2026-06-30 04:11:00
ORD103199,CUST00729,Chennai,Hyderabad,Hyderabad,Delivered,Xpressbees,Priya Desai,2026-08-25 18:04:00,2026-08-29 18:04:00
ORD100861,CUST01514,Surat,Coimbatore,Coimbatore,Delivered,Xpressbees,Neha Kapoor,2026-08-29 02:40:00,2026-08-28 02:40:00
ORD100717,CUST02281,Delhi,Lucknow,Lucknow,Delivered,BlueDart,Diya Shetty,2026-03-15 05:14:00,2026-03-15 05:14:00
ORD101013,CUST04170,Delhi,Hyderabad,Hyderabad,Delivered,Delhivery,Ishaan Reddy,2026-03-29 20:43:00,2026-03-29 20:43:00
ORD102719,CUST03991,Hyderabad,Indore,Mumbai,In Transit,BlueDart,Rahul Gupta,2026-09-20 05:32:00,
ORD102294,CUST03772,Lucknow,Bengaluru,Hyderabad,Delayed,Shadowfax,Rohan Pillai,2026-03-23 04:31:00,
ORD104472,CUST03945,Chennai,Mumbai,Kochi,Pending,Delhivery,Aarav Gupta,2026-06-10 23:57:00,
ORD101116,CUST02586,Delhi,Surat,Surat,Delivered,Delhivery,Sai Kumar,2026-05-15 06:12:00,2026-05-15 06:12:00
ORD104218,CUST02246,Jaipur,Surat,Mumbai,Returned to Sender,DTDC,Ishaan Singh,2026-08-13 13:54:00,
ORD103802,CUST03784,Bengaluru,Pune,Pune,Delivered,Xpressbees,Neha Malhotra,2026-06-15 05:38:00,2026-06-16 05:38:00
ORD102408,CUST03683,Kolkata,Hyderabad,Bengaluru,Picked Up,Shadowfax,Vivaan Singh,2026-09-12 20:02:00,
ORD103862,CUST02261,Surat,Jaipur,Jaipur,Delivered,DTDC,Sneha Verma,2026-06-19 14:41:00,2026-06-20 14:41:00
ORD103318,CUST02163,Bengaluru,Jaipur,Chandigarh,In Transit,BlueDart,Ira Patel,2026-08-20 09:46:00,
ORD103214,CUST04919,Bengaluru,Delhi,Delhi,Out for Delivery,Delhivery,Vikram Joshi,2026-02-03 07:48:00,
ORD101283,CUST00172,Mumbai,Kochi,Lucknow,Out for Delivery,DTDC,Vikram Joshi,2026-08-06 02:51:00,
ORD101995,CUST00084,Nagpur,Indore,Indore,Delivered,Delhivery,Reyansh Shetty,2026-08-17 01:16:00,2026-08-17 01:16:00
ORD100383,CUST02431,Surat,Mumbai,Coimbatore,Pending,DTDC,Karan Iyer,2026-03-21 11:55:00,
ORD101342,CUST02826,Kochi,Hyderabad,Hyderabad,Delivered,Shadowfax,Krishna Malhotra,2026-06-01 06:07:00,2026-05-31 06:07:00
ORD100343,CUST00629,Hyderabad,Surat,Surat,Delivered,Ekart,Vivaan Rao,2026-05-16 15:38:00,2026-05-17 15:38:00
ORD100524,CUST00919,Hyderabad,Pune,Pune,Delivered,Shadowfax,Amit Desai,2026-07-04 06:09:00,2026-07-08 06:09:00
ORD101034,CUST01508,Chandigarh,Coimbatore,Mumbai,Out for Delivery,Delhivery,Kavya Patel,2026-06-01 20:57:00,
ORD103122,CUST01117,Delhi,Lucknow,Lucknow,Delivered,Ekart,Aarav Reddy,2026-08-12 12:21:00,2026-08-12 12:21:00
ORD102151,CUST03777,Chennai,Surat,Surat,Delivered,DTDC,Anika Singh,2026-02-01 06:18:00,2026-02-05 06:18:00
ORD100698,CUST04453,Nagpur,Surat,Chandigarh,Pending,DTDC,Vikram Desai,2026-09-10 23:24:00,
ORD102579,CUST02423,Jaipur,Chandigarh,Chandigarh,Delivered,BlueDart,Vihaan Mehta,2026-03-05 04:29:00,2026-03-07 04:29:00
ORD101330,CUST04329,Kochi,Kolkata,Kolkata,Delivered,Ekart,Karan Rao,2026-03-09 04:41:00,2026-03-11 04:41:00
ORD104026,CUST02915,Ahmedabad,Surat,Ahmedabad,Delayed,Ekart,Ira Malhotra,2026-03-14 15:44:00,
ORD101479,CUST01266,Kolkata,Indore,Indore,Delivered,Xpressbees,Divya Desai,2026-08-14 07:02:00,2026-08-13 07:02:00
ORD101390,CUST01176,Lucknow,Chennai,Chennai,Delivered,Shadowfax,Priya Sharma,2026-03-05 12:55:00,2026-03-09 12:55:00
ORD100718,CUST00662,Pune,Kolkata,Jaipur,Delayed,BlueDart,Vihaan Kumar,2026-04-06 17:55:00,
ORD103136,CUST00048,Indore,Chennai,Chennai,Delivered,BlueDart,Vikram Verma,2026-06-04 09:05:00,2026-06-03 09:05:00
ORD104579,CUST03973,Ahmedabad,Pune,Lucknow,Delayed,DTDC,Sai Reddy,2026-03-23 06:59:00,
ORD104573,CUST03846,Bengaluru,Mumbai,Pune,Out for Delivery,Xpressbees,Priya Singh,2026-06-23 23:56:00,
ORD101376,CUST04044,Chandigarh,Delhi,Pune,In Transit,BlueDart,Krishna Gupta,2026-04-19 19:34:00,
ORD104595,CUST03956,Delhi,Chennai,Chennai,Delivered,DTDC,Reyansh Iyer,2026-06-19 09:38:00,2026-06-19 09:38:00
ORD100494,CUST04545,Chennai,Mumbai,Kochi,Out for Delivery,Xpressbees,Rajesh Bose,2026-03-14 08:59:00,
ORD100357,CUST00014,Mumbai,Kochi,Kochi,Delivered,Shadowfax,Ira Iyer,2026-06-27 18:55:00,2026-06-28 18:55:00
ORD102300,CUST00230,Indore,Delhi,Delhi,Delivered,Ekart,Riya Bose,2026-03-02 20:34:00,2026-03-01 20:34:00
ORD102590,CUST04934,Jaipur,Indore,Indore,Delivered,Ekart,Ananya Mehta,2026-06-30 21:43:00,2026-07-04 21:43:00
ORD101626,CUST03716,Pune,Nagpur,Ahmedabad,Returned to Sender,Delhivery,Diya Kapoor,2026-04-21 13:32:00,
ORD102167,CUST02257,Hyderabad,Ahmedabad,Bengaluru,Returned to Sender,Xpressbees,Aditya Kapoor,2026-06-02 20:40:00,
ORD102977,CUST00982,Ahmedabad,Delhi,Indore,Pending,Xpressbees,Ananya Chatterjee,2026-06-15 19:28:00,
ORD101610,CUST01623,Pune,Ahmedabad,Ahmedabad,Delivered,DTDC,Priya Kapoor,2026-07-02 02:32:00,2026-07-06 02:32:00
ORD100150,CUST01272,Coimbatore,Nagpur,Nagpur,Delivered,DTDC,Saanvi Verma,2026-02-18 22:01:00,2026-02-19 22:01:00
ORD100561,CUST04387,Chandigarh,Lucknow,Lucknow,Delivered,BlueDart,Rahul Chatterjee,2026-07-04 07:44:00,2026-07-06 07:44:00
ORD100505,CUST03741,Coimbatore,Surat,Surat,Delivered,Xpressbees,Arjun Iyer,2026-02-03 04:20:00,2026-02-04 04:20:00
ORD100091,CUST01263,Surat,Hyderabad,Indore,Delayed,Shadowfax,Karan Shetty,2026-05-12 12:48:00,
ORD104732,CUST04169,Kolkata,Delhi,Chandigarh,Pending,Ekart,Saanvi Agarwal,2026-04-14 05:01:00,
ORD104246,CUST01438,Coimbatore,Kolkata,Kolkata,Delivered,Delhivery,Anika Desai,2026-06-17 16:35:00,2026-06-16 16:35:00
ORD100181,CUST04745,Chennai,Kochi,Pune,Returned to Sender,DTDC,Kavya Desai,2026-04-04 20:07:00,
ORD104360,CUST02172,Indore,Mumbai,Hyderabad,In Transit,Xpressbees,Saanvi Agarwal,2026-09-17 14:52:00,
ORD100761,CUST04097,Kochi,Chandigarh,Chandigarh,Delivered,DTDC,Rahul Shetty,2026-02-28 12:04:00,2026-02-27 12:04:00
ORD102773,CUST00395,Hyderabad,Surat,Kolkata,Picked Up,Delhivery,Ishaan Sharma,2026-09-26 20:44:00,
ORD103931,CUST01133,Jaipur,Mumbai,Mumbai,Delivered,Ekart,Rohan Kapoor,2026-06-05 04:44:00,2026-06-05 04:44:00
ORD104325,CUST00700,Hyderabad,Chennai,Chennai,Delivered,BlueDart,Aadhya Kapoor,2026-06-17 17:03:00,2026-06-16 17:03:00
ORD102393,CUST02197,Pune,Bengaluru,Bengaluru,Delivered,Ekart,Ira Singh,2026-08-27 19:35:00,2026-08-31 19:35:00
ORD100159,CUST01011,Mumbai,Chandigarh,Chandigarh,Delivered,Ekart,Myra Mehta,2026-04-29 08:43:00,2026-05-03 08:43:00
ORD100943,CUST00557,Lucknow,Coimbatore,Hyderabad,Delayed,Ekart,Divya Malhotra,2026-08-04 00:48:00,
ORD104583,CUST00090,Chandigarh,Indore,Coimbatore,Pending,Shadowfax,Aditya Mehta,2026-06-07 20:59:00,
ORD103079,CUST00784,Delhi,Surat,Surat,Delivered,Xpressbees,Vivaan Iyer,2026-04-26 05:01:00,2026-04-30 05:01:00
ORD104671,CUST04967,Surat,Pune,Delhi,Picked Up,Delhivery,Ira Chatterjee,2026-06-20 23:48:00,
ORD102182,CUST00622,Chennai,Lucknow,Lucknow,Delivered,Xpressbees,Ishaan Reddy,2026-05-31 16:25:00,2026-06-04 16:25:00
ORD103693,CUST03643,Chandigarh,Lucknow,Lucknow,Delivered,Shadowfax,Sneha Verma,2026-07-08 15:57:00,2026-07-09 15:57:00
ORD103977,CUST02130,Kolkata,Pune,Pune,Delivered,Delhivery,Aditya Malhotra,2026-05-28 04:04:00,2026-05-28 04:04:00
ORD103566,CUST03329,Surat,Bengaluru,Lucknow,Out for Delivery,Delhivery,Krishna Patel,2026-06-15 04:01:00,
ORD101201,CUST02660,Bengaluru,Kolkata,Chandigarh,Delayed,Shadowfax,Krishna Singh,2026-02-21 06:07:00,
ORD100029,CUST04463,Indore,Nagpur,Nagpur,Delivered,Shadowfax,Diya Kapoor,2026-06-11 13:33:00,2026-06-12 13:33:00
ORD103258,CUST03328,Bengaluru,Pune,Nagpur,Picked Up,DTDC,Arjun Malhotra,2026-02-06 11:56:00,
ORD103096,CUST01598,Surat,Kolkata,Lucknow,Picked Up,Xpressbees,Vikram Iyer,2026-06-04 11:20:00,
ORD103666,CUST03914,Kochi,Chennai,Chennai,Delivered,BlueDart,Ananya Shetty,2026-02-16 16:34:00,2026-02-17 16:34:00
ORD103861,CUST04524,Kochi,Kolkata,Kolkata,Delivered,Ekart,Aadhya Agarwal,2026-06-29 02:46:00,2026-06-29 02:46:00
ORD103983,CUST01076,Jaipur,Bengaluru,Bengaluru,Delivered,Ekart,Arjun Malhotra,2026-08-09 22:26:00,2026-08-13 22:26:00
ORD101404,CUST00329,Chennai,Mumbai,Lucknow,Pending,Delhivery,Anika Desai,2026-09-06 18:12:00,
ORD100465,CUST03308,Lucknow,Chennai,Hyderabad,Out for Delivery,Delhivery,Aarav Nair,2026-08-18 05:54:00,
ORD102965,CUST03569,Delhi,Surat,Surat,Delivered,Xpressbees,Aditya Kumar,2026-04-24 09:02:00,2026-04-24 09:02:00
ORD103069,CUST01700,Mumbai,Kochi,Kochi,Delivered,Shadowfax,Ira Verma,2026-02-09 12:19:00,2026-02-08 12:19:00
ORD103526,CUST02708,Nagpur,Hyderabad,Hyderabad,Delivered,BlueDart,Aditya Agarwal,2026-03-25 07:37:00,2026-03-25 07:37:00
ORD103821,CUST01930,Surat,Nagpur,Nagpur,Delivered,Ekart,Rajesh Joshi,2026-06-17 19:32:00,2026-06-16 19:32:00
ORD103820,CUST01078,Delhi,Chennai,Kolkata,Delayed,Delhivery,Rajesh Gupta,2026-04-25 03:35:00,
ORD104514,CUST03495,Ahmedabad,Kochi,Ahmedabad,Pending,Ekart,Ira Nair,2026-09-13 11:04:00,
ORD100979,CUST00250,Mumbai,Lucknow,Ahmedabad,Returned to Sender,DTDC,Vivaan Patel,2026-08-16 06:45:00,
ORD104077,CUST02685,Chennai,Coimbatore,Coimbatore,Out for Delivery,Delhivery,Myra Shetty,2026-06-10 14:04:00,
ORD102665,CUST02769,Jaipur,Mumbai,Pune,Picked Up,Ekart,Ira Desai,2026-02-01 23:06:00,
ORD100254,CUST04376,Ahmedabad,Mumbai,Surat,In Transit,Xpressbees,Sai Verma,2026-02-06 22:36:00,
ORD100842,CUST03695,Jaipur,Kochi,Bengaluru,Pending,Shadowfax,Anika Shetty,2026-07-20 05:56:00,
ORD101316,CUST00960,Jaipur,Chandigarh,Chandigarh,Delivered,Shadowfax,Vikram Sharma,2026-04-04 08:48:00,2026-04-03 08:48:00
ORD100419,CUST00035,Surat,Pune,Pune,Delivered,BlueDart,Ishaan Bose,2026-06-05 23:36:00,2026-06-05 23:36:00
ORD102662,CUST00921,Indore,Nagpur,Nagpur,Delivered,Ekart,Aditya Reddy,2026-04-08 02:52:00,2026-04-08 02:52:00
ORD103037,CUST02653,Surat,Bengaluru,Bengaluru,Delivered,Delhivery,Krishna Kumar,2026-04-28 02:12:00,2026-04-28 02:12:00
ORD103145,CUST00751,Delhi,Bengaluru,Bengaluru,Delivered,Delhivery,Neha Nair,2026-05-20 02:41:00,2026-05-22 02:41:00
ORD102514,CUST01735,Pune,Chennai,Kochi,Picked Up,Shadowfax,Vihaan Kumar,2026-09-14 11:45:00,
ORD102942,CUST01489,Chennai,Coimbatore,Coimbatore,Delivered,BlueDart,Vikram Pillai,2026-07-14 03:12:00,2026-07-14 03:12:00
ORD104865,CUST03984,Lucknow,Jaipur,Lucknow,Pending,Xpressbees,Kavya Malhotra,2026-06-02 05:23:00,
ORD100338,CUST03839,Ahmedabad,Pune,Indore,Picked Up,Delhivery,Vihaan Iyer,2026-06-15 06:29:00,
ORD100046,CUST02514,Surat,Jaipur,Jaipur,Delivered,DTDC,Sneha Reddy,2026-09-09 20:26:00,2026-09-09 20:26:00
ORD102683,CUST00983,Indore,Hyderabad,Surat,Out for Delivery,Shadowfax,Saanvi Malhotra,2026-05-22 00:00:00,
ORD103575,CUST02790,Surat,Mumbai,Mumbai,Returned to Sender,BlueDart,Anika Chatterjee,2026-05-26 10:41:00,
ORD104752,CUST03394,Indore,Nagpur,Delhi,Pending,Delhivery,Myra Singh,2026-07-25 07:59:00,
ORD102236,CUST02960,Jaipur,Surat,Surat,Delivered,Ekart,Vihaan Malhotra,2026-02-05 03:06:00,2026-02-05 03:06:00
ORD103208,CUST01110,Coimbatore,Nagpur,Nagpur,Delivered,Delhivery,Krishna Bose,2026-09-13 22:04:00,2026-09-12 22:04:00
ORD100964,CUST04074,Kochi,Pune,Surat,In Transit,Shadowfax,Meera Agarwal,2026-02-16 16:47:00,
ORD104634,CUST04675,Jaipur,Kolkata,Kolkata,Returned to Sender,Xpressbees,Vikram Agarwal,2026-04-11 11:48:00,
ORD100211,CUST02302,Pune,Nagpur,Kochi,Pending,DTDC,Saanvi Iyer,2026-09-16 14:43:00,
ORD101271,CUST00764,Indore,Kochi,Kochi,Pending,Delhivery,Meera Verma,2026-05-09 05:20:00,
ORD103710,CUST00774,Surat,Chennai,Mumbai,Out for Delivery,Delhivery,Divya Kumar,2026-05-19 20:12:00,
ORD101804,CUST02229,Jaipur,Kolkata,Indore,Delayed,Shadowfax,Sneha Rao,2026-04-29 10:28:00,
ORD102776,CUST00024,Nagpur,Jaipur,Delhi,In Transit,Delhivery,Vikram Pillai,2026-09-26 12:36:00,
ORD103912,CUST01047,Lucknow,Ahmedabad,Ahmedabad,Delivered,Shadowfax,Pooja Pillai,2026-04-30 14:15:00,2026-04-30 14:15:00
ORD100326,CUST01171,Lucknow,Jaipur,Jaipur,Delivered,DTDC,Neha Rao,2026-07-29 19:16:00,2026-08-02 19:16:00
ORD100389,CUST02461,Hyderabad,Coimbatore,Chandigarh,Out for Delivery,BlueDart,Aditya Mehta,2026-04-02 00:22:00,
ORD103712,CUST04243,Bengaluru,Coimbatore,Mumbai,Pending,BlueDart,Krishna Bose,2026-09-01 03:33:00,
ORD101619,CUST02529,Surat,Ahmedabad,Bengaluru,Out for Delivery,Ekart,Aditya Chatterjee,2026-05-02 10:46:00,
ORD103165,CUST04739,Delhi,Chennai,Chennai,Delivered,Ekart,Ananya Shetty,2026-07-18 01:07:00,2026-07-18 01:07:00
ORD104817,CUST01268,Pune,Hyderabad,Coimbatore,In Transit,Shadowfax,Riya Desai,2026-09-09 18:51:00,
ORD101176,CUST02505,Indore,Mumbai,Nagpur,In Transit,Delhivery,Amit Singh,2026-03-30 05:29:00,
ORD103348,CUST00949,Chandigarh,Pune,Pune,Delivered,Shadowfax,Aadhya Shetty,2026-08-08 10:28:00,2026-08-08 10:28:00
ORD100041,CUST03756,Pune,Coimbatore,Ahmedabad,Pending,Delhivery,Rajesh Iyer,2026-02-18 13:02:00,
ORD100035,CUST00240,Pune,Kochi,Kochi,Delivered,Delhivery,Reyansh Joshi,2026-06-13 06:49:00,2026-06-13 06:49:00
ORD101446,CUST04651,Hyderabad,Nagpur,Coimbatore,Picked Up,BlueDart,Krishna Shetty,2026-07-04 11:08:00,
ORD103062,CUST03825,Hyderabad,Lucknow,Surat,Returned to Sender,Delhivery,Rajesh Malhotra,2026-03-05 05:31:00,
ORD101510,CUST03665,Delhi,Indore,Bengaluru,Returned to Sender,Ekart,Kavya Joshi,2026-02-16 17:18:00,
ORD100480,CUST00235,Lucknow,Jaipur,Jaipur,Delivered,BlueDart,Riya Verma,2026-03-08 07:06:00,2026-03-08 07:06:00
ORD101810,CUST00126,Bengaluru,Nagpur,Nagpur,Delivered,Delhivery,Kavya Shetty,2026-08-31 23:37:00,2026-09-02 23:37:00
ORD102596,CUST01670,Hyderabad,Pune,Pune,Delivered,Xpressbees,Aadhya Iyer,2026-04-15 09:02:00,2026-04-17 09:02:00
ORD104188,CUST00772,Nagpur,Kolkata,Kolkata,Delivered,Ekart,Riya Mehta,2026-07-01 04:19:00,2026-07-01 04:19:00
ORD101694,CUST04794,Delhi,Lucknow,Chandigarh,Out for Delivery,Ekart,Amit Reddy,2026-05-25 06:38:00,
ORD103262,CUST03814,Mumbai,Jaipur,Jaipur,Delivered,Ekart,Rahul Gupta,2026-08-26 04:15:00,2026-08-25 04:15:00
ORD104127,CUST01795,Kochi,Chennai,Chennai,Delivered,Delhivery,Karan Joshi,2026-05-13 04:30:00,2026-05-15 04:30:00
ORD100513,CUST02280,Kochi,Chennai,Chennai,Delivered,Shadowfax,Saanvi Iyer,2026-06-04 18:46:00,2026-06-05 18:46:00
ORD100795,CUST03050,Kochi,Delhi,Nagpur,Out for Delivery,Delhivery,Neha Gupta,2026-07-14 01:26:00,
ORD102766,CUST04826,Kochi,Kolkata,Kolkata,Delivered,DTDC,Aarav Singh,2026-07-30 02:06:00,2026-07-30 02:06:00
ORD104139,CUST02564,Kochi,Lucknow,Jaipur,Returned to Sender,Shadowfax,Karan Verma,2026-06-18 06:09:00,
ORD103271,CUST02221,Jaipur,Chandigarh,Chandigarh,Delivered,DTDC,Aditya Patel,2026-04-01 20:28:00,2026-04-03 20:28:00
ORD104623,CUST02967,Hyderabad,Jaipur,Jaipur,Delivered,DTDC,Priya Desai,2026-04-20 17:35:00,2026-04-20 17:35:00
ORD104902,CUST04347,Hyderabad,Pune,Pune,Delivered,Ekart,Krishna Iyer,2026-07-04 18:21:00,2026-07-04 18:21:00
ORD102103,CUST02830,Nagpur,Mumbai,Mumbai,Delivered,Shadowfax,Sai Iyer,2026-09-18 02:32:00,2026-09-22 02:32:00
ORD100133,CUST01067,Mumbai,Bengaluru,Bengaluru,Delivered,BlueDart,Vivaan Kumar,2026-02-03 19:21:00,2026-02-05 19:21:00
ORD104141,CUST01606,Indore,Pune,Pune,Delivered,Xpressbees,Sneha Patel,2026-05-03 22:25:00,2026-05-03 22:25:00
ORD101646,CUST00680,Kochi,Delhi,Delhi,Delivered,Shadowfax,Krishna Gupta,2026-06-07 19:10:00,2026-06-07 19:10:00
ORD102495,CUST02582,Chennai,Coimbatore,Lucknow,Picked Up,Delhivery,Ishaan Chatterjee,2026-03-21 03:12:00,
ORD103652,CUST01097,Pune,Mumbai,Jaipur,Out for Delivery,Ekart,Rahul Malhotra,2026-04-18 19:03:00,
ORD100987,CUST00571,Mumbai,Hyderabad,Coimbatore,Out for Delivery,Delhivery,Rohan Verma,2026-05-10 22:49:00,
ORD103354,CUST01296,Nagpur,Delhi,Nagpur,Returned to Sender,Shadowfax,Reyansh Gupta,2026-09-11 00:52:00,
ORD101003,CUST02401,Kochi,Chandigarh,Jaipur,Out for Delivery,Xpressbees,Meera Chatterjee,2026-09-22 21:41:00,
ORD100928,CUST01183,Hyderabad,Coimbatore,Surat,Picked Up,DTDC,Karan Verma,2026-07-31 23:01:00,
ORD100737,CUST02556,Bengaluru,Chandigarh,Chandigarh,Delivered,DTDC,Ira Sharma,2026-07-05 02:56:00,2026-07-05 02:56:00
ORD100234,CUST04015,Bengaluru,Mumbai,Mumbai,Delivered,BlueDart,Reyansh Verma,2026-05-25 22:34:00,2026-05-29 22:34:00
ORD102363,CUST03907,Kolkata,Chennai,Pune,Pending,Ekart,Anika Agarwal,2026-06-16 21:19:00,
ORD103556,CUST04592,Delhi,Bengaluru,Bengaluru,Delivered,Shadowfax,Neha Gupta,2026-05-11 00:40:00,2026-05-12 00:40:00
ORD103074,CUST04523,Kolkata,Coimbatore,Hyderabad,Pending,Shadowfax,Diya Mehta,2026-03-11 19:33:00,
ORD102481,CUST02124,Bengaluru,Kolkata,Surat,Picked Up,Xpressbees,Priya Agarwal,2026-05-16 22:36:00,
ORD104198,CUST01610,Indore,Mumbai,Mumbai,Delivered,Ekart,Reyansh Shetty,2026-04-08 20:26:00,2026-04-08 20:26:00
ORD104997,CUST00688,Indore,Chennai,Chennai,Delivered,Xpressbees,Rahul Sharma,2026-04-21 21:37:00,2026-04-21 21:37:00
ORD101921,CUST00129,Jaipur,Mumbai,Mumbai,Delivered,DTDC,Krishna Patel,2026-06-18 04:54:00,2026-06-19 04:54:00
ORD102795,CUST03079,Indore,Kochi,Kochi,Delivered,BlueDart,Ananya Bose,2026-02-22 00:25:00,2026-02-21 00:25:00
ORD102602,CUST04432,Mumbai,Ahmedabad,Ahmedabad,Delivered,BlueDart,Ishaan Desai,2026-04-09 12:37:00,2026-04-11 12:37:00
ORD103170,CUST03515,Delhi,Chennai,Chennai,Delivered,BlueDart,Riya Iyer,2026-02-16 22:01:00,2026-02-18 22:01:00
ORD102270,CUST03578,Pune,Surat,Coimbatore,Delayed,BlueDart,Rajesh Bose,2026-05-29 07:32:00,
ORD102159,CUST00812,Surat,Pune,Pune,Delivered,Delhivery,Neha Mehta,2026-09-08 22:32:00,2026-09-10 22:32:00
ORD103405,CUST04936,Mumbai,Hyderabad,Coimbatore,Pending,Shadowfax,Karan Reddy,2026-03-27 11:00:00,
ORD103577,CUST04344,Hyderabad,Indore,Indore,Delivered,Shadowfax,Diya Singh,2026-03-31 04:56:00,2026-03-31 04:56:00
ORD104131,CUST01757,Nagpur,Ahmedabad,Ahmedabad,Delivered,DTDC,Aadhya Nair,2026-04-13 19:18:00,2026-04-13 19:18:00
ORD103552,CUST00441,Hyderabad,Jaipur,Jaipur,Delivered,Ekart,Priya Nair,2026-03-31 21:33:00,2026-03-30 21:33:00
ORD104149,CUST02208,Jaipur,Nagpur,Nagpur,Pending,BlueDart,Kavya Rao,2026-02-16 05:43:00,
ORD103532,CUST02624,Jaipur,Ahmedabad,Ahmedabad,Delivered,BlueDart,Reyansh Gupta,2026-08-10 21:41:00,2026-08-11 21:41:00
ORD104592,CUST03492,Coimbatore,Indore,Nagpur,Returned to Sender,Delhivery,Neha Patel,2026-08-25 23:02:00,
ORD100288,CUST04514,Jaipur,Ahmedabad,Chennai,Returned to Sender,Ekart,Sneha Iyer,2026-05-07 22:40:00,
ORD103066,CUST01591,Hyderabad,Kochi,Kochi,Delivered,DTDC,Ishaan Kumar,2026-08-22 21:28:00,2026-08-26 21:28:00
ORD103218,CUST01757,Nagpur,Chennai,Chennai,Delivered,Shadowfax,Aadhya Shetty,2026-06-11 01:07:00,2026-06-12 01:07:00
ORD102690,CUST00191,Jaipur,Coimbatore,Hyderabad,Delayed,Ekart,Vihaan Gupta,2026-02-08 05:55:00,
ORD102772,CUST01947,Nagpur,Mumbai,Mumbai,Delivered,Ekart,Amit Kapoor,2026-06-14 14:56:00,2026-06-13 14:56:00
ORD103247,CUST00598,Kochi,Indore,Chandigarh,Returned to Sender,Ekart,Divya Patel,2026-03-25 09:48:00,
ORD102383,CUST00276,Jaipur,Kolkata,Bengaluru,Picked Up,Shadowfax,Sneha Patel,2026-07-10 08:23:00,
ORD104101,CUST00917,Kolkata,Jaipur,Kolkata,Delayed,BlueDart,Sneha Chatterjee,2026-05-17 04:32:00,
ORD103026,CUST04461,Nagpur,Kolkata,Kolkata,Delivered,Shadowfax,Aadhya Kapoor,2026-03-17 06:18:00,2026-03-17 06:18:00
ORD100834,CUST04071,Indore,Hyderabad,Hyderabad,Delivered,Ekart,Neha Mehta,2026-06-06 16:43:00,2026-06-06 16:43:00
ORD100197,CUST00433,Mumbai,Delhi,Kolkata,In Transit,DTDC,Aadhya Iyer,2026-05-06 12:13:00,
ORD101960,CUST01722,Jaipur,Nagpur,Nagpur,Delivered,Delhivery,Sai Iyer,2026-06-22 02:59:00,2026-06-23 02:59:00
ORD104446,CUST01883,Surat,Kolkata,Kolkata,Delivered,Shadowfax,Ishaan Joshi,2026-08-18 03:22:00,2026-08-22 03:22:00
ORD101710,CUST04228,Mumbai,Hyderabad,Hyderabad,Delivered,DTDC,Aditya Kapoor,2026-08-20 12:17:00,2026-08-21 12:17:00
ORD102464,CUST04866,Ahmedabad,Hyderabad,Jaipur,Delayed,DTDC,Sneha Kumar,2026-02-09 06:55:00,
ORD102451,CUST02644,Ahmedabad,Kochi,Kochi,Delivered,Shadowfax,Ishaan Kapoor,2026-04-28 19:29:00,2026-04-28 19:29:00
ORD100227,CUST03505,Mumbai,Jaipur,Nagpur,Pending,BlueDart,Aditya Mehta,2026-03-05 06:00:00,
ORD101534,CUST02700,Chennai,Chandigarh,Chandigarh,Delivered,Ekart,Aditya Rao,2026-03-22 19:08:00,2026-03-23 19:08:00
ORD100073,CUST03954,Nagpur,Delhi,Lucknow,Picked Up,BlueDart,Riya Verma,2026-07-20 03:57:00,
ORD104836,CUST00287,Hyderabad,Kolkata,Kochi,Returned to Sender,Shadowfax,Reyansh Kumar,2026-08-01 07:17:00,
ORD100384,CUST01202,Jaipur,Coimbatore,Coimbatore,Delivered,Shadowfax,Rahul Reddy,2026-08-26 17:03:00,2026-08-28 17:03:00
ORD101903,CUST03087,Hyderabad,Chandigarh,Chandigarh,Delivered,Xpressbees,Sneha Iyer,2026-04-16 03:34:00,2026-04-16 03:34:00
ORD100108,CUST00554,Pune,Chandigarh,Chandigarh,Delivered,Xpressbees,Rohan Joshi,2026-02-24 09:01:00,2026-02-25 09:01:00
ORD102256,CUST01736,Coimbatore,Delhi,Kochi,Delayed,BlueDart,Neha Rao,2026-07-22 01:05:00,
ORD102486,CUST00407,Bengaluru,Jaipur,Coimbatore,Delayed,Shadowfax,Aarav Shetty,2026-06-19 01:30:00,
ORD100783,CUST00623,Kochi,Surat,Chandigarh,Picked Up,Delhivery,Amit Reddy,2026-09-29 03:19:00,
ORD103943,CUST04786,Chennai,Chandigarh,Chandigarh,Delivered,Shadowfax,Neha Chatterjee,2026-02-23 19:45:00,2026-02-24 19:45:00
ORD100876,CUST03899,Hyderabad,Chennai,Kolkata,Returned to Sender,Xpressbees,Ira Iyer,2026-04-06 11:50:00,
ORD100713,CUST04306,Chandigarh,Coimbatore,Jaipur,Picked Up,BlueDart,Ananya Desai,2026-09-04 14:45:00,
ORD102530,CUST03942,Lucknow,Chandigarh,Pune,Returned to Sender,Shadowfax,Neha Bose,2026-05-20 08:22:00,
ORD103479,CUST02406,Kochi,Lucknow,Lucknow,Delivered,Ekart,Diya Verma,2026-09-14 07:02:00,2026-09-14 07:02:00
ORD103229,CUST03570,Lucknow,Kochi,Chennai,Picked Up,DTDC,Aditya Rao,2026-02-09 11:32:00,
ORD101542,CUST03317,Coimbatore,Kolkata,Kolkata,Delivered,DTDC,Ira Bose,2026-02-09 18:33:00,2026-02-09 18:33:00
ORD102026,CUST01963,Lucknow,Kolkata,Kochi,In Transit,DTDC,Myra Kapoor,2026-06-22 01:24:00,
ORD103395,CUST04141,Nagpur,Indore,Indore,Delivered,Ekart,Vivaan Joshi,2026-09-18 10:20:00,2026-09-18 10:20:00
ORD104562,CUST00098,Chennai,Surat,Mumbai,Delayed,Xpressbees,Rahul Chatterjee,2026-05-06 22:23:00,
ORD102561,CUST03140,Mumbai,Nagpur,Nagpur,Delivered,DTDC,Pooja Kapoor,2026-08-22 02:32:00,2026-08-24 02:32:00
ORD103751,CUST00695,Kolkata,Delhi,Kolkata,Out for Delivery,Shadowfax,Karan Joshi,2026-06-29 14:14:00,
ORD101785,CUST00056,Lucknow,Ahmedabad,Indore,In Transit,Shadowfax,Ananya Nair,2026-03-19 00:17:00,
ORD100496,CUST01766,Lucknow,Indore,Indore,Delivered,Delhivery,Riya Pillai,2026-03-30 18:48:00,2026-03-29 18:48:00
ORD103083,CUST02740,Nagpur,Indore,Jaipur,Returned to Sender,DTDC,Riya Shetty,2026-04-17 10:54:00,
ORD100753,CUST04674,Bengaluru,Kochi,Kolkata,Returned to Sender,DTDC,Aarav Chatterjee,2026-07-11 06:18:00,
ORD103827,CUST03361,Jaipur,Kochi,Kochi,Delivered,Xpressbees,Myra Joshi,2026-09-17 08:37:00,2026-09-17 08:37:00
ORD102820,CUST03561,Mumbai,Bengaluru,Mumbai,Picked Up,Xpressbees,Aadhya Agarwal,2026-09-20 20:48:00,
ORD100117,CUST03750,Chandigarh,Lucknow,Pune,In Transit,Shadowfax,Aditya Rao,2026-04-03 04:27:00,
ORD101906,CUST02429,Chandigarh,Mumbai,Indore,Picked Up,DTDC,Anika Kumar,2026-09-18 09:57:00,
ORD104516,CUST02046,Bengaluru,Lucknow,Lucknow,Delivered,Xpressbees,Vihaan Kapoor,2026-06-03 03:57:00,2026-06-03 03:57:00
ORD100906,CUST04499,Ahmedabad,Kolkata,Lucknow,Out for Delivery,Ekart,Priya Rao,2026-03-08 03:10:00,
ORD101760,CUST04981,Ahmedabad,Coimbatore,Coimbatore,Delivered,Shadowfax,Arjun Gupta,2026-07-26 05:54:00,2026-07-27 05:54:00
ORD103390,CUST01328,Nagpur,Mumbai,Chandigarh,Delayed,Xpressbees,Amit Kapoor,2026-06-29 11:00:00,
ORD100193,CUST03724,Pune,Chennai,Chennai,Delivered,Shadowfax,Myra Desai,2026-09-11 14:56:00,2026-09-13 14:56:00
ORD104784,CUST00218,Delhi,Kochi,Kochi,Delivered,Xpressbees,Krishna Verma,2026-08-28 00:48:00,2026-08-27 00:48:00
ORD102376,CUST02203,Mumbai,Surat,Surat,Delivered,Ekart,Krishna Bose,2026-05-18 07:39:00,2026-05-18 07:39:00
ORD104312,CUST04628,Delhi,Coimbatore,Coimbatore,Delivered,BlueDart,Anika Rao,2026-07-15 02:07:00,2026-07-15 02:07:00
ORD101277,CUST04108,Mumbai,Nagpur,Pune,Out for Delivery,DTDC,Rajesh Iyer,2026-09-19 18:52:00,
ORD102815,CUST04866,Jaipur,Hyderabad,Kochi,Picked Up,Xpressbees,Pooja Kapoor,2026-03-30 14:09:00,
ORD103088,CUST01097,Chandigarh,Pune,Pune,Delivered,Shadowfax,Karan Pillai,2026-02-20 20:28:00,2026-02-20 20:28:00
ORD104725,CUST02481,Chennai,Kochi,Kochi,Delivered,BlueDart,Anika Chatterjee,2026-05-18 04:46:00,2026-05-22 04:46:00
ORD100789,CUST03436,Kochi,Hyderabad,Hyderabad,Delivered,BlueDart,Reyansh Malhotra,2026-09-09 04:56:00,2026-09-11 04:56:00
ORD100007,CUST03417,Mumbai,Chennai,Indore,Out for Delivery,Delhivery,Kavya Chatterjee,2026-07-06 00:46:00,
ORD101372,CUST03562,Indore,Pune,Pune,Delivered,BlueDart,Vikram Pillai,2026-07-27 16:43:00,2026-07-27 16:43:00
ORD104088,CUST00522,Chennai,Indore,Indore,Delivered,Ekart,Vikram Gupta,2026-05-14 04:21:00,2026-05-18 04:21:00
ORD104862,CUST03208,Coimbatore,Chandigarh,Chandigarh,Delivered,Xpressbees,Ira Desai,2026-02-20 22:45:00,2026-02-19 22:45:00
ORD102649,CUST00903,Kochi,Chennai,Chennai,Delivered,Ekart,Rajesh Singh,2026-08-19 04:24:00,2026-08-19 04:24:00
ORD101923,CUST03788,Kolkata,Mumbai,Mumbai,Delivered,Delhivery,Ishaan Verma,2026-03-31 08:07:00,2026-03-30 08:07:00
ORD102368,CUST03815,Coimbatore,Hyderabad,Hyderabad,Delayed,Shadowfax,Amit Pillai,2026-07-22 05:48:00,
ORD100430,CUST00254,Kochi,Pune,Ahmedabad,Returned to Sender,BlueDart,Saanvi Bose,2026-03-21 05:45:00,
ORD100705,CUST03015,Bengaluru,Pune,Pune,Delivered,DTDC,Riya Desai,2026-09-07 14:09:00,2026-09-09 14:09:00
ORD100079,CUST03841,Kochi,Surat,Lucknow,Picked Up,Xpressbees,Rajesh Rao,2026-02-12 14:14:00,
ORD104644,CUST04861,Chandigarh,Chennai,Chennai,Returned to Sender,BlueDart,Reyansh Verma,2026-06-24 08:29:00,
ORD102708,CUST03150,Kolkata,Bengaluru,Ahmedabad,In Transit,Xpressbees,Rajesh Desai,2026-05-18 18:56:00,
ORD104525,CUST04421,Coimbatore,Bengaluru,Coimbatore,Out for Delivery,DTDC,Kavya Verma,2026-06-13 07:27:00,
ORD104727,CUST01591,Pune,Surat,Jaipur,Picked Up,DTDC,Divya Singh,2026-08-26 01:43:00,
ORD103900,CUST02197,Ahmedabad,Hyderabad,Pune,Picked Up,DTDC,Rajesh Desai,2026-05-20 12:27:00,
ORD100819,CUST00191,Mumbai,Lucknow,Kochi,Pending,Shadowfax,Vivaan Reddy,2026-07-06 10:23:00,
ORD104110,CUST04163,Lucknow,Chennai,Mumbai,Delayed,Shadowfax,Myra Bose,2026-03-02 16:21:00,
ORD101522,CUST01207,Kolkata,Surat,Ahmedabad,Returned to Sender,Ekart,Diya Reddy,2026-05-29 18:29:00,
ORD100037,CUST04223,Nagpur,Pune,Pune,Delivered,Xpressbees,Saanvi Desai,2026-02-02 12:51:00,2026-02-02 12:51:00
ORD100092,CUST00289,Chandigarh,Nagpur,Kolkata,Returned to Sender,Xpressbees,Vikram Pillai,2026-08-15 01:32:00,
ORD100470,CUST03344,Bengaluru,Kolkata,Pune,In Transit,DTDC,Karan Kapoor,2026-04-02 23:25:00,
ORD104237,CUST00840,Surat,Kolkata,Indore,Out for Delivery,DTDC,Ishaan Sharma,2026-07-06 05:13:00,
ORD102826,CUST02096,Nagpur,Bengaluru,Kolkata,Delayed,Delhivery,Krishna Chatterjee,2026-08-25 02:44:00,
ORD101066,CUST00491,Lucknow,Coimbatore,Bengaluru,Returned to Sender,Shadowfax,Neha Malhotra,2026-05-31 15:33:00,
ORD103567,CUST03180,Ahmedabad,Chandigarh,Jaipur,In Transit,Xpressbees,Amit Iyer,2026-05-20 11:58:00,
ORD102266,CUST03688,Mumbai,Chennai,Ahmedabad,Picked Up,Xpressbees,Reyansh Bose,2026-02-05 11:59:00,
ORD103204,CUST02936,Kochi,Chennai,Chennai,Delivered,Ekart,Sai Kapoor,2026-08-21 02:45:00,2026-08-22 02:45:00
ORD104794,CUST03352,Chandigarh,Mumbai,Mumbai,Delivered,DTDC,Rajesh Joshi,2026-06-04 18:49:00,2026-06-06 18:49:00
ORD100974,CUST03589,Surat,Pune,Jaipur,In Transit,DTDC,Riya Patel,2026-05-24 03:53:00,
ORD104866,CUST03392,Delhi,Ahmedabad,Surat,In Transit,BlueDart,Saanvi Kapoor,2026-09-12 03:04:00,
ORD104694,CUST04322,Mumbai,Kolkata,Chandigarh,In Transit,DTDC,Karan Shetty,2026-09-03 19:10:00,
ORD102738,CUST02102,Chandigarh,Mumbai,Mumbai,Delivered,DTDC,Rahul Mehta,2026-03-05 19:11:00,2026-03-04 19:11:00
ORD103035,CUST04155,Indore,Delhi,Delhi,Delivered,DTDC,Aditya Rao,2026-07-06 03:56:00,2026-07-06 03:56:00
ORD102945,CUST00851,Indore,Pune,Pune,Delivered,Shadowfax,Sai Rao,2026-05-05 20:32:00,2026-05-05 20:32:00
ORD100143,CUST03087,Surat,Chennai,Chandigarh,Out for Delivery,Delhivery,Divya Pillai,2026-08-04 20:16:00,
ORD101486,CUST03533,Kochi,Kolkata,Chennai,Pending,DTDC,Aadhya Nair,2026-08-04 16:16:00,
ORD103011,CUST01657,Chandigarh,Bengaluru,Bengaluru,Out for Delivery,Ekart,Riya Patel,2026-05-22 18:21:00,
ORD100498,CUST04208,Coimbatore,Jaipur,Jaipur,Delivered,DTDC,Aadhya Reddy,2026-09-01 03:16:00,2026-09-01 03:16:00
ORD100900,CUST02342,Lucknow,Delhi,Kolkata,Picked Up,BlueDart,Reyansh Kapoor,2026-04-01 11:04:00,
ORD103569,CUST04740,Ahmedabad,Pune,Pune,Delivered,DTDC,Neha Reddy,2026-05-26 09:06:00,2026-05-26 09:06:00
ORD102843,CUST00663,Coimbatore,Mumbai,Delhi,Delayed,Xpressbees,Priya Kumar,2026-08-25 21:07:00,
ORD104985,CUST02151,Bengaluru,Nagpur,Lucknow,Pending,Ekart,Rohan Sharma,2026-02-07 16:02:00,
ORD101451,CUST00478,Surat,Nagpur,Nagpur,Delivered,Xpressbees,Sai Reddy,2026-02-27 21:44:00,2026-03-03 21:44:00
ORD104032,CUST02599,Mumbai,Delhi,Delhi,Delivered,Ekart,Ira Singh,2026-03-21 07:18:00,2026-03-21 07:18:00
ORD104901,CUST01742,Surat,Pune,Delhi,In Transit,BlueDart,Ira Chatterjee,2026-06-09 13:36:00,
ORD102937,CUST03982,Kolkata,Kochi,Delhi,Delayed,Shadowfax,Riya Agarwal,2026-09-05 13:04:00,
ORD103000,CUST00808,Coimbatore,Mumbai,Nagpur,Returned to Sender,BlueDart,Meera Bose,2026-09-19 12:27:00,
ORD102856,CUST01416,Bengaluru,Chandigarh,Chandigarh,Picked Up,Shadowfax,Diya Singh,2026-06-20 09:03:00,
ORD104816,CUST02040,Kochi,Coimbatore,Nagpur,Delayed,Ekart,Aarav Gupta,2026-05-22 03:21:00,
ORD101918,CUST03952,Kochi,Ahmedabad,Ahmedabad,Out for Delivery,BlueDart,Kavya Reddy,2026-04-08 01:04:00,
ORD102211,CUST00212,Pune,Chandigarh,Surat,Out for Delivery,Xpressbees,Karan Patel,2026-06-17 17:02:00,
ORD103396,CUST01009,Hyderabad,Coimbatore,Ahmedabad,Pending,BlueDart,Saanvi Joshi,2026-07-04 05:07:00,
ORD101301,CUST02815,Jaipur,Coimbatore,Ahmedabad,Out for Delivery,Xpressbees,Aditya Malhotra,2026-02-26 20:54:00,
ORD101410,CUST02941,Lucknow,Pune,Nagpur,Out for Delivery,DTDC,Vihaan Iyer,2026-02-09 15:02:00,
ORD103399,CUST02971,Hyderabad,Lucknow,Lucknow,Delivered,Delhivery,Krishna Bose,2026-06-22 17:17:00,2026-06-21 17:17:00
ORD102644,CUST04367,Lucknow,Delhi,Delhi,Delivered,DTDC,Aditya Patel,2026-05-14 10:09:00,2026-05-15 10:09:00
ORD102021,CUST04995,Surat,Coimbatore,Coimbatore,Delivered,Ekart,Amit Kumar,2026-07-15 13:29:00,2026-07-14 13:29:00
ORD102884,CUST02081,Pune,Nagpur,Lucknow,In Transit,Delhivery,Vivaan Pillai,2026-08-12 03:47:00,
ORD103654,CUST00940,Chandigarh,Kochi,Kochi,Delivered,Ekart,Aadhya Kapoor,2026-02-23 21:55:00,2026-02-23 21:55:00
ORD102788,CUST03077,Chandigarh,Nagpur,Nagpur,Delivered,Delhivery,Aadhya Rao,2026-08-09 01:24:00,2026-08-09 01:24:00
ORD103920,CUST04396,Kochi,Coimbatore,Jaipur,Picked Up,Xpressbees,Ishaan Iyer,2026-03-15 15:50:00,
ORD100787,CUST03251,Ahmedabad,Chennai,Jaipur,In Transit,BlueDart,Aarav Pillai,2026-05-25 04:22:00,
ORD104308,CUST02379,Surat,Coimbatore,Coimbatore,Delayed,Xpressbees,Ishaan Kapoor,2026-09-09 16:23:00,
ORD101094,CUST04504,Kolkata,Lucknow,Pune,Picked Up,Shadowfax,Rohan Singh,2026-06-02 07:16:00,
ORD102642,CUST03055,Delhi,Mumbai,Mumbai,Delivered,BlueDart,Rahul Malhotra,2026-04-22 04:34:00,2026-04-24 04:34:00
ORD100466,CUST01252,Pune,Chandigarh,Chandigarh,Delivered,Xpressbees,Vikram Kumar,2026-09-02 06:28:00,2026-09-02 06:28:00
ORD101824,CUST00768,Kochi,Ahmedabad,Coimbatore,Delayed,BlueDart,Vihaan Nair,2026-02-07 00:21:00,
ORD104578,CUST03619,Chandigarh,Coimbatore,Coimbatore,Delivered,Ekart,Anika Iyer,2026-04-16 10:35:00,2026-04-16 10:35:00
ORD103722,CUST04278,Ahmedabad,Hyderabad,Chandigarh,Returned to Sender,Delhivery,Vikram Reddy,2026-06-29 01:55:00,
ORD104094,CUST03207,Kochi,Jaipur,Ahmedabad,Out for Delivery,Delhivery,Ishaan Sharma,2026-08-24 10:50:00,
ORD104406,CUST00244,Kochi,Chennai,Chennai,Delivered,Xpressbees,Kavya Kapoor,2026-04-03 07:53:00,2026-04-04 07:53:00
ORD103502,CUST03537,Nagpur,Kolkata,Kolkata,Pending,DTDC,Anika Mehta,2026-05-11 13:10:00,
ORD103717,CUST02546,Surat,Chandigarh,Chandigarh,Delivered,Shadowfax,Pooja Verma,2026-05-03 06:23:00,2026-05-03 06:23:00
ORD101946,CUST02768,Ahmedabad,Chennai,Chennai,Delivered,DTDC,Myra Verma,2026-03-08 22:48:00,2026-03-08 22:48:00
ORD102351,CUST00644,Chennai,Surat,Nagpur,Out for Delivery,Xpressbees,Aarav Malhotra,2026-09-12 08:28:00,
ORD104641,CUST00279,Coimbatore,Bengaluru,Bengaluru,Delivered,Delhivery,Reyansh Desai,2026-07-15 21:49:00,2026-07-16 21:49:00
ORD104064,CUST04962,Kolkata,Chennai,Chennai,Delivered,Shadowfax,Aarav Malhotra,2026-08-28 00:24:00,2026-08-28 00:24:00
ORD101296,CUST03746,Bengaluru,Surat,Surat,Delivered,Shadowfax,Diya Rao,2026-03-11 06:05:00,2026-03-11 06:05:00
ORD103092,CUST00851,Jaipur,Nagpur,Nagpur,Delivered,DTDC,Divya Singh,2026-07-14 02:43:00,2026-07-14 02:43:00
ORD101039,CUST02155,Mumbai,Chandigarh,Chandigarh,Delivered,Xpressbees,Vihaan Kumar,2026-02-28 03:39:00,2026-02-28 03:39:00
ORD103186,CUST00294,Pune,Mumbai,Mumbai,Delivered,Xpressbees,Aarav Reddy,2026-07-08 06:19:00,2026-07-09 06:19:00
ORD101121,CUST01161,Chennai,Ahmedabad,Bengaluru,Pending,Delhivery,Sneha Nair,2026-06-06 00:54:00,
ORD101998,CUST01544,Mumbai,Lucknow,Pune,Out for Delivery,Xpressbees,Rahul Rao,2026-08-11 07:30:00,
ORD103016,CUST02657,Surat,Delhi,Delhi,Delivered,BlueDart,Vihaan Pillai,2026-04-27 17:53:00,2026-04-27 17:53:00
ORD104638,CUST01835,Hyderabad,Indore,Indore,Delivered,DTDC,Aadhya Chatterjee,2026-03-22 22:48:00,2026-03-22 22:48:00
ORD101696,CUST02636,Indore,Pune,Pune,Delivered,Xpressbees,Reyansh Bose,2026-08-11 00:17:00,2026-08-11 00:17:00
ORD100276,CUST01398,Kolkata,Nagpur,Coimbatore,Out for Delivery,Shadowfax,Sneha Nair,2026-04-09 14:14:00,
ORD101215,CUST03046,Lucknow,Coimbatore,Ahmedabad,Delayed,Xpressbees,Vihaan Desai,2026-08-30 16:02:00,
ORD104161,CUST04513,Chandigarh,Coimbatore,Coimbatore,Delivered,Shadowfax,Ishaan Chatterjee,2026-07-19 09:01:00,2026-07-18 09:01:00
ORD102994,CUST02751,Chandigarh,Lucknow,Lucknow,Delivered,Xpressbees,Aadhya Pillai,2026-04-18 19:01:00,2026-04-18 19:01:00
ORD104480,CUST01579,Kolkata,Lucknow,Lucknow,Delivered,Shadowfax,Vivaan Nair,2026-05-25 08:17:00,2026-05-29 08:17:00
ORD104260,CUST01206,Indore,Nagpur,Nagpur,Delivered,Shadowfax,Arjun Kapoor,2026-07-30 07:59:00,2026-07-30 07:59:00
ORD102455,CUST00421,Indore,Lucknow,Chennai,In Transit,Delhivery,Vihaan Iyer,2026-08-20 14:39:00,
ORD104008,CUST02203,Chandigarh,Surat,Nagpur,In Transit,Delhivery,Riya Bose,2026-08-22 08:34:00,
ORD104126,CUST01111,Bengaluru,Kochi,Hyderabad,Delayed,Xpressbees,Riya Sharma,2026-06-03 13:17:00,
ORD100841,CUST00931,Chennai,Chandigarh,Chandigarh,Delivered,Xpressbees,Karan Gupta,2026-05-08 13:12:00,2026-05-07 13:12:00
ORD102849,CUST04019,Delhi,Kochi,Kochi,Pending,Shadowfax,Arjun Pillai,2026-02-04 10:07:00,
ORD103840,CUST04666,Jaipur,Lucknow,Lucknow,Delivered,Delhivery,Kavya Gupta,2026-06-20 09:31:00,2026-06-20 09:31:00
ORD101159,CUST04534,Bengaluru,Mumbai,Bengaluru,Returned to Sender,Ekart,Priya Bose,2026-09-30 02:22:00,
ORD100312,CUST00395,Ahmedabad,Jaipur,Jaipur,Delivered,BlueDart,Riya Kapoor,2026-09-06 12:39:00,2026-09-06 12:39:00
ORD100415,CUST03187,Kochi,Mumbai,Nagpur,Pending,Delhivery,Riya Kapoor,2026-03-07 12:00:00,
ORD102660,CUST01195,Lucknow,Hyderabad,Pune,Returned to Sender,BlueDart,Sneha Sharma,2026-07-20 07:13:00,
ORD103903,CUST02569,Kolkata,Delhi,Delhi,Delivered,Ekart,Vivaan Desai,2026-06-23 23:42:00,2026-06-23 23:42:00
ORD103008,CUST04513,Hyderabad,Chennai,Chennai,Delivered,BlueDart,Amit Bose,2026-07-15 05:44:00,2026-07-19 05:44:00
ORD102735,CUST02210,Coimbatore,Kolkata,Kolkata,Delivered,Delhivery,Vikram Patel,2026-04-12 13:00:00,2026-04-12 13:00:00
ORD100169,CUST00516,Chandigarh,Mumbai,Nagpur,Out for Delivery,Ekart,Vihaan Nair,2026-04-03 00:16:00,
ORD100233,CUST01605,Bengaluru,Ahmedabad,Ahmedabad,Delivered,Delhivery,Pooja Reddy,2026-07-25 19:41:00,2026-07-26 19:41:00
ORD104570,CUST02706,Ahmedabad,Lucknow,Lucknow,Picked Up,Shadowfax,Saanvi Nair,2026-02-09 23:06:00,
ORD101569,CUST00699,Delhi,Lucknow,Lucknow,Delivered,DTDC,Saanvi Patel,2026-02-21 12:27:00,2026-02-21 12:27:00
ORD104320,CUST01978,Pune,Chennai,Chennai,Out for Delivery,Xpressbees,Priya Reddy,2026-09-02 13:49:00,
ORD103596,CUST04069,Kochi,Jaipur,Jaipur,Delivered,Shadowfax,Rohan Verma,2026-06-04 22:45:00,2026-06-04 22:45:00
ORD101895,CUST04703,Jaipur,Ahmedabad,Ahmedabad,Delivered,DTDC,Divya Bose,2026-08-25 12:35:00,2026-08-29 12:35:00
ORD100501,CUST02497,Ahmedabad,Coimbatore,Chennai,Pending,Xpressbees,Amit Mehta,2026-08-31 00:52:00,
ORD101802,CUST00544,Hyderabad,Lucknow,Jaipur,Delayed,DTDC,Riya Agarwal,2026-09-07 06:17:00,
ORD103415,CUST02000,Jaipur,Ahmedabad,Ahmedabad,Delivered,DTDC,Rahul Kapoor,2026-04-02 22:09:00,2026-04-02 22:09:00
ORD104867,CUST02832,Surat,Chennai,Chennai,Delivered,DTDC,Ira Patel,2026-02-19 17:42:00,2026-02-19 17:42:00
ORD103480,CUST04755,Chennai,Lucknow,Lucknow,Delivered,Delhivery,Anika Reddy,2026-06-15 19:15:00,2026-06-17 19:15:00
ORD104090,CUST03656,Delhi,Coimbatore,Coimbatore,Delivered,BlueDart,Priya Gupta,2026-04-23 17:15:00,2026-04-23 17:15:00
ORD104528,CUST04768,Chandigarh,Kolkata,Kolkata,Out for Delivery,Delhivery,Pooja Kumar,2026-09-10 04:59:00,
ORD103331,CUST01784,Ahmedabad,Surat,Surat,Delivered,Xpressbees,Priya Shetty,2026-06-25 07:08:00,2026-06-25 07:08:00
ORD100885,CUST00957,Pune,Ahmedabad,Ahmedabad,Delivered,DTDC,Saanvi Shetty,2026-04-26 17:15:00,2026-04-30 17:15:00
ORD100996,CUST02605,Surat,Pune,Pune,Delivered,Delhivery,Aditya Kapoor,2026-04-05 08:59:00,2026-04-05 08:59:00
ORD102193,CUST02982,Chandigarh,Bengaluru,Coimbatore,Returned to Sender,BlueDart,Aarav Shetty,2026-06-18 21:58:00,
ORD101336,CUST00103,Indore,Pune,Pune,Delivered,Shadowfax,Anika Chatterjee,2026-04-19 00:50:00,2026-04-20 00:50:00
ORD102762,CUST01562,Hyderabad,Pune,Pune,Delivered,Shadowfax,Rajesh Malhotra,2026-09-27 19:24:00,2026-09-29 19:24:00
ORD103598,CUST01142,Hyderabad,Coimbatore,Coimbatore,Delivered,Ekart,Meera Gupta,2026-08-20 15:34:00,2026-08-19 15:34:00
ORD104420,CUST01322,Chennai,Bengaluru,Bengaluru,Delivered,Ekart,Rohan Mehta,2026-02-18 14:03:00,2026-02-18 14:03:00
ORD104978,CUST00138,Nagpur,Delhi,Delhi,Delivered,Delhivery,Reyansh Shetty,2026-04-11 01:20:00,2026-04-11 01:20:00
ORD100358,CUST04545,Coimbatore,Kochi,Nagpur,Out for Delivery,Xpressbees,Riya Nair,2026-07-06 16:23:00,
ORD102092,CUST00893,Lucknow,Nagpur,Mumbai,In Transit,Ekart,Amit Chatterjee,2026-09-20 05:31:00,
ORD103117,CUST03698,Chandigarh,Delhi,Pune,Out for Delivery,Ekart,Ira Malhotra,2026-04-14 16:19:00,
ORD102258,CUST02198,Kolkata,Mumbai,Ahmedabad,Pending,Ekart,Reyansh Nair,2026-09-12 13:02:00,
ORD103550,CUST01709,Delhi,Chennai,Hyderabad,Pending,DTDC,Aarav Bose,2026-04-17 22:15:00,
ORD102622,CUST00724,Nagpur,Delhi,Bengaluru,In Transit,DTDC,Rohan Sharma,2026-03-17 03:19:00,
ORD104989,CUST01059,Kolkata,Coimbatore,Lucknow,Delayed,Delhivery,Neha Rao,2026-03-28 13:41:00,
ORD104166,CUST04085,Kochi,Delhi,Delhi,Delivered,Shadowfax,Myra Singh,2026-08-22 16:23:00,2026-08-22 16:23:00
ORD104132,CUST01838,Ahmedabad,Indore,Indore,Delivered,Delhivery,Vivaan Chatterjee,2026-04-20 08:58:00,2026-04-20 08:58:00
ORD104914,CUST00162,Pune,Surat,Surat,Delivered,Ekart,Arjun Bose,2026-09-19 04:09:00,2026-09-23 04:09:00
ORD104861,CUST00570,Pune,Kolkata,Kolkata,Delivered,Delhivery,Karan Shetty,2026-07-13 13:22:00,2026-07-13 13:22:00
ORD103618,CUST03027,Surat,Chennai,Chennai,Delivered,Delhivery,Saanvi Agarwal,2026-09-18 22:46:00,2026-09-18 22:46:00
ORD103773,CUST01525,Kolkata,Pune,Jaipur,Picked Up,DTDC,Meera Shetty,2026-02-13 03:03:00,
ORD100552,CUST00641,Lucknow,Nagpur,Nagpur,Delivered,Ekart,Divya Bose,2026-06-27 17:29:00,2026-06-26 17:29:00
ORD103668,CUST01931,Delhi,Coimbatore,Coimbatore,Delivered,Xpressbees,Anika Kapoor,2026-05-28 22:30:00,2026-05-27 22:30:00
ORD100832,CUST03677,Delhi,Kochi,Kochi,Delivered,Delhivery,Meera Bose,2026-04-30 10:11:00,2026-04-30 10:11:00
ORD101606,CUST04391,Nagpur,Hyderabad,Chennai,Delayed,BlueDart,Myra Reddy,2026-09-13 20:23:00,
ORD101719,CUST02051,Chennai,Surat,Hyderabad,In Transit,Ekart,Karan Kumar,2026-07-31 06:58:00,
ORD103364,CUST04099,Ahmedabad,Nagpur,Chandigarh,Returned to Sender,Ekart,Rohan Nair,2026-02-28 14:50:00,
ORD103188,CUST02717,Pune,Chennai,Nagpur,Delayed,BlueDart,Arjun Kapoor,2026-02-19 14:01:00,
ORD102811,CUST02899,Kolkata,Mumbai,Mumbai,Delivered,BlueDart,Priya Rao,2026-02-27 09:16:00,2026-02-28 09:16:00
ORD104819,CUST02340,Pune,Jaipur,Jaipur,Delivered,Xpressbees,Aadhya Joshi,2026-08-11 16:19:00,2026-08-15 16:19:00
ORD102929,CUST03742,Mumbai,Nagpur,Ahmedabad,Pending,DTDC,Vivaan Kapoor,2026-07-08 18:26:00,
ORD102512,CUST02728,Mumbai,Ahmedabad,Ahmedabad,Delivered,BlueDart,Vikram Gupta,2026-06-24 22:25:00,2026-06-25 22:25:00
ORD100869,CUST01154,Coimbatore,Chennai,Chennai,Returned to Sender,DTDC,Ishaan Mehta,2026-04-21 11:24:00,
ORD100329,CUST03253,Hyderabad,Ahmedabad,Ahmedabad,Returned to Sender,Shadowfax,Rohan Kapoor,2026-02-20 14:43:00,
ORD104603,CUST03824,Lucknow,Delhi,Delhi,Delivered,Shadowfax,Diya Sharma,2026-05-08 11:34:00,2026-05-08 11:34:00
ORD101927,CUST04297,Lucknow,Mumbai,Chandigarh,Delayed,Ekart,Saanvi Joshi,2026-03-08 07:12:00,
ORD101496,CUST00984,Coimbatore,Kolkata,Pune,Pending,Xpressbees,Vikram Kapoor,2026-09-02 10:17:00,
ORD102832,CUST04237,Ahmedabad,Chennai,Chennai,Delivered,Delhivery,Meera Sharma,2026-03-07 08:52:00,2026-03-08 08:52:00
ORD103754,CUST00373,Nagpur,Coimbatore,Chandigarh,In Transit,Ekart,Diya Rao,2026-07-06 16:28:00,
ORD102540,CUST01216,Kolkata,Kochi,Kochi,Delivered,BlueDart,Ananya Singh,2026-03-12 08:44:00,2026-03-12 08:44:00
ORD104474,CUST03432,Surat,Mumbai,Mumbai,Delivered,Xpressbees,Neha Singh,2026-09-14 10:06:00,2026-09-15 10:06:00
ORD101481,CUST00722,Nagpur,Jaipur,Mumbai,Returned to Sender,Ekart,Rahul Malhotra,2026-06-13 18:15:00,
ORD102793,CUST00857,Chennai,Kolkata,Kolkata,Delivered,DTDC,Ira Verma,2026-03-15 19:08:00,2026-03-15 19:08:00
ORD103613,CUST04200,Kolkata,Indore,Pune,Pending,DTDC,Ananya Patel,2026-04-22 09:58:00,
ORD101835,CUST04031,Nagpur,Hyderabad,Kolkata,Returned to Sender,DTDC,Reyansh Kumar,2026-04-16 00:03:00,
ORD104290,CUST01546,Kolkata,Surat,Mumbai,Picked Up,Delhivery,Aarav Iyer,2026-07-27 21:01:00,
ORD103891,CUST01412,Coimbatore,Kolkata,Jaipur,Delayed,Ekart,Meera Singh,2026-04-14 18:30:00,
ORD100306,CUST01336,Surat,Jaipur,Kochi,Delayed,BlueDart,Vivaan Pillai,2026-08-20 01:08:00,
ORD102676,CUST01682,Mumbai,Chandigarh,Pune,In Transit,BlueDart,Sneha Nair,2026-04-14 15:01:00,
ORD102214,CUST00803,Nagpur,Hyderabad,Chandigarh,In Transit,Ekart,Rahul Malhotra,2026-09-19 03:01:00,
ORD104271,CUST04442,Delhi,Kolkata,Indore,Picked Up,Ekart,Sneha Agarwal,2026-08-04 20:59:00,
ORD103184,CUST02150,Hyderabad,Kochi,Kochi,Delivered,DTDC,Anika Agarwal,2026-09-29 21:18:00,2026-10-01 21:18:00
ORD104853,CUST04594,Coimbatore,Ahmedabad,Surat,Pending,Ekart,Neha Kapoor,2026-08-04 17:16:00,
ORD101197,CUST03140,Mumbai,Surat,Surat,Delivered,Shadowfax,Vikram Patel,2026-06-28 14:19:00,2026-06-28 14:19:00
ORD103863,CUST02426,Bengaluru,Mumbai,Surat,Pending,BlueDart,Vihaan Desai,2026-09-14 15:26:00,
ORD101841,CUST03445,Pune,Hyderabad,Hyderabad,Delivered,DTDC,Reyansh Rao,2026-03-30 15:11:00,2026-03-31 15:11:00
ORD103111,CUST04768,Ahmedabad,Nagpur,Nagpur,Delivered,Xpressbees,Riya Reddy,2026-07-26 21:19:00,2026-07-26 21:19:00
ORD102689,CUST02162,Delhi,Indore,Indore,Delivered,Xpressbees,Pooja Shetty,2026-02-22 02:48:00,2026-02-24 02:48:00
ORD103100,CUST03844,Mumbai,Pune,Chandigarh,Delayed,BlueDart,Aadhya Rao,2026-09-20 00:57:00,
ORD102063,CUST00911,Nagpur,Kochi,Kochi,In Transit,Delhivery,Priya Kumar,2026-03-09 00:16:00,
ORD100195,CUST04682,Surat,Coimbatore,Coimbatore,Delivered,Xpressbees,Vihaan Mehta,2026-05-04 19:43:00,2026-05-08 19:43:00
ORD102263,CUST04674,Bengaluru,Pune,Jaipur,In Transit,Delhivery,Arjun Bose,2026-08-10 12:26:00,
ORD104982,CUST04918,Ahmedabad,Hyderabad,Mumbai,In Transit,Shadowfax,Karan Joshi,2026-05-22 08:43:00,
ORD102118,CUST02859,Nagpur,Indore,Indore,Delivered,BlueDart,Divya Kapoor,2026-03-13 21:23:00,2026-03-13 21:23:00
ORD100880,CUST04468,Lucknow,Kochi,Pune,Out for Delivery,BlueDart,Saanvi Kumar,2026-09-14 22:33:00,
ORD100123,CUST03196,Chennai,Lucknow,Lucknow,Delivered,Shadowfax,Meera Rao,2026-08-19 17:23:00,2026-08-19 17:23:00
ORD102208,CUST04231,Mumbai,Jaipur,Jaipur,Delivered,Ekart,Vikram Bose,2026-03-13 05:06:00,2026-03-13 05:06:00
ORD101190,CUST02796,Nagpur,Kolkata,Lucknow,Returned to Sender,BlueDart,Ananya Rao,2026-07-27 11:30:00,
ORD102501,CUST03926,Indore,Coimbatore,Hyderabad,Returned to Sender,BlueDart,Riya Mehta,2026-10-01 16:14:00,
ORD104929,CUST00780,Kochi,Coimbatore,Coimbatore,Delivered,Ekart,Krishna Iyer,2026-08-22 03:40:00,2026-08-23 03:40:00
ORD104337,CUST01666,Nagpur,Ahmedabad,Coimbatore,Delayed,Shadowfax,Krishna Chatterjee,2026-08-07 12:41:00,
ORD101900,CUST00220,Delhi,Indore,Indore,Delivered,Shadowfax,Anika Reddy,2026-02-07 22:33:00,2026-02-07 22:33:00
ORD104028,CUST04251,Ahmedabad,Bengaluru,Mumbai,Returned to Sender,DTDC,Arjun Bose,2026-09-08 04:41:00,
ORD100121,CUST04517,Kochi,Delhi,Delhi,Out for Delivery,Delhivery,Rahul Nair,2026-03-30 07:01:00,
ORD100112,CUST04773,Chandigarh,Indore,Indore,Delivered,Ekart,Vikram Bose,2026-07-16 19:32:00,2026-07-17 19:32:00
ORD102480,CUST02831,Delhi,Hyderabad,Ahmedabad,Out for Delivery,DTDC,Ananya Verma,2026-06-24 06:58:00,
ORD104349,CUST00464,Coimbatore,Indore,Hyderabad,Picked Up,Shadowfax,Ishaan Sharma,2026-08-18 08:15:00,
ORD104731,CUST03708,Coimbatore,Chennai,Bengaluru,Pending,DTDC,Kavya Nair,2026-08-02 20:26:00,
ORD100747,CUST01332,Pune,Ahmedabad,Pune,Pending,Shadowfax,Vihaan Singh,2026-05-22 19:54:00,
ORD104003,CUST02988,Ahmedabad,Bengaluru,Bengaluru,Delivered,Xpressbees,Aadhya Patel,2026-04-16 21:13:00,2026-04-15 21:13:00
ORD101713,CUST03891,Pune,Bengaluru,Chandigarh,Delayed,Xpressbees,Reyansh Verma,2026-07-07 12:44:00,
ORD101669,CUST03553,Nagpur,Surat,Ahmedabad,Out for Delivery,BlueDart,Amit Joshi,2026-04-09 21:59:00,
ORD103799,CUST02249,Kolkata,Coimbatore,Indore,Delayed,Shadowfax,Reyansh Verma,2026-08-24 16:11:00,
ORD102337,CUST01160,Chennai,Indore,Indore,Delivered,Shadowfax,Amit Desai,2026-03-27 07:33:00,2026-03-26 07:33:00
ORD104930,CUST01082,Surat,Nagpur,Chennai,Out for Delivery,BlueDart,Aadhya Mehta,2026-05-14 05:54:00,
ORD104533,CUST00386,Bengaluru,Chennai,Nagpur,Returned to Sender,DTDC,Ananya Verma,2026-07-23 14:27:00,
ORD102928,CUST04520,Hyderabad,Coimbatore,Kochi,Returned to Sender,Ekart,Vikram Agarwal,2026-06-27 17:42:00,
ORD102135,CUST03658,Chandigarh,Indore,Indore,Delivered,Shadowfax,Karan Shetty,2026-04-03 09:31:00,2026-04-05 09:31:00
ORD103898,CUST04525,Bengaluru,Pune,Pune,Delivered,Shadowfax,Aadhya Nair,2026-08-08 22:48:00,2026-08-08 22:48:00
ORD103641,CUST04246,Mumbai,Kolkata,Indore,Out for Delivery,BlueDart,Riya Agarwal,2026-04-05 16:07:00,
ORD103058,CUST03400,Pune,Ahmedabad,Mumbai,In Transit,Ekart,Reyansh Iyer,2026-09-23 21:11:00,
ORD100136,CUST03344,Chennai,Bengaluru,Bengaluru,Delivered,DTDC,Anika Rao,2026-02-13 17:35:00,2026-02-13 17:35:00
ORD104922,CUST00960,Nagpur,Mumbai,Mumbai,Delivered,BlueDart,Aarav Malhotra,2026-07-28 00:07:00,2026-07-27 00:07:00
ORD101756,CUST04568,Bengaluru,Delhi,Delhi,Delivered,DTDC,Myra Bose,2026-03-10 01:41:00,2026-03-10 01:41:00
ORD104356,CUST03890,Kolkata,Mumbai,Mumbai,Delivered,Ekart,Arjun Kumar,2026-09-30 23:33:00,2026-10-01 23:33:00
ORD100204,CUST04839,Jaipur,Ahmedabad,Kolkata,Delayed,Delhivery,Saanvi Pillai,2026-05-29 18:11:00,
ORD102551,CUST00410,Chennai,Coimbatore,Coimbatore,Delivered,Shadowfax,Ananya Joshi,2026-03-06 08:49:00,2026-03-05 08:49:00
ORD104633,CUST02223,Lucknow,Indore,Delhi,Delayed,BlueDart,Ira Joshi,2026-06-22 02:50:00,
ORD103849,CUST01134,Pune,Chandigarh,Chandigarh,Delivered,Xpressbees,Vivaan Sharma,2026-02-05 05:24:00,2026-02-05 05:24:00
ORD104693,CUST00411,Pune,Kochi,Pune,Pending,DTDC,Divya Verma,2026-06-04 22:08:00,
ORD103222,CUST04332,Kolkata,Pune,Pune,Delivered,Ekart,Rahul Desai,2026-09-11 10:24:00,2026-09-11 10:24:00
ORD101632,CUST01873,Indore,Kochi,Chandigarh,Delayed,Xpressbees,Pooja Verma,2026-02-27 10:51:00,
ORD103493,CUST02724,Delhi,Chennai,Chennai,Delivered,Ekart,Rohan Bose,2026-08-05 03:52:00,2026-08-05 03:52:00
ORD100712,CUST01646,Kolkata,Surat,Jaipur,Delayed,DTDC,Aarav Shetty,2026-07-17 00:10:00,
ORD102145,CUST00718,Coimbatore,Chandigarh,Chandigarh,Delivered,Shadowfax,Divya Malhotra,2026-09-12 03:55:00,2026-09-13 03:55:00
ORD101954,CUST03299,Indore,Hyderabad,Hyderabad,Delivered,Shadowfax,Priya Desai,2026-07-14 18:47:00,2026-07-14 18:47:00
ORD102810,CUST02225,Indore,Pune,Kolkata,Out for Delivery,DTDC,Saanvi Singh,2026-05-11 18:30:00,
ORD102632,CUST02862,Indore,Chennai,Bengaluru,Returned to Sender,Delhivery,Rahul Verma,2026-04-17 19:52:00,
ORD100800,CUST02877,Ahmedabad,Nagpur,Jaipur,Out for Delivery,Shadowfax,Kavya Bose,2026-09-21 14:17:00,
ORD103336,CUST01976,Bengaluru,Pune,Kochi,Delayed,Shadowfax,Myra Desai,2026-05-27 20:02:00,
ORD103608,CUST01858,Nagpur,Hyderabad,Delhi,Out for Delivery,Xpressbees,Aarav Rao,2026-05-06 04:14:00,
ORD101766,CUST04146,Chandigarh,Lucknow,Kolkata,Picked Up,Shadowfax,Kavya Gupta,2026-03-16 01:58:00,
ORD101879,CUST03458,Lucknow,Indore,Kochi,In Transit,BlueDart,Amit Reddy,2026-09-01 05:52:00,
ORD103942,CUST04451,Indore,Coimbatore,Delhi,Pending,Ekart,Diya Kumar,2026-02-05 12:34:00,
ORD104484,CUST04889,Jaipur,Mumbai,Mumbai,Delivered,DTDC,Myra Shetty,2026-04-12 03:30:00,2026-04-14 03:30:00
ORD102680,CUST03466,Pune,Indore,Indore,Delivered,Shadowfax,Amit Agarwal,2026-06-26 04:30:00,2026-06-27 04:30:00
ORD100339,CUST04200,Kolkata,Coimbatore,Chennai,Delayed,BlueDart,Aadhya Rao,2026-08-13 11:53:00,
ORD103070,CUST01087,Indore,Chandigarh,Ahmedabad,Picked Up,Shadowfax,Divya Kapoor,2026-09-17 02:39:00,
ORD101608,CUST00136,Hyderabad,Coimbatore,Coimbatore,Delivered,Xpressbees,Reyansh Singh,2026-08-27 11:56:00,2026-08-27 11:56:00
ORD102241,CUST01384,Indore,Pune,Hyderabad,Delayed,Xpressbees,Priya Verma,2026-07-26 01:31:00,
ORD100852,CUST01589,Chandigarh,Hyderabad,Coimbatore,Picked Up,Shadowfax,Pooja Desai,2026-06-04 22:18:00,
ORD104723,CUST03649,Chandigarh,Indore,Chennai,Picked Up,BlueDart,Neha Pillai,2026-06-13 01:26:00,
ORD101924,CUST02606,Indore,Chandigarh,Chandigarh,Picked Up,Shadowfax,Aadhya Iyer,2026-03-05 06:55:00,
ORD102991,CUST01421,Surat,Bengaluru,Bengaluru,Delivered,Ekart,Aadhya Patel,2026-02-07 13:17:00,2026-02-11 13:17:00
ORD103850,CUST04564,Lucknow,Mumbai,Mumbai,Delivered,Ekart,Vikram Desai,2026-07-25 02:35:00,2026-07-29 02:35:00
ORD102854,CUST01054,Nagpur,Jaipur,Chandigarh,Out for Delivery,DTDC,Aditya Iyer,2026-07-21 15:13:00,
ORD104316,CUST01582,Surat,Coimbatore,Coimbatore,In Transit,BlueDart,Kavya Pillai,2026-05-08 05:24:00,
ORD102085,CUST03258,Nagpur,Hyderabad,Hyderabad,Delayed,BlueDart,Neha Gupta,2026-02-20 14:40:00,
ORD104124,CUST02346,Surat,Ahmedabad,Coimbatore,Picked Up,Delhivery,Pooja Kumar,2026-02-05 07:04:00,
ORD100472,CUST02233,Nagpur,Hyderabad,Kochi,Returned to Sender,BlueDart,Anika Reddy,2026-04-08 05:10:00,
ORD104250,CUST01322,Bengaluru,Surat,Surat,Delivered,Ekart,Aarav Kapoor,2026-08-28 07:02:00,2026-08-27 07:02:00
ORD103625,CUST02173,Indore,Bengaluru,Mumbai,Out for Delivery,Xpressbees,Ananya Gupta,2026-08-01 03:29:00,
ORD103897,CUST03947,Kochi,Kolkata,Kolkata,Delivered,Shadowfax,Aditya Rao,2026-08-08 03:35:00,2026-08-08 03:35:00
ORD104876,CUST01263,Delhi,Bengaluru,Bengaluru,Delivered,Shadowfax,Rajesh Chatterjee,2026-08-05 14:06:00,2026-08-05 14:06:00
ORD101717,CUST03539,Chandigarh,Hyderabad,Surat,Returned to Sender,Delhivery,Meera Reddy,2026-07-25 18:54:00,
ORD103500,CUST02069,Delhi,Surat,Surat,Delivered,Xpressbees,Neha Kumar,2026-02-18 05:00:00,2026-02-18 05:00:00
ORD100089,CUST01142,Ahmedabad,Kolkata,Kolkata,Delivered,DTDC,Amit Patel,2026-08-18 20:06:00,2026-08-19 20:06:00
ORD104758,CUST02525,Chennai,Nagpur,Coimbatore,Returned to Sender,Xpressbees,Diya Pillai,2026-07-12 20:13:00,
ORD101948,CUST00428,Coimbatore,Bengaluru,Bengaluru,Delivered,BlueDart,Vihaan Iyer,2026-09-30 06:01:00,2026-09-30 06:01:00
ORD103721,CUST03525,Hyderabad,Lucknow,Lucknow,Returned to Sender,BlueDart,Pooja Shetty,2026-05-30 19:56:00,
ORD102110,CUST01692,Coimbatore,Indore,Hyderabad,Pending,DTDC,Amit Mehta,2026-08-12 23:58:00,
ORD102108,CUST01502,Bengaluru,Chennai,Chennai,Delivered,DTDC,Sai Singh,2026-07-12 06:44:00,2026-07-16 06:44:00
ORD100101,CUST04534,Ahmedabad,Chennai,Chennai,Delivered,Shadowfax,Aditya Agarwal,2026-03-14 15:37:00,2026-03-16 15:37:00
ORD102043,CUST03109,Lucknow,Hyderabad,Bengaluru,Pending,DTDC,Arjun Pillai,2026-09-27 07:01:00,
ORD101828,CUST00893,Chennai,Hyderabad,Hyderabad,Delivered,Shadowfax,Rajesh Chatterjee,2026-07-24 02:02:00,2026-07-24 02:02:00
ORD100770,CUST04926,Hyderabad,Pune,Chandigarh,Delayed,DTDC,Neha Iyer,2026-09-01 19:53:00,
ORD103384,CUST03239,Pune,Delhi,Delhi,Delivered,Delhivery,Ishaan Singh,2026-06-20 11:35:00,2026-06-24 11:35:00
ORD103976,CUST00661,Hyderabad,Jaipur,Jaipur,In Transit,Shadowfax,Pooja Verma,2026-06-30 03:09:00,
ORD101056,CUST00047,Hyderabad,Pune,Hyderabad,Out for Delivery,BlueDart,Myra Patel,2026-06-11 11:27:00,
ORD102610,CUST02784,Ahmedabad,Nagpur,Bengaluru,Delayed,Ekart,Reyansh Malhotra,2026-02-24 10:44:00,
ORD102343,CUST01301,Chennai,Ahmedabad,Ahmedabad,Delivered,DTDC,Pooja Gupta,2026-01-30 07:32:00,2026-01-30 07:32:00
ORD101151,CUST03488,Ahmedabad,Pune,Pune,Delivered,Shadowfax,Riya Shetty,2026-06-26 05:12:00,2026-06-27 05:12:00
ORD100327,CUST03711,Mumbai,Chandigarh,Chandigarh,Delivered,Shadowfax,Riya Joshi,2026-07-02 17:26:00,2026-07-06 17:26:00
ORD103357,CUST00687,Lucknow,Indore,Nagpur,Delayed,BlueDart,Riya Kumar,2026-06-26 02:02:00,
ORD100882,CUST01676,Lucknow,Bengaluru,Mumbai,Delayed,Shadowfax,Myra Nair,2026-05-06 12:13:00,
ORD102079,CUST01413,Surat,Coimbatore,Delhi,Out for Delivery,Delhivery,Kavya Chatterjee,2026-09-28 06:21:00,
ORD101402,CUST00362,Jaipur,Bengaluru,Jaipur,Out for Delivery,Xpressbees,Riya Gupta,2026-06-29 15:40:00,
ORD103071,CUST01319,Hyderabad,Kochi,Kochi,Delivered,Ekart,Reyansh Shetty,2026-06-13 12:04:00,2026-06-17 12:04:00
ORD100966,CUST04658,Bengaluru,Delhi,Kochi,Delayed,BlueDart,Saanvi Mehta,2026-03-03 21:48:00,
ORD103865,CUST02403,Ahmedabad,Surat,Bengaluru,Returned to Sender,Shadowfax,Anika Verma,2026-05-27 09:01:00,
ORD100375,CUST02245,Hyderabad,Indore,Indore,Delivered,Xpressbees,Diya Sharma,2026-02-21 09:38:00,2026-02-21 09:38:00
ORD102370,CUST00740,Indore,Kochi,Surat,Delayed,DTDC,Aditya Sharma,2026-04-09 08:26:00,
ORD103744,CUST00961,Hyderabad,Nagpur,Nagpur,Delivered,Ekart,Vivaan Mehta,2026-03-30 08:30:00,2026-03-30 08:30:00
ORD103824,CUST03586,Kolkata,Chandigarh,Mumbai,Returned to Sender,Ekart,Aarav Mehta,2026-09-30 21:52:00,
ORD101497,CUST02278,Lucknow,Delhi,Delhi,Delivered,Ekart,Vihaan Kumar,2026-03-22 02:18:00,2026-03-23 02:18:00
ORD102840,CUST01953,Mumbai,Chennai,Chennai,Delivered,BlueDart,Aadhya Agarwal,2026-02-09 08:31:00,2026-02-09 08:31:00
ORD103491,CUST01781,Ahmedabad,Hyderabad,Surat,In Transit,Ekart,Krishna Malhotra,2026-04-16 05:08:00,
ORD102604,CUST04017,Jaipur,Indore,Indore,Delivered,DTDC,Diya Mehta,2026-04-20 16:29:00,2026-04-19 16:29:00
ORD103457,CUST04851,Chennai,Kochi,Pune,In Transit,BlueDart,Rohan Pillai,2026-02-24 14:27:00,
ORD102706,CUST01927,Ahmedabad,Nagpur,Jaipur,Picked Up,Delhivery,Ananya Rao,2026-03-25 06:21:00,
ORD103046,CUST02119,Mumbai,Surat,Kochi,Returned to Sender,BlueDart,Ira Agarwal,2026-06-11 18:00:00,
ORD103599,CUST00240,Surat,Bengaluru,Bengaluru,Delivered,BlueDart,Ira Desai,2026-05-27 08:34:00,2026-05-27 08:34:00
ORD102229,CUST01042,Chandigarh,Bengaluru,Hyderabad,Returned to Sender,Xpressbees,Rajesh Sharma,2026-02-09 01:14:00,
ORD104765,CUST03874,Chandigarh,Mumbai,Mumbai,Delivered,Ekart,Vihaan Gupta,2026-08-01 12:52:00,2026-08-05 12:52:00
ORD101257,CUST02809,Kolkata,Mumbai,Mumbai,Delivered,Ekart,Aarav Mehta,2026-07-23 20:23:00,2026-07-23 20:23:00
ORD100489,CUST03588,Hyderabad,Mumbai,Mumbai,Delivered,Xpressbees,Amit Kumar,2026-07-16 09:01:00,2026-07-16 09:01:00
ORD101709,CUST00774,Chennai,Lucknow,Lucknow,Delivered,Xpressbees,Diya Chatterjee,2026-05-17 07:06:00,2026-05-17 07:06:00
ORD100161,CUST04144,Kochi,Surat,Surat,Delivered,Xpressbees,Ira Verma,2026-04-01 14:34:00,2026-04-01 14:34:00
ORD100273,CUST03923,Kochi,Indore,Indore,Delayed,DTDC,Aarav Joshi,2026-06-11 01:44:00,
ORD102848,CUST00188,Chennai,Lucknow,Lucknow,Delivered,Shadowfax,Vikram Rao,2026-06-27 14:00:00,2026-06-29 14:00:00
ORD104916,CUST01811,Chennai,Kolkata,Delhi,Returned to Sender,Shadowfax,Karan Nair,2026-06-01 18:35:00,
ORD104675,CUST01315,Surat,Coimbatore,Delhi,Out for Delivery,Xpressbees,Divya Desai,2026-08-01 05:34:00,
ORD103206,CUST03869,Mumbai,Bengaluru,Kochi,Returned to Sender,BlueDart,Ishaan Joshi,2026-07-14 02:52:00,
ORD104106,CUST02434,Indore,Coimbatore,Hyderabad,Picked Up,BlueDart,Sneha Kumar,2026-07-04 06:05:00,
ORD100393,CUST00750,Hyderabad,Kochi,Nagpur,In Transit,Shadowfax,Reyansh Patel,2026-07-11 11:10:00,
ORD101192,CUST01135,Jaipur,Indore,Indore,Delivered,Delhivery,Ishaan Agarwal,2026-07-09 10:16:00,2026-07-11 10:16:00
ORD102614,CUST00670,Surat,Jaipur,Kochi,Out for Delivery,Ekart,Vikram Malhotra,2026-06-08 22:38:00,
ORD101022,CUST04049,Pune,Ahmedabad,Lucknow,Pending,BlueDart,Neha Singh,2026-07-27 12:17:00,
ORD103080,CUST04194,Chennai,Jaipur,Nagpur,Pending,Xpressbees,Anika Rao,2026-07-05 15:04:00,
ORD102764,CUST03257,Kochi,Pune,Pune,Delivered,Ekart,Rahul Kapoor,2026-05-22 19:49:00,2026-05-26 19:49:00
ORD102162,CUST00529,Ahmedabad,Kochi,Kochi,Delivered,Delhivery,Ira Patel,2026-02-18 22:14:00,2026-02-17 22:14:00
ORD103506,CUST04764,Pune,Hyderabad,Hyderabad,Delivered,Xpressbees,Krishna Singh,2026-09-22 21:38:00,2026-09-23 21:38:00
ORD102656,CUST00901,Kolkata,Ahmedabad,Chandigarh,Returned to Sender,Delhivery,Priya Patel,2026-09-26 05:45:00,
ORD103918,CUST01678,Surat,Pune,Delhi,Delayed,DTDC,Neha Malhotra,2026-09-13 16:55:00,
ORD102853,CUST03472,Bengaluru,Lucknow,Lucknow,Delivered,Delhivery,Anika Shetty,2026-05-03 06:37:00,2026-05-05 06:37:00
ORD104103,CUST03430,Lucknow,Kochi,Hyderabad,Out for Delivery,BlueDart,Vivaan Reddy,2026-04-06 03:49:00,
ORD102944,CUST01972,Bengaluru,Nagpur,Nagpur,In Transit,BlueDart,Rahul Singh,2026-04-05 05:44:00,
ORD104799,CUST04622,Delhi,Chennai,Nagpur,Pending,Ekart,Anika Kumar,2026-02-24 16:25:00,
ORD103156,CUST01310,Bengaluru,Indore,Indore,Delayed,Xpressbees,Anika Rao,2026-07-06 08:01:00,
ORD104841,CUST04399,Bengaluru,Indore,Indore,Delivered,Shadowfax,Divya Singh,2026-08-22 19:05:00,2026-08-24 19:05:00
ORD103195,CUST03421,Delhi,Chennai,Mumbai,Picked Up,Shadowfax,Ananya Chatterjee,2026-03-08 19:43:00,
ORD103225,CUST00183,Delhi,Surat,Surat,Delivered,Xpressbees,Rajesh Joshi,2026-06-04 03:25:00,2026-06-03 03:25:00
ORD102060,CUST03811,Ahmedabad,Hyderabad,Hyderabad,Delivered,Ekart,Aditya Reddy,2026-04-13 14:11:00,2026-04-13 14:11:00
ORD102924,CUST00898,Ahmedabad,Lucknow,Lucknow,Delivered,BlueDart,Riya Shetty,2026-06-25 21:02:00,2026-06-29 21:02:00
ORD104656,CUST04427,Kochi,Pune,Pune,Delivered,Xpressbees,Arjun Reddy,2026-05-20 20:56:00,2026-05-20 20:56:00
ORD100149,CUST03301,Chandigarh,Ahmedabad,Ahmedabad,Delivered,BlueDart,Diya Chatterjee,2026-05-11 03:47:00,2026-05-10 03:47:00
ORD104831,CUST01701,Kolkata,Hyderabad,Hyderabad,Delivered,Ekart,Reyansh Nair,2026-04-21 15:18:00,2026-04-20 15:18:00
ORD104999,CUST03176,Bengaluru,Surat,Surat,Picked Up,Ekart,Meera Kumar,2026-09-01 15:39:00,
ORD103594,CUST03773,Surat,Kolkata,Kolkata,Delivered,Xpressbees,Krishna Bose,2026-09-05 12:06:00,2026-09-04 12:06:00
ORD103752,CUST00736,Kolkata,Surat,Surat,Delivered,Delhivery,Aadhya Reddy,2026-04-08 11:52:00,2026-04-07 11:52:00
ORD100194,CUST02291,Delhi,Jaipur,Jaipur,Delivered,Shadowfax,Arjun Sharma,2026-03-08 22:02:00,2026-03-08 22:02:00
ORD100268,CUST02278,Delhi,Bengaluru,Bengaluru,Delivered,BlueDart,Sneha Singh,2026-06-24 05:12:00,2026-06-26 05:12:00
ORD103785,CUST04081,Ahmedabad,Mumbai,Bengaluru,Pending,BlueDart,Meera Chatterjee,2026-09-13 09:42:00,
ORD102869,CUST02971,Lucknow,Ahmedabad,Ahmedabad,Delivered,Shadowfax,Pooja Shetty,2026-03-11 14:53:00,2026-03-15 14:53:00
ORD102754,CUST02670,Indore,Kolkata,Surat,In Transit,Shadowfax,Riya Mehta,2026-03-01 02:40:00,
ORD103090,CUST00823,Coimbatore,Indore,Indore,Delivered,Shadowfax,Vivaan Chatterjee,2026-05-05 16:57:00,2026-05-05 16:57:00
ORD100703,CUST04232,Chennai,Coimbatore,Coimbatore,Delivered,Delhivery,Aarav Singh,2026-01-31 19:56:00,2026-01-31 19:56:00
ORD102462,CUST04115,Ahmedabad,Chennai,Bengaluru,Out for Delivery,DTDC,Rahul Patel,2026-09-21 15:56:00,
ORD102537,CUST03112,Nagpur,Indore,Indore,Delivered,Xpressbees,Reyansh Patel,2026-09-09 03:25:00,2026-09-11 03:25:00
ORD100602,CUST04540,Pune,Hyderabad,Hyderabad,Delivered,Xpressbees,Aditya Singh,2026-04-22 13:20:00,2026-04-22 13:20:00
ORD103313,CUST01084,Chandigarh,Nagpur,Hyderabad,Out for Delivery,Shadowfax,Rahul Gupta,2026-02-07 19:55:00,
ORD101140,CUST03110,Mumbai,Surat,Pune,In Transit,DTDC,Vivaan Malhotra,2026-07-21 18:07:00,
ORD100387,CUST03381,Hyderabad,Delhi,Mumbai,Out for Delivery,Shadowfax,Aadhya Patel,2026-09-28 14:00:00,
ORD104072,CUST01297,Lucknow,Nagpur,Chandigarh,In Transit,Xpressbees,Aadhya Iyer,2026-04-29 17:16:00,
ORD100911,CUST00719,Delhi,Pune,Pune,Delivered,Xpressbees,Sai Nair,2026-09-20 16:19:00,2026-09-22 16:19:00
ORD100207,CUST04575,Delhi,Chennai,Lucknow,Delayed,BlueDart,Ira Chatterjee,2026-05-30 02:47:00,
ORD104983,CUST04643,Kolkata,Hyderabad,Kochi,Pending,DTDC,Reyansh Chatterjee,2026-03-19 19:50:00,
ORD103919,CUST02624,Indore,Hyderabad,Hyderabad,Delivered,Ekart,Myra Iyer,2026-05-03 20:04:00,2026-05-03 20:04:00
ORD100962,CUST03595,Nagpur,Chennai,Kolkata,Picked Up,Delhivery,Diya Joshi,2026-09-15 07:30:00,
ORD101951,CUST04462,Lucknow,Nagpur,Hyderabad,Picked Up,BlueDart,Rohan Kumar,2026-08-06 05:55:00,
ORD100404,CUST00502,Kolkata,Pune,Pune,Delivered,Shadowfax,Ishaan Rao,2026-09-11 14:48:00,2026-09-12 14:48:00
ORD102563,CUST00177,Delhi,Bengaluru,Bengaluru,Out for Delivery,Shadowfax,Vihaan Iyer,2026-05-28 03:04:00,
ORD104785,CUST00370,Mumbai,Chennai,Chennai,Delivered,DTDC,Aadhya Pillai,2026-06-10 08:16:00,2026-06-10 08:16:00
ORD103991,CUST02158,Hyderabad,Delhi,Delhi,Delivered,Shadowfax,Pooja Chatterjee,2026-09-16 07:09:00,2026-09-16 07:09:00
ORD101878,CUST02848,Hyderabad,Surat,Kolkata,Pending,BlueDart,Vihaan Rao,2026-06-28 04:23:00,
ORD103969,CUST01202,Kochi,Indore,Bengaluru,Returned to Sender,DTDC,Sai Verma,2026-03-21 16:20:00,
ORD103764,CUST04659,Coimbatore,Kochi,Kochi,Delivered,Shadowfax,Kavya Rao,2026-03-10 06:39:00,2026-03-11 06:39:00
ORD103033,CUST03307,Kochi,Nagpur,Chandigarh,Delayed,Delhivery,Rohan Reddy,2026-03-23 01:50:00,
ORD103697,CUST03611,Delhi,Ahmedabad,Indore,Returned to Sender,Ekart,Neha Bose,2026-07-27 18:51:00,
ORD104368,CUST04050,Kochi,Pune,Pune,Delivered,Ekart,Ira Patel,2026-05-29 19:42:00,2026-06-02 19:42:00
ORD102461,CUST03883,Nagpur,Bengaluru,Delhi,Out for Delivery,DTDC,Sai Gupta,2026-06-08 02:35:00,
ORD100646,CUST01091,Indore,Kolkata,Surat,Picked Up,BlueDart,Myra Shetty,2026-08-09 00:19:00,
ORD102482,CUST04024,Indore,Chennai,Kolkata,Delayed,Delhivery,Rohan Verma,2026-03-14 06:49:00,
ORD101635,CUST00548,Surat,Indore,Indore,Delivered,DTDC,Aditya Sharma,2026-08-13 20:06:00,2026-08-14 20:06:00
ORD103656,CUST03737,Chennai,Jaipur,Jaipur,Pending,Xpressbees,Reyansh Pillai,2026-06-30 12:15:00,
ORD104423,CUST02590,Nagpur,Kochi,Hyderabad,In Transit,Delhivery,Anika Bose,2026-02-18 23:48:00,
ORD102179,CUST02175,Jaipur,Chennai,Chennai,Delivered,Delhivery,Vihaan Nair,2026-05-21 18:35:00,2026-05-21 18:35:00
ORD104144,CUST01883,Nagpur,Mumbai,Kochi,Pending,Ekart,Riya Shetty,2026-04-01 16:07:00,
ORD100775,CUST03991,Hyderabad,Mumbai,Bengaluru,Pending,Delhivery,Pooja Kumar,2026-04-19 01:49:00,
ORD102037,CUST03729,Kolkata,Indore,Indore,Delivered,BlueDart,Diya Malhotra,2026-05-05 20:11:00,2026-05-04 20:11:00
ORD104631,CUST02464,Pune,Bengaluru,Ahmedabad,Returned to Sender,Ekart,Saanvi Kumar,2026-03-26 22:51:00,
ORD103763,CUST03892,Mumbai,Pune,Pune,Delivered,Xpressbees,Riya Joshi,2026-04-24 05:38:00,2026-04-26 05:38:00
ORD104722,CUST04536,Mumbai,Bengaluru,Bengaluru,Delivered,Delhivery,Krishna Gupta,2026-05-06 13:30:00,2026-05-06 13:30:00
ORD101964,CUST01785,Nagpur,Pune,Kochi,Returned to Sender,Delhivery,Arjun Verma,2026-08-30 11:36:00,
ORD102936,CUST03296,Indore,Bengaluru,Bengaluru,Delivered,BlueDart,Priya Reddy,2026-07-20 10:02:00,2026-07-20 10:02:00
ORD103118,CUST00846,Chennai,Jaipur,Jaipur,Delivered,BlueDart,Arjun Sharma,2026-05-28 19:09:00,2026-05-30 19:09:00
ORD104462,CUST01526,Mumbai,Surat,Surat,Delivered,DTDC,Saanvi Patel,2026-08-13 20:11:00,2026-08-17 20:11:00
ORD102817,CUST00698,Chennai,Chandigarh,Delhi,Picked Up,Delhivery,Divya Joshi,2026-07-30 14:42:00,
ORD104156,CUST01238,Nagpur,Lucknow,Lucknow,Delivered,Shadowfax,Divya Bose,2026-03-08 09:48:00,2026-03-07 09:48:00
ORD104327,CUST00192,Delhi,Ahmedabad,Coimbatore,Out for Delivery,Xpressbees,Arjun Gupta,2026-08-31 09:53:00,
ORD102080,CUST00646,Jaipur,Pune,Kochi,Out for Delivery,Shadowfax,Rohan Chatterjee,2026-05-13 07:41:00,
ORD104852,CUST03822,Chandigarh,Bengaluru,Bengaluru,Delivered,Delhivery,Priya Joshi,2026-02-12 13:25:00,2026-02-12 13:25:00
ORD104692,CUST02751,Surat,Mumbai,Nagpur,Returned to Sender,Delhivery,Neha Nair,2026-07-03 02:25:00,
ORD104676,CUST03458,Lucknow,Coimbatore,Coimbatore,Pending,DTDC,Rahul Gupta,2026-07-25 21:43:00,
ORD103097,CUST02379,Kolkata,Kochi,Surat,Delayed,DTDC,Vikram Mehta,2026-09-04 10:08:00,
ORD101813,CUST01957,Jaipur,Surat,Coimbatore,In Transit,BlueDart,Myra Desai,2026-04-08 04:28:00,
ORD104928,CUST01657,Surat,Chandigarh,Indore,Out for Delivery,Shadowfax,Riya Patel,2026-07-26 09:42:00,
ORD102345,CUST01639,Hyderabad,Jaipur,Nagpur,Delayed,BlueDart,Riya Gupta,2026-04-03 05:44:00,
ORD103087,CUST00718,Delhi,Jaipur,Kolkata,Picked Up,Shadowfax,Ira Kapoor,2026-04-02 18:19:00,
ORD101551,CUST00293,Ahmedabad,Chennai,Chennai,Delivered,BlueDart,Priya Joshi,2026-09-24 16:20:00,2026-09-26 16:20:00
ORD100490,CUST01100,Nagpur,Delhi,Bengaluru,Picked Up,Xpressbees,Pooja Rao,2026-06-27 10:12:00,
ORD102186,CUST03102,Pune,Jaipur,Hyderabad,Picked Up,Delhivery,Priya Kapoor,2026-02-07 20:22:00,
ORD100167,CUST04211,Kochi,Hyderabad,Hyderabad,Delivered,Ekart,Sai Mehta,2026-07-15 10:43:00,2026-07-15 10:43:00
ORD103332,CUST00494,Lucknow,Surat,Surat,In Transit,Ekart,Kavya Sharma,2026-05-30 16:30:00,
ORD103639,CUST00052,Coimbatore,Jaipur,Jaipur,Delivered,Delhivery,Saanvi Kumar,2026-06-21 12:57:00,2026-06-21 12:57:00
ORD104757,CUST02992,Kochi,Lucknow,Chandigarh,Pending,DTDC,Meera Rao,2026-03-22 11:01:00,
ORD100221,CUST02237,Lucknow,Hyderabad,Kochi,Delayed,BlueDart,Reyansh Mehta,2026-08-25 21:54:00,
ORD101726,CUST01414,Nagpur,Delhi,Nagpur,In Transit,Ekart,Ishaan Kumar,2026-08-29 07:12:00,
ORD100556,CUST01537,Kochi,Nagpur,Nagpur,Delivered,BlueDart,Vihaan Reddy,2026-07-28 07:33:00,2026-07-28 07:33:00
ORD100801,CUST03310,Bengaluru,Kochi,Kochi,Delivered,Delhivery,Rahul Agarwal,2026-03-17 03:42:00,2026-03-16 03:42:00
ORD103513,CUST03561,Delhi,Hyderabad,Hyderabad,Delivered,Ekart,Kavya Malhotra,2026-02-17 21:19:00,2026-02-18 21:19:00
ORD102116,CUST02472,Kolkata,Pune,Pune,Delivered,Xpressbees,Diya Reddy,2026-05-26 18:21:00,2026-05-26 18:21:00
ORD104554,CUST03891,Surat,Chandigarh,Ahmedabad,Pending,Ekart,Sai Chatterjee,2026-04-16 20:27:00,
ORD101422,CUST04335,Mumbai,Chennai,Chennai,Delivered,BlueDart,Aarav Reddy,2026-09-27 05:10:00,2026-09-29 05:10:00
ORD104760,CUST00582,Surat,Chandigarh,Chandigarh,Delivered,BlueDart,Saanvi Kumar,2026-03-09 22:37:00,2026-03-08 22:37:00
ORD101450,CUST02656,Nagpur,Hyderabad,Ahmedabad,Delayed,Xpressbees,Ishaan Singh,2026-06-20 05:42:00,
ORD100392,CUST00175,Lucknow,Jaipur,Mumbai,Picked Up,Delhivery,Ira Shetty,2026-04-06 02:27:00,
ORD102731,CUST04745,Indore,Chennai,Indore,Picked Up,BlueDart,Aadhya Kumar,2026-07-28 18:30:00,
ORD102851,CUST00989,Pune,Lucknow,Delhi,Returned to Sender,Delhivery,Ira Joshi,2026-05-12 20:57:00,
ORD101403,CUST00034,Mumbai,Kochi,Kochi,Delivered,Shadowfax,Sneha Shetty,2026-06-26 15:22:00,2026-06-25 15:22:00
ORD104787,CUST02669,Hyderabad,Nagpur,Nagpur,Delivered,DTDC,Ananya Chatterjee,2026-04-06 13:17:00,2026-04-06 13:17:00
ORD102515,CUST01384,Lucknow,Mumbai,Mumbai,In Transit,BlueDart,Vihaan Pillai,2026-07-11 22:39:00,
ORD101934,CUST04637,Coimbatore,Indore,Indore,Delivered,Delhivery,Vihaan Chatterjee,2026-06-01 21:24:00,2026-06-05 21:24:00
ORD100537,CUST01571,Bengaluru,Lucknow,Lucknow,Delivered,Shadowfax,Arjun Kumar,2026-06-06 23:06:00,2026-06-07 23:06:00
ORD101860,CUST03993,Ahmedabad,Lucknow,Lucknow,In Transit,DTDC,Aadhya Kapoor,2026-07-11 16:12:00,
ORD103270,CUST02184,Jaipur,Ahmedabad,Ahmedabad,Delivered,Ekart,Sneha Verma,2026-02-21 22:12:00,2026-02-21 22:12:00
ORD100054,CUST01391,Nagpur,Coimbatore,Coimbatore,Delivered,Ekart,Myra Sharma,2026-02-11 11:05:00,2026-02-11 11:05:00
ORD101462,CUST01613,Jaipur,Chennai,Coimbatore,Picked Up,Ekart,Vivaan Bose,2026-03-04 10:02:00,
ORD102422,CUST02837,Nagpur,Kolkata,Kolkata,Delivered,Ekart,Vihaan Verma,2026-05-03 09:48:00,2026-05-03 09:48:00
ORD103158,CUST00542,Nagpur,Mumbai,Mumbai,Picked Up,Xpressbees,Pooja Mehta,2026-09-14 13:56:00,
ORD101280,CUST01602,Delhi,Nagpur,Chennai,Picked Up,Delhivery,Rajesh Nair,2026-06-20 21:57:00,
ORD101076,CUST03628,Coimbatore,Chandigarh,Chandigarh,Delivered,BlueDart,Priya Desai,2026-02-15 16:13:00,2026-02-15 16:13:00
ORD102962,CUST03586,Lucknow,Delhi,Delhi,Returned to Sender,Xpressbees,Rohan Rao,2026-04-12 02:59:00,
ORD100413,CUST00216,Hyderabad,Delhi,Hyderabad,Picked Up,Xpressbees,Arjun Mehta,2026-07-01 10:37:00,
ORD104604,CUST01116,Indore,Chandigarh,Chandigarh,Delivered,Shadowfax,Divya Mehta,2026-04-13 16:32:00,2026-04-12 16:32:00
ORD102812,CUST02928,Mumbai,Nagpur,Nagpur,Delivered,Ekart,Krishna Mehta,2026-07-16 10:21:00,2026-07-20 10:21:00
ORD100535,CUST04313,Mumbai,Hyderabad,Nagpur,Picked Up,DTDC,Anika Reddy,2026-04-18 12:17:00,
ORD104007,CUST03588,Hyderabad,Ahmedabad,Indore,Delayed,Delhivery,Rohan Reddy,2026-09-02 00:43:00,
ORD101483,CUST04985,Coimbatore,Kochi,Kochi,Delivered,BlueDart,Aditya Shetty,2026-04-29 14:32:00,2026-04-29 14:32:00
ORD103279,CUST04303,Kochi,Indore,Indore,Delivered,BlueDart,Krishna Pillai,2026-06-06 01:54:00,2026-06-06 01:54:00
ORD101559,CUST01333,Kochi,Coimbatore,Bengaluru,Delayed,Delhivery,Amit Desai,2026-04-28 06:48:00,
ORD101048,CUST03706,Coimbatore,Bengaluru,Pune,Returned to Sender,Xpressbees,Ishaan Joshi,2026-09-25 00:43:00,
ORD103418,CUST02634,Ahmedabad,Indore,Indore,Pending,Xpressbees,Myra Verma,2026-03-09 21:58:00,
ORD102217,CUST00141,Kochi,Lucknow,Jaipur,Returned to Sender,Xpressbees,Amit Patel,2026-05-09 21:54:00,
ORD101180,CUST00363,Kolkata,Chandigarh,Chandigarh,Delivered,BlueDart,Riya Kapoor,2026-04-16 00:24:00,2026-04-20 00:24:00
ORD101703,CUST04738,Delhi,Indore,Nagpur,Returned to Sender,Delhivery,Rohan Iyer,2026-05-30 23:45:00,
ORD101428,CUST03138,Hyderabad,Kolkata,Kolkata,Delivered,Xpressbees,Ananya Verma,2026-08-19 07:18:00,2026-08-19 07:18:00
ORD102550,CUST01325,Delhi,Lucknow,Lucknow,Delivered,Xpressbees,Saanvi Pillai,2026-02-08 19:42:00,2026-02-08 19:42:00
ORD104252,CUST01473,Surat,Chennai,Chennai,Delivered,BlueDart,Krishna Chatterjee,2026-02-07 02:26:00,2026-02-07 02:26:00
ORD101940,CUST01440,Hyderabad,Nagpur,Coimbatore,Delayed,Shadowfax,Ishaan Nair,2026-02-10 08:15:00,
ORD101057,CUST01474,Ahmedabad,Hyderabad,Hyderabad,Delivered,Ekart,Aditya Patel,2026-08-27 10:19:00,2026-08-27 10:19:00
ORD104384,CUST04657,Pune,Indore,Indore,Delivered,Shadowfax,Vihaan Iyer,2026-05-11 08:33:00,2026-05-11 08:33:00
ORD103376,CUST00770,Nagpur,Indore,Bengaluru,In Transit,BlueDart,Sai Pillai,2026-03-20 00:29:00,
ORD100572,CUST01673,Jaipur,Indore,Mumbai,Picked Up,Shadowfax,Karan Kumar,2026-07-18 22:00:00,
ORD102083,CUST04549,Chennai,Bengaluru,Kochi,In Transit,BlueDart,Kavya Chatterjee,2026-09-13 02:14:00,
ORD101952,CUST03016,Lucknow,Indore,Indore,Delivered,Xpressbees,Divya Mehta,2026-09-15 19:10:00,2026-09-17 19:10:00
ORD102861,CUST00934,Kolkata,Nagpur,Nagpur,Delayed,BlueDart,Vihaan Nair,2026-02-19 01:34:00,
ORD103531,CUST03072,Hyderabad,Coimbatore,Jaipur,Returned to Sender,Delhivery,Rajesh Desai,2026-09-04 19:50:00,
ORD101124,CUST01553,Mumbai,Nagpur,Kochi,Pending,Xpressbees,Vivaan Pillai,2026-05-16 17:40:00,
ORD103568,CUST04141,Nagpur,Kochi,Indore,Delayed,Ekart,Aditya Bose,2026-09-17 01:15:00,
ORD101922,CUST00322,Kolkata,Delhi,Pune,In Transit,Ekart,Vihaan Reddy,2026-04-05 21:15:00,
ORD103445,CUST00195,Surat,Mumbai,Chandigarh,In Transit,DTDC,Ananya Gupta,2026-06-13 22:57:00,
ORD104037,CUST02723,Kochi,Hyderabad,Hyderabad,Delivered,Xpressbees,Ishaan Singh,2026-08-01 01:36:00,2026-08-03 01:36:00
ORD101195,CUST00642,Nagpur,Delhi,Surat,Pending,Delhivery,Riya Mehta,2026-02-05 03:02:00,
ORD104979,CUST00558,Ahmedabad,Chennai,Chennai,Delivered,BlueDart,Aarav Joshi,2026-09-09 10:19:00,2026-09-09 10:19:00
ORD100005,CUST00010,Jaipur,Ahmedabad,Bengaluru,Returned to Sender,Xpressbees,Ananya Mehta,2026-07-09 15:06:00,
ORD101248,CUST02110,Delhi,Indore,Indore,Delivered,Shadowfax,Ishaan Bose,2026-04-05 01:14:00,2026-04-05 01:14:00
ORD101439,CUST03816,Lucknow,Hyderabad,Chandigarh,Pending,Shadowfax,Aarav Chatterjee,2026-02-10 12:36:00,
ORD103981,CUST02109,Kolkata,Pune,Kolkata,In Transit,BlueDart,Ishaan Mehta,2026-03-01 20:17:00,
ORD101467,CUST02854,Jaipur,Chandigarh,Chandigarh,Delivered,Shadowfax,Neha Agarwal,2026-08-05 16:36:00,2026-08-06 16:36:00
ORD102476,CUST04861,Coimbatore,Kochi,Kochi,Delivered,Xpressbees,Saanvi Patel,2026-02-03 00:15:00,2026-02-03 00:15:00
ORD100794,CUST04705,Chennai,Lucknow,Lucknow,Delivered,Delhivery,Reyansh Iyer,2026-04-29 13:47:00,2026-04-28 13:47:00
ORD101615,CUST03006,Chennai,Nagpur,Nagpur,Delivered,Shadowfax,Sai Joshi,2026-08-05 22:38:00,2026-08-09 22:38:00
ORD103450,CUST00325,Nagpur,Delhi,Delhi,Delivered,Shadowfax,Neha Bose,2026-02-17 04:21:00,2026-02-17 04:21:00
ORD101281,CUST01380,Coimbatore,Pune,Pune,Delivered,DTDC,Amit Malhotra,2026-04-04 21:22:00,2026-04-04 21:22:00
ORD104377,CUST02555,Ahmedabad,Bengaluru,Bengaluru,Delivered,DTDC,Priya Kumar,2026-05-06 16:50:00,2026-05-05 16:50:00
ORD100991,CUST03334,Hyderabad,Kochi,Pune,Out for Delivery,Shadowfax,Rohan Iyer,2026-07-01 05:27:00,
ORD104341,CUST04808,Pune,Mumbai,Mumbai,Delivered,Shadowfax,Riya Rao,2026-04-22 13:30:00,2026-04-24 13:30:00
ORD103302,CUST04746,Delhi,Indore,Indore,Delivered,Delhivery,Aarav Sharma,2026-05-01 09:27:00,2026-05-01 09:27:00
ORD104927,CUST04486,Lucknow,Bengaluru,Kolkata,Delayed,Xpressbees,Reyansh Malhotra,2026-05-29 15:49:00,
ORD103266,CUST01296,Nagpur,Chandigarh,Nagpur,Out for Delivery,BlueDart,Saanvi Verma,2026-04-09 02:32:00,
ORD101545,CUST04416,Chandigarh,Nagpur,Nagpur,Delivered,Xpressbees,Sneha Reddy,2026-09-23 05:22:00,2026-09-24 05:22:00
ORD100423,CUST03293,Coimbatore,Surat,Kolkata,Pending,Ekart,Rahul Agarwal,2026-08-18 04:06:00,
ORD102415,CUST00991,Jaipur,Pune,Coimbatore,Out for Delivery,Shadowfax,Riya Bose,2026-06-12 10:38:00,
ORD100391,CUST00129,Ahmedabad,Chennai,Lucknow,Out for Delivery,Delhivery,Ishaan Bose,2026-08-26 05:44:00,
ORD101119,CUST02744,Delhi,Coimbatore,Chennai,Delayed,Xpressbees,Vihaan Kumar,2026-08-07 04:44:00,
ORD101774,CUST04112,Hyderabad,Chennai,Chennai,Delivered,Xpressbees,Ira Bose,2026-03-29 08:56:00,2026-03-29 08:56:00
ORD102785,CUST04227,Bengaluru,Surat,Surat,Delivered,BlueDart,Vikram Verma,2026-05-14 14:45:00,2026-05-14 14:45:00
ORD104013,CUST03279,Bengaluru,Nagpur,Nagpur,Delivered,DTDC,Kavya Pillai,2026-07-26 20:34:00,2026-07-30 20:34:00
ORD102696,CUST00960,Mumbai,Bengaluru,Bengaluru,Delivered,Xpressbees,Rajesh Desai,2026-05-01 16:54:00,2026-05-05 16:54:00
ORD100591,CUST01780,Surat,Pune,Kolkata,Out for Delivery,BlueDart,Neha Iyer,2026-07-07 18:07:00,
ORD102130,CUST04170,Indore,Lucknow,Jaipur,Returned to Sender,Delhivery,Neha Bose,2026-08-03 21:38:00,
ORD104254,CUST03051,Hyderabad,Surat,Surat,Delivered,Ekart,Amit Singh,2026-05-01 19:21:00,2026-05-01 19:21:00
ORD102608,CUST01509,Lucknow,Ahmedabad,Ahmedabad,Out for Delivery,Xpressbees,Meera Agarwal,2026-02-23 11:39:00,
ORD104998,CUST04689,Bengaluru,Hyderabad,Chandigarh,Pending,BlueDart,Riya Agarwal,2026-02-01 17:36:00,
ORD101667,CUST00949,Nagpur,Surat,Surat,Delivered,DTDC,Rahul Singh,2026-06-13 17:45:00,2026-06-13 17:45:00
ORD103056,CUST01230,Lucknow,Surat,Surat,Delivered,Xpressbees,Aadhya Patel,2026-09-12 20:36:00,2026-09-12 20:36:00
ORD101984,CUST04195,Kolkata,Chennai,Delhi,Out for Delivery,Ekart,Rohan Sharma,2026-05-20 01:27:00,
ORD102565,CUST04780,Bengaluru,Delhi,Bengaluru,Delayed,Delhivery,Rohan Nair,2026-08-05 14:17:00,
ORD102133,CUST00157,Lucknow,Mumbai,Mumbai,Delivered,BlueDart,Rohan Joshi,2026-06-13 13:19:00,2026-06-15 13:19:00
ORD102618,CUST04069,Kolkata,Kochi,Bengaluru,Delayed,DTDC,Myra Bose,2026-09-09 03:26:00,
ORD102202,CUST04775,Chennai,Delhi,Ahmedabad,Picked Up,Xpressbees,Aarav Rao,2026-04-24 00:57:00,
ORD103507,CUST01824,Chandigarh,Nagpur,Pune,Returned to Sender,BlueDart,Krishna Patel,2026-09-21 19:10:00,
ORD100314,CUST00932,Bengaluru,Surat,Chandigarh,Picked Up,Delhivery,Arjun Desai,2026-05-03 04:06:00,
ORD102255,CUST04198,Ahmedabad,Hyderabad,Kochi,Pending,Xpressbees,Pooja Verma,2026-02-06 16:48:00,
ORD101649,CUST04732,Mumbai,Chennai,Chennai,Delivered,BlueDart,Ishaan Singh,2026-07-25 12:35:00,2026-07-25 12:35:00
ORD102387,CUST02866,Kochi,Lucknow,Lucknow,Delivered,Delhivery,Saanvi Rao,2026-05-22 17:50:00,2026-05-22 17:50:00
ORD104658,CUST02869,Ahmedabad,Nagpur,Jaipur,Picked Up,Delhivery,Kavya Sharma,2026-02-27 19:55:00,
ORD101300,CUST02078,Delhi,Surat,Lucknow,Out for Delivery,Shadowfax,Aditya Joshi,2026-04-15 00:06:00,
ORD101189,CUST00607,Chennai,Hyderabad,Hyderabad,Delivered,Xpressbees,Arjun Kapoor,2026-03-30 01:36:00,2026-03-31 01:36:00
ORD101214,CUST03901,Bengaluru,Nagpur,Nagpur,Delivered,BlueDart,Aditya Kumar,2026-05-24 22:10:00,2026-05-28 22:10:00
ORD104840,CUST01243,Jaipur,Kochi,Coimbatore,Delayed,Delhivery,Aditya Chatterjee,2026-03-30 21:46:00,
ORD103508,CUST03810,Nagpur,Lucknow,Lucknow,Delivered,Ekart,Aarav Kumar,2026-06-24 21:05:00,2026-06-23 21:05:00
ORD100851,CUST02625,Kochi,Jaipur,Delhi,Delayed,Xpressbees,Arjun Pillai,2026-08-29 07:34:00,
ORD102102,CUST03340,Kolkata,Hyderabad,Hyderabad,Delivered,Xpressbees,Myra Mehta,2026-03-16 02:48:00,2026-03-16 02:48:00
ORD100299,CUST01568,Indore,Chandigarh,Chandigarh,Delivered,Ekart,Diya Sharma,2026-09-16 02:01:00,2026-09-16 02:01:00
ORD101156,CUST04358,Surat,Delhi,Delhi,Delivered,BlueDart,Vikram Verma,2026-03-31 07:42:00,2026-03-31 07:42:00
ORD102334,CUST02334,Jaipur,Indore,Indore,Delivered,BlueDart,Krishna Sharma,2026-06-02 05:37:00,2026-06-02 05:37:00
ORD100028,CUST01711,Delhi,Surat,Surat,Delivered,Delhivery,Ananya Patel,2026-06-11 08:56:00,2026-06-11 08:56:00
ORD100313,CUST04407,Jaipur,Chennai,Chennai,Delivered,Shadowfax,Amit Pillai,2026-02-11 05:38:00,2026-02-13 05:38:00
ORD102963,CUST04512,Jaipur,Delhi,Indore,Out for Delivery,DTDC,Aditya Sharma,2026-08-15 20:17:00,
ORD101660,CUST03428,Hyderabad,Delhi,Coimbatore,Picked Up,Xpressbees,Karan Malhotra,2026-04-19 13:09:00,
ORD101455,CUST04118,Jaipur,Pune,Pune,Delivered,DTDC,Ira Kapoor,2026-04-04 07:48:00,2026-04-04 07:48:00
ORD101369,CUST00255,Indore,Nagpur,Hyderabad,In Transit,Xpressbees,Aarav Shetty,2026-05-02 20:50:00,
ORD104833,CUST04096,Kochi,Bengaluru,Delhi,Picked Up,Ekart,Aarav Desai,2026-06-06 12:08:00,
ORD101458,CUST03520,Mumbai,Ahmedabad,Kochi,Returned to Sender,BlueDart,Riya Bose,2026-08-21 12:12:00,
ORD103951,CUST01040,Lucknow,Mumbai,Chennai,Out for Delivery,BlueDart,Sai Reddy,2026-09-13 00:18:00,
ORD101676,CUST00696,Lucknow,Coimbatore,Coimbatore,Delivered,BlueDart,Arjun Reddy,2026-07-18 09:46:00,2026-07-18 09:46:00
ORD100983,CUST02426,Mumbai,Chandigarh,Mumbai,Out for Delivery,Shadowfax,Aditya Singh,2026-03-18 09:29:00,
ORD100901,CUST03582,Nagpur,Jaipur,Ahmedabad,Pending,BlueDart,Ishaan Kumar,2026-09-04 07:22:00,
ORD101994,CUST04926,Kolkata,Jaipur,Ahmedabad,Returned to Sender,DTDC,Neha Kumar,2026-03-18 16:21:00,
ORD102090,CUST02560,Chennai,Hyderabad,Pune,Delayed,DTDC,Vivaan Sharma,2026-05-21 06:45:00,
ORD100877,CUST02220,Nagpur,Kolkata,Kolkata,Delivered,Ekart,Reyansh Pillai,2026-02-05 15:00:00,2026-02-06 15:00:00
ORD101118,CUST02236,Coimbatore,Chandigarh,Chennai,In Transit,BlueDart,Myra Pillai,2026-04-03 16:43:00,
ORD104629,CUST02301,Kolkata,Coimbatore,Coimbatore,Delivered,DTDC,Sai Shetty,2026-08-10 06:45:00,2026-08-12 06:45:00
ORD100951,CUST03645,Mumbai,Jaipur,Jaipur,Delivered,BlueDart,Sai Chatterjee,2026-02-19 10:30:00,2026-02-23 10:30:00
ORD102277,CUST01224,Coimbatore,Pune,Pune,Delivered,Xpressbees,Myra Patel,2026-05-07 22:01:00,2026-05-08 22:01:00
ORD100178,CUST00981,Lucknow,Hyderabad,Hyderabad,Delivered,Ekart,Krishna Pillai,2026-06-14 02:58:00,2026-06-14 02:58:00
ORD103614,CUST00683,Kolkata,Chennai,Coimbatore,Delayed,Delhivery,Reyansh Kumar,2026-02-02 17:44:00,
ORD103583,CUST02573,Lucknow,Nagpur,Nagpur,Delivered,Ekart,Aadhya Joshi,2026-05-02 13:53:00,2026-05-02 13:53:00
ORD101907,CUST04416,Surat,Pune,Pune,Delivered,Ekart,Ira Nair,2026-09-14 22:24:00,2026-09-16 22:24:00
ORD103219,CUST01486,Nagpur,Indore,Indore,Delivered,BlueDart,Divya Verma,2026-04-02 09:59:00,2026-04-03 09:59:00
ORD100436,CUST02536,Lucknow,Pune,Chennai,Pending,Shadowfax,Vihaan Sharma,2026-08-03 04:53:00,
ORD103766,CUST00791,Coimbatore,Pune,Delhi,Delayed,Shadowfax,Ira Desai,2026-03-20 20:53:00,
ORD104066,CUST01268,Chennai,Ahmedabad,Ahmedabad,Delivered,Delhivery,Anika Verma,2026-07-24 10:05:00,2026-07-26 10:05:00
ORD102774,CUST03662,Delhi,Indore,Indore,Delivered,DTDC,Krishna Joshi,2026-04-19 15:09:00,2026-04-23 15:09:00
ORD104182,CUST01928,Ahmedabad,Bengaluru,Surat,In Transit,Ekart,Priya Singh,2026-04-28 17:27:00,
ORD102045,CUST04585,Pune,Surat,Pune,Out for Delivery,Xpressbees,Aarav Chatterjee,2026-05-25 01:22:00,
ORD102576,CUST00512,Chandigarh,Hyderabad,Hyderabad,Delivered,Shadowfax,Meera Iyer,2026-07-20 20:09:00,2026-07-24 20:09:00
ORD102908,CUST04700,Pune,Jaipur,Nagpur,Returned to Sender,Xpressbees,Sneha Kumar,2026-09-16 18:10:00,
ORD100015,CUST04940,Delhi,Chennai,Chennai,Delivered,Ekart,Vihaan Rao,2026-04-30 22:05:00,2026-05-01 22:05:00
ORD100461,CUST01823,Surat,Hyderabad,Jaipur,Delayed,Xpressbees,Ira Nair,2026-04-30 15:53:00,
ORD103928,CUST01848,Lucknow,Mumbai,Indore,In Transit,DTDC,Vikram Verma,2026-02-11 00:31:00,
ORD104531,CUST00447,Hyderabad,Kochi,Chandigarh,Out for Delivery,Shadowfax,Amit Reddy,2026-07-02 16:00:00,
ORD100719,CUST02448,Lucknow,Hyderabad,Lucknow,Out for Delivery,DTDC,Divya Shetty,2026-02-25 15:24:00,
ORD103089,CUST03013,Jaipur,Surat,Ahmedabad,In Transit,Delhivery,Riya Joshi,2026-06-27 05:49:00,
ORD102753,CUST04806,Chennai,Indore,Indore,Delivered,Delhivery,Priya Nair,2026-06-03 18:51:00,2026-06-03 18:51:00
ORD103287,CUST01451,Bengaluru,Kochi,Indore,Returned to Sender,DTDC,Krishna Iyer,2026-03-07 11:07:00,
ORD101044,CUST04925,Kochi,Chennai,Chennai,Delivered,Shadowfax,Krishna Desai,2026-08-18 05:10:00,2026-08-22 05:10:00
ORD100760,CUST03251,Chennai,Lucknow,Lucknow,Delivered,BlueDart,Ananya Pillai,2026-04-02 16:52:00,2026-04-03 16:52:00
ORD103585,CUST01732,Coimbatore,Jaipur,Indore,In Transit,Ekart,Ananya Sharma,2026-02-05 23:23:00,
ORD100523,CUST03756,Lucknow,Kochi,Coimbatore,In Transit,Shadowfax,Meera Sharma,2026-03-08 06:42:00,
ORD104555,CUST01383,Jaipur,Lucknow,Lucknow,Delivered,Delhivery,Karan Rao,2026-06-08 19:37:00,2026-06-08 19:37:00
ORD101122,CUST03885,Kochi,Surat,Pune,Delayed,Ekart,Amit Iyer,2026-05-19 01:09:00,
ORD104450,CUST01505,Ahmedabad,Chandigarh,Chandigarh,Delivered,Delhivery,Ira Kumar,2026-02-25 07:46:00,2026-02-25 07:46:00
ORD100059,CUST04324,Bengaluru,Kolkata,Lucknow,Pending,DTDC,Ira Mehta,2026-08-27 17:54:00,
ORD101263,CUST02796,Mumbai,Surat,Surat,Delivered,Xpressbees,Rohan Sharma,2026-07-20 20:46:00,2026-07-22 20:46:00
ORD103910,CUST01393,Jaipur,Coimbatore,Coimbatore,In Transit,Ekart,Rajesh Bose,2026-07-09 23:33:00,
ORD102201,CUST02452,Coimbatore,Lucknow,Lucknow,Delivered,BlueDart,Aadhya Kapoor,2026-02-06 08:21:00,2026-02-07 08:21:00
ORD100012,CUST03153,Surat,Delhi,Delhi,Delivered,Xpressbees,Reyansh Gupta,2026-03-14 09:12:00,2026-03-14 09:12:00
ORD104858,CUST02104,Lucknow,Bengaluru,Kochi,Pending,Delhivery,Ishaan Bose,2026-05-25 14:19:00,
ORD103273,CUST02373,Pune,Jaipur,Kolkata,Picked Up,Xpressbees,Diya Iyer,2026-04-26 08:54:00,
ORD102939,CUST01244,Ahmedabad,Pune,Pune,Delivered,DTDC,Arjun Kumar,2026-06-16 06:53:00,2026-06-16 06:53:00
ORD102483,CUST04628,Surat,Ahmedabad,Ahmedabad,Delivered,Delhivery,Aadhya Reddy,2026-07-23 19:45:00,2026-07-23 19:45:00
ORD102244,CUST00886,Coimbatore,Chandigarh,Kolkata,Delayed,BlueDart,Amit Agarwal,2026-05-21 20:44:00,
ORD104566,CUST04724,Indore,Chennai,Chennai,Delivered,Ekart,Vihaan Desai,2026-08-22 10:46:00,2026-08-21 10:46:00
ORD104820,CUST04188,Lucknow,Pune,Pune,Delivered,Shadowfax,Saanvi Singh,2026-06-03 22:20:00,2026-06-05 22:20:00
ORD100262,CUST04040,Kolkata,Chandigarh,Nagpur,Picked Up,DTDC,Myra Mehta,2026-06-23 02:33:00,
ORD104908,CUST00947,Ahmedabad,Chennai,Chennai,Delivered,Shadowfax,Vihaan Iyer,2026-09-28 15:20:00,2026-10-02 15:20:00
ORD103361,CUST00108,Nagpur,Coimbatore,Coimbatore,Pending,Shadowfax,Aarav Gupta,2026-03-31 03:20:00,
ORD101973,CUST04304,Surat,Chennai,Chennai,Delivered,Shadowfax,Anika Reddy,2026-06-21 19:28:00,2026-06-21 19:28:00
ORD100899,CUST03902,Indore,Delhi,Delhi,Delivered,Xpressbees,Vikram Sharma,2026-04-16 02:08:00,2026-04-20 02:08:00
ORD102203,CUST00850,Delhi,Chennai,Chennai,Delivered,Shadowfax,Neha Nair,2026-06-30 18:12:00,2026-06-30 18:12:00
ORD101232,CUST03492,Nagpur,Lucknow,Lucknow,Out for Delivery,Ekart,Riya Mehta,2026-06-23 23:49:00,
ORD104105,CUST02488,Jaipur,Pune,Pune,Delivered,Ekart,Aarav Patel,2026-07-02 02:50:00,2026-07-01 02:50:00
ORD102607,CUST02558,Kochi,Ahmedabad,Ahmedabad,Delivered,DTDC,Vikram Joshi,2026-02-14 21:54:00,2026-02-14 21:54:00
ORD103990,CUST04034,Chennai,Coimbatore,Ahmedabad,Pending,Ekart,Riya Shetty,2026-09-03 12:47:00,
ORD104884,CUST03740,Jaipur,Indore,Indore,Delivered,Delhivery,Ananya Kumar,2026-03-30 22:32:00,2026-04-03 22:32:00
ORD103921,CUST01779,Pune,Ahmedabad,Ahmedabad,Delivered,Delhivery,Ira Iyer,2026-05-08 10:32:00,2026-05-08 10:32:00
ORD103907,CUST01208,Hyderabad,Bengaluru,Bengaluru,Delivered,DTDC,Vikram Bose,2026-03-28 06:17:00,2026-03-29 06:17:00
ORD100627,CUST00057,Chennai,Pune,Kolkata,Returned to Sender,Delhivery,Ananya Iyer,2026-07-20 17:02:00,
ORD103150,CUST01780,Surat,Pune,Coimbatore,Returned to Sender,Xpressbees,Myra Mehta,2026-06-25 18:08:00,
ORD101133,CUST02267,Kochi,Kolkata,Kolkata,Delivered,Delhivery,Riya Nair,2026-04-08 03:08:00,2026-04-08 03:08:00
ORD100830,CUST00339,Chennai,Chandigarh,Kolkata,Out for Delivery,BlueDart,Myra Reddy,2026-02-20 09:51:00,
ORD102081,CUST01985,Delhi,Kochi,Kochi,Delivered,BlueDart,Meera Desai,2026-05-29 05:32:00,2026-05-31 05:32:00
ORD103115,CUST01652,Pune,Indore,Indore,Delivered,Xpressbees,Kavya Nair,2026-04-11 02:19:00,2026-04-15 02:19:00
ORD103695,CUST03344,Bengaluru,Surat,Surat,Delivered,Delhivery,Aadhya Shetty,2026-04-03 15:54:00,2026-04-03 15:54:00
ORD103311,CUST03249,Kolkata,Jaipur,Jaipur,Delivered,Xpressbees,Myra Sharma,2026-09-02 19:32:00,2026-09-04 19:32:00
ORD104159,CUST00237,Surat,Hyderabad,Indore,Delayed,DTDC,Neha Bose,2026-04-16 19:29:00,
ORD103471,CUST00495,Chandigarh,Jaipur,Jaipur,Delivered,BlueDart,Vihaan Pillai,2026-05-31 10:29:00,2026-06-01 10:29:00
ORD104557,CUST02205,Coimbatore,Indore,Indore,Delivered,DTDC,Arjun Bose,2026-02-04 11:47:00,2026-02-04 11:47:00
ORD101001,CUST01087,Hyderabad,Kochi,Coimbatore,Pending,BlueDart,Arjun Kumar,2026-02-12 03:44:00,
ORD101307,CUST00569,Ahmedabad,Bengaluru,Bengaluru,Delivered,DTDC,Sneha Chatterjee,2026-02-05 23:01:00,2026-02-06 23:01:00
ORD104021,CUST03562,Chennai,Coimbatore,Chandigarh,Delayed,BlueDart,Anika Desai,2026-06-24 14:40:00,
ORD103806,CUST00886,Ahmedabad,Lucknow,Lucknow,Delivered,Delhivery,Karan Mehta,2026-02-14 05:03:00,2026-02-18 05:03:00
ORD102918,CUST02550,Nagpur,Delhi,Delhi,Delivered,Ekart,Rahul Sharma,2026-09-17 07:20:00,2026-09-19 07:20:00
ORD103129,CUST01001,Pune,Mumbai,Surat,In Transit,DTDC,Rahul Chatterjee,2026-02-22 05:27:00,
ORD103446,CUST04636,Hyderabad,Chandigarh,Chennai,In Transit,Xpressbees,Ira Malhotra,2026-04-18 18:15:00,
ORD100303,CUST04851,Chennai,Pune,Pune,Picked Up,BlueDart,Riya Iyer,2026-09-22 19:14:00,
ORD104429,CUST00615,Ahmedabad,Delhi,Kochi,Returned to Sender,Delhivery,Rajesh Gupta,2026-07-14 06:52:00,
ORD104808,CUST04221,Chandigarh,Coimbatore,Coimbatore,Delivered,Shadowfax,Diya Bose,2026-03-08 10:52:00,2026-03-08 10:52:00
ORD101901,CUST04116,Delhi,Pune,Pune,Delivered,Xpressbees,Vivaan Singh,2026-06-16 12:44:00,2026-06-15 12:44:00
ORD102354,CUST02060,Mumbai,Kolkata,Kolkata,Delivered,Delhivery,Ananya Kapoor,2026-02-12 04:57:00,2026-02-12 04:57:00
ORD102386,CUST01496,Chennai,Jaipur,Jaipur,Delivered,Xpressbees,Aditya Iyer,2026-05-18 10:12:00,2026-05-19 10:12:00
ORD104352,CUST01630,Bengaluru,Pune,Surat,Returned to Sender,Shadowfax,Riya Verma,2026-07-11 10:38:00,
ORD103727,CUST01343,Indore,Kolkata,Kolkata,Delivered,Delhivery,Rohan Sharma,2026-07-09 15:17:00,2026-07-10 15:17:00
ORD100984,CUST03305,Bengaluru,Pune,Pune,In Transit,Ekart,Divya Kumar,2026-04-14 05:33:00,
ORD100549,CUST02828,Surat,Pune,Pune,Delivered,Delhivery,Saanvi Bose,2026-06-13 03:06:00,2026-06-13 03:06:00
ORD100291,CUST00666,Pune,Ahmedabad,Ahmedabad,Delivered,Xpressbees,Rajesh Nair,2026-06-18 12:47:00,2026-06-19 12:47:00
ORD102431,CUST03675,Ahmedabad,Chennai,Bengaluru,In Transit,Xpressbees,Aadhya Shetty,2026-03-04 00:08:00,
ORD101752,CUST04242,Surat,Hyderabad,Hyderabad,Delivered,Ekart,Neha Rao,2026-05-24 07:58:00,2026-05-25 07:58:00
ORD100756,CUST02506,Coimbatore,Pune,Pune,Delivered,Shadowfax,Reyansh Chatterjee,2026-08-24 12:46:00,2026-08-23 12:46:00
ORD102834,CUST04211,Nagpur,Chandigarh,Chandigarh,Delivered,DTDC,Kavya Pillai,2026-05-06 06:48:00,2026-05-08 06:48:00
ORD103949,CUST01759,Hyderabad,Chennai,Bengaluru,Delayed,Delhivery,Anika Mehta,2026-08-24 02:41:00,
ORD102261,CUST03396,Surat,Delhi,Hyderabad,Out for Delivery,Delhivery,Vivaan Agarwal,2026-06-05 09:30:00,
ORD101113,CUST01133,Bengaluru,Ahmedabad,Kolkata,Returned to Sender,Ekart,Kavya Bose,2026-09-06 17:12:00,
ORD103108,CUST03879,Coimbatore,Kolkata,Kolkata,Delivered,Delhivery,Rajesh Malhotra,2026-09-01 04:39:00,2026-09-01 04:39:00
ORD101165,CUST03186,Delhi,Indore,Surat,Delayed,Ekart,Rahul Verma,2026-04-01 10:02:00,
ORD102238,CUST00981,Indore,Kochi,Surat,Out for Delivery,DTDC,Vivaan Iyer,2026-08-30 10:22:00,
ORD104584,CUST03636,Delhi,Kolkata,Nagpur,Pending,Delhivery,Rajesh Singh,2026-06-01 20:31:00,
ORD101920,CUST04154,Chandigarh,Delhi,Delhi,Delivered,Delhivery,Ananya Chatterjee,2026-02-01 01:19:00,2026-02-01 01:19:00
ORD103848,CUST00377,Ahmedabad,Chennai,Pune,Pending,Delhivery,Amit Mehta,2026-09-01 01:24:00,
ORD101678,CUST01531,Chandigarh,Mumbai,Coimbatore,In Transit,Shadowfax,Riya Agarwal,2026-06-16 04:58:00,
ORD102324,CUST03279,Nagpur,Bengaluru,Mumbai,Out for Delivery,DTDC,Krishna Chatterjee,2026-07-26 06:28:00,
ORD102801,CUST01329,Kochi,Mumbai,Pune,Delayed,Shadowfax,Ishaan Singh,2026-08-29 19:43:00,
ORD102677,CUST01907,Bengaluru,Kochi,Kochi,Delivered,Delhivery,Sai Joshi,2026-06-16 13:22:00,2026-06-20 13:22:00
ORD100441,CUST04380,Ahmedabad,Delhi,Delhi,Delivered,DTDC,Rahul Patel,2026-07-19 12:10:00,2026-07-18 12:10:00
ORD102315,CUST00636,Jaipur,Indore,Kochi,Pending,BlueDart,Anika Patel,2026-07-31 09:02:00,
ORD103304,CUST02211,Lucknow,Indore,Pune,Returned to Sender,Delhivery,Rohan Sharma,2026-06-19 11:29:00,
ORD101016,CUST00886,Pune,Bengaluru,Bengaluru,Delivered,Delhivery,Amit Verma,2026-07-29 13:43:00,2026-07-29 13:43:00
ORD101763,CUST01341,Chennai,Indore,Ahmedabad,Delayed,Shadowfax,Ishaan Kapoor,2026-07-11 05:49:00,
ORD101970,CUST04783,Surat,Hyderabad,Indore,Returned to Sender,Ekart,Rajesh Chatterjee,2026-05-25 08:33:00,
ORD104470,CUST01258,Coimbatore,Indore,Indore,Delivered,BlueDart,Rahul Chatterjee,2026-05-31 22:17:00,2026-05-31 22:17:00
ORD104109,CUST04961,Pune,Coimbatore,Chandigarh,Returned to Sender,Ekart,Aditya Singh,2026-06-21 08:04:00,
ORD104764,CUST01232,Chandigarh,Nagpur,Delhi,Pending,Shadowfax,Vihaan Rao,2026-09-23 01:26:00,
ORD101722,CUST04846,Kochi,Indore,Nagpur,Out for Delivery,Ekart,Ishaan Sharma,2026-03-07 05:19:00,
ORD100346,CUST01881,Mumbai,Bengaluru,Nagpur,Picked Up,Ekart,Sai Malhotra,2026-04-29 11:01:00,
ORD102265,CUST04044,Lucknow,Mumbai,Mumbai,Delivered,Shadowfax,Aadhya Sharma,2026-04-19 10:53:00,2026-04-21 10:53:00
ORD100106,CUST04432,Chandigarh,Hyderabad,Mumbai,Pending,Xpressbees,Aarav Joshi,2026-05-11 19:24:00,
ORD100426,CUST03390,Jaipur,Coimbatore,Coimbatore,Delivered,Delhivery,Krishna Malhotra,2026-02-06 19:46:00,2026-02-10 19:46:00
ORD103611,CUST03881,Indore,Kolkata,Chandigarh,Out for Delivery,DTDC,Saanvi Rao,2026-05-18 13:38:00,
ORD101787,CUST02331,Ahmedabad,Hyderabad,Bengaluru,Returned to Sender,BlueDart,Divya Agarwal,2026-03-23 10:39:00,
ORD104243,CUST02765,Jaipur,Hyderabad,Hyderabad,Picked Up,DTDC,Myra Malhotra,2026-06-19 14:52:00,
ORD104832,CUST02120,Kochi,Pune,Pune,Delivered,Shadowfax,Amit Mehta,2026-04-13 05:01:00,2026-04-15 05:01:00
ORD101265,CUST03438,Nagpur,Chennai,Nagpur,Pending,BlueDart,Divya Agarwal,2026-08-19 00:14:00,
ORD104647,CUST00525,Delhi,Bengaluru,Pune,Delayed,Xpressbees,Vivaan Gupta,2026-07-31 09:01:00,
ORD101393,CUST02731,Kochi,Indore,Indore,Delivered,Ekart,Aadhya Shetty,2026-03-15 04:11:00,2026-03-15 04:11:00
ORD104502,CUST03120,Nagpur,Kolkata,Lucknow,Out for Delivery,Xpressbees,Riya Bose,2026-02-15 06:54:00,
ORD104521,CUST02150,Kolkata,Indore,Pune,Pending,BlueDart,Karan Gupta,2026-06-10 03:44:00,
ORD104441,CUST03435,Indore,Chandigarh,Chandigarh,Delivered,BlueDart,Saanvi Pillai,2026-04-23 12:52:00,2026-04-23 12:52:00
ORD102571,CUST00843,Coimbatore,Lucknow,Kolkata,In Transit,Shadowfax,Saanvi Sharma,2026-03-26 07:12:00,
ORD101943,CUST04608,Surat,Chennai,Chennai,Delivered,Shadowfax,Arjun Patel,2026-06-12 03:39:00,2026-06-12 03:39:00
ORD100978,CUST02708,Coimbatore,Kolkata,Kolkata,Delivered,Xpressbees,Kavya Rao,2026-02-09 07:34:00,2026-02-11 07:34:00
ORD100353,CUST00104,Bengaluru,Nagpur,Nagpur,Delivered,Shadowfax,Sneha Singh,2026-04-14 11:36:00,2026-04-13 11:36:00
ORD104738,CUST03908,Indore,Coimbatore,Coimbatore,Delivered,Shadowfax,Aditya Reddy,2026-02-13 01:31:00,2026-02-15 01:31:00
ORD104778,CUST00466,Ahmedabad,Chandigarh,Chandigarh,Delivered,DTDC,Anika Singh,2026-05-17 01:57:00,2026-05-18 01:57:00
ORD102117,CUST00714,Coimbatore,Bengaluru,Delhi,In Transit,DTDC,Ira Mehta,2026-05-26 16:34:00,
ORD101444,CUST03991,Mumbai,Coimbatore,Delhi,Returned to Sender,Ekart,Anika Reddy,2026-08-12 17:40:00,
ORD103769,CUST01061,Surat,Hyderabad,Hyderabad,Delivered,Delhivery,Vikram Shetty,2026-05-16 17:51:00,2026-05-16 17:51:00
ORD102307,CUST00738,Mumbai,Ahmedabad,Kolkata,Returned to Sender,DTDC,Aarav Verma,2026-02-25 17:12:00,
ORD103125,CUST02500,Nagpur,Surat,Surat,Delivered,Delhivery,Aadhya Kapoor,2026-06-29 21:18:00,2026-06-28 21:18:00
ORD103065,CUST03146,Bengaluru,Nagpur,Jaipur,Pending,Delhivery,Rajesh Nair,2026-09-20 09:29:00,
ORD101968,CUST03595,Kochi,Pune,Pune,Delivered,BlueDart,Aadhya Patel,2026-07-20 19:05:00,2026-07-21 19:05:00
ORD104538,CUST03710,Chennai,Ahmedabad,Jaipur,Pending,Delhivery,Myra Pillai,2026-07-17 04:04:00,
ORD104275,CUST03598,Pune,Indore,Indore,Delivered,DTDC,Reyansh Nair,2026-08-16 18:02:00,2026-08-18 18:02:00
ORD104915,CUST04418,Hyderabad,Kolkata,Surat,Pending,Shadowfax,Sneha Bose,2026-03-13 06:13:00,
ORD104137,CUST00987,Pune,Ahmedabad,Bengaluru,Picked Up,Shadowfax,Myra Gupta,2026-02-15 22:14:00,
ORD104489,CUST03896,Pune,Mumbai,Mumbai,Delivered,Shadowfax,Sneha Kapoor,2026-02-16 02:30:00,2026-02-16 02:30:00
ORD101305,CUST04936,Kochi,Coimbatore,Kochi,Picked Up,Delhivery,Kavya Nair,2026-06-05 22:55:00,
ORD104871,CUST02417,Kochi,Indore,Chandigarh,Returned to Sender,BlueDart,Karan Mehta,2026-07-01 11:56:00,
ORD104372,CUST02316,Kochi,Mumbai,Mumbai,Delivered,Shadowfax,Vivaan Desai,2026-09-23 07:40:00,2026-09-23 07:40:00
ORD104971,CUST04307,Kolkata,Chandigarh,Kochi,In Transit,Shadowfax,Aditya Reddy,2026-03-21 10:56:00,
ORD100531,CUST00857,Lucknow,Chandigarh,Chandigarh,Delivered,BlueDart,Arjun Joshi,2026-08-13 04:28:00,2026-08-13 04:28:00
ORD100491,CUST00819,Coimbatore,Kolkata,Kolkata,Delivered,Shadowfax,Ananya Sharma,2026-03-31 00:46:00,2026-04-04 00:46:00
ORD103146,CUST03297,Mumbai,Kochi,Jaipur,Out for Delivery,Ekart,Meera Patel,2026-07-12 16:40:00,
ORD101239,CUST01796,Lucknow,Delhi,Jaipur,Picked Up,DTDC,Aditya Pillai,2026-02-16 23:57:00,
ORD104569,CUST01086,Mumbai,Kolkata,Hyderabad,In Transit,DTDC,Meera Reddy,2026-09-29 15:53:00,
ORD101129,CUST02449,Pune,Coimbatore,Indore,Returned to Sender,Ekart,Sneha Mehta,2026-06-05 18:32:00,
ORD100904,CUST02776,Mumbai,Chandigarh,Chandigarh,Delivered,Ekart,Karan Patel,2026-03-07 01:50:00,2026-03-07 01:50:00
ORD102536,CUST00404,Chennai,Ahmedabad,Ahmedabad,Delivered,Xpressbees,Kavya Shetty,2026-08-27 00:03:00,2026-08-28 00:03:00
ORD103621,CUST02852,Bengaluru,Coimbatore,Coimbatore,Delivered,DTDC,Riya Desai,2026-09-19 13:04:00,2026-09-19 13:04:00
ORD104293,CUST02715,Hyderabad,Pune,Pune,Delivered,DTDC,Aditya Sharma,2026-04-21 15:38:00,2026-04-22 15:38:00
ORD102953,CUST02844,Surat,Lucknow,Nagpur,Returned to Sender,BlueDart,Ananya Gupta,2026-04-25 07:14:00,
ORD104211,CUST00321,Lucknow,Kolkata,Pune,Delayed,Shadowfax,Saanvi Shetty,2026-02-17 07:31:00,
ORD102348,CUST01760,Nagpur,Hyderabad,Hyderabad,Delivered,DTDC,Myra Patel,2026-08-28 03:38:00,2026-08-28 03:38:00
ORD102883,CUST00501,Delhi,Chennai,Chennai,Delivered,DTDC,Vihaan Singh,2026-07-07 14:19:00,2026-07-09 14:19:00
ORD103351,CUST04770,Delhi,Hyderabad,Hyderabad,Delivered,BlueDart,Rajesh Iyer,2026-09-10 00:52:00,2026-09-11 00:52:00
ORD104602,CUST01710,Pune,Hyderabad,Hyderabad,Delivered,Delhivery,Rajesh Pillai,2026-06-23 01:16:00,2026-06-27 01:16:00
ORD100160,CUST04814,Surat,Kolkata,Kolkata,Delivered,Delhivery,Diya Kapoor,2026-05-26 06:17:00,2026-05-25 06:17:00
ORD103515,CUST02380,Coimbatore,Nagpur,Lucknow,In Transit,Ekart,Divya Nair,2026-09-19 14:02:00,
ORD101262,CUST02275,Hyderabad,Mumbai,Mumbai,Delivered,Xpressbees,Aarav Reddy,2026-08-24 18:50:00,2026-08-24 18:50:00
ORD104196,CUST04603,Nagpur,Kolkata,Bengaluru,In Transit,DTDC,Rohan Patel,2026-09-22 11:48:00,
ORD103017,CUST01825,Ahmedabad,Lucknow,Lucknow,Delivered,DTDC,Karan Nair,2026-09-14 14:01:00,2026-09-18 14:01:00
ORD104174,CUST04779,Hyderabad,Coimbatore,Coimbatore,Delivered,Xpressbees,Ira Chatterjee,2026-03-01 23:58:00,2026-03-01 23:58:00
ORD104743,CUST04268,Delhi,Mumbai,Pune,Picked Up,DTDC,Vikram Desai,2026-03-05 22:14:00,
ORD100190,CUST00174,Indore,Chandigarh,Pune,Returned to Sender,Delhivery,Vivaan Malhotra,2026-07-24 08:49:00,
ORD102775,CUST02843,Pune,Ahmedabad,Nagpur,Picked Up,BlueDart,Rohan Sharma,2026-08-22 17:03:00,
ORD101914,CUST04919,Pune,Indore,Chennai,Pending,Shadowfax,Saanvi Singh,2026-05-11 15:16:00,
ORD103626,CUST01399,Lucknow,Coimbatore,Coimbatore,Returned to Sender,BlueDart,Rohan Pillai,2026-07-21 08:37:00,
ORD102699,CUST03358,Chandigarh,Kochi,Kochi,Delivered,DTDC,Meera Joshi,2026-02-20 00:43:00,2026-02-19 00:43:00
ORD104635,CUST01472,Kolkata,Bengaluru,Bengaluru,Delivered,Shadowfax,Reyansh Reddy,2026-02-24 02:05:00,2026-02-23 02:05:00
ORD100936,CUST04512,Delhi,Indore,Hyderabad,In Transit,BlueDart,Riya Reddy,2026-05-22 13:05:00,
ORD104004,CUST00428,Indore,Bengaluru,Bengaluru,Delivered,Xpressbees,Anika Sharma,2026-05-29 02:29:00,2026-05-29 02:29:00
ORD101008,CUST04111,Kolkata,Pune,Hyderabad,Delayed,Ekart,Rajesh Bose,2026-04-10 04:12:00,
ORD101640,CUST03291,Chandigarh,Mumbai,Bengaluru,Returned to Sender,Ekart,Ishaan Mehta,2026-02-14 13:29:00,
ORD100538,CUST03009,Chandigarh,Indore,Nagpur,Out for Delivery,Delhivery,Pooja Verma,2026-04-20 10:13:00,
ORD101788,CUST00357,Surat,Ahmedabad,Ahmedabad,Delivered,BlueDart,Reyansh Sharma,2026-02-26 16:39:00,2026-03-02 16:39:00
ORD101067,CUST01173,Nagpur,Kolkata,Kolkata,Delivered,DTDC,Divya Singh,2026-06-09 15:47:00,2026-06-09 15:47:00
ORD102739,CUST04374,Delhi,Hyderabad,Kolkata,Pending,DTDC,Aditya Rao,2026-06-05 12:58:00,
ORD104113,CUST04022,Lucknow,Bengaluru,Jaipur,Picked Up,Xpressbees,Myra Reddy,2026-06-06 18:07:00,
ORD101442,CUST00817,Indore,Ahmedabad,Ahmedabad,Delivered,Delhivery,Pooja Chatterjee,2026-09-15 02:42:00,2026-09-14 02:42:00
ORD102971,CUST00400,Delhi,Mumbai,Mumbai,Delivered,Xpressbees,Sneha Gupta,2026-06-19 13:35:00,2026-06-21 13:35:00
ORD104626,CUST00159,Kochi,Coimbatore,Coimbatore,Delivered,Xpressbees,Myra Kapoor,2026-04-01 15:33:00,2026-03-31 15:33:00
ORD101737,CUST00089,Surat,Nagpur,Jaipur,Returned to Sender,Xpressbees,Myra Reddy,2026-03-18 01:44:00,
ORD102450,CUST00048,Delhi,Pune,Pune,Delivered,DTDC,Pooja Sharma,2026-03-07 04:42:00,2026-03-11 04:42:00
ORD100892,CUST04951,Hyderabad,Bengaluru,Indore,Out for Delivery,DTDC,Vikram Joshi,2026-05-09 08:25:00,
ORD100759,CUST02539,Kolkata,Mumbai,Mumbai,Delivered,BlueDart,Aarav Gupta,2026-03-30 10:30:00,2026-04-01 10:30:00
ORD100952,CUST03339,Coimbatore,Nagpur,Nagpur,Delivered,Delhivery,Saanvi Agarwal,2026-03-28 01:21:00,2026-03-27 01:21:00
ORD103547,CUST00113,Kolkata,Lucknow,Kochi,Picked Up,DTDC,Priya Kumar,2026-04-03 14:42:00,
ORD101254,CUST00452,Pune,Coimbatore,Coimbatore,Delivered,DTDC,Pooja Agarwal,2026-09-06 23:28:00,2026-09-07 23:28:00
ORD101251,CUST03561,Indore,Surat,Chennai,Pending,Shadowfax,Neha Singh,2026-04-08 01:23:00,
ORD103984,CUST01265,Jaipur,Chennai,Coimbatore,In Transit,Delhivery,Neha Pillai,2026-04-02 04:22:00,
ORD100232,CUST00851,Kolkata,Chennai,Lucknow,Out for Delivery,Shadowfax,Neha Iyer,2026-03-23 16:14:00,
ORD102972,CUST00844,Lucknow,Nagpur,Bengaluru,Out for Delivery,Xpressbees,Reyansh Rao,2026-09-15 19:41:00,
ORD103148,CUST02549,Ahmedabad,Kolkata,Kolkata,Delivered,Delhivery,Diya Chatterjee,2026-06-22 06:01:00,2026-06-22 06:01:00
ORD101625,CUST02648,Bengaluru,Kochi,Kochi,Picked Up,Xpressbees,Myra Chatterjee,2026-06-21 05:12:00,
ORD104452,CUST02082,Hyderabad,Nagpur,Kochi,Picked Up,Xpressbees,Aditya Rao,2026-02-06 12:16:00,
ORD104310,CUST01297,Hyderabad,Chennai,Chennai,Delivered,Xpressbees,Ira Desai,2026-05-30 02:50:00,2026-05-30 02:50:00
ORD102621,CUST03832,Hyderabad,Kochi,Mumbai,Delayed,Delhivery,Priya Chatterjee,2026-06-27 11:50:00,
ORD104121,CUST01926,Indore,Pune,Pune,Delivered,Ekart,Myra Singh,2026-07-02 03:32:00,2026-07-02 03:32:00
ORD102907,CUST02083,Mumbai,Bengaluru,Bengaluru,Delivered,Delhivery,Rahul Singh,2026-09-09 12:21:00,2026-09-11 12:21:00
ORD101989,CUST00262,Mumbai,Lucknow,Lucknow,Delivered,BlueDart,Priya Singh,2026-08-30 00:47:00,2026-08-30 00:47:00
ORD100909,CUST02452,Lucknow,Mumbai,Lucknow,In Transit,Xpressbees,Aadhya Sharma,2026-06-04 17:59:00,
ORD101293,CUST03380,Hyderabad,Nagpur,Lucknow,Picked Up,Xpressbees,Karan Joshi,2026-07-13 01:15:00,
ORD100509,CUST02603,Kolkata,Ahmedabad,Ahmedabad,Delivered,Xpressbees,Karan Verma,2026-04-22 18:16:00,2026-04-21 18:16:00
ORD103941,CUST02084,Coimbatore,Nagpur,Nagpur,Delivered,DTDC,Anika Mehta,2026-04-19 20:27:00,2026-04-23 20:27:00
ORD102323,CUST00793,Surat,Ahmedabad,Ahmedabad,Delivered,Xpressbees,Amit Iyer,2026-09-20 23:30:00,2026-09-24 23:30:00
ORD103380,CUST01091,Coimbatore,Surat,Indore,Picked Up,Delhivery,Amit Pillai,2026-05-17 10:59:00,
ORD101123,CUST00877,Ahmedabad,Coimbatore,Coimbatore,Delivered,Delhivery,Meera Patel,2026-05-18 11:20:00,2026-05-17 11:20:00
ORD101601,CUST04404,Delhi,Mumbai,Mumbai,Delivered,Ekart,Reyansh Bose,2026-07-24 13:10:00,2026-07-26 13:10:00
ORD103456,CUST03339,Coimbatore,Kochi,Surat,In Transit,BlueDart,Ira Mehta,2026-05-13 02:56:00,
ORD100458,CUST03779,Mumbai,Ahmedabad,Ahmedabad,Delivered,Shadowfax,Reyansh Singh,2026-03-24 00:38:00,2026-03-24 00:38:00
ORD104369,CUST04913,Kolkata,Chandigarh,Kochi,Out for Delivery,Ekart,Priya Bose,2026-07-06 23:25:00,
ORD102603,CUST03493,Pune,Coimbatore,Coimbatore,Delivered,Ekart,Rajesh Iyer,2026-04-08 09:20:00,2026-04-09 09:20:00
ORD103619,CUST04799,Bengaluru,Jaipur,Jaipur,Delivered,Ekart,Riya Pillai,2026-04-18 03:39:00,2026-04-17 03:39:00
ORD101170,CUST02295,Delhi,Lucknow,Hyderabad,Returned to Sender,DTDC,Sai Gupta,2026-02-07 06:17:00,
ORD100323,CUST03134,Indore,Coimbatore,Ahmedabad,Delayed,Xpressbees,Priya Kumar,2026-04-16 08:11:00,
ORD102850,CUST04303,Ahmedabad,Surat,Surat,Delivered,Delhivery,Rohan Gupta,2026-08-22 08:53:00,2026-08-26 08:53:00
ORD104943,CUST02349,Bengaluru,Pune,Pune,Delivered,Xpressbees,Myra Patel,2026-02-14 15:18:00,2026-02-14 15:18:00
ORD104323,CUST04455,Indore,Surat,Chennai,Pending,BlueDart,Aarav Malhotra,2026-02-23 01:50:00,
ORD102191,CUST02110,Surat,Indore,Indore,Delivered,Ekart,Diya Joshi,2026-03-11 20:10:00,2026-03-10 20:10:00
ORD100432,CUST04278,Nagpur,Pune,Pune,Delivered,Shadowfax,Saanvi Chatterjee,2026-02-27 04:36:00,2026-02-27 04:36:00
ORD103292,CUST04804,Nagpur,Pune,Pune,Delivered,Ekart,Vikram Malhotra,2026-03-31 00:23:00,2026-03-30 00:23:00
ORD104948,CUST02855,Mumbai,Kolkata,Kolkata,Delivered,BlueDart,Reyansh Rao,2026-06-14 16:16:00,2026-06-14 16:16:00
ORD101795,CUST04081,Lucknow,Ahmedabad,Ahmedabad,Delivered,BlueDart,Aarav Shetty,2026-04-09 01:50:00,2026-04-10 01:50:00
ORD100823,CUST02440,Chennai,Chandigarh,Surat,Out for Delivery,DTDC,Aditya Mehta,2026-04-20 08:57:00,
ORD104035,CUST01854,Surat,Delhi,Hyderabad,In Transit,Delhivery,Rahul Kapoor,2026-08-13 03:46:00,
ORD101889,CUST03089,Pune,Indore,Pune,Picked Up,Ekart,Sneha Desai,2026-09-25 22:53:00,
ORD100324,CUST03238,Lucknow,Surat,Hyderabad,Delayed,Xpressbees,Karan Agarwal,2026-09-29 17:52:00,
ORD101098,CUST04753,Pune,Coimbatore,Coimbatore,Delivered,Delhivery,Sneha Gupta,2026-09-26 00:16:00,2026-09-26 00:16:00
ORD102153,CUST03219,Ahmedabad,Mumbai,Kochi,Pending,DTDC,Anika Kapoor,2026-08-24 18:55:00,
ORD102397,CUST01901,Chennai,Hyderabad,Delhi,In Transit,BlueDart,Diya Reddy,2026-08-26 15:24:00,
ORD103416,CUST04458,Pune,Jaipur,Chennai,Delayed,BlueDart,Diya Gupta,2026-08-24 17:12:00,
ORD103343,CUST00417,Lucknow,Bengaluru,Bengaluru,Delivered,Delhivery,Meera Bose,2026-04-29 07:46:00,2026-04-30 07:46:00
ORD100256,CUST04313,Kochi,Jaipur,Jaipur,Delivered,Shadowfax,Rohan Joshi,2026-02-02 08:38:00,2026-02-01 08:38:00
ORD104301,CUST04375,Ahmedabad,Indore,Chandigarh,Delayed,BlueDart,Kavya Reddy,2026-08-16 03:08:00,
ORD103825,CUST00209,Nagpur,Surat,Kochi,In Transit,Delhivery,Rahul Pillai,2026-03-17 23:00:00,
ORD101443,CUST00998,Surat,Hyderabad,Jaipur,Out for Delivery,BlueDart,Reyansh Pillai,2026-03-04 02:08:00,
ORD101871,CUST00123,Chandigarh,Indore,Nagpur,In Transit,Ekart,Arjun Kumar,2026-07-16 22:27:00,
ORD103465,CUST04528,Ahmedabad,Mumbai,Mumbai,Delivered,Xpressbees,Sneha Verma,2026-09-10 05:46:00,2026-09-10 05:46:00
ORD100479,CUST00560,Delhi,Jaipur,Jaipur,Delivered,Ekart,Kavya Verma,2026-06-07 20:20:00,2026-06-07 20:20:00
ORD100482,CUST03596,Kolkata,Nagpur,Coimbatore,Returned to Sender,BlueDart,Anika Kapoor,2026-07-10 04:01:00,
ORD102736,CUST03008,Hyderabad,Chandigarh,Kolkata,Picked Up,Shadowfax,Aadhya Mehta,2026-05-30 11:09:00,
ORD103794,CUST01582,Chandigarh,Kolkata,Delhi,Returned to Sender,DTDC,Ananya Bose,2026-02-05 11:34:00,
ORD101146,CUST04297,Jaipur,Nagpur,Kolkata,Pending,Shadowfax,Saanvi Malhotra,2026-02-26 01:39:00,
ORD102036,CUST03210,Chennai,Delhi,Kolkata,Out for Delivery,BlueDart,Saanvi Sharma,2026-08-17 22:57:00,
ORD102600,CUST04624,Nagpur,Coimbatore,Coimbatore,Delivered,BlueDart,Divya Bose,2026-03-09 15:26:00,2026-03-08 15:26:00
ORD100637,CUST04230,Chandigarh,Lucknow,Lucknow,Delivered,Shadowfax,Divya Joshi,2026-07-28 15:55:00,2026-08-01 15:55:00
ORD102783,CUST02279,Jaipur,Surat,Surat,Delivered,BlueDart,Neha Nair,2026-07-24 16:41:00,2026-07-24 16:41:00
ORD104456,CUST02907,Coimbatore,Lucknow,Chandigarh,Pending,BlueDart,Vivaan Desai,2026-03-01 15:05:00,
ORD102437,CUST03899,Delhi,Ahmedabad,Ahmedabad,Delivered,DTDC,Divya Desai,2026-08-01 05:05:00,2026-08-01 05:05:00
ORD100525,CUST00682,Kochi,Delhi,Delhi,Delivered,DTDC,Rajesh Mehta,2026-07-09 13:07:00,2026-07-08 13:07:00
ORD102794,CUST03618,Lucknow,Pune,Kolkata,Returned to Sender,Delhivery,Amit Joshi,2026-03-04 11:18:00,
ORD101354,CUST00582,Hyderabad,Coimbatore,Pune,Picked Up,Delhivery,Saanvi Reddy,2026-03-13 10:13:00,
ORD101589,CUST03776,Kochi,Bengaluru,Delhi,Returned to Sender,Ekart,Sneha Shetty,2026-04-02 01:29:00,
ORD103196,CUST04382,Pune,Mumbai,Mumbai,Delivered,DTDC,Meera Bose,2026-09-24 19:48:00,2026-09-23 19:48:00
ORD103248,CUST01362,Coimbatore,Pune,Pune,Delivered,Shadowfax,Pooja Joshi,2026-09-04 21:55:00,2026-09-08 21:55:00
ORD103686,CUST04017,Kochi,Chennai,Delhi,In Transit,Ekart,Myra Iyer,2026-03-16 12:56:00,
ORD100364,CUST01766,Bengaluru,Lucknow,Kolkata,Out for Delivery,Delhivery,Aadhya Mehta,2026-03-31 06:43:00,
ORD100300,CUST03037,Indore,Lucknow,Lucknow,Delivered,BlueDart,Aadhya Patel,2026-08-05 13:43:00,2026-08-05 13:43:00
ORD104461,CUST02012,Mumbai,Chennai,Lucknow,Out for Delivery,Xpressbees,Myra Patel,2026-03-23 19:01:00,
ORD102577,CUST01923,Nagpur,Chennai,Nagpur,In Transit,Shadowfax,Meera Sharma,2026-02-24 18:22:00,
ORD100518,CUST03193,Chennai,Kochi,Chandigarh,Pending,BlueDart,Krishna Patel,2026-02-01 12:50:00,
ORD104468,CUST04099,Surat,Chennai,Chennai,Delivered,Delhivery,Vikram Chatterjee,2026-08-23 07:28:00,2026-08-25 07:28:00
ORD101704,CUST01103,Nagpur,Pune,Pune,Delivered,Delhivery,Rohan Pillai,2026-02-13 07:32:00,2026-02-14 07:32:00
ORD104230,CUST03608,Kochi,Kolkata,Delhi,Returned to Sender,Xpressbees,Aarav Patel,2026-05-28 17:18:00,
ORD102432,CUST03634,Coimbatore,Chennai,Ahmedabad,Delayed,Xpressbees,Reyansh Chatterjee,2026-04-13 19:53:00,
ORD103434,CUST00647,Kochi,Jaipur,Jaipur,Delivered,Shadowfax,Aarav Kapoor,2026-04-22 16:05:00,2026-04-22 16:05:00
ORD102484,CUST00672,Jaipur,Ahmedabad,Ahmedabad,Delivered,Xpressbees,Myra Chatterjee,2026-04-22 03:22:00,2026-04-22 03:22:00
ORD101114,CUST04732,Mumbai,Bengaluru,Indore,Picked Up,Shadowfax,Arjun Chatterjee,2026-09-01 05:43:00,
ORD103753,CUST01059,Nagpur,Lucknow,Chandigarh,Delayed,BlueDart,Neha Mehta,2026-06-22 22:40:00,
ORD101707,CUST03343,Hyderabad,Bengaluru,Bengaluru,Delivered,Ekart,Rohan Nair,2026-07-24 16:28:00,2026-07-28 16:28:00
ORD102479,CUST01602,Mumbai,Chennai,Chennai,Delivered,Delhivery,Ira Patel,2026-06-12 16:55:00,2026-06-12 16:55:00
ORD102874,CUST04120,Jaipur,Bengaluru,Jaipur,Delayed,Delhivery,Ira Rao,2026-09-21 23:24:00,
ORD100682,CUST03870,Lucknow,Delhi,Indore,Picked Up,Xpressbees,Aadhya Sharma,2026-03-12 06:15:00,
ORD100553,CUST02863,Indore,Hyderabad,Hyderabad,Delivered,Shadowfax,Sneha Pillai,2026-07-22 08:57:00,2026-07-26 08:57:00
ORD101492,CUST03825,Surat,Nagpur,Lucknow,Picked Up,Xpressbees,Meera Bose,2026-06-30 17:42:00,
ORD104234,CUST03764,Chandigarh,Chennai,Chennai,Delivered,Xpressbees,Rohan Kapoor,2026-04-28 03:07:00,2026-04-28 03:07:00
ORD102885,CUST01139,Kochi,Mumbai,Mumbai,Delivered,BlueDart,Pooja Mehta,2026-06-10 22:35:00,2026-06-10 22:35:00
ORD101418,CUST04718,Pune,Surat,Surat,Delivered,BlueDart,Ishaan Reddy,2026-02-09 10:13:00,2026-02-09 10:13:00
ORD103573,CUST00256,Coimbatore,Mumbai,Bengaluru,In Transit,Xpressbees,Sai Desai,2026-08-28 01:48:00,
ORD104357,CUST02116,Surat,Kolkata,Kolkata,Delivered,Delhivery,Ira Pillai,2026-05-14 00:35:00,2026-05-16 00:35:00
ORD100355,CUST03886,Pune,Chandigarh,Chandigarh,Pending,Ekart,Rohan Sharma,2026-02-27 04:53:00,
ORD100908,CUST03232,Delhi,Nagpur,Hyderabad,Pending,Ekart,Arjun Agarwal,2026-03-11 17:26:00,
ORD100471,CUST00063,Mumbai,Chennai,Chennai,Delivered,Shadowfax,Vivaan Rao,2026-08-13 17:55:00,2026-08-17 17:55:00
ORD102444,CUST03520,Jaipur,Kochi,Kochi,Delivered,Ekart,Amit Patel,2026-02-07 03:56:00,2026-02-11 03:56:00
ORD104322,CUST00017,Coimbatore,Surat,Surat,Delivered,Delhivery,Priya Reddy,2026-07-30 08:06:00,2026-08-03 08:06:00
ORD102329,CUST04000,Chandigarh,Jaipur,Jaipur,Delivered,Xpressbees,Rohan Agarwal,2026-03-28 20:02:00,2026-03-29 20:02:00
ORD103650,CUST04824,Nagpur,Ahmedabad,Ahmedabad,Delivered,Shadowfax,Saanvi Kapoor,2026-04-26 16:58:00,2026-04-26 16:58:00
ORD104402,CUST01073,Delhi,Mumbai,Mumbai,Delivered,Delhivery,Rohan Gupta,2026-07-05 15:32:00,2026-07-04 15:32:00
ORD103138,CUST01069,Jaipur,Pune,Pune,Delivered,DTDC,Rajesh Mehta,2026-02-16 05:55:00,2026-02-15 05:55:00
ORD104851,CUST00738,Mumbai,Ahmedabad,Surat,Returned to Sender,BlueDart,Diya Gupta,2026-08-02 16:24:00,
ORD104242,CUST01111,Delhi,Pune,Bengaluru,Returned to Sender,Delhivery,Meera Verma,2026-06-19 08:43:00,
ORD104407,CUST04462,Lucknow,Coimbatore,Coimbatore,Delivered,BlueDart,Meera Nair,2026-07-02 09:48:00,2026-07-02 09:48:00
ORD104287,CUST03338,Delhi,Chennai,Chennai,Delivered,Xpressbees,Ananya Joshi,2026-03-13 14:55:00,2026-03-14 14:55:00
ORD104414,CUST00574,Kochi,Mumbai,Mumbai,Delivered,Shadowfax,Meera Mehta,2026-02-23 07:19:00,2026-02-23 07:19:00
ORD101507,CUST03634,Ahmedabad,Kolkata,Kolkata,Delivered,BlueDart,Arjun Nair,2026-06-21 14:33:00,2026-06-21 14:33:00
ORD100680,CUST01343,Chennai,Jaipur,Jaipur,Delivered,DTDC,Meera Patel,2026-02-27 04:56:00,2026-02-27 04:56:00
ORD103947,CUST01367,Bengaluru,Hyderabad,Hyderabad,Delivered,Delhivery,Rahul Kumar,2026-08-15 05:57:00,2026-08-19 05:57:00
ORD104759,CUST00675,Chennai,Ahmedabad,Ahmedabad,Delivered,BlueDart,Ira Singh,2026-09-29 18:51:00,2026-09-29 18:51:00
ORD104313,CUST00765,Nagpur,Chennai,Chennai,Delivered,BlueDart,Priya Patel,2026-07-11 16:14:00,2026-07-10 16:14:00
ORD103829,CUST01705,Chennai,Kochi,Kochi,Delivered,BlueDart,Aarav Iyer,2026-08-18 19:51:00,2026-08-18 19:51:00
ORD102485,CUST01734,Nagpur,Jaipur,Lucknow,Out for Delivery,Shadowfax,Rohan Gupta,2026-05-31 03:32:00,
ORD102650,CUST02229,Kolkata,Delhi,Mumbai,Returned to Sender,DTDC,Aditya Verma,2026-03-18 13:24:00,
ORD102998,CUST01042,Jaipur,Delhi,Indore,Out for Delivery,Xpressbees,Riya Kumar,2026-08-29 20:52:00,
ORD101061,CUST00677,Lucknow,Surat,Surat,Delivered,Xpressbees,Amit Patel,2026-05-25 05:18:00,2026-05-29 05:18:00
ORD104002,CUST04220,Indore,Lucknow,Lucknow,Delivered,DTDC,Neha Gupta,2026-03-24 17:18:00,2026-03-28 17:18:00
ORD103540,CUST02599,Chennai,Chandigarh,Chandigarh,Delivered,BlueDart,Aditya Iyer,2026-03-26 03:01:00,2026-03-26 03:01:00
ORD104870,CUST04989,Pune,Ahmedabad,Ahmedabad,Delivered,Ekart,Amit Chatterjee,2026-03-09 23:36:00,2026-03-10 23:36:00
ORD101512,CUST02222,Surat,Chennai,Ahmedabad,Out for Delivery,Delhivery,Ishaan Patel,2026-05-13 10:35:00,
ORD103030,CUST00928,Mumbai,Lucknow,Coimbatore,Delayed,Xpressbees,Krishna Mehta,2026-04-16 22:40:00,
ORD101692,CUST01946,Nagpur,Coimbatore,Coimbatore,Delivered,Xpressbees,Rohan Joshi,2026-09-11 14:10:00,2026-09-12 14:10:00
ORD102025,CUST03090,Pune,Chennai,Chennai,Delivered,Shadowfax,Priya Agarwal,2026-08-06 18:03:00,2026-08-06 18:03:00
ORD100920,CUST03162,Chennai,Pune,Pune,Delivered,DTDC,Kavya Sharma,2026-09-23 06:23:00,2026-09-27 06:23:00
ORD101521,CUST01479,Delhi,Jaipur,Jaipur,Delivered,BlueDart,Ira Chatterjee,2026-02-24 22:01:00,2026-02-25 22:01:00
ORD101235,CUST04358,Coimbatore,Nagpur,Jaipur,Pending,Shadowfax,Aarav Desai,2026-09-18 16:50:00,
ORD102743,CUST02324,Chandigarh,Hyderabad,Coimbatore,Pending,Ekart,Myra Joshi,2026-08-03 21:29:00,
ORD102543,CUST00111,Delhi,Pune,Pune,Delivered,Xpressbees,Diya Iyer,2026-03-30 03:44:00,2026-03-30 03:44:00
ORD101210,CUST00011,Nagpur,Bengaluru,Bengaluru,Delivered,Shadowfax,Neha Desai,2026-02-21 20:42:00,2026-02-21 20:42:00
ORD103189,CUST01524,Chennai,Hyderabad,Hyderabad,Delivered,Ekart,Karan Joshi,2026-05-03 18:32:00,2026-05-05 18:32:00
ORD101947,CUST03677,Kochi,Kolkata,Kolkata,Delivered,Delhivery,Arjun Singh,2026-02-09 09:02:00,2026-02-08 09:02:00
ORD101674,CUST03301,Indore,Mumbai,Mumbai,Delivered,DTDC,Ishaan Desai,2026-08-02 11:29:00,2026-08-02 11:29:00
ORD102152,CUST00162,Lucknow,Kochi,Pune,Picked Up,DTDC,Meera Chatterjee,2026-09-12 21:20:00,
ORD100144,CUST02776,Delhi,Jaipur,Jaipur,Delivered,Xpressbees,Sneha Nair,2026-02-24 07:06:00,2026-02-26 07:06:00
ORD104467,CUST01284,Pune,Coimbatore,Coimbatore,Delivered,Ekart,Kavya Rao,2026-03-07 03:16:00,2026-03-11 03:16:00
ORD100453,CUST03031,Jaipur,Delhi,Chandigarh,Pending,DTDC,Sneha Verma,2026-04-28 03:34:00,
ORD101654,CUST01277,Hyderabad,Ahmedabad,Ahmedabad,Delivered,Xpressbees,Rajesh Mehta,2026-04-22 05:16:00,2026-04-22 05:16:00
ORD102568,CUST04734,Ahmedabad,Kochi,Chandigarh,Out for Delivery,Delhivery,Aditya Kumar,2026-09-24 04:08:00,
ORD103776,CUST02110,Chennai,Jaipur,Kolkata,Out for Delivery,Delhivery,Meera Kapoor,2026-03-11 05:31:00,
ORD103045,CUST04171,Coimbatore,Chennai,Chennai,Delivered,BlueDart,Vihaan Joshi,2026-02-26 15:49:00,2026-02-26 15:49:00
ORD101856,CUST03254,Chennai,Indore,Indore,Delivered,Shadowfax,Rajesh Desai,2026-07-28 04:49:00,2026-07-28 04:49:00
ORD103736,CUST00083,Delhi,Lucknow,Nagpur,In Transit,Xpressbees,Ananya Mehta,2026-06-30 22:04:00,
ORD102862,CUST00696,Indore,Ahmedabad,Ahmedabad,Delivered,DTDC,Diya Singh,2026-07-12 21:35:00,2026-07-11 21:35:00
ORD102183,CUST04266,Nagpur,Mumbai,Pune,Picked Up,Delhivery,Myra Shetty,2026-09-27 09:21:00,
ORD100058,CUST03702,Pune,Coimbatore,Mumbai,Picked Up,DTDC,Sneha Kumar,2026-07-11 14:59:00,
ORD101499,CUST04138,Chennai,Nagpur,Nagpur,Delivered,Delhivery,Diya Reddy,2026-03-27 06:20:00,2026-03-27 06:20:00
ORD101249,CUST01989,Jaipur,Surat,Chennai,Pending,DTDC,Pooja Nair,2026-05-16 19:18:00,
ORD100182,CUST04504,Lucknow,Indore,Mumbai,Out for Delivery,DTDC,Aarav Kapoor,2026-05-13 20:54:00,
ORD104147,CUST01560,Chandigarh,Mumbai,Mumbai,Delivered,Shadowfax,Aditya Singh,2026-05-29 10:32:00,2026-05-29 10:32:00
ORD102262,CUST04046,Delhi,Surat,Hyderabad,Picked Up,Ekart,Ananya Reddy,2026-04-07 09:55:00,
ORD100541,CUST04019,Kolkata,Mumbai,Mumbai,Delivered,Ekart,Krishna Pillai,2026-09-11 09:55:00,2026-09-10 09:55:00
ORD100421,CUST00871,Mumbai,Lucknow,Lucknow,Delivered,BlueDart,Pooja Singh,2026-08-07 16:39:00,2026-08-06 16:39:00
ORD100734,CUST02400,Kolkata,Jaipur,Jaipur,Delivered,Xpressbees,Aadhya Mehta,2026-02-25 05:46:00,2026-02-25 05:46:00
ORD102575,CUST04774,Jaipur,Surat,Surat,Delivered,Shadowfax,Rahul Gupta,2026-02-08 02:51:00,2026-02-09 02:51:00
ORD102833,CUST04492,Pune,Bengaluru,Chennai,Delayed,BlueDart,Priya Chatterjee,2026-06-28 08:31:00,
ORD101755,CUST02378,Hyderabad,Jaipur,Indore,Picked Up,Ekart,Kavya Sharma,2026-07-01 03:17:00,
ORD102598,CUST01879,Coimbatore,Mumbai,Ahmedabad,Delayed,Delhivery,Meera Rao,2026-06-14 06:48:00,
ORD103647,CUST02649,Jaipur,Bengaluru,Bengaluru,Delivered,Delhivery,Aditya Agarwal,2026-02-19 06:49:00,2026-02-19 06:49:00
ORD104294,CUST03608,Mumbai,Bengaluru,Bengaluru,Delivered,Shadowfax,Rahul Nair,2026-04-04 17:14:00,2026-04-08 17:14:00
ORD103412,CUST02127,Indore,Nagpur,Nagpur,Delivered,DTDC,Riya Gupta,2026-07-05 04:13:00,2026-07-06 04:13:00
ORD101955,CUST00025,Jaipur,Mumbai,Mumbai,Delivered,Shadowfax,Priya Bose,2026-05-31 07:48:00,2026-05-31 07:48:00
ORD104763,CUST02981,Bengaluru,Pune,Pune,Delivered,Xpressbees,Vihaan Chatterjee,2026-05-30 06:27:00,2026-06-03 06:27:00
ORD102143,CUST00527,Kolkata,Bengaluru,Kolkata,Picked Up,Delhivery,Vihaan Verma,2026-02-25 13:52:00,
ORD103659,CUST00517,Kolkata,Lucknow,Lucknow,Delivered,Xpressbees,Divya Gupta,2026-05-30 14:50:00,2026-05-31 14:50:00
ORD102934,CUST03308,Pune,Nagpur,Nagpur,Delivered,DTDC,Divya Agarwal,2026-06-28 07:54:00,2026-06-28 07:54:00
ORD103477,CUST01814,Nagpur,Hyderabad,Hyderabad,Delivered,DTDC,Arjun Pillai,2026-02-12 04:57:00,2026-02-13 04:57:00
ORD101437,CUST01486,Kolkata,Indore,Kolkata,Picked Up,DTDC,Rajesh Kapoor,2026-09-06 10:03:00,
ORD100176,CUST01790,Pune,Chandigarh,Chandigarh,Delivered,Ekart,Aadhya Pillai,2026-08-23 15:38:00,2026-08-25 15:38:00
ORD100581,CUST01777,Nagpur,Chennai,Delhi,Returned to Sender,Shadowfax,Rohan Shetty,2026-07-06 23:06:00,
ORD103112,CUST03087,Jaipur,Chandigarh,Nagpur,In Transit,Xpressbees,Neha Singh,2026-08-03 06:34:00,
ORD103173,CUST00389,Ahmedabad,Kochi,Kochi,Delivered,DTDC,Karan Sharma,2026-04-03 09:41:00,2026-04-07 09:41:00
ORD100905,CUST03597,Delhi,Jaipur,Ahmedabad,In Transit,Ekart,Vikram Nair,2026-09-14 19:55:00,
ORD100742,CUST02931,Kolkata,Jaipur,Bengaluru,Returned to Sender,Ekart,Ira Pillai,2026-02-26 08:52:00,
ORD100935,CUST00709,Bengaluru,Jaipur,Jaipur,Delivered,BlueDart,Meera Reddy,2026-07-29 19:50:00,2026-08-02 19:50:00
ORD102702,CUST01349,Hyderabad,Nagpur,Nagpur,Delivered,Xpressbees,Karan Rao,2026-03-24 10:53:00,2026-03-24 10:53:00
ORD101385,CUST02189,Kolkata,Pune,Pune,Delivered,BlueDart,Vikram Sharma,2026-04-23 08:00:00,2026-04-27 08:00:00
ORD104690,CUST01471,Jaipur,Kochi,Pune,Returned to Sender,Ekart,Aadhya Nair,2026-05-28 01:57:00,
ORD104410,CUST04045,Lucknow,Chennai,Chennai,Delivered,Delhivery,Sai Patel,2026-04-26 00:34:00,2026-04-30 00:34:00
ORD100246,CUST03395,Surat,Coimbatore,Bengaluru,Delayed,Xpressbees,Vivaan Chatterjee,2026-04-22 15:10:00,
ORD100318,CUST03513,Kolkata,Chandigarh,Bengaluru,Out for Delivery,DTDC,Amit Desai,2026-04-08 09:53:00,
ORD101274,CUST01223,Chennai,Lucknow,Bengaluru,Pending,Shadowfax,Anika Rao,2026-02-05 07:03:00,
ORD100403,CUST00060,Pune,Kolkata,Surat,Delayed,BlueDart,Rajesh Patel,2026-04-13 21:49:00,
ORD101780,CUST00705,Jaipur,Chandigarh,Chandigarh,Delivered,Delhivery,Sneha Mehta,2026-06-15 17:04:00,2026-06-15 17:04:00
ORD102430,CUST01599,Pune,Kolkata,Lucknow,Delayed,Shadowfax,Kavya Malhotra,2026-07-07 12:30:00,
ORD101805,CUST04330,Coimbatore,Pune,Kolkata,Returned to Sender,DTDC,Reyansh Reddy,2026-08-09 01:50:00,
ORD101730,CUST04698,Ahmedabad,Mumbai,Mumbai,Delivered,Shadowfax,Krishna Reddy,2026-06-29 01:46:00,2026-07-01 01:46:00
ORD102647,CUST03445,Ahmedabad,Surat,Lucknow,Picked Up,DTDC,Saanvi Sharma,2026-06-08 13:33:00,
ORD102673,CUST02751,Kolkata,Jaipur,Pune,Picked Up,Delhivery,Priya Patel,2026-08-31 21:39:00,
ORD100821,CUST00449,Chandigarh,Pune,Surat,Pending,DTDC,Diya Singh,2026-08-30 00:25:00,
ORD104669,CUST03989,Bengaluru,Kochi,Kochi,Delivered,Xpressbees,Aadhya Verma,2026-03-05 09:08:00,2026-03-07 09:08:00
ORD103463,CUST04486,Ahmedabad,Indore,Lucknow,Pending,Ekart,Neha Rao,2026-04-25 19:18:00,
ORD101389,CUST03392,Chandigarh,Chennai,Nagpur,Delayed,Xpressbees,Vivaan Rao,2026-06-30 00:21:00,
ORD101913,CUST02620,Chandigarh,Delhi,Pune,Out for Delivery,Delhivery,Rohan Nair,2026-07-03 01:32:00,
ORD103022,CUST02531,Delhi,Pune,Delhi,Picked Up,Ekart,Divya Joshi,2026-06-04 03:14:00,
ORD102864,CUST01356,Chandigarh,Kolkata,Jaipur,In Transit,Shadowfax,Diya Bose,2026-06-20 13:05:00,
ORD100090,CUST04855,Kochi,Delhi,Delhi,Delivered,Xpressbees,Aarav Joshi,2026-09-26 00:24:00,2026-09-25 00:24:00
ORD101184,CUST00656,Bengaluru,Indore,Indore,Delivered,Ekart,Diya Desai,2026-02-12 17:35:00,2026-02-11 17:35:00
ORD103993,CUST01355,Indore,Chennai,Chandigarh,Delayed,BlueDart,Reyansh Gupta,2026-08-18 09:07:00,
ORD101050,CUST02599,Chandigarh,Jaipur,Jaipur,Delivered,Xpressbees,Reyansh Kumar,2026-07-20 06:18:00,2026-07-21 06:18:00
ORD103841,CUST00167,Chennai,Pune,Pune,Delivered,Ekart,Riya Chatterjee,2026-02-08 23:17:00,2026-02-09 23:17:00
ORD104792,CUST03461,Kolkata,Lucknow,Lucknow,Delivered,DTDC,Aditya Malhotra,2026-08-18 23:06:00,2026-08-18 23:06:00
ORD104968,CUST03221,Bengaluru,Delhi,Lucknow,Out for Delivery,Shadowfax,Neha Joshi,2026-05-01 09:04:00,
ORD102595,CUST04270,Bengaluru,Chandigarh,Chandigarh,Delivered,Ekart,Ishaan Shetty,2026-03-16 04:03:00,2026-03-17 04:03:00
ORD102205,CUST03517,Delhi,Kolkata,Kolkata,Delivered,Shadowfax,Diya Rao,2026-02-02 00:18:00,2026-02-03 00:18:00
ORD104355,CUST01319,Delhi,Chandigarh,Chandigarh,Delivered,BlueDart,Vihaan Bose,2026-08-15 03:05:00,2026-08-15 03:05:00
ORD104699,CUST02951,Jaipur,Coimbatore,Coimbatore,Delivered,BlueDart,Amit Rao,2026-08-08 06:34:00,2026-08-12 06:34:00
ORD103282,CUST02543,Nagpur,Chandigarh,Chandigarh,Delivered,DTDC,Ananya Iyer,2026-07-10 02:00:00,2026-07-12 02:00:00
ORD103359,CUST01727,Ahmedabad,Lucknow,Lucknow,Delivered,BlueDart,Sneha Kapoor,2026-05-09 06:16:00,2026-05-09 06:16:00
ORD100871,CUST03814,Mumbai,Kolkata,Kolkata,Delivered,BlueDart,Ishaan Reddy,2026-07-28 00:19:00,2026-08-01 00:19:00
ORD101181,CUST04825,Chennai,Ahmedabad,Ahmedabad,Delivered,Xpressbees,Ira Singh,2026-05-22 16:16:00,2026-05-24 16:16:00
ORD100434,CUST01037,Coimbatore,Kolkata,Hyderabad,Delayed,Ekart,Aarav Desai,2026-08-25 10:48:00,
ORD100691,CUST02639,Indore,Bengaluru,Mumbai,Picked Up,DTDC,Myra Malhotra,2026-07-09 16:11:00,
ORD100056,CUST01295,Indore,Coimbatore,Mumbai,Picked Up,Shadowfax,Myra Kumar,2026-06-06 02:54:00,
ORD101883,CUST04381,Coimbatore,Hyderabad,Surat,Delayed,DTDC,Rohan Kumar,2026-07-21 01:27:00,
ORD100824,CUST02247,Mumbai,Nagpur,Surat,Delayed,Xpressbees,Vihaan Agarwal,2026-05-24 07:28:00,
ORD103261,CUST02174,Mumbai,Kochi,Delhi,Pending,Shadowfax,Krishna Bose,2026-07-30 02:14:00,
ORD101501,CUST00069,Delhi,Nagpur,Nagpur,Delivered,BlueDart,Anika Shetty,2026-04-21 02:35:00,2026-04-22 02:35:00
ORD100380,CUST03805,Mumbai,Bengaluru,Bengaluru,Delivered,DTDC,Reyansh Malhotra,2026-07-03 13:44:00,2026-07-03 13:44:00
ORD100551,CUST03450,Ahmedabad,Surat,Surat,Delivered,Xpressbees,Divya Nair,2026-03-11 06:13:00,2026-03-13 06:13:00
ORD100118,CUST04929,Chandigarh,Nagpur,Nagpur,Delivered,Xpressbees,Rohan Iyer,2026-03-16 23:58:00,2026-03-20 23:58:00
ORD102357,CUST02805,Delhi,Pune,Chennai,Out for Delivery,Ekart,Meera Kapoor,2026-03-28 20:30:00,
ORD100749,CUST01862,Jaipur,Chandigarh,Hyderabad,Returned to Sender,Xpressbees,Arjun Kumar,2026-09-17 09:36:00,
ORD101112,CUST01691,Chennai,Surat,Chandigarh,Returned to Sender,Shadowfax,Sneha Verma,2026-03-13 00:04:00,
ORD101531,CUST01713,Pune,Jaipur,Jaipur,Returned to Sender,Delhivery,Aadhya Verma,2026-07-26 23:03:00,
ORD102927,CUST02017,Nagpur,Ahmedabad,Kochi,Picked Up,Delhivery,Krishna Shetty,2026-02-14 17:45:00,
ORD101980,CUST04096,Kolkata,Surat,Surat,Delivered,Shadowfax,Ira Bose,2026-07-04 07:49:00,2026-07-04 07:49:00
ORD104267,CUST00556,Surat,Coimbatore,Coimbatore,Delivered,BlueDart,Arjun Reddy,2026-09-05 00:29:00,2026-09-04 00:29:00
ORD100669,CUST02229,Kochi,Hyderabad,Hyderabad,Delivered,BlueDart,Vivaan Reddy,2026-03-31 22:13:00,2026-03-31 22:13:00
ORD103029,CUST01905,Mumbai,Jaipur,Jaipur,Delivered,Shadowfax,Rahul Joshi,2026-08-16 23:36:00,2026-08-15 23:36:00
ORD101734,CUST04332,Coimbatore,Bengaluru,Surat,Out for Delivery,Delhivery,Anika Pillai,2026-06-24 09:12:00,
ORD103571,CUST00120,Mumbai,Hyderabad,Mumbai,Delayed,DTDC,Ira Gupta,2026-02-07 21:37:00,
ORD104400,CUST00700,Pune,Nagpur,Nagpur,Pending,Delhivery,Sneha Mehta,2026-06-10 12:57:00,
ORD102254,CUST00924,Mumbai,Delhi,Pune,Returned to Sender,DTDC,Sneha Agarwal,2026-08-04 06:04:00,
ORD100776,CUST03773,Mumbai,Bengaluru,Delhi,Delayed,Ekart,Saanvi Desai,2026-05-29 16:44:00,
ORD102729,CUST01954,Kolkata,Kochi,Kochi,Delivered,Ekart,Divya Chatterjee,2026-02-07 17:36:00,2026-02-07 17:36:00
ORD104548,CUST01432,Hyderabad,Surat,Surat,Delivered,BlueDart,Ananya Patel,2026-04-06 09:50:00,2026-04-05 09:50:00
ORD101517,CUST01969,Kolkata,Chandigarh,Chennai,Returned to Sender,DTDC,Neha Iyer,2026-03-22 13:33:00,
ORD102710,CUST02176,Nagpur,Jaipur,Jaipur,Delivered,BlueDart,Aarav Kumar,2026-04-17 20:58:00,2026-04-17 20:58:00
ORD100647,CUST03347,Surat,Jaipur,Jaipur,Delivered,Shadowfax,Reyansh Chatterjee,2026-04-27 10:10:00,2026-05-01 10:10:00
ORD104856,CUST04190,Delhi,Kolkata,Jaipur,Pending,Delhivery,Saanvi Shetty,2026-04-26 23:53:00,
ORD100406,CUST00852,Pune,Surat,Hyderabad,Out for Delivery,Delhivery,Arjun Nair,2026-04-27 00:48:00,
ORD101582,CUST00392,Chandigarh,Mumbai,Chandigarh,Picked Up,Xpressbees,Ananya Bose,2026-04-22 23:42:00,
ORD103481,CUST03355,Chennai,Pune,Kolkata,Delayed,DTDC,Saanvi Reddy,2026-03-26 07:12:00,
ORD101775,CUST00648,Delhi,Nagpur,Mumbai,Pending,Xpressbees,Diya Joshi,2026-07-24 20:18:00,
ORD100418,CUST03906,Surat,Bengaluru,Bengaluru,Delivered,Xpressbees,Aditya Bose,2026-07-19 14:31:00,2026-07-20 14:31:00
ORD100104,CUST01838,Nagpur,Pune,Pune,Delivered,Shadowfax,Meera Mehta,2026-04-02 07:47:00,2026-04-04 07:47:00
ORD103013,CUST00471,Delhi,Jaipur,Jaipur,Delivered,Ekart,Ira Kumar,2026-05-03 02:45:00,2026-05-03 02:45:00
ORD104261,CUST01978,Ahmedabad,Mumbai,Surat,In Transit,Ekart,Myra Verma,2026-02-04 15:11:00,
ORD100982,CUST04383,Pune,Ahmedabad,Ahmedabad,Delivered,DTDC,Ira Verma,2026-06-27 06:27:00,2026-06-26 06:27:00
ORD103250,CUST02806,Jaipur,Ahmedabad,Ahmedabad,Delivered,DTDC,Riya Mehta,2026-07-18 00:21:00,2026-07-18 00:21:00
ORD103589,CUST00784,Nagpur,Jaipur,Jaipur,Delivered,Ekart,Karan Rao,2026-08-03 19:36:00,2026-08-03 19:36:00
ORD104972,CUST02375,Ahmedabad,Pune,Pune,Delivered,Delhivery,Ananya Nair,2026-06-26 21:45:00,2026-06-26 21:45:00
ORD103839,CUST01413,Mumbai,Kolkata,Surat,Returned to Sender,BlueDart,Anika Chatterjee,2026-02-07 08:16:00,
ORD102509,CUST04199,Pune,Kolkata,Kolkata,Delivered,Xpressbees,Rahul Singh,2026-07-28 08:06:00,2026-07-30 08:06:00
ORD103884,CUST01059,Delhi,Indore,Surat,Out for Delivery,Xpressbees,Diya Gupta,2026-08-25 13:59:00,
ORD100060,CUST04908,Chennai,Kochi,Ahmedabad,Out for Delivery,Xpressbees,Aarav Kapoor,2026-03-14 17:12:00,
ORD100497,CUST02833,Surat,Lucknow,Lucknow,Delivered,Ekart,Priya Nair,2026-02-23 09:12:00,2026-02-27 09:12:00
ORD102308,CUST03516,Kolkata,Jaipur,Jaipur,Delivered,Shadowfax,Sai Joshi,2026-09-15 20:17:00,2026-09-14 20:17:00
ORD100822,CUST02104,Chandigarh,Delhi,Delhi,Delivered,Ekart,Amit Verma,2026-04-14 05:54:00,2026-04-18 05:54:00
ORD101420,CUST03142,Mumbai,Kochi,Kochi,Delivered,Ekart,Reyansh Kumar,2026-07-19 04:06:00,2026-07-21 04:06:00
ORD100568,CUST04232,Jaipur,Kochi,Kochi,In Transit,DTDC,Kavya Desai,2026-06-22 00:53:00,
ORD103954,CUST02467,Ahmedabad,Hyderabad,Hyderabad,Delivered,DTDC,Saanvi Verma,2026-06-30 21:48:00,2026-06-29 21:48:00
ORD101332,CUST03041,Coimbatore,Ahmedabad,Ahmedabad,Delivered,DTDC,Saanvi Chatterjee,2026-09-24 20:46:00,2026-09-25 20:46:00
ORD100356,CUST01906,Kolkata,Surat,Surat,Delayed,Shadowfax,Amit Desai,2026-08-10 01:09:00,
ORD104057,CUST01383,Nagpur,Ahmedabad,Kochi,Delayed,Delhivery,Neha Reddy,2026-04-01 18:04:00,
ORD102995,CUST04137,Pune,Bengaluru,Bengaluru,Delivered,BlueDart,Krishna Singh,2026-03-14 09:08:00,2026-03-16 09:08:00
ORD104272,CUST01300,Surat,Ahmedabad,Pune,Picked Up,DTDC,Priya Rao,2026-05-24 22:14:00,
ORD102027,CUST02098,Coimbatore,Delhi,Delhi,Delivered,BlueDart,Sneha Singh,2026-02-17 12:48:00,2026-02-17 12:48:00
ORD101757,CUST04476,Bengaluru,Jaipur,Surat,Returned to Sender,Xpressbees,Vihaan Desai,2026-07-27 12:10:00,
ORD103289,CUST03015,Delhi,Chandigarh,Chandigarh,Delivered,DTDC,Myra Mehta,2026-08-17 17:36:00,2026-08-17 17:36:00
ORD104512,CUST04168,Jaipur,Ahmedabad,Ahmedabad,Delivered,Xpressbees,Aadhya Patel,2026-06-24 18:25:00,2026-06-26 18:25:00
ORD103671,CUST04767,Mumbai,Delhi,Pune,Delayed,Delhivery,Aarav Shetty,2026-08-02 21:59:00,
ORD103816,CUST01428,Ahmedabad,Nagpur,Nagpur,Delivered,BlueDart,Rohan Joshi,2026-05-28 18:34:00,2026-05-29 18:34:00
ORD103801,CUST02537,Mumbai,Coimbatore,Coimbatore,Delivered,Xpressbees,Saanvi Desai,2026-06-21 15:11:00,2026-06-21 15:11:00
ORD102298,CUST00181,Coimbatore,Surat,Mumbai,Returned to Sender,Xpressbees,Riya Nair,2026-07-27 20:23:00,
ORD102468,CUST01402,Surat,Indore,Indore,Delivered,BlueDart,Sai Singh,2026-02-26 14:43:00,2026-02-26 14:43:00
ORD100359,CUST00251,Kochi,Surat,Mumbai,Pending,Shadowfax,Sai Rao,2026-07-24 16:00:00,
ORD103914,CUST04486,Delhi,Ahmedabad,Indore,Delayed,BlueDart,Karan Mehta,2026-03-09 07:27:00,
ORD100857,CUST03917,Ahmedabad,Delhi,Mumbai,In Transit,Shadowfax,Saanvi Iyer,2026-03-18 10:44:00,
ORD104954,CUST04597,Nagpur,Bengaluru,Indore,Pending,Ekart,Vihaan Rao,2026-07-10 17:18:00,
ORD100325,CUST00402,Surat,Bengaluru,Bengaluru,Delivered,Xpressbees,Divya Pillai,2026-05-13 22:18:00,2026-05-13 22:18:00
ORD100985,CUST01438,Nagpur,Pune,Mumbai,Picked Up,Xpressbees,Kavya Nair,2026-05-26 22:31:00,
ORD100072,CUST02340,Surat,Kolkata,Delhi,In Transit,DTDC,Diya Sharma,2026-08-26 18:14:00,
ORD103888,CUST00094,Coimbatore,Indore,Indore,Delivered,DTDC,Anika Nair,2026-03-11 09:01:00,2026-03-11 09:01:00
ORD102055,CUST03677,Indore,Ahmedabad,Kochi,Pending,Delhivery,Rohan Joshi,2026-06-20 22:00:00,
ORD104590,CUST00037,Pune,Delhi,Jaipur,Pending,Shadowfax,Priya Pillai,2026-07-25 10:17:00,
ORD101152,CUST02384,Hyderabad,Indore,Bengaluru,Pending,Shadowfax,Ananya Reddy,2026-02-19 22:35:00,
ORD100215,CUST00709,Bengaluru,Pune,Pune,Delivered,Ekart,Neha Mehta,2026-06-29 08:56:00,2026-06-28 08:56:00
ORD100427,CUST02547,Jaipur,Mumbai,Mumbai,Delivered,DTDC,Aadhya Pillai,2026-02-16 13:11:00,2026-02-15 13:11:00
ORD104575,CUST01217,Ahmedabad,Pune,Kolkata,Delayed,Shadowfax,Anika Verma,2026-06-03 08:10:00,
ORD100845,CUST04656,Mumbai,Surat,Surat,In Transit,Shadowfax,Kavya Pillai,2026-06-11 08:10:00,
ORD102808,CUST02370,Pune,Hyderabad,Hyderabad,Delivered,BlueDart,Divya Bose,2026-05-02 02:03:00,2026-05-06 02:03:00
ORD100086,CUST04697,Chennai,Bengaluru,Bengaluru,Delivered,Xpressbees,Aarav Bose,2026-08-23 12:11:00,2026-08-23 12:11:00
ORD103347,CUST04614,Nagpur,Lucknow,Coimbatore,Delayed,BlueDart,Meera Verma,2026-03-29 02:23:00,
ORD103448,CUST01519,Mumbai,Ahmedabad,Ahmedabad,Delivered,Shadowfax,Rahul Desai,2026-04-08 13:02:00,2026-04-08 13:02:00
ORD100328,CUST00779,Lucknow,Delhi,Ahmedabad,Picked Up,Xpressbees,Pooja Malhotra,2026-08-11 11:56:00,
ORD101868,CUST04942,Ahmedabad,Chandigarh,Chandigarh,Delivered,Shadowfax,Rajesh Nair,2026-02-12 17:29:00,2026-02-12 17:29:00
ORD100345,CUST04357,Kochi,Bengaluru,Coimbatore,Picked Up,DTDC,Kavya Reddy,2026-07-08 03:23:00,
ORD101397,CUST00634,Kochi,Chandigarh,Jaipur,In Transit,Xpressbees,Vikram Rao,2026-04-11 14:05:00,
ORD104255,CUST01297,Nagpur,Kochi,Kochi,Delivered,Ekart,Pooja Kumar,2026-07-19 03:43:00,2026-07-18 03:43:00
ORD100219,CUST03347,Chandigarh,Surat,Surat,Delivered,BlueDart,Ananya Agarwal,2026-04-04 19:06:00,2026-04-04 19:06:00
ORD104099,CUST02030,Indore,Chandigarh,Chandigarh,Delivered,BlueDart,Pooja Kapoor,2026-08-09 06:53:00,2026-08-10 06:53:00
ORD101894,CUST03155,Chandigarh,Indore,Coimbatore,Picked Up,DTDC,Ananya Bose,2026-04-11 19:05:00,
ORD102681,CUST02503,Indore,Jaipur,Bengaluru,In Transit,Xpressbees,Krishna Iyer,2026-05-08 19:33:00,
ORD100122,CUST03833,Hyderabad,Kolkata,Kolkata,Delivered,Ekart,Ira Reddy,2026-05-17 06:15:00,2026-05-19 06:15:00
ORD102954,CUST04567,Kolkata,Ahmedabad,Ahmedabad,Delivered,Ekart,Diya Reddy,2026-08-19 19:44:00,2026-08-18 19:44:00
ORD102985,CUST01477,Kochi,Indore,Hyderabad,Picked Up,Ekart,Riya Joshi,2026-07-05 20:47:00,
ORD100360,CUST01514,Bengaluru,Kochi,Kochi,Delivered,Delhivery,Aadhya Kumar,2026-03-19 12:00:00,2026-03-21 12:00:00
ORD101172,CUST00352,Kochi,Jaipur,Jaipur,Delivered,DTDC,Ishaan Kumar,2026-04-19 01:58:00,2026-04-19 01:58:00
ORD101624,CUST02293,Mumbai,Kolkata,Kolkata,Delivered,Xpressbees,Riya Joshi,2026-05-12 03:45:00,2026-05-16 03:45:00
ORD104854,CUST00108,Jaipur,Delhi,Delhi,Delivered,Ekart,Divya Singh,2026-08-28 02:33:00,2026-09-01 02:33:00
ORD103847,CUST04110,Lucknow,Chandigarh,Chandigarh,Delivered,DTDC,Sai Rao,2026-06-18 09:04:00,2026-06-22 09:04:00
ORD102346,CUST03711,Nagpur,Mumbai,Hyderabad,Returned to Sender,BlueDart,Reyansh Desai,2026-05-04 01:51:00,
ORD101972,CUST04161,Bengaluru,Kolkata,Ahmedabad,Delayed,BlueDart,Ananya Sharma,2026-03-31 05:28:00,
ORD100269,CUST03554,Lucknow,Delhi,Indore,Delayed,Shadowfax,Karan Reddy,2026-03-13 00:43:00,
ORD101208,CUST04003,Nagpur,Jaipur,Hyderabad,In Transit,Delhivery,Meera Verma,2026-08-02 14:09:00,
ORD103746,CUST04683,Kolkata,Kochi,Kolkata,In Transit,DTDC,Pooja Joshi,2026-08-17 18:20:00,
ORD103972,CUST01858,Nagpur,Hyderabad,Hyderabad,Delivered,Ekart,Saanvi Desai,2026-07-27 19:14:00,2026-07-28 19:14:00
ORD100868,CUST01584,Indore,Hyderabad,Hyderabad,Delivered,Shadowfax,Meera Nair,2026-06-26 19:37:00,2026-06-25 19:37:00
ORD101953,CUST02143,Indore,Coimbatore,Surat,Returned to Sender,Shadowfax,Rohan Singh,2026-02-21 09:20:00,
ORD102613,CUST03973,Chennai,Jaipur,Pune,Out for Delivery,BlueDart,Divya Rao,2026-06-11 12:07:00,
ORD104001,CUST02074,Delhi,Coimbatore,Jaipur,Pending,BlueDart,Rohan Kumar,2026-04-12 19:12:00,
ORD101714,CUST02620,Bengaluru,Pune,Ahmedabad,In Transit,Shadowfax,Meera Chatterjee,2026-08-18 06:45:00,
ORD100782,CUST04694,Surat,Jaipur,Jaipur,Returned to Sender,Xpressbees,Aarav Verma,2026-07-17 11:08:00,
ORD102388,CUST01778,Bengaluru,Ahmedabad,Ahmedabad,Delivered,Shadowfax,Sneha Reddy,2026-09-17 23:31:00,2026-09-16 23:31:00
ORD104878,CUST04702,Chennai,Nagpur,Nagpur,Delivered,DTDC,Riya Desai,2026-05-12 01:32:00,2026-05-13 01:32:00
ORD103620,CUST00822,Kolkata,Surat,Surat,Delivered,Shadowfax,Rohan Agarwal,2026-03-02 08:20:00,2026-03-04 08:20:00
ORD100450,CUST02098,Nagpur,Indore,Indore,Delivered,Ekart,Sai Kapoor,2026-05-01 04:04:00,2026-05-01 04:04:00
ORD102809,CUST04745,Pune,Indore,Indore,Delivered,Shadowfax,Saanvi Mehta,2026-04-19 22:49:00,2026-04-18 22:49:00
ORD102251,CUST01419,Nagpur,Indore,Bengaluru,Picked Up,Delhivery,Meera Reddy,2026-02-13 12:54:00,
ORD102061,CUST00973,Lucknow,Indore,Lucknow,Pending,DTDC,Amit Chatterjee,2026-05-28 04:42:00,
ORD103084,CUST02755,Indore,Mumbai,Mumbai,Delivered,Shadowfax,Ananya Malhotra,2026-02-27 21:26:00,2026-02-27 21:26:00
ORD101193,CUST04160,Nagpur,Delhi,Chandigarh,Delayed,BlueDart,Diya Nair,2026-02-17 17:14:00,
ORD103183,CUST00253,Mumbai,Hyderabad,Hyderabad,Delivered,DTDC,Reyansh Desai,2026-07-19 09:44:00,2026-07-19 09:44:00
ORD100317,CUST02758,Bengaluru,Pune,Pune,Delivered,DTDC,Vikram Bose,2026-07-24 21:22:00,2026-07-24 21:22:00
ORD103615,CUST00387,Ahmedabad,Chandigarh,Chandigarh,Delivered,Xpressbees,Reyansh Kapoor,2026-08-07 14:10:00,2026-08-06 14:10:00
ORD101931,CUST03891,Lucknow,Nagpur,Ahmedabad,Pending,Shadowfax,Pooja Shetty,2026-07-31 04:47:00,
ORD103335,CUST00217,Mumbai,Delhi,Delhi,Delivered,Shadowfax,Rohan Shetty,2026-02-22 07:31:00,2026-02-22 07:31:00
ORD103180,CUST00638,Mumbai,Hyderabad,Chandigarh,In Transit,Xpressbees,Vivaan Rao,2026-06-17 12:48:00,
ORD102394,CUST02449,Delhi,Kochi,Kochi,Delivered,Shadowfax,Divya Bose,2026-03-08 04:23:00,2026-03-09 04:23:00
ORD101848,CUST03493,Chennai,Delhi,Delhi,Delivered,Shadowfax,Diya Nair,2026-03-25 06:13:00,2026-03-27 06:13:00
ORD104073,CUST01310,Mumbai,Chennai,Chennai,Delivered,DTDC,Riya Desai,2026-02-26 14:26:00,2026-02-26 14:26:00
ORD104536,CUST01431,Ahmedabad,Delhi,Delhi,Delivered,Xpressbees,Vihaan Rao,2026-04-07 08:54:00,2026-04-09 08:54:00
ORD103267,CUST01188,Surat,Nagpur,Nagpur,Picked Up,Shadowfax,Kavya Patel,2026-07-13 22:30:00,
ORD100859,CUST00237,Hyderabad,Indore,Indore,Delivered,BlueDart,Rahul Mehta,2026-07-14 15:31:00,2026-07-15 15:31:00
ORD100699,CUST04397,Kolkata,Nagpur,Kolkata,Delayed,BlueDart,Ananya Agarwal,2026-07-21 12:14:00,
ORD103124,CUST01870,Kochi,Chandigarh,Lucknow,In Transit,Ekart,Rahul Malhotra,2026-08-20 20:16:00,
ORD101944,CUST04097,Ahmedabad,Pune,Indore,Picked Up,Ekart,Aditya Verma,2026-02-14 10:27:00,
ORD102440,CUST04244,Kolkata,Delhi,Kochi,Out for Delivery,Xpressbees,Ira Chatterjee,2026-05-08 09:33:00,
ORD104321,CUST04891,Surat,Kochi,Hyderabad,Out for Delivery,Delhivery,Krishna Sharma,2026-02-21 19:32:00,
ORD104079,CUST00949,Hyderabad,Surat,Lucknow,In Transit,Ekart,Vihaan Verma,2026-06-08 20:40:00,
ORD104175,CUST01091,Lucknow,Coimbatore,Surat,Returned to Sender,Xpressbees,Meera Sharma,2026-02-21 12:34:00,
ORD100174,CUST02226,Surat,Hyderabad,Hyderabad,Delivered,DTDC,Saanvi Gupta,2026-09-17 10:33:00,2026-09-21 10:33:00
ORD100692,CUST03523,Jaipur,Chennai,Chennai,Delivered,Xpressbees,Riya Verma,2026-03-01 02:52:00,2026-03-05 02:52:00
ORD102845,CUST03804,Nagpur,Pune,Kochi,Picked Up,Xpressbees,Krishna Sharma,2026-07-30 07:26:00,
ORD100948,CUST03975,Delhi,Chennai,Hyderabad,Returned to Sender,Delhivery,Ananya Chatterjee,2026-09-01 02:19:00,
ORD102751,CUST00048,Hyderabad,Ahmedabad,Lucknow,Returned to Sender,BlueDart,Riya Gupta,2026-08-05 00:59:00,
ORD104391,CUST01792,Chandigarh,Coimbatore,Surat,Delayed,DTDC,Rohan Desai,2026-09-27 07:13:00,
ORD104839,CUST00176,Lucknow,Ahmedabad,Nagpur,Delayed,Shadowfax,Arjun Gupta,2026-09-24 11:31:00,
ORD101475,CUST01038,Coimbatore,Pune,Pune,Delivered,Delhivery,Rahul Malhotra,2026-02-13 05:19:00,2026-02-15 05:19:00
ORD103956,CUST03238,Chandigarh,Ahmedabad,Ahmedabad,Delivered,BlueDart,Sneha Kumar,2026-07-06 12:51:00,2026-07-08 12:51:00
ORD103027,CUST03050,Lucknow,Pune,Pune,Delivered,BlueDart,Myra Bose,2026-05-24 02:46:00,2026-05-24 02:46:00
ORD101083,CUST02377,Hyderabad,Kochi,Indore,Pending,Xpressbees,Karan Bose,2026-07-25 23:12:00,
ORD102900,CUST03609,Surat,Mumbai,Mumbai,Returned to Sender,Delhivery,Diya Joshi,2026-07-07 13:23:00,
ORD101799,CUST02144,Hyderabad,Coimbatore,Lucknow,Picked Up,Delhivery,Sai Reddy,2026-04-25 05:28:00,
ORD100607,CUST02491,Delhi,Kolkata,Kolkata,Returned to Sender,BlueDart,Anika Bose,2026-03-03 06:24:00,
ORD100642,CUST04347,Coimbatore,Chandigarh,Coimbatore,In Transit,Ekart,Divya Malhotra,2026-03-06 11:37:00,
ORD104881,CUST01650,Coimbatore,Hyderabad,Surat,Delayed,Shadowfax,Aarav Sharma,2026-04-22 17:25:00,
ORD104458,CUST00479,Mumbai,Chennai,Nagpur,Pending,DTDC,Rajesh Nair,2026-05-05 08:24:00,
ORD100779,CUST03869,Delhi,Surat,Surat,Delivered,Shadowfax,Anika Chatterjee,2026-03-10 15:50:00,2026-03-14 15:50:00
ORD103683,CUST01136,Hyderabad,Indore,Indore,Delivered,BlueDart,Sneha Desai,2026-04-26 11:44:00,2026-04-30 11:44:00
ORD101169,CUST04342,Mumbai,Pune,Chennai,In Transit,Ekart,Vikram Patel,2026-03-27 18:29:00,
ORD104522,CUST00322,Nagpur,Kolkata,Kolkata,Delivered,DTDC,Sai Shetty,2026-05-02 23:09:00,2026-05-06 23:09:00
ORD100069,CUST01567,Indore,Pune,Chandigarh,In Transit,DTDC,Diya Rao,2026-09-23 22:54:00,
ORD103216,CUST01365,Ahmedabad,Chennai,Chennai,Picked Up,DTDC,Anika Kapoor,2026-06-29 20:53:00,
ORD100701,CUST03158,Kolkata,Chennai,Chennai,Delivered,Shadowfax,Krishna Reddy,2026-08-29 11:38:00,2026-08-29 11:38:00
ORD102844,CUST04901,Kolkata,Hyderabad,Jaipur,Picked Up,Xpressbees,Riya Verma,2026-06-30 17:49:00,
ORD103895,CUST00071,Bengaluru,Mumbai,Bengaluru,Delayed,Xpressbees,Divya Reddy,2026-04-16 13:05:00,
ORD104422,CUST01780,Coimbatore,Nagpur,Delhi,Out for Delivery,Shadowfax,Priya Mehta,2026-05-13 07:39:00,
ORD103114,CUST02817,Kochi,Hyderabad,Hyderabad,Delivered,Shadowfax,Arjun Verma,2026-06-02 11:29:00,2026-06-02 11:29:00
ORD101983,CUST00452,Nagpur,Indore,Ahmedabad,Picked Up,Xpressbees,Meera Joshi,2026-06-10 07:02:00,
ORD101229,CUST02351,Ahmedabad,Chennai,Ahmedabad,Pending,Shadowfax,Neha Iyer,2026-02-28 13:10:00,
ORD101053,CUST04449,Indore,Pune,Pune,Delivered,Ekart,Vivaan Patel,2026-09-16 06:54:00,2026-09-18 06:54:00
ORD103908,CUST01223,Jaipur,Coimbatore,Mumbai,Picked Up,Shadowfax,Pooja Bose,2026-04-16 20:01:00,
ORD101155,CUST04113,Kolkata,Surat,Pune,Pending,BlueDart,Vikram Pillai,2026-07-07 13:44:00,
ORD101484,CUST02107,Bengaluru,Mumbai,Mumbai,Delivered,DTDC,Krishna Bose,2026-06-10 03:42:00,2026-06-10 03:42:00
ORD102597,CUST02205,Surat,Pune,Pune,Delivered,Delhivery,Karan Mehta,2026-08-04 08:51:00,2026-08-04 08:51:00
ORD101144,CUST02433,Lucknow,Nagpur,Pune,Picked Up,Delhivery,Karan Reddy,2026-04-04 23:43:00,
ORD104447,CUST03992,Nagpur,Lucknow,Lucknow,Delivered,Ekart,Anika Joshi,2026-05-01 12:40:00,2026-05-02 12:40:00
ORD102094,CUST03881,Ahmedabad,Kochi,Kochi,Delivered,Shadowfax,Sai Shetty,2026-03-07 06:25:00,2026-03-06 06:25:00
ORD100455,CUST01165,Hyderabad,Nagpur,Bengaluru,Picked Up,BlueDart,Kavya Verma,2026-07-22 07:07:00,
ORD100725,CUST04407,Pune,Mumbai,Nagpur,Picked Up,Ekart,Amit Sharma,2026-02-20 01:06:00,
ORD100239,CUST00627,Delhi,Nagpur,Surat,Out for Delivery,BlueDart,Kavya Shetty,2026-03-03 20:34:00,
ORD102237,CUST04011,Chennai,Jaipur,Jaipur,Delivered,Shadowfax,Krishna Verma,2026-05-11 11:04:00,2026-05-13 11:04:00
ORD102023,CUST02591,Delhi,Surat,Surat,Delivered,Ekart,Diya Verma,2026-05-28 12:46:00,2026-05-28 12:46:00
ORD101392,CUST04761,Kochi,Jaipur,Ahmedabad,Pending,Shadowfax,Vivaan Kapoor,2026-07-27 01:45:00,
ORD102111,CUST02788,Chandigarh,Jaipur,Indore,Returned to Sender,Delhivery,Priya Verma,2026-03-29 04:47:00,
ORD102657,CUST00527,Hyderabad,Indore,Pune,Out for Delivery,Delhivery,Amit Pillai,2026-08-24 09:37:00,
ORD101287,CUST02190,Mumbai,Jaipur,Bengaluru,Out for Delivery,Xpressbees,Neha Sharma,2026-03-10 18:08:00,
ORD100674,CUST00721,Indore,Kochi,Kochi,Delivered,Xpressbees,Rohan Malhotra,2026-06-22 13:02:00,2026-06-22 13:02:00
ORD101577,CUST00707,Kolkata,Bengaluru,Surat,Delayed,Ekart,Aadhya Pillai,2026-04-13 20:48:00,
ORD100990,CUST02146,Nagpur,Delhi,Jaipur,Picked Up,Delhivery,Krishna Iyer,2026-02-04 17:19:00,
ORD101800,CUST00865,Chennai,Kolkata,Indore,In Transit,Xpressbees,Diya Singh,2026-02-22 14:03:00,
ORD103730,CUST02032,Chennai,Mumbai,Coimbatore,Returned to Sender,BlueDart,Arjun Nair,2026-08-20 01:08:00,
ORD104351,CUST00725,Lucknow,Bengaluru,Bengaluru,Delivered,Xpressbees,Myra Pillai,2026-09-25 02:31:00,2026-09-29 02:31:00
ORD104975,CUST02948,Indore,Ahmedabad,Ahmedabad,Delivered,BlueDart,Pooja Chatterjee,2026-02-03 07:26:00,2026-02-03 07:26:00
ORD101621,CUST01850,Chandigarh,Lucknow,Ahmedabad,In Transit,BlueDart,Ishaan Rao,2026-07-31 17:12:00,
ORD104991,CUST01568,Nagpur,Jaipur,Jaipur,Delivered,DTDC,Anika Rao,2026-02-07 00:31:00,2026-02-11 00:31:00
ORD101821,CUST02092,Delhi,Kochi,Delhi,Out for Delivery,DTDC,Krishna Malhotra,2026-03-30 01:54:00,
ORD100924,CUST02976,Surat,Pune,Pune,Delivered,Shadowfax,Reyansh Agarwal,2026-07-22 01:00:00,2026-07-21 01:00:00
ORD104874,CUST00512,Surat,Nagpur,Nagpur,Delivered,Ekart,Amit Kumar,2026-07-14 08:52:00,2026-07-14 08:52:00
ORD102276,CUST01153,Delhi,Hyderabad,Kolkata,Returned to Sender,Delhivery,Rohan Reddy,2026-02-25 16:57:00,
ORD101999,CUST00681,Delhi,Mumbai,Mumbai,Delivered,BlueDart,Vivaan Gupta,2026-09-20 12:01:00,2026-09-22 12:01:00
ORD101379,CUST02564,Chennai,Surat,Surat,Delivered,Ekart,Diya Verma,2026-08-05 20:57:00,2026-08-09 20:57:00
ORD102831,CUST03362,Mumbai,Delhi,Delhi,Delivered,Xpressbees,Sneha Singh,2026-04-21 22:39:00,2026-04-23 22:39:00
ORD102218,CUST02969,Chennai,Kolkata,Kolkata,Delivered,DTDC,Rahul Iyer,2026-05-16 12:38:00,2026-05-16 12:38:00
ORD101598,CUST01578,Delhi,Lucknow,Lucknow,Delivered,Ekart,Arjun Shetty,2026-04-07 16:39:00,2026-04-11 16:39:00
ORD103987,CUST00421,Jaipur,Nagpur,Mumbai,Delayed,DTDC,Ishaan Verma,2026-08-01 02:55:00,
ORD100061,CUST00377,Nagpur,Jaipur,Jaipur,Delivered,Delhivery,Rajesh Rao,2026-03-26 14:49:00,2026-03-27 14:49:00
ORD100049,CUST04634,Jaipur,Hyderabad,Indore,Returned to Sender,Xpressbees,Sneha Bose,2026-03-13 08:06:00,
ORD104783,CUST01225,Indore,Jaipur,Jaipur,Delivered,BlueDart,Arjun Mehta,2026-03-27 18:45:00,2026-03-29 18:45:00
ORD104185,CUST03245,Coimbatore,Mumbai,Surat,In Transit,BlueDart,Rahul Chatterjee,2026-09-25 08:19:00,
ORD103164,CUST00072,Coimbatore,Delhi,Mumbai,Delayed,DTDC,Rahul Pillai,2026-08-11 10:56:00,
ORD101115,CUST03713,Lucknow,Jaipur,Indore,In Transit,BlueDart,Ira Gupta,2026-05-17 18:13:00,
ORD103406,CUST03706,Bengaluru,Ahmedabad,Delhi,Out for Delivery,BlueDart,Ira Patel,2026-08-21 08:25:00,
ORD102894,CUST02774,Nagpur,Chennai,Pune,Picked Up,Shadowfax,Rajesh Sharma,2026-09-04 10:07:00,
ORD104913,CUST03247,Nagpur,Hyderabad,Hyderabad,Delivered,Ekart,Ira Chatterjee,2026-04-26 14:00:00,2026-04-30 14:00:00
ORD102605,CUST00610,Chennai,Kochi,Kochi,Delivered,Xpressbees,Ananya Shetty,2026-05-12 13:55:00,2026-05-12 13:55:00
ORD103514,CUST02445,Delhi,Ahmedabad,Ahmedabad,Delivered,BlueDart,Vikram Pillai,2026-07-20 21:03:00,2026-07-24 21:03:00
ORD104882,CUST03019,Bengaluru,Kolkata,Kolkata,Delivered,Delhivery,Ananya Kumar,2026-06-18 11:25:00,2026-06-18 11:25:00
ORD100574,CUST01189,Indore,Nagpur,Nagpur,Delivered,Ekart,Vihaan Shetty,2026-05-10 06:49:00,2026-05-14 06:49:00
ORD102692,CUST00761,Pune,Delhi,Delhi,Delivered,Ekart,Reyansh Iyer,2026-04-26 09:45:00,2026-04-25 09:45:00
ORD101612,CUST00718,Surat,Mumbai,Mumbai,Delivered,Xpressbees,Pooja Desai,2026-03-03 14:37:00,2026-03-02 14:37:00
ORD104136,CUST03931,Kochi,Jaipur,Chennai,In Transit,DTDC,Reyansh Agarwal,2026-03-07 18:58:00,
ORD103986,CUST00229,Surat,Delhi,Delhi,Delivered,DTDC,Vihaan Verma,2026-04-09 12:35:00,2026-04-09 12:35:00
ORD100560,CUST02115,Bengaluru,Hyderabad,Kolkata,Pending,Delhivery,Amit Mehta,2026-09-01 02:31:00,
ORD102222,CUST03140,Lucknow,Nagpur,Hyderabad,In Transit,Delhivery,Neha Patel,2026-05-31 10:03:00,
ORD102987,CUST00011,Delhi,Bengaluru,Bengaluru,Pending,Ekart,Reyansh Chatterjee,2026-04-29 15:03:00,
ORD100367,CUST02442,Mumbai,Surat,Nagpur,Returned to Sender,Shadowfax,Divya Patel,2026-08-07 04:48:00,
ORD104224,CUST00671,Coimbatore,Delhi,Pune,Delayed,Xpressbees,Kavya Reddy,2026-05-10 00:13:00,
ORD104432,CUST03185,Chennai,Delhi,Delhi,Delivered,Xpressbees,Krishna Bose,2026-06-17 18:57:00,2026-06-18 18:57:00
ORD101916,CUST04018,Lucknow,Kolkata,Kolkata,Delivered,BlueDart,Aarav Chatterjee,2026-09-01 08:19:00,2026-09-01 08:19:00
ORD103388,CUST03846,Mumbai,Jaipur,Coimbatore,Pending,Delhivery,Anika Agarwal,2026-04-24 14:39:00,
ORD100066,CUST03470,Kochi,Kolkata,Kolkata,Delivered,BlueDart,Myra Shetty,2026-06-02 20:46:00,2026-06-03 20:46:00
ORD104108,CUST04955,Nagpur,Ahmedabad,Nagpur,Out for Delivery,BlueDart,Amit Chatterjee,2026-04-27 01:15:00,
ORD100683,CUST00291,Nagpur,Hyderabad,Kolkata,Out for Delivery,BlueDart,Sneha Agarwal,2026-05-02 06:54:00,
ORD103368,CUST02784,Jaipur,Coimbatore,Jaipur,Picked Up,Delhivery,Aditya Kapoor,2026-07-25 19:08:00,
ORD104500,CUST00834,Delhi,Kolkata,Hyderabad,Returned to Sender,Delhivery,Ira Agarwal,2026-09-09 05:55:00,
ORD101093,CUST00544,Surat,Indore,Nagpur,Returned to Sender,Delhivery,Ananya Joshi,2026-02-10 13:30:00,
ORD104517,CUST04202,Indore,Surat,Delhi,In Transit,Shadowfax,Krishna Agarwal,2026-07-28 06:22:00,
ORD100623,CUST01172,Pune,Kochi,Nagpur,Out for Delivery,DTDC,Anika Shetty,2026-09-22 01:13:00,
ORD102177,CUST04676,Surat,Jaipur,Jaipur,Delivered,DTDC,Ananya Desai,2026-02-10 07:31:00,2026-02-10 07:31:00
ORD103441,CUST04536,Lucknow,Indore,Indore,Delivered,DTDC,Rahul Kumar,2026-07-22 17:35:00,2026-07-22 17:35:00
ORD102293,CUST04452,Kolkata,Chennai,Chennai,Delivered,DTDC,Pooja Singh,2026-05-23 07:11:00,2026-05-24 07:11:00
ORD102204,CUST01417,Chennai,Jaipur,Jaipur,Delivered,DTDC,Sneha Gupta,2026-08-04 02:48:00,2026-08-04 02:48:00
ORD102629,CUST01794,Coimbatore,Bengaluru,Bengaluru,Delivered,Delhivery,Kavya Patel,2026-02-12 16:32:00,2026-02-12 16:32:00
ORD100172,CUST00039,Mumbai,Chandigarh,Lucknow,Picked Up,BlueDart,Pooja Mehta,2026-03-03 06:26:00,
ORD101628,CUST00539,Chennai,Chandigarh,Lucknow,Out for Delivery,BlueDart,Vihaan Kumar,2026-04-22 22:10:00,
ORD100744,CUST01516,Hyderabad,Lucknow,Chandigarh,Delayed,Delhivery,Kavya Kumar,2026-03-19 04:08:00,
ORD102352,CUST01299,Delhi,Nagpur,Nagpur,Delivered,Ekart,Karan Kumar,2026-08-13 21:46:00,2026-08-13 21:46:00
ORD104834,CUST03674,Mumbai,Kochi,Kochi,Delivered,Xpressbees,Aarav Pillai,2026-09-07 01:10:00,2026-09-06 01:10:00
ORD102075,CUST04983,Kochi,Chandigarh,Chandigarh,Delivered,DTDC,Pooja Shetty,2026-04-27 03:37:00,2026-04-28 03:37:00
ORD103207,CUST01488,Kochi,Delhi,Delhi,Delivered,Delhivery,Meera Shetty,2026-04-12 01:23:00,2026-04-16 01:23:00
ORD103564,CUST04359,Indore,Ahmedabad,Ahmedabad,Delivered,Delhivery,Karan Sharma,2026-08-25 20:09:00,2026-08-27 20:09:00
ORD104627,CUST02662,Hyderabad,Kochi,Kochi,Delivered,Ekart,Krishna Verma,2026-05-27 08:02:00,2026-05-27 08:02:00
ORD104258,CUST01377,Jaipur,Lucknow,Lucknow,Delivered,DTDC,Riya Bose,2026-06-05 08:11:00,2026-06-05 08:11:00
ORD101969,CUST04592,Kolkata,Chandigarh,Nagpur,Pending,Ekart,Anika Shetty,2026-09-04 15:15:00,
ORD104560,CUST02997,Bengaluru,Chandigarh,Chandigarh,Delivered,BlueDart,Amit Kumar,2026-08-14 19:44:00,2026-08-14 19:44:00
ORD100251,CUST02674,Ahmedabad,Coimbatore,Coimbatore,Delivered,BlueDart,Riya Patel,2026-05-29 21:08:00,2026-05-28 21:08:00
ORD101138,CUST04931,Kolkata,Indore,Mumbai,Picked Up,BlueDart,Pooja Reddy,2026-04-09 19:14:00,
ORD104632,CUST00582,Pune,Nagpur,Nagpur,Delivered,Ekart,Riya Malhotra,2026-04-24 09:25:00,2026-04-23 09:25:00
ORD102531,CUST04376,Kochi,Hyderabad,Mumbai,Pending,DTDC,Aarav Sharma,2026-02-03 19:18:00,
ORD100788,CUST03653,Nagpur,Delhi,Delhi,Delivered,Xpressbees,Rahul Iyer,2026-03-11 16:51:00,2026-03-11 16:51:00
ORD103741,CUST04561,Mumbai,Kolkata,Kolkata,Delivered,Shadowfax,Priya Pillai,2026-07-11 18:15:00,2026-07-11 18:15:00
ORD102564,CUST04691,Hyderabad,Indore,Indore,Delivered,DTDC,Krishna Pillai,2026-02-07 12:27:00,2026-02-07 12:27:00
ORD102477,CUST02243,Kolkata,Surat,Surat,Delivered,Xpressbees,Rahul Malhotra,2026-07-25 08:53:00,2026-07-29 08:53:00
ORD104818,CUST02930,Chandigarh,Mumbai,Mumbai,Delivered,Ekart,Vikram Desai,2026-05-19 00:00:00,2026-05-18 00:00:00
ORD101084,CUST01775,Nagpur,Lucknow,Mumbai,Picked Up,DTDC,Ananya Desai,2026-08-21 11:03:00,
ORD102041,CUST04141,Pune,Lucknow,Hyderabad,Pending,BlueDart,Diya Shetty,2026-02-01 22:52:00,
ORD101985,CUST04282,Hyderabad,Indore,Indore,Delivered,BlueDart,Saanvi Joshi,2026-02-12 19:41:00,2026-02-11 19:41:00
ORD104405,CUST01674,Coimbatore,Bengaluru,Lucknow,Delayed,Shadowfax,Ira Singh,2026-06-14 03:09:00,
ORD101853,CUST04468,Pune,Chandigarh,Chandigarh,Delivered,DTDC,Ira Reddy,2026-07-13 06:42:00,2026-07-13 06:42:00
ORD101384,CUST03316,Chandigarh,Bengaluru,Bengaluru,Delivered,Xpressbees,Krishna Shetty,2026-06-17 15:39:00,2026-06-17 15:39:00
ORD101222,CUST03531,Ahmedabad,Hyderabad,Hyderabad,Out for Delivery,Ekart,Riya Verma,2026-04-30 10:40:00,
ORD101613,CUST02004,Kochi,Delhi,Delhi,Delivered,Shadowfax,Rahul Bose,2026-03-27 03:35:00,2026-03-27 03:35:00
ORD100791,CUST03813,Delhi,Ahmedabad,Ahmedabad,Delivered,Ekart,Saanvi Kumar,2026-08-11 00:58:00,2026-08-13 00:58:00
ORD102252,CUST01958,Nagpur,Kochi,Kochi,Delivered,Ekart,Anika Desai,2026-05-04 01:27:00,2026-05-06 01:27:00
ORD103326,CUST01416,Hyderabad,Ahmedabad,Ahmedabad,Delivered,Ekart,Pooja Joshi,2026-02-25 16:00:00,2026-02-25 16:00:00
ORD101101,CUST02040,Bengaluru,Hyderabad,Chennai,Returned to Sender,Ekart,Vivaan Kumar,2026-05-24 18:30:00,
ORD101910,CUST04892,Hyderabad,Bengaluru,Bengaluru,Delivered,Shadowfax,Sai Reddy,2026-03-13 12:46:00,2026-03-14 12:46:00
ORD101472,CUST00128,Kochi,Bengaluru,Nagpur,Out for Delivery,Xpressbees,Priya Patel,2026-06-16 09:24:00,
ORD101134,CUST02849,Hyderabad,Kolkata,Nagpur,Picked Up,Ekart,Sai Patel,2026-04-30 06:59:00,
ORD100792,CUST00158,Kolkata,Ahmedabad,Ahmedabad,Delivered,Shadowfax,Sneha Singh,2026-02-06 15:41:00,2026-02-08 15:41:00
ORD100707,CUST00831,Jaipur,Hyderabad,Kolkata,In Transit,Ekart,Aadhya Desai,2026-02-19 23:06:00,
ORD104620,CUST01494,Jaipur,Nagpur,Nagpur,Pending,Shadowfax,Pooja Joshi,2026-07-02 18:21:00,
ORD100500,CUST00418,Nagpur,Mumbai,Mumbai,Delivered,Xpressbees,Ishaan Nair,2026-06-25 07:49:00,2026-06-29 07:49:00
ORD100855,CUST00963,Chandigarh,Jaipur,Jaipur,Delivered,Delhivery,Rohan Shetty,2026-03-25 08:52:00,2026-03-27 08:52:00
ORD100064,CUST02745,Delhi,Indore,Indore,Delivered,Xpressbees,Rahul Kumar,2026-03-16 02:36:00,2026-03-20 02:36:00
ORD101633,CUST03991,Lucknow,Hyderabad,Hyderabad,Delivered,Shadowfax,Sneha Bose,2026-04-27 18:48:00,2026-05-01 18:48:00
ORD100633,CUST00558,Indore,Nagpur,Mumbai,Delayed,Delhivery,Sneha Rao,2026-09-05 12:03:00,
ORD103784,CUST00206,Surat,Delhi,Coimbatore,Out for Delivery,Delhivery,Amit Kumar,2026-05-23 21:00:00,
ORD103818,CUST03762,Hyderabad,Bengaluru,Coimbatore,Pending,Ekart,Krishna Kumar,2026-08-12 17:01:00,
ORD101539,CUST00972,Delhi,Bengaluru,Bengaluru,Delivered,Xpressbees,Amit Verma,2026-04-06 15:22:00,2026-04-06 15:22:00
ORD103528,CUST01480,Hyderabad,Surat,Nagpur,Pending,Ekart,Diya Iyer,2026-03-25 11:43:00,
ORD104314,CUST04076,Lucknow,Mumbai,Mumbai,Delivered,BlueDart,Karan Agarwal,2026-08-01 04:36:00,2026-08-03 04:36:00
ORD100958,CUST01584,Delhi,Jaipur,Jaipur,Returned to Sender,Delhivery,Rahul Bose,2026-03-04 20:56:00,
ORD102866,CUST03796,Indore,Bengaluru,Chennai,Picked Up,DTDC,Ira Nair,2026-06-03 17:30:00,
ORD100077,CUST00404,Hyderabad,Mumbai,Chandigarh,Delayed,BlueDart,Krishna Joshi,2026-04-10 17:58:00,
ORD103580,CUST02553,Kolkata,Chandigarh,Chandigarh,Delivered,BlueDart,Vivaan Pillai,2026-03-09 12:21:00,2026-03-11 12:21:00
ORD104155,CUST00896,Mumbai,Chennai,Chennai,Delivered,Ekart,Vivaan Sharma,2026-05-25 00:57:00,2026-05-29 00:57:00
ORD100292,CUST00990,Kochi,Delhi,Hyderabad,Returned to Sender,BlueDart,Vihaan Kapoor,2026-04-27 09:24:00,
ORD103757,CUST02503,Kochi,Jaipur,Chandigarh,Returned to Sender,Ekart,Rahul Singh,2026-05-09 05:54:00,
ORD100981,CUST03856,Coimbatore,Bengaluru,Lucknow,Pending,Ekart,Ananya Chatterjee,2026-03-29 07:00:00,
ORD100094,CUST01249,Jaipur,Nagpur,Nagpur,Delivered,Xpressbees,Riya Sharma,2026-08-27 22:33:00,2026-08-27 22:33:00
ORD104317,CUST03192,Lucknow,Surat,Surat,Delivered,BlueDart,Vihaan Malhotra,2026-09-08 09:05:00,2026-09-10 09:05:00
ORD102871,CUST04469,Chennai,Bengaluru,Bengaluru,Delivered,Xpressbees,Diya Singh,2026-05-11 09:32:00,2026-05-11 09:32:00
ORD100634,CUST04874,Kochi,Pune,Pune,Delivered,Shadowfax,Vivaan Rao,2026-04-10 12:50:00,2026-04-10 12:50:00
ORD100592,CUST00079,Hyderabad,Kochi,Kochi,Delivered,Delhivery,Divya Shetty,2026-02-15 15:20:00,2026-02-15 15:20:00
ORD101191,CUST00790,Pune,Nagpur,Kolkata,Pending,BlueDart,Riya Chatterjee,2026-07-19 15:01:00,
ORD104504,CUST04616,Jaipur,Surat,Surat,Delivered,BlueDart,Vihaan Mehta,2026-07-10 13:16:00,2026-07-09 13:16:00
ORD100420,CUST03172,Indore,Hyderabad,Indore,Pending,Xpressbees,Anika Mehta,2026-07-18 06:55:00,
ORD101015,CUST02580,Coimbatore,Jaipur,Surat,Out for Delivery,Ekart,Reyansh Shetty,2026-07-25 06:06:00,
ORD103475,CUST03940,Hyderabad,Chennai,Chennai,Delivered,DTDC,Aditya Mehta,2026-06-21 05:42:00,2026-06-25 05:42:00
ORD101899,CUST03712,Indore,Pune,Pune,Delivered,BlueDart,Ananya Iyer,2026-04-24 19:14:00,2026-04-25 19:14:00
ORD102224,CUST01959,Bengaluru,Lucknow,Lucknow,Delivered,Ekart,Aditya Kumar,2026-06-02 21:57:00,2026-06-02 21:57:00
ORD104096,CUST03766,Hyderabad,Indore,Coimbatore,In Transit,Delhivery,Meera Agarwal,2026-08-28 15:59:00,
ORD101928,CUST01091,Pune,Ahmedabad,Ahmedabad,Delivered,Shadowfax,Sai Chatterjee,2026-09-06 12:25:00,2026-09-06 12:25:00
ORD101607,CUST02619,Jaipur,Delhi,Delhi,Delivered,Xpressbees,Ananya Reddy,2026-03-21 04:40:00,2026-03-21 04:40:00
ORD103014,CUST00423,Surat,Hyderabad,Chennai,Pending,Xpressbees,Riya Kapoor,2026-05-13 13:50:00,
ORD102039,CUST02180,Kolkata,Indore,Chandigarh,In Transit,DTDC,Sneha Sharma,2026-03-10 07:37:00,
ORD104568,CUST04472,Kochi,Coimbatore,Coimbatore,Delivered,DTDC,Rajesh Agarwal,2026-07-15 06:47:00,2026-07-15 06:47:00
ORD102004,CUST02406,Chennai,Lucknow,Lucknow,Delivered,BlueDart,Priya Desai,2026-07-02 17:49:00,2026-07-03 17:49:00
ORD104721,CUST04157,Jaipur,Hyderabad,Hyderabad,Delivered,DTDC,Pooja Malhotra,2026-03-15 06:48:00,2026-03-15 06:48:00
ORD104464,CUST04609,Delhi,Coimbatore,Coimbatore,Delivered,BlueDart,Ishaan Nair,2026-03-21 09:03:00,2026-03-21 09:03:00
ORD102562,CUST00373,Ahmedabad,Hyderabad,Surat,Pending,Xpressbees,Riya Bose,2026-07-07 11:54:00,
ORD103953,CUST04114,Jaipur,Chennai,Surat,In Transit,Xpressbees,Priya Chatterjee,2026-09-02 00:21:00,
ORD103735,CUST00720,Hyderabad,Jaipur,Bengaluru,Delayed,Xpressbees,Priya Agarwal,2026-04-07 03:18:00,
ORD102829,CUST00869,Chandigarh,Delhi,Delhi,Delivered,Xpressbees,Aarav Chatterjee,2026-08-04 13:50:00,2026-08-08 13:50:00
ORD101368,CUST04484,Delhi,Jaipur,Indore,Out for Delivery,BlueDart,Sai Gupta,2026-02-28 08:51:00,
ORD102816,CUST01542,Kochi,Chandigarh,Hyderabad,Delayed,Delhivery,Anika Bose,2026-07-09 09:36:00,
ORD101724,CUST02292,Surat,Indore,Nagpur,In Transit,Ekart,Neha Rao,2026-05-25 05:28:00,
ORD103676,CUST02497,Chandigarh,Jaipur,Jaipur,Delivered,Xpressbees,Pooja Mehta,2026-07-09 04:42:00,2026-07-10 04:42:00
ORD102176,CUST00201,Chennai,Mumbai,Mumbai,Delivered,DTDC,Diya Desai,2026-09-13 20:50:00,2026-09-13 20:50:00
ORD104809,CUST04266,Chandigarh,Ahmedabad,Ahmedabad,Delivered,Shadowfax,Ishaan Sharma,2026-07-24 19:23:00,2026-07-28 19:23:00
ORD102926,CUST02862,Pune,Ahmedabad,Kolkata,Returned to Sender,DTDC,Meera Verma,2026-08-29 16:01:00,
ORD103140,CUST02397,Chennai,Nagpur,Chandigarh,Delayed,Ekart,Rajesh Singh,2026-04-07 15:15:00,
ORD101897,CUST01293,Indore,Mumbai,Mumbai,Delivered,BlueDart,Vikram Pillai,2026-08-05 09:34:00,2026-08-04 09:34:00
ORD103923,CUST01225,Chandigarh,Coimbatore,Coimbatore,Delivered,Delhivery,Myra Shetty,2026-07-27 11:09:00,2026-07-26 11:09:00
ORD103202,CUST04492,Indore,Pune,Ahmedabad,Delayed,Ekart,Reyansh Bose,2026-09-05 00:40:00,
ORD100835,CUST03056,Mumbai,Hyderabad,Mumbai,Pending,Ekart,Sai Kapoor,2026-04-24 13:04:00,
ORD104330,CUST03858,Ahmedabad,Pune,Pune,Delivered,Shadowfax,Krishna Reddy,2026-08-14 13:27:00,2026-08-14 13:27:00
ORD101256,CUST04490,Mumbai,Bengaluru,Bengaluru,Delivered,DTDC,Ishaan Patel,2026-03-05 08:57:00,2026-03-09 08:57:00
ORD100295,CUST02337,Coimbatore,Delhi,Jaipur,Pending,DTDC,Myra Desai,2026-08-06 15:55:00,
ORD102625,CUST00386,Bengaluru,Chandigarh,Pune,Pending,Shadowfax,Sneha Verma,2026-07-07 06:41:00,
ORD104546,CUST00388,Delhi,Kolkata,Pune,Pending,Shadowfax,Kavya Bose,2026-03-21 09:35:00,
ORD102504,CUST01116,Mumbai,Pune,Pune,Delivered,Shadowfax,Priya Reddy,2026-06-14 20:12:00,2026-06-15 20:12:00
ORD103370,CUST02976,Chennai,Bengaluru,Chennai,Pending,Shadowfax,Ishaan Kumar,2026-08-28 08:17:00,
ORD102981,CUST01691,Surat,Chandigarh,Nagpur,Picked Up,BlueDart,Rajesh Singh,2026-02-09 19:08:00,
ORD103391,CUST03786,Nagpur,Mumbai,Mumbai,Delivered,DTDC,Aadhya Sharma,2026-05-01 05:57:00,2026-05-01 05:57:00
ORD101727,CUST00235,Nagpur,Lucknow,Coimbatore,Picked Up,Delhivery,Amit Singh,2026-03-04 10:08:00,
ORD104363,CUST02320,Hyderabad,Lucknow,Lucknow,Delivered,Ekart,Pooja Reddy,2026-02-14 15:31:00,2026-02-18 15:31:00
ORD104102,CUST00354,Jaipur,Mumbai,Ahmedabad,Out for Delivery,Delhivery,Aarav Malhotra,2026-07-29 00:47:00,
ORD101769,CUST00386,Kolkata,Lucknow,Hyderabad,In Transit,Xpressbees,Karan Sharma,2026-05-17 11:09:00,
ORD101543,CUST03024,Jaipur,Chandigarh,Kolkata,Out for Delivery,DTDC,Anika Verma,2026-09-08 14:09:00,
ORD104621,CUST04876,Pune,Jaipur,Jaipur,Delivered,Shadowfax,Sai Patel,2026-02-19 19:31:00,2026-02-18 19:31:00
ORD104374,CUST03766,Bengaluru,Mumbai,Bengaluru,In Transit,Xpressbees,Meera Kapoor,2026-05-15 02:08:00,
ORD100910,CUST03004,Pune,Ahmedabad,Surat,Picked Up,DTDC,Karan Agarwal,2026-09-21 02:36:00,
ORD100573,CUST02296,Surat,Kochi,Lucknow,Pending,BlueDart,Ira Joshi,2026-03-20 12:05:00,
ORD103546,CUST03010,Bengaluru,Chennai,Chennai,Delivered,Shadowfax,Diya Nair,2026-06-18 19:27:00,2026-06-19 19:27:00
ORD104744,CUST02801,Surat,Ahmedabad,Nagpur,Out for Delivery,Ekart,Reyansh Iyer,2026-05-18 13:13:00,
ORD102011,CUST04473,Coimbatore,Hyderabad,Indore,Picked Up,BlueDart,Rahul Patel,2026-04-27 20:43:00,
ORD104389,CUST03080,Lucknow,Indore,Indore,Delivered,Xpressbees,Rahul Verma,2026-02-12 08:04:00,2026-02-16 08:04:00
ORD101224,CUST03898,Jaipur,Nagpur,Ahmedabad,Pending,Delhivery,Rajesh Nair,2026-04-08 13:46:00,
ORD101436,CUST04396,Hyderabad,Bengaluru,Bengaluru,Delivered,BlueDart,Myra Iyer,2026-08-18 16:54:00,2026-08-17 16:54:00
ORD100743,CUST03605,Coimbatore,Bengaluru,Lucknow,In Transit,Delhivery,Priya Shetty,2026-08-05 05:31:00,
ORD103408,CUST01668,Chandigarh,Indore,Kochi,Out for Delivery,Delhivery,Saanvi Singh,2026-02-09 18:42:00,
ORD101062,CUST01756,Delhi,Kolkata,Nagpur,In Transit,Shadowfax,Divya Mehta,2026-05-31 16:19:00,
ORD100504,CUST03000,Coimbatore,Lucknow,Lucknow,Delivered,DTDC,Vihaan Desai,2026-03-15 16:11:00,2026-03-19 16:11:00
ORD104588,CUST01652,Chandigarh,Ahmedabad,Ahmedabad,In Transit,Xpressbees,Rajesh Malhotra,2026-07-17 08:52:00,
ORD104695,CUST04387,Surat,Delhi,Delhi,Delivered,BlueDart,Karan Kapoor,2026-03-23 07:59:00,2026-03-22 07:59:00
ORD100245,CUST01436,Jaipur,Surat,Delhi,Pending,Xpressbees,Ananya Nair,2026-08-30 15:46:00,
ORD103522,CUST01504,Delhi,Indore,Ahmedabad,In Transit,Xpressbees,Priya Reddy,2026-02-03 04:16:00,
ORD104793,CUST02274,Delhi,Kochi,Hyderabad,In Transit,Delhivery,Vivaan Shetty,2026-03-24 19:05:00,
ORD102452,CUST03482,Indore,Ahmedabad,Ahmedabad,Delivered,Shadowfax,Riya Iyer,2026-05-11 17:33:00,2026-05-11 17:33:00
ORD102824,CUST04627,Delhi,Nagpur,Coimbatore,Delayed,DTDC,Ananya Nair,2026-03-27 02:27:00,
ORD100729,CUST01430,Mumbai,Indore,Pune,Delayed,DTDC,Amit Kumar,2026-06-06 16:55:00,
ORD104306,CUST00769,Delhi,Kolkata,Kolkata,Pending,Xpressbees,Rahul Malhotra,2026-02-11 16:43:00,
ORD104197,CUST03398,Bengaluru,Delhi,Chennai,Out for Delivery,Delhivery,Ira Chatterjee,2026-05-26 07:56:00,
ORD102558,CUST01150,Jaipur,Bengaluru,Bengaluru,Delivered,Ekart,Riya Kumar,2026-04-22 11:58:00,2026-04-24 11:58:00
ORD104189,CUST00320,Pune,Bengaluru,Indore,Picked Up,Shadowfax,Rahul Joshi,2026-03-06 18:42:00,
ORD100230,CUST01971,Nagpur,Delhi,Delhi,Delivered,Shadowfax,Rahul Kumar,2026-05-06 14:49:00,2026-05-06 14:49:00
ORD103911,CUST00991,Jaipur,Chandigarh,Chandigarh,Delivered,Ekart,Vihaan Reddy,2026-02-02 22:16:00,2026-02-06 22:16:00
ORD100894,CUST04509,Delhi,Chandigarh,Jaipur,Delayed,Shadowfax,Rahul Kapoor,2026-03-07 09:41:00,
ORD102382,CUST02454,Lucknow,Surat,Surat,Delivered,Shadowfax,Priya Verma,2026-03-28 02:45:00,2026-03-30 02:45:00
ORD103557,CUST04120,Coimbatore,Mumbai,Mumbai,Delivered,BlueDart,Pooja Sharma,2026-03-30 00:20:00,2026-03-30 00:20:00
ORD103339,CUST03280,Pune,Mumbai,Mumbai,Delivered,Shadowfax,Aarav Patel,2026-04-27 00:07:00,2026-04-27 00:07:00
ORD100563,CUST04225,Kolkata,Nagpur,Jaipur,Delayed,Shadowfax,Anika Rao,2026-08-05 21:26:00,
ORD101544,CUST03784,Chandigarh,Lucknow,Indore,In Transit,DTDC,Saanvi Singh,2026-05-20 03:56:00,
ORD104228,CUST02153,Delhi,Nagpur,Chandigarh,Pending,BlueDart,Aarav Malhotra,2026-08-01 17:47:00,
ORD103886,CUST04240,Hyderabad,Kochi,Surat,Returned to Sender,Xpressbees,Vikram Malhotra,2026-02-17 17:57:00,
ORD103723,CUST04047,Hyderabad,Chennai,Ahmedabad,Out for Delivery,Shadowfax,Rajesh Mehta,2026-05-18 15:19:00,
ORD100096,CUST01614,Ahmedabad,Pune,Pune,Delivered,Delhivery,Amit Gupta,2026-07-22 05:19:00,2026-07-26 05:19:00
ORD100177,CUST04793,Bengaluru,Nagpur,Ahmedabad,Returned to Sender,Ekart,Myra Chatterjee,2026-09-22 21:56:00,
ORD100004,CUST03705,Mumbai,Pune,Chennai,Returned to Sender,Shadowfax,Riya Verma,2026-04-14 23:10:00,
ORD102720,CUST04101,Pune,Hyderabad,Hyderabad,Delayed,Shadowfax,Reyansh Pillai,2026-04-12 09:07:00,
ORD104053,CUST02372,Kolkata,Jaipur,Jaipur,Delivered,Xpressbees,Ira Patel,2026-03-18 20:35:00,2026-03-19 20:35:00
ORD103505,CUST03519,Coimbatore,Kolkata,Chennai,Picked Up,Shadowfax,Vihaan Verma,2026-08-29 03:52:00,
ORD104659,CUST04415,Delhi,Kochi,Kochi,Delivered,Ekart,Vivaan Shetty,2026-08-21 15:59:00,2026-08-21 15:59:00
ORD100620,CUST00381,Kolkata,Coimbatore,Coimbatore,Delivered,Xpressbees,Priya Iyer,2026-06-29 20:55:00,2026-06-29 20:55:00
ORD104016,CUST02020,Pune,Surat,Delhi,Picked Up,Ekart,Vikram Kapoor,2026-07-20 18:55:00,
ORD102417,CUST03691,Lucknow,Kolkata,Nagpur,In Transit,BlueDart,Myra Bose,2026-05-13 15:58:00,
ORD104953,CUST02296,Delhi,Pune,Lucknow,In Transit,DTDC,Priya Nair,2026-08-18 17:54:00,
ORD104309,CUST03282,Ahmedabad,Bengaluru,Bengaluru,Delivered,DTDC,Rahul Reddy,2026-04-13 23:07:00,2026-04-13 23:07:00
ORD103804,CUST01411,Delhi,Hyderabad,Hyderabad,Delivered,Ekart,Aadhya Pillai,2026-07-15 10:01:00,2026-07-19 10:01:00
ORD102099,CUST02104,Nagpur,Kolkata,Kolkata,Delivered,Ekart,Saanvi Shetty,2026-05-25 20:23:00,2026-05-27 20:23:00
ORD101268,CUST01136,Indore,Kolkata,Pune,In Transit,Shadowfax,Saanvi Malhotra,2026-07-27 18:48:00,
ORD100369,CUST01415,Mumbai,Coimbatore,Kolkata,Picked Up,Shadowfax,Riya Singh,2026-05-30 14:27:00,
ORD102125,CUST01637,Bengaluru,Chennai,Chennai,Delivered,Delhivery,Aarav Shetty,2026-03-20 07:17:00,2026-03-22 07:17:00
ORD100972,CUST04276,Kolkata,Chandigarh,Chandigarh,Delivered,Delhivery,Divya Agarwal,2026-05-10 05:34:00,2026-05-14 05:34:00
ORD102695,CUST00476,Coimbatore,Chennai,Jaipur,Picked Up,BlueDart,Ira Kapoor,2026-05-17 03:18:00,
ORD100808,CUST00465,Hyderabad,Coimbatore,Coimbatore,Delivered,Delhivery,Kavya Mehta,2026-09-19 22:46:00,2026-09-23 22:46:00
ORD102289,CUST02026,Nagpur,Kochi,Pune,Returned to Sender,Xpressbees,Kavya Singh,2026-05-23 05:59:00,
ORD102780,CUST04644,Bengaluru,Delhi,Delhi,Delivered,BlueDart,Sai Desai,2026-03-16 11:54:00,2026-03-16 11:54:00
ORD100401,CUST02268,Kochi,Mumbai,Surat,Pending,Ekart,Kavya Kapoor,2026-06-07 13:41:00,
ORD100507,CUST01302,Coimbatore,Jaipur,Ahmedabad,Delayed,BlueDart,Rahul Bose,2026-04-16 13:55:00,
ORD100412,CUST01757,Ahmedabad,Surat,Pune,Pending,Ekart,Reyansh Agarwal,2026-05-21 20:11:00,
ORD100700,CUST04366,Ahmedabad,Chandigarh,Chandigarh,Delivered,Shadowfax,Divya Mehta,2026-04-08 02:10:00,2026-04-08 02:10:00
ORD102003,CUST02512,Bengaluru,Hyderabad,Surat,Out for Delivery,Ekart,Priya Malhotra,2026-07-18 08:40:00,
ORD100866,CUST04256,Mumbai,Jaipur,Jaipur,Delivered,DTDC,Ira Kapoor,2026-09-25 22:41:00,2026-09-24 22:41:00
ORD100414,CUST03632,Delhi,Indore,Indore,Delivered,Ekart,Aadhya Pillai,2026-03-21 04:12:00,2026-03-21 04:12:00
ORD104719,CUST04706,Jaipur,Mumbai,Mumbai,Delivered,Xpressbees,Pooja Agarwal,2026-08-20 16:50:00,2026-08-24 16:50:00
ORD100544,CUST03353,Indore,Coimbatore,Coimbatore,Delivered,Xpressbees,Krishna Patel,2026-06-10 17:52:00,2026-06-11 17:52:00
ORD100039,CUST01292,Coimbatore,Pune,Pune,Delivered,Shadowfax,Divya Sharma,2026-06-05 04:41:00,2026-06-04 04:41:00
ORD101157,CUST04639,Chandigarh,Kolkata,Kolkata,Delivered,Ekart,Ira Desai,2026-09-23 23:42:00,2026-09-22 23:42:00
ORD104956,CUST03150,Bengaluru,Indore,Indore,Delivered,BlueDart,Meera Iyer,2026-04-11 19:38:00,2026-04-12 19:38:00
ORD101264,CUST04936,Kolkata,Chennai,Chennai,Delivered,Xpressbees,Neha Bose,2026-04-13 01:05:00,2026-04-13 01:05:00
ORD100124,CUST03585,Delhi,Chennai,Chennai,Delivered,BlueDart,Riya Patel,2026-06-08 05:02:00,2026-06-08 05:02:00
ORD101279,CUST04258,Chandigarh,Indore,Surat,Picked Up,DTDC,Diya Nair,2026-03-15 04:55:00,
ORD103334,CUST04601,Indore,Lucknow,Lucknow,Delivered,Ekart,Ananya Bose,2026-07-23 04:17:00,2026-07-23 04:17:00
ORD104212,CUST03832,Indore,Delhi,Delhi,Delivered,Shadowfax,Sai Patel,2026-03-16 23:44:00,2026-03-16 23:44:00
ORD104387,CUST01030,Kolkata,Coimbatore,Coimbatore,Delayed,Xpressbees,Saanvi Sharma,2026-06-29 08:53:00,
ORD102768,CUST03190,Chennai,Bengaluru,Bengaluru,Delivered,Ekart,Ananya Kapoor,2026-06-12 19:47:00,2026-06-11 19:47:00
ORD101525,CUST01827,Ahmedabad,Surat,Surat,Delivered,Shadowfax,Meera Patel,2026-06-14 12:15:00,2026-06-13 12:15:00
ORD104739,CUST03786,Surat,Chennai,Hyderabad,Picked Up,BlueDart,Aditya Kumar,2026-04-04 17:31:00,
ORD101723,CUST03130,Ahmedabad,Indore,Indore,Delivered,Delhivery,Aarav Shetty,2026-03-26 15:13:00,2026-03-28 15:13:00
ORD103699,CUST02815,Mumbai,Indore,Indore,Delivered,Xpressbees,Arjun Pillai,2026-08-26 19:29:00,2026-08-30 19:29:00
ORD101603,CUST02250,Chandigarh,Mumbai,Jaipur,Returned to Sender,Shadowfax,Rahul Shetty,2026-03-21 04:59:00,
ORD100521,CUST00780,Bengaluru,Chandigarh,Delhi,Returned to Sender,Xpressbees,Rajesh Shetty,2026-05-28 22:49:00,
ORD104191,CUST01463,Mumbai,Bengaluru,Bengaluru,Delivered,Xpressbees,Aditya Nair,2026-07-18 15:25:00,2026-07-17 15:25:00
ORD102652,CUST04440,Chennai,Kolkata,Hyderabad,Pending,BlueDart,Sneha Pillai,2026-09-24 19:21:00,
ORD102487,CUST01285,Mumbai,Nagpur,Nagpur,Delivered,Shadowfax,Sai Chatterjee,2026-07-10 17:52:00,2026-07-10 17:52:00
ORD100014,CUST02430,Bengaluru,Mumbai,Mumbai,Delivered,Shadowfax,Divya Patel,2026-09-01 01:21:00,2026-09-03 01:21:00
ORD102733,CUST00335,Indore,Mumbai,Indore,Picked Up,Shadowfax,Rajesh Sharma,2026-02-20 08:11:00,
ORD103431,CUST04587,Indore,Hyderabad,Jaipur,Picked Up,DTDC,Ananya Kapoor,2026-09-23 09:39:00,
ORD102281,CUST04629,Chandigarh,Pune,Bengaluru,Returned to Sender,BlueDart,Vikram Mehta,2026-03-11 22:22:00,
ORD104288,CUST00218,Ahmedabad,Nagpur,Nagpur,Delivered,Ekart,Vihaan Patel,2026-04-07 05:40:00,2026-04-06 05:40:00
ORD102194,CUST00806,Mumbai,Chennai,Jaipur,Returned to Sender,Delhivery,Ira Malhotra,2026-05-09 12:25:00,
ORD101811,CUST00740,Mumbai,Surat,Surat,Delivered,Shadowfax,Sneha Agarwal,2026-04-29 11:00:00,2026-04-29 11:00:00
ORD102636,CUST01471,Hyderabad,Delhi,Surat,Returned to Sender,Ekart,Meera Bose,2026-06-12 22:09:00,
ORD103704,CUST03096,Jaipur,Chennai,Chennai,Delivered,DTDC,Neha Rao,2026-04-13 07:36:00,2026-04-13 07:36:00
ORD104345,CUST01703,Hyderabad,Bengaluru,Bengaluru,Delivered,BlueDart,Diya Pillai,2026-06-06 05:24:00,2026-06-10 05:24:00
ORD104498,CUST00921,Jaipur,Chennai,Chennai,Delivered,Xpressbees,Pooja Chatterjee,2026-09-16 03:26:00,2026-09-16 03:26:00
ORD100351,CUST02852,Hyderabad,Pune,Delhi,Delayed,Shadowfax,Amit Reddy,2026-02-14 18:41:00,
ORD103489,CUST01157,Lucknow,Surat,Coimbatore,In Transit,Shadowfax,Riya Patel,2026-02-02 01:56:00,
ORD101728,CUST03409,Chennai,Chandigarh,Surat,Picked Up,Xpressbees,Ishaan Bose,2026-09-15 06:59:00,
ORD102694,CUST04480,Hyderabad,Ahmedabad,Hyderabad,Out for Delivery,Delhivery,Vivaan Verma,2026-08-09 06:27:00,
ORD101429,CUST00581,Kochi,Lucknow,Lucknow,Delivered,Delhivery,Rajesh Pillai,2026-02-08 22:00:00,2026-02-08 22:00:00
ORD100631,CUST03236,Pune,Surat,Mumbai,Pending,Ekart,Sneha Nair,2026-08-15 00:51:00,
ORD103670,CUST00094,Surat,Lucknow,Coimbatore,Returned to Sender,Delhivery,Myra Malhotra,2026-06-26 12:54:00,
ORD100820,CUST00197,Kolkata,Chennai,Chennai,Delivered,DTDC,Diya Kumar,2026-02-04 23:12:00,2026-02-03 23:12:00
ORD104180,CUST01174,Ahmedabad,Bengaluru,Indore,Returned to Sender,Shadowfax,Arjun Malhotra,2026-05-28 00:43:00,
ORD101614,CUST04150,Bengaluru,Hyderabad,Hyderabad,Delivered,DTDC,Meera Rao,2026-06-13 16:33:00,2026-06-14 16:33:00
ORD104297,CUST03122,Surat,Coimbatore,Indore,Returned to Sender,DTDC,Reyansh Mehta,2026-09-19 12:48:00,
ORD103299,CUST00527,Surat,Delhi,Delhi,Picked Up,DTDC,Kavya Singh,2026-06-17 09:03:00,
ORD104129,CUST00080,Lucknow,Coimbatore,Kochi,Delayed,Ekart,Krishna Reddy,2026-03-28 01:14:00,
ORD103338,CUST02092,Chennai,Lucknow,Ahmedabad,Pending,Xpressbees,Neha Iyer,2026-05-18 03:06:00,
ORD102015,CUST03998,Chennai,Surat,Surat,Delivered,Delhivery,Reyansh Nair,2026-05-10 09:28:00,2026-05-10 09:28:00
ORD102922,CUST03065,Kolkata,Ahmedabad,Jaipur,Out for Delivery,Delhivery,Ira Patel,2026-09-26 05:19:00,
ORD100609,CUST02779,Nagpur,Delhi,Delhi,Delivered,Xpressbees,Sai Chatterjee,2026-03-08 08:10:00,2026-03-07 08:10:00
ORD104471,CUST02390,Mumbai,Jaipur,Jaipur,Delivered,Shadowfax,Rahul Rao,2026-08-16 02:13:00,2026-08-18 02:13:00
ORD104194,CUST03514,Delhi,Bengaluru,Bengaluru,Delivered,Xpressbees,Pooja Chatterjee,2026-05-05 23:54:00,2026-05-04 23:54:00
ORD101162,CUST02193,Pune,Chandigarh,Chandigarh,Delivered,BlueDart,Riya Pillai,2026-07-05 09:34:00,2026-07-05 09:34:00
ORD102419,CUST03506,Mumbai,Coimbatore,Surat,Picked Up,DTDC,Myra Nair,2026-04-01 05:55:00,
ORD101680,CUST04729,Pune,Surat,Surat,Delivered,Shadowfax,Divya Singh,2026-08-10 00:13:00,2026-08-10 00:13:00
ORD101893,CUST00969,Chandigarh,Mumbai,Mumbai,Delivered,DTDC,Karan Kapoor,2026-02-08 21:20:00,2026-02-08 21:20:00
ORD103075,CUST04207,Kolkata,Hyderabad,Hyderabad,Delivered,DTDC,Pooja Mehta,2026-04-06 08:55:00,2026-04-10 08:55:00
ORD100302,CUST02768,Ahmedabad,Bengaluru,Bengaluru,Delivered,Delhivery,Pooja Pillai,2026-08-05 10:43:00,2026-08-05 10:43:00
ORD101311,CUST03063,Delhi,Kochi,Kochi,Delivered,Ekart,Aditya Bose,2026-07-22 02:38:00,2026-07-22 02:38:00
ORD103352,CUST01559,Lucknow,Pune,Coimbatore,Pending,Ekart,Sneha Gupta,2026-04-03 11:56:00,
ORD103574,CUST03277,Surat,Chennai,Pune,Delayed,DTDC,Krishna Sharma,2026-05-08 02:42:00,
ORD102791,CUST00471,Chandigarh,Coimbatore,Kolkata,Delayed,Delhivery,Meera Mehta,2026-06-16 15:36:00,
ORD102881,CUST03562,Chennai,Coimbatore,Chennai,Pending,Delhivery,Ira Patel,2026-02-22 03:53:00,
ORD101854,CUST01607,Pune,Chandigarh,Kochi,In Transit,Xpressbees,Diya Desai,2026-08-22 23:41:00,
ORD101471,CUST02788,Bengaluru,Mumbai,Surat,Pending,DTDC,Ira Sharma,2026-06-16 05:08:00,
ORD101338,CUST00120,Kochi,Hyderabad,Hyderabad,Delivered,DTDC,Rahul Kumar,2026-06-07 22:31:00,2026-06-07 22:31:00
ORD101435,CUST03852,Ahmedabad,Surat,Pune,Pending,DTDC,Karan Bose,2026-03-29 14:36:00,
ORD102582,CUST02033,Jaipur,Surat,Nagpur,Pending,Shadowfax,Ira Kapoor,2026-07-31 19:59:00,
ORD103663,CUST02310,Coimbatore,Kochi,Kochi,Delivered,DTDC,Rohan Desai,2026-02-21 05:01:00,2026-02-23 05:01:00
ORD101746,CUST02013,Indore,Kolkata,Kolkata,Delivered,DTDC,Saanvi Singh,2026-08-03 07:19:00,2026-08-03 07:19:00
ORD104798,CUST02532,Surat,Delhi,Kolkata,Out for Delivery,Ekart,Divya Mehta,2026-09-07 04:22:00,
ORD103312,CUST00945,Kochi,Kolkata,Chennai,Pending,Delhivery,Aditya Kumar,2026-09-10 02:14:00,
ORD100967,CUST03426,Hyderabad,Jaipur,Jaipur,Delivered,Xpressbees,Amit Sharma,2026-05-22 03:22:00,2026-05-22 03:22:00
ORD104923,CUST03993,Hyderabad,Delhi,Bengaluru,Returned to Sender,BlueDart,Ananya Reddy,2026-02-19 13:07:00,
ORD103728,CUST02577,Pune,Surat,Surat,Delivered,Ekart,Aarav Joshi,2026-07-28 03:55:00,2026-07-29 03:55:00
ORD104138,CUST02623,Hyderabad,Pune,Chennai,Pending,Shadowfax,Saanvi Joshi,2026-07-10 01:46:00,
ORD103054,CUST00908,Mumbai,Ahmedabad,Ahmedabad,Delivered,Xpressbees,Vikram Kumar,2026-08-23 05:51:00,2026-08-27 05:51:00
ORD101335,CUST00816,Kolkata,Indore,Nagpur,Delayed,Delhivery,Sneha Nair,2026-03-10 17:45:00,
ORD101661,CUST04898,Indore,Ahmedabad,Surat,Picked Up,Shadowfax,Aditya Desai,2026-05-04 16:43:00,
ORD103401,CUST02875,Kolkata,Delhi,Delhi,In Transit,Delhivery,Aditya Malhotra,2026-08-19 16:30:00,
ORD100208,CUST00049,Surat,Kolkata,Bengaluru,Delayed,Xpressbees,Rohan Shetty,2026-09-15 07:05:00,
ORD103094,CUST04475,Indore,Surat,Surat,Delivered,DTDC,Kavya Verma,2026-02-13 05:43:00,2026-02-12 05:43:00
ORD101238,CUST02230,Lucknow,Bengaluru,Pune,Pending,Shadowfax,Sai Bose,2026-08-12 09:26:00,
ORD101647,CUST01507,Kochi,Delhi,Delhi,Delivered,DTDC,Krishna Mehta,2026-04-14 02:28:00,2026-04-14 02:28:00
ORD100120,CUST03597,Indore,Coimbatore,Coimbatore,Delivered,Delhivery,Aarav Iyer,2026-10-02 18:16:00,2026-10-02 18:16:00
ORD102574,CUST03058,Coimbatore,Bengaluru,Lucknow,Pending,Shadowfax,Divya Patel,2026-08-23 14:14:00,
ORD100231,CUST04145,Nagpur,Chennai,Jaipur,Returned to Sender,Ekart,Reyansh Nair,2026-06-06 20:06:00,
ORD101568,CUST04735,Chandigarh,Jaipur,Jaipur,Delivered,Ekart,Aadhya Chatterjee,2026-03-01 05:32:00,2026-03-01 05:32:00
ORD101423,CUST04680,Mumbai,Surat,Chandigarh,In Transit,Delhivery,Ishaan Nair,2026-02-21 14:32:00,
ORD104302,CUST03578,Coimbatore,Nagpur,Nagpur,Delivered,Delhivery,Priya Kumar,2026-03-06 17:58:00,2026-03-06 17:58:00
ORD103855,CUST03693,Chandigarh,Kolkata,Delhi,Returned to Sender,Delhivery,Aarav Iyer,2026-08-12 03:21:00,
ORD104776,CUST00666,Coimbatore,Chandigarh,Chandigarh,Delayed,BlueDart,Karan Patel,2026-08-18 11:54:00,
ORD102949,CUST04864,Chennai,Pune,Pune,Delivered,Shadowfax,Vikram Bose,2026-03-29 06:54:00,2026-03-29 06:54:00
ORD103771,CUST04102,Mumbai,Delhi,Hyderabad,Delayed,BlueDart,Divya Joshi,2026-08-14 20:06:00,
ORD102870,CUST00782,Jaipur,Hyderabad,Delhi,Pending,BlueDart,Aadhya Mehta,2026-06-27 19:45:00,
ORD100271,CUST04100,Hyderabad,Kolkata,Chandigarh,Out for Delivery,DTDC,Anika Joshi,2026-08-16 14:11:00,
ORD100927,CUST02834,Kochi,Kolkata,Kolkata,Delivered,Delhivery,Vikram Singh,2026-04-07 21:48:00,2026-04-11 21:48:00
ORD100941,CUST01971,Mumbai,Delhi,Kolkata,In Transit,Ekart,Sai Kumar,2026-07-10 07:11:00,
ORD101326,CUST01891,Chennai,Coimbatore,Surat,Returned to Sender,Delhivery,Riya Agarwal,2026-03-31 20:04:00,
ORD103678,CUST02576,Pune,Kolkata,Kolkata,Delivered,Xpressbees,Myra Kumar,2026-09-27 02:10:00,2026-09-27 02:10:00
ORD101862,CUST04838,Hyderabad,Chennai,Chennai,Delivered,BlueDart,Myra Malhotra,2026-05-10 07:56:00,2026-05-10 07:56:00
ORD100068,CUST00123,Kochi,Lucknow,Mumbai,Out for Delivery,Shadowfax,Ananya Iyer,2026-04-25 12:31:00,
ORD100473,CUST04786,Delhi,Coimbatore,Coimbatore,Delivered,Delhivery,Myra Pillai,2026-06-24 20:30:00,2026-06-24 20:30:00
ORD103010,CUST01752,Lucknow,Nagpur,Nagpur,Delivered,BlueDart,Pooja Kapoor,2026-05-22 21:14:00,2026-05-22 21:14:00
ORD100238,CUST02411,Ahmedabad,Indore,Kolkata,Returned to Sender,DTDC,Riya Sharma,2026-04-06 09:09:00,
ORD102919,CUST04682,Chandigarh,Bengaluru,Delhi,Picked Up,Ekart,Ishaan Patel,2026-04-27 22:33:00,
ORD100534,CUST02766,Chennai,Bengaluru,Lucknow,Out for Delivery,DTDC,Krishna Shetty,2026-06-07 16:45:00,
ORD101622,CUST01318,Chandigarh,Delhi,Delhi,Delivered,DTDC,Pooja Rao,2026-02-04 17:05:00,2026-02-08 17:05:00
ORD104735,CUST02606,Kolkata,Nagpur,Nagpur,Pending,Delhivery,Reyansh Kapoor,2026-05-08 03:37:00,
ORD100139,CUST02496,Bengaluru,Lucknow,Lucknow,Delivered,BlueDart,Pooja Rao,2026-04-30 18:14:00,2026-04-30 18:14:00
ORD104436,CUST00837,Chandigarh,Mumbai,Mumbai,Delivered,BlueDart,Sai Chatterjee,2026-09-02 12:12:00,2026-09-02 12:12:00
ORD104847,CUST01375,Jaipur,Chennai,Indore,Out for Delivery,Delhivery,Vihaan Mehta,2026-06-23 14:42:00,
ORD101938,CUST02315,Pune,Surat,Surat,Delivered,Xpressbees,Ira Verma,2026-08-31 23:57:00,2026-09-02 23:57:00
ORD100495,CUST04719,Kochi,Lucknow,Delhi,Returned to Sender,Ekart,Sneha Nair,2026-07-12 09:58:00,
ORD104263,CUST00988,Coimbatore,Hyderabad,Kochi,In Transit,Ekart,Aarav Sharma,2026-08-01 23:48:00,
ORD100688,CUST02768,Hyderabad,Coimbatore,Surat,Picked Up,BlueDart,Krishna Verma,2026-09-28 07:19:00,
ORD103591,CUST01914,Bengaluru,Surat,Pune,Delayed,Xpressbees,Neha Desai,2026-03-01 19:14:00,
ORD104274,CUST03785,Mumbai,Chandigarh,Chennai,Delayed,Delhivery,Vivaan Joshi,2026-09-11 16:33:00,
ORD103319,CUST03006,Chandigarh,Bengaluru,Nagpur,In Transit,Xpressbees,Aditya Kapoor,2026-09-04 10:30:00,
ORD101993,CUST00561,Kochi,Surat,Indore,Returned to Sender,Xpressbees,Rahul Iyer,2026-05-23 18:19:00,
ORD100765,CUST00515,Nagpur,Delhi,Kolkata,Pending,BlueDart,Arjun Patel,2026-09-29 18:25:00,
ORD103028,CUST01803,Surat,Nagpur,Bengaluru,Picked Up,Shadowfax,Ira Gupta,2026-09-11 01:01:00,
ORD100673,CUST04459,Nagpur,Delhi,Delhi,Delivered,BlueDart,Neha Sharma,2026-02-15 14:19:00,2026-02-15 14:19:00
ORD100671,CUST03786,Bengaluru,Hyderabad,Ahmedabad,Pending,Ekart,Karan Malhotra,2026-03-22 16:57:00,
ORD101470,CUST02502,Chennai,Nagpur,Jaipur,Picked Up,Ekart,Krishna Malhotra,2026-08-31 21:57:00,
ORD101182,CUST04225,Surat,Pune,Mumbai,Returned to Sender,Ekart,Vihaan Sharma,2026-07-28 07:56:00,
ORD104600,CUST00316,Pune,Ahmedabad,Ahmedabad,Delivered,BlueDart,Krishna Verma,2026-06-10 00:36:00,2026-06-09 00:36:00
ORD101579,CUST02848,Kochi,Nagpur,Indore,Returned to Sender,Delhivery,Aarav Desai,2026-08-10 13:42:00,
ORD104807,CUST01726,Kochi,Delhi,Delhi,Delivered,BlueDart,Divya Pillai,2026-08-28 11:11:00,2026-08-28 11:11:00
ORD103890,CUST00113,Indore,Mumbai,Bengaluru,Delayed,Shadowfax,Aditya Iyer,2026-02-20 10:57:00,
ORD100992,CUST02708,Kolkata,Mumbai,Chennai,Returned to Sender,BlueDart,Vikram Desai,2026-03-28 03:14:00,
ORD100512,CUST03147,Hyderabad,Chandigarh,Nagpur,Picked Up,Ekart,Amit Kumar,2026-07-01 07:24:00,
ORD100188,CUST02042,Indore,Jaipur,Jaipur,Delivered,BlueDart,Ishaan Iyer,2026-06-16 00:49:00,2026-06-16 00:49:00
ORD103473,CUST00059,Nagpur,Hyderabad,Hyderabad,Delivered,Xpressbees,Amit Chatterjee,2026-07-25 14:01:00,2026-07-27 14:01:00
ORD103190,CUST00384,Coimbatore,Indore,Nagpur,In Transit,Ekart,Vihaan Verma,2026-03-06 18:37:00,
ORD100502,CUST03944,Mumbai,Coimbatore,Coimbatore,Delivered,Delhivery,Karan Nair,2026-09-26 16:06:00,2026-09-27 16:06:00
ORD103379,CUST03396,Chandigarh,Kolkata,Chennai,Returned to Sender,Delhivery,Ananya Singh,2026-02-22 01:41:00,
ORD101643,CUST02413,Jaipur,Bengaluru,Ahmedabad,Picked Up,Ekart,Arjun Bose,2026-04-21 06:33:00,
ORD102220,CUST04962,Chandigarh,Kolkata,Delhi,Out for Delivery,Shadowfax,Reyansh Pillai,2026-05-30 23:32:00,
ORD101528,CUST03503,Kochi,Coimbatore,Nagpur,Delayed,DTDC,Arjun Chatterjee,2026-06-14 10:38:00,
ORD102228,CUST03204,Kochi,Bengaluru,Bengaluru,Delivered,BlueDart,Rajesh Agarwal,2026-09-24 08:47:00,2026-09-23 08:47:00
ORD102616,CUST02475,Nagpur,Delhi,Delhi,Delivered,Xpressbees,Karan Chatterjee,2026-02-19 08:55:00,2026-02-23 08:55:00
ORD101468,CUST00436,Delhi,Coimbatore,Kolkata,Delayed,Ekart,Karan Bose,2026-07-02 13:28:00,
ORD101566,CUST02469,Pune,Surat,Ahmedabad,Out for Delivery,DTDC,Pooja Sharma,2026-09-13 22:07:00,
ORD103698,CUST04554,Mumbai,Lucknow,Lucknow,Delivered,Delhivery,Divya Singh,2026-06-27 12:24:00,2026-06-27 12:24:00
ORD104085,CUST00647,Kolkata,Lucknow,Nagpur,Returned to Sender,BlueDart,Pooja Malhotra,2026-06-21 16:54:00,
ORD102299,CUST02234,Kolkata,Indore,Indore,Delivered,Ekart,Karan Reddy,2026-09-22 18:43:00,2026-09-22 18:43:00
ORD100833,CUST01282,Jaipur,Ahmedabad,Ahmedabad,Delivered,BlueDart,Krishna Rao,2026-02-08 11:01:00,2026-02-08 11:01:00
ORD101595,CUST01830,Pune,Hyderabad,Indore,Picked Up,Shadowfax,Karan Kumar,2026-03-02 17:26:00,
ORD100555,CUST01947,Surat,Kolkata,Kolkata,Delivered,DTDC,Ishaan Chatterjee,2026-08-09 10:35:00,2026-08-08 10:35:00
ORD104262,CUST00566,Chandigarh,Coimbatore,Indore,Picked Up,Shadowfax,Diya Chatterjee,2026-06-06 22:53:00,
ORD100728,CUST04523,Kolkata,Lucknow,Bengaluru,In Transit,DTDC,Riya Reddy,2026-07-30 09:30:00,
ORD101337,CUST04691,Nagpur,Pune,Indore,Delayed,Shadowfax,Ananya Verma,2026-07-11 03:23:00,
ORD100598,CUST02026,Indore,Surat,Surat,Delivered,Shadowfax,Vivaan Rao,2026-09-24 07:19:00,2026-09-24 07:19:00
ORD103916,CUST03267,Kolkata,Hyderabad,Nagpur,Pending,Shadowfax,Divya Chatterjee,2026-06-23 02:21:00,
ORD103857,CUST01640,Hyderabad,Bengaluru,Bengaluru,Delivered,Xpressbees,Pooja Agarwal,2026-06-03 22:01:00,2026-06-03 22:01:00
ORD100386,CUST04609,Chandigarh,Surat,Surat,Delivered,Xpressbees,Anika Reddy,2026-05-20 08:21:00,2026-05-21 08:21:00
ORD103409,CUST00287,Chennai,Surat,Nagpur,Returned to Sender,BlueDart,Karan Desai,2026-02-20 22:36:00,
ORD100780,CUST04639,Pune,Hyderabad,Hyderabad,Delivered,Xpressbees,Ira Verma,2026-06-18 06:40:00,2026-06-22 06:40:00
ORD101494,CUST02084,Ahmedabad,Pune,Pune,Delivered,Xpressbees,Ira Chatterjee,2026-08-08 13:01:00,2026-08-09 13:01:00
ORD101915,CUST03801,Delhi,Pune,Pune,Pending,BlueDart,Neha Malhotra,2026-08-07 09:55:00,
ORD101243,CUST01150,Jaipur,Kolkata,Mumbai,Out for Delivery,Ekart,Amit Joshi,2026-05-07 16:25:00,
ORD100709,CUST04703,Jaipur,Pune,Pune,Delivered,BlueDart,Ira Iyer,2026-05-20 06:13:00,2026-05-24 06:13:00
ORD103955,CUST03482,Ahmedabad,Pune,Jaipur,Delayed,DTDC,Karan Patel,2026-09-17 08:41:00,
ORD101421,CUST00404,Indore,Nagpur,Indore,Pending,Xpressbees,Anika Sharma,2026-07-09 03:39:00,
ORD102409,CUST03956,Indore,Kochi,Kochi,Delivered,Delhivery,Sneha Nair,2026-07-11 08:54:00,2026-07-15 08:54:00
ORD100678,CUST02113,Lucknow,Pune,Lucknow,Pending,Shadowfax,Diya Nair,2026-09-09 21:28:00,
ORD104710,CUST00667,Ahmedabad,Kochi,Kochi,Delivered,Ekart,Rajesh Malhotra,2026-03-15 06:18:00,2026-03-19 06:18:00
ORD104047,CUST04851,Surat,Indore,Indore,Delivered,DTDC,Karan Kumar,2026-08-20 20:37:00,2026-08-24 20:37:00
ORD103648,CUST03282,Surat,Nagpur,Nagpur,Delivered,Ekart,Karan Malhotra,2026-06-08 19:39:00,2026-06-08 19:39:00
ORD103231,CUST03791,Pune,Ahmedabad,Chandigarh,Delayed,Xpressbees,Sneha Rao,2026-09-29 01:03:00,
ORD102040,CUST00089,Chennai,Indore,Mumbai,Out for Delivery,Xpressbees,Aditya Sharma,2026-07-31 14:13:00,
ORD101979,CUST02734,Chandigarh,Ahmedabad,Mumbai,Delayed,Delhivery,Rohan Joshi,2026-09-14 17:13:00,
ORD102316,CUST04393,Kolkata,Chennai,Chennai,Delivered,Xpressbees,Saanvi Gupta,2026-03-18 00:42:00,2026-03-19 00:42:00
ORD102181,CUST02877,Kochi,Chandigarh,Chandigarh,Delivered,Ekart,Krishna Kumar,2026-05-09 22:23:00,2026-05-09 22:23:00
ORD100584,CUST00028,Bengaluru,Jaipur,Chennai,In Transit,Ekart,Rajesh Mehta,2026-04-14 15:57:00,
ORD104892,CUST03237,Coimbatore,Kochi,Kochi,Delivered,Shadowfax,Ishaan Pillai,2026-05-26 05:11:00,2026-05-30 05:11:00
ORD104774,CUST04625,Chandigarh,Chennai,Indore,Delayed,Delhivery,Saanvi Chatterjee,2026-02-21 02:30:00,
ORD101173,CUST04745,Delhi,Pune,Pune,Delivered,Ekart,Vikram Pillai,2026-02-19 01:06:00,2026-02-19 01:06:00
ORD101027,CUST03398,Lucknow,Indore,Chennai,Delayed,Ekart,Ira Joshi,2026-06-17 21:15:00,
ORD101247,CUST02900,Hyderabad,Coimbatore,Delhi,Out for Delivery,Ekart,Priya Nair,2026-08-14 23:58:00,
ORD102443,CUST01060,Jaipur,Hyderabad,Nagpur,Out for Delivery,DTDC,Sneha Patel,2026-03-05 21:11:00,
ORD102583,CUST03861,Pune,Lucknow,Lucknow,Delivered,Xpressbees,Pooja Gupta,2026-03-22 04:46:00,2026-03-24 04:46:00
ORD104957,CUST04328,Mumbai,Indore,Indore,Delivered,Xpressbees,Aditya Sharma,2026-08-23 23:00:00,2026-08-27 23:00:00
ORD102287,CUST00675,Jaipur,Kochi,Lucknow,Picked Up,Delhivery,Anika Pillai,2026-06-22 23:39:00,
ORD103711,CUST03317,Lucknow,Kolkata,Pune,In Transit,BlueDart,Diya Rao,2026-08-21 05:13:00,
ORD102280,CUST02673,Nagpur,Delhi,Pune,In Transit,Shadowfax,Reyansh Sharma,2026-07-17 22:08:00,
ORD103041,CUST03775,Indore,Coimbatore,Indore,Pending,Delhivery,Pooja Nair,2026-08-08 22:00:00,
ORD100446,CUST01145,Pune,Jaipur,Jaipur,Delivered,DTDC,Vikram Singh,2026-04-14 03:07:00,2026-04-15 03:07:00
ORD101742,CUST04521,Chandigarh,Indore,Indore,Delivered,DTDC,Saanvi Kumar,2026-03-05 07:04:00,2026-03-05 07:04:00
ORD104086,CUST03899,Pune,Hyderabad,Nagpur,Delayed,Delhivery,Ananya Kapoor,2026-03-04 06:20:00,
ORD102910,CUST00547,Pune,Kolkata,Delhi,Out for Delivery,BlueDart,Reyansh Reddy,2026-04-02 06:04:00,
ORD103787,CUST04790,Chandigarh,Lucknow,Chandigarh,Out for Delivery,BlueDart,Sneha Reddy,2026-05-15 02:19:00,
ORD103883,CUST04423,Indore,Surat,Nagpur,Delayed,Ekart,Riya Reddy,2026-08-15 12:40:00,
ORD100722,CUST00830,Delhi,Pune,Pune,Delivered,Shadowfax,Myra Verma,2026-03-31 22:14:00,2026-03-30 22:14:00
ORD103518,CUST00708,Kochi,Ahmedabad,Kochi,Returned to Sender,Shadowfax,Ishaan Verma,2026-06-17 14:14:00,
ORD100848,CUST01738,Ahmedabad,Kolkata,Kolkata,Delivered,BlueDart,Rohan Kumar,2026-09-16 00:22:00,2026-09-15 00:22:00
ORD103724,CUST02465,Mumbai,Delhi,Delhi,Delivered,DTDC,Priya Verma,2026-03-08 09:12:00,2026-03-09 09:12:00
ORD103126,CUST03005,Chennai,Kolkata,Kolkata,Delivered,BlueDart,Saanvi Mehta,2026-02-05 22:59:00,2026-02-05 22:59:00
ORD104895,CUST03080,Mumbai,Ahmedabad,Ahmedabad,Delivered,BlueDart,Kavya Malhotra,2026-08-29 02:20:00,2026-09-02 02:20:00
ORD101174,CUST01416,Kolkata,Ahmedabad,Coimbatore,In Transit,Ekart,Anika Verma,2026-02-09 08:23:00,
ORD101842,CUST02368,Kochi,Kolkata,Ahmedabad,Pending,Delhivery,Vivaan Verma,2026-03-17 01:17:00,
ORD104266,CUST02353,Chandigarh,Mumbai,Mumbai,Delivered,Shadowfax,Sai Bose,2026-08-31 05:03:00,2026-08-30 05:03:00
ORD102020,CUST02402,Kochi,Kolkata,Nagpur,Picked Up,DTDC,Arjun Pillai,2026-07-19 13:12:00,
ORD103499,CUST01817,Ahmedabad,Indore,Kolkata,Returned to Sender,Shadowfax,Priya Joshi,2026-06-18 22:07:00,
ORD103417,CUST02144,Surat,Pune,Pune,Delivered,Shadowfax,Aditya Kumar,2026-09-25 08:20:00,2026-09-26 08:20:00
ORD101275,CUST02915,Jaipur,Lucknow,Lucknow,Delivered,Shadowfax,Ananya Verma,2026-09-02 14:49:00,2026-09-02 14:49:00
ORD102379,CUST02820,Chandigarh,Kolkata,Kolkata,Delivered,Shadowfax,Krishna Sharma,2026-05-21 09:32:00,2026-05-21 09:32:00
ORD104439,CUST01573,Surat,Ahmedabad,Ahmedabad,Out for Delivery,Xpressbees,Rohan Gupta,2026-02-18 01:29:00,
ORD102623,CUST04917,Delhi,Bengaluru,Bengaluru,Delivered,BlueDart,Priya Mehta,2026-03-12 12:39:00,2026-03-12 12:39:00
ORD101958,CUST00667,Chennai,Chandigarh,Lucknow,Out for Delivery,Delhivery,Neha Gupta,2026-03-28 15:30:00,
ORD101838,CUST02365,Coimbatore,Surat,Kolkata,Picked Up,Xpressbees,Saanvi Reddy,2026-05-18 00:24:00,
ORD103761,CUST00764,Mumbai,Coimbatore,Indore,Returned to Sender,Xpressbees,Arjun Joshi,2026-06-06 02:01:00,
ORD104524,CUST03303,Chennai,Chandigarh,Chandigarh,Delivered,Xpressbees,Vihaan Singh,2026-07-10 09:56:00,2026-07-10 09:56:00
ORD104123,CUST01358,Chennai,Lucknow,Lucknow,Delivered,Shadowfax,Vihaan Desai,2026-06-19 04:12:00,2026-06-19 04:12:00
ORD104984,CUST00664,Pune,Coimbatore,Coimbatore,Delivered,BlueDart,Karan Singh,2026-02-19 16:04:00,2026-02-19 16:04:00
ORD101095,CUST01975,Jaipur,Indore,Indore,Delivered,Ekart,Saanvi Sharma,2026-05-10 14:34:00,2026-05-11 14:34:00
ORD104069,CUST00295,Bengaluru,Kochi,Kochi,Delivered,Shadowfax,Ananya Patel,2026-08-12 14:24:00,2026-08-13 14:24:00
ORD100062,CUST04483,Hyderabad,Kolkata,Kolkata,Delivered,Shadowfax,Anika Joshi,2026-04-10 11:25:00,2026-04-10 11:25:00
ORD104769,CUST02821,Mumbai,Pune,Pune,Delivered,Xpressbees,Aarav Agarwal,2026-06-06 11:08:00,2026-06-05 11:08:00
ORD103588,CUST02086,Bengaluru,Jaipur,Jaipur,Delivered,Delhivery,Sai Rao,2026-06-27 23:06:00,2026-06-27 23:06:00
ORD100024,CUST03461,Pune,Delhi,Delhi,Delivered,Xpressbees,Divya Malhotra,2026-05-23 00:56:00,2026-05-23 00:56:00
ORD101012,CUST03524,Surat,Jaipur,Jaipur,Delivered,BlueDart,Riya Reddy,2026-06-16 02:27:00,2026-06-18 02:27:00
ORD104362,CUST02324,Surat,Hyderabad,Coimbatore,Returned to Sender,Xpressbees,Aadhya Desai,2026-07-16 18:51:00,
ORD101524,CUST04442,Mumbai,Lucknow,Chennai,Delayed,Shadowfax,Reyansh Shetty,2026-08-22 02:48:00,
ORD101965,CUST00025,Mumbai,Nagpur,Chennai,In Transit,BlueDart,Krishna Kapoor,2026-04-30 18:03:00,
ORD103373,CUST04174,Pune,Coimbatore,Coimbatore,Delivered,Shadowfax,Sai Joshi,2026-02-05 09:56:00,2026-02-04 09:56:00
ORD100879,CUST03179,Surat,Hyderabad,Hyderabad,Delivered,DTDC,Divya Rao,2026-09-07 23:07:00,2026-09-07 23:07:00
ORD102506,CUST03798,Chennai,Ahmedabad,Ahmedabad,Delivered,Xpressbees,Rohan Verma,2026-05-15 15:29:00,2026-05-14 15:29:00
ORD103813,CUST01079,Coimbatore,Surat,Surat,Delivered,Xpressbees,Neha Bose,2026-06-20 18:18:00,2026-06-19 18:18:00
ORD100422,CUST03177,Kolkata,Jaipur,Nagpur,Pending,Delhivery,Anika Iyer,2026-05-23 07:01:00,
ORD103720,CUST00964,Hyderabad,Chennai,Chennai,Returned to Sender,DTDC,Aarav Sharma,2026-06-07 22:56:00,
ORD103649,CUST04997,Coimbatore,Jaipur,Jaipur,Delivered,BlueDart,Sai Mehta,2026-06-15 16:02:00,2026-06-19 16:02:00
ORD103747,CUST00554,Bengaluru,Indore,Hyderabad,Out for Delivery,DTDC,Sai Kapoor,2026-06-18 09:56:00,
ORD100529,CUST04049,Ahmedabad,Chennai,Chennai,Delivered,Ekart,Ira Sharma,2026-03-29 09:01:00,2026-03-29 09:01:00
ORD104401,CUST04595,Bengaluru,Kochi,Delhi,Delayed,Ekart,Pooja Malhotra,2026-09-04 09:30:00,
ORD101831,CUST00640,Coimbatore,Delhi,Delhi,Delivered,Xpressbees,Ira Malhotra,2026-08-10 20:16:00,2026-08-09 20:16:00
ORD101289,CUST01046,Mumbai,Delhi,Delhi,Delivered,DTDC,Arjun Singh,2026-09-08 14:01:00,2026-09-07 14:01:00
ORD100153,CUST04325,Kolkata,Lucknow,Lucknow,Delivered,Delhivery,Ira Shetty,2026-02-22 06:52:00,2026-02-22 06:52:00
ORD100350,CUST00375,Chandigarh,Delhi,Delhi,Delivered,Delhivery,Rahul Shetty,2026-03-11 21:14:00,2026-03-15 21:14:00
ORD101060,CUST01019,Hyderabad,Nagpur,Lucknow,Returned to Sender,Xpressbees,Vivaan Verma,2026-04-18 22:02:00,
ORD100290,CUST04307,Delhi,Nagpur,Delhi,Out for Delivery,Delhivery,Pooja Shetty,2026-05-17 16:30:00,
ORD102362,CUST02295,Hyderabad,Delhi,Delhi,Delivered,Shadowfax,Rahul Chatterjee,2026-06-05 11:59:00,2026-06-05 11:59:00
ORD102821,CUST03156,Nagpur,Mumbai,Mumbai,Delivered,Xpressbees,Sai Kapoor,2026-05-29 02:36:00,2026-05-28 02:36:00
ORD100937,CUST03826,Kolkata,Indore,Indore,Delivered,Shadowfax,Reyansh Patel,2026-02-03 21:44:00,2026-02-02 21:44:00
ORD103527,CUST04046,Kolkata,Chandigarh,Chandigarh,Delivered,Shadowfax,Rahul Gupta,2026-03-04 14:14:00,2026-03-05 14:14:00
ORD101586,CUST03036,Bengaluru,Kochi,Chandigarh,Picked Up,DTDC,Rohan Patel,2026-02-28 03:30:00,
ORD101599,CUST04024,Pune,Hyderabad,Hyderabad,Delivered,Shadowfax,Anika Chatterjee,2026-04-09 14:12:00,2026-04-09 14:12:00
ORD100681,CUST03643,Bengaluru,Jaipur,Bengaluru,Picked Up,Delhivery,Rajesh Shetty,2026-09-20 07:56:00,
ORD101754,CUST01905,Pune,Lucknow,Lucknow,Delivered,Shadowfax,Arjun Shetty,2026-04-13 06:57:00,2026-04-15 06:57:00
ORD100773,CUST03430,Delhi,Chennai,Mumbai,Returned to Sender,BlueDart,Rajesh Gupta,2026-04-26 11:17:00,
ORD102414,CUST04455,Nagpur,Hyderabad,Lucknow,Returned to Sender,Shadowfax,Vivaan Kapoor,2026-05-15 15:34:00,
ORD100968,CUST00449,Surat,Hyderabad,Hyderabad,Delivered,Shadowfax,Priya Shetty,2026-09-06 03:19:00,2026-09-08 03:19:00
ORD102786,CUST00945,Ahmedabad,Kolkata,Chandigarh,Returned to Sender,Xpressbees,Pooja Desai,2026-04-25 06:07:00,
ORD100571,CUST02072,Chandigarh,Kolkata,Kolkata,Delivered,Ekart,Ishaan Verma,2026-09-29 16:04:00,2026-09-29 16:04:00
ORD102333,CUST03534,Kochi,Jaipur,Jaipur,Delivered,Xpressbees,Aadhya Patel,2026-04-11 10:17:00,2026-04-11 10:17:00
ORD103823,CUST04287,Ahmedabad,Surat,Surat,Delivered,BlueDart,Riya Reddy,2026-03-09 22:29:00,2026-03-10 22:29:00
ORD101284,CUST03910,Delhi,Chandigarh,Chandigarh,Delivered,BlueDart,Aadhya Reddy,2026-09-09 23:39:00,2026-09-10 23:39:00
ORD103811,CUST03575,Mumbai,Chennai,Chennai,Delivered,Xpressbees,Rajesh Iyer,2026-08-06 19:37:00,2026-08-07 19:37:00
ORD101085,CUST01227,Bengaluru,Coimbatore,Coimbatore,Delivered,BlueDart,Krishna Malhotra,2026-09-01 02:57:00,2026-08-31 02:57:00
ORD102331,CUST01737,Hyderabad,Surat,Surat,Delivered,Delhivery,Reyansh Nair,2026-02-03 18:57:00,2026-02-03 18:57:00
ORD104499,CUST02483,Ahmedabad,Chandigarh,Chandigarh,Delivered,Xpressbees,Priya Sharma,2026-06-11 04:04:00,2026-06-13 04:04:00
ORD103835,CUST03601,Chandigarh,Indore,Indore,Delivered,DTDC,Aditya Agarwal,2026-06-03 07:08:00,2026-06-04 07:08:00
ORD102396,CUST04405,Surat,Indore,Kolkata,In Transit,Shadowfax,Vihaan Kumar,2026-06-07 03:52:00,
ORD100130,CUST04517,Kolkata,Chennai,Chennai,Delivered,DTDC,Anika Agarwal,2026-03-21 14:17:00,2026-03-21 14:17:00
ORD103533,CUST01861,Bengaluru,Kochi,Kochi,Delivered,Shadowfax,Sneha Iyer,2026-07-22 06:26:00,2026-07-22 06:26:00
ORD103593,CUST00147,Hyderabad,Kochi,Kochi,Delivered,Shadowfax,Riya Nair,2026-09-06 22:46:00,2026-09-07 22:46:00
ORD101797,CUST02617,Mumbai,Kochi,Delhi,Out for Delivery,BlueDart,Reyansh Singh,2026-06-13 21:38:00,
ORD101211,CUST04403,Hyderabad,Delhi,Delhi,Delivered,Shadowfax,Vikram Verma,2026-02-21 18:06:00,2026-02-21 18:06:00
ORD100456,CUST02533,Chennai,Coimbatore,Coimbatore,In Transit,Shadowfax,Priya Reddy,2026-02-13 19:31:00,
ORD101974,CUST00124,Coimbatore,Delhi,Coimbatore,Out for Delivery,Shadowfax,Vivaan Gupta,2026-08-31 21:25:00,
ORD102066,CUST02733,Chandigarh,Pune,Mumbai,Pending,Shadowfax,Ananya Reddy,2026-09-28 10:12:00,
ORD103063,CUST00518,Coimbatore,Kolkata,Kolkata,Delivered,BlueDart,Vivaan Desai,2026-02-18 12:20:00,2026-02-17 12:20:00
ORD101779,CUST03882,Hyderabad,Kochi,Coimbatore,Out for Delivery,Shadowfax,Vikram Kumar,2026-09-23 13:35:00,
ORD102052,CUST03049,Bengaluru,Nagpur,Nagpur,Pending,Ekart,Riya Singh,2026-08-29 10:07:00,
ORD101128,CUST02126,Coimbatore,Kochi,Kochi,Out for Delivery,BlueDart,Amit Shetty,2026-07-10 01:10:00,
ORD102407,CUST04946,Surat,Lucknow,Lucknow,Delivered,DTDC,Vivaan Pillai,2026-07-23 12:48:00,2026-07-23 12:48:00
ORD101391,CUST01548,Chandigarh,Indore,Kolkata,Delayed,Ekart,Meera Singh,2026-05-02 08:13:00,
ORD100315,CUST01152,Kolkata,Bengaluru,Lucknow,Out for Delivery,DTDC,Myra Reddy,2026-02-09 00:37:00,
ORD102842,CUST00483,Kolkata,Mumbai,Mumbai,Delivered,Delhivery,Rahul Pillai,2026-09-23 03:55:00,2026-09-23 03:55:00
ORD104370,CUST01432,Lucknow,Kolkata,Kolkata,Delivered,BlueDart,Krishna Pillai,2026-04-26 16:51:00,2026-04-25 16:51:00
ORD100570,CUST00083,Chennai,Surat,Surat,Delivered,Xpressbees,Meera Patel,2026-07-23 10:57:00,2026-07-23 10:57:00
ORD101054,CUST01954,Kolkata,Nagpur,Chandigarh,Delayed,BlueDart,Saanvi Iyer,2026-05-27 14:40:00,
ORD101077,CUST02581,Chennai,Indore,Indore,Returned to Sender,Shadowfax,Ishaan Joshi,2026-09-10 08:14:00,
ORD103372,CUST03205,Pune,Nagpur,Jaipur,Picked Up,Delhivery,Saanvi Gupta,2026-07-30 14:58:00,
ORD102792,CUST04713,Nagpur,Surat,Coimbatore,Picked Up,BlueDart,Pooja Nair,2026-06-12 08:00:00,
ORD100603,CUST02534,Indore,Surat,Jaipur,Out for Delivery,Ekart,Rahul Gupta,2026-04-05 20:38:00,
ORD104563,CUST02026,Jaipur,Lucknow,Lucknow,Delivered,BlueDart,Neha Malhotra,2026-02-26 17:09:00,2026-02-26 17:09:00
ORD101068,CUST00674,Kochi,Chandigarh,Jaipur,Picked Up,Ekart,Sneha Patel,2026-08-10 14:01:00,
ORD102688,CUST03691,Surat,Jaipur,Chennai,Out for Delivery,DTDC,Diya Mehta,2026-03-15 06:41:00,
ORD103077,CUST03821,Indore,Coimbatore,Coimbatore,Delivered,Xpressbees,Anika Patel,2026-08-25 09:32:00,2026-08-25 09:32:00
ORD104742,CUST00325,Kolkata,Delhi,Kolkata,Returned to Sender,Delhivery,Krishna Nair,2026-06-21 06:27:00,
ORD101502,CUST00143,Hyderabad,Bengaluru,Kochi,Picked Up,BlueDart,Neha Nair,2026-09-01 07:06:00,
ORD103464,CUST01302,Nagpur,Mumbai,Mumbai,Delivered,BlueDart,Vikram Mehta,2026-03-04 20:16:00,2026-03-03 20:16:00
ORD102634,CUST00938,Ahmedabad,Mumbai,Hyderabad,Delayed,Shadowfax,Anika Reddy,2026-08-03 06:49:00,
ORD100826,CUST02822,Kolkata,Chandigarh,Chandigarh,Delivered,BlueDart,Sai Joshi,2026-08-26 15:51:00,2026-08-27 15:51:00
ORD102584,CUST01031,Chandigarh,Bengaluru,Indore,Pending,BlueDart,Ira Chatterjee,2026-04-30 08:11:00,
ORD101834,CUST03819,Coimbatore,Kolkata,Chennai,Picked Up,Ekart,Reyansh Verma,2026-03-13 11:51:00,
ORD104613,CUST03277,Coimbatore,Nagpur,Nagpur,Delivered,Shadowfax,Neha Malhotra,2026-03-08 23:35:00,2026-03-10 23:35:00
ORD102640,CUST02773,Bengaluru,Delhi,Delhi,Delivered,DTDC,Neha Desai,2026-06-13 17:00:00,2026-06-13 17:00:00
ORD100604,CUST04647,Jaipur,Hyderabad,Jaipur,Pending,Xpressbees,Aarav Malhotra,2026-03-06 19:51:00,
ORD104413,CUST04917,Mumbai,Pune,Ahmedabad,Out for Delivery,BlueDart,Divya Reddy,2026-08-08 05:59:00,
ORD101634,CUST00312,Surat,Ahmedabad,Ahmedabad,In Transit,DTDC,Amit Patel,2026-03-25 13:35:00,
ORD103691,CUST02754,Bengaluru,Kolkata,Kolkata,Delivered,Shadowfax,Diya Gupta,2026-03-23 17:26:00,2026-03-25 17:26:00
ORD101527,CUST03940,Kolkata,Chennai,Kochi,Pending,Shadowfax,Arjun Kapoor,2026-07-27 09:16:00,
ORD102917,CUST02464,Pune,Kolkata,Delhi,Returned to Sender,Ekart,Saanvi Pillai,2026-07-03 03:06:00,
ORD102923,CUST01186,Mumbai,Nagpur,Nagpur,Delivered,Ekart,Priya Nair,2026-09-08 01:12:00,2026-09-07 01:12:00
ORD100661,CUST04897,Kolkata,Nagpur,Nagpur,Delivered,Xpressbees,Saanvi Patel,2026-02-21 15:08:00,2026-02-25 15:08:00
ORD102304,CUST02183,Kolkata,Hyderabad,Hyderabad,Delivered,BlueDart,Ananya Reddy,2026-06-07 16:58:00,2026-06-07 16:58:00
ORD104394,CUST04992,Kolkata,Chandigarh,Hyderabad,Returned to Sender,Xpressbees,Divya Verma,2026-04-26 17:44:00,
ORD103646,CUST00636,Chennai,Coimbatore,Coimbatore,Delivered,Shadowfax,Reyansh Reddy,2026-08-27 11:06:00,2026-08-27 11:06:00
ORD104269,CUST03144,Kolkata,Kochi,Kochi,Delivered,Ekart,Rahul Malhotra,2026-09-24 13:31:00,2026-09-25 13:31:00
ORD103382,CUST04115,Bengaluru,Mumbai,Kolkata,Pending,Delhivery,Pooja Sharma,2026-07-28 20:46:00,
ORD102318,CUST02378,Nagpur,Hyderabad,Hyderabad,Delivered,Ekart,Riya Shetty,2026-05-29 20:06:00,2026-05-29 20:06:00
ORD100843,CUST02616,Pune,Jaipur,Jaipur,Picked Up,BlueDart,Rahul Kapoor,2026-04-02 14:16:00,
ORD101299,CUST02459,Hyderabad,Lucknow,Lucknow,Delivered,Shadowfax,Saanvi Verma,2026-09-02 04:08:00,2026-09-06 04:08:00
ORD101716,CUST04469,Hyderabad,Kochi,Kochi,Delivered,Xpressbees,Ishaan Iyer,2026-05-17 08:20:00,2026-05-18 08:20:00
ORD102271,CUST00065,Pune,Bengaluru,Chennai,Delayed,Shadowfax,Neha Joshi,2026-09-13 06:30:00,
ORD102873,CUST03686,Nagpur,Pune,Hyderabad,Delayed,Xpressbees,Reyansh Sharma,2026-03-08 22:11:00,
ORD104672,CUST01569,Indore,Nagpur,Nagpur,Delivered,Shadowfax,Ananya Patel,2026-09-08 22:30:00,2026-09-08 22:30:00
ORD104534,CUST03784,Jaipur,Nagpur,Surat,Picked Up,Shadowfax,Anika Desai,2026-05-29 23:04:00,
ORD100097,CUST00375,Mumbai,Pune,Chennai,Picked Up,Delhivery,Meera Chatterjee,2026-09-26 12:24:00,
ORD103858,CUST03440,Nagpur,Jaipur,Jaipur,Delivered,Xpressbees,Pooja Patel,2026-05-16 16:41:00,2026-05-16 16:41:00
ORD100126,CUST01282,Bengaluru,Chennai,Kochi,Pending,Shadowfax,Vihaan Kapoor,2026-03-16 06:04:00,
ORD100828,CUST03132,Mumbai,Chennai,Chennai,Delivered,Shadowfax,Pooja Patel,2026-08-03 23:12:00,2026-08-03 23:12:00
ORD104618,CUST02055,Surat,Chennai,Nagpur,In Transit,Ekart,Pooja Nair,2026-08-29 21:38:00,
ORD100696,CUST04377,Ahmedabad,Chandigarh,Chandigarh,Delivered,Shadowfax,Riya Gupta,2026-05-11 02:10:00,2026-05-13 02:10:00
ORD103257,CUST00625,Nagpur,Bengaluru,Kolkata,Out for Delivery,Shadowfax,Vihaan Sharma,2026-02-17 00:37:00,
ORD101236,CUST02537,Pune,Kolkata,Kolkata,Delivered,Delhivery,Amit Chatterjee,2026-04-21 01:55:00,2026-04-20 01:55:00
ORD101290,CUST02703,Kolkata,Coimbatore,Coimbatore,Picked Up,DTDC,Divya Bose,2026-04-15 16:20:00,
ORD103909,CUST01483,Delhi,Hyderabad,Chennai,Delayed,Delhivery,Amit Kapoor,2026-06-09 00:02:00,
ORD103584,CUST01431,Chandigarh,Pune,Pune,Delivered,Ekart,Meera Joshi,2026-04-28 00:25:00,2026-04-28 00:25:00
ORD102519,CUST01460,Bengaluru,Pune,Delhi,Delayed,Delhivery,Priya Bose,2026-08-30 08:38:00,
ORD101511,CUST04183,Indore,Chennai,Chennai,Delivered,Shadowfax,Myra Sharma,2026-08-16 14:52:00,2026-08-17 14:52:00
ORD100347,CUST02517,Kolkata,Jaipur,Jaipur,Delivered,BlueDart,Aditya Pillai,2026-06-05 16:55:00,2026-06-05 16:55:00
ORD100588,CUST04776,Bengaluru,Mumbai,Mumbai,Delivered,DTDC,Krishna Kapoor,2026-08-04 14:34:00,2026-08-04 14:34:00
ORD102428,CUST00216,Mumbai,Chennai,Ahmedabad,Delayed,DTDC,Vihaan Reddy,2026-06-06 10:20:00,
ORD100283,CUST02773,Pune,Jaipur,Kolkata,Pending,Shadowfax,Priya Nair,2026-09-18 13:07:00,
ORD103435,CUST01050,Pune,Delhi,Delhi,Delivered,BlueDart,Rahul Verma,2026-03-15 05:49:00,2026-03-17 05:49:00
ORD103940,CUST00668,Lucknow,Chandigarh,Chandigarh,Delivered,Delhivery,Ira Shetty,2026-04-21 20:42:00,2026-04-20 20:42:00
ORD100933,CUST02673,Hyderabad,Pune,Pune,In Transit,BlueDart,Aarav Desai,2026-06-29 13:42:00,
ORD100653,CUST03186,Nagpur,Kochi,Lucknow,Out for Delivery,Shadowfax,Divya Kumar,2026-04-19 15:32:00,
ORD100243,CUST03367,Kochi,Ahmedabad,Jaipur,In Transit,DTDC,Sai Gupta,2026-04-01 05:37:00,
ORD103151,CUST01578,Lucknow,Coimbatore,Coimbatore,Picked Up,Delhivery,Rajesh Singh,2026-08-09 00:17:00,
ORD101851,CUST00809,Chennai,Chandigarh,Kochi,In Transit,Shadowfax,Vikram Kumar,2026-06-29 03:41:00,
ORD102755,CUST03283,Nagpur,Pune,Pune,Delivered,Delhivery,Sai Chatterjee,2026-05-29 12:26:00,2026-05-30 12:26:00
ORD101818,CUST04486,Nagpur,Surat,Surat,Delivered,Delhivery,Rajesh Malhotra,2026-08-13 01:02:00,2026-08-17 01:02:00
ORD101242,CUST01711,Chandigarh,Jaipur,Jaipur,Delivered,Ekart,Sneha Kapoor,2026-06-15 15:51:00,2026-06-16 15:51:00
ORD102339,CUST01784,Hyderabad,Jaipur,Jaipur,Delivered,DTDC,Ishaan Joshi,2026-06-06 19:37:00,2026-06-07 19:37:00
ORD100774,CUST00834,Indore,Mumbai,Mumbai,Delivered,Delhivery,Rohan Reddy,2026-02-14 11:27:00,2026-02-15 11:27:00
ORD101179,CUST04646,Delhi,Chennai,Chennai,Picked Up,Xpressbees,Aditya Gupta,2026-08-13 23:29:00,
ORD102226,CUST01241,Coimbatore,Mumbai,Kolkata,Out for Delivery,Delhivery,Karan Agarwal,2026-09-01 22:42:00,
ORD103400,CUST03355,Chandigarh,Indore,Indore,Delivered,Delhivery,Rahul Nair,2026-03-13 19:33:00,2026-03-13 19:33:00
ORD104822,CUST04735,Delhi,Jaipur,Jaipur,Delivered,DTDC,Ishaan Singh,2026-02-18 10:59:00,2026-02-18 10:59:00
ORD100733,CUST00137,Delhi,Nagpur,Nagpur,Delivered,DTDC,Karan Mehta,2026-06-04 02:40:00,2026-06-05 02:40:00
ORD104340,CUST00580,Chennai,Kochi,Kochi,Delivered,Xpressbees,Rajesh Desai,2026-08-09 03:11:00,2026-08-09 03:11:00
ORD101205,CUST02720,Chennai,Delhi,Delhi,Delivered,Shadowfax,Vivaan Bose,2026-07-19 19:00:00,2026-07-21 19:00:00
ORD104151,CUST00864,Ahmedabad,Chennai,Chennai,Delivered,BlueDart,Sai Bose,2026-03-26 21:03:00,2026-03-30 21:03:00
ORD102777,CUST02759,Chennai,Delhi,Ahmedabad,Pending,Xpressbees,Vivaan Kapoor,2026-03-02 11:10:00,
ORD100878,CUST03080,Kochi,Kolkata,Kolkata,Delivered,BlueDart,Ananya Mehta,2026-07-23 10:36:00,2026-07-23 10:36:00
ORD100870,CUST01864,Lucknow,Chandigarh,Chandigarh,Delivered,DTDC,Vikram Pillai,2026-08-29 02:39:00,2026-09-02 02:39:00
ORD102127,CUST04199,Pune,Delhi,Kolkata,Pending,Ekart,Neha Patel,2026-07-14 04:05:00,
ORD102654,CUST00463,Jaipur,Pune,Chennai,Out for Delivery,Ekart,Myra Agarwal,2026-05-06 03:47:00,
ORD101136,CUST04439,Kochi,Chennai,Chennai,Delivered,DTDC,Pooja Patel,2026-07-26 17:33:00,2026-07-27 17:33:00
ORD103211,CUST01885,Surat,Jaipur,Kochi,Picked Up,Shadowfax,Myra Joshi,2026-05-30 00:44:00,
ORD103657,CUST04771,Surat,Chennai,Nagpur,In Transit,Xpressbees,Arjun Sharma,2026-08-10 10:29:00,
ORD104171,CUST01871,Kochi,Indore,Indore,Delivered,Delhivery,Aarav Iyer,2026-07-04 09:34:00,2026-07-04 09:34:00
ORD100854,CUST00240,Kolkata,Chennai,Jaipur,Out for Delivery,Ekart,Aadhya Desai,2026-08-02 01:15:00,
ORD103152,CUST02914,Nagpur,Bengaluru,Bengaluru,Delivered,Delhivery,Karan Mehta,2026-09-20 23:48:00,2026-09-22 23:48:00
ORD103964,CUST04165,Chennai,Jaipur,Surat,Delayed,Delhivery,Krishna Nair,2026-04-08 19:08:00,
ORD104713,CUST04219,Kochi,Bengaluru,Bengaluru,Delivered,Shadowfax,Pooja Sharma,2026-02-21 06:41:00,2026-02-22 06:41:00
ORD100874,CUST03445,Jaipur,Surat,Surat,Delivered,Delhivery,Ishaan Joshi,2026-07-07 06:10:00,2026-07-11 06:10:00
ORD104812,CUST01858,Mumbai,Ahmedabad,Ahmedabad,Delivered,BlueDart,Aadhya Reddy,2026-06-28 16:23:00,2026-06-28 16:23:00
ORD101950,CUST02015,Pune,Kochi,Kochi,Delivered,Ekart,Amit Singh,2026-07-17 10:06:00,2026-07-19 10:06:00
ORD102410,CUST02607,Bengaluru,Chennai,Kochi,Out for Delivery,Delhivery,Ishaan Kapoor,2026-05-14 19:11:00,
ORD101221,CUST01298,Chennai,Bengaluru,Surat,Returned to Sender,Shadowfax,Ananya Bose,2026-03-23 05:35:00,
ORD100382,CUST04823,Surat,Delhi,Chandigarh,Returned to Sender,DTDC,Neha Bose,2026-05-25 10:25:00,
ORD100686,CUST04369,Kochi,Indore,Delhi,Delayed,Shadowfax,Krishna Mehta,2026-09-14 20:53:00,
ORD101104,CUST04203,Hyderabad,Ahmedabad,Ahmedabad,Delivered,DTDC,Vihaan Malhotra,2026-09-09 07:26:00,2026-09-09 07:26:00
ORD100173,CUST04242,Indore,Coimbatore,Coimbatore,Delivered,Delhivery,Meera Reddy,2026-02-15 14:02:00,2026-02-15 14:02:00
ORD101506,CUST01735,Pune,Surat,Jaipur,Returned to Sender,Ekart,Reyansh Desai,2026-06-29 09:03:00,
ORD101671,CUST00088,Chennai,Jaipur,Jaipur,Delivered,Shadowfax,Vikram Shetty,2026-09-11 16:17:00,2026-09-11 16:17:00
ORD102800,CUST04959,Nagpur,Jaipur,Jaipur,Delivered,DTDC,Ishaan Desai,2026-03-30 01:33:00,2026-03-29 01:33:00
ORD104589,CUST04453,Pune,Jaipur,Jaipur,Delivered,Xpressbees,Karan Patel,2026-08-27 17:56:00,2026-08-29 17:56:00
ORD103742,CUST04288,Mumbai,Delhi,Delhi,Delivered,Xpressbees,Pooja Kumar,2026-02-11 17:51:00,2026-02-12 17:51:00
ORD101959,CUST03768,Bengaluru,Hyderabad,Bengaluru,In Transit,DTDC,Kavya Shetty,2026-09-27 21:51:00,
ORD103893,CUST03872,Chandigarh,Kolkata,Kolkata,Delivered,Xpressbees,Pooja Joshi,2026-08-10 16:52:00,2026-08-09 16:52:00
ORD104164,CUST00888,Delhi,Ahmedabad,Kolkata,Returned to Sender,Ekart,Priya Kumar,2026-07-26 13:00:00,
ORD100829,CUST01952,Indore,Pune,Lucknow,Picked Up,Delhivery,Anika Sharma,2026-05-09 01:32:00,
ORD100180,CUST00690,Chandigarh,Delhi,Kolkata,Out for Delivery,Delhivery,Aditya Iyer,2026-03-11 03:43:00,
ORD103692,CUST01983,Nagpur,Jaipur,Jaipur,Delivered,BlueDart,Rohan Reddy,2026-02-04 21:41:00,2026-02-03 21:41:00
ORD103867,CUST04911,Chennai,Bengaluru,Bengaluru,Delivered,Delhivery,Amit Chatterjee,2026-05-09 00:24:00,2026-05-09 00:24:00
ORD102970,CUST04191,Kolkata,Lucknow,Bengaluru,Delayed,BlueDart,Priya Kumar,2026-04-16 23:55:00,
ORD100626,CUST04618,Chennai,Surat,Surat,Delivered,DTDC,Riya Kumar,2026-06-06 04:59:00,2026-06-07 04:59:00
ORD100071,CUST01824,Chennai,Chandigarh,Chandigarh,Delivered,Shadowfax,Vivaan Verma,2026-07-02 21:20:00,2026-07-02 21:20:00
ORD100459,CUST01402,Ahmedabad,Indore,Delhi,Pending,Delhivery,Pooja Singh,2026-05-01 21:20:00,
ORD101322,CUST02423,Surat,Chandigarh,Chandigarh,Delivered,BlueDart,Aditya Mehta,2026-08-28 22:13:00,2026-08-28 22:13:00
ORD101099,CUST02152,Nagpur,Ahmedabad,Ahmedabad,Delivered,DTDC,Rahul Iyer,2026-09-08 21:27:00,2026-09-07 21:27:00
ORD104660,CUST02075,Coimbatore,Delhi,Delhi,Delivered,BlueDart,Meera Nair,2026-04-14 08:33:00,2026-04-14 08:33:00
ORD102305,CUST03657,Jaipur,Delhi,Mumbai,In Transit,Delhivery,Kavya Kapoor,2026-05-08 23:39:00,
ORD104050,CUST02675,Coimbatore,Chandigarh,Chandigarh,Delivered,DTDC,Rohan Singh,2026-04-26 16:05:00,2026-04-25 16:05:00
ORD102619,CUST00423,Bengaluru,Jaipur,Jaipur,Delivered,Ekart,Saanvi Nair,2026-08-03 16:10:00,2026-08-03 16:10:00
ORD101425,CUST00249,Nagpur,Hyderabad,Bengaluru,Delayed,BlueDart,Aditya Sharma,2026-06-27 01:42:00,
ORD103520,CUST04220,Surat,Delhi,Mumbai,Picked Up,Xpressbees,Meera Malhotra,2026-09-22 04:59:00,
ORD100223,CUST04257,Nagpur,Delhi,Bengaluru,Delayed,DTDC,Krishna Mehta,2026-04-14 06:11:00,
ORD100613,CUST01213,Coimbatore,Indore,Indore,Delivered,Shadowfax,Neha Nair,2026-03-05 10:00:00,2026-03-04 10:00:00
ORD102651,CUST01813,Nagpur,Hyderabad,Coimbatore,Picked Up,Shadowfax,Sneha Bose,2026-03-13 21:55:00,
ORD102016,CUST01017,Surat,Chennai,Chennai,Delivered,DTDC,Ishaan Shetty,2026-05-07 10:29:00,2026-05-11 10:29:00
ORD104128,CUST00016,Kolkata,Chandigarh,Kochi,Returned to Sender,Delhivery,Divya Nair,2026-09-12 21:39:00,
ORD102958,CUST02273,Chennai,Chandigarh,Chandigarh,Delivered,Shadowfax,Divya Bose,2026-09-19 10:29:00,2026-09-23 10:29:00
ORD104311,CUST01031,Chandigarh,Nagpur,Nagpur,Delivered,Shadowfax,Krishna Agarwal,2026-06-21 09:07:00,2026-06-23 09:07:00
ORD101225,CUST01982,Coimbatore,Hyderabad,Hyderabad,Delivered,Delhivery,Vivaan Joshi,2026-04-25 09:40:00,2026-04-25 09:40:00
ORD100956,CUST00634,Bengaluru,Lucknow,Jaipur,Returned to Sender,Delhivery,Saanvi Kapoor,2026-04-21 18:13:00,
ORD104754,CUST01898,Lucknow,Chennai,Delhi,In Transit,Delhivery,Ira Malhotra,2026-02-03 20:19:00,
ORD100260,CUST01920,Ahmedabad,Indore,Indore,Delivered,Xpressbees,Pooja Joshi,2026-07-13 11:31:00,2026-07-13 11:31:00
ORD104475,CUST03532,Hyderabad,Delhi,Delhi,Delivered,Xpressbees,Aarav Malhotra,2026-03-22 20:59:00,2026-03-23 20:59:00
ORD100492,CUST04470,Indore,Bengaluru,Bengaluru,Delivered,Ekart,Vikram Shetty,2026-06-19 13:53:00,2026-06-18 13:53:00
ORD103743,CUST01664,Chandigarh,Jaipur,Surat,Picked Up,DTDC,Amit Verma,2026-02-26 13:48:00,
ORD104750,CUST04427,Chandigarh,Coimbatore,Indore,Picked Up,Xpressbees,Divya Kapoor,2026-05-19 08:25:00,
ORD100463,CUST03359,Kolkata,Indore,Indore,Delivered,Xpressbees,Karan Shetty,2026-06-19 14:41:00,2026-06-21 14:41:00
ORD104206,CUST04682,Indore,Kolkata,Kolkata,Delivered,BlueDart,Anika Singh,2026-04-07 21:52:00,2026-04-07 21:52:00
ORD101573,CUST03234,Lucknow,Hyderabad,Chandigarh,Pending,Shadowfax,Priya Kapoor,2026-03-09 14:11:00,
ORD102930,CUST01779,Mumbai,Indore,Indore,Delivered,DTDC,Aadhya Joshi,2026-09-21 15:18:00,2026-09-21 15:18:00
ORD101125,CUST03820,Bengaluru,Kochi,Ahmedabad,Delayed,Shadowfax,Rohan Nair,2026-07-21 08:46:00,
ORD102675,CUST03899,Jaipur,Lucknow,Lucknow,Delivered,Shadowfax,Reyansh Iyer,2026-07-15 01:11:00,2026-07-16 01:11:00
ORD103962,CUST00665,Kolkata,Bengaluru,Bengaluru,Delivered,Delhivery,Sai Agarwal,2026-02-19 22:06:00,2026-02-19 22:06:00
ORD104378,CUST00195,Lucknow,Nagpur,Lucknow,Returned to Sender,Shadowfax,Krishna Gupta,2026-06-23 04:41:00,
ORD103006,CUST00045,Kolkata,Jaipur,Mumbai,Picked Up,BlueDart,Priya Desai,2026-02-23 01:47:00,
ORD103309,CUST03304,Chennai,Lucknow,Mumbai,Returned to Sender,Xpressbees,Priya Desai,2026-09-17 22:32:00,
ORD100032,CUST02673,Lucknow,Hyderabad,Hyderabad,Delivered,BlueDart,Amit Gupta,2026-06-13 10:29:00,2026-06-13 10:29:00
ORD100522,CUST02746,Kolkata,Delhi,Delhi,Picked Up,Xpressbees,Divya Gupta,2026-06-26 03:23:00,
ORD100381,CUST04363,Bengaluru,Indore,Pune,In Transit,Shadowfax,Divya Bose,2026-05-23 00:45:00,
ORD104087,CUST00187,Nagpur,Delhi,Delhi,Delivered,Ekart,Anika Kapoor,2026-09-06 13:02:00,2026-09-07 13:02:00
ORD104503,CUST04053,Hyderabad,Nagpur,Nagpur,Delayed,Xpressbees,Diya Shetty,2026-02-09 08:41:00,
ORD102309,CUST04511,Jaipur,Delhi,Delhi,Delivered,Shadowfax,Rahul Singh,2026-04-29 18:39:00,2026-04-29 18:39:00
ORD100087,CUST02708,Surat,Indore,Indore,Delivered,Xpressbees,Sai Patel,2026-05-10 01:38:00,2026-05-09 01:38:00
ORD102441,CUST02051,Kolkata,Indore,Indore,Delivered,Delhivery,Sai Pillai,2026-05-28 00:49:00,2026-05-29 00:49:00
ORD103350,CUST00715,Pune,Nagpur,Nagpur,Delivered,Delhivery,Myra Kapoor,2026-08-29 13:56:00,2026-08-28 13:56:00
ORD103672,CUST02539,Lucknow,Kolkata,Chandigarh,Returned to Sender,DTDC,Amit Patel,2026-03-10 16:20:00,
ORD101652,CUST00312,Kochi,Indore,Pune,Delayed,BlueDart,Sai Bose,2026-08-28 02:07:00,
ORD101298,CUST01528,Kolkata,Lucknow,Coimbatore,Picked Up,Shadowfax,Riya Bose,2026-08-01 23:18:00,
ORD100025,CUST01010,Jaipur,Mumbai,Kochi,Delayed,BlueDart,Vikram Gupta,2026-07-05 09:02:00,
ORD104209,CUST03219,Coimbatore,Kochi,Nagpur,Pending,DTDC,Ananya Malhotra,2026-05-24 15:12:00,
ORD100577,CUST04940,Hyderabad,Pune,Mumbai,Returned to Sender,Ekart,Priya Kapoor,2026-09-09 08:55:00,
ORD100628,CUST02222,Chandigarh,Jaipur,Chennai,In Transit,Delhivery,Aditya Singh,2026-05-20 05:04:00,
ORD103300,CUST01798,Lucknow,Chennai,Chennai,Delivered,Ekart,Aarav Verma,2026-08-31 05:32:00,2026-08-31 05:32:00
ORD104934,CUST02613,Surat,Delhi,Coimbatore,Pending,Ekart,Karan Desai,2026-07-15 10:40:00,
ORD102374,CUST01760,Delhi,Chandigarh,Chandigarh,Delivered,Xpressbees,Saanvi Sharma,2026-07-11 17:43:00,2026-07-15 17:43:00
ORD103553,CUST03790,Coimbatore,Kochi,Kochi,Delivered,Shadowfax,Vivaan Mehta,2026-09-19 01:07:00,2026-09-23 01:07:00
ORD102624,CUST00684,Indore,Kolkata,Hyderabad,Pending,DTDC,Krishna Desai,2026-09-25 20:47:00,
ORD101413,CUST01367,Indore,Nagpur,Nagpur,Delivered,Delhivery,Meera Malhotra,2026-04-24 03:24:00,2026-04-24 03:24:00
ORD103040,CUST04552,Lucknow,Ahmedabad,Hyderabad,Pending,Ekart,Priya Joshi,2026-02-09 07:43:00,
ORD103992,CUST02083,Mumbai,Lucknow,Lucknow,Delivered,BlueDart,Myra Desai,2026-09-25 14:57:00,2026-09-27 14:57:00
ORD104684,CUST00626,Ahmedabad,Lucknow,Nagpur,Picked Up,BlueDart,Amit Joshi,2026-04-07 17:39:00,
ORD100639,CUST04274,Kolkata,Delhi,Chandigarh,Out for Delivery,Xpressbees,Karan Pillai,2026-02-03 20:52:00,
ORD101971,CUST01372,Kolkata,Surat,Surat,Delivered,DTDC,Reyansh Verma,2026-08-05 23:51:00,2026-08-04 23:51:00
ORD104668,CUST00860,Bengaluru,Delhi,Delhi,Delivered,Shadowfax,Aditya Nair,2026-08-11 20:58:00,2026-08-12 20:58:00
ORD100451,CUST00457,Lucknow,Kochi,Bengaluru,Delayed,Delhivery,Priya Nair,2026-07-13 07:53:00,
ORD104755,CUST01366,Surat,Lucknow,Lucknow,Delivered,Ekart,Ishaan Kumar,2026-09-04 07:42:00,2026-09-04 07:42:00
ORD101373,CUST03393,Surat,Bengaluru,Coimbatore,Out for Delivery,DTDC,Rahul Gupta,2026-06-29 16:48:00,
ORD100614,CUST02884,Chandigarh,Mumbai,Delhi,Returned to Sender,Xpressbees,Krishna Nair,2026-04-16 06:04:00,
ORD101478,CUST02863,Delhi,Indore,Ahmedabad,In Transit,Ekart,Myra Iyer,2026-06-11 04:02:00,
ORD102185,CUST00322,Nagpur,Pune,Kolkata,Pending,Delhivery,Aadhya Reddy,2026-04-30 16:29:00,
ORD100128,CUST03208,Delhi,Hyderabad,Surat,Returned to Sender,Delhivery,Karan Iyer,2026-02-23 21:40:00,
ORD104190,CUST03437,Bengaluru,Chandigarh,Chandigarh,In Transit,Ekart,Diya Bose,2026-08-17 17:25:00,
ORD102498,CUST00127,Lucknow,Surat,Jaipur,Delayed,DTDC,Neha Nair,2026-03-04 14:17:00,
ORD100772,CUST04605,Mumbai,Indore,Indore,Delivered,Ekart,Ishaan Iyer,2026-02-10 10:49:00,2026-02-10 10:49:00
ORD101036,CUST02526,Bengaluru,Lucknow,Lucknow,Delivered,Xpressbees,Aditya Shetty,2026-09-01 20:44:00,2026-09-02 20:44:00
ORD103948,CUST01345,Coimbatore,Nagpur,Indore,Returned to Sender,Ekart,Pooja Agarwal,2026-09-22 16:32:00,
ORD102615,CUST04764,Nagpur,Surat,Surat,Delivered,DTDC,Meera Iyer,2026-05-31 20:08:00,2026-06-04 20:08:00
ORD103036,CUST01802,Chennai,Bengaluru,Bengaluru,Delivered,Delhivery,Riya Sharma,2026-02-04 19:07:00,2026-02-05 19:07:00
ORD104940,CUST01418,Indore,Lucknow,Lucknow,Returned to Sender,Ekart,Rohan Verma,2026-03-10 17:49:00,
ORD103624,CUST02940,Indore,Kolkata,Kolkata,Delivered,Shadowfax,Diya Gupta,2026-07-13 05:43:00,2026-07-13 05:43:00
ORD104666,CUST01875,Coimbatore,Kochi,Kochi,Delivered,DTDC,Vihaan Desai,2026-08-07 16:27:00,2026-08-11 16:27:00
ORD101010,CUST00385,Chennai,Hyderabad,Kolkata,Pending,Shadowfax,Aarav Verma,2026-04-26 11:38:00,
ORD104412,CUST00239,Coimbatore,Jaipur,Indore,Returned to Sender,Shadowfax,Arjun Bose,2026-08-14 23:59:00,
ORD104770,CUST03137,Kochi,Chandigarh,Chandigarh,Delivered,DTDC,Karan Verma,2026-09-27 10:15:00,2026-10-01 10:15:00
ORD104706,CUST04925,Pune,Delhi,Indore,Returned to Sender,Ekart,Vivaan Kumar,2026-09-25 22:09:00,
ORD102701,CUST04549,Coimbatore,Ahmedabad,Jaipur,Picked Up,Xpressbees,Amit Shetty,2026-02-27 19:45:00,
ORD102215,CUST04718,Mumbai,Nagpur,Nagpur,Delivered,Shadowfax,Arjun Patel,2026-04-20 02:37:00,2026-04-20 02:37:00
ORD104078,CUST03496,Delhi,Coimbatore,Coimbatore,Delivered,Xpressbees,Riya Singh,2026-05-30 21:29:00,2026-06-03 21:29:00
ORD103284,CUST02692,Lucknow,Coimbatore,Coimbatore,Delivered,DTDC,Anika Desai,2026-08-06 10:55:00,2026-08-08 10:55:00
ORD102822,CUST02722,Surat,Pune,Nagpur,Picked Up,Shadowfax,Krishna Malhotra,2026-05-25 16:37:00,
ORD101035,CUST03176,Lucknow,Pune,Chandigarh,Returned to Sender,Ekart,Rajesh Shetty,2026-05-31 22:36:00,
ORD102353,CUST02789,Surat,Ahmedabad,Ahmedabad,Delivered,Delhivery,Kavya Shetty,2026-07-05 09:56:00,2026-07-05 09:56:00
ORD101244,CUST01789,Bengaluru,Ahmedabad,Chennai,Out for Delivery,Ekart,Priya Kumar,2026-02-24 12:40:00,
ORD103157,CUST00537,Chennai,Nagpur,Nagpur,Delivered,BlueDart,Karan Patel,2026-03-24 22:27:00,2026-03-23 22:27:00
ORD103039,CUST01456,Chandigarh,Pune,Mumbai,Returned to Sender,BlueDart,Reyansh Sharma,2026-06-02 01:27:00,
ORD103582,CUST00263,Kochi,Nagpur,Nagpur,Delivered,Delhivery,Pooja Iyer,2026-04-16 01:00:00,2026-04-16 01:00:00
ORD101476,CUST03794,Hyderabad,Kochi,Kochi,Delivered,Ekart,Arjun Malhotra,2026-06-18 19:46:00,2026-06-19 19:46:00
ORD100449,CUST02085,Mumbai,Pune,Kochi,Delayed,Ekart,Krishna Nair,2026-05-01 18:30:00,
ORD103224,CUST04460,Surat,Pune,Nagpur,Delayed,Ekart,Amit Nair,2026-03-12 14:14:00,
ORD102841,CUST01441,Pune,Delhi,Delhi,Delivered,Xpressbees,Vivaan Gupta,2026-05-08 23:14:00,2026-05-12 23:14:00
ORD102456,CUST04585,Kochi,Surat,Surat,Delivered,DTDC,Krishna Agarwal,2026-06-08 20:01:00,2026-06-08 20:01:00
ORD100038,CUST01507,Lucknow,Ahmedabad,Ahmedabad,Delivered,Delhivery,Kavya Verma,2026-04-13 07:37:00,2026-04-13 07:37:00
ORD101675,CUST00822,Surat,Hyderabad,Hyderabad,Delivered,BlueDart,Priya Kapoor,2026-08-22 10:28:00,2026-08-26 10:28:00
ORD104014,CUST00037,Pune,Hyderabad,Hyderabad,Delivered,DTDC,Aadhya Iyer,2026-08-07 13:57:00,2026-08-07 13:57:00
ORD100751,CUST00389,Nagpur,Delhi,Lucknow,Picked Up,Ekart,Ananya Verma,2026-07-07 02:11:00,
ORD103244,CUST02100,Coimbatore,Indore,Indore,Delivered,Shadowfax,Vikram Shetty,2026-04-15 09:01:00,2026-04-15 09:01:00
ORD103198,CUST02838,Bengaluru,Hyderabad,Nagpur,Delayed,Ekart,Meera Gupta,2026-05-06 00:56:00,
ORD104728,CUST01481,Coimbatore,Kochi,Kochi,Delivered,BlueDart,Vihaan Mehta,2026-09-02 04:38:00,2026-09-01 04:38:00
ORD100969,CUST03358,Kolkata,Bengaluru,Bengaluru,Delivered,BlueDart,Rajesh Kapoor,2026-04-25 06:09:00,2026-04-29 06:09:00
ORD102961,CUST03874,Kolkata,Nagpur,Nagpur,Out for Delivery,Shadowfax,Kavya Malhotra,2026-03-11 23:11:00,
ORD103239,CUST04884,Pune,Nagpur,Hyderabad,Delayed,BlueDart,Myra Chatterjee,2026-09-14 11:13:00,
ORD104609,CUST02247,Indore,Jaipur,Jaipur,Delivered,Delhivery,Divya Kapoor,2026-06-17 08:06:00,2026-06-17 08:06:00
ORD103128,CUST02199,Pune,Surat,Surat,Delivered,Ekart,Divya Patel,2026-09-02 18:21:00,2026-09-01 18:21:00
ORD102559,CUST04180,Ahmedabad,Kolkata,Kochi,Delayed,Xpressbees,Aarav Iyer,2026-03-18 02:17:00,
ORD101395,CUST01411,Indore,Nagpur,Nagpur,Delivered,Ekart,Vikram Reddy,2026-02-17 14:12:00,2026-02-17 14:12:00
ORD101565,CUST01689,Coimbatore,Indore,Indore,Delivered,Shadowfax,Amit Gupta,2026-03-23 05:55:00,2026-03-24 05:55:00
ORD100931,CUST04019,Nagpur,Ahmedabad,Ahmedabad,Delivered,Shadowfax,Sneha Mehta,2026-07-10 12:51:00,2026-07-10 12:51:00
ORD104663,CUST03888,Pune,Jaipur,Indore,Delayed,Shadowfax,Ananya Gupta,2026-03-13 20:21:00,
ORD102292,CUST01373,Lucknow,Surat,Hyderabad,Returned to Sender,BlueDart,Priya Mehta,2026-03-27 18:05:00,
ORD104797,CUST03292,Lucknow,Surat,Surat,Delivered,Xpressbees,Aarav Kapoor,2026-04-12 02:20:00,2026-04-12 02:20:00
ORD103004,CUST01119,Surat,Jaipur,Jaipur,Delivered,DTDC,Rahul Patel,2026-04-20 00:01:00,2026-04-19 00:01:00
ORD104941,CUST00845,Kolkata,Kochi,Kochi,Delivered,Shadowfax,Saanvi Mehta,2026-04-18 06:18:00,2026-04-18 06:18:00
ORD103497,CUST01326,Chennai,Coimbatore,Hyderabad,Delayed,Ekart,Divya Mehta,2026-04-14 22:33:00,
ORD100192,CUST00011,Kolkata,Hyderabad,Jaipur,Out for Delivery,Xpressbees,Neha Sharma,2026-09-19 11:48:00,
ORD103498,CUST02770,Coimbatore,Ahmedabad,Mumbai,Returned to Sender,DTDC,Meera Gupta,2026-05-07 13:35:00,
ORD103488,CUST00945,Jaipur,Surat,Surat,Delivered,Ekart,Pooja Gupta,2026-09-07 00:49:00,2026-09-07 00:49:00
ORD102429,CUST02464,Coimbatore,Lucknow,Surat,Picked Up,Xpressbees,Anika Chatterjee,2026-02-16 14:56:00,
ORD103275,CUST03720,Chennai,Chandigarh,Lucknow,Delayed,Ekart,Reyansh Chatterjee,2026-04-26 23:26:00,
ORD102643,CUST02626,Nagpur,Kolkata,Kochi,Out for Delivery,BlueDart,Vikram Kapoor,2026-03-06 14:26:00,
ORD101658,CUST03833,Nagpur,Chennai,Kolkata,Pending,BlueDart,Sai Nair,2026-05-09 10:31:00,
ORD103317,CUST02643,Lucknow,Chandigarh,Hyderabad,Out for Delivery,BlueDart,Arjun Singh,2026-04-26 11:12:00,
ORD103967,CUST03277,Jaipur,Surat,Surat,Delivered,Xpressbees,Priya Kapoor,2026-01-30 17:57:00,2026-01-29 17:57:00
ORD101529,CUST01348,Ahmedabad,Delhi,Chennai,In Transit,Shadowfax,Saanvi Agarwal,2026-04-05 00:30:00,
ORD102806,CUST01763,Nagpur,Surat,Lucknow,Delayed,Delhivery,Kavya Desai,2026-07-13 10:24:00,
ORD103325,CUST03617,Kochi,Kolkata,Coimbatore,In Transit,Ekart,Meera Mehta,2026-03-05 09:28:00,
ORD100264,CUST00601,Surat,Pune,Pune,Delivered,Ekart,Riya Reddy,2026-02-04 09:09:00,2026-02-08 09:09:00
ORD102909,CUST00147,Mumbai,Bengaluru,Bengaluru,Delivered,Xpressbees,Kavya Agarwal,2026-05-10 09:21:00,2026-05-14 09:21:00
ORD101896,CUST04642,Kochi,Nagpur,Hyderabad,Picked Up,Delhivery,Vihaan Kapoor,2026-08-19 15:42:00,
ORD100305,CUST04173,Lucknow,Chennai,Chennai,Delivered,Shadowfax,Sai Reddy,2026-07-17 18:14:00,2026-07-19 18:14:00
ORD104427,CUST03559,Ahmedabad,Kolkata,Kolkata,Delivered,Shadowfax,Vivaan Kapoor,2026-09-06 06:10:00,2026-09-06 06:10:00
ORD102058,CUST00628,Hyderabad,Coimbatore,Jaipur,Picked Up,Delhivery,Reyansh Verma,2026-04-17 16:53:00,
ORD104966,CUST03648,Hyderabad,Ahmedabad,Ahmedabad,Delivered,Ekart,Vivaan Chatterjee,2026-07-26 11:29:00,2026-07-26 11:29:00
ORD101712,CUST00984,Ahmedabad,Indore,Delhi,Picked Up,Shadowfax,Kavya Reddy,2026-07-25 00:12:00,
ORD100428,CUST04412,Surat,Pune,Pune,Delivered,Ekart,Neha Malhotra,2026-09-16 11:26:00,2026-09-18 11:26:00
ORD104636,CUST01039,Chennai,Hyderabad,Hyderabad,Delivered,Delhivery,Amit Bose,2026-09-04 15:02:00,2026-09-04 15:02:00
ORD103166,CUST01740,Bengaluru,Chennai,Chennai,Delivered,Xpressbees,Sai Singh,2026-03-30 14:35:00,2026-03-30 14:35:00
ORD100237,CUST03955,Jaipur,Nagpur,Nagpur,Delivered,Ekart,Myra Kumar,2026-08-30 19:40:00,2026-09-01 19:40:00
ORD104527,CUST02843,Nagpur,Pune,Pune,Delivered,Shadowfax,Kavya Desai,2026-04-29 03:46:00,2026-04-28 03:46:00
ORD104385,CUST04734,Chandigarh,Bengaluru,Indore,Picked Up,Ekart,Diya Singh,2026-04-15 13:02:00,
ORD104612,CUST01782,Indore,Pune,Pune,Out for Delivery,Shadowfax,Amit Singh,2026-04-23 12:02:00,
ORD101407,CUST01465,Bengaluru,Chandigarh,Chandigarh,Delivered,Ekart,Aditya Iyer,2026-06-05 01:24:00,2026-06-05 01:24:00
ORD103194,CUST03171,Hyderabad,Kochi,Coimbatore,In Transit,BlueDart,Diya Iyer,2026-03-04 00:05:00,
ORD101715,CUST03234,Pune,Chandigarh,Jaipur,Out for Delivery,BlueDart,Krishna Kapoor,2026-06-25 03:28:00,
ORD103025,CUST00770,Chennai,Surat,Nagpur,In Transit,BlueDart,Reyansh Patel,2026-04-23 02:24:00,
ORD102131,CUST03274,Kolkata,Chandigarh,Bengaluru,Picked Up,Delhivery,Ananya Verma,2026-09-04 03:04:00,
ORD103913,CUST04211,Jaipur,Mumbai,Mumbai,Delivered,Delhivery,Ananya Sharma,2026-06-02 21:26:00,2026-06-04 21:26:00
ORD104753,CUST02324,Surat,Kochi,Pune,In Transit,Shadowfax,Pooja Patel,2026-08-31 22:39:00,
ORD104828,CUST03520,Lucknow,Chandigarh,Hyderabad,In Transit,BlueDart,Riya Iyer,2026-05-05 17:48:00,
ORD104869,CUST01211,Pune,Coimbatore,Surat,Out for Delivery,Xpressbees,Priya Patel,2026-09-18 11:20:00,
ORD101075,CUST02081,Nagpur,Delhi,Bengaluru,In Transit,Ekart,Rahul Shetty,2026-03-06 14:05:00,
ORD103048,CUST01940,Chennai,Lucknow,Lucknow,Delivered,Ekart,Ananya Verma,2026-08-17 22:07:00,2026-08-17 22:07:00
ORD101567,CUST04164,Ahmedabad,Surat,Surat,Delivered,Xpressbees,Arjun Bose,2026-08-11 23:26:00,2026-08-12 23:26:00
ORD101798,CUST03728,Hyderabad,Lucknow,Coimbatore,Out for Delivery,Delhivery,Rajesh Bose,2026-02-16 15:30:00,
ORD103230,CUST02924,Chennai,Jaipur,Jaipur,Delivered,Xpressbees,Karan Bose,2026-04-26 17:02:00,2026-04-30 17:02:00
ORD101747,CUST02081,Lucknow,Indore,Indore,Delivered,Delhivery,Sai Gupta,2026-09-27 00:37:00,2026-09-26 00:37:00
ORD104005,CUST04299,Surat,Mumbai,Bengaluru,Out for Delivery,Shadowfax,Aadhya Agarwal,2026-05-18 20:01:00,
ORD103748,CUST02211,Chandigarh,Jaipur,Jaipur,Returned to Sender,Delhivery,Neha Rao,2026-06-26 14:25:00,
ORD101017,CUST02077,Jaipur,Delhi,Delhi,Delivered,Delhivery,Ira Gupta,2026-07-11 16:34:00,2026-07-11 16:34:00
ORD100371,CUST00757,Ahmedabad,Chennai,Chandigarh,Pending,Xpressbees,Anika Sharma,2026-04-05 17:37:00,
ORD103581,CUST01603,Delhi,Hyderabad,Hyderabad,Delivered,DTDC,Sai Mehta,2026-02-28 01:05:00,2026-03-02 01:05:00
ORD102338,CUST01331,Indore,Delhi,Delhi,Delivered,Shadowfax,Karan Malhotra,2026-02-16 04:10:00,2026-02-20 04:10:00
ORD102569,CUST02300,Delhi,Bengaluru,Chandigarh,Returned to Sender,Delhivery,Sneha Kapoor,2026-03-08 07:09:00,
ORD101370,CUST04003,Coimbatore,Delhi,Delhi,Delivered,Delhivery,Ira Kapoor,2026-06-21 05:28:00,2026-06-20 05:28:00
ORD103007,CUST00674,Kolkata,Chandigarh,Kolkata,Delayed,Ekart,Amit Mehta,2026-09-09 16:16:00,
ORD104906,CUST03887,Coimbatore,Indore,Chennai,Delayed,BlueDart,Reyansh Agarwal,2026-09-19 17:35:00,
ORD101808,CUST00510,Kolkata,Ahmedabad,Surat,Picked Up,Delhivery,Vikram Verma,2026-04-21 22:28:00,
ORD100827,CUST03494,Ahmedabad,Delhi,Delhi,Delivered,DTDC,Karan Mehta,2026-09-13 08:39:00,2026-09-13 08:39:00
ORD102903,CUST00719,Kolkata,Ahmedabad,Ahmedabad,Delivered,BlueDart,Anika Gupta,2026-07-22 05:48:00,2026-07-22 05:48:00
ORD104917,CUST02425,Surat,Chennai,Chennai,Delivered,Shadowfax,Aditya Kumar,2026-07-20 10:51:00,2026-07-20 10:51:00
ORD104664,CUST00049,Jaipur,Surat,Bengaluru,Pending,Ekart,Ananya Patel,2026-05-16 11:12:00,
ORD103777,CUST02639,Kochi,Indore,Indore,Delivered,Shadowfax,Rajesh Agarwal,2026-08-09 02:54:00,2026-08-13 02:54:00
ORD102893,CUST01505,Coimbatore,Pune,Pune,Delivered,Shadowfax,Diya Patel,2026-05-14 22:45:00,2026-05-18 22:45:00
ORD104537,CUST04496,Chandigarh,Kolkata,Surat,Returned to Sender,Delhivery,Kavya Kumar,2026-05-29 15:30:00,
ORD104990,CUST02635,Chennai,Delhi,Hyderabad,Delayed,Delhivery,Anika Nair,2026-05-03 00:37:00,
ORD102503,CUST04600,Kolkata,Ahmedabad,Ahmedabad,Picked Up,BlueDart,Meera Gupta,2026-09-19 01:59:00,
ORD103179,CUST00329,Chennai,Delhi,Lucknow,Picked Up,DTDC,Karan Singh,2026-04-27 20:17:00,
ORD101074,CUST04372,Coimbatore,Mumbai,Hyderabad,Pending,Delhivery,Vivaan Bose,2026-08-11 17:48:00,
ORD101857,CUST02690,Hyderabad,Nagpur,Nagpur,Delivered,Delhivery,Myra Sharma,2026-05-25 08:36:00,2026-05-26 08:36:00
ORD101023,CUST00116,Coimbatore,Lucknow,Lucknow,Delivered,Shadowfax,Neha Nair,2026-06-08 22:28:00,2026-06-10 22:28:00
ORD102556,CUST00691,Surat,Jaipur,Jaipur,Delivered,Delhivery,Arjun Kapoor,2026-07-30 16:41:00,2026-08-03 16:41:00
ORD103703,CUST00831,Coimbatore,Ahmedabad,Coimbatore,Delayed,Shadowfax,Saanvi Bose,2026-04-12 20:42:00,
ORD102827,CUST03787,Indore,Surat,Surat,Delivered,Ekart,Aadhya Bose,2026-08-14 22:42:00,2026-08-16 22:42:00
ORD102782,CUST03528,Chandigarh,Nagpur,Nagpur,Delivered,Xpressbees,Diya Kumar,2026-06-29 20:29:00,2026-07-01 20:29:00
ORD101306,CUST03589,Coimbatore,Chennai,Chennai,Delivered,BlueDart,Saanvi Reddy,2026-04-12 14:53:00,2026-04-11 14:53:00
ORD103845,CUST03190,Chandigarh,Hyderabad,Kolkata,In Transit,Xpressbees,Ishaan Agarwal,2026-05-30 19:25:00,
ORD101282,CUST01688,Kochi,Mumbai,Kolkata,Out for Delivery,DTDC,Rahul Verma,2026-03-01 05:39:00,
ORD101648,CUST03875,Ahmedabad,Chandigarh,Chandigarh,Delivered,Xpressbees,Reyansh Singh,2026-06-07 22:51:00,2026-06-07 22:51:00
ORD104949,CUST00857,Lucknow,Chandigarh,Chandigarh,Delivered,DTDC,Myra Pillai,2026-04-01 12:52:00,2026-04-01 12:52:00
ORD103296,CUST03109,Bengaluru,Lucknow,Lucknow,Delivered,Delhivery,Sai Chatterjee,2026-09-22 08:46:00,2026-09-21 08:46:00
ORD102187,CUST01710,Chennai,Chandigarh,Jaipur,Delayed,Delhivery,Rajesh Mehta,2026-09-05 22:43:00,
ORD103612,CUST04596,Nagpur,Surat,Surat,Out for Delivery,Delhivery,Sai Desai,2026-08-30 13:06:00,
ORD100205,CUST01361,Bengaluru,Indore,Indore,Delivered,Shadowfax,Aarav Rao,2026-07-21 09:02:00,2026-07-21 09:02:00
ORD100485,CUST03470,Nagpur,Surat,Delhi,Delayed,DTDC,Myra Desai,2026-06-25 20:50:00,
ORD100837,CUST01268,Delhi,Jaipur,Delhi,Picked Up,Ekart,Diya Gupta,2026-03-10 10:57:00,
ORD104119,CUST04221,Delhi,Ahmedabad,Coimbatore,Out for Delivery,Shadowfax,Meera Rao,2026-09-10 05:59:00,
ORD103238,CUST02888,Coimbatore,Mumbai,Chennai,Picked Up,Shadowfax,Diya Rao,2026-09-25 01:09:00,
ORD103627,CUST02425,Pune,Surat,Chennai,Picked Up,BlueDart,Priya Bose,2026-09-16 10:47:00,
ORD104183,CUST04711,Delhi,Indore,Bengaluru,Out for Delivery,BlueDart,Meera Mehta,2026-06-02 18:04:00,
ORD101937,CUST03831,Pune,Kochi,Kolkata,Delayed,Xpressbees,Vihaan Kapoor,2026-02-17 18:12:00,
ORD100372,CUST02465,Bengaluru,Jaipur,Mumbai,Picked Up,Xpressbees,Meera Desai,2026-07-30 17:16:00,
ORD102170,CUST02251,Bengaluru,Indore,Indore,Delivered,Delhivery,Ishaan Kapoor,2026-09-01 21:16:00,2026-09-01 21:16:00
ORD103241,CUST04540,Lucknow,Nagpur,Surat,Out for Delivery,Delhivery,Aadhya Gupta,2026-02-27 11:42:00,
ORD102978,CUST03428,Pune,Chennai,Chennai,Delivered,Ekart,Saanvi Kapoor,2026-03-31 03:59:00,2026-03-30 03:59:00
ORD102326,CUST03076,Kochi,Kolkata,Kolkata,Delivered,Ekart,Anika Mehta,2026-06-08 06:51:00,2026-06-09 06:51:00
ORD101503,CUST00042,Pune,Hyderabad,Hyderabad,Delivered,DTDC,Divya Joshi,2026-07-15 11:41:00,2026-07-14 11:41:00
ORD102136,CUST02414,Jaipur,Kochi,Surat,Returned to Sender,BlueDart,Divya Pillai,2026-08-19 05:19:00,
ORD104162,CUST04218,Nagpur,Bengaluru,Coimbatore,Delayed,Xpressbees,Ananya Kumar,2026-09-29 05:23:00,
ORD101765,CUST03625,Indore,Coimbatore,Delhi,Picked Up,Ekart,Sneha Singh,2026-05-06 17:54:00,
ORD101110,CUST04227,Kochi,Jaipur,Chennai,Pending,Ekart,Meera Sharma,2026-08-28 09:55:00,
ORD104295,CUST02347,Mumbai,Nagpur,Mumbai,Pending,Xpressbees,Rahul Bose,2026-06-23 05:28:00,
ORD102384,CUST03168,Pune,Lucknow,Lucknow,Delivered,DTDC,Krishna Rao,2026-09-29 17:07:00,2026-09-28 17:07:00
ORD104887,CUST01281,Chennai,Kochi,Kochi,Delivered,Delhivery,Ananya Reddy,2026-05-17 23:14:00,2026-05-21 23:14:00
ORD104201,CUST04447,Chennai,Pune,Pune,Delivered,Delhivery,Vivaan Mehta,2026-08-05 05:17:00,2026-08-06 05:17:00
ORD102921,CUST01393,Nagpur,Chandigarh,Chandigarh,Delivered,Ekart,Rahul Bose,2026-06-13 16:43:00,2026-06-13 16:43:00
ORD100270,CUST03364,Hyderabad,Chandigarh,Surat,Returned to Sender,Delhivery,Myra Malhotra,2026-02-10 23:47:00,
ORD104082,CUST03659,Kochi,Bengaluru,Hyderabad,Picked Up,BlueDart,Divya Kumar,2026-06-25 15:45:00,
ORD104665,CUST02154,Lucknow,Surat,Surat,Delivered,DTDC,Anika Rao,2026-06-27 14:38:00,2026-06-29 14:38:00
ORD101554,CUST04903,Chandigarh,Jaipur,Lucknow,Out for Delivery,Xpressbees,Riya Shetty,2026-06-13 09:00:00,
ORD101200,CUST00263,Chandigarh,Chennai,Lucknow,Returned to Sender,Xpressbees,Pooja Chatterjee,2026-04-13 14:28:00,
ORD100528,CUST00320,Chennai,Nagpur,Delhi,Picked Up,Ekart,Aditya Gupta,2026-07-16 00:28:00,
ORD101419,CUST02944,Chennai,Surat,Surat,Delivered,Xpressbees,Ira Chatterjee,2026-08-04 23:06:00,2026-08-04 23:06:00
ORD100255,CUST01724,Jaipur,Chandigarh,Chandigarh,Delivered,DTDC,Myra Kumar,2026-08-07 16:38:00,2026-08-08 16:38:00
ORD104501,CUST04879,Kolkata,Jaipur,Jaipur,Delivered,Delhivery,Rohan Gupta,2026-05-21 22:24:00,2026-05-20 22:24:00
ORD100898,CUST02941,Hyderabad,Mumbai,Jaipur,Pending,Delhivery,Saanvi Reddy,2026-07-19 18:12:00,
ORD100706,CUST00205,Chandigarh,Surat,Surat,Delivered,Shadowfax,Kavya Bose,2026-06-13 18:17:00,2026-06-12 18:17:00
ORD104643,CUST01105,Surat,Indore,Indore,Delivered,Xpressbees,Neha Malhotra,2026-03-19 05:59:00,2026-03-19 05:59:00
ORD104645,CUST01918,Indore,Hyderabad,Hyderabad,Delivered,Ekart,Ananya Bose,2026-08-05 10:26:00,2026-08-05 10:26:00
ORD104714,CUST00354,Bengaluru,Indore,Ahmedabad,Delayed,BlueDart,Meera Reddy,2026-03-06 20:09:00,
ORD104031,CUST00767,Bengaluru,Chandigarh,Kochi,Out for Delivery,DTDC,Aarav Chatterjee,2026-04-22 19:47:00,
ORD103439,CUST02008,Ahmedabad,Kolkata,Lucknow,Picked Up,Delhivery,Divya Reddy,2026-02-26 15:15:00,
ORD102497,CUST00187,Nagpur,Chandigarh,Kolkata,Delayed,Ekart,Saanvi Shetty,2026-08-17 15:34:00,
ORD103560,CUST04724,Hyderabad,Ahmedabad,Ahmedabad,Out for Delivery,Shadowfax,Vivaan Desai,2026-03-10 21:00:00,
ORD100244,CUST01301,Kolkata,Indore,Bengaluru,Picked Up,Xpressbees,Saanvi Bose,2026-03-01 18:44:00,
ORD102248,CUST00022,Delhi,Coimbatore,Coimbatore,Delivered,BlueDart,Myra Nair,2026-04-28 18:35:00,2026-04-28 18:35:00
ORD104426,CUST02993,Chennai,Indore,Indore,Delivered,Delhivery,Meera Iyer,2026-09-24 14:05:00,2026-09-28 14:05:00
ORD100370,CUST02549,Delhi,Mumbai,Ahmedabad,Picked Up,DTDC,Reyansh Iyer,2026-09-05 17:06:00,
ORD101636,CUST00387,Kolkata,Chennai,Chennai,Delivered,BlueDart,Anika Verma,2026-07-30 15:08:00,2026-08-03 15:08:00
ORD103403,CUST02200,Surat,Delhi,Ahmedabad,In Transit,Shadowfax,Divya Nair,2026-03-28 03:42:00,
ORD104395,CUST04358,Nagpur,Indore,Indore,Delivered,BlueDart,Krishna Shetty,2026-05-10 17:49:00,2026-05-10 17:49:00
ORD100594,CUST00113,Bengaluru,Indore,Indore,Delivered,BlueDart,Meera Rao,2026-05-12 02:14:00,2026-05-16 02:14:00
ORD101220,CUST01442,Indore,Chandigarh,Surat,In Transit,BlueDart,Vihaan Nair,2026-07-14 22:10:00,
ORD102974,CUST01140,Ahmedabad,Kolkata,Kolkata,Delivered,DTDC,Karan Pillai,2026-07-05 10:23:00,2026-07-04 10:23:00
ORD103782,CUST00072,Indore,Jaipur,Jaipur,Delivered,Shadowfax,Saanvi Nair,2026-09-05 19:33:00,2026-09-05 19:33:00
ORD104220,CUST00527,Bengaluru,Kochi,Kochi,Delivered,Shadowfax,Reyansh Mehta,2026-04-28 10:52:00,2026-04-28 10:52:00
ORD100047,CUST00694,Chennai,Ahmedabad,Pune,In Transit,Ekart,Rajesh Sharma,2026-05-11 03:55:00,
ORD100977,CUST00076,Bengaluru,Kolkata,Indore,Picked Up,DTDC,Reyansh Bose,2026-07-11 03:09:00,
ORD101398,CUST00990,Chandigarh,Delhi,Kochi,Pending,Xpressbees,Ananya Gupta,2026-02-20 01:16:00,
ORD104994,CUST02993,Chandigarh,Delhi,Mumbai,Out for Delivery,Shadowfax,Vikram Pillai,2026-03-17 23:42:00,
ORD101605,CUST03180,Pune,Indore,Bengaluru,Delayed,DTDC,Divya Bose,2026-02-08 17:19:00,
ORD100679,CUST02687,Kolkata,Pune,Surat,In Transit,Shadowfax,Anika Bose,2026-07-30 09:34:00,
ORD102959,CUST03021,Indore,Ahmedabad,Ahmedabad,Delivered,Delhivery,Pooja Patel,2026-07-03 04:35:00,2026-07-07 04:35:00
ORD103880,CUST00147,Surat,Chandigarh,Pune,Delayed,Shadowfax,Rahul Malhotra,2026-07-02 19:08:00,
ORD103285,CUST00659,Chandigarh,Mumbai,Indore,Pending,Xpressbees,Meera Nair,2026-02-24 16:49:00,
ORD103365,CUST02486,Indore,Bengaluru,Bengaluru,Delivered,Shadowfax,Divya Nair,2026-06-12 02:34:00,2026-06-16 02:34:00
ORD102925,CUST03449,Kochi,Surat,Surat,Delivered,Ekart,Myra Chatterjee,2026-06-13 05:47:00,2026-06-12 05:47:00
ORD102781,CUST00222,Surat,Chandigarh,Lucknow,Delayed,Ekart,Vikram Iyer,2026-04-22 03:51:00,
ORD103999,CUST01789,Pune,Jaipur,Jaipur,Delivered,Shadowfax,Sai Gupta,2026-08-05 15:01:00,2026-08-05 15:01:00
ORD100564,CUST03423,Jaipur,Chennai,Chennai,Delivered,Shadowfax,Reyansh Desai,2026-04-22 06:34:00,2026-04-26 06:34:00
ORD100815,CUST03717,Coimbatore,Surat,Chandigarh,Out for Delivery,Shadowfax,Rahul Gupta,2026-02-18 02:35:00,
ORD102674,CUST00964,Nagpur,Kochi,Kochi,Delivered,Ekart,Myra Patel,2026-09-05 00:36:00,2026-09-05 00:36:00
ORD102385,CUST02636,Chennai,Chandigarh,Chennai,Picked Up,Xpressbees,Meera Pillai,2026-03-26 07:56:00,
ORD102799,CUST02671,Hyderabad,Pune,Pune,Delivered,Shadowfax,Sai Shetty,2026-06-09 10:18:00,2026-06-09 10:18:00
ORD100520,CUST03749,Chennai,Pune,Nagpur,Pending,Delhivery,Neha Mehta,2026-08-22 04:32:00,
ORD100435,CUST04350,Hyderabad,Jaipur,Lucknow,Delayed,Delhivery,Ananya Gupta,2026-05-15 01:51:00,
ORD103963,CUST00372,Kochi,Bengaluru,Surat,Pending,Xpressbees,Karan Rao,2026-05-09 17:23:00,
ORD101776,CUST04563,Pune,Ahmedabad,Indore,In Transit,Delhivery,Kavya Mehta,2026-05-27 06:17:00,
ORD101693,CUST00184,Lucknow,Mumbai,Mumbai,Delivered,Shadowfax,Amit Malhotra,2026-07-26 03:36:00,2026-07-25 03:36:00
ORD104564,CUST00110,Coimbatore,Delhi,Delhi,Picked Up,DTDC,Aadhya Agarwal,2026-07-25 19:36:00,
ORD103133,CUST02823,Lucknow,Jaipur,Nagpur,Delayed,Shadowfax,Ishaan Rao,2026-04-08 21:54:00,
ORD103938,CUST04557,Chandigarh,Coimbatore,Indore,Pending,Xpressbees,Divya Rao,2026-06-19 01:51:00,
ORD104813,CUST00729,Nagpur,Kochi,Kochi,Delivered,Xpressbees,Sai Chatterjee,2026-09-27 09:43:00,2026-09-27 09:43:00
ORD100131,CUST02401,Bengaluru,Coimbatore,Coimbatore,Delivered,DTDC,Sai Singh,2026-08-19 15:42:00,2026-08-19 15:42:00
ORD101448,CUST03213,Chandigarh,Chennai,Chennai,Delivered,DTDC,Karan Joshi,2026-04-13 03:37:00,2026-04-12 03:37:00
ORD100001,CUST04507,Ahmedabad,Pune,Kochi,In Transit,Xpressbees,Riya Sharma,2026-03-06 13:55:00,
ORD102493,CUST00093,Nagpur,Kolkata,Chandigarh,Picked Up,Xpressbees,Divya Agarwal,2026-07-02 07:27:00,
ORD101040,CUST03161,Chennai,Kochi,Jaipur,Pending,BlueDart,Vivaan Kapoor,2026-02-16 05:34:00,
ORD103958,CUST04930,Surat,Kolkata,Kolkata,Delivered,Ekart,Aditya Bose,2026-04-22 23:48:00,2026-04-22 23:48:00
ORD100567,CUST03532,Jaipur,Surat,Surat,Delivered,DTDC,Riya Bose,2026-05-24 03:30:00,2026-05-24 03:30:00
ORD104160,CUST02217,Pune,Kolkata,Kolkata,Delivered,Xpressbees,Divya Malhotra,2026-08-26 15:04:00,2026-08-27 15:04:00
ORD104173,CUST01454,Pune,Jaipur,Jaipur,Delivered,BlueDart,Riya Gupta,2026-08-31 20:50:00,2026-08-31 20:50:00
ORD102260,CUST00950,Chandigarh,Coimbatore,Coimbatore,Delivered,Delhivery,Rohan Bose,2026-03-26 04:50:00,2026-03-30 04:50:00
ORD103616,CUST02152,Lucknow,Pune,Coimbatore,Picked Up,Ekart,Rohan Singh,2026-05-07 21:32:00,
ORD101898,CUST03749,Kochi,Pune,Hyderabad,Picked Up,Delhivery,Vihaan Sharma,2026-03-07 19:07:00,
ORD100961,CUST04399,Hyderabad,Bengaluru,Bengaluru,Delivered,Delhivery,Aadhya Nair,2026-08-03 02:14:00,2026-08-03 02:14:00
ORD101383,CUST04614,Delhi,Chennai,Chennai,Delivered,BlueDart,Diya Malhotra,2026-09-16 03:37:00,2026-09-15 03:37:00
ORD101073,CUST00262,Kochi,Ahmedabad,Delhi,Pending,Shadowfax,Divya Nair,2026-04-06 02:08:00,
ORD103843,CUST04208,Ahmedabad,Indore,Jaipur,Pending,BlueDart,Ira Chatterjee,2026-04-20 17:32:00,
ORD100942,CUST02127,Bengaluru,Chennai,Chennai,Delivered,Shadowfax,Vikram Rao,2026-06-13 20:45:00,2026-06-13 20:45:00
ORD102491,CUST04813,Ahmedabad,Hyderabad,Hyderabad,Delivered,DTDC,Arjun Sharma,2026-05-29 01:39:00,2026-05-29 01:39:00
ORD102282,CUST01007,Indore,Delhi,Chennai,Out for Delivery,BlueDart,Neha Pillai,2026-04-18 23:06:00,
ORD102147,CUST02998,Nagpur,Pune,Pune,Delivered,BlueDart,Sneha Shetty,2026-02-12 18:02:00,2026-02-12 18:02:00
ORD100475,CUST00898,Coimbatore,Delhi,Surat,Pending,Shadowfax,Aditya Joshi,2026-05-23 06:52:00,
ORD100331,CUST04777,Hyderabad,Ahmedabad,Surat,Out for Delivery,Delhivery,Priya Kumar,2026-04-25 20:30:00,
ORD104791,CUST00836,Indore,Chandigarh,Chandigarh,Delivered,Shadowfax,Neha Verma,2026-09-12 21:11:00,2026-09-16 21:11:00
ORD100319,CUST01867,Pune,Chandigarh,Chandigarh,Delivered,DTDC,Arjun Kapoor,2026-06-11 11:39:00,2026-06-10 11:39:00
ORD100862,CUST00040,Chennai,Surat,Surat,Delivered,Delhivery,Pooja Iyer,2026-05-11 21:16:00,2026-05-15 21:16:00
ORD103404,CUST04856,Chennai,Kolkata,Lucknow,Pending,Xpressbees,Anika Iyer,2026-08-10 19:49:00,
ORD100114,CUST03847,Surat,Hyderabad,Hyderabad,Delivered,DTDC,Ananya Nair,2026-09-08 05:01:00,2026-09-09 05:01:00
ORD103851,CUST02484,Chandigarh,Hyderabad,Hyderabad,Delivered,Xpressbees,Ananya Kumar,2026-03-25 12:08:00,2026-03-25 12:08:00
ORD104789,CUST03261,Indore,Delhi,Surat,In Transit,Delhivery,Kavya Kapoor,2026-09-12 05:14:00,
ORD102129,CUST02521,Lucknow,Ahmedabad,Bengaluru,Returned to Sender,DTDC,Rahul Gupta,2026-03-03 06:57:00,
ORD103597,CUST02136,Hyderabad,Jaipur,Jaipur,Delivered,BlueDart,Aadhya Rao,2026-08-03 23:06:00,2026-08-03 23:06:00
ORD100657,CUST03731,Hyderabad,Lucknow,Lucknow,Delivered,Delhivery,Diya Gupta,2026-04-15 05:33:00,2026-04-17 05:33:00
ORD104204,CUST04742,Chandigarh,Lucknow,Chennai,Out for Delivery,Xpressbees,Ishaan Gupta,2026-07-21 03:39:00,
ORD103358,CUST04179,Pune,Chandigarh,Chandigarh,Delivered,Ekart,Ananya Reddy,2026-07-02 17:22:00,2026-07-03 17:22:00
ORD100506,CUST00724,Bengaluru,Mumbai,Mumbai,Delivered,Xpressbees,Reyansh Rao,2026-04-12 09:21:00,2026-04-13 09:21:00
ORD101552,CUST00156,Kolkata,Coimbatore,Bengaluru,Out for Delivery,Delhivery,Ananya Kapoor,2026-07-31 00:53:00,
ORD104898,CUST01117,Lucknow,Pune,Pune,Delivered,Delhivery,Aadhya Sharma,2026-09-24 09:46:00,2026-09-28 09:46:00
ORD103484,CUST04897,Delhi,Mumbai,Jaipur,Returned to Sender,Xpressbees,Neha Reddy,2026-07-09 03:30:00,
ORD103548,CUST02889,Pune,Hyderabad,Kochi,Returned to Sender,Delhivery,Diya Shetty,2026-02-20 17:04:00,
ORD104424,CUST04550,Indore,Pune,Pune,Delivered,Delhivery,Anika Agarwal,2026-03-08 08:50:00,2026-03-08 08:50:00
ORD104231,CUST01436,Lucknow,Indore,Delhi,Pending,Xpressbees,Karan Bose,2026-04-15 16:40:00,
ORD102825,CUST02014,Hyderabad,Mumbai,Mumbai,Delivered,Delhivery,Amit Shetty,2026-09-08 16:29:00,2026-09-09 16:29:00
ORD100741,CUST01606,Bengaluru,Surat,Kolkata,In Transit,BlueDart,Anika Verma,2026-02-08 10:05:00,
ORD104092,CUST02705,Nagpur,Coimbatore,Coimbatore,Delivered,Xpressbees,Sneha Chatterjee,2026-06-20 17:44:00,2026-06-24 17:44:00
ORD103876,CUST04019,Kochi,Delhi,Delhi,Delivered,BlueDart,Rahul Patel,2026-06-24 14:42:00,2026-06-26 14:42:00
ORD104347,CUST01524,Kochi,Chennai,Ahmedabad,Out for Delivery,Shadowfax,Krishna Rao,2026-07-15 16:55:00,
ORD101406,CUST01147,Kochi,Nagpur,Hyderabad,Pending,Shadowfax,Anika Pillai,2026-03-01 20:09:00,
ORD102913,CUST04813,Surat,Mumbai,Kochi,Returned to Sender,DTDC,Saanvi Bose,2026-07-06 13:32:00,
ORD101046,CUST03984,Hyderabad,Kolkata,Kolkata,Delivered,Xpressbees,Myra Patel,2026-05-01 02:41:00,2026-04-30 02:41:00
ORD104515,CUST02870,Chennai,Bengaluru,Bengaluru,Delivered,Xpressbees,Vikram Kapoor,2026-04-26 19:29:00,2026-04-26 19:29:00
ORD100377,CUST02533,Ahmedabad,Jaipur,Jaipur,Delivered,DTDC,Ananya Mehta,2026-04-10 23:32:00,2026-04-11 23:32:00
ORD104022,CUST03128,Chandigarh,Lucknow,Mumbai,Pending,BlueDart,Sai Bose,2026-07-06 07:49:00,
ORD103658,CUST00278,Ahmedabad,Chennai,Coimbatore,Out for Delivery,Ekart,Kavya Kapoor,2026-08-02 20:15:00,
ORD102846,CUST00327,Chandigarh,Mumbai,Mumbai,Delivered,Ekart,Aditya Reddy,2026-07-14 22:06:00,2026-07-15 22:06:00
ORD104125,CUST04716,Nagpur,Hyderabad,Delhi,Picked Up,BlueDart,Anika Shetty,2026-04-02 10:15:00,
ORD101855,CUST01691,Nagpur,Lucknow,Hyderabad,Pending,DTDC,Anika Reddy,2026-04-25 12:20:00,
ORD100437,CUST04287,Chandigarh,Pune,Pune,Delivered,DTDC,Krishna Rao,2026-04-29 19:23:00,2026-05-03 19:23:00
ORD101079,CUST02949,Kolkata,Chennai,Jaipur,Returned to Sender,Ekart,Vivaan Reddy,2026-04-04 14:21:00,
ORD103119,CUST00840,Kolkata,Hyderabad,Hyderabad,Delivered,Delhivery,Sai Rao,2026-05-29 18:38:00,2026-05-29 18:38:00
ORD100975,CUST02317,Hyderabad,Nagpur,Nagpur,Out for Delivery,Delhivery,Vivaan Nair,2026-05-12 20:43:00,
ORD102835,CUST01018,Chandigarh,Delhi,Delhi,Delivered,BlueDart,Aditya Shetty,2026-02-13 22:09:00,2026-02-15 22:09:00
ORD102008,CUST02542,Bengaluru,Jaipur,Kochi,Picked Up,Delhivery,Vihaan Verma,2026-06-02 22:10:00,
ORD103674,CUST04886,Ahmedabad,Surat,Surat,Delivered,Xpressbees,Riya Mehta,2026-06-15 06:27:00,2026-06-15 06:27:00
ORD103523,CUST00980,Bengaluru,Chennai,Chennai,Delivered,DTDC,Aditya Sharma,2026-07-10 19:36:00,2026-07-10 19:36:00
ORD102635,CUST03852,Delhi,Lucknow,Surat,Pending,BlueDart,Arjun Malhotra,2026-02-22 19:20:00,
ORD102796,CUST03028,Bengaluru,Indore,Indore,Delivered,Delhivery,Amit Pillai,2026-06-03 14:13:00,2026-06-04 14:13:00
ORD103321,CUST02745,Chandigarh,Nagpur,Nagpur,Delivered,Shadowfax,Ira Joshi,2026-04-27 19:25:00,2026-04-28 19:25:00
ORD103038,CUST03398,Hyderabad,Lucknow,Nagpur,Out for Delivery,DTDC,Rajesh Bose,2026-05-09 17:26:00,
ORD103755,CUST00670,Lucknow,Chandigarh,Chandigarh,Delivered,Delhivery,Reyansh Iyer,2026-07-02 12:38:00,2026-07-02 12:38:00
ORD103651,CUST01316,Chandigarh,Surat,Chennai,Delayed,DTDC,Pooja Nair,2026-09-16 05:09:00,
ORD104382,CUST03175,Chennai,Hyderabad,Surat,Out for Delivery,Shadowfax,Amit Desai,2026-09-01 00:04:00,
ORD102032,CUST02054,Ahmedabad,Coimbatore,Nagpur,Returned to Sender,Xpressbees,Ira Rao,2026-02-08 05:40:00,
ORD102283,CUST02040,Pune,Mumbai,Mumbai,Delivered,Shadowfax,Rajesh Iyer,2026-06-18 18:20:00,2026-06-19 18:20:00
ORD102427,CUST01534,Nagpur,Mumbai,Mumbai,Delivered,Delhivery,Saanvi Agarwal,2026-05-14 00:06:00,2026-05-13 00:06:00
ORD100284,CUST04272,Bengaluru,Indore,Indore,Delivered,BlueDart,Diya Chatterjee,2026-05-27 20:12:00,2026-05-28 20:12:00
ORD104012,CUST00428,Pune,Indore,Surat,Delayed,DTDC,Rajesh Bose,2026-08-23 21:16:00,
ORD102068,CUST04689,Lucknow,Pune,Surat,In Transit,Delhivery,Krishna Reddy,2026-07-08 10:20:00,
ORD101957,CUST01274,Indore,Kolkata,Kolkata,In Transit,DTDC,Karan Shetty,2026-08-24 16:53:00,
ORD100839,CUST00179,Indore,Delhi,Delhi,Delivered,DTDC,Riya Shetty,2026-03-30 22:58:00,2026-03-30 22:58:00
ORD104487,CUST04993,Kochi,Coimbatore,Coimbatore,Delivered,DTDC,Vikram Mehta,2026-08-26 20:32:00,2026-08-25 20:32:00
ORD101685,CUST02566,Indore,Bengaluru,Bengaluru,Delivered,Ekart,Anika Gupta,2026-09-26 15:52:00,2026-09-26 15:52:00
ORD101803,CUST04113,Coimbatore,Ahmedabad,Nagpur,Out for Delivery,Xpressbees,Vihaan Rao,2026-07-01 21:22:00,
ORD102868,CUST00807,Lucknow,Kochi,Pune,Picked Up,Delhivery,Ananya Malhotra,2026-03-14 03:56:00,
ORD101698,CUST01624,Hyderabad,Kolkata,Kolkata,Delivered,Xpressbees,Priya Verma,2026-02-04 08:33:00,2026-02-05 08:33:00
ORD101063,CUST00662,Ahmedabad,Jaipur,Jaipur,Delivered,BlueDart,Divya Nair,2026-03-12 22:46:00,2026-03-16 22:46:00
ORD101850,CUST04698,Mumbai,Nagpur,Kolkata,Returned to Sender,Delhivery,Vihaan Sharma,2026-04-19 03:47:00,
ORD102860,CUST04459,Chennai,Ahmedabad,Ahmedabad,Delivered,BlueDart,Vihaan Bose,2026-04-10 22:18:00,2026-04-10 22:18:00
ORD101487,CUST02456,Indore,Chandigarh,Indore,Picked Up,BlueDart,Sai Singh,2026-07-30 10:13:00,
ORD100488,CUST01989,Delhi,Nagpur,Nagpur,Delivered,Shadowfax,Karan Desai,2026-07-11 03:02:00,2026-07-15 03:02:00
ORD104925,CUST00079,Jaipur,Surat,Chennai,Pending,Ekart,Arjun Verma,2026-02-24 08:14:00,
ORD101790,CUST00437,Coimbatore,Chennai,Chennai,Delivered,Ekart,Aadhya Iyer,2026-06-13 11:31:00,2026-06-15 11:31:00
ORD102592,CUST03491,Hyderabad,Lucknow,Jaipur,Returned to Sender,BlueDart,Sneha Joshi,2026-07-23 00:22:00,
ORD102350,CUST04198,Nagpur,Hyderabad,Kochi,Returned to Sender,BlueDart,Ira Desai,2026-02-18 03:25:00,
ORD103253,CUST03716,Bengaluru,Kochi,Kochi,Delivered,Xpressbees,Ananya Sharma,2026-07-10 10:10:00,2026-07-10 10:10:00
ORD101018,CUST03578,Surat,Pune,Nagpur,Delayed,Ekart,Vihaan Desai,2026-06-06 05:08:00,
ORD101315,CUST01728,Bengaluru,Hyderabad,Lucknow,Returned to Sender,DTDC,Sai Nair,2026-08-15 03:49:00,
ORD100082,CUST01139,Pune,Coimbatore,Kochi,Delayed,DTDC,Aadhya Pillai,2026-05-05 11:05:00,
ORD101597,CUST01113,Ahmedabad,Chandigarh,Mumbai,Delayed,DTDC,Kavya Kumar,2026-08-26 09:24:00,
ORD102273,CUST00700,Delhi,Chennai,Chandigarh,In Transit,Delhivery,Sneha Chatterjee,2026-06-02 02:15:00,
ORD104741,CUST03251,Bengaluru,Chandigarh,Kolkata,In Transit,Delhivery,Saanvi Mehta,2026-02-25 04:37:00,
ORD100031,CUST04778,Kolkata,Nagpur,Nagpur,Delivered,Delhivery,Kavya Joshi,2026-05-06 07:03:00,2026-05-07 07:03:00
ORD102171,CUST04784,Bengaluru,Jaipur,Jaipur,Delivered,Shadowfax,Aarav Kapoor,2026-09-15 13:59:00,2026-09-14 13:59:00
ORD103737,CUST01005,Jaipur,Nagpur,Nagpur,Delivered,DTDC,Sai Kumar,2026-08-02 07:24:00,2026-08-02 07:24:00
ORD103205,CUST01725,Hyderabad,Chandigarh,Kolkata,Delayed,Xpressbees,Divya Patel,2026-05-07 14:53:00,
ORD100198,CUST02313,Bengaluru,Hyderabad,Hyderabad,Delivered,BlueDart,Diya Gupta,2026-02-08 15:00:00,2026-02-07 15:00:00
ORD100002,CUST01105,Chandigarh,Jaipur,Ahmedabad,Returned to Sender,DTDC,Meera Patel,2026-06-22 14:10:00,
ORD100654,CUST03647,Indore,Jaipur,Kochi,Out for Delivery,Xpressbees,Ishaan Singh,2026-09-16 04:06:00,
ORD104682,CUST03253,Coimbatore,Kochi,Kochi,Pending,Shadowfax,Meera Kapoor,2026-06-03 19:57:00,
ORD103578,CUST02823,Chennai,Coimbatore,Kochi,Pending,Ekart,Divya Nair,2026-03-25 14:07:00,
ORD104075,CUST01089,Pune,Bengaluru,Bengaluru,Delivered,Shadowfax,Ira Gupta,2026-06-11 14:24:00,2026-06-15 14:24:00
ORD104650,CUST02459,Chandigarh,Kochi,Coimbatore,Picked Up,BlueDart,Ishaan Verma,2026-08-31 20:39:00,
ORD104444,CUST02361,Hyderabad,Indore,Indore,Delivered,BlueDart,Sneha Joshi,2026-07-18 08:41:00,2026-07-20 08:41:00
ORD102024,CUST04799,Kochi,Chennai,Chandigarh,Out for Delivery,BlueDart,Pooja Malhotra,2026-06-05 17:31:00,
ORD100856,CUST01859,Indore,Delhi,Delhi,Delivered,Shadowfax,Ananya Nair,2026-02-19 23:56:00,2026-02-18 23:56:00
ORD103978,CUST02825,Mumbai,Kolkata,Kolkata,Delivered,Shadowfax,Ananya Kapoor,2026-05-13 02:18:00,2026-05-13 02:18:00
ORD103662,CUST04289,Bengaluru,Pune,Pune,Pending,Xpressbees,Ira Pillai,2026-03-18 01:10:00,
ORD101806,CUST00048,Kolkata,Bengaluru,Kochi,Delayed,Ekart,Ananya Pillai,2026-05-29 00:34:00,
ORD104572,CUST03506,Indore,Surat,Chennai,Pending,Delhivery,Karan Singh,2026-04-18 07:21:00,
ORD101639,CUST01578,Nagpur,Kochi,Chennai,Delayed,Shadowfax,Vivaan Singh,2026-03-13 18:59:00,
ORD100636,CUST00913,Indore,Chennai,Chennai,Delivered,Delhivery,Krishna Gupta,2026-03-31 21:56:00,2026-03-30 21:56:00
ORD101689,CUST01798,Chandigarh,Bengaluru,Bengaluru,Delivered,Delhivery,Aditya Agarwal,2026-05-19 00:25:00,2026-05-20 00:25:00
ORD104642,CUST01096,Nagpur,Mumbai,Jaipur,Returned to Sender,Shadowfax,Amit Patel,2026-09-26 21:56:00,
ORD103833,CUST01889,Kolkata,Mumbai,Jaipur,Delayed,Xpressbees,Priya Verma,2026-02-19 21:29:00,
ORD101792,CUST01793,Kolkata,Delhi,Delhi,Delivered,Delhivery,Rajesh Mehta,2026-03-01 23:46:00,2026-03-01 23:46:00
ORD102221,CUST00779,Chennai,Jaipur,Jaipur,Delivered,Delhivery,Vivaan Kapoor,2026-02-27 09:37:00,2026-02-28 09:37:00
ORD102578,CUST03324,Lucknow,Coimbatore,Coimbatore,Delivered,Ekart,Priya Kumar,2026-06-11 16:38:00,2026-06-12 16:38:00
ORD102322,CUST01320,Chandigarh,Mumbai,Mumbai,Delivered,BlueDart,Rajesh Patel,2026-03-26 01:02:00,2026-03-27 01:02:00
ORD101514,CUST00800,Bengaluru,Kochi,Kochi,Delivered,DTDC,Diya Rao,2026-09-06 04:20:00,2026-09-06 04:20:00
ORD104773,CUST03285,Jaipur,Indore,Kolkata,Picked Up,BlueDart,Rohan Joshi,2026-10-01 04:55:00,
ORD101750,CUST00322,Jaipur,Coimbatore,Coimbatore,Delivered,Ekart,Aditya Shetty,2026-02-07 03:55:00,2026-02-11 03:55:00
ORD104959,CUST04586,Delhi,Chennai,Indore,In Transit,Shadowfax,Rohan Singh,2026-05-05 01:06:00,
ORD104771,CUST01326,Pune,Jaipur,Hyderabad,Out for Delivery,Xpressbees,Sneha Nair,2026-04-04 09:58:00,
ORD104558,CUST02339,Chennai,Lucknow,Lucknow,Delivered,Xpressbees,Riya Reddy,2026-05-04 15:17:00,2026-05-06 15:17:00
ORD101309,CUST01889,Indore,Lucknow,Lucknow,Delivered,Xpressbees,Diya Patel,2026-03-07 06:27:00,2026-03-09 06:27:00
ORD102267,CUST03277,Mumbai,Surat,Coimbatore,Out for Delivery,Delhivery,Vihaan Iyer,2026-09-13 21:47:00,
ORD101720,CUST02599,Surat,Ahmedabad,Ahmedabad,Delivered,DTDC,Ananya Bose,2026-07-01 14:17:00,2026-07-05 14:17:00
ORD101304,CUST02670,Kolkata,Jaipur,Jaipur,Delivered,Shadowfax,Vihaan Desai,2026-08-30 10:16:00,2026-09-01 10:16:00
ORD101168,CUST01166,Coimbatore,Surat,Surat,Delivered,Shadowfax,Krishna Joshi,2026-03-06 05:24:00,2026-03-06 05:24:00
ORD102956,CUST00840,Indore,Chandigarh,Chandigarh,Delivered,Ekart,Amit Shetty,2026-02-11 01:32:00,2026-02-12 01:32:00
ORD104543,CUST02783,Ahmedabad,Kochi,Surat,In Transit,DTDC,Meera Rao,2026-08-01 08:45:00,
ORD101827,CUST01325,Mumbai,Delhi,Delhi,Delivered,Delhivery,Riya Rao,2026-06-28 21:53:00,2026-06-28 21:53:00
ORD100266,CUST03370,Nagpur,Kolkata,Ahmedabad,Picked Up,Ekart,Aadhya Kumar,2026-09-05 16:41:00,
ORD104704,CUST03873,Kochi,Lucknow,Hyderabad,In Transit,Shadowfax,Neha Iyer,2026-02-01 02:20:00,
ORD101700,CUST01624,Kolkata,Bengaluru,Bengaluru,Delivered,Delhivery,Rajesh Bose,2026-05-19 19:21:00,2026-05-21 19:21:00
ORD102697,CUST00881,Kochi,Coimbatore,Coimbatore,Delivered,Xpressbees,Rajesh Malhotra,2026-03-21 18:21:00,2026-03-22 18:21:00
ORD102964,CUST01916,Bengaluru,Mumbai,Delhi,Picked Up,Shadowfax,Aadhya Patel,2026-05-09 00:32:00,
ORD104587,CUST03336,Coimbatore,Jaipur,Mumbai,Pending,DTDC,Amit Iyer,2026-09-21 18:33:00,
ORD101302,CUST02462,Indore,Chennai,Chennai,Delivered,DTDC,Riya Singh,2026-07-02 15:09:00,2026-07-01 15:09:00
ORD104586,CUST00660,Kolkata,Indore,Indore,Delivered,BlueDart,Meera Verma,2026-07-03 13:06:00,2026-07-02 13:06:00
ORD102449,CUST01948,Jaipur,Delhi,Lucknow,Pending,Shadowfax,Vivaan Kapoor,2026-02-25 05:42:00,
ORD100510,CUST03181,Bengaluru,Delhi,Delhi,Delivered,Xpressbees,Vikram Reddy,2026-07-25 12:51:00,2026-07-25 12:51:00
ORD103922,CUST01430,Kolkata,Ahmedabad,Hyderabad,Picked Up,BlueDart,Arjun Chatterjee,2026-08-07 23:32:00,
ORD101930,CUST02034,Lucknow,Indore,Indore,Delivered,Delhivery,Anika Reddy,2026-04-24 10:52:00,2026-04-25 10:52:00
ORD101992,CUST04769,Bengaluru,Pune,Ahmedabad,Returned to Sender,DTDC,Rohan Chatterjee,2026-08-11 19:25:00,
ORD100075,CUST00642,Indore,Hyderabad,Hyderabad,Delivered,BlueDart,Ananya Bose,2026-03-19 09:09:00,2026-03-21 09:09:00
ORD101461,CUST03809,Surat,Bengaluru,Bengaluru,Delivered,Delhivery,Karan Gupta,2026-06-21 20:09:00,2026-06-21 20:09:00
ORD103496,CUST00969,Indore,Bengaluru,Ahmedabad,In Transit,Xpressbees,Ishaan Reddy,2026-06-17 01:49:00,
ORD100179,CUST02373,Kolkata,Lucknow,Hyderabad,In Transit,Xpressbees,Rohan Pillai,2026-03-09 20:50:00,
ORD101988,CUST04081,Chandigarh,Kolkata,Kolkata,Delivered,DTDC,Divya Desai,2026-05-18 08:26:00,2026-05-22 08:26:00
ORD103759,CUST02116,Mumbai,Jaipur,Jaipur,Delivered,Ekart,Aditya Joshi,2026-05-08 22:46:00,2026-05-12 22:46:00
ORD102973,CUST04660,Nagpur,Chandigarh,Kochi,Returned to Sender,BlueDart,Sneha Gupta,2026-06-10 10:52:00,
ORD103427,CUST00602,Kochi,Nagpur,Indore,Delayed,Delhivery,Rohan Chatterjee,2026-05-28 01:43:00,
ORD103501,CUST01627,Surat,Delhi,Delhi,Delivered,BlueDart,Ira Rao,2026-03-30 19:28:00,2026-03-30 19:28:00
ORD102098,CUST03953,Nagpur,Pune,Hyderabad,Out for Delivery,DTDC,Aadhya Verma,2026-05-25 00:38:00,
ORD101849,CUST04595,Delhi,Kochi,Kochi,Delivered,Shadowfax,Reyansh Verma,2026-05-10 09:42:00,2026-05-11 09:42:00
ORD101278,CUST04111,Nagpur,Hyderabad,Kolkata,Pending,Delhivery,Ishaan Kapoor,2026-09-05 01:43:00,
ORD103536,CUST03250,Chennai,Mumbai,Mumbai,Delivered,BlueDart,Saanvi Kapoor,2026-08-14 04:40:00,2026-08-14 04:40:00
ORD103793,CUST02206,Delhi,Lucknow,Coimbatore,Picked Up,Shadowfax,Sneha Bose,2026-09-18 22:26:00,
ORD101945,CUST03313,Indore,Kochi,Bengaluru,Delayed,Shadowfax,Vikram Rao,2026-07-06 05:58:00,
ORD103018,CUST00353,Bengaluru,Surat,Chennai,Returned to Sender,Delhivery,Riya Shetty,2026-08-12 16:55:00,
ORD100720,CUST01379,Delhi,Kolkata,Chandigarh,Pending,Xpressbees,Ananya Rao,2026-07-31 12:42:00,
ORD104396,CUST01355,Jaipur,Kolkata,Chennai,Returned to Sender,BlueDart,Kavya Agarwal,2026-05-05 15:27:00,
ORD102380,CUST03754,Indore,Coimbatore,Pune,Picked Up,BlueDart,Kavya Rao,2026-09-01 08:40:00,
ORD100110,CUST00983,Jaipur,Chennai,Chennai,Delivered,Delhivery,Ishaan Patel,2026-05-07 01:34:00,2026-05-09 01:34:00
ORD101840,CUST03673,Kolkata,Chandigarh,Nagpur,In Transit,DTDC,Riya Agarwal,2026-05-13 16:17:00,
ORD100867,CUST04980,Bengaluru,Lucknow,Lucknow,Delivered,Xpressbees,Rohan Nair,2026-04-08 16:04:00,2026-04-07 16:04:00
ORD102206,CUST02296,Nagpur,Indore,Indore,Delivered,Ekart,Reyansh Desai,2026-03-27 14:30:00,2026-03-27 14:30:00
ORD102750,CUST00275,Mumbai,Chandigarh,Chandigarh,Delivered,BlueDart,Myra Mehta,2026-03-12 01:36:00,2026-03-16 01:36:00
ORD101555,CUST00707,Kolkata,Pune,Pune,Delivered,BlueDart,Rohan Sharma,2026-07-02 17:08:00,2026-07-03 17:08:00
ORD102714,CUST04210,Bengaluru,Kochi,Ahmedabad,Pending,Delhivery,Vivaan Mehta,2026-03-22 04:29:00,
ORD102847,CUST01786,Mumbai,Chandigarh,Chandigarh,Delayed,DTDC,Arjun Agarwal,2026-05-09 04:39:00,
ORD103576,CUST01475,Jaipur,Chennai,Chandigarh,Returned to Sender,Ekart,Reyansh Gupta,2026-02-13 10:06:00,
ORD101454,CUST04349,Mumbai,Kolkata,Delhi,Delayed,Xpressbees,Kavya Joshi,2026-07-04 04:51:00,
ORD100994,CUST04353,Ahmedabad,Kochi,Kochi,Delivered,Ekart,Vikram Mehta,2026-07-25 23:16:00,2026-07-25 23:16:00
ORD101530,CUST01158,Indore,Surat,Surat,Delivered,Delhivery,Myra Kumar,2026-04-24 20:34:00,2026-04-23 20:34:00
ORD103808,CUST02394,Coimbatore,Kochi,Indore,In Transit,Xpressbees,Aditya Malhotra,2026-07-02 14:27:00,
ORD101874,CUST01826,Surat,Bengaluru,Bengaluru,Delivered,Ekart,Vihaan Gupta,2026-05-12 05:57:00,2026-05-13 05:57:00
ORD104909,CUST03593,Hyderabad,Surat,Mumbai,In Transit,Shadowfax,Anika Mehta,2026-06-10 03:01:00,
ORD103495,CUST00425,Bengaluru,Kolkata,Indore,Picked Up,DTDC,Sneha Kumar,2026-08-17 10:34:00,
ORD101826,CUST04676,Indore,Lucknow,Lucknow,Delivered,BlueDart,Pooja Sharma,2026-06-05 21:28:00,2026-06-07 21:28:00
ORD101365,CUST03596,Bengaluru,Mumbai,Kochi,Picked Up,Ekart,Sai Pillai,2026-04-16 00:33:00,
ORD100660,CUST01518,Lucknow,Surat,Surat,Delivered,Xpressbees,Arjun Chatterjee,2026-04-30 00:44:00,2026-04-30 00:44:00
ORD101482,CUST03502,Chandigarh,Hyderabad,Pune,Out for Delivery,BlueDart,Neha Chatterjee,2026-05-17 17:29:00,
ORD102852,CUST03804,Delhi,Hyderabad,Chandigarh,Returned to Sender,Delhivery,Divya Shetty,2026-06-24 17:56:00,
ORD100308,CUST04852,Ahmedabad,Kolkata,Kolkata,Delivered,Xpressbees,Amit Mehta,2026-05-11 13:23:00,2026-05-11 13:23:00
ORD103178,CUST00616,Hyderabad,Ahmedabad,Surat,In Transit,DTDC,Vikram Pillai,2026-06-25 12:52:00,
ORD102124,CUST03129,Indore,Kochi,Kochi,Delivered,Ekart,Aditya Verma,2026-06-19 17:14:00,2026-06-18 17:14:00
ORD100754,CUST00095,Bengaluru,Delhi,Delhi,Delivered,BlueDart,Karan Desai,2026-04-18 02:17:00,2026-04-18 02:17:00
ORD103121,CUST01007,Jaipur,Coimbatore,Ahmedabad,Out for Delivery,Delhivery,Divya Bose,2026-04-02 23:35:00,
ORD100805,CUST03260,Jaipur,Kochi,Coimbatore,Picked Up,Shadowfax,Karan Chatterjee,2026-04-01 00:12:00,
ORD103734,CUST02660,Nagpur,Jaipur,Ahmedabad,Pending,BlueDart,Sneha Iyer,2026-04-18 14:11:00,
ORD101126,CUST00437,Coimbatore,Mumbai,Chandigarh,Picked Up,DTDC,Ananya Desai,2026-02-28 09:42:00,
ORD104091,CUST02632,Surat,Kochi,Pune,Delayed,BlueDart,Reyansh Agarwal,2026-04-15 03:50:00,
ORD104421,CUST03325,Hyderabad,Ahmedabad,Ahmedabad,Delivered,Xpressbees,Sneha Singh,2026-09-21 06:26:00,2026-09-20 06:26:00
ORD102010,CUST00026,Indore,Chandigarh,Chandigarh,Delivered,BlueDart,Rohan Bose,2026-04-19 14:23:00,2026-04-19 14:23:00
ORD100889,CUST01280,Chandigarh,Coimbatore,Coimbatore,Delivered,Delhivery,Saanvi Patel,2026-03-17 20:41:00,2026-03-18 20:41:00
ORD103460,CUST03309,Coimbatore,Delhi,Coimbatore,Returned to Sender,Delhivery,Kavya Nair,2026-06-21 12:14:00,
ORD102887,CUST04983,Kolkata,Pune,Pune,Delivered,Delhivery,Riya Desai,2026-05-25 10:57:00,2026-05-26 10:57:00
ORD102197,CUST03734,Coimbatore,Kolkata,Kochi,Pending,Ekart,Meera Chatterjee,2026-02-05 04:56:00,
ORD101783,CUST00769,Bengaluru,Ahmedabad,Ahmedabad,Delivered,DTDC,Meera Malhotra,2026-08-05 22:49:00,2026-08-05 22:49:00
ORD100917,CUST04652,Hyderabad,Delhi,Pune,Returned to Sender,BlueDart,Amit Sharma,2026-03-24 00:16:00,
ORD104775,CUST04406,Kolkata,Nagpur,Delhi,Picked Up,Delhivery,Vihaan Rao,2026-03-29 03:21:00,
ORD100261,CUST02580,Delhi,Pune,Hyderabad,Pending,DTDC,Saanvi Pillai,2026-07-02 10:43:00,
ORD101843,CUST02641,Jaipur,Pune,Coimbatore,Picked Up,DTDC,Priya Reddy,2026-07-26 22:07:00,
ORD102705,CUST02224,Bengaluru,Chandigarh,Chandigarh,Delivered,Delhivery,Vivaan Mehta,2026-04-24 08:51:00,2026-04-24 08:51:00
ORD102243,CUST04702,Mumbai,Delhi,Delhi,Delivered,Ekart,Diya Kapoor,2026-03-20 09:41:00,2026-03-20 09:41:00
ORD103887,CUST01201,Hyderabad,Surat,Kochi,Returned to Sender,Xpressbees,Rajesh Kumar,2026-05-14 05:16:00,
ORD100621,CUST02662,Chennai,Chandigarh,Hyderabad,Returned to Sender,Ekart,Aarav Malhotra,2026-05-14 16:49:00,
ORD102096,CUST02420,Delhi,Surat,Surat,Delivered,Shadowfax,Reyansh Gupta,2026-08-24 06:17:00,2026-08-26 06:17:00
ORD102019,CUST01298,Jaipur,Nagpur,Nagpur,Delivered,Delhivery,Sneha Nair,2026-02-07 00:00:00,2026-02-07 00:00:00
ORD103143,CUST01893,Bengaluru,Coimbatore,Coimbatore,Delivered,Xpressbees,Anika Chatterjee,2026-04-26 12:22:00,2026-04-27 12:22:00
ORD104093,CUST02728,Ahmedabad,Surat,Surat,Delivered,DTDC,Diya Sharma,2026-08-08 22:22:00,2026-08-08 22:22:00
ORD103327,CUST00086,Mumbai,Jaipur,Lucknow,In Transit,Delhivery,Aadhya Nair,2026-07-12 14:26:00,
ORD104683,CUST01647,Hyderabad,Delhi,Delhi,Delivered,Ekart,Rahul Agarwal,2026-04-24 04:06:00,2026-04-24 04:06:00
ORD104740,CUST00192,Hyderabad,Mumbai,Pune,Out for Delivery,DTDC,Reyansh Patel,2026-04-08 04:14:00,
ORD104049,CUST00459,Kochi,Chandigarh,Kochi,Returned to Sender,BlueDart,Aarav Rao,2026-07-23 06:24:00,
ORD104580,CUST04262,Indore,Chandigarh,Chandigarh,Delivered,Delhivery,Divya Shetty,2026-03-11 08:48:00,2026-03-15 08:48:00
ORD100514,CUST00827,Lucknow,Chandigarh,Surat,Picked Up,BlueDart,Aadhya Kumar,2026-03-04 12:22:00,
ORD104158,CUST03025,Mumbai,Hyderabad,Kolkata,Pending,Xpressbees,Sneha Rao,2026-08-16 22:34:00,
ORD103852,CUST02282,Coimbatore,Kochi,Kochi,Delivered,BlueDart,Divya Agarwal,2026-09-24 21:49:00,2026-09-26 21:49:00
ORD101331,CUST02349,Pune,Indore,Indore,Delivered,Delhivery,Neha Desai,2026-03-10 15:15:00,2026-03-10 15:15:00
ORD104718,CUST00860,Kochi,Surat,Lucknow,Pending,Ekart,Vivaan Reddy,2026-07-02 08:23:00,
ORD104788,CUST02088,Coimbatore,Indore,Ahmedabad,Pending,Ekart,Anika Rao,2026-07-26 00:57:00,
ORD103511,CUST03896,Ahmedabad,Hyderabad,Kochi,In Transit,Ekart,Amit Shetty,2026-08-25 09:01:00,
ORD100388,CUST01811,Lucknow,Nagpur,Kolkata,Picked Up,BlueDart,Aditya Malhotra,2026-06-01 17:58:00,
ORD103537,CUST04519,Surat,Pune,Pune,Delivered,BlueDart,Ira Singh,2026-06-25 15:02:00,2026-06-29 15:02:00
ORD104619,CUST00208,Bengaluru,Kolkata,Mumbai,Out for Delivery,Delhivery,Divya Verma,2026-04-12 12:33:00,
ORD102460,CUST00175,Nagpur,Ahmedabad,Lucknow,Returned to Sender,BlueDart,Rajesh Malhotra,2026-07-28 08:50:00,
ORD104273,CUST03424,Jaipur,Nagpur,Pune,Returned to Sender,Ekart,Riya Joshi,2026-08-19 08:13:00,
ORD101789,CUST01430,Hyderabad,Kochi,Kochi,Delivered,Shadowfax,Aditya Sharma,2026-05-31 06:36:00,2026-05-30 06:36:00
ORD103168,CUST03455,Nagpur,Jaipur,Jaipur,Delivered,Shadowfax,Vihaan Patel,2026-06-10 12:03:00,2026-06-11 12:03:00
ORD103132,CUST03119,Mumbai,Indore,Ahmedabad,Delayed,Delhivery,Vikram Bose,2026-06-11 20:47:00,
ORD102366,CUST02274,Ahmedabad,Nagpur,Nagpur,Delivered,DTDC,Sai Shetty,2026-04-04 22:03:00,2026-04-03 22:03:00
ORD101329,CUST03502,Chandigarh,Nagpur,Nagpur,Delivered,Ekart,Rohan Desai,2026-08-25 09:08:00,2026-08-25 09:08:00
ORD103601,CUST02864,Kolkata,Bengaluru,Bengaluru,Delivered,Ekart,Amit Joshi,2026-06-17 06:19:00,2026-06-17 06:19:00
ORD102166,CUST02245,Lucknow,Indore,Pune,In Transit,Shadowfax,Reyansh Patel,2026-04-29 03:14:00,
ORD101942,CUST04086,Ahmedabad,Lucknow,Jaipur,Pending,Shadowfax,Sneha Singh,2026-05-07 14:58:00,
ORD103442,CUST04702,Indore,Coimbatore,Chandigarh,Returned to Sender,Xpressbees,Anika Verma,2026-06-26 14:13:00,
ORD103078,CUST00026,Kochi,Jaipur,Jaipur,Delivered,Shadowfax,Arjun Reddy,2026-07-11 16:17:00,2026-07-11 16:17:00
ORD104872,CUST01326,Chandigarh,Jaipur,Jaipur,Delivered,Ekart,Priya Verma,2026-08-25 20:17:00,2026-08-24 20:17:00
ORD103254,CUST02144,Pune,Nagpur,Indore,Out for Delivery,Delhivery,Aditya Shetty,2026-02-10 14:41:00,
ORD102093,CUST00737,Chennai,Kochi,Kochi,Delivered,Ekart,Reyansh Gupta,2026-07-25 20:06:00,2026-07-25 20:06:00
ORD102554,CUST00960,Chandigarh,Nagpur,Nagpur,Delivered,Delhivery,Reyansh Nair,2026-02-04 08:51:00,2026-02-06 08:51:00
ORD104974,CUST01765,Bengaluru,Mumbai,Mumbai,Delivered,Shadowfax,Ishaan Agarwal,2026-02-01 20:31:00,2026-02-01 20:31:00
ORD102342,CUST02067,Surat,Kochi,Kochi,Delivered,Xpressbees,Karan Bose,2026-07-30 10:39:00,2026-07-31 10:39:00
ORD103144,CUST03688,Indore,Chennai,Chennai,Delivered,Delhivery,Reyansh Sharma,2026-02-09 11:46:00,2026-02-09 11:46:00
ORD100021,CUST02525,Ahmedabad,Jaipur,Jaipur,Delivered,DTDC,Aadhya Rao,2026-09-06 06:04:00,2026-09-06 06:04:00
ORD102466,CUST04215,Kolkata,Chandigarh,Chandigarh,Delivered,Xpressbees,Riya Desai,2026-05-29 21:36:00,2026-05-29 21:36:00
ORD100656,CUST00545,Lucknow,Hyderabad,Mumbai,Returned to Sender,DTDC,Ira Pillai,2026-06-25 08:24:00,
ORD102059,CUST04185,Lucknow,Ahmedabad,Ahmedabad,Delivered,Xpressbees,Priya Mehta,2026-05-15 23:42:00,2026-05-14 23:42:00
ORD101464,CUST03480,Bengaluru,Kolkata,Kolkata,Delivered,DTDC,Myra Reddy,2026-04-09 11:12:00,2026-04-11 11:12:00
ORD101080,CUST03659,Kochi,Chennai,Chandigarh,Returned to Sender,Xpressbees,Vihaan Singh,2026-06-16 01:46:00,
ORD103925,CUST01364,Mumbai,Indore,Indore,Delivered,Delhivery,Riya Patel,2026-06-21 00:47:00,2026-06-20 00:47:00
ORD102246,CUST04185,Jaipur,Chandigarh,Chandigarh,Delivered,Shadowfax,Rahul Desai,2026-03-16 05:44:00,2026-03-16 05:44:00
ORD104292,CUST03229,Coimbatore,Pune,Pune,Delivered,DTDC,Ishaan Pillai,2026-03-27 07:18:00,2026-03-29 07:18:00
ORD101020,CUST00435,Pune,Delhi,Delhi,Delivered,Delhivery,Rajesh Desai,2026-03-19 18:02:00,2026-03-18 18:02:00
ORD101807,CUST00148,Jaipur,Chennai,Chennai,Delivered,Xpressbees,Amit Malhotra,2026-08-22 06:23:00,2026-08-22 06:23:00
ORD100186,CUST04841,Jaipur,Pune,Nagpur,In Transit,DTDC,Anika Singh,2026-05-04 11:21:00,
ORD103490,CUST00744,Delhi,Surat,Jaipur,In Transit,Xpressbees,Anika Kumar,2026-08-22 13:10:00,
ORD104418,CUST01444,Pune,Kochi,Surat,Returned to Sender,DTDC,Krishna Chatterjee,2026-06-08 11:39:00,
ORD102920,CUST03464,Indore,Nagpur,Jaipur,Out for Delivery,DTDC,Amit Agarwal,2026-06-24 23:46:00,
ORD102014,CUST03253,Bengaluru,Lucknow,Jaipur,Picked Up,DTDC,Divya Singh,2026-09-06 08:08:00,
ORD103044,CUST00873,Hyderabad,Ahmedabad,Coimbatore,Returned to Sender,Delhivery,Vivaan Desai,2026-05-17 09:34:00,
ORD101604,CUST02099,Kolkata,Mumbai,Mumbai,Delivered,Shadowfax,Krishna Singh,2026-07-02 00:32:00,2026-07-03 00:32:00
ORD100297,CUST00374,Coimbatore,Delhi,Delhi,Delivered,Delhivery,Amit Bose,2026-05-24 12:58:00,2026-05-24 12:58:00
ORD100963,CUST01467,Chandigarh,Pune,Pune,Delivered,Delhivery,Krishna Mehta,2026-05-06 05:47:00,2026-05-08 05:47:00
ORD100616,CUST04492,Pune,Jaipur,Kochi,Returned to Sender,Shadowfax,Divya Malhotra,2026-09-28 10:57:00,
ORD104541,CUST01349,Lucknow,Coimbatore,Bengaluru,Out for Delivery,DTDC,Vikram Verma,2026-08-12 16:51:00,
ORD102641,CUST00710,Surat,Hyderabad,Surat,Out for Delivery,Ekart,Aarav Bose,2026-03-23 08:59:00,
ORD104044,CUST01511,Chennai,Indore,Ahmedabad,Delayed,DTDC,Rajesh Rao,2026-08-31 17:09:00,
ORD101817,CUST02264,Kochi,Surat,Lucknow,Picked Up,Delhivery,Meera Joshi,2026-08-12 19:43:00,
ORD104576,CUST01948,Mumbai,Coimbatore,Jaipur,Out for Delivery,Shadowfax,Aditya Desai,2026-02-16 18:25:00,
ORD101822,CUST00066,Kochi,Surat,Nagpur,Picked Up,Shadowfax,Riya Malhotra,2026-09-02 10:52:00,
ORD101961,CUST01109,Surat,Mumbai,Mumbai,Delivered,BlueDart,Pooja Sharma,2026-03-22 12:04:00,2026-03-23 12:04:00
ORD104581,CUST01567,Surat,Kochi,Kochi,Delivered,BlueDart,Reyansh Singh,2026-07-15 13:16:00,2026-07-15 13:16:00
ORD103716,CUST01133,Hyderabad,Lucknow,Hyderabad,Delayed,Shadowfax,Neha Patel,2026-03-15 23:13:00,
ORD100026,CUST03407,Nagpur,Kolkata,Kolkata,Delivered,Xpressbees,Aadhya Mehta,2026-07-27 01:23:00,2026-07-26 01:23:00
ORD103822,CUST00952,Nagpur,Bengaluru,Bengaluru,Delivered,Xpressbees,Priya Reddy,2026-02-16 19:39:00,2026-02-16 19:39:00
ORD104911,CUST02406,Chennai,Delhi,Delhi,Delivered,Xpressbees,Karan Chatterjee,2026-09-01 23:59:00,2026-09-01 23:59:00
ORD103809,CUST03265,Pune,Coimbatore,Bengaluru,Delayed,Xpressbees,Karan Nair,2026-05-11 07:37:00,
ORD104328,CUST00262,Jaipur,Indore,Bengaluru,Pending,Ekart,Pooja Singh,2026-06-25 06:56:00,
ORD100998,CUST02836,Nagpur,Coimbatore,Coimbatore,Delivered,Delhivery,Vikram Nair,2026-09-17 08:02:00,2026-09-17 08:02:00
ORD100817,CUST02814,Jaipur,Surat,Surat,Delivered,Ekart,Sai Nair,2026-04-12 07:59:00,2026-04-12 07:59:00
ORD101459,CUST00318,Kolkata,Bengaluru,Bengaluru,Delivered,DTDC,Kavya Kumar,2026-05-31 09:44:00,2026-06-02 09:44:00
ORD104276,CUST02994,Hyderabad,Indore,Mumbai,Pending,BlueDart,Reyansh Gupta,2026-07-13 12:29:00,
ORD102521,CUST02455,Mumbai,Surat,Bengaluru,Returned to Sender,Xpressbees,Rahul Rao,2026-04-03 23:56:00,
ORD102516,CUST03533,Delhi,Chandigarh,Lucknow,Out for Delivery,Xpressbees,Vihaan Nair,2026-07-18 11:42:00,
ORD103980,CUST02474,Kolkata,Nagpur,Nagpur,Delivered,Ekart,Vivaan Kumar,2026-08-13 17:10:00,2026-08-17 17:10:00
ORD103342,CUST01319,Pune,Bengaluru,Bengaluru,Delivered,Ekart,Anika Shetty,2026-08-25 02:38:00,2026-08-25 02:38:00
ORD101718,CUST01786,Delhi,Bengaluru,Pune,Returned to Sender,DTDC,Sai Nair,2026-09-15 05:43:00,
ORD102413,CUST01117,Delhi,Hyderabad,Hyderabad,Delivered,Shadowfax,Sneha Agarwal,2026-04-06 23:35:00,2026-04-06 23:35:00
ORD102209,CUST02174,Ahmedabad,Kolkata,Kolkata,Delivered,Xpressbees,Priya Chatterjee,2026-09-11 08:25:00,2026-09-11 08:25:00
ORD100727,CUST01736,Jaipur,Lucknow,Hyderabad,Out for Delivery,BlueDart,Ira Chatterjee,2026-04-27 00:58:00,
ORD101891,CUST03371,Lucknow,Chandigarh,Chandigarh,Delivered,DTDC,Sneha Rao,2026-08-22 14:33:00,2026-08-21 14:33:00
ORD104045,CUST02021,Mumbai,Ahmedabad,Ahmedabad,Delivered,Ekart,Pooja Joshi,2026-04-02 13:28:00,2026-04-02 13:28:00
ORD103293,CUST00763,Jaipur,Delhi,Hyderabad,Pending,DTDC,Vikram Reddy,2026-03-05 09:24:00,
ORD104606,CUST00913,Chennai,Mumbai,Hyderabad,Out for Delivery,Delhivery,Riya Patel,2026-08-14 23:07:00,
ORD101058,CUST01304,Kolkata,Chandigarh,Chandigarh,Delivered,BlueDart,Rohan Singh,2026-08-04 10:22:00,2026-08-08 10:22:00
ORD104303,CUST04879,Ahmedabad,Mumbai,Mumbai,Delivered,Delhivery,Aadhya Patel,2026-04-07 06:56:00,2026-04-07 06:56:00
ORD103137,CUST00388,Bengaluru,Lucknow,Lucknow,Delivered,Shadowfax,Reyansh Singh,2026-04-06 21:57:00,2026-04-08 21:57:00
ORD103201,CUST01641,Ahmedabad,Nagpur,Nagpur,Delivered,Shadowfax,Sai Verma,2026-08-14 04:32:00,2026-08-13 04:32:00
ORD103866,CUST03751,Delhi,Pune,Ahmedabad,Out for Delivery,Ekart,Rohan Mehta,2026-04-22 14:39:00,
ORD104041,CUST04087,Nagpur,Delhi,Delhi,Delivered,DTDC,Priya Iyer,2026-02-20 14:51:00,2026-02-21 14:51:00
ORD102327,CUST01067,Bengaluru,Delhi,Hyderabad,In Transit,DTDC,Rahul Patel,2026-03-05 22:55:00,
ORD102389,CUST01447,Lucknow,Nagpur,Nagpur,Delivered,DTDC,Arjun Kapoor,2026-03-25 17:25:00,2026-03-25 17:25:00
ORD103120,CUST03978,Pune,Kolkata,Jaipur,In Transit,Delhivery,Ira Nair,2026-02-25 05:09:00,
ORD102230,CUST02604,Chandigarh,Kolkata,Hyderabad,Pending,Ekart,Rahul Joshi,2026-07-01 16:25:00,
ORD104508,CUST02674,Hyderabad,Ahmedabad,Ahmedabad,Delivered,Xpressbees,Priya Bose,2026-09-27 23:44:00,2026-09-28 23:44:00
ORD104070,CUST04706,Surat,Ahmedabad,Jaipur,Out for Delivery,DTDC,Rajesh Shetty,2026-03-13 17:54:00,
ORD103411,CUST02426,Mumbai,Ahmedabad,Delhi,In Transit,Ekart,Diya Shetty,2026-08-07 09:08:00,
ORD103555,CUST01219,Kolkata,Nagpur,Nagpur,Delivered,Delhivery,Kavya Mehta,2026-04-23 02:45:00,2026-04-24 02:45:00
ORD102426,CUST01420,Pune,Chennai,Chennai,Delivered,Delhivery,Neha Sharma,2026-08-18 14:22:00,2026-08-17 14:22:00
ORD103944,CUST04874,Coimbatore,Bengaluru,Ahmedabad,Delayed,DTDC,Vihaan Pillai,2026-07-30 17:26:00,
ORD102319,CUST02339,Chandigarh,Kolkata,Nagpur,Picked Up,Ekart,Ananya Iyer,2026-07-02 11:38:00,
ORD102891,CUST04072,Chandigarh,Coimbatore,Chennai,Delayed,Ekart,Reyansh Patel,2026-05-30 16:03:00,
ORD103607,CUST04671,Lucknow,Surat,Delhi,Delayed,Xpressbees,Aadhya Iyer,2026-04-18 19:03:00,
ORD101233,CUST03832,Chandigarh,Indore,Indore,Delivered,Delhivery,Priya Rao,2026-02-10 18:51:00,2026-02-12 18:51:00
ORD102065,CUST02194,Pune,Kolkata,Kolkata,Delivered,Ekart,Aditya Singh,2026-05-01 15:22:00,2026-04-30 15:22:00
ORD100229,CUST01088,Chennai,Jaipur,Jaipur,Delivered,Delhivery,Rohan Mehta,2026-05-21 16:06:00,2026-05-21 16:06:00
ORD102002,CUST01842,Bengaluru,Kochi,Hyderabad,Picked Up,Delhivery,Priya Verma,2026-02-03 13:16:00,
ORD100065,CUST00355,Hyderabad,Mumbai,Chennai,Delayed,Shadowfax,Vihaan Joshi,2026-04-30 04:38:00,
ORD101885,CUST03102,Chennai,Bengaluru,Bengaluru,Delivered,Xpressbees,Divya Patel,2026-06-09 21:09:00,2026-06-08 21:09:00
ORD102137,CUST02146,Surat,Pune,Pune,Delivered,Xpressbees,Ananya Iyer,2026-04-18 18:38:00,2026-04-20 18:38:00
ORD101323,CUST02600,Nagpur,Indore,Lucknow,Picked Up,Ekart,Sneha Bose,2026-04-21 13:36:00,
ORD104235,CUST01873,Coimbatore,Mumbai,Mumbai,Delivered,DTDC,Rahul Rao,2026-03-05 05:01:00,2026-03-05 05:01:00
ORD102952,CUST03313,Kochi,Delhi,Delhi,Delivered,Shadowfax,Vivaan Malhotra,2026-09-23 19:16:00,2026-09-22 19:16:00
ORD104726,CUST03890,Kochi,Jaipur,Kolkata,In Transit,DTDC,Aadhya Desai,2026-08-14 13:36:00,
ORD102247,CUST01736,Kolkata,Surat,Nagpur,Pending,Xpressbees,Kavya Mehta,2026-07-21 10:13:00,
ORD103732,CUST01672,Nagpur,Kochi,Mumbai,Picked Up,DTDC,Rahul Malhotra,2026-08-12 16:51:00,
ORD100530,CUST00148,Kolkata,Nagpur,Nagpur,Delivered,Ekart,Ananya Mehta,2026-08-16 05:53:00,2026-08-16 05:53:00
ORD100080,CUST01742,Chennai,Nagpur,Coimbatore,Delayed,BlueDart,Krishna Malhotra,2026-05-31 11:08:00,
ORD101324,CUST04927,Chandigarh,Jaipur,Jaipur,Delivered,Ekart,Saanvi Chatterjee,2026-07-03 10:16:00,2026-07-04 10:16:00
ORD101991,CUST04903,Nagpur,Indore,Indore,Delivered,BlueDart,Ishaan Verma,2026-03-14 08:51:00,2026-03-13 08:51:00
ORD103970,CUST00909,Pune,Delhi,Delhi,Delivered,Delhivery,Riya Sharma,2026-05-25 21:07:00,2026-05-24 21:07:00
ORD100045,CUST00587,Chennai,Mumbai,Surat,Picked Up,Shadowfax,Vikram Verma,2026-05-01 06:39:00,
ORD101038,CUST01096,Mumbai,Kolkata,Ahmedabad,Out for Delivery,Shadowfax,Pooja Desai,2026-08-21 02:47:00,
ORD101882,CUST03852,Indore,Bengaluru,Bengaluru,Delivered,Ekart,Priya Sharma,2026-03-03 15:15:00,2026-03-03 15:15:00
ORD102288,CUST03059,Lucknow,Bengaluru,Chennai,Out for Delivery,Delhivery,Rohan Bose,2026-02-17 23:34:00,
ORD100200,CUST01959,Nagpur,Indore,Indore,Delivered,Xpressbees,Aarav Desai,2026-06-13 07:16:00,2026-06-13 07:16:00
ORD102321,CUST04485,Pune,Kolkata,Kolkata,Delivered,DTDC,Vivaan Shetty,2026-05-29 20:40:00,2026-05-29 20:40:00
ORD103413,CUST03154,Surat,Chennai,Chennai,Out for Delivery,DTDC,Kavya Verma,2026-07-26 01:38:00,
ORD102076,CUST04509,Kolkata,Nagpur,Nagpur,Delivered,Shadowfax,Sneha Pillai,2026-07-30 09:51:00,2026-08-03 09:51:00
ORD104594,CUST03313,Jaipur,Kochi,Jaipur,Out for Delivery,Ekart,Diya Reddy,2026-05-26 05:33:00,
ORD103177,CUST02012,Kolkata,Nagpur,Nagpur,Delivered,Xpressbees,Riya Gupta,2026-04-30 21:49:00,2026-04-30 21:49:00
ORD103789,CUST03780,Lucknow,Hyderabad,Jaipur,Out for Delivery,Delhivery,Rajesh Joshi,2026-02-10 23:38:00,
ORD101504,CUST00111,Kochi,Delhi,Pune,Pending,BlueDart,Aadhya Iyer,2026-05-13 08:36:00,
ORD102830,CUST01211,Kochi,Jaipur,Kochi,In Transit,DTDC,Reyansh Kumar,2026-09-13 03:29:00,
ORD103422,CUST00028,Jaipur,Surat,Surat,Delivered,Shadowfax,Vikram Iyer,2026-07-12 20:37:00,2026-07-16 20:37:00
ORD101609,CUST00864,Coimbatore,Kochi,Kochi,Delivered,Xpressbees,Krishna Desai,2026-03-17 15:16:00,2026-03-21 15:16:00
ORD100590,CUST04631,Chennai,Jaipur,Kolkata,Out for Delivery,Delhivery,Aarav Patel,2026-02-27 13:20:00,
ORD104844,CUST00322,Pune,Hyderabad,Indore,Picked Up,Ekart,Sai Iyer,2026-09-25 05:59:00,
ORD100078,CUST01125,Indore,Pune,Nagpur,Picked Up,Shadowfax,Rahul Pillai,2026-08-11 06:53:00,
ORD103472,CUST00151,Lucknow,Kolkata,Kolkata,Delivered,DTDC,Ira Nair,2026-09-28 02:44:00,2026-09-28 02:44:00
ORD103996,CUST03707,Ahmedabad,Surat,Surat,Delivered,Shadowfax,Vihaan Reddy,2026-09-06 18:08:00,2026-09-06 18:08:00
ORD100265,CUST00972,Hyderabad,Mumbai,Hyderabad,Delayed,BlueDart,Ananya Desai,2026-07-27 05:15:00,
ORD100764,CUST01464,Delhi,Coimbatore,Coimbatore,Delivered,Ekart,Meera Desai,2026-03-05 08:10:00,2026-03-05 08:10:00
ORD100445,CUST04951,Delhi,Lucknow,Lucknow,Delivered,Delhivery,Anika Gupta,2026-08-11 02:53:00,2026-08-11 02:53:00
ORD102347,CUST04557,Mumbai,Surat,Chandigarh,In Transit,Ekart,Vikram Iyer,2026-02-25 02:47:00,
ORD102517,CUST00279,Mumbai,Coimbatore,Kochi,Returned to Sender,Ekart,Reyansh Mehta,2026-04-29 07:40:00,
ORD104843,CUST00001,Surat,Ahmedabad,Kolkata,Pending,Xpressbees,Saanvi Nair,2026-03-06 01:13:00,
ORD101505,CUST00899,Jaipur,Kochi,Chennai,Out for Delivery,DTDC,Amit Rao,2026-09-26 07:18:00,
ORD100115,CUST01996,Pune,Delhi,Delhi,Out for Delivery,Delhivery,Rahul Rao,2026-09-13 10:02:00,
ORD101498,CUST01359,Surat,Mumbai,Mumbai,Delivered,Xpressbees,Divya Desai,2026-07-01 14:21:00,2026-07-03 14:21:00
ORD104203,CUST03175,Ahmedabad,Indore,Indore,Delivered,DTDC,Rahul Iyer,2026-03-15 15:48:00,2026-03-14 15:48:00
ORD101106,CUST04296,Hyderabad,Bengaluru,Lucknow,Returned to Sender,BlueDart,Reyansh Pillai,2026-06-12 01:32:00,
ORD100340,CUST03768,Chennai,Ahmedabad,Surat,Delayed,BlueDart,Arjun Malhotra,2026-08-28 08:45:00,
ORD101241,CUST00507,Coimbatore,Jaipur,Jaipur,Delivered,DTDC,Aarav Pillai,2026-09-29 04:17:00,2026-10-03 04:17:00
ORD102106,CUST02685,Bengaluru,Delhi,Delhi,Delivered,Delhivery,Ira Gupta,2026-05-15 10:08:00,2026-05-17 10:08:00
ORD101489,CUST04398,Nagpur,Surat,Surat,Delivered,DTDC,Vivaan Sharma,2026-09-19 08:26:00,2026-09-19 08:26:00
ORD100048,CUST00089,Indore,Delhi,Kolkata,Returned to Sender,Xpressbees,Reyansh Joshi,2026-09-09 11:17:00,
ORD102510,CUST04305,Mumbai,Chandigarh,Chandigarh,Delivered,Xpressbees,Sai Gupta,2026-09-26 02:32:00,2026-09-26 02:32:00
ORD100849,CUST04624,Indore,Kochi,Surat,Returned to Sender,BlueDart,Priya Agarwal,2026-02-25 13:51:00,
ORD100333,CUST03795,Hyderabad,Bengaluru,Pune,Picked Up,Delhivery,Rajesh Joshi,2026-09-09 03:34:00,
ORD100009,CUST00989,Chandigarh,Ahmedabad,Ahmedabad,Delivered,BlueDart,Pooja Bose,2026-03-11 23:18:00,2026-03-11 23:18:00
ORD101861,CUST00365,Mumbai,Nagpur,Mumbai,Out for Delivery,DTDC,Vihaan Iyer,2026-05-22 10:34:00,
ORD100668,CUST02929,Chandigarh,Nagpur,Nagpur,Delivered,BlueDart,Sai Reddy,2026-07-30 04:19:00,2026-07-31 04:19:00
ORD100053,CUST03020,Kolkata,Jaipur,Jaipur,Delivered,Xpressbees,Aarav Shetty,2026-04-02 15:21:00,2026-04-02 15:21:00
ORD101456,CUST02991,Indore,Bengaluru,Bengaluru,Delayed,Shadowfax,Anika Patel,2026-04-01 02:07:00,
ORD102555,CUST02934,Bengaluru,Delhi,Delhi,Delivered,Ekart,Ananya Shetty,2026-05-24 16:19:00,2026-05-25 16:19:00
ORD101346,CUST03097,Hyderabad,Chandigarh,Chandigarh,Delivered,Ekart,Riya Bose,2026-04-07 19:26:00,2026-04-11 19:26:00
ORD101019,CUST03358,Mumbai,Nagpur,Pune,Out for Delivery,Delhivery,Rahul Iyer,2026-02-14 17:19:00,
ORD103340,CUST04582,Bengaluru,Lucknow,Indore,Delayed,Shadowfax,Meera Mehta,2026-08-27 08:25:00,
ORD102044,CUST01344,Surat,Bengaluru,Bengaluru,Delivered,Ekart,Divya Patel,2026-05-06 12:45:00,2026-05-10 12:45:00
ORD102121,CUST01585,Ahmedabad,Coimbatore,Chandigarh,Out for Delivery,Ekart,Sai Gupta,2026-09-21 18:06:00,
ORD104222,CUST04471,Indore,Pune,Pune,Delivered,Shadowfax,Sai Chatterjee,2026-07-20 23:17:00,2026-07-24 23:17:00
ORD102105,CUST02458,Kochi,Mumbai,Coimbatore,Out for Delivery,Delhivery,Riya Kapoor,2026-07-02 08:07:00,
ORD100226,CUST00940,Jaipur,Chandigarh,Chandigarh,Delivered,BlueDart,Ishaan Gupta,2026-07-12 04:52:00,2026-07-11 04:52:00
ORD104417,CUST00629,Ahmedabad,Bengaluru,Kolkata,Picked Up,DTDC,Karan Desai,2026-09-16 02:41:00,
ORD100330,CUST04596,Kolkata,Indore,Nagpur,Picked Up,Shadowfax,Krishna Sharma,2026-03-04 01:15:00,
ORD104118,CUST04255,Jaipur,Chennai,Delhi,Out for Delivery,Ekart,Diya Rao,2026-03-14 14:46:00,
ORD101069,CUST02278,Kolkata,Jaipur,Jaipur,Delivered,BlueDart,Myra Bose,2026-10-01 05:15:00,2026-09-30 05:15:00
ORD102522,CUST00403,Mumbai,Hyderabad,Hyderabad,Picked Up,Ekart,Sai Desai,2026-06-05 12:37:00,
ORD104411,CUST04619,Kochi,Kolkata,Kolkata,Delivered,Ekart,Anika Mehta,2026-05-07 23:53:00,2026-05-08 23:53:00
ORD102190,CUST04924,Nagpur,Mumbai,Kochi,Picked Up,Ekart,Aarav Agarwal,2026-04-05 06:28:00,
ORD101292,CUST00170,Bengaluru,Surat,Surat,Delivered,DTDC,Vivaan Shetty,2026-04-18 04:19:00,2026-04-18 04:19:00
ORD102790,CUST00904,Kolkata,Ahmedabad,Ahmedabad,Delivered,BlueDart,Vivaan Gupta,2026-09-02 10:22:00,2026-09-02 10:22:00
ORD102401,CUST04725,Coimbatore,Kolkata,Hyderabad,Pending,BlueDart,Kavya Verma,2026-03-05 06:29:00,
ORD102306,CUST04067,Kochi,Chandigarh,Chandigarh,Delivered,BlueDart,Aditya Kumar,2026-02-14 16:09:00,2026-02-14 16:09:00
ORD100170,CUST01708,Delhi,Hyderabad,Hyderabad,Delivered,DTDC,Ishaan Kumar,2026-03-12 08:42:00,2026-03-12 08:42:00
ORD103167,CUST00456,Chandigarh,Mumbai,Chennai,In Transit,DTDC,Myra Nair,2026-07-23 12:37:00,
ORD103535,CUST00826,Bengaluru,Indore,Indore,Delivered,Delhivery,Reyansh Patel,2026-06-13 07:58:00,2026-06-17 07:58:00
ORD101666,CUST02464,Pune,Delhi,Nagpur,In Transit,Delhivery,Anika Mehta,2026-04-19 03:07:00,
ORD100309,CUST00121,Nagpur,Indore,Indore,Delivered,Shadowfax,Aadhya Bose,2026-07-11 23:48:00,2026-07-13 23:48:00
ORD104192,CUST00256,Delhi,Kochi,Kochi,Delivered,BlueDart,Amit Agarwal,2026-02-12 19:45:00,2026-02-11 19:45:00
ORD101736,CUST00447,Surat,Lucknow,Lucknow,Delivered,Delhivery,Divya Agarwal,2026-09-28 23:05:00,2026-09-28 23:05:00
ORD102778,CUST04620,Lucknow,Kolkata,Kolkata,Delivered,Xpressbees,Ira Agarwal,2026-07-04 09:32:00,2026-07-04 09:32:00
ORD102126,CUST01907,Hyderabad,Pune,Pune,Delivered,Xpressbees,Neha Kumar,2026-09-26 18:33:00,2026-09-26 18:33:00
ORD104033,CUST03833,Kochi,Nagpur,Nagpur,Delivered,Ekart,Myra Patel,2026-06-01 04:09:00,2026-06-01 04:09:00
ORD101340,CUST02837,Delhi,Chandigarh,Chandigarh,Delivered,Ekart,Ira Chatterjee,2026-06-22 06:33:00,2026-06-26 06:33:00
ORD104951,CUST00873,Mumbai,Delhi,Indore,Picked Up,Shadowfax,Vivaan Rao,2026-02-16 08:00:00,
ORD101363,CUST01928,Coimbatore,Jaipur,Jaipur,Delivered,Ekart,Priya Singh,2026-09-16 14:03:00,2026-09-16 14:03:00
ORD101261,CUST03464,Kolkata,Surat,Surat,Delivered,Delhivery,Reyansh Joshi,2026-09-02 20:28:00,2026-09-03 20:28:00
ORD101892,CUST04754,Nagpur,Ahmedabad,Coimbatore,Out for Delivery,Delhivery,Rohan Kumar,2026-03-23 12:51:00,
ORD104111,CUST04618,Kochi,Lucknow,Lucknow,Delivered,Delhivery,Anika Gupta,2026-09-15 17:54:00,2026-09-15 17:54:00
ORD104781,CUST03692,Chandigarh,Ahmedabad,Surat,Picked Up,Xpressbees,Priya Rao,2026-03-12 11:19:00,
ORD104011,CUST00413,Kolkata,Chennai,Kolkata,In Transit,DTDC,Neha Gupta,2026-09-24 08:33:00,
ORD101888,CUST01111,Bengaluru,Kolkata,Kolkata,Delivered,Xpressbees,Aditya Sharma,2026-02-13 07:32:00,2026-02-13 07:32:00
ORD103003,CUST02130,Hyderabad,Kolkata,Hyderabad,In Transit,DTDC,Sneha Nair,2026-08-13 11:20:00,
ORD104114,CUST01020,Lucknow,Mumbai,Mumbai,Delivered,Ekart,Ananya Patel,2026-05-22 20:26:00,2026-05-22 20:26:00
ORD101308,CUST00845,Chennai,Hyderabad,Hyderabad,Delivered,BlueDart,Pooja Pillai,2026-07-14 02:03:00,2026-07-14 02:03:00
ORD102513,CUST02054,Surat,Chennai,Chennai,Delivered,Xpressbees,Sai Patel,2026-08-27 19:35:00,2026-08-28 19:35:00
ORD101025,CUST04643,Surat,Pune,Bengaluru,Out for Delivery,Ekart,Aarav Chatterjee,2026-02-04 08:38:00,
ORD103708,CUST00558,Jaipur,Mumbai,Bengaluru,In Transit,DTDC,Sai Nair,2026-04-22 07:04:00,
ORD104029,CUST03619,Chandigarh,Coimbatore,Coimbatore,Delivered,Xpressbees,Myra Agarwal,2026-03-05 10:39:00,2026-03-05 10:39:00
ORD102070,CUST01301,Chennai,Chandigarh,Chandigarh,Delivered,BlueDart,Neha Sharma,2026-09-30 11:56:00,2026-10-04 11:56:00
ORD102546,CUST04605,Lucknow,Nagpur,Mumbai,Returned to Sender,DTDC,Divya Gupta,2026-09-18 00:20:00,
ORD104339,CUST02050,Bengaluru,Chennai,Chennai,In Transit,Delhivery,Divya Verma,2026-08-29 01:05:00,
ORD104061,CUST01257,Nagpur,Pune,Mumbai,Delayed,BlueDart,Meera Gupta,2026-04-03 04:00:00,
ORD100206,CUST04673,Chandigarh,Lucknow,Lucknow,Delivered,DTDC,Vikram Verma,2026-03-13 19:09:00,2026-03-14 19:09:00
ORD100740,CUST03584,Ahmedabad,Surat,Lucknow,In Transit,Ekart,Anika Verma,2026-09-26 08:44:00,
ORD101381,CUST00022,Chandigarh,Pune,Pune,Delivered,Xpressbees,Neha Nair,2026-03-19 22:28:00,2026-03-21 22:28:00
ORD102445,CUST00960,Indore,Mumbai,Chandigarh,Out for Delivery,Delhivery,Vivaan Mehta,2026-08-06 12:59:00,
ORD102539,CUST02686,Indore,Coimbatore,Nagpur,Pending,DTDC,Ishaan Desai,2026-04-16 22:57:00,
ORD103345,CUST02816,Kochi,Hyderabad,Kolkata,In Transit,BlueDart,Priya Mehta,2026-04-10 05:56:00,
ORD102879,CUST03187,Pune,Nagpur,Pune,Delayed,Ekart,Aarav Sharma,2026-05-30 11:45:00,
ORD104965,CUST01071,Bengaluru,Kochi,Kochi,Delivered,DTDC,Reyansh Malhotra,2026-02-13 13:45:00,2026-02-13 13:45:00
ORD101234,CUST02102,Kochi,Mumbai,Chandigarh,In Transit,Shadowfax,Vikram Bose,2026-07-26 08:19:00,
ORD100322,CUST04057,Nagpur,Hyderabad,Surat,Pending,DTDC,Anika Patel,2026-05-12 21:54:00,
ORD102941,CUST02438,Indore,Bengaluru,Bengaluru,Delivered,Delhivery,Aadhya Kumar,2026-06-29 10:31:00,2026-07-03 10:31:00
ORD103295,CUST01086,Nagpur,Lucknow,Pune,Picked Up,Shadowfax,Ananya Agarwal,2026-09-02 21:47:00,
ORD100467,CUST00210,Kolkata,Surat,Ahmedabad,Delayed,Delhivery,Priya Joshi,2026-07-21 14:58:00,
ORD103307,CUST01063,Bengaluru,Mumbai,Mumbai,Delivered,Shadowfax,Anika Rao,2026-06-18 02:16:00,2026-06-22 02:16:00
ORD104419,CUST00676,Kolkata,Mumbai,Mumbai,Delivered,Ekart,Sai Rao,2026-04-22 13:42:00,2026-04-21 13:42:00
ORD100625,CUST04931,Pune,Kochi,Kochi,In Transit,BlueDart,Myra Agarwal,2026-03-30 15:58:00,
ORD101549,CUST00347,Nagpur,Jaipur,Surat,In Transit,Xpressbees,Rajesh Rao,2026-08-01 17:27:00,
ORD103154,CUST04910,Chennai,Kolkata,Pune,Returned to Sender,Delhivery,Kavya Verma,2026-06-19 17:31:00,
ORD103175,CUST00766,Chennai,Pune,Delhi,In Transit,DTDC,Rajesh Singh,2026-07-08 09:01:00,
ORD104143,CUST00449,Lucknow,Coimbatore,Kochi,Picked Up,Delhivery,Meera Joshi,2026-08-03 13:02:00,
ORD100203,CUST00794,Kolkata,Delhi,Delhi,Delivered,Xpressbees,Aarav Iyer,2026-08-31 01:01:00,2026-08-30 01:01:00
ORD101135,CUST04620,Nagpur,Kolkata,Kolkata,Delivered,BlueDart,Neha Kapoor,2026-06-11 21:52:00,2026-06-10 21:52:00
ORD102235,CUST03511,Coimbatore,Lucknow,Lucknow,Delivered,BlueDart,Vihaan Iyer,2026-09-25 00:31:00,2026-09-25 00:31:00
ORD101702,CUST02146,Indore,Mumbai,Coimbatore,Out for Delivery,Ekart,Amit Rao,2026-03-27 08:47:00,
ORD101206,CUST01354,Indore,Ahmedabad,Chennai,Pending,BlueDart,Aditya Rao,2026-09-25 19:26:00,
ORD100057,CUST02764,Pune,Lucknow,Lucknow,Delivered,BlueDart,Meera Desai,2026-04-03 11:24:00,2026-04-05 11:24:00
ORD100043,CUST02568,Ahmedabad,Mumbai,Ahmedabad,Picked Up,Ekart,Karan Desai,2026-04-15 12:59:00,
ORD100999,CUST01907,Indore,Delhi,Delhi,Delivered,Xpressbees,Priya Gupta,2026-06-24 15:51:00,2026-06-28 15:51:00
ORD102115,CUST03400,Delhi,Chandigarh,Chandigarh,Delivered,DTDC,Pooja Agarwal,2026-06-15 03:33:00,2026-06-16 03:33:00
ORD100676,CUST00789,Bengaluru,Jaipur,Jaipur,Delivered,Delhivery,Kavya Joshi,2026-04-10 19:25:00,2026-04-11 19:25:00
ORD103959,CUST04782,Coimbatore,Surat,Surat,Delivered,Xpressbees,Kavya Kumar,2026-07-01 04:05:00,2026-07-01 04:05:00
ORD102114,CUST00615,Jaipur,Indore,Hyderabad,Returned to Sender,DTDC,Anika Kumar,2026-06-19 18:59:00,
ORD101908,CUST03476,Delhi,Chennai,Jaipur,Returned to Sender,Delhivery,Divya Agarwal,2026-02-13 12:15:00,
ORD103554,CUST01303,Ahmedabad,Pune,Pune,Delivered,BlueDart,Ananya Chatterjee,2026-05-01 10:49:00,2026-05-01 10:49:00
ORD101143,CUST04700,Lucknow,Coimbatore,Coimbatore,Delivered,DTDC,Myra Joshi,2026-06-05 09:18:00,2026-06-05 09:18:00
ORD101925,CUST00279,Bengaluru,Kolkata,Kolkata,Delivered,Delhivery,Rahul Iyer,2026-05-24 06:29:00,2026-05-24 06:29:00
ORD104920,CUST02174,Hyderabad,Surat,Surat,Delivered,DTDC,Riya Bose,2026-03-11 19:06:00,2026-03-15 19:06:00
ORD102196,CUST01187,Chandigarh,Coimbatore,Bengaluru,Out for Delivery,Delhivery,Aditya Sharma,2026-03-29 16:39:00,
ORD103655,CUST01635,Indore,Delhi,Delhi,Delivered,Xpressbees,Neha Mehta,2026-06-02 08:53:00,2026-06-01 08:53:00
ORD101596,CUST04519,Nagpur,Chandigarh,Chandigarh,Delivered,Ekart,Aarav Kumar,2026-04-29 04:12:00,2026-04-30 04:12:00
ORD103896,CUST03451,Delhi,Surat,Surat,Delivered,Delhivery,Ishaan Nair,2026-02-09 07:11:00,2026-02-09 07:11:00
ORD103675,CUST00820,Coimbatore,Nagpur,Hyderabad,Delayed,BlueDart,Diya Rao,2026-01-30 10:48:00,
ORD100361,CUST04237,Indore,Delhi,Delhi,Delivered,DTDC,Reyansh Gupta,2026-09-10 14:34:00,2026-09-11 14:34:00
ORD103249,CUST02421,Coimbatore,Kolkata,Coimbatore,Out for Delivery,Ekart,Divya Gupta,2026-02-17 17:37:00,
ORD100407,CUST02983,Jaipur,Lucknow,Lucknow,Delivered,Ekart,Myra Kapoor,2026-02-11 04:46:00,2026-02-10 04:46:00
ORD103681,CUST04107,Delhi,Kochi,Chennai,In Transit,DTDC,Vivaan Rao,2026-07-14 16:31:00,
ORD103260,CUST04173,Lucknow,Chennai,Mumbai,Pending,BlueDart,Pooja Desai,2026-08-15 16:04:00,
ORD100888,CUST02318,Hyderabad,Bengaluru,Bengaluru,Delivered,Ekart,Ishaan Rao,2026-08-12 10:36:00,2026-08-13 10:36:00
ORD103337,CUST01752,Kochi,Lucknow,Surat,Returned to Sender,Delhivery,Rohan Bose,2026-04-03 01:37:00,
ORD101463,CUST00993,Kochi,Jaipur,Jaipur,Delivered,Ekart,Sneha Malhotra,2026-03-02 12:34:00,2026-03-04 12:34:00
ORD104200,CUST01824,Bengaluru,Hyderabad,Bengaluru,Picked Up,Ekart,Sai Gupta,2026-05-01 16:26:00,
ORD102947,CUST03939,Coimbatore,Lucknow,Lucknow,Delivered,Xpressbees,Reyansh Kumar,2026-04-26 01:59:00,2026-04-28 01:59:00
ORD104247,CUST01838,Chennai,Bengaluru,Coimbatore,Returned to Sender,DTDC,Neha Mehta,2026-07-17 09:58:00,
ORD104080,CUST03686,Chennai,Mumbai,Mumbai,Delivered,Ekart,Anika Verma,2026-07-09 10:42:00,2026-07-09 10:42:00
ORD104338,CUST03905,Pune,Ahmedabad,Ahmedabad,Delivered,Delhivery,Priya Patel,2026-08-15 21:12:00,2026-08-16 21:12:00
ORD103603,CUST01501,Kochi,Chennai,Chennai,Delivered,DTDC,Reyansh Kapoor,2026-10-01 10:42:00,2026-10-02 10:42:00
ORD103590,CUST03541,Kochi,Jaipur,Jaipur,Delivered,BlueDart,Meera Desai,2026-02-27 11:12:00,2026-03-03 11:12:00
ORD102672,CUST04757,Mumbai,Ahmedabad,Ahmedabad,Delivered,Xpressbees,Arjun Iyer,2026-07-13 02:12:00,2026-07-17 02:12:00
ORD103298,CUST03930,Hyderabad,Chandigarh,Chandigarh,Delivered,Xpressbees,Rohan Kumar,2026-03-10 04:15:00,2026-03-10 04:15:00
ORD104040,CUST01736,Chennai,Hyderabad,Hyderabad,Delivered,Delhivery,Vikram Singh,2026-05-09 12:47:00,2026-05-13 12:47:00
ORD101996,CUST03420,Pune,Hyderabad,Kolkata,Out for Delivery,Delhivery,Meera Bose,2026-02-26 09:40:00,
ORD100247,CUST02742,Indore,Chandigarh,Chandigarh,Delivered,DTDC,Riya Sharma,2026-02-28 01:15:00,2026-03-01 01:15:00
ORD103437,CUST02932,Nagpur,Surat,Surat,Delivered,Shadowfax,Vivaan Rao,2026-03-08 20:24:00,2026-03-09 20:24:00
ORD101399,CUST04168,Delhi,Jaipur,Delhi,Picked Up,Delhivery,Vikram Pillai,2026-05-07 00:04:00,
ORD100042,CUST04640,Kolkata,Hyderabad,Chennai,In Transit,BlueDart,Aadhya Desai,2026-07-17 01:55:00,
ORD101226,CUST02351,Kolkata,Mumbai,Pune,Delayed,Shadowfax,Neha Pillai,2026-02-25 20:49:00,
ORD104790,CUST01952,Ahmedabad,Indore,Jaipur,Pending,Ekart,Rajesh Verma,2026-05-29 17:53:00,
ORD100664,CUST02451,Kolkata,Kochi,Kochi,Delivered,DTDC,Rohan Iyer,2026-08-05 23:31:00,2026-08-05 23:31:00
ORD102698,CUST00040,Surat,Jaipur,Surat,Returned to Sender,Xpressbees,Krishna Shetty,2026-04-04 23:41:00,
ORD100225,CUST02708,Pune,Chandigarh,Coimbatore,Out for Delivery,Delhivery,Amit Reddy,2026-04-12 11:08:00,
ORD104625,CUST02727,Jaipur,Kochi,Hyderabad,Delayed,Shadowfax,Rohan Kapoor,2026-05-14 23:11:00,
ORD103232,CUST03876,Lucknow,Chennai,Chennai,Delivered,BlueDart,Ishaan Singh,2026-06-02 19:53:00,2026-06-06 19:53:00
ORD101148,CUST00448,Chennai,Coimbatore,Kolkata,Picked Up,DTDC,Sneha Bose,2026-02-13 10:55:00,
ORD103425,CUST01166,Mumbai,Surat,Surat,Delivered,DTDC,Riya Sharma,2026-08-25 14:14:00,2026-08-25 14:14:00
ORD103665,CUST02525,Jaipur,Nagpur,Nagpur,Delivered,Delhivery,Ananya Verma,2026-06-10 00:22:00,2026-06-10 00:22:00
ORD101585,CUST03940,Indore,Ahmedabad,Ahmedabad,Delivered,Delhivery,Pooja Malhotra,2026-02-06 23:40:00,2026-02-06 23:40:00
ORD101185,CUST01174,Jaipur,Chennai,Ahmedabad,Returned to Sender,Delhivery,Ishaan Malhotra,2026-02-17 19:43:00,
ORD101364,CUST04504,Pune,Surat,Surat,Delivered,Shadowfax,Vivaan Malhotra,2026-05-31 22:39:00,2026-05-31 22:39:00
ORD101303,CUST03842,Chandigarh,Kolkata,Kolkata,Delivered,Delhivery,Aarav Reddy,2026-02-05 17:14:00,2026-02-05 17:14:00
ORD102955,CUST00539,Kochi,Chennai,Mumbai,Picked Up,Shadowfax,Meera Patel,2026-02-08 06:23:00,
ORD103539,CUST02882,Jaipur,Ahmedabad,Ahmedabad,Delivered,Delhivery,Ira Gupta,2026-05-10 01:04:00,2026-05-14 01:04:00
ORD104152,CUST02043,Indore,Jaipur,Jaipur,Delivered,BlueDart,Pooja Pillai,2026-09-15 12:46:00,2026-09-16 12:46:00
ORD101816,CUST00963,Chennai,Indore,Indore,Delivered,BlueDart,Sai Chatterjee,2026-02-03 08:10:00,2026-02-04 08:10:00
ORD100145,CUST03765,Delhi,Jaipur,Jaipur,In Transit,BlueDart,Arjun Nair,2026-08-28 06:57:00,
ORD101588,CUST02773,Chennai,Indore,Indore,Delivered,Ekart,Vikram Shetty,2026-04-11 05:27:00,2026-04-11 05:27:00
ORD102465,CUST04109,Pune,Jaipur,Nagpur,Pending,Delhivery,Vivaan Joshi,2026-06-01 08:53:00,
ORD104251,CUST03895,Kolkata,Hyderabad,Hyderabad,Delivered,Delhivery,Diya Agarwal,2026-04-20 22:43:00,2026-04-22 22:43:00
ORD103685,CUST03114,Nagpur,Hyderabad,Hyderabad,Delivered,BlueDart,Reyansh Kapoor,2026-06-19 17:28:00,2026-06-18 17:28:00
ORD103832,CUST02871,Chandigarh,Indore,Indore,Delivered,Xpressbees,Arjun Pillai,2026-04-29 04:46:00,2026-04-30 04:46:00
ORD101926,CUST03371,Bengaluru,Delhi,Delhi,Delivered,Ekart,Riya Malhotra,2026-03-06 13:02:00,2026-03-08 13:02:00
ORD102670,CUST03166,Kochi,Jaipur,Surat,Pending,BlueDart,Rajesh Agarwal,2026-03-04 20:18:00,
ORD104488,CUST01770,Pune,Chandigarh,Kochi,Delayed,Shadowfax,Myra Reddy,2026-05-11 13:15:00,
ORD104134,CUST00989,Jaipur,Delhi,Kolkata,Pending,DTDC,Anika Verma,2026-06-26 12:30:00,
ORD102077,CUST00184,Ahmedabad,Delhi,Delhi,In Transit,DTDC,Sneha Sharma,2026-05-12 20:31:00,
ORD101166,CUST01987,Coimbatore,Chandigarh,Kochi,Out for Delivery,Ekart,Riya Joshi,2026-04-15 11:17:00,
ORD101141,CUST03271,Coimbatore,Ahmedabad,Ahmedabad,In Transit,BlueDart,Vihaan Joshi,2026-08-02 09:45:00,
ORD101453,CUST04219,Surat,Hyderabad,Ahmedabad,Returned to Sender,DTDC,Krishna Shetty,2026-02-08 09:47:00,
ORD104496,CUST02113,Delhi,Hyderabad,Surat,Out for Delivery,BlueDart,Saanvi Shetty,2026-03-03 18:13:00,
ORD103467,CUST03098,Mumbai,Jaipur,Kolkata,Out for Delivery,Delhivery,Vivaan Malhotra,2026-05-14 09:12:00,
ORD100248,CUST04924,Hyderabad,Indore,Lucknow,Returned to Sender,Ekart,Priya Mehta,2026-04-05 12:33:00,
ORD100109,CUST00865,Jaipur,Nagpur,Nagpur,Delivered,Ekart,Priya Kumar,2026-02-14 22:43:00,2026-02-16 22:43:00
ORD103933,CUST00585,Kolkata,Jaipur,Jaipur,Delivered,Ekart,Divya Rao,2026-06-16 13:06:00,2026-06-16 13:06:00
ORD104639,CUST02688,Ahmedabad,Mumbai,Coimbatore,Delayed,Delhivery,Arjun Joshi,2026-04-08 04:32:00,
ORD104952,CUST03112,Hyderabad,Ahmedabad,Ahmedabad,Delivered,DTDC,Diya Nair,2026-04-09 02:27:00,2026-04-13 02:27:00
ORD102855,CUST02045,Lucknow,Surat,Jaipur,In Transit,Delhivery,Riya Kumar,2026-05-16 22:33:00,
ORD103272,CUST04694,Kolkata,Bengaluru,Bengaluru,Delivered,BlueDart,Rajesh Singh,2026-05-28 04:21:00,2026-06-01 04:21:00
ORD101721,CUST02252,Coimbatore,Bengaluru,Bengaluru,Delivered,Xpressbees,Neha Reddy,2026-03-14 09:07:00,2026-03-16 09:07:00
ORD103882,CUST00173,Mumbai,Kochi,Kochi,Pending,Delhivery,Rohan Kumar,2026-05-02 21:20:00,
ORD104153,CUST03613,Lucknow,Chennai,Nagpur,Out for Delivery,Delhivery,Myra Chatterjee,2026-04-24 23:21:00,
ORD101495,CUST03373,Bengaluru,Nagpur,Surat,In Transit,Ekart,Meera Singh,2026-05-12 01:11:00,
ORD103113,CUST01234,Jaipur,Indore,Indore,Delivered,DTDC,Vivaan Kumar,2026-03-06 13:56:00,2026-03-10 13:56:00
ORD102269,CUST04695,Nagpur,Bengaluru,Bengaluru,Delivered,BlueDart,Aarav Iyer,2026-03-05 02:20:00,2026-03-09 02:20:00
ORD103486,CUST04844,Pune,Mumbai,Jaipur,Picked Up,DTDC,Aarav Desai,2026-06-01 22:23:00,
ORD102888,CUST03636,Lucknow,Coimbatore,Coimbatore,Delivered,Xpressbees,Karan Nair,2026-08-28 03:09:00,2026-08-28 03:09:00
ORD101651,CUST00648,Lucknow,Chandigarh,Coimbatore,Delayed,Ekart,Neha Chatterjee,2026-02-14 16:03:00,
ORD102087,CUST02566,Jaipur,Surat,Pune,In Transit,DTDC,Amit Chatterjee,2026-07-16 17:13:00,
ORD103667,CUST03308,Hyderabad,Indore,Mumbai,Picked Up,Xpressbees,Riya Desai,2026-09-27 05:23:00,
ORD102638,CUST02177,Jaipur,Mumbai,Mumbai,Delivered,Delhivery,Neha Kapoor,2026-04-21 06:16:00,2026-04-21 06:16:00
ORD104380,CUST03211,Ahmedabad,Chennai,Delhi,In Transit,Delhivery,Vivaan Joshi,2026-07-12 16:54:00,
ORD102274,CUST00778,Pune,Kochi,Kochi,Delivered,Xpressbees,Pooja Bose,2026-05-20 03:06:00,2026-05-24 03:06:00
ORD103869,CUST02163,Chennai,Pune,Surat,Pending,Shadowfax,Rajesh Joshi,2026-05-17 16:36:00,
ORD102473,CUST01450,Nagpur,Chandigarh,Surat,Out for Delivery,Xpressbees,Rohan Sharma,2026-09-20 23:41:00,
ORD103176,CUST04086,Ahmedabad,Lucknow,Lucknow,Delivered,Shadowfax,Neha Singh,2026-09-09 15:27:00,2026-09-08 15:27:00
ORD103797,CUST01341,Surat,Kolkata,Kolkata,Delivered,Delhivery,Neha Kapoor,2026-02-22 17:21:00,2026-02-24 17:21:00
ORD100390,CUST04749,Kolkata,Chennai,Kolkata,Pending,BlueDart,Diya Gupta,2026-09-14 08:05:00,
ORD101553,CUST02880,Lucknow,Pune,Bengaluru,Returned to Sender,BlueDart,Vivaan Shetty,2026-07-05 11:12:00,
ORD102787,CUST00494,Bengaluru,Indore,Pune,In Transit,Ekart,Krishna Patel,2026-05-21 05:04:00,
ORD103968,CUST01613,Bengaluru,Jaipur,Jaipur,Delivered,Ekart,Neha Patel,2026-05-23 07:06:00,2026-05-22 07:06:00
ORD104225,CUST00347,Chennai,Indore,Indore,Delivered,Delhivery,Neha Pillai,2026-03-30 02:45:00,2026-03-31 02:45:00
ORD103901,CUST03457,Coimbatore,Delhi,Delhi,Delivered,Delhivery,Meera Verma,2026-03-27 10:31:00,2026-03-26 10:31:00
ORD102804,CUST03134,Nagpur,Coimbatore,Coimbatore,Delivered,BlueDart,Rajesh Singh,2026-07-07 01:23:00,2026-07-06 01:23:00
ORD103181,CUST00329,Coimbatore,Hyderabad,Ahmedabad,Out for Delivery,Ekart,Karan Iyer,2026-03-11 04:08:00,
ORD104371,CUST02378,Ahmedabad,Kolkata,Mumbai,Delayed,BlueDart,Neha Pillai,2026-03-28 22:06:00,
ORD103346,CUST01738,Lucknow,Jaipur,Delhi,Pending,BlueDart,Riya Bose,2026-04-29 08:04:00,
ORD100214,CUST03354,Surat,Chennai,Chennai,Delivered,DTDC,Arjun Verma,2026-02-01 14:14:00,2026-02-05 14:14:00
ORD104300,CUST02127,Chandigarh,Mumbai,Mumbai,Delivered,Ekart,Krishna Reddy,2026-05-25 14:24:00,2026-05-26 14:24:00
ORD100493,CUST02974,Delhi,Coimbatore,Coimbatore,Delivered,Ekart,Pooja Gupta,2026-02-26 07:47:00,2026-02-26 07:47:00
ORD102984,CUST02934,Jaipur,Coimbatore,Delhi,Out for Delivery,BlueDart,Sneha Verma,2026-05-02 08:27:00,
ORD100365,CUST00932,Hyderabad,Bengaluru,Bengaluru,Delivered,Xpressbees,Krishna Verma,2026-04-28 06:42:00,2026-05-02 06:42:00
ORD100554,CUST00232,Surat,Jaipur,Mumbai,Returned to Sender,BlueDart,Aadhya Reddy,2026-08-02 03:59:00,
ORD100566,CUST04129,Kochi,Bengaluru,Bengaluru,Delivered,Shadowfax,Karan Malhotra,2026-08-13 18:28:00,2026-08-17 18:28:00
ORD103846,CUST04876,Delhi,Ahmedabad,Ahmedabad,Picked Up,Ekart,Riya Nair,2026-02-28 22:48:00,
ORD100477,CUST01291,Surat,Nagpur,Kolkata,Picked Up,Xpressbees,Divya Shetty,2026-07-26 01:44:00,
ORD103386,CUST01320,Coimbatore,Chennai,Bengaluru,Returned to Sender,BlueDart,Pooja Verma,2026-08-19 04:16:00,
ORD100971,CUST04142,Chandigarh,Indore,Lucknow,In Transit,Ekart,Sneha Malhotra,2026-09-24 07:51:00,
ORD104010,CUST01189,Lucknow,Ahmedabad,Hyderabad,Delayed,Shadowfax,Anika Singh,2026-07-07 09:07:00,
ORD102402,CUST04811,Kochi,Coimbatore,Bengaluru,Delayed,BlueDart,Karan Chatterjee,2026-06-03 03:17:00,
ORD102005,CUST00646,Pune,Chennai,Chennai,Delivered,Xpressbees,Kavya Chatterjee,2026-07-14 20:02:00,2026-07-18 20:02:00
ORD104716,CUST02704,Indore,Kolkata,Chandigarh,Picked Up,DTDC,Anika Nair,2026-06-08 14:36:00,
ORD104364,CUST03951,Lucknow,Delhi,Delhi,Delivered,BlueDart,Sneha Rao,2026-02-09 23:44:00,2026-02-09 23:44:00
ORD103945,CUST02221,Coimbatore,Ahmedabad,Ahmedabad,Delivered,Xpressbees,Priya Chatterjee,2026-02-26 02:45:00,2026-02-28 02:45:00
ORD103455,CUST03496,Hyderabad,Kochi,Kochi,Delivered,Delhivery,Ananya Bose,2026-09-03 09:10:00,2026-09-05 09:10:00
ORD104024,CUST02978,Kochi,Hyderabad,Indore,Returned to Sender,Xpressbees,Sai Iyer,2026-05-04 15:12:00,
ORD101845,CUST00619,Ahmedabad,Bengaluru,Delhi,In Transit,Xpressbees,Saanvi Reddy,2026-03-31 22:18:00,
ORD100644,CUST01538,Chennai,Kolkata,Nagpur,Picked Up,Ekart,Divya Pillai,2026-07-08 03:49:00,
ORD101520,CUST01561,Coimbatore,Pune,Pune,Delivered,DTDC,Diya Rao,2026-02-06 02:11:00,2026-02-05 02:11:00
ORD100287,CUST00807,Chennai,Ahmedabad,Chennai,Picked Up,DTDC,Rajesh Desai,2026-03-20 14:35:00,
ORD104393,CUST03515,Lucknow,Delhi,Delhi,Delivered,BlueDart,Sai Gupta,2026-05-02 05:29:00,2026-05-03 05:29:00
ORD101786,CUST01851,Ahmedabad,Kolkata,Coimbatore,In Transit,Shadowfax,Meera Chatterjee,2026-04-17 08:26:00,
ORD100652,CUST01589,Pune,Jaipur,Ahmedabad,Picked Up,DTDC,Rahul Kumar,2026-03-18 11:28:00,
ORD104324,CUST00528,Chandigarh,Hyderabad,Hyderabad,Delivered,BlueDart,Karan Singh,2026-03-26 19:02:00,2026-03-30 19:02:00
ORD104530,CUST02066,Chennai,Nagpur,Kochi,In Transit,DTDC,Krishna Shetty,2026-09-06 06:38:00,
ORD102567,CUST02374,Jaipur,Chennai,Chennai,Out for Delivery,Xpressbees,Sai Rao,2026-09-11 09:46:00,
ORD102940,CUST02104,Hyderabad,Lucknow,Lucknow,Delivered,Xpressbees,Saanvi Bose,2026-07-09 04:54:00,2026-07-09 04:54:00
ORD101939,CUST00765,Pune,Jaipur,Lucknow,In Transit,Xpressbees,Ira Rao,2026-02-28 23:44:00,
ORD102880,CUST03837,Bengaluru,Delhi,Delhi,Delivered,Ekart,Rahul Joshi,2026-04-12 17:28:00,2026-04-12 17:28:00
ORD101801,CUST03881,Surat,Delhi,Hyderabad,Returned to Sender,Shadowfax,Myra Gupta,2026-07-23 01:15:00,
ORD101526,CUST01829,Lucknow,Kolkata,Kolkata,Delivered,Shadowfax,Sneha Patel,2026-06-08 10:56:00,2026-06-08 10:56:00
ORD103377,CUST00710,Bengaluru,Kolkata,Kolkata,Delivered,Xpressbees,Reyansh Desai,2026-06-17 10:44:00,2026-06-17 10:44:00
ORD101049,CUST01603,Hyderabad,Pune,Hyderabad,Picked Up,Shadowfax,Kavya Shetty,2026-05-17 07:09:00,
ORD102372,CUST03476,Lucknow,Coimbatore,Indore,Out for Delivery,DTDC,Diya Kapoor,2026-09-13 06:48:00,
ORD100973,CUST03130,Delhi,Indore,Nagpur,Delayed,BlueDart,Aadhya Shetty,2026-04-12 02:14:00,
ORD100858,CUST03215,Bengaluru,Jaipur,Jaipur,Delivered,Shadowfax,Riya Shetty,2026-05-15 03:04:00,2026-05-15 03:04:00
ORD101408,CUST01048,Kolkata,Indore,Indore,Delivered,DTDC,Neha Reddy,2026-02-24 14:01:00,2026-02-23 14:01:00
ORD102123,CUST01609,Chennai,Nagpur,Nagpur,Delivered,Delhivery,Rohan Joshi,2026-04-07 18:22:00,2026-04-07 18:22:00
ORD101778,CUST03164,Kolkata,Chandigarh,Chandigarh,Delivered,Shadowfax,Vikram Chatterjee,2026-04-09 01:53:00,2026-04-10 01:53:00
ORD102048,CUST00683,Ahmedabad,Delhi,Delhi,Delivered,Ekart,Ananya Mehta,2026-09-10 17:05:00,2026-09-09 17:05:00
ORD100809,CUST04875,Surat,Coimbatore,Coimbatore,Delivered,Shadowfax,Vivaan Chatterjee,2026-08-02 09:23:00,2026-08-02 09:23:00
ORD104992,CUST02760,Surat,Chennai,Chennai,Delivered,Delhivery,Krishna Bose,2026-03-07 21:17:00,2026-03-08 21:17:00
ORD102779,CUST04708,Delhi,Lucknow,Lucknow,Delivered,Ekart,Meera Shetty,2026-06-16 23:14:00,2026-06-16 23:14:00
ORD104491,CUST00659,Coimbatore,Bengaluru,Bengaluru,Delivered,Ekart,Karan Agarwal,2026-03-30 02:59:00,2026-03-29 02:59:00
ORD104195,CUST03769,Jaipur,Lucknow,Ahmedabad,Pending,Ekart,Divya Mehta,2026-03-22 08:56:00,
ORD100294,CUST00769,Coimbatore,Nagpur,Nagpur,Delivered,Xpressbees,Amit Pillai,2026-07-12 09:26:00,2026-07-12 09:26:00
ORD103745,CUST02195,Kolkata,Pune,Lucknow,Delayed,Xpressbees,Sneha Malhotra,2026-04-16 14:11:00,
ORD102746,CUST04297,Delhi,Hyderabad,Chandigarh,Returned to Sender,Ekart,Ananya Shetty,2026-02-27 17:34:00,
ORD100748,CUST03945,Pune,Delhi,Lucknow,Returned to Sender,DTDC,Reyansh Kumar,2026-03-18 00:12:00,
ORD103979,CUST02927,Coimbatore,Surat,Surat,Delivered,Delhivery,Divya Gupta,2026-08-31 01:50:00,2026-09-02 01:50:00
ORD101412,CUST01076,Surat,Delhi,Ahmedabad,Returned to Sender,Shadowfax,Karan Pillai,2026-05-21 16:51:00,
ORD101477,CUST00499,Hyderabad,Chennai,Chennai,Delivered,Xpressbees,Sneha Nair,2026-07-12 14:48:00,2026-07-11 14:48:00
ORD103664,CUST00113,Pune,Coimbatore,Chennai,Picked Up,BlueDart,Priya Agarwal,2026-04-25 18:08:00,
ORD103139,CUST01515,Delhi,Nagpur,Nagpur,Delivered,DTDC,Priya Patel,2026-08-19 22:01:00,2026-08-21 22:01:00
ORD101963,CUST02037,Mumbai,Jaipur,Lucknow,Out for Delivery,Ekart,Reyansh Shetty,2026-02-09 18:21:00,
ORD102769,CUST03153,Chennai,Bengaluru,Bengaluru,Delivered,Delhivery,Vivaan Iyer,2026-07-22 19:18:00,2026-07-21 19:18:00
ORD102507,CUST04688,Nagpur,Pune,Pune,Delivered,BlueDart,Meera Agarwal,2026-07-31 07:56:00,2026-08-01 07:56:00
ORD100589,CUST04458,Kochi,Jaipur,Jaipur,Delivered,Ekart,Ananya Sharma,2026-09-03 20:40:00,2026-09-03 20:40:00
ORD103579,CUST02336,Kochi,Mumbai,Mumbai,Delivered,Shadowfax,Aarav Singh,2026-07-07 09:28:00,2026-07-06 09:28:00
ORD102586,CUST00176,Indore,Pune,Pune,Delivered,Delhivery,Ira Mehta,2026-09-23 23:08:00,2026-09-25 23:08:00
ORD100220,CUST01466,Ahmedabad,Delhi,Jaipur,In Transit,Xpressbees,Myra Singh,2026-04-21 21:44:00,
ORD101212,CUST03703,Coimbatore,Surat,Surat,Delivered,Ekart,Ananya Malhotra,2026-04-01 14:48:00,2026-04-03 14:48:00
ORD102655,CUST03076,Kochi,Surat,Surat,Delivered,Delhivery,Anika Verma,2026-05-21 17:40:00,2026-05-23 17:40:00
ORD100953,CUST01613,Delhi,Nagpur,Nagpur,Delivered,Delhivery,Anika Verma,2026-09-19 07:49:00,2026-09-19 07:49:00
ORD103462,CUST01650,Jaipur,Kochi,Kochi,Delivered,Xpressbees,Rohan Joshi,2026-09-04 14:34:00,2026-09-03 14:34:00
ORD103072,CUST00788,Nagpur,Ahmedabad,Ahmedabad,Delivered,Delhivery,Pooja Pillai,2026-06-27 16:43:00,2026-06-28 16:43:00
ORD101518,CUST04159,Lucknow,Coimbatore,Coimbatore,Delivered,Shadowfax,Aarav Gupta,2026-06-16 09:46:00,2026-06-16 09:46:00
ORD102296,CUST02549,Kolkata,Hyderabad,Hyderabad,Delivered,Ekart,Rajesh Pillai,2026-05-11 15:59:00,2026-05-15 15:59:00
ORD101377,CUST00343,Mumbai,Jaipur,Lucknow,In Transit,Shadowfax,Neha Gupta,2026-05-02 09:28:00,
ORD102458,CUST04168,Delhi,Coimbatore,Coimbatore,Delivered,BlueDart,Arjun Mehta,2026-06-30 15:24:00,2026-07-04 15:24:00
ORD101351,CUST00283,Hyderabad,Bengaluru,Jaipur,Picked Up,DTDC,Rohan Sharma,2026-06-25 07:18:00,
ORD102234,CUST04526,Nagpur,Hyderabad,Hyderabad,Delivered,Xpressbees,Vikram Shetty,2026-06-02 06:59:00,2026-06-03 06:59:00
ORD104709,CUST04191,Mumbai,Indore,Mumbai,Pending,Shadowfax,Arjun Joshi,2026-05-16 10:48:00,
ORD102049,CUST02021,Delhi,Mumbai,Chennai,Pending,Ekart,Divya Iyer,2026-05-28 15:25:00,
ORD100158,CUST04637,Delhi,Chennai,Chennai,Delivered,Delhivery,Aadhya Chatterjee,2026-06-28 06:54:00,2026-06-30 06:54:00
ORD100519,CUST03438,Chennai,Kochi,Kochi,Delivered,Shadowfax,Divya Bose,2026-02-25 18:22:00,2026-02-26 18:22:00
ORD102341,CUST01132,Coimbatore,Surat,Surat,Delivered,Delhivery,Karan Bose,2026-02-23 04:31:00,2026-02-27 04:31:00
ORD100988,CUST03320,Ahmedabad,Indore,Indore,Delivered,Xpressbees,Reyansh Joshi,2026-07-19 14:34:00,2026-07-19 14:34:00
ORD100579,CUST04426,Surat,Nagpur,Nagpur,Pending,Shadowfax,Amit Patel,2026-04-09 00:16:00,
ORD102233,CUST01099,Kochi,Hyderabad,Hyderabad,Delivered,Xpressbees,Myra Gupta,2026-07-08 04:07:00,2026-07-10 04:07:00
ORD101695,CUST04040,Hyderabad,Lucknow,Kochi,Delayed,Xpressbees,Krishna Reddy,2026-05-16 09:46:00,
ORD100838,CUST01536,Pune,Ahmedabad,Ahmedabad,Delivered,Shadowfax,Aadhya Reddy,2026-09-09 00:40:00,2026-09-09 00:40:00
ORD100444,CUST03222,Kochi,Ahmedabad,Nagpur,Pending,Delhivery,Neha Reddy,2026-03-06 23:05:00,
ORD100252,CUST01054,Nagpur,Indore,Chennai,Out for Delivery,Xpressbees,Aadhya Sharma,2026-05-22 22:07:00,
ORD104434,CUST01397,Lucknow,Ahmedabad,Ahmedabad,Delivered,BlueDart,Anika Joshi,2026-08-02 06:41:00,2026-08-02 06:41:00
ORD101932,CUST01926,Pune,Lucknow,Lucknow,Delivered,Xpressbees,Arjun Sharma,2026-06-05 07:43:00,2026-06-07 07:43:00
ORD103559,CUST04737,Indore,Bengaluru,Bengaluru,Delivered,Ekart,Vikram Pillai,2026-06-26 21:40:00,2026-06-26 21:40:00
ORD100624,CUST03777,Bengaluru,Kolkata,Kolkata,Delivered,Xpressbees,Ira Bose,2026-09-07 02:42:00,2026-09-06 02:42:00
ORD104935,CUST01854,Mumbai,Indore,Indore,Delivered,Xpressbees,Divya Gupta,2026-09-08 05:26:00,2026-09-12 05:26:00
ORD101164,CUST02462,Delhi,Surat,Surat,Delivered,Shadowfax,Kavya Desai,2026-04-12 05:35:00,2026-04-12 05:35:00
ORD100641,CUST02185,Kolkata,Kochi,Pune,In Transit,Ekart,Vikram Agarwal,2026-05-08 19:05:00,
ORD100280,CUST01457,Jaipur,Kolkata,Kolkata,Delivered,DTDC,Ananya Kumar,2026-09-26 14:24:00,2026-09-28 14:24:00
ORD102798,CUST00145,Delhi,Bengaluru,Hyderabad,Picked Up,Xpressbees,Vihaan Mehta,2026-04-23 03:54:00,
ORD104437,CUST04980,Kolkata,Surat,Surat,Delivered,Shadowfax,Aarav Singh,2026-06-24 16:10:00,2026-06-25 16:10:00
ORD102906,CUST00523,Bengaluru,Lucknow,Coimbatore,Out for Delivery,Delhivery,Vikram Shetty,2026-04-17 03:36:00,
ORD103503,CUST02118,Hyderabad,Surat,Surat,Delivered,Delhivery,Aadhya Verma,2026-07-17 21:56:00,2026-07-18 21:56:00
ORD104375,CUST00622,Hyderabad,Surat,Kochi,Out for Delivery,Ekart,Krishna Pillai,2026-02-13 09:40:00,
ORD102865,CUST03604,Chandigarh,Hyderabad,Hyderabad,Delivered,BlueDart,Anika Sharma,2026-02-18 15:02:00,2026-02-22 15:02:00
ORD100965,CUST03986,Surat,Kochi,Pune,Delayed,DTDC,Aditya Reddy,2026-09-18 04:19:00,
ORD101433,CUST00755,Ahmedabad,Kolkata,Indore,Out for Delivery,Delhivery,Riya Mehta,2026-08-19 20:53:00,
ORD100240,CUST00309,Hyderabad,Chandigarh,Surat,Delayed,Shadowfax,Rohan Kapoor,2026-03-30 14:57:00,
ORD100622,CUST00462,Hyderabad,Surat,Surat,Delivered,Shadowfax,Pooja Agarwal,2026-05-13 00:43:00,2026-05-12 00:43:00
ORD101620,CUST01450,Coimbatore,Ahmedabad,Ahmedabad,Delivered,Shadowfax,Ishaan Rao,2026-02-18 21:31:00,2026-02-17 21:31:00
ORD103234,CUST02577,Indore,Surat,Surat,Delivered,DTDC,Karan Reddy,2026-05-30 06:49:00,2026-05-31 06:49:00
ORD103240,CUST01346,Kochi,Pune,Bengaluru,Out for Delivery,Delhivery,Anika Kapoor,2026-05-19 03:44:00,
ORD103057,CUST04809,Pune,Lucknow,Coimbatore,Delayed,Ekart,Meera Pillai,2026-08-14 07:01:00,
ORD101550,CUST00414,Chennai,Indore,Bengaluru,Returned to Sender,Ekart,Aadhya Agarwal,2026-04-18 23:29:00,
ORD101320,CUST01289,Surat,Hyderabad,Delhi,Picked Up,BlueDart,Vikram Mehta,2026-06-07 19:37:00,
ORD101240,CUST00636,Kochi,Chandigarh,Coimbatore,Returned to Sender,Shadowfax,Sai Verma,2026-06-20 06:41:00,
ORD101246,CUST04463,Nagpur,Kochi,Delhi,Delayed,Shadowfax,Rohan Chatterjee,2026-04-24 05:48:00,
ORD103410,CUST00571,Lucknow,Surat,Surat,Delivered,Delhivery,Rahul Singh,2026-02-10 01:27:00,2026-02-14 01:27:00
ORD104117,CUST04028,Nagpur,Chennai,Chennai,Delivered,BlueDart,Ira Malhotra,2026-09-21 09:45:00,2026-09-25 09:45:00
ORD101314,CUST03986,Bengaluru,Lucknow,Surat,Picked Up,Shadowfax,Priya Gupta,2026-09-21 04:25:00,
ORD100362,CUST01349,Bengaluru,Jaipur,Jaipur,Delivered,Delhivery,Myra Chatterjee,2026-03-29 20:16:00,2026-03-28 20:16:00
ORD100341,CUST00735,Lucknow,Jaipur,Mumbai,Pending,Delhivery,Myra Agarwal,2026-05-30 23:49:00,
ORD101371,CUST02044,Hyderabad,Ahmedabad,Ahmedabad,Out for Delivery,Ekart,Karan Kumar,2026-09-06 13:08:00,
ORD103116,CUST03367,Nagpur,Coimbatore,Coimbatore,Delivered,Shadowfax,Aarav Nair,2026-02-04 01:19:00,2026-02-06 01:19:00
ORD101352,CUST01535,Indore,Lucknow,Lucknow,Delivered,Delhivery,Aditya Iyer,2026-07-24 13:17:00,2026-07-23 13:17:00
ORD103381,CUST03774,Delhi,Kolkata,Kolkata,Delivered,BlueDart,Kavya Kapoor,2026-04-17 13:36:00,2026-04-16 13:36:00
ORD104777,CUST04423,Chennai,Chandigarh,Chandigarh,Delivered,Ekart,Myra Patel,2026-09-04 04:15:00,2026-09-04 04:15:00
ORD102659,CUST02490,Nagpur,Coimbatore,Kolkata,Pending,Delhivery,Ishaan Mehta,2026-03-28 11:22:00,
ORD104857,CUST03327,Mumbai,Pune,Kochi,Delayed,Ekart,Saanvi Shetty,2026-08-18 07:56:00,
ORD104373,CUST03588,Surat,Mumbai,Chandigarh,Returned to Sender,Xpressbees,Meera Gupta,2026-02-10 00:16:00,
ORD103251,CUST01938,Pune,Hyderabad,Hyderabad,Delivered,DTDC,Anika Kumar,2026-08-15 13:25:00,2026-08-15 13:25:00
ORD101203,CUST00887,Coimbatore,Indore,Kochi,In Transit,Xpressbees,Neha Malhotra,2026-02-27 12:24:00,
ORD103383,CUST02734,Indore,Pune,Pune,Delivered,BlueDart,Aarav Agarwal,2026-09-12 01:59:00,2026-09-16 01:59:00
ORD102898,CUST04466,Jaipur,Coimbatore,Kochi,Picked Up,Ekart,Saanvi Shetty,2026-07-25 11:19:00,
ORD102001,CUST02311,Mumbai,Ahmedabad,Surat,Out for Delivery,Ekart,Vivaan Joshi,2026-07-19 23:09:00,
ORD103494,CUST01548,Bengaluru,Surat,Lucknow,Returned to Sender,Ekart,Aarav Desai,2026-04-01 14:53:00,
ORD103316,CUST02881,Ahmedabad,Hyderabad,Nagpur,Returned to Sender,Xpressbees,Arjun Gupta,2026-06-11 03:59:00,
ORD104315,CUST03935,Chandigarh,Kochi,Surat,Picked Up,Delhivery,Sneha Rao,2026-08-30 13:14:00,
ORD102502,CUST04897,Lucknow,Chennai,Chennai,Delivered,DTDC,Arjun Singh,2026-07-25 11:32:00,2026-07-24 11:32:00
ORD101064,CUST04100,Bengaluru,Chennai,Lucknow,Out for Delivery,BlueDart,Vikram Kapoor,2026-06-13 12:21:00,
ORD104459,CUST00354,Chandigarh,Chennai,Delhi,Out for Delivery,Shadowfax,Saanvi Verma,2026-08-28 01:11:00,
ORD103756,CUST03714,Jaipur,Lucknow,Kochi,In Transit,BlueDart,Ananya Desai,2026-05-12 07:39:00,
ORD104486,CUST00412,Jaipur,Chennai,Chennai,Delivered,Xpressbees,Vihaan Kumar,2026-06-18 00:42:00,2026-06-18 00:42:00
ORD101341,CUST04545,Lucknow,Kolkata,Chandigarh,Returned to Sender,DTDC,Vivaan Pillai,2026-02-18 06:28:00,
ORD103982,CUST03659,Chennai,Jaipur,Bengaluru,Delayed,Xpressbees,Riya Singh,2026-06-13 23:08:00,
ORD102606,CUST02747,Bengaluru,Chennai,Chennai,Delivered,Xpressbees,Ira Patel,2026-07-30 04:48:00,2026-08-03 04:48:00
ORD103894,CUST04394,Kolkata,Pune,Pune,Delivered,Xpressbees,Rahul Patel,2026-02-15 20:07:00,2026-02-19 20:07:00
ORD101348,CUST01536,Bengaluru,Indore,Indore,Delivered,BlueDart,Karan Pillai,2026-09-21 16:00:00,2026-09-25 16:00:00
ORD104933,CUST00945,Mumbai,Kochi,Kochi,Delivered,Xpressbees,Aarav Nair,2026-02-18 08:12:00,2026-02-19 08:12:00
ORD101743,CUST03769,Pune,Surat,Lucknow,In Transit,BlueDart,Kavya Malhotra,2026-04-25 05:04:00,
ORD102192,CUST03310,Lucknow,Indore,Jaipur,In Transit,Xpressbees,Pooja Mehta,2026-05-29 13:12:00,
ORD100085,CUST02971,Coimbatore,Nagpur,Nagpur,Delivered,Shadowfax,Rahul Malhotra,2026-02-11 05:50:00,2026-02-13 05:50:00
ORD102996,CUST00552,Delhi,Coimbatore,Coimbatore,Delivered,Ekart,Kavya Agarwal,2026-08-25 04:55:00,2026-08-25 04:55:00
ORD102916,CUST02487,Coimbatore,Lucknow,Kochi,In Transit,Delhivery,Riya Chatterjee,2026-02-07 15:14:00,
ORD101602,CUST02301,Indore,Mumbai,Mumbai,Delivered,Delhivery,Rahul Chatterjee,2026-02-06 06:03:00,2026-02-06 06:03:00
ORD103525,CUST02133,Lucknow,Delhi,Mumbai,In Transit,Xpressbees,Arjun Verma,2026-02-17 20:13:00,
ORD104482,CUST04016,Ahmedabad,Bengaluru,Bengaluru,Delivered,Xpressbees,Diya Singh,2026-08-10 19:45:00,2026-08-14 19:45:00
ORD103640,CUST04197,Chennai,Lucknow,Lucknow,Delivered,Shadowfax,Amit Kumar,2026-06-11 14:47:00,2026-06-10 14:47:00
ORD103468,CUST03349,Lucknow,Ahmedabad,Ahmedabad,Delivered,BlueDart,Anika Rao,2026-06-27 08:43:00,2026-06-27 08:43:00
ORD100134,CUST04860,Ahmedabad,Nagpur,Coimbatore,Out for Delivery,Delhivery,Riya Desai,2026-05-07 17:09:00,
ORD101876,CUST01076,Bengaluru,Pune,Pune,Delivered,Xpressbees,Reyansh Shetty,2026-05-19 14:52:00,2026-05-18 14:52:00
