part_id,part_name,commodity_group,hs_code,unit_cost,weight_kg,supplier_id
PART00000,Electronics_Component_0000,Electronics,8471.46.4770,3037.29,17.62,SUP00162
PART00001,Mechanical_Component_0001,Mechanical,8542.34.5106,3390.43,36.05,SUP00168
PART00002,Packaging_Component_0002,Packaging,7318.97.3240,3143.1,45.17,SUP00165
PART00003,Raw Material_Component_0003,Raw Material,3926.15.6061,3944.11,1.68,SUP00093
PART00004,Chemical_Component_0004,Chemical,6109.26.2476,4548.59,16.34,SUP00106
PART00005,Textile_Component_0005,Textile,7010.32.4289,665.14,26.97,SUP00093
PART00006,Plastic_Component_0006,Plastic,4016.77.9221,4567.87,41.53,SUP00065
PART00007,Metal_Component_0007,Metal,3904.71.5835,3734.06,16.94,SUP00029
PART00008,Glass_Component_0008,Glass,2918.69.2233,708.08,48.33,SUP00173
PART00009,Rubber_Component_0009,Rubber,8544.96.7511,4836.51,40.23,SUP00093
PART00010,Electronics_Component_0010,Electronics,8471.21.7464,74.52,26.83,SUP00116
PART00011,Mechanical_Component_0011,Mechanical,8542.57.5295,2924.88,41.12,SUP00095
PART00012,Packaging_Component_0012,Packaging,7318.23.4830,2360.03,30.98,SUP00143
PART00013,Raw Material_Component_0013,Raw Material,3926.51.4626,3240.02,31.77,SUP00118
PART00014,Chemical_Component_0014,Chemical,6109.99.5951,3247.95,5.84,SUP00011
PART00015,Textile_Component_0015,Textile,7010.14.5986,4979.66,5.81,SUP00060
PART00016,Plastic_Component_0016,Plastic,4016.78.3222,1946.29,18.56,SUP00190
PART00017,Metal_Component_0017,Metal,3904.99.9850,2098.54,37.12,SUP00039
PART00018,Glass_Component_0018,Glass,2918.63.2622,4169.3,30.79,SUP00071
PART00019,Rubber_Component_0019,Rubber,8544.14.7070,1090.26,22.24,SUP00060
PART00020,Electronics_Component_0020,Electronics,8471.56.2627,4904.73,18.37,SUP00165
PART00021,Mechanical_Component_0021,Mechanical,8542.55.1992,1993.71,9.5,SUP00031
PART00022,Packaging_Component_0022,Packaging,7318.68.2501,3315.53,32.09,SUP00152
PART00023,Raw Material_Component_0023,Raw Material,3926.12.1828,3935.04,12.19,SUP00032
PART00024,Chemical_Component_0024,Chemical,6109.82.4362,347.71,38.26,SUP00053
PART00025,Textile_Component_0025,Textile,7010.85.4538,4066.2,11.66,SUP00198
PART00026,Plastic_Component_0026,Plastic,4016.28.1046,1389.99,49.2,SUP00033
PART00027,Metal_Component_0027,Metal,3904.79.5106,3993.58,5.51,SUP00006
PART00028,Glass_Component_0028,Glass,2918.26.1243,1794.42,39.42,SUP00150
PART00029,Rubber_Component_0029,Rubber,8544.51.1258,875.36,2.63,SUP00189
PART00030,Electronics_Component_0030,Electronics,8471.63.9619,572.68,3.19,SUP00114
PART00031,Mechanical_Component_0031,Mechanical,8542.56.9408,2970.36,22.61,SUP00056
PART00032,Packaging_Component_0032,Packaging,7318.88.1710,3637.58,45.44,SUP00168
PART00033,Raw Material_Component_0033,Raw Material,3926.76.5941,2292.92,48.2,SUP00015
PART00034,Chemical_Component_0034,Chemical,6109.71.7580,2134.24,5.41,SUP00182
PART00035,Textile_Component_0035,Textile,7010.66.2204,4496.84,16.11,SUP00037
PART00036,Plastic_Component_0036,Plastic,4016.18.3067,1378.7,31.66,SUP00140
PART00037,Metal_Component_0037,Metal,3904.51.7240,4973.17,26.53,SUP00116
PART00038,Glass_Component_0038,Glass,2918.74.8048,500.4,35.09,SUP00167
PART00039,Rubber_Component_0039,Rubber,8544.93.4522,2153.2,44.41,SUP00105
PART00040,Electronics_Component_0040,Electronics,8471.53.8430,1996.66,36.48,SUP00080
PART00041,Mechanical_Component_0041,Mechanical,8542.64.6120,3327.21,18.72,SUP00039
PART00042,Packaging_Component_0042,Packaging,7318.97.8770,340.33,41.59,SUP00023
PART00043,Raw Material_Component_0043,Raw Material,3926.65.2582,3724.22,18.64,SUP00033
PART00044,Chemical_Component_0044,Chemical,6109.81.1982,2934.39,28.08,SUP00084
PART00045,Textile_Component_0045,Textile,7010.95.3002,2056.99,43.68,SUP00192
PART00046,Plastic_Component_0046,Plastic,4016.64.1842,4842.15,30.02,SUP00090
PART00047,Metal_Component_0047,Metal,3904.23.9313,1067.63,32.84,SUP00057
PART00048,Glass_Component_0048,Glass,2918.23.6736,4227.64,18.38,SUP00195
PART00049,Rubber_Component_0049,Rubber,8544.45.4705,4037.07,42.26,SUP00196
PART00050,Electronics_Component_0050,Electronics,8471.89.1430,3046.93,32.89,SUP00177
PART00051,Mechanical_Component_0051,Mechanical,8542.44.1474,906.18,35.14,SUP00079
PART00052,Packaging_Component_0052,Packaging,7318.53.6751,35.5,43.49,SUP00144
PART00053,Raw Material_Component_0053,Raw Material,3926.94.7566,352.58,37.05,SUP00007
PART00054,Chemical_Component_0054,Chemical,6109.21.9691,1079.59,21.0,SUP00087
PART00055,Textile_Component_0055,Textile,7010.30.7062,1561.63,16.23,SUP00145
PART00056,Plastic_Component_0056,Plastic,4016.86.2391,4417.29,7.79,SUP00193
PART00057,Metal_Component_0057,Metal,3904.89.1815,3371.47,13.61,SUP00169
PART00058,Glass_Component_0058,Glass,2918.64.8957,3037.34,20.72,SUP00055
PART00059,Rubber_Component_0059,Rubber,8544.75.2864,1729.14,5.55,SUP00173
PART00060,Electronics_Component_0060,Electronics,8471.96.8972,2637.04,15.43,SUP00056
PART00061,Mechanical_Component_0061,Mechanical,8542.60.1897,43.4,15.08,SUP00054
PART00062,Packaging_Component_0062,Packaging,7318.27.5186,1450.79,6.01,SUP00127
PART00063,Raw Material_Component_0063,Raw Material,3926.65.3878,650.28,26.63,SUP00058
PART00064,Chemical_Component_0064,Chemical,6109.74.6802,365.02,43.09,SUP00010
PART00065,Textile_Component_0065,Textile,7010.65.1307,2301.47,3.9,SUP00080
PART00066,Plastic_Component_0066,Plastic,4016.83.8033,2869.13,35.48,SUP00106
PART00067,Metal_Component_0067,Metal,3904.47.2887,2028.14,48.31,SUP00043
PART00068,Glass_Component_0068,Glass,2918.89.8538,4160.97,45.99,SUP00022
PART00069,Rubber_Component_0069,Rubber,8544.65.2734,1220.37,29.45,SUP00134
PART00070,Electronics_Component_0070,Electronics,8471.20.7484,4353.27,37.29,SUP00056
PART00071,Mechanical_Component_0071,Mechanical,8542.52.3754,386.51,31.66,SUP00135
PART00072,Packaging_Component_0072,Packaging,7318.75.4176,4530.08,17.48,SUP00186
PART00073,Raw Material_Component_0073,Raw Material,3926.92.3419,1185.16,7.33,SUP00050
PART00074,Chemical_Component_0074,Chemical,6109.32.3504,3802.28,32.78,SUP00045
PART00075,Textile_Component_0075,Textile,7010.90.9095,2322.45,28.19,SUP00148
PART00076,Plastic_Component_0076,Plastic,4016.67.6295,4321.91,31.36,SUP00038
PART00077,Metal_Component_0077,Metal,3904.66.2118,2347.26,31.57,SUP00070
PART00078,Glass_Component_0078,Glass,2918.85.1920,1762.95,3.72,SUP00118
PART00079,Rubber_Component_0079,Rubber,8544.67.1616,289.17,41.59,SUP00019
PART00080,Electronics_Component_0080,Electronics,8471.92.2479,3076.97,25.36,SUP00118
PART00081,Mechanical_Component_0081,Mechanical,8542.84.1672,2251.42,40.49,SUP00166
PART00082,Packaging_Component_0082,Packaging,7318.34.6267,3027.0,25.07,SUP00015
PART00083,Raw Material_Component_0083,Raw Material,3926.67.2695,4055.78,41.87,SUP00182
PART00084,Chemical_Component_0084,Chemical,6109.20.9266,3232.4,1.97,SUP00181
PART00085,Textile_Component_0085,Textile,7010.66.8199,2622.72,30.49,SUP00093
PART00086,Plastic_Component_0086,Plastic,4016.57.5634,1940.15,38.73,SUP00173
PART00087,Metal_Component_0087,Metal,3904.86.1857,3947.19,32.37,SUP00016
PART00088,Glass_Component_0088,Glass,2918.52.2548,2792.03,19.33,SUP00064
PART00089,Rubber_Component_0089,Rubber,8544.94.3463,1670.14,29.14,SUP00036
PART00090,Electronics_Component_0090,Electronics,8471.54.6082,4838.64,34.93,SUP00100
PART00091,Mechanical_Component_0091,Mechanical,8542.26.2388,1551.36,18.84,SUP00084
PART00092,Packaging_Component_0092,Packaging,7318.26.9624,471.8,33.53,SUP00130
PART00093,Raw Material_Component_0093,Raw Material,3926.56.1298,1816.18,9.02,SUP00054
PART00094,Chemical_Component_0094,Chemical,6109.53.8967,964.07,50.0,SUP00039
PART00095,Textile_Component_0095,Textile,7010.19.5846,4222.92,5.07,SUP00197
PART00096,Plastic_Component_0096,Plastic,4016.79.9626,193.55,16.84,SUP00196
PART00097,Metal_Component_0097,Metal,3904.89.3147,2988.25,7.72,SUP00046
PART00098,Glass_Component_0098,Glass,2918.98.3712,3607.31,2.19,SUP00093
PART00099,Rubber_Component_0099,Rubber,8544.96.4891,4848.1,30.53,SUP00192
PART00100,Electronics_Component_0100,Electronics,8471.67.4833,2672.39,15.48,SUP00120
PART00101,Mechanical_Component_0101,Mechanical,8542.34.7026,3393.14,28.53,SUP00112
PART00102,Packaging_Component_0102,Packaging,7318.69.5616,3891.73,25.15,SUP00107
PART00103,Raw Material_Component_0103,Raw Material,3926.30.4271,4007.29,6.93,SUP00064
PART00104,Chemical_Component_0104,Chemical,6109.16.8873,4371.21,27.73,SUP00026
PART00105,Textile_Component_0105,Textile,7010.76.3042,1428.89,38.16,SUP00069
PART00106,Plastic_Component_0106,Plastic,4016.67.9410,741.01,21.88,SUP00056
PART00107,Metal_Component_0107,Metal,3904.67.6727,4652.71,20.75,SUP00101
PART00108,Glass_Component_0108,Glass,2918.74.7126,1182.71,49.73,SUP00095
PART00109,Rubber_Component_0109,Rubber,8544.38.1461,1596.83,4.96,SUP00182
PART00110,Electronics_Component_0110,Electronics,8471.93.6493,3957.95,6.89,SUP00073
PART00111,Mechanical_Component_0111,Mechanical,8542.70.3273,3795.41,23.46,SUP00157
PART00112,Packaging_Component_0112,Packaging,7318.10.2298,99.92,10.79,SUP00038
PART00113,Raw Material_Component_0113,Raw Material,3926.80.9647,2119.16,38.81,SUP00060
PART00114,Chemical_Component_0114,Chemical,6109.48.2996,243.51,21.0,SUP00159
PART00115,Textile_Component_0115,Textile,7010.68.2029,558.74,45.26,SUP00152
PART00116,Plastic_Component_0116,Plastic,4016.78.1269,3161.61,28.76,SUP00183
PART00117,Metal_Component_0117,Metal,3904.28.5772,2149.05,30.74,SUP00061
PART00118,Glass_Component_0118,Glass,2918.83.7825,940.63,33.41,SUP00134
PART00119,Rubber_Component_0119,Rubber,8544.56.2108,4767.25,27.21,SUP00129
PART00120,Electronics_Component_0120,Electronics,8471.80.1333,1955.32,23.51,SUP00162
PART00121,Mechanical_Component_0121,Mechanical,8542.59.7116,1271.98,0.82,SUP00017
PART00122,Packaging_Component_0122,Packaging,7318.54.4950,3666.04,31.42,SUP00197
PART00123,Raw Material_Component_0123,Raw Material,3926.84.6447,671.38,17.62,SUP00086
PART00124,Chemical_Component_0124,Chemical,6109.92.3868,4152.77,34.24,SUP00178
PART00125,Textile_Component_0125,Textile,7010.71.3986,4058.43,3.16,SUP00198
PART00126,Plastic_Component_0126,Plastic,4016.68.1605,1470.75,2.2,SUP00051
PART00127,Metal_Component_0127,Metal,3904.15.6170,4667.19,25.77,SUP00139
PART00128,Glass_Component_0128,Glass,2918.70.5150,187.92,32.35,SUP00073
PART00129,Rubber_Component_0129,Rubber,8544.55.1783,4329.66,16.6,SUP00031
PART00130,Electronics_Component_0130,Electronics,8471.57.8159,4447.99,37.17,SUP00098
PART00131,Mechanical_Component_0131,Mechanical,8542.53.4060,2483.54,24.88,SUP00132
PART00132,Packaging_Component_0132,Packaging,7318.44.2353,3636.77,3.96,SUP00154
PART00133,Raw Material_Component_0133,Raw Material,3926.33.9937,1472.36,5.14,SUP00083
PART00134,Chemical_Component_0134,Chemical,6109.94.5843,1535.95,30.14,SUP00109
PART00135,Textile_Component_0135,Textile,7010.31.8272,1760.98,2.13,SUP00090
PART00136,Plastic_Component_0136,Plastic,4016.88.8126,1376.4,49.0,SUP00014
PART00137,Metal_Component_0137,Metal,3904.19.7655,1819.74,40.06,SUP00173
PART00138,Glass_Component_0138,Glass,2918.30.1510,718.18,30.38,SUP00112
PART00139,Rubber_Component_0139,Rubber,8544.14.3068,340.83,38.93,SUP00093
PART00140,Electronics_Component_0140,Electronics,8471.56.7272,4747.59,1.63,SUP00039
PART00141,Mechanical_Component_0141,Mechanical,8542.96.8371,4744.37,18.61,SUP00195
PART00142,Packaging_Component_0142,Packaging,7318.19.3255,2649.65,19.91,SUP00166
PART00143,Raw Material_Component_0143,Raw Material,3926.45.5089,4802.8,1.31,SUP00047
PART00144,Chemical_Component_0144,Chemical,6109.73.9482,1938.0,28.09,SUP00067
PART00145,Textile_Component_0145,Textile,7010.43.8311,1076.78,30.6,SUP00177
PART00146,Plastic_Component_0146,Plastic,4016.72.4279,617.57,42.64,SUP00115
PART00147,Metal_Component_0147,Metal,3904.32.8292,4986.33,40.53,SUP00081
PART00148,Glass_Component_0148,Glass,2918.95.6692,3549.15,27.5,SUP00074
PART00149,Rubber_Component_0149,Rubber,8544.48.3580,3560.49,46.37,SUP00163
PART00150,Electronics_Component_0150,Electronics,8471.32.6922,2546.23,6.08,SUP00051
PART00151,Mechanical_Component_0151,Mechanical,8542.27.4878,3952.91,1.32,SUP00141
PART00152,Packaging_Component_0152,Packaging,7318.83.7044,2339.69,49.15,SUP00033
PART00153,Raw Material_Component_0153,Raw Material,3926.88.2412,333.41,19.91,SUP00183
PART00154,Chemical_Component_0154,Chemical,6109.71.9612,2056.92,20.48,SUP00147
PART00155,Textile_Component_0155,Textile,7010.19.3053,4862.04,32.12,SUP00115
PART00156,Plastic_Component_0156,Plastic,4016.69.9476,1725.85,43.9,SUP00199
PART00157,Metal_Component_0157,Metal,3904.80.3981,3840.07,6.46,SUP00128
PART00158,Glass_Component_0158,Glass,2918.17.3034,2592.92,15.21,SUP00041
PART00159,Rubber_Component_0159,Rubber,8544.51.4694,1733.39,47.05,SUP00072
PART00160,Electronics_Component_0160,Electronics,8471.20.5105,985.53,47.82,SUP00070
PART00161,Mechanical_Component_0161,Mechanical,8542.26.5961,3074.07,4.68,SUP00164
PART00162,Packaging_Component_0162,Packaging,7318.31.3526,860.15,31.23,SUP00154
PART00163,Raw Material_Component_0163,Raw Material,3926.53.1674,4127.06,1.43,SUP00011
PART00164,Chemical_Component_0164,Chemical,6109.92.5336,3257.39,38.35,SUP00106
PART00165,Textile_Component_0165,Textile,7010.89.1496,2492.7,31.36,SUP00074
PART00166,Plastic_Component_0166,Plastic,4016.92.5949,2417.31,40.24,SUP00175
PART00167,Metal_Component_0167,Metal,3904.61.5873,2270.45,34.43,SUP00040
PART00168,Glass_Component_0168,Glass,2918.66.7809,2423.83,10.21,SUP00155
PART00169,Rubber_Component_0169,Rubber,8544.28.6121,4308.12,15.97,SUP00088
PART00170,Electronics_Component_0170,Electronics,8471.61.3142,3804.52,25.75,SUP00027
PART00171,Mechanical_Component_0171,Mechanical,8542.50.4960,2335.03,13.38,SUP00063
PART00172,Packaging_Component_0172,Packaging,7318.28.2586,257.77,47.27,SUP00157
PART00173,Raw Material_Component_0173,Raw Material,3926.63.5067,4813.62,45.12,SUP00083
PART00174,Chemical_Component_0174,Chemical,6109.83.6123,953.22,7.98,SUP00131
PART00175,Textile_Component_0175,Textile,7010.69.9171,4395.98,24.87,SUP00023
PART00176,Plastic_Component_0176,Plastic,4016.60.9281,2288.87,12.04,SUP00149
PART00177,Metal_Component_0177,Metal,3904.55.1797,257.45,24.75,SUP00167
PART00178,Glass_Component_0178,Glass,2918.96.8710,1432.31,0.42,SUP00027
PART00179,Rubber_Component_0179,Rubber,8544.65.3194,4412.87,36.38,SUP00195
PART00180,Electronics_Component_0180,Electronics,8471.61.6995,230.99,2.57,SUP00143
PART00181,Mechanical_Component_0181,Mechanical,8542.34.6939,2768.35,3.69,SUP00129
PART00182,Packaging_Component_0182,Packaging,7318.67.5582,4127.43,31.17,SUP00156
PART00183,Raw Material_Component_0183,Raw Material,3926.25.3108,4875.54,19.7,SUP00086
PART00184,Chemical_Component_0184,Chemical,6109.81.6990,3776.05,9.96,SUP00130
PART00185,Textile_Component_0185,Textile,7010.61.9193,206.07,1.96,SUP00182
PART00186,Plastic_Component_0186,Plastic,4016.52.8761,2599.07,7.46,SUP00131
PART00187,Metal_Component_0187,Metal,3904.27.6373,4657.19,15.93,SUP00100
PART00188,Glass_Component_0188,Glass,2918.88.5902,2970.65,25.37,SUP00130
PART00189,Rubber_Component_0189,Rubber,8544.78.9025,3545.16,15.0,SUP00004
PART00190,Electronics_Component_0190,Electronics,8471.57.6427,3370.66,49.0,SUP00149
PART00191,Mechanical_Component_0191,Mechanical,8542.49.1436,2986.56,13.28,SUP00167
PART00192,Packaging_Component_0192,Packaging,7318.84.4728,3608.39,29.18,SUP00043
PART00193,Raw Material_Component_0193,Raw Material,3926.77.7229,743.14,34.04,SUP00008
PART00194,Chemical_Component_0194,Chemical,6109.83.2800,957.97,22.06,SUP00107
PART00195,Textile_Component_0195,Textile,7010.29.7765,3454.05,20.52,SUP00198
PART00196,Plastic_Component_0196,Plastic,4016.88.8726,4364.72,36.79,SUP00015
PART00197,Metal_Component_0197,Metal,3904.27.9498,1040.67,16.26,SUP00169
PART00198,Glass_Component_0198,Glass,2918.71.9609,1887.24,47.83,SUP00117
PART00199,Rubber_Component_0199,Rubber,8544.78.6608,2733.63,33.8,SUP00184
PART00200,Electronics_Component_0200,Electronics,8471.97.5331,3052.33,9.62,SUP00063
PART00201,Mechanical_Component_0201,Mechanical,8542.45.5890,1128.21,48.65,SUP00076
PART00202,Packaging_Component_0202,Packaging,7318.46.4396,3452.75,24.46,SUP00122
PART00203,Raw Material_Component_0203,Raw Material,3926.54.5480,1442.51,28.68,SUP00139
PART00204,Chemical_Component_0204,Chemical,6109.58.7464,4092.8,47.73,SUP00037
PART00205,Textile_Component_0205,Textile,7010.47.1689,1441.71,35.71,SUP00088
PART00206,Plastic_Component_0206,Plastic,4016.66.5201,3737.96,10.71,SUP00137
PART00207,Metal_Component_0207,Metal,3904.44.5450,690.68,30.79,SUP00150
PART00208,Glass_Component_0208,Glass,2918.40.4972,258.57,45.26,SUP00057
PART00209,Rubber_Component_0209,Rubber,8544.91.4814,267.19,20.67,SUP00183
PART00210,Electronics_Component_0210,Electronics,8471.70.2647,3407.55,6.88,SUP00140
PART00211,Mechanical_Component_0211,Mechanical,8542.30.7666,3266.2,44.03,SUP00121
PART00212,Packaging_Component_0212,Packaging,7318.71.4267,3780.78,14.37,SUP00073
PART00213,Raw Material_Component_0213,Raw Material,3926.92.1969,4540.15,4.48,SUP00146
PART00214,Chemical_Component_0214,Chemical,6109.39.9767,3694.74,42.52,SUP00009
PART00215,Textile_Component_0215,Textile,7010.32.7846,4411.81,8.8,SUP00009
PART00216,Plastic_Component_0216,Plastic,4016.60.9116,935.63,37.45,SUP00074
PART00217,Metal_Component_0217,Metal,3904.14.1151,1495.47,30.14,SUP00085
PART00218,Glass_Component_0218,Glass,2918.46.8444,4945.55,27.17,SUP00126
PART00219,Rubber_Component_0219,Rubber,8544.27.9261,2342.76,9.65,SUP00028
PART00220,Electronics_Component_0220,Electronics,8471.52.3662,3656.94,32.42,SUP00183
PART00221,Mechanical_Component_0221,Mechanical,8542.33.1230,3684.41,39.54,SUP00145
PART00222,Packaging_Component_0222,Packaging,7318.96.4164,881.6,42.81,SUP00103
PART00223,Raw Material_Component_0223,Raw Material,3926.64.9442,1642.99,20.05,SUP00024
PART00224,Chemical_Component_0224,Chemical,6109.33.3303,2389.88,46.79,SUP00001
PART00225,Textile_Component_0225,Textile,7010.43.7284,1181.43,37.69,SUP00084
PART00226,Plastic_Component_0226,Plastic,4016.48.1187,1311.46,17.98,SUP00060
PART00227,Metal_Component_0227,Metal,3904.17.2936,2329.65,7.99,SUP00175
PART00228,Glass_Component_0228,Glass,2918.74.6095,3453.0,31.94,SUP00075
PART00229,Rubber_Component_0229,Rubber,8544.57.4618,1099.55,6.69,SUP00039
PART00230,Electronics_Component_0230,Electronics,8471.68.7121,2082.15,27.47,SUP00120
PART00231,Mechanical_Component_0231,Mechanical,8542.78.4578,3810.49,34.02,SUP00152
PART00232,Packaging_Component_0232,Packaging,7318.20.9609,2236.51,35.19,SUP00019
PART00233,Raw Material_Component_0233,Raw Material,3926.82.2838,313.48,27.39,SUP00129
PART00234,Chemical_Component_0234,Chemical,6109.35.9792,753.51,16.41,SUP00133
PART00235,Textile_Component_0235,Textile,7010.66.2904,3403.07,35.85,SUP00125
PART00236,Plastic_Component_0236,Plastic,4016.21.9361,2230.19,2.79,SUP00033
PART00237,Metal_Component_0237,Metal,3904.75.7806,2286.71,2.9,SUP00118
PART00238,Glass_Component_0238,Glass,2918.96.6049,3617.78,19.8,SUP00000
PART00239,Rubber_Component_0239,Rubber,8544.37.2196,231.22,17.23,SUP00016
PART00240,Electronics_Component_0240,Electronics,8471.79.1987,4673.24,3.46,SUP00120
PART00241,Mechanical_Component_0241,Mechanical,8542.14.5703,2047.29,38.45,SUP00196
PART00242,Packaging_Component_0242,Packaging,7318.92.7887,1875.43,44.57,SUP00114
PART00243,Raw Material_Component_0243,Raw Material,3926.58.7154,405.85,48.21,SUP00138
PART00244,Chemical_Component_0244,Chemical,6109.27.6697,597.57,49.64,SUP00100
PART00245,Textile_Component_0245,Textile,7010.77.3086,3640.65,11.14,SUP00000
PART00246,Plastic_Component_0246,Plastic,4016.12.5888,2317.7,35.96,SUP00108
PART00247,Metal_Component_0247,Metal,3904.78.7214,4117.69,12.38,SUP00088
PART00248,Glass_Component_0248,Glass,2918.29.5516,946.46,43.76,SUP00195
PART00249,Rubber_Component_0249,Rubber,8544.24.1527,4048.34,20.97,SUP00196
PART00250,Electronics_Component_0250,Electronics,8471.12.4943,1034.38,5.05,SUP00008
PART00251,Mechanical_Component_0251,Mechanical,8542.67.1797,1227.45,2.22,SUP00112
PART00252,Packaging_Component_0252,Packaging,7318.39.9843,1090.26,43.19,SUP00014
PART00253,Raw Material_Component_0253,Raw Material,3926.27.9255,4967.45,11.72,SUP00187
PART00254,Chemical_Component_0254,Chemical,6109.83.6224,2889.49,38.63,SUP00082
PART00255,Textile_Component_0255,Textile,7010.40.5944,4381.91,49.28,SUP00133
PART00256,Plastic_Component_0256,Plastic,4016.38.7775,1506.0,3.06,SUP00151
PART00257,Metal_Component_0257,Metal,3904.32.7999,2781.47,2.35,SUP00088
PART00258,Glass_Component_0258,Glass,2918.92.7244,3930.09,15.94,SUP00106
PART00259,Rubber_Component_0259,Rubber,8544.62.3444,1502.94,9.2,SUP00137
PART00260,Electronics_Component_0260,Electronics,8471.70.4948,4247.46,15.04,SUP00181
PART00261,Mechanical_Component_0261,Mechanical,8542.28.8586,4574.13,28.12,SUP00106
PART00262,Packaging_Component_0262,Packaging,7318.81.9683,674.79,12.15,SUP00052
PART00263,Raw Material_Component_0263,Raw Material,3926.52.2295,4611.52,42.36,SUP00023
PART00264,Chemical_Component_0264,Chemical,6109.78.4120,262.43,18.86,SUP00154
PART00265,Textile_Component_0265,Textile,7010.87.1647,4368.73,9.42,SUP00194
PART00266,Plastic_Component_0266,Plastic,4016.85.4555,2399.57,43.47,SUP00085
PART00267,Metal_Component_0267,Metal,3904.48.1251,1062.98,9.51,SUP00189
PART00268,Glass_Component_0268,Glass,2918.25.8846,4572.63,34.78,SUP00180
PART00269,Rubber_Component_0269,Rubber,8544.36.7498,4576.06,27.61,SUP00198
PART00270,Electronics_Component_0270,Electronics,8471.46.7236,2333.92,32.44,SUP00078
PART00271,Mechanical_Component_0271,Mechanical,8542.43.6892,2566.52,24.87,SUP00025
PART00272,Packaging_Component_0272,Packaging,7318.70.6246,4572.08,18.54,SUP00105
PART00273,Raw Material_Component_0273,Raw Material,3926.15.4625,3707.56,0.82,SUP00141
PART00274,Chemical_Component_0274,Chemical,6109.84.7841,1479.49,9.82,SUP00058
PART00275,Textile_Component_0275,Textile,7010.58.5026,2499.01,32.73,SUP00175
PART00276,Plastic_Component_0276,Plastic,4016.53.5216,3817.99,24.44,SUP00185
PART00277,Metal_Component_0277,Metal,3904.92.9037,2306.84,36.64,SUP00090
PART00278,Glass_Component_0278,Glass,2918.31.3293,3602.97,24.42,SUP00138
PART00279,Rubber_Component_0279,Rubber,8544.92.1962,2622.1,41.96,SUP00019
PART00280,Electronics_Component_0280,Electronics,8471.95.1794,3822.87,20.63,SUP00161
PART00281,Mechanical_Component_0281,Mechanical,8542.39.2113,3537.31,0.47,SUP00129
PART00282,Packaging_Component_0282,Packaging,7318.68.7114,306.95,31.89,SUP00157
PART00283,Raw Material_Component_0283,Raw Material,3926.71.8993,83.58,26.62,SUP00105
PART00284,Chemical_Component_0284,Chemical,6109.11.1274,2649.44,13.74,SUP00073
PART00285,Textile_Component_0285,Textile,7010.12.9228,4066.72,33.7,SUP00045
PART00286,Plastic_Component_0286,Plastic,4016.23.2578,2624.31,12.06,SUP00158
PART00287,Metal_Component_0287,Metal,3904.77.5135,4077.0,13.37,SUP00101
PART00288,Glass_Component_0288,Glass,2918.20.7112,4796.69,22.96,SUP00062
PART00289,Rubber_Component_0289,Rubber,8544.99.4700,1503.37,41.4,SUP00020
PART00290,Electronics_Component_0290,Electronics,8471.93.1519,472.04,18.97,SUP00141
PART00291,Mechanical_Component_0291,Mechanical,8542.70.1919,3185.56,35.15,SUP00021
PART00292,Packaging_Component_0292,Packaging,7318.73.8109,3226.31,16.57,SUP00024
PART00293,Raw Material_Component_0293,Raw Material,3926.77.1697,1152.68,45.06,SUP00177
PART00294,Chemical_Component_0294,Chemical,6109.82.8790,1359.12,46.21,SUP00175
PART00295,Textile_Component_0295,Textile,7010.45.9897,2819.73,1.65,SUP00080
PART00296,Plastic_Component_0296,Plastic,4016.12.4394,2937.25,37.62,SUP00182
PART00297,Metal_Component_0297,Metal,3904.60.2260,1499.89,28.2,SUP00145
PART00298,Glass_Component_0298,Glass,2918.59.9856,1661.99,37.78,SUP00035
PART00299,Rubber_Component_0299,Rubber,8544.98.2284,2506.46,48.72,SUP00013
PART00300,Electronics_Component_0300,Electronics,8471.22.8161,1164.56,3.81,SUP00154
PART00301,Mechanical_Component_0301,Mechanical,8542.88.7499,4844.76,16.33,SUP00162
PART00302,Packaging_Component_0302,Packaging,7318.44.8381,2455.56,17.8,SUP00096
PART00303,Raw Material_Component_0303,Raw Material,3926.65.4043,3400.08,33.04,SUP00021
PART00304,Chemical_Component_0304,Chemical,6109.89.5839,3991.29,35.66,SUP00021
PART00305,Textile_Component_0305,Textile,7010.44.3526,1903.1,39.2,SUP00039
PART00306,Plastic_Component_0306,Plastic,4016.59.6188,1806.7,4.59,SUP00078
PART00307,Metal_Component_0307,Metal,3904.66.6896,3807.93,5.12,SUP00022
PART00308,Glass_Component_0308,Glass,2918.33.8061,2246.97,27.74,SUP00104
PART00309,Rubber_Component_0309,Rubber,8544.23.1430,452.65,27.72,SUP00152
PART00310,Electronics_Component_0310,Electronics,8471.86.6315,4319.27,0.63,SUP00105
PART00311,Mechanical_Component_0311,Mechanical,8542.59.2387,3625.6,27.98,SUP00062
PART00312,Packaging_Component_0312,Packaging,7318.83.9537,852.07,19.04,SUP00035
PART00313,Raw Material_Component_0313,Raw Material,3926.44.5933,1345.69,7.31,SUP00042
PART00314,Chemical_Component_0314,Chemical,6109.65.5521,2108.41,24.22,SUP00019
PART00315,Textile_Component_0315,Textile,7010.56.5123,4721.39,36.05,SUP00126
PART00316,Plastic_Component_0316,Plastic,4016.86.4203,2292.02,6.78,SUP00001
PART00317,Metal_Component_0317,Metal,3904.60.6443,4208.86,19.0,SUP00084
PART00318,Glass_Component_0318,Glass,2918.66.6484,2155.93,41.18,SUP00166
PART00319,Rubber_Component_0319,Rubber,8544.86.3230,1505.67,30.16,SUP00177
PART00320,Electronics_Component_0320,Electronics,8471.35.8848,1574.35,48.23,SUP00081
PART00321,Mechanical_Component_0321,Mechanical,8542.47.9044,4838.98,39.1,SUP00083
PART00322,Packaging_Component_0322,Packaging,7318.58.5592,4083.39,19.65,SUP00029
PART00323,Raw Material_Component_0323,Raw Material,3926.82.4273,2963.17,27.29,SUP00174
PART00324,Chemical_Component_0324,Chemical,6109.80.1440,4765.26,23.09,SUP00181
PART00325,Textile_Component_0325,Textile,7010.36.8183,3989.44,41.57,SUP00017
PART00326,Plastic_Component_0326,Plastic,4016.62.9180,700.2,15.15,SUP00064
PART00327,Metal_Component_0327,Metal,3904.94.3525,3577.61,39.46,SUP00018
PART00328,Glass_Component_0328,Glass,2918.67.8851,2913.31,26.72,SUP00177
PART00329,Rubber_Component_0329,Rubber,8544.63.9907,188.64,48.42,SUP00179
PART00330,Electronics_Component_0330,Electronics,8471.78.2392,551.3,12.42,SUP00170
PART00331,Mechanical_Component_0331,Mechanical,8542.55.3725,3236.76,2.22,SUP00165
PART00332,Packaging_Component_0332,Packaging,7318.96.7547,4834.22,16.59,SUP00110
PART00333,Raw Material_Component_0333,Raw Material,3926.23.1172,497.54,11.11,SUP00191
PART00334,Chemical_Component_0334,Chemical,6109.76.4621,2231.66,19.56,SUP00197
PART00335,Textile_Component_0335,Textile,7010.96.9199,757.97,49.89,SUP00123
PART00336,Plastic_Component_0336,Plastic,4016.23.5840,2082.8,48.09,SUP00029
PART00337,Metal_Component_0337,Metal,3904.28.6707,1562.89,22.77,SUP00052
PART00338,Glass_Component_0338,Glass,2918.76.8912,1744.76,4.89,SUP00184
PART00339,Rubber_Component_0339,Rubber,8544.99.8412,1597.95,15.02,SUP00181
PART00340,Electronics_Component_0340,Electronics,8471.24.1370,4246.65,32.4,SUP00173
PART00341,Mechanical_Component_0341,Mechanical,8542.31.4996,2582.39,27.6,SUP00084
PART00342,Packaging_Component_0342,Packaging,7318.81.7985,4792.52,11.6,SUP00103
PART00343,Raw Material_Component_0343,Raw Material,3926.90.4022,936.0,32.87,SUP00101
PART00344,Chemical_Component_0344,Chemical,6109.13.4232,2250.63,21.48,SUP00001
PART00345,Textile_Component_0345,Textile,7010.37.4371,1395.33,35.19,SUP00016
PART00346,Plastic_Component_0346,Plastic,4016.83.2667,3998.51,26.85,SUP00093
PART00347,Metal_Component_0347,Metal,3904.51.4228,2290.46,13.13,SUP00125
PART00348,Glass_Component_0348,Glass,2918.77.6134,2986.87,30.57,SUP00150
PART00349,Rubber_Component_0349,Rubber,8544.24.6700,1763.16,22.9,SUP00044
PART00350,Electronics_Component_0350,Electronics,8471.96.5873,4593.82,29.51,SUP00172
PART00351,Mechanical_Component_0351,Mechanical,8542.27.6131,593.72,15.28,SUP00046
PART00352,Packaging_Component_0352,Packaging,7318.57.3316,2556.57,20.92,SUP00035
PART00353,Raw Material_Component_0353,Raw Material,3926.83.7286,2118.08,24.34,SUP00137
PART00354,Chemical_Component_0354,Chemical,6109.98.3838,2776.79,24.49,SUP00035
PART00355,Textile_Component_0355,Textile,7010.33.6154,4210.72,30.97,SUP00091
PART00356,Plastic_Component_0356,Plastic,4016.11.8939,686.99,40.76,SUP00143
PART00357,Metal_Component_0357,Metal,3904.74.9109,2048.63,24.59,SUP00181
PART00358,Glass_Component_0358,Glass,2918.66.9006,840.43,28.27,SUP00194
PART00359,Rubber_Component_0359,Rubber,8544.38.5785,168.31,11.25,SUP00073
PART00360,Electronics_Component_0360,Electronics,8471.31.8492,2830.42,38.63,SUP00126
PART00361,Mechanical_Component_0361,Mechanical,8542.80.9369,570.49,5.72,SUP00198
PART00362,Packaging_Component_0362,Packaging,7318.79.7010,2712.51,37.84,SUP00194
PART00363,Raw Material_Component_0363,Raw Material,3926.66.9951,1096.62,21.26,SUP00188
PART00364,Chemical_Component_0364,Chemical,6109.93.5055,1492.06,49.97,SUP00115
PART00365,Textile_Component_0365,Textile,7010.43.6711,4311.69,4.36,SUP00030
PART00366,Plastic_Component_0366,Plastic,4016.40.4438,4054.46,29.4,SUP00089
PART00367,Metal_Component_0367,Metal,3904.88.8015,834.08,6.97,SUP00052
PART00368,Glass_Component_0368,Glass,2918.36.1972,2852.52,26.62,SUP00152
PART00369,Rubber_Component_0369,Rubber,8544.78.3758,1621.65,35.21,SUP00074
PART00370,Electronics_Component_0370,Electronics,8471.83.5380,4762.22,25.73,SUP00173
PART00371,Mechanical_Component_0371,Mechanical,8542.22.3221,4814.05,39.29,SUP00015
PART00372,Packaging_Component_0372,Packaging,7318.45.3078,3508.63,6.64,SUP00037
PART00373,Raw Material_Component_0373,Raw Material,3926.51.5055,3808.56,33.81,SUP00125
PART00374,Chemical_Component_0374,Chemical,6109.28.5402,3140.93,18.76,SUP00019
PART00375,Textile_Component_0375,Textile,7010.91.2525,2017.24,37.49,SUP00177
PART00376,Plastic_Component_0376,Plastic,4016.57.8449,4751.52,16.37,SUP00000
PART00377,Metal_Component_0377,Metal,3904.21.8511,3176.03,34.87,SUP00016
PART00378,Glass_Component_0378,Glass,2918.78.7516,1093.06,21.49,SUP00054
PART00379,Rubber_Component_0379,Rubber,8544.73.5399,1617.71,14.19,SUP00140
PART00380,Electronics_Component_0380,Electronics,8471.83.3139,2832.88,24.27,SUP00087
PART00381,Mechanical_Component_0381,Mechanical,8542.97.1793,234.48,31.31,SUP00117
PART00382,Packaging_Component_0382,Packaging,7318.12.3035,4647.52,7.91,SUP00116
PART00383,Raw Material_Component_0383,Raw Material,3926.10.8009,1015.58,34.43,SUP00033
PART00384,Chemical_Component_0384,Chemical,6109.93.5945,799.09,46.64,SUP00070
PART00385,Textile_Component_0385,Textile,7010.21.6905,1255.69,18.6,SUP00166
PART00386,Plastic_Component_0386,Plastic,4016.31.1848,1984.73,15.28,SUP00179
PART00387,Metal_Component_0387,Metal,3904.39.8032,3279.15,35.19,SUP00000
PART00388,Glass_Component_0388,Glass,2918.37.8812,394.3,29.69,SUP00132
PART00389,Rubber_Component_0389,Rubber,8544.97.8291,51.39,34.78,SUP00030
PART00390,Electronics_Component_0390,Electronics,8471.64.3165,2391.11,11.46,SUP00022
PART00391,Mechanical_Component_0391,Mechanical,8542.23.2690,1570.19,44.05,SUP00035
PART00392,Packaging_Component_0392,Packaging,7318.58.3181,3209.67,33.86,SUP00017
PART00393,Raw Material_Component_0393,Raw Material,3926.77.1138,3053.54,8.21,SUP00089
PART00394,Chemical_Component_0394,Chemical,6109.37.3480,4599.87,30.81,SUP00113
PART00395,Textile_Component_0395,Textile,7010.37.2420,4483.48,7.01,SUP00031
PART00396,Plastic_Component_0396,Plastic,4016.85.7291,1760.92,21.48,SUP00035
PART00397,Metal_Component_0397,Metal,3904.41.5537,3224.88,12.42,SUP00153
PART00398,Glass_Component_0398,Glass,2918.86.5668,3895.95,34.53,SUP00168
PART00399,Rubber_Component_0399,Rubber,8544.48.4366,2591.16,25.48,SUP00191
PART00400,Electronics_Component_0400,Electronics,8471.60.5842,3232.62,39.19,SUP00061
PART00401,Mechanical_Component_0401,Mechanical,8542.73.7322,568.15,24.98,SUP00152
PART00402,Packaging_Component_0402,Packaging,7318.19.9655,4444.18,0.61,SUP00092
PART00403,Raw Material_Component_0403,Raw Material,3926.50.3162,1937.26,41.95,SUP00107
PART00404,Chemical_Component_0404,Chemical,6109.56.9951,3416.3,38.14,SUP00197
PART00405,Textile_Component_0405,Textile,7010.19.1273,2938.88,0.7,SUP00055
PART00406,Plastic_Component_0406,Plastic,4016.15.1990,4743.66,19.9,SUP00073
PART00407,Metal_Component_0407,Metal,3904.90.9209,3836.71,21.18,SUP00102
PART00408,Glass_Component_0408,Glass,2918.20.9791,2690.59,7.64,SUP00021
PART00409,Rubber_Component_0409,Rubber,8544.49.2294,2558.97,10.17,SUP00039
PART00410,Electronics_Component_0410,Electronics,8471.78.6353,1956.7,31.72,SUP00166
PART00411,Mechanical_Component_0411,Mechanical,8542.97.2083,1554.3,21.88,SUP00061
PART00412,Packaging_Component_0412,Packaging,7318.17.5005,435.63,21.73,SUP00116
PART00413,Raw Material_Component_0413,Raw Material,3926.88.1901,1549.9,37.09,SUP00189
PART00414,Chemical_Component_0414,Chemical,6109.32.2956,68.26,6.87,SUP00002
PART00415,Textile_Component_0415,Textile,7010.30.9133,4765.32,26.16,SUP00184
PART00416,Plastic_Component_0416,Plastic,4016.43.3735,1862.49,37.49,SUP00068
PART00417,Metal_Component_0417,Metal,3904.25.1480,1678.38,21.47,SUP00134
PART00418,Glass_Component_0418,Glass,2918.18.5308,3563.05,28.84,SUP00019
PART00419,Rubber_Component_0419,Rubber,8544.73.8457,2556.36,2.78,SUP00145
PART00420,Electronics_Component_0420,Electronics,8471.31.7024,790.76,38.67,SUP00146
PART00421,Mechanical_Component_0421,Mechanical,8542.96.2889,1145.88,25.45,SUP00011
PART00422,Packaging_Component_0422,Packaging,7318.11.5006,234.68,18.21,SUP00038
PART00423,Raw Material_Component_0423,Raw Material,3926.32.1579,2766.56,45.7,SUP00189
PART00424,Chemical_Component_0424,Chemical,6109.93.7870,1126.45,12.42,SUP00184
PART00425,Textile_Component_0425,Textile,7010.50.5444,4130.85,28.58,SUP00030
PART00426,Plastic_Component_0426,Plastic,4016.74.1862,900.83,40.22,SUP00011
PART00427,Metal_Component_0427,Metal,3904.61.2129,4385.57,43.3,SUP00198
PART00428,Glass_Component_0428,Glass,2918.49.6362,436.5,22.84,SUP00094
PART00429,Rubber_Component_0429,Rubber,8544.35.5777,2821.21,15.2,SUP00159
PART00430,Electronics_Component_0430,Electronics,8471.41.8600,1844.53,48.59,SUP00197
PART00431,Mechanical_Component_0431,Mechanical,8542.35.9954,3803.61,12.26,SUP00001
PART00432,Packaging_Component_0432,Packaging,7318.62.1391,1168.82,17.33,SUP00177
PART00433,Raw Material_Component_0433,Raw Material,3926.11.6488,12.3,32.87,SUP00188
PART00434,Chemical_Component_0434,Chemical,6109.49.2703,1029.95,49.16,SUP00107
PART00435,Textile_Component_0435,Textile,7010.72.1981,4862.93,7.13,SUP00071
PART00436,Plastic_Component_0436,Plastic,4016.21.1719,4606.77,44.87,SUP00133
PART00437,Metal_Component_0437,Metal,3904.62.7102,2295.0,37.4,SUP00148
PART00438,Glass_Component_0438,Glass,2918.22.9280,671.9,41.0,SUP00019
PART00439,Rubber_Component_0439,Rubber,8544.85.2020,2177.74,48.21,SUP00060
PART00440,Electronics_Component_0440,Electronics,8471.47.5276,4255.31,46.3,SUP00100
PART00441,Mechanical_Component_0441,Mechanical,8542.99.6345,1593.7,13.61,SUP00019
PART00442,Packaging_Component_0442,Packaging,7318.35.3230,3900.79,29.24,SUP00039
PART00443,Raw Material_Component_0443,Raw Material,3926.23.3693,2250.59,15.71,SUP00030
PART00444,Chemical_Component_0444,Chemical,6109.78.6870,4823.35,10.39,SUP00078
PART00445,Textile_Component_0445,Textile,7010.69.5341,4263.15,4.53,SUP00175
PART00446,Plastic_Component_0446,Plastic,4016.48.1660,1079.03,42.83,SUP00037
PART00447,Metal_Component_0447,Metal,3904.21.5066,4842.16,19.82,SUP00012
PART00448,Glass_Component_0448,Glass,2918.96.5896,1304.53,49.53,SUP00007
PART00449,Rubber_Component_0449,Rubber,8544.61.8408,2781.99,27.51,SUP00024
PART00450,Electronics_Component_0450,Electronics,8471.69.2669,4020.46,7.0,SUP00003
PART00451,Mechanical_Component_0451,Mechanical,8542.17.4641,657.92,41.19,SUP00095
PART00452,Packaging_Component_0452,Packaging,7318.97.2376,2913.71,12.95,SUP00019
PART00453,Raw Material_Component_0453,Raw Material,3926.12.2056,992.76,32.3,SUP00032
PART00454,Chemical_Component_0454,Chemical,6109.21.6432,617.03,47.11,SUP00012
PART00455,Textile_Component_0455,Textile,7010.31.8096,4109.32,19.76,SUP00007
PART00456,Plastic_Component_0456,Plastic,4016.58.7990,868.17,10.74,SUP00047
PART00457,Metal_Component_0457,Metal,3904.45.5585,2232.83,7.44,SUP00157
PART00458,Glass_Component_0458,Glass,2918.89.5026,3238.16,24.95,SUP00140
PART00459,Rubber_Component_0459,Rubber,8544.71.1999,443.17,19.16,SUP00107
PART00460,Electronics_Component_0460,Electronics,8471.35.9614,1249.49,49.7,SUP00139
PART00461,Mechanical_Component_0461,Mechanical,8542.12.7266,3910.67,17.96,SUP00139
PART00462,Packaging_Component_0462,Packaging,7318.72.6636,4563.82,25.12,SUP00099
PART00463,Raw Material_Component_0463,Raw Material,3926.44.3946,135.18,29.86,SUP00007
PART00464,Chemical_Component_0464,Chemical,6109.45.1959,4044.23,23.59,SUP00091
PART00465,Textile_Component_0465,Textile,7010.84.4813,4870.03,5.02,SUP00168
PART00466,Plastic_Component_0466,Plastic,4016.40.5366,2670.78,39.56,SUP00188
PART00467,Metal_Component_0467,Metal,3904.17.4594,2880.58,49.13,SUP00099
PART00468,Glass_Component_0468,Glass,2918.55.3846,884.62,29.63,SUP00188
PART00469,Rubber_Component_0469,Rubber,8544.99.6878,4570.33,1.42,SUP00179
PART00470,Electronics_Component_0470,Electronics,8471.55.3328,2817.73,9.42,SUP00126
PART00471,Mechanical_Component_0471,Mechanical,8542.79.6063,881.91,1.91,SUP00014
PART00472,Packaging_Component_0472,Packaging,7318.39.4584,104.54,23.9,SUP00084
PART00473,Raw Material_Component_0473,Raw Material,3926.88.4300,4033.19,17.04,SUP00045
PART00474,Chemical_Component_0474,Chemical,6109.51.1975,114.45,29.33,SUP00036
PART00475,Textile_Component_0475,Textile,7010.24.9622,4304.04,48.03,SUP00095
PART00476,Plastic_Component_0476,Plastic,4016.94.7481,2932.15,16.83,SUP00082
PART00477,Metal_Component_0477,Metal,3904.27.3580,3663.1,21.85,SUP00163
PART00478,Glass_Component_0478,Glass,2918.72.6198,875.14,48.44,SUP00177
PART00479,Rubber_Component_0479,Rubber,8544.88.6846,1120.07,29.45,SUP00044
PART00480,Electronics_Component_0480,Electronics,8471.58.6026,3671.3,14.73,SUP00045
PART00481,Mechanical_Component_0481,Mechanical,8542.10.7415,4254.53,38.54,SUP00145
PART00482,Packaging_Component_0482,Packaging,7318.14.3983,3013.93,46.05,SUP00156
PART00483,Raw Material_Component_0483,Raw Material,3926.38.2705,4683.76,7.04,SUP00190
PART00484,Chemical_Component_0484,Chemical,6109.19.4899,1737.32,15.98,SUP00162
PART00485,Textile_Component_0485,Textile,7010.21.6500,2235.92,13.27,SUP00063
PART00486,Plastic_Component_0486,Plastic,4016.98.2110,1755.65,39.35,SUP00184
PART00487,Metal_Component_0487,Metal,3904.10.1788,1932.76,36.63,SUP00042
PART00488,Glass_Component_0488,Glass,2918.62.9078,4409.44,17.57,SUP00096
PART00489,Rubber_Component_0489,Rubber,8544.22.8855,3944.71,28.91,SUP00194
PART00490,Electronics_Component_0490,Electronics,8471.97.4695,817.47,3.69,SUP00008
PART00491,Mechanical_Component_0491,Mechanical,8542.47.1328,1596.99,47.58,SUP00018
PART00492,Packaging_Component_0492,Packaging,7318.53.3787,4440.22,8.05,SUP00019
PART00493,Raw Material_Component_0493,Raw Material,3926.80.2525,1693.06,49.26,SUP00123
PART00494,Chemical_Component_0494,Chemical,6109.13.8066,4712.5,8.26,SUP00111
PART00495,Textile_Component_0495,Textile,7010.30.1877,510.78,10.29,SUP00048
PART00496,Plastic_Component_0496,Plastic,4016.62.9849,1330.0,14.08,SUP00060
PART00497,Metal_Component_0497,Metal,3904.22.1813,1967.55,27.49,SUP00125
PART00498,Glass_Component_0498,Glass,2918.29.1893,1807.34,21.39,SUP00075
PART00499,Rubber_Component_0499,Rubber,8544.94.8869,1002.38,1.3,SUP00043
PART00500,Electronics_Component_0500,Electronics,8471.91.5781,4885.4,23.68,SUP00029
PART00501,Mechanical_Component_0501,Mechanical,8542.49.7512,2357.37,44.74,SUP00067
PART00502,Packaging_Component_0502,Packaging,7318.21.9914,1940.7,18.56,SUP00097
PART00503,Raw Material_Component_0503,Raw Material,3926.57.4056,2231.65,13.17,SUP00119
PART00504,Chemical_Component_0504,Chemical,6109.43.4706,4186.21,28.22,SUP00038
PART00505,Textile_Component_0505,Textile,7010.99.2584,433.11,17.2,SUP00138
PART00506,Plastic_Component_0506,Plastic,4016.62.4727,2770.24,42.04,SUP00133
PART00507,Metal_Component_0507,Metal,3904.63.9773,3436.9,46.82,SUP00146
PART00508,Glass_Component_0508,Glass,2918.40.8803,1497.77,19.75,SUP00182
PART00509,Rubber_Component_0509,Rubber,8544.14.9226,2858.24,25.85,SUP00146
PART00510,Electronics_Component_0510,Electronics,8471.96.3415,605.81,37.86,SUP00044
PART00511,Mechanical_Component_0511,Mechanical,8542.31.4471,4043.26,6.32,SUP00108
PART00512,Packaging_Component_0512,Packaging,7318.20.8133,1013.59,41.13,SUP00037
PART00513,Raw Material_Component_0513,Raw Material,3926.86.5225,1602.15,36.36,SUP00017
PART00514,Chemical_Component_0514,Chemical,6109.21.7358,2784.04,27.61,SUP00070
PART00515,Textile_Component_0515,Textile,7010.76.8506,4586.22,0.63,SUP00179
PART00516,Plastic_Component_0516,Plastic,4016.89.9561,3909.52,5.63,SUP00038
PART00517,Metal_Component_0517,Metal,3904.28.2641,4625.02,28.14,SUP00025
PART00518,Glass_Component_0518,Glass,2918.46.9775,4401.28,43.9,SUP00067
PART00519,Rubber_Component_0519,Rubber,8544.59.8955,2862.26,23.66,SUP00044
PART00520,Electronics_Component_0520,Electronics,8471.45.7602,723.54,30.44,SUP00177
PART00521,Mechanical_Component_0521,Mechanical,8542.61.1635,1981.98,43.95,SUP00176
PART00522,Packaging_Component_0522,Packaging,7318.40.1807,3730.02,46.04,SUP00095
PART00523,Raw Material_Component_0523,Raw Material,3926.12.6535,4087.84,15.16,SUP00071
PART00524,Chemical_Component_0524,Chemical,6109.72.2609,4862.62,11.41,SUP00076
PART00525,Textile_Component_0525,Textile,7010.66.6257,1350.75,20.84,SUP00165
PART00526,Plastic_Component_0526,Plastic,4016.21.4079,2211.37,45.67,SUP00104
PART00527,Metal_Component_0527,Metal,3904.72.9462,4336.61,41.05,SUP00131
PART00528,Glass_Component_0528,Glass,2918.30.2075,1559.06,25.34,SUP00034
PART00529,Rubber_Component_0529,Rubber,8544.77.1474,872.82,43.76,SUP00051
PART00530,Electronics_Component_0530,Electronics,8471.17.5087,170.19,2.54,SUP00092
PART00531,Mechanical_Component_0531,Mechanical,8542.35.5488,1844.92,23.22,SUP00101
PART00532,Packaging_Component_0532,Packaging,7318.91.3029,3407.47,12.1,SUP00125
PART00533,Raw Material_Component_0533,Raw Material,3926.86.8308,892.03,43.53,SUP00150
PART00534,Chemical_Component_0534,Chemical,6109.80.6730,1724.52,41.88,SUP00066
PART00535,Textile_Component_0535,Textile,7010.98.2480,1428.92,19.33,SUP00041
PART00536,Plastic_Component_0536,Plastic,4016.83.4511,4286.27,32.37,SUP00173
PART00537,Metal_Component_0537,Metal,3904.36.5408,3259.68,25.67,SUP00199
PART00538,Glass_Component_0538,Glass,2918.97.1145,2373.12,6.62,SUP00044
PART00539,Rubber_Component_0539,Rubber,8544.86.1138,1122.73,30.42,SUP00078
PART00540,Electronics_Component_0540,Electronics,8471.92.5511,2121.91,18.83,SUP00089
PART00541,Mechanical_Component_0541,Mechanical,8542.68.5128,1094.95,15.11,SUP00133
PART00542,Packaging_Component_0542,Packaging,7318.89.7506,2924.51,0.38,SUP00169
PART00543,Raw Material_Component_0543,Raw Material,3926.57.5631,1495.89,5.41,SUP00016
PART00544,Chemical_Component_0544,Chemical,6109.53.5529,3204.77,43.08,SUP00066
PART00545,Textile_Component_0545,Textile,7010.93.5895,945.86,25.87,SUP00061
PART00546,Plastic_Component_0546,Plastic,4016.17.7620,3304.35,34.04,SUP00184
PART00547,Metal_Component_0547,Metal,3904.13.9148,4987.36,12.98,SUP00107
PART00548,Glass_Component_0548,Glass,2918.61.7361,3684.98,29.16,SUP00146
PART00549,Rubber_Component_0549,Rubber,8544.34.6622,3634.12,11.13,SUP00136
PART00550,Electronics_Component_0550,Electronics,8471.91.8794,4533.1,33.6,SUP00129
PART00551,Mechanical_Component_0551,Mechanical,8542.48.3785,4203.99,43.83,SUP00046
PART00552,Packaging_Component_0552,Packaging,7318.47.2599,2356.55,37.05,SUP00185
PART00553,Raw Material_Component_0553,Raw Material,3926.81.3999,4734.88,44.98,SUP00167
PART00554,Chemical_Component_0554,Chemical,6109.21.4641,1779.64,37.21,SUP00078
PART00555,Textile_Component_0555,Textile,7010.63.6428,1861.55,29.28,SUP00118
PART00556,Plastic_Component_0556,Plastic,4016.25.8709,273.12,31.72,SUP00148
PART00557,Metal_Component_0557,Metal,3904.89.2166,2363.74,9.74,SUP00030
PART00558,Glass_Component_0558,Glass,2918.97.7253,2651.54,20.66,SUP00038
PART00559,Rubber_Component_0559,Rubber,8544.27.4281,1716.64,49.36,SUP00117
PART00560,Electronics_Component_0560,Electronics,8471.28.6183,4312.66,9.03,SUP00020
PART00561,Mechanical_Component_0561,Mechanical,8542.72.6449,3157.01,8.85,SUP00162
PART00562,Packaging_Component_0562,Packaging,7318.17.1077,2263.01,10.48,SUP00198
PART00563,Raw Material_Component_0563,Raw Material,3926.31.3595,2450.44,38.18,SUP00022
PART00564,Chemical_Component_0564,Chemical,6109.26.8105,3169.27,20.18,SUP00122
PART00565,Textile_Component_0565,Textile,7010.59.1076,193.44,9.98,SUP00095
PART00566,Plastic_Component_0566,Plastic,4016.11.6279,3785.45,26.56,SUP00004
PART00567,Metal_Component_0567,Metal,3904.96.1067,3135.3,12.45,SUP00177
PART00568,Glass_Component_0568,Glass,2918.54.6113,649.01,19.18,SUP00150
PART00569,Rubber_Component_0569,Rubber,8544.49.3736,331.11,2.3,SUP00074
PART00570,Electronics_Component_0570,Electronics,8471.68.9524,2983.87,16.9,SUP00175
PART00571,Mechanical_Component_0571,Mechanical,8542.27.6615,4980.71,24.51,SUP00192
PART00572,Packaging_Component_0572,Packaging,7318.34.3701,4740.68,45.91,SUP00103
PART00573,Raw Material_Component_0573,Raw Material,3926.12.4742,1125.49,49.24,SUP00054
PART00574,Chemical_Component_0574,Chemical,6109.12.9267,849.08,18.34,SUP00166
PART00575,Textile_Component_0575,Textile,7010.14.7147,4383.34,12.8,SUP00136
PART00576,Plastic_Component_0576,Plastic,4016.89.1796,2971.65,2.41,SUP00027
PART00577,Metal_Component_0577,Metal,3904.93.1323,245.93,5.8,SUP00113
PART00578,Glass_Component_0578,Glass,2918.58.3024,2738.68,23.73,SUP00039
PART00579,Rubber_Component_0579,Rubber,8544.36.1152,1509.08,33.09,SUP00169
PART00580,Electronics_Component_0580,Electronics,8471.76.5423,3115.87,35.04,SUP00107
PART00581,Mechanical_Component_0581,Mechanical,8542.23.9381,3595.24,5.9,SUP00029
PART00582,Packaging_Component_0582,Packaging,7318.23.9154,997.24,10.0,SUP00067
PART00583,Raw Material_Component_0583,Raw Material,3926.76.4304,1792.82,20.49,SUP00041
PART00584,Chemical_Component_0584,Chemical,6109.15.9980,2484.29,10.39,SUP00123
PART00585,Textile_Component_0585,Textile,7010.52.4842,18.68,33.58,SUP00028
PART00586,Plastic_Component_0586,Plastic,4016.83.9095,749.98,4.51,SUP00130
PART00587,Metal_Component_0587,Metal,3904.19.2659,4524.37,32.22,SUP00116
PART00588,Glass_Component_0588,Glass,2918.47.5327,2324.07,5.0,SUP00044
PART00589,Rubber_Component_0589,Rubber,8544.15.5760,1804.27,33.84,SUP00109
PART00590,Electronics_Component_0590,Electronics,8471.24.2556,4256.97,44.52,SUP00002
PART00591,Mechanical_Component_0591,Mechanical,8542.27.3793,1646.66,44.73,SUP00159
PART00592,Packaging_Component_0592,Packaging,7318.44.2522,1866.25,17.14,SUP00029
PART00593,Raw Material_Component_0593,Raw Material,3926.61.7557,4811.74,13.6,SUP00098
PART00594,Chemical_Component_0594,Chemical,6109.98.8835,4000.5,32.45,SUP00042
PART00595,Textile_Component_0595,Textile,7010.24.3171,3482.37,2.94,SUP00040
PART00596,Plastic_Component_0596,Plastic,4016.23.7816,4556.58,24.14,SUP00145
PART00597,Metal_Component_0597,Metal,3904.96.8178,910.4,18.99,SUP00091
PART00598,Glass_Component_0598,Glass,2918.88.1472,4313.57,44.0,SUP00186
PART00599,Rubber_Component_0599,Rubber,8544.26.8914,4602.39,5.66,SUP00105
PART00600,Electronics_Component_0600,Electronics,8471.66.1753,321.36,32.75,SUP00003
PART00601,Mechanical_Component_0601,Mechanical,8542.96.9598,3838.81,28.84,SUP00144
PART00602,Packaging_Component_0602,Packaging,7318.38.6542,2597.9,34.42,SUP00158
PART00603,Raw Material_Component_0603,Raw Material,3926.22.8091,3310.26,12.44,SUP00088
PART00604,Chemical_Component_0604,Chemical,6109.94.7305,747.53,41.32,SUP00156
PART00605,Textile_Component_0605,Textile,7010.16.1190,3218.78,7.85,SUP00120
PART00606,Plastic_Component_0606,Plastic,4016.73.3709,378.95,24.59,SUP00061
PART00607,Metal_Component_0607,Metal,3904.52.5557,256.5,11.14,SUP00164
PART00608,Glass_Component_0608,Glass,2918.58.7607,4086.43,3.95,SUP00113
PART00609,Rubber_Component_0609,Rubber,8544.83.8341,444.66,24.93,SUP00080
PART00610,Electronics_Component_0610,Electronics,8471.25.9148,3727.47,0.9,SUP00103
PART00611,Mechanical_Component_0611,Mechanical,8542.62.1587,2787.87,0.02,SUP00023
PART00612,Packaging_Component_0612,Packaging,7318.87.5990,4451.1,28.12,SUP00167
PART00613,Raw Material_Component_0613,Raw Material,3926.95.8474,4752.02,18.17,SUP00013
PART00614,Chemical_Component_0614,Chemical,6109.38.8445,1663.2,38.37,SUP00153
PART00615,Textile_Component_0615,Textile,7010.70.6952,3580.99,5.71,SUP00194
PART00616,Plastic_Component_0616,Plastic,4016.94.4633,15.97,17.76,SUP00162
PART00617,Metal_Component_0617,Metal,3904.47.9973,2612.32,35.11,SUP00011
PART00618,Glass_Component_0618,Glass,2918.31.9067,706.54,35.85,SUP00184
PART00619,Rubber_Component_0619,Rubber,8544.62.2752,1275.18,9.8,SUP00030
PART00620,Electronics_Component_0620,Electronics,8471.60.4532,2287.94,39.07,SUP00183
PART00621,Mechanical_Component_0621,Mechanical,8542.53.2765,3786.96,2.33,SUP00162
PART00622,Packaging_Component_0622,Packaging,7318.96.3018,3861.87,22.53,SUP00168
PART00623,Raw Material_Component_0623,Raw Material,3926.85.9260,677.51,24.95,SUP00135
PART00624,Chemical_Component_0624,Chemical,6109.16.8091,4194.89,24.15,SUP00130
PART00625,Textile_Component_0625,Textile,7010.32.3845,3653.82,6.43,SUP00099
PART00626,Plastic_Component_0626,Plastic,4016.94.6273,2523.03,19.24,SUP00155
PART00627,Metal_Component_0627,Metal,3904.98.5067,1371.61,48.18,SUP00075
PART00628,Glass_Component_0628,Glass,2918.67.3185,695.21,30.13,SUP00191
PART00629,Rubber_Component_0629,Rubber,8544.75.5897,4216.16,27.39,SUP00080
PART00630,Electronics_Component_0630,Electronics,8471.80.4560,1008.44,31.21,SUP00074
PART00631,Mechanical_Component_0631,Mechanical,8542.97.6657,4606.35,6.64,SUP00181
PART00632,Packaging_Component_0632,Packaging,7318.93.3913,2521.95,34.72,SUP00082
PART00633,Raw Material_Component_0633,Raw Material,3926.24.6771,2813.59,29.14,SUP00170
PART00634,Chemical_Component_0634,Chemical,6109.63.9747,1433.21,42.37,SUP00003
PART00635,Textile_Component_0635,Textile,7010.76.2744,131.23,7.27,SUP00171
PART00636,Plastic_Component_0636,Plastic,4016.17.4275,1338.56,39.28,SUP00073
PART00637,Metal_Component_0637,Metal,3904.97.5105,736.41,3.11,SUP00075
PART00638,Glass_Component_0638,Glass,2918.36.9866,166.37,40.7,SUP00026
PART00639,Rubber_Component_0639,Rubber,8544.88.4675,3713.35,28.07,SUP00060
PART00640,Electronics_Component_0640,Electronics,8471.75.5712,3466.22,2.36,SUP00097
PART00641,Mechanical_Component_0641,Mechanical,8542.59.7825,4783.73,48.79,SUP00080
PART00642,Packaging_Component_0642,Packaging,7318.80.1881,69.76,12.57,SUP00158
PART00643,Raw Material_Component_0643,Raw Material,3926.66.4695,4557.87,35.23,SUP00165
PART00644,Chemical_Component_0644,Chemical,6109.57.9955,3693.56,9.83,SUP00185
PART00645,Textile_Component_0645,Textile,7010.34.5819,2246.83,49.17,SUP00019
PART00646,Plastic_Component_0646,Plastic,4016.33.3847,3676.72,5.98,SUP00010
PART00647,Metal_Component_0647,Metal,3904.64.5572,2785.21,6.51,SUP00149
PART00648,Glass_Component_0648,Glass,2918.42.1092,1656.16,35.49,SUP00039
PART00649,Rubber_Component_0649,Rubber,8544.15.3518,4643.5,29.85,SUP00198
PART00650,Electronics_Component_0650,Electronics,8471.90.5934,2455.3,28.64,SUP00091
PART00651,Mechanical_Component_0651,Mechanical,8542.19.6207,2629.35,47.85,SUP00133
PART00652,Packaging_Component_0652,Packaging,7318.18.9276,801.06,27.16,SUP00103
PART00653,Raw Material_Component_0653,Raw Material,3926.21.6724,1109.88,10.68,SUP00084
PART00654,Chemical_Component_0654,Chemical,6109.52.6911,1471.4,47.52,SUP00158
PART00655,Textile_Component_0655,Textile,7010.77.8780,4983.17,41.19,SUP00166
PART00656,Plastic_Component_0656,Plastic,4016.11.2879,3346.35,22.29,SUP00164
PART00657,Metal_Component_0657,Metal,3904.88.4994,4794.69,34.13,SUP00082
PART00658,Glass_Component_0658,Glass,2918.58.2857,1932.45,27.02,SUP00072
PART00659,Rubber_Component_0659,Rubber,8544.13.9468,4111.43,18.75,SUP00130
PART00660,Electronics_Component_0660,Electronics,8471.67.8975,224.04,44.92,SUP00049
PART00661,Mechanical_Component_0661,Mechanical,8542.51.9419,416.32,4.81,SUP00197
PART00662,Packaging_Component_0662,Packaging,7318.78.9736,41.62,3.28,SUP00171
PART00663,Raw Material_Component_0663,Raw Material,3926.90.4492,4325.43,21.22,SUP00026
PART00664,Chemical_Component_0664,Chemical,6109.36.9810,4144.6,43.93,SUP00189
PART00665,Textile_Component_0665,Textile,7010.65.2181,3735.72,7.7,SUP00117
PART00666,Plastic_Component_0666,Plastic,4016.52.1620,442.17,2.72,SUP00064
PART00667,Metal_Component_0667,Metal,3904.81.2154,2876.94,11.39,SUP00066
PART00668,Glass_Component_0668,Glass,2918.62.7357,2258.37,20.23,SUP00080
PART00669,Rubber_Component_0669,Rubber,8544.12.7381,3368.13,26.75,SUP00164
PART00670,Electronics_Component_0670,Electronics,8471.89.2036,3781.02,29.28,SUP00179
PART00671,Mechanical_Component_0671,Mechanical,8542.19.6860,4640.6,5.32,SUP00175
PART00672,Packaging_Component_0672,Packaging,7318.48.2417,1411.18,46.34,SUP00097
PART00673,Raw Material_Component_0673,Raw Material,3926.60.1504,2372.57,26.68,SUP00034
PART00674,Chemical_Component_0674,Chemical,6109.60.9941,1478.42,31.71,SUP00076
PART00675,Textile_Component_0675,Textile,7010.96.7113,4787.17,0.57,SUP00142
PART00676,Plastic_Component_0676,Plastic,4016.28.3019,213.66,28.64,SUP00100
PART00677,Metal_Component_0677,Metal,3904.78.9970,4735.16,15.24,SUP00191
PART00678,Glass_Component_0678,Glass,2918.54.4469,2066.21,32.3,SUP00131
PART00679,Rubber_Component_0679,Rubber,8544.28.3637,924.04,30.85,SUP00064
PART00680,Electronics_Component_0680,Electronics,8471.34.2877,910.88,39.99,SUP00013
PART00681,Mechanical_Component_0681,Mechanical,8542.80.8557,3225.15,3.67,SUP00171
PART00682,Packaging_Component_0682,Packaging,7318.18.5107,495.52,36.28,SUP00124
PART00683,Raw Material_Component_0683,Raw Material,3926.52.6851,645.43,32.78,SUP00025
PART00684,Chemical_Component_0684,Chemical,6109.46.2143,4501.09,15.9,SUP00115
PART00685,Textile_Component_0685,Textile,7010.52.6008,3468.82,7.63,SUP00145
PART00686,Plastic_Component_0686,Plastic,4016.56.6182,4793.5,8.44,SUP00080
PART00687,Metal_Component_0687,Metal,3904.41.4629,3562.43,32.05,SUP00070
PART00688,Glass_Component_0688,Glass,2918.56.3200,3399.5,16.58,SUP00122
PART00689,Rubber_Component_0689,Rubber,8544.69.8296,1796.91,15.28,SUP00141
PART00690,Electronics_Component_0690,Electronics,8471.23.3879,3229.53,4.11,SUP00071
PART00691,Mechanical_Component_0691,Mechanical,8542.27.9824,986.18,36.68,SUP00160
PART00692,Packaging_Component_0692,Packaging,7318.19.2235,4461.07,42.48,SUP00161
PART00693,Raw Material_Component_0693,Raw Material,3926.13.7637,3847.16,10.65,SUP00009
PART00694,Chemical_Component_0694,Chemical,6109.80.5269,2719.63,49.94,SUP00120
PART00695,Textile_Component_0695,Textile,7010.93.3435,1832.26,11.17,SUP00197
PART00696,Plastic_Component_0696,Plastic,4016.85.5767,673.74,25.06,SUP00023
PART00697,Metal_Component_0697,Metal,3904.60.6961,2513.33,33.14,SUP00157
PART00698,Glass_Component_0698,Glass,2918.97.3717,3787.24,7.03,SUP00040
PART00699,Rubber_Component_0699,Rubber,8544.32.3395,3680.92,24.18,SUP00091
PART00700,Electronics_Component_0700,Electronics,8471.15.4585,3808.55,11.6,SUP00067
PART00701,Mechanical_Component_0701,Mechanical,8542.57.4834,218.83,10.35,SUP00092
PART00702,Packaging_Component_0702,Packaging,7318.59.8695,4589.92,44.08,SUP00010
PART00703,Raw Material_Component_0703,Raw Material,3926.93.6309,520.61,48.42,SUP00162
PART00704,Chemical_Component_0704,Chemical,6109.45.5314,2895.26,28.51,SUP00096
PART00705,Textile_Component_0705,Textile,7010.93.7201,1829.66,32.67,SUP00019
PART00706,Plastic_Component_0706,Plastic,4016.76.5121,1884.76,45.36,SUP00132
PART00707,Metal_Component_0707,Metal,3904.61.6781,4087.1,17.26,SUP00123
PART00708,Glass_Component_0708,Glass,2918.87.1108,2511.68,6.96,SUP00042
PART00709,Rubber_Component_0709,Rubber,8544.39.2263,2575.13,14.05,SUP00038
PART00710,Electronics_Component_0710,Electronics,8471.33.3578,1814.3,35.87,SUP00030
PART00711,Mechanical_Component_0711,Mechanical,8542.94.4773,2076.0,16.52,SUP00029
PART00712,Packaging_Component_0712,Packaging,7318.71.8844,2397.71,29.54,SUP00165
PART00713,Raw Material_Component_0713,Raw Material,3926.62.1367,1222.13,6.4,SUP00151
PART00714,Chemical_Component_0714,Chemical,6109.30.3207,3149.55,1.97,SUP00146
PART00715,Textile_Component_0715,Textile,7010.28.1916,835.88,46.12,SUP00132
PART00716,Plastic_Component_0716,Plastic,4016.61.1305,4393.15,36.4,SUP00072
PART00717,Metal_Component_0717,Metal,3904.20.4548,2248.77,49.64,SUP00123
PART00718,Glass_Component_0718,Glass,2918.31.4594,4152.67,30.05,SUP00149
PART00719,Rubber_Component_0719,Rubber,8544.33.9369,1326.28,36.21,SUP00087
PART00720,Electronics_Component_0720,Electronics,8471.68.2127,1152.92,19.28,SUP00027
PART00721,Mechanical_Component_0721,Mechanical,8542.12.4315,2615.94,45.47,SUP00175
PART00722,Packaging_Component_0722,Packaging,7318.63.3450,3029.53,8.88,SUP00157
PART00723,Raw Material_Component_0723,Raw Material,3926.86.1639,4389.37,26.58,SUP00192
PART00724,Chemical_Component_0724,Chemical,6109.25.2526,2413.79,6.53,SUP00154
PART00725,Textile_Component_0725,Textile,7010.79.1019,4485.36,38.75,SUP00166
PART00726,Plastic_Component_0726,Plastic,4016.65.9553,2106.32,43.74,SUP00178
PART00727,Metal_Component_0727,Metal,3904.77.8028,1151.28,40.12,SUP00196
PART00728,Glass_Component_0728,Glass,2918.58.6742,2947.3,37.07,SUP00194
PART00729,Rubber_Component_0729,Rubber,8544.99.2600,2130.32,12.73,SUP00196
PART00730,Electronics_Component_0730,Electronics,8471.39.2373,1419.92,43.84,SUP00104
PART00731,Mechanical_Component_0731,Mechanical,8542.42.4096,32.32,37.18,SUP00001
PART00732,Packaging_Component_0732,Packaging,7318.83.9561,593.55,0.37,SUP00167
PART00733,Raw Material_Component_0733,Raw Material,3926.36.6175,2047.18,5.34,SUP00109
PART00734,Chemical_Component_0734,Chemical,6109.93.5155,1310.21,26.81,SUP00144
PART00735,Textile_Component_0735,Textile,7010.56.5514,4959.03,19.88,SUP00052
PART00736,Plastic_Component_0736,Plastic,4016.62.8904,897.7,27.96,SUP00123
PART00737,Metal_Component_0737,Metal,3904.42.6024,2890.37,38.71,SUP00101
PART00738,Glass_Component_0738,Glass,2918.27.2951,3740.33,22.34,SUP00179
PART00739,Rubber_Component_0739,Rubber,8544.30.2642,1076.22,20.03,SUP00086
PART00740,Electronics_Component_0740,Electronics,8471.80.1852,807.89,48.23,SUP00001
PART00741,Mechanical_Component_0741,Mechanical,8542.21.3381,2360.98,30.02,SUP00022
PART00742,Packaging_Component_0742,Packaging,7318.18.5310,1112.74,4.01,SUP00009
PART00743,Raw Material_Component_0743,Raw Material,3926.59.7564,3071.76,26.06,SUP00182
PART00744,Chemical_Component_0744,Chemical,6109.86.1941,4728.85,41.01,SUP00163
PART00745,Textile_Component_0745,Textile,7010.73.8192,58.5,42.53,SUP00132
PART00746,Plastic_Component_0746,Plastic,4016.46.4190,172.88,29.98,SUP00132
PART00747,Metal_Component_0747,Metal,3904.99.4795,3077.87,33.7,SUP00092
PART00748,Glass_Component_0748,Glass,2918.40.1004,4878.35,4.35,SUP00070
PART00749,Rubber_Component_0749,Rubber,8544.61.6785,3349.96,20.28,SUP00051
PART00750,Electronics_Component_0750,Electronics,8471.76.1251,3685.94,3.44,SUP00023
PART00751,Mechanical_Component_0751,Mechanical,8542.80.5661,3632.06,27.96,SUP00149
PART00752,Packaging_Component_0752,Packaging,7318.54.6693,4816.62,13.83,SUP00155
PART00753,Raw Material_Component_0753,Raw Material,3926.34.8450,4648.92,28.75,SUP00066
PART00754,Chemical_Component_0754,Chemical,6109.32.7670,2533.66,27.94,SUP00128
PART00755,Textile_Component_0755,Textile,7010.47.6570,4735.34,40.15,SUP00065
PART00756,Plastic_Component_0756,Plastic,4016.78.5098,3472.49,48.3,SUP00144
PART00757,Metal_Component_0757,Metal,3904.71.4985,3788.58,48.06,SUP00117
PART00758,Glass_Component_0758,Glass,2918.97.8548,4483.14,43.1,SUP00123
PART00759,Rubber_Component_0759,Rubber,8544.24.5224,342.43,31.69,SUP00056
PART00760,Electronics_Component_0760,Electronics,8471.96.4767,4001.81,20.63,SUP00090
PART00761,Mechanical_Component_0761,Mechanical,8542.76.9776,53.57,41.61,SUP00063
PART00762,Packaging_Component_0762,Packaging,7318.46.2523,1997.66,37.44,SUP00087
PART00763,Raw Material_Component_0763,Raw Material,3926.19.3924,2385.39,17.68,SUP00146
PART00764,Chemical_Component_0764,Chemical,6109.44.3994,4735.85,34.16,SUP00048
PART00765,Textile_Component_0765,Textile,7010.73.4271,1178.13,12.11,SUP00067
PART00766,Plastic_Component_0766,Plastic,4016.36.4755,1017.82,12.49,SUP00158
PART00767,Metal_Component_0767,Metal,3904.55.3555,3895.8,6.0,SUP00020
PART00768,Glass_Component_0768,Glass,2918.96.9071,3071.07,38.21,SUP00138
PART00769,Rubber_Component_0769,Rubber,8544.15.8901,1859.13,15.78,SUP00147
PART00770,Electronics_Component_0770,Electronics,8471.45.9041,918.44,38.22,SUP00130
PART00771,Mechanical_Component_0771,Mechanical,8542.45.7518,1114.35,28.84,SUP00013
PART00772,Packaging_Component_0772,Packaging,7318.77.7933,2394.21,27.04,SUP00128
PART00773,Raw Material_Component_0773,Raw Material,3926.54.7450,4302.7,38.8,SUP00117
PART00774,Chemical_Component_0774,Chemical,6109.25.9490,2303.05,34.46,SUP00003
PART00775,Textile_Component_0775,Textile,7010.96.4452,1900.24,5.05,SUP00092
PART00776,Plastic_Component_0776,Plastic,4016.88.5254,939.83,13.15,SUP00068
PART00777,Metal_Component_0777,Metal,3904.70.6621,1832.79,24.94,SUP00053
PART00778,Glass_Component_0778,Glass,2918.63.7099,1828.56,20.04,SUP00115
PART00779,Rubber_Component_0779,Rubber,8544.33.3148,4896.47,34.3,SUP00025
PART00780,Electronics_Component_0780,Electronics,8471.44.4863,2778.92,42.82,SUP00050
PART00781,Mechanical_Component_0781,Mechanical,8542.28.3450,2367.57,0.5,SUP00107
PART00782,Packaging_Component_0782,Packaging,7318.73.3203,4977.83,42.47,SUP00132
PART00783,Raw Material_Component_0783,Raw Material,3926.78.6172,3927.74,15.01,SUP00143
PART00784,Chemical_Component_0784,Chemical,6109.82.1781,1995.02,34.53,SUP00015
PART00785,Textile_Component_0785,Textile,7010.37.5166,2385.31,31.5,SUP00115
PART00786,Plastic_Component_0786,Plastic,4016.52.5256,1808.01,28.02,SUP00065
PART00787,Metal_Component_0787,Metal,3904.54.1324,2061.75,17.56,SUP00173
PART00788,Glass_Component_0788,Glass,2918.87.4259,2886.38,32.5,SUP00137
PART00789,Rubber_Component_0789,Rubber,8544.32.5663,1778.77,33.66,SUP00124
PART00790,Electronics_Component_0790,Electronics,8471.67.2284,1908.45,14.33,SUP00161
PART00791,Mechanical_Component_0791,Mechanical,8542.28.3745,3204.7,46.43,SUP00107
PART00792,Packaging_Component_0792,Packaging,7318.90.7631,4245.26,3.58,SUP00041
PART00793,Raw Material_Component_0793,Raw Material,3926.53.4739,1570.84,32.65,SUP00181
PART00794,Chemical_Component_0794,Chemical,6109.44.7479,1359.88,22.25,SUP00092
PART00795,Textile_Component_0795,Textile,7010.85.9535,4827.8,20.71,SUP00047
PART00796,Plastic_Component_0796,Plastic,4016.12.3048,3640.22,33.1,SUP00190
PART00797,Metal_Component_0797,Metal,3904.99.2311,1056.8,19.86,SUP00024
PART00798,Glass_Component_0798,Glass,2918.18.8752,2744.43,1.33,SUP00101
PART00799,Rubber_Component_0799,Rubber,8544.77.2363,524.12,30.91,SUP00021
PART00800,Electronics_Component_0800,Electronics,8471.93.7387,1550.31,12.38,SUP00072
PART00801,Mechanical_Component_0801,Mechanical,8542.66.3071,660.73,41.93,SUP00007
PART00802,Packaging_Component_0802,Packaging,7318.14.6846,4302.54,16.27,SUP00121
PART00803,Raw Material_Component_0803,Raw Material,3926.69.9856,4674.61,27.43,SUP00034
PART00804,Chemical_Component_0804,Chemical,6109.99.9835,889.3,29.88,SUP00161
PART00805,Textile_Component_0805,Textile,7010.91.8126,2619.68,31.98,SUP00079
PART00806,Plastic_Component_0806,Plastic,4016.54.8891,2700.64,40.24,SUP00113
PART00807,Metal_Component_0807,Metal,3904.49.6992,2063.96,7.79,SUP00002
PART00808,Glass_Component_0808,Glass,2918.10.9574,4077.82,42.4,SUP00088
PART00809,Rubber_Component_0809,Rubber,8544.46.8687,2677.82,34.39,SUP00125
PART00810,Electronics_Component_0810,Electronics,8471.71.5908,50.62,21.53,SUP00074
PART00811,Mechanical_Component_0811,Mechanical,8542.86.4788,3984.85,27.42,SUP00048
PART00812,Packaging_Component_0812,Packaging,7318.62.8161,1976.79,8.17,SUP00188
PART00813,Raw Material_Component_0813,Raw Material,3926.92.7385,4142.99,11.04,SUP00020
PART00814,Chemical_Component_0814,Chemical,6109.64.4924,2585.47,40.0,SUP00156
PART00815,Textile_Component_0815,Textile,7010.98.5454,1426.96,37.15,SUP00068
PART00816,Plastic_Component_0816,Plastic,4016.62.4080,4268.14,9.13,SUP00074
PART00817,Metal_Component_0817,Metal,3904.24.8460,3090.56,13.61,SUP00159
PART00818,Glass_Component_0818,Glass,2918.72.4076,1606.62,7.62,SUP00136
PART00819,Rubber_Component_0819,Rubber,8544.12.4046,4861.8,14.11,SUP00032
PART00820,Electronics_Component_0820,Electronics,8471.66.1134,1167.89,7.54,SUP00126
PART00821,Mechanical_Component_0821,Mechanical,8542.37.6601,2104.11,39.29,SUP00127
PART00822,Packaging_Component_0822,Packaging,7318.57.8597,3486.19,1.6,SUP00020
PART00823,Raw Material_Component_0823,Raw Material,3926.28.1918,1336.19,19.63,SUP00139
PART00824,Chemical_Component_0824,Chemical,6109.70.3975,965.0,42.08,SUP00097
PART00825,Textile_Component_0825,Textile,7010.11.2998,4873.12,35.74,SUP00098
PART00826,Plastic_Component_0826,Plastic,4016.66.5049,3689.41,1.69,SUP00117
PART00827,Metal_Component_0827,Metal,3904.22.9538,3331.71,10.43,SUP00099
PART00828,Glass_Component_0828,Glass,2918.97.6113,4681.4,7.94,SUP00186
PART00829,Rubber_Component_0829,Rubber,8544.15.9534,615.1,24.07,SUP00076
PART00830,Electronics_Component_0830,Electronics,8471.35.6905,4438.16,43.18,SUP00055
PART00831,Mechanical_Component_0831,Mechanical,8542.24.4866,3166.38,16.23,SUP00042
PART00832,Packaging_Component_0832,Packaging,7318.45.2960,1982.06,12.16,SUP00010
PART00833,Raw Material_Component_0833,Raw Material,3926.84.8786,3443.59,7.76,SUP00197
PART00834,Chemical_Component_0834,Chemical,6109.21.5075,792.7,4.58,SUP00158
PART00835,Textile_Component_0835,Textile,7010.53.1983,303.58,32.23,SUP00179
PART00836,Plastic_Component_0836,Plastic,4016.78.2759,633.51,11.64,SUP00142
PART00837,Metal_Component_0837,Metal,3904.92.6690,4028.6,21.94,SUP00049
PART00838,Glass_Component_0838,Glass,2918.12.7189,1794.05,6.75,SUP00010
PART00839,Rubber_Component_0839,Rubber,8544.72.8168,2797.33,27.14,SUP00125
PART00840,Electronics_Component_0840,Electronics,8471.34.4057,2720.38,16.19,SUP00119
PART00841,Mechanical_Component_0841,Mechanical,8542.45.3627,349.04,7.76,SUP00075
PART00842,Packaging_Component_0842,Packaging,7318.43.9873,1838.73,0.05,SUP00163
PART00843,Raw Material_Component_0843,Raw Material,3926.74.7210,3669.62,44.15,SUP00158
PART00844,Chemical_Component_0844,Chemical,6109.56.4912,1606.87,3.18,SUP00137
PART00845,Textile_Component_0845,Textile,7010.59.4110,2622.73,24.88,SUP00141
PART00846,Plastic_Component_0846,Plastic,4016.29.5638,1616.39,32.05,SUP00028
PART00847,Metal_Component_0847,Metal,3904.22.9572,3296.16,2.2,SUP00033
PART00848,Glass_Component_0848,Glass,2918.32.1512,1014.38,24.27,SUP00025
PART00849,Rubber_Component_0849,Rubber,8544.14.7366,3291.32,26.3,SUP00179
PART00850,Electronics_Component_0850,Electronics,8471.85.5193,250.18,11.04,SUP00183
PART00851,Mechanical_Component_0851,Mechanical,8542.19.1214,4651.4,10.44,SUP00125
PART00852,Packaging_Component_0852,Packaging,7318.20.8668,4006.09,3.04,SUP00142
PART00853,Raw Material_Component_0853,Raw Material,3926.63.7046,3972.28,2.92,SUP00157
PART00854,Chemical_Component_0854,Chemical,6109.44.9667,208.06,3.53,SUP00077
PART00855,Textile_Component_0855,Textile,7010.19.4537,4803.13,4.86,SUP00185
PART00856,Plastic_Component_0856,Plastic,4016.39.9710,1929.73,9.66,SUP00168
PART00857,Metal_Component_0857,Metal,3904.41.3931,2794.33,27.91,SUP00191
PART00858,Glass_Component_0858,Glass,2918.23.6864,3374.09,35.13,SUP00109
PART00859,Rubber_Component_0859,Rubber,8544.23.3733,3963.35,27.5,SUP00129
PART00860,Electronics_Component_0860,Electronics,8471.53.3591,2671.83,30.0,SUP00090
PART00861,Mechanical_Component_0861,Mechanical,8542.50.6319,4225.05,20.62,SUP00162
PART00862,Packaging_Component_0862,Packaging,7318.65.6299,3044.02,28.16,SUP00054
PART00863,Raw Material_Component_0863,Raw Material,3926.58.5162,1803.24,22.63,SUP00101
PART00864,Chemical_Component_0864,Chemical,6109.10.1567,4914.87,29.79,SUP00132
PART00865,Textile_Component_0865,Textile,7010.27.5945,37.81,49.22,SUP00054
PART00866,Plastic_Component_0866,Plastic,4016.50.1355,3858.76,47.17,SUP00070
PART00867,Metal_Component_0867,Metal,3904.80.9376,2783.83,46.3,SUP00039
PART00868,Glass_Component_0868,Glass,2918.22.1618,2304.55,7.81,SUP00067
PART00869,Rubber_Component_0869,Rubber,8544.56.5093,1168.81,40.56,SUP00023
PART00870,Electronics_Component_0870,Electronics,8471.83.7550,2847.48,10.88,SUP00019
PART00871,Mechanical_Component_0871,Mechanical,8542.51.8905,868.65,41.29,SUP00176
PART00872,Packaging_Component_0872,Packaging,7318.99.2562,2978.18,15.03,SUP00187
PART00873,Raw Material_Component_0873,Raw Material,3926.83.7251,396.99,2.81,SUP00197
PART00874,Chemical_Component_0874,Chemical,6109.52.6700,4399.56,21.72,SUP00030
PART00875,Textile_Component_0875,Textile,7010.39.1187,3171.27,31.61,SUP00013
PART00876,Plastic_Component_0876,Plastic,4016.49.9591,210.71,27.0,SUP00038
PART00877,Metal_Component_0877,Metal,3904.51.9231,3490.35,7.67,SUP00172
PART00878,Glass_Component_0878,Glass,2918.60.8300,3765.44,28.77,SUP00023
PART00879,Rubber_Component_0879,Rubber,8544.38.8076,1452.47,19.72,SUP00033
PART00880,Electronics_Component_0880,Electronics,8471.53.2352,2381.89,37.27,SUP00140
PART00881,Mechanical_Component_0881,Mechanical,8542.61.5301,429.97,25.1,SUP00198
PART00882,Packaging_Component_0882,Packaging,7318.99.3136,3811.35,24.05,SUP00050
PART00883,Raw Material_Component_0883,Raw Material,3926.72.7476,3262.98,9.81,SUP00157
PART00884,Chemical_Component_0884,Chemical,6109.77.5034,1215.36,13.32,SUP00110
PART00885,Textile_Component_0885,Textile,7010.51.2467,567.09,20.68,SUP00093
PART00886,Plastic_Component_0886,Plastic,4016.54.4120,1607.09,29.7,SUP00006
PART00887,Metal_Component_0887,Metal,3904.49.3773,4938.32,30.81,SUP00113
PART00888,Glass_Component_0888,Glass,2918.89.3389,2205.11,46.21,SUP00059
PART00889,Rubber_Component_0889,Rubber,8544.35.7124,784.18,36.43,SUP00021
PART00890,Electronics_Component_0890,Electronics,8471.24.1893,1219.03,31.05,SUP00037
PART00891,Mechanical_Component_0891,Mechanical,8542.46.1225,1719.64,40.22,SUP00078
PART00892,Packaging_Component_0892,Packaging,7318.67.8719,118.63,10.46,SUP00137
PART00893,Raw Material_Component_0893,Raw Material,3926.37.4339,2734.39,37.52,SUP00140
PART00894,Chemical_Component_0894,Chemical,6109.71.3315,3476.88,33.42,SUP00096
PART00895,Textile_Component_0895,Textile,7010.84.9631,222.19,8.52,SUP00072
PART00896,Plastic_Component_0896,Plastic,4016.35.5444,270.16,32.74,SUP00002
PART00897,Metal_Component_0897,Metal,3904.18.7367,3303.56,33.15,SUP00168
PART00898,Glass_Component_0898,Glass,2918.56.2767,100.3,43.37,SUP00166
PART00899,Rubber_Component_0899,Rubber,8544.59.4787,4899.07,25.43,SUP00181
PART00900,Electronics_Component_0900,Electronics,8471.22.6168,2425.89,29.86,SUP00022
PART00901,Mechanical_Component_0901,Mechanical,8542.33.4258,2505.75,22.9,SUP00182
PART00902,Packaging_Component_0902,Packaging,7318.12.1651,1240.72,26.48,SUP00085
PART00903,Raw Material_Component_0903,Raw Material,3926.72.7445,3723.23,0.93,SUP00175
PART00904,Chemical_Component_0904,Chemical,6109.55.6822,3128.03,11.82,SUP00128
PART00905,Textile_Component_0905,Textile,7010.45.2015,3130.83,43.94,SUP00007
PART00906,Plastic_Component_0906,Plastic,4016.81.5590,1131.79,17.1,SUP00100
PART00907,Metal_Component_0907,Metal,3904.94.3248,443.54,19.12,SUP00173
PART00908,Glass_Component_0908,Glass,2918.88.4726,2089.58,28.65,SUP00109
PART00909,Rubber_Component_0909,Rubber,8544.49.6395,2248.6,6.6,SUP00167
PART00910,Electronics_Component_0910,Electronics,8471.27.9869,3421.82,10.12,SUP00035
PART00911,Mechanical_Component_0911,Mechanical,8542.49.9582,4548.27,21.51,SUP00197
PART00912,Packaging_Component_0912,Packaging,7318.28.3589,1590.89,27.87,SUP00184
PART00913,Raw Material_Component_0913,Raw Material,3926.25.4016,1591.4,43.98,SUP00186
PART00914,Chemical_Component_0914,Chemical,6109.13.6221,4401.26,20.71,SUP00105
PART00915,Textile_Component_0915,Textile,7010.48.8258,3729.32,41.09,SUP00163
PART00916,Plastic_Component_0916,Plastic,4016.45.3489,3896.64,5.35,SUP00047
PART00917,Metal_Component_0917,Metal,3904.13.5372,3029.99,30.62,SUP00152
PART00918,Glass_Component_0918,Glass,2918.39.4783,3438.45,17.97,SUP00176
PART00919,Rubber_Component_0919,Rubber,8544.71.3196,2514.11,30.24,SUP00182
PART00920,Electronics_Component_0920,Electronics,8471.93.7126,923.96,19.38,SUP00121
PART00921,Mechanical_Component_0921,Mechanical,8542.27.3683,970.33,1.62,SUP00195
PART00922,Packaging_Component_0922,Packaging,7318.11.5421,4751.24,11.14,SUP00171
PART00923,Raw Material_Component_0923,Raw Material,3926.35.4351,335.35,46.36,SUP00112
PART00924,Chemical_Component_0924,Chemical,6109.88.9027,3440.87,43.34,SUP00063
PART00925,Textile_Component_0925,Textile,7010.64.7633,3882.19,30.4,SUP00097
PART00926,Plastic_Component_0926,Plastic,4016.50.7457,3059.47,37.13,SUP00152
PART00927,Metal_Component_0927,Metal,3904.78.9605,3208.76,35.21,SUP00009
PART00928,Glass_Component_0928,Glass,2918.76.2791,2260.79,41.35,SUP00010
PART00929,Rubber_Component_0929,Rubber,8544.41.9498,2691.66,49.19,SUP00010
PART00930,Electronics_Component_0930,Electronics,8471.81.7347,2583.05,31.54,SUP00012
PART00931,Mechanical_Component_0931,Mechanical,8542.34.5770,2200.57,44.22,SUP00198
PART00932,Packaging_Component_0932,Packaging,7318.46.8558,836.6,14.73,SUP00013
PART00933,Raw Material_Component_0933,Raw Material,3926.98.9470,4518.86,23.18,SUP00165
PART00934,Chemical_Component_0934,Chemical,6109.67.2481,3614.62,5.67,SUP00199
PART00935,Textile_Component_0935,Textile,7010.84.9952,680.86,20.68,SUP00115
PART00936,Plastic_Component_0936,Plastic,4016.13.3930,2271.14,44.83,SUP00051
PART00937,Metal_Component_0937,Metal,3904.68.2477,1254.16,34.59,SUP00182
PART00938,Glass_Component_0938,Glass,2918.30.3024,460.5,35.31,SUP00162
PART00939,Rubber_Component_0939,Rubber,8544.56.2397,2621.47,19.21,SUP00130
PART00940,Electronics_Component_0940,Electronics,8471.88.3619,1896.5,19.04,SUP00196
PART00941,Mechanical_Component_0941,Mechanical,8542.31.6491,2829.63,32.98,SUP00038
PART00942,Packaging_Component_0942,Packaging,7318.30.3369,898.44,35.61,SUP00107
PART00943,Raw Material_Component_0943,Raw Material,3926.49.6071,3652.16,48.05,SUP00073
PART00944,Chemical_Component_0944,Chemical,6109.90.3960,592.18,6.59,SUP00051
PART00945,Textile_Component_0945,Textile,7010.10.5146,65.98,24.89,SUP00127
PART00946,Plastic_Component_0946,Plastic,4016.79.1094,3041.88,24.68,SUP00055
PART00947,Metal_Component_0947,Metal,3904.85.8794,2271.42,22.1,SUP00153
PART00948,Glass_Component_0948,Glass,2918.86.1107,1227.34,27.37,SUP00158
PART00949,Rubber_Component_0949,Rubber,8544.90.4401,249.35,7.42,SUP00167
PART00950,Electronics_Component_0950,Electronics,8471.54.1601,731.15,1.63,SUP00147
PART00951,Mechanical_Component_0951,Mechanical,8542.87.5889,1658.9,4.39,SUP00027
PART00952,Packaging_Component_0952,Packaging,7318.63.3920,810.87,14.23,SUP00169
PART00953,Raw Material_Component_0953,Raw Material,3926.98.3906,4831.63,37.47,SUP00092
PART00954,Chemical_Component_0954,Chemical,6109.14.2525,3843.72,16.15,SUP00097
PART00955,Textile_Component_0955,Textile,7010.18.8001,4217.33,3.26,SUP00120
PART00956,Plastic_Component_0956,Plastic,4016.27.2999,3474.62,13.73,SUP00134
PART00957,Metal_Component_0957,Metal,3904.62.9595,1053.18,10.46,SUP00014
PART00958,Glass_Component_0958,Glass,2918.23.9666,4936.01,24.19,SUP00176
PART00959,Rubber_Component_0959,Rubber,8544.87.5705,2138.13,42.39,SUP00066
PART00960,Electronics_Component_0960,Electronics,8471.77.6797,4635.89,30.72,SUP00127
PART00961,Mechanical_Component_0961,Mechanical,8542.76.9154,2465.06,9.0,SUP00156
PART00962,Packaging_Component_0962,Packaging,7318.39.5759,4896.39,0.09,SUP00006
PART00963,Raw Material_Component_0963,Raw Material,3926.69.2932,3688.65,10.37,SUP00157
PART00964,Chemical_Component_0964,Chemical,6109.63.7783,232.23,17.49,SUP00163
PART00965,Textile_Component_0965,Textile,7010.37.1185,3204.89,34.5,SUP00065
PART00966,Plastic_Component_0966,Plastic,4016.18.6042,1504.92,27.5,SUP00196
PART00967,Metal_Component_0967,Metal,3904.10.2865,3430.75,17.07,SUP00185
PART00968,Glass_Component_0968,Glass,2918.82.1477,4161.05,9.71,SUP00086
PART00969,Rubber_Component_0969,Rubber,8544.96.8849,4581.23,39.86,SUP00165
PART00970,Electronics_Component_0970,Electronics,8471.27.8888,781.15,23.04,SUP00137
PART00971,Mechanical_Component_0971,Mechanical,8542.52.8577,3921.03,20.7,SUP00190
PART00972,Packaging_Component_0972,Packaging,7318.17.9537,1500.22,36.25,SUP00080
PART00973,Raw Material_Component_0973,Raw Material,3926.81.9779,98.5,28.87,SUP00084
PART00974,Chemical_Component_0974,Chemical,6109.55.2084,4848.22,14.03,SUP00007
PART00975,Textile_Component_0975,Textile,7010.53.7147,3134.42,42.12,SUP00146
PART00976,Plastic_Component_0976,Plastic,4016.87.7382,940.96,5.85,SUP00192
PART00977,Metal_Component_0977,Metal,3904.49.6152,3550.65,13.58,SUP00022
PART00978,Glass_Component_0978,Glass,2918.73.4893,1861.06,41.47,SUP00077
PART00979,Rubber_Component_0979,Rubber,8544.37.9603,1515.08,5.62,SUP00009
PART00980,Electronics_Component_0980,Electronics,8471.35.2517,2221.65,1.26,SUP00123
PART00981,Mechanical_Component_0981,Mechanical,8542.74.3524,955.11,46.18,SUP00187
PART00982,Packaging_Component_0982,Packaging,7318.77.6084,3878.79,7.17,SUP00025
PART00983,Raw Material_Component_0983,Raw Material,3926.76.3174,1029.91,1.84,SUP00099
PART00984,Chemical_Component_0984,Chemical,6109.76.2897,25.53,46.62,SUP00175
PART00985,Textile_Component_0985,Textile,7010.86.2426,1669.78,44.46,SUP00026
PART00986,Plastic_Component_0986,Plastic,4016.76.6119,117.29,37.93,SUP00163
PART00987,Metal_Component_0987,Metal,3904.36.6257,1006.77,14.34,SUP00136
PART00988,Glass_Component_0988,Glass,2918.50.8227,3357.26,13.64,SUP00040
PART00989,Rubber_Component_0989,Rubber,8544.45.2875,81.21,31.15,SUP00131
PART00990,Electronics_Component_0990,Electronics,8471.23.4384,2714.93,27.47,SUP00069
PART00991,Mechanical_Component_0991,Mechanical,8542.28.5641,2872.54,8.57,SUP00079
PART00992,Packaging_Component_0992,Packaging,7318.88.6549,2705.18,2.55,SUP00007
PART00993,Raw Material_Component_0993,Raw Material,3926.70.1826,534.1,2.7,SUP00109
PART00994,Chemical_Component_0994,Chemical,6109.60.3932,3524.86,44.56,SUP00161
PART00995,Textile_Component_0995,Textile,7010.98.8304,3083.5,15.63,SUP00050
PART00996,Plastic_Component_0996,Plastic,4016.95.9740,397.34,46.14,SUP00195
PART00997,Metal_Component_0997,Metal,3904.69.3159,469.12,40.12,SUP00178
PART00998,Glass_Component_0998,Glass,2918.69.2593,2280.64,34.23,SUP00181
PART00999,Rubber_Component_0999,Rubber,8544.69.8709,1162.31,11.2,SUP00157
PART01000,Electronics_Component_1000,Electronics,8471.43.6954,1963.42,34.98,SUP00170
PART01001,Mechanical_Component_1001,Mechanical,8542.52.6320,2269.15,1.52,SUP00121
PART01002,Packaging_Component_1002,Packaging,7318.24.6758,2395.87,42.29,SUP00072
PART01003,Raw Material_Component_1003,Raw Material,3926.54.3087,2542.21,20.29,SUP00182
PART01004,Chemical_Component_1004,Chemical,6109.23.6339,2782.97,3.56,SUP00077
PART01005,Textile_Component_1005,Textile,7010.78.8552,2007.08,20.68,SUP00158
PART01006,Plastic_Component_1006,Plastic,4016.41.9977,799.31,24.12,SUP00016
PART01007,Metal_Component_1007,Metal,3904.53.4411,4070.51,29.55,SUP00111
PART01008,Glass_Component_1008,Glass,2918.82.6606,2724.91,11.82,SUP00169
PART01009,Rubber_Component_1009,Rubber,8544.95.2276,3698.14,35.6,SUP00124
PART01010,Electronics_Component_1010,Electronics,8471.24.8584,1630.26,4.89,SUP00113
PART01011,Mechanical_Component_1011,Mechanical,8542.32.6046,4779.64,3.49,SUP00027
PART01012,Packaging_Component_1012,Packaging,7318.97.7208,1640.4,32.25,SUP00015
PART01013,Raw Material_Component_1013,Raw Material,3926.21.4565,4086.08,44.36,SUP00193
PART01014,Chemical_Component_1014,Chemical,6109.91.1003,3786.6,33.05,SUP00115
PART01015,Textile_Component_1015,Textile,7010.78.5775,1952.96,28.9,SUP00050
PART01016,Plastic_Component_1016,Plastic,4016.36.6187,1502.18,39.72,SUP00173
PART01017,Metal_Component_1017,Metal,3904.48.8122,3590.37,45.76,SUP00022
PART01018,Glass_Component_1018,Glass,2918.84.1133,3059.4,25.53,SUP00032
PART01019,Rubber_Component_1019,Rubber,8544.47.2022,1849.27,27.45,SUP00013
PART01020,Electronics_Component_1020,Electronics,8471.10.6885,552.94,14.12,SUP00007
PART01021,Mechanical_Component_1021,Mechanical,8542.40.8073,3512.6,19.72,SUP00081
PART01022,Packaging_Component_1022,Packaging,7318.58.7652,1910.92,27.26,SUP00169
PART01023,Raw Material_Component_1023,Raw Material,3926.32.8780,699.65,27.78,SUP00092
PART01024,Chemical_Component_1024,Chemical,6109.63.3527,1445.91,43.64,SUP00032
PART01025,Textile_Component_1025,Textile,7010.27.1190,363.37,0.8,SUP00184
PART01026,Plastic_Component_1026,Plastic,4016.72.8155,4875.0,6.8,SUP00035
PART01027,Metal_Component_1027,Metal,3904.92.7813,4301.46,44.68,SUP00178
PART01028,Glass_Component_1028,Glass,2918.87.7974,3118.13,22.73,SUP00108
PART01029,Rubber_Component_1029,Rubber,8544.80.8373,1926.65,11.29,SUP00108
PART01030,Electronics_Component_1030,Electronics,8471.87.1121,2891.8,42.34,SUP00060
PART01031,Mechanical_Component_1031,Mechanical,8542.74.5411,2057.13,27.31,SUP00093
PART01032,Packaging_Component_1032,Packaging,7318.14.1620,2842.91,35.25,SUP00028
PART01033,Raw Material_Component_1033,Raw Material,3926.84.8889,4808.88,4.01,SUP00186
PART01034,Chemical_Component_1034,Chemical,6109.77.5578,2327.36,3.92,SUP00156
PART01035,Textile_Component_1035,Textile,7010.21.5017,2364.9,37.09,SUP00171
PART01036,Plastic_Component_1036,Plastic,4016.19.9834,3991.5,15.63,SUP00013
PART01037,Metal_Component_1037,Metal,3904.53.9765,3893.74,23.45,SUP00131
PART01038,Glass_Component_1038,Glass,2918.70.6431,2107.98,48.03,SUP00075
PART01039,Rubber_Component_1039,Rubber,8544.47.3744,181.45,46.14,SUP00191
PART01040,Electronics_Component_1040,Electronics,8471.48.5267,311.78,23.66,SUP00043
PART01041,Mechanical_Component_1041,Mechanical,8542.83.1845,3283.32,14.59,SUP00188
PART01042,Packaging_Component_1042,Packaging,7318.89.1447,1437.64,4.13,SUP00129
PART01043,Raw Material_Component_1043,Raw Material,3926.19.5552,1263.99,30.79,SUP00070
PART01044,Chemical_Component_1044,Chemical,6109.42.1232,3708.44,30.2,SUP00151
PART01045,Textile_Component_1045,Textile,7010.29.8317,1851.99,8.78,SUP00179
PART01046,Plastic_Component_1046,Plastic,4016.40.8944,908.14,26.37,SUP00008
PART01047,Metal_Component_1047,Metal,3904.53.2382,4836.89,29.78,SUP00039
PART01048,Glass_Component_1048,Glass,2918.73.7765,3852.99,11.9,SUP00112
PART01049,Rubber_Component_1049,Rubber,8544.91.3740,1058.23,36.72,SUP00088
PART01050,Electronics_Component_1050,Electronics,8471.16.5331,3778.64,5.81,SUP00042
PART01051,Mechanical_Component_1051,Mechanical,8542.69.7533,2383.78,23.82,SUP00192
PART01052,Packaging_Component_1052,Packaging,7318.78.4828,1902.1,35.28,SUP00121
PART01053,Raw Material_Component_1053,Raw Material,3926.43.3378,2654.56,21.74,SUP00073
PART01054,Chemical_Component_1054,Chemical,6109.67.7258,3394.07,48.09,SUP00174
PART01055,Textile_Component_1055,Textile,7010.15.2595,4588.97,31.87,SUP00110
PART01056,Plastic_Component_1056,Plastic,4016.88.5466,1678.16,13.36,SUP00025
PART01057,Metal_Component_1057,Metal,3904.42.7408,2308.24,33.77,SUP00061
PART01058,Glass_Component_1058,Glass,2918.96.4193,2602.16,33.89,SUP00046
PART01059,Rubber_Component_1059,Rubber,8544.50.9972,57.84,0.43,SUP00017
PART01060,Electronics_Component_1060,Electronics,8471.11.7737,493.01,5.2,SUP00114
PART01061,Mechanical_Component_1061,Mechanical,8542.54.4594,3627.63,12.6,SUP00008
PART01062,Packaging_Component_1062,Packaging,7318.13.2506,289.13,29.71,SUP00055
PART01063,Raw Material_Component_1063,Raw Material,3926.86.2995,3541.84,6.01,SUP00154
PART01064,Chemical_Component_1064,Chemical,6109.26.7159,3283.69,45.0,SUP00144
PART01065,Textile_Component_1065,Textile,7010.33.2816,3479.79,12.67,SUP00119
PART01066,Plastic_Component_1066,Plastic,4016.94.2240,3195.71,46.14,SUP00070
PART01067,Metal_Component_1067,Metal,3904.64.6298,1290.4,39.04,SUP00070
PART01068,Glass_Component_1068,Glass,2918.17.7271,1946.01,49.8,SUP00066
PART01069,Rubber_Component_1069,Rubber,8544.43.3915,2205.67,24.59,SUP00051
PART01070,Electronics_Component_1070,Electronics,8471.88.7432,896.32,24.61,SUP00036
PART01071,Mechanical_Component_1071,Mechanical,8542.79.8065,1095.84,32.17,SUP00113
PART01072,Packaging_Component_1072,Packaging,7318.43.2692,179.13,3.53,SUP00186
PART01073,Raw Material_Component_1073,Raw Material,3926.42.8305,98.73,24.89,SUP00167
PART01074,Chemical_Component_1074,Chemical,6109.91.1014,4664.8,33.23,SUP00068
PART01075,Textile_Component_1075,Textile,7010.29.6403,4523.56,28.74,SUP00131
PART01076,Plastic_Component_1076,Plastic,4016.72.8833,2183.11,42.2,SUP00199
PART01077,Metal_Component_1077,Metal,3904.18.9849,1133.1,19.23,SUP00176
PART01078,Glass_Component_1078,Glass,2918.71.2985,2838.38,46.75,SUP00091
PART01079,Rubber_Component_1079,Rubber,8544.52.5961,2006.07,31.62,SUP00165
PART01080,Electronics_Component_1080,Electronics,8471.21.6985,2675.46,48.05,SUP00020
PART01081,Mechanical_Component_1081,Mechanical,8542.68.5750,3240.72,8.84,SUP00010
PART01082,Packaging_Component_1082,Packaging,7318.59.4129,1497.86,19.51,SUP00027
PART01083,Raw Material_Component_1083,Raw Material,3926.90.6886,2435.09,44.26,SUP00112
PART01084,Chemical_Component_1084,Chemical,6109.34.3292,183.31,1.28,SUP00151
PART01085,Textile_Component_1085,Textile,7010.40.9015,1946.89,39.64,SUP00164
PART01086,Plastic_Component_1086,Plastic,4016.49.9186,2672.03,41.71,SUP00115
PART01087,Metal_Component_1087,Metal,3904.12.1606,1699.73,16.89,SUP00184
PART01088,Glass_Component_1088,Glass,2918.15.7643,595.34,40.36,SUP00170
PART01089,Rubber_Component_1089,Rubber,8544.76.8509,4700.75,43.51,SUP00137
PART01090,Electronics_Component_1090,Electronics,8471.29.4817,4624.45,1.85,SUP00036
PART01091,Mechanical_Component_1091,Mechanical,8542.72.1312,2358.74,45.9,SUP00011
PART01092,Packaging_Component_1092,Packaging,7318.41.3138,76.75,31.64,SUP00078
PART01093,Raw Material_Component_1093,Raw Material,3926.22.8474,3058.07,41.77,SUP00016
PART01094,Chemical_Component_1094,Chemical,6109.23.2870,2488.23,39.96,SUP00056
PART01095,Textile_Component_1095,Textile,7010.18.4320,2133.93,40.58,SUP00188
PART01096,Plastic_Component_1096,Plastic,4016.96.7586,1624.55,48.79,SUP00147
PART01097,Metal_Component_1097,Metal,3904.79.3250,1611.34,48.23,SUP00054
PART01098,Glass_Component_1098,Glass,2918.15.3841,1680.84,6.05,SUP00036
PART01099,Rubber_Component_1099,Rubber,8544.63.3753,3483.0,27.67,SUP00112
PART01100,Electronics_Component_1100,Electronics,8471.41.1666,671.19,39.55,SUP00161
PART01101,Mechanical_Component_1101,Mechanical,8542.88.7162,3889.42,0.79,SUP00124
PART01102,Packaging_Component_1102,Packaging,7318.20.1104,41.08,46.31,SUP00180
PART01103,Raw Material_Component_1103,Raw Material,3926.93.5648,2084.03,40.37,SUP00197
PART01104,Chemical_Component_1104,Chemical,6109.70.3079,1034.77,31.99,SUP00133
PART01105,Textile_Component_1105,Textile,7010.67.7750,1200.07,8.74,SUP00177
PART01106,Plastic_Component_1106,Plastic,4016.14.3949,3587.41,30.61,SUP00022
PART01107,Metal_Component_1107,Metal,3904.90.5934,1742.53,0.24,SUP00060
PART01108,Glass_Component_1108,Glass,2918.34.2925,4933.08,48.84,SUP00158
PART01109,Rubber_Component_1109,Rubber,8544.56.9842,2540.17,23.22,SUP00160
PART01110,Electronics_Component_1110,Electronics,8471.94.4409,1385.75,9.69,SUP00038
PART01111,Mechanical_Component_1111,Mechanical,8542.97.8772,2490.09,8.0,SUP00011
PART01112,Packaging_Component_1112,Packaging,7318.16.6966,1428.9,21.74,SUP00085
PART01113,Raw Material_Component_1113,Raw Material,3926.88.8424,221.37,37.02,SUP00137
PART01114,Chemical_Component_1114,Chemical,6109.32.3589,3928.53,24.26,SUP00029
PART01115,Textile_Component_1115,Textile,7010.19.4855,3608.41,29.64,SUP00083
PART01116,Plastic_Component_1116,Plastic,4016.63.4256,3736.7,44.92,SUP00058
PART01117,Metal_Component_1117,Metal,3904.24.6343,1142.77,11.86,SUP00105
PART01118,Glass_Component_1118,Glass,2918.35.7152,4457.37,3.69,SUP00149
PART01119,Rubber_Component_1119,Rubber,8544.72.1890,4452.99,7.26,SUP00156
PART01120,Electronics_Component_1120,Electronics,8471.68.3917,1939.71,6.83,SUP00184
PART01121,Mechanical_Component_1121,Mechanical,8542.34.6875,4877.9,10.12,SUP00032
PART01122,Packaging_Component_1122,Packaging,7318.14.1977,1406.62,5.56,SUP00119
PART01123,Raw Material_Component_1123,Raw Material,3926.68.7852,860.15,17.19,SUP00075
PART01124,Chemical_Component_1124,Chemical,6109.87.3568,3948.79,31.9,SUP00156
PART01125,Textile_Component_1125,Textile,7010.31.4763,436.94,42.85,SUP00125
PART01126,Plastic_Component_1126,Plastic,4016.37.8757,4185.76,13.97,SUP00186
PART01127,Metal_Component_1127,Metal,3904.64.5041,1242.92,21.72,SUP00056
PART01128,Glass_Component_1128,Glass,2918.85.3440,4569.2,44.91,SUP00106
PART01129,Rubber_Component_1129,Rubber,8544.15.1656,4956.41,36.68,SUP00129
PART01130,Electronics_Component_1130,Electronics,8471.14.7974,2657.95,23.97,SUP00178
PART01131,Mechanical_Component_1131,Mechanical,8542.22.8412,2478.95,4.16,SUP00192
PART01132,Packaging_Component_1132,Packaging,7318.11.7662,4749.92,6.64,SUP00075
PART01133,Raw Material_Component_1133,Raw Material,3926.40.2486,84.57,33.46,SUP00041
PART01134,Chemical_Component_1134,Chemical,6109.68.1399,4882.22,23.19,SUP00035
PART01135,Textile_Component_1135,Textile,7010.61.4030,3950.34,18.53,SUP00118
PART01136,Plastic_Component_1136,Plastic,4016.91.1022,4302.61,3.54,SUP00176
PART01137,Metal_Component_1137,Metal,3904.52.9698,168.41,21.3,SUP00069
PART01138,Glass_Component_1138,Glass,2918.99.9887,2878.27,10.37,SUP00175
PART01139,Rubber_Component_1139,Rubber,8544.20.6500,3680.13,2.75,SUP00172
PART01140,Electronics_Component_1140,Electronics,8471.56.1844,559.28,18.29,SUP00158
PART01141,Mechanical_Component_1141,Mechanical,8542.15.6989,1835.33,32.41,SUP00180
PART01142,Packaging_Component_1142,Packaging,7318.18.4354,696.34,16.75,SUP00138
PART01143,Raw Material_Component_1143,Raw Material,3926.24.8839,3688.21,37.62,SUP00179
PART01144,Chemical_Component_1144,Chemical,6109.36.4693,1605.72,44.9,SUP00128
PART01145,Textile_Component_1145,Textile,7010.97.7929,1389.34,3.18,SUP00088
PART01146,Plastic_Component_1146,Plastic,4016.67.8966,2509.74,41.48,SUP00120
PART01147,Metal_Component_1147,Metal,3904.78.9730,4497.76,22.6,SUP00094
PART01148,Glass_Component_1148,Glass,2918.96.2075,945.83,44.2,SUP00022
PART01149,Rubber_Component_1149,Rubber,8544.20.7400,4490.24,14.43,SUP00019
PART01150,Electronics_Component_1150,Electronics,8471.23.3699,1383.33,34.86,SUP00127
PART01151,Mechanical_Component_1151,Mechanical,8542.29.4346,2605.83,31.37,SUP00075
PART01152,Packaging_Component_1152,Packaging,7318.63.9870,4658.95,23.7,SUP00107
PART01153,Raw Material_Component_1153,Raw Material,3926.66.1351,1461.13,3.16,SUP00059
PART01154,Chemical_Component_1154,Chemical,6109.76.6503,2061.4,17.15,SUP00165
PART01155,Textile_Component_1155,Textile,7010.51.8965,2968.82,34.85,SUP00140
PART01156,Plastic_Component_1156,Plastic,4016.66.8503,1523.89,6.61,SUP00078
PART01157,Metal_Component_1157,Metal,3904.31.5259,1137.78,18.6,SUP00073
PART01158,Glass_Component_1158,Glass,2918.16.3430,1768.84,22.8,SUP00042
PART01159,Rubber_Component_1159,Rubber,8544.89.3634,3560.5,14.27,SUP00044
PART01160,Electronics_Component_1160,Electronics,8471.98.3514,810.47,5.85,SUP00081
PART01161,Mechanical_Component_1161,Mechanical,8542.83.3072,2207.24,18.49,SUP00052
PART01162,Packaging_Component_1162,Packaging,7318.81.1568,3329.44,48.9,SUP00037
PART01163,Raw Material_Component_1163,Raw Material,3926.57.8347,2701.63,8.14,SUP00077
PART01164,Chemical_Component_1164,Chemical,6109.25.1408,2025.79,24.98,SUP00037
PART01165,Textile_Component_1165,Textile,7010.68.6246,784.49,48.51,SUP00139
PART01166,Plastic_Component_1166,Plastic,4016.74.6427,3237.98,14.78,SUP00074
PART01167,Metal_Component_1167,Metal,3904.83.3409,3998.88,36.43,SUP00113
PART01168,Glass_Component_1168,Glass,2918.53.2840,3659.54,45.01,SUP00035
PART01169,Rubber_Component_1169,Rubber,8544.96.2914,1543.87,20.09,SUP00056
PART01170,Electronics_Component_1170,Electronics,8471.67.6855,466.94,2.76,SUP00164
PART01171,Mechanical_Component_1171,Mechanical,8542.34.9625,1114.61,46.78,SUP00071
PART01172,Packaging_Component_1172,Packaging,7318.35.1369,422.53,42.47,SUP00173
PART01173,Raw Material_Component_1173,Raw Material,3926.95.2431,4879.32,19.73,SUP00125
PART01174,Chemical_Component_1174,Chemical,6109.50.9381,4717.29,45.42,SUP00092
PART01175,Textile_Component_1175,Textile,7010.60.3423,3581.24,21.39,SUP00098
PART01176,Plastic_Component_1176,Plastic,4016.57.1199,1426.83,17.57,SUP00114
PART01177,Metal_Component_1177,Metal,3904.81.2435,1082.4,44.39,SUP00189
PART01178,Glass_Component_1178,Glass,2918.63.8249,1446.73,40.29,SUP00108
PART01179,Rubber_Component_1179,Rubber,8544.63.3286,4178.38,29.9,SUP00036
PART01180,Electronics_Component_1180,Electronics,8471.36.5968,2375.69,43.38,SUP00085
PART01181,Mechanical_Component_1181,Mechanical,8542.18.7156,446.8,20.48,SUP00069
PART01182,Packaging_Component_1182,Packaging,7318.63.3865,2781.29,35.52,SUP00193
PART01183,Raw Material_Component_1183,Raw Material,3926.27.4264,934.1,19.09,SUP00141
PART01184,Chemical_Component_1184,Chemical,6109.72.1691,4114.88,15.11,SUP00149
PART01185,Textile_Component_1185,Textile,7010.48.9095,2798.61,23.18,SUP00006
PART01186,Plastic_Component_1186,Plastic,4016.10.3523,1317.07,47.8,SUP00162
PART01187,Metal_Component_1187,Metal,3904.70.3034,3270.8,44.64,SUP00106
PART01188,Glass_Component_1188,Glass,2918.32.9059,4534.43,32.24,SUP00007
PART01189,Rubber_Component_1189,Rubber,8544.25.5541,2467.79,48.53,SUP00153
PART01190,Electronics_Component_1190,Electronics,8471.56.8872,2830.05,43.42,SUP00160
PART01191,Mechanical_Component_1191,Mechanical,8542.97.8799,4871.42,40.92,SUP00095
PART01192,Packaging_Component_1192,Packaging,7318.75.1287,4227.17,8.15,SUP00014
PART01193,Raw Material_Component_1193,Raw Material,3926.28.6237,2307.91,34.67,SUP00091
PART01194,Chemical_Component_1194,Chemical,6109.30.1866,1366.99,20.98,SUP00091
PART01195,Textile_Component_1195,Textile,7010.16.5749,1461.86,31.95,SUP00019
PART01196,Plastic_Component_1196,Plastic,4016.75.4175,3833.38,9.17,SUP00024
PART01197,Metal_Component_1197,Metal,3904.86.3738,2720.84,43.62,SUP00175
PART01198,Glass_Component_1198,Glass,2918.48.5447,3428.79,34.42,SUP00024
PART01199,Rubber_Component_1199,Rubber,8544.78.6761,4117.46,0.65,SUP00132
PART01200,Electronics_Component_1200,Electronics,8471.46.7111,3895.15,20.61,SUP00041
PART01201,Mechanical_Component_1201,Mechanical,8542.23.4569,777.0,11.06,SUP00048
PART01202,Packaging_Component_1202,Packaging,7318.81.9612,4231.12,35.63,SUP00179
PART01203,Raw Material_Component_1203,Raw Material,3926.24.7837,2305.15,3.83,SUP00033
PART01204,Chemical_Component_1204,Chemical,6109.12.8856,1744.31,34.56,SUP00035
PART01205,Textile_Component_1205,Textile,7010.66.9570,3819.13,17.11,SUP00181
PART01206,Plastic_Component_1206,Plastic,4016.48.1471,3723.58,5.94,SUP00032
PART01207,Metal_Component_1207,Metal,3904.98.3332,3441.8,15.38,SUP00053
PART01208,Glass_Component_1208,Glass,2918.26.2287,2126.9,38.15,SUP00028
PART01209,Rubber_Component_1209,Rubber,8544.19.1308,3874.59,37.87,SUP00010
PART01210,Electronics_Component_1210,Electronics,8471.35.2766,168.8,32.99,SUP00151
PART01211,Mechanical_Component_1211,Mechanical,8542.17.8685,599.02,12.66,SUP00016
PART01212,Packaging_Component_1212,Packaging,7318.48.1168,3773.98,39.12,SUP00154
PART01213,Raw Material_Component_1213,Raw Material,3926.36.4277,927.99,17.58,SUP00023
PART01214,Chemical_Component_1214,Chemical,6109.28.5544,4744.21,17.4,SUP00041
PART01215,Textile_Component_1215,Textile,7010.74.4962,2527.02,3.43,SUP00148
PART01216,Plastic_Component_1216,Plastic,4016.11.9664,1088.91,9.59,SUP00072
PART01217,Metal_Component_1217,Metal,3904.31.9800,26.62,36.27,SUP00054
PART01218,Glass_Component_1218,Glass,2918.74.8777,1835.48,29.47,SUP00112
PART01219,Rubber_Component_1219,Rubber,8544.96.2758,908.34,17.75,SUP00097
PART01220,Electronics_Component_1220,Electronics,8471.64.4510,2573.68,20.38,SUP00194
PART01221,Mechanical_Component_1221,Mechanical,8542.50.3025,2332.18,25.99,SUP00126
PART01222,Packaging_Component_1222,Packaging,7318.56.5723,2787.87,2.04,SUP00083
PART01223,Raw Material_Component_1223,Raw Material,3926.73.2895,1926.98,22.85,SUP00188
PART01224,Chemical_Component_1224,Chemical,6109.49.8273,1133.24,20.37,SUP00109
PART01225,Textile_Component_1225,Textile,7010.34.2140,4474.3,40.12,SUP00173
PART01226,Plastic_Component_1226,Plastic,4016.57.3937,68.87,33.71,SUP00172
PART01227,Metal_Component_1227,Metal,3904.23.7494,2193.1,32.93,SUP00021
PART01228,Glass_Component_1228,Glass,2918.25.3348,1977.08,34.75,SUP00026
PART01229,Rubber_Component_1229,Rubber,8544.31.2060,1821.73,9.96,SUP00051
PART01230,Electronics_Component_1230,Electronics,8471.86.7623,618.2,41.91,SUP00185
PART01231,Mechanical_Component_1231,Mechanical,8542.73.5563,3825.26,38.3,SUP00151
PART01232,Packaging_Component_1232,Packaging,7318.44.7557,1783.71,33.34,SUP00103
PART01233,Raw Material_Component_1233,Raw Material,3926.72.9379,1398.06,38.4,SUP00027
PART01234,Chemical_Component_1234,Chemical,6109.25.5107,2449.26,11.55,SUP00034
PART01235,Textile_Component_1235,Textile,7010.13.2631,3690.3,41.52,SUP00127
PART01236,Plastic_Component_1236,Plastic,4016.96.1438,4860.5,19.14,SUP00173
PART01237,Metal_Component_1237,Metal,3904.51.3502,1517.25,31.17,SUP00194
PART01238,Glass_Component_1238,Glass,2918.19.9518,3839.02,39.64,SUP00051
PART01239,Rubber_Component_1239,Rubber,8544.47.9157,2453.8,13.09,SUP00087
PART01240,Electronics_Component_1240,Electronics,8471.79.9955,93.26,38.2,SUP00110
PART01241,Mechanical_Component_1241,Mechanical,8542.25.7285,2253.33,42.65,SUP00113
PART01242,Packaging_Component_1242,Packaging,7318.68.1589,169.13,27.84,SUP00199
PART01243,Raw Material_Component_1243,Raw Material,3926.48.3689,2459.94,6.73,SUP00183
PART01244,Chemical_Component_1244,Chemical,6109.59.8986,3821.24,28.45,SUP00125
PART01245,Textile_Component_1245,Textile,7010.94.9837,2863.19,23.8,SUP00040
PART01246,Plastic_Component_1246,Plastic,4016.74.1913,1959.97,24.74,SUP00096
PART01247,Metal_Component_1247,Metal,3904.88.6779,3833.52,14.23,SUP00015
PART01248,Glass_Component_1248,Glass,2918.13.1739,645.35,18.33,SUP00189
PART01249,Rubber_Component_1249,Rubber,8544.84.1440,3827.14,31.26,SUP00097
PART01250,Electronics_Component_1250,Electronics,8471.22.8014,1728.99,17.87,SUP00089
PART01251,Mechanical_Component_1251,Mechanical,8542.17.5001,1241.83,32.41,SUP00151
PART01252,Packaging_Component_1252,Packaging,7318.20.2073,4345.36,5.73,SUP00043
PART01253,Raw Material_Component_1253,Raw Material,3926.12.9821,1633.95,23.05,SUP00108
PART01254,Chemical_Component_1254,Chemical,6109.82.9433,4507.54,13.34,SUP00178
PART01255,Textile_Component_1255,Textile,7010.70.1364,4928.9,18.89,SUP00099
PART01256,Plastic_Component_1256,Plastic,4016.51.2601,4042.59,5.01,SUP00172
PART01257,Metal_Component_1257,Metal,3904.36.6504,2486.17,40.57,SUP00170
PART01258,Glass_Component_1258,Glass,2918.53.3730,3076.07,18.17,SUP00111
PART01259,Rubber_Component_1259,Rubber,8544.35.9142,3179.04,48.71,SUP00019
PART01260,Electronics_Component_1260,Electronics,8471.78.4507,1440.34,2.39,SUP00146
PART01261,Mechanical_Component_1261,Mechanical,8542.61.4700,3124.74,47.9,SUP00183
PART01262,Packaging_Component_1262,Packaging,7318.84.2552,2961.36,13.68,SUP00145
PART01263,Raw Material_Component_1263,Raw Material,3926.77.8786,2138.39,17.37,SUP00019
PART01264,Chemical_Component_1264,Chemical,6109.93.5945,2525.67,15.0,SUP00169
PART01265,Textile_Component_1265,Textile,7010.79.6133,1004.38,20.12,SUP00159
PART01266,Plastic_Component_1266,Plastic,4016.75.8425,3359.44,27.38,SUP00004
PART01267,Metal_Component_1267,Metal,3904.90.9457,4314.24,28.85,SUP00054
PART01268,Glass_Component_1268,Glass,2918.94.8656,1343.34,31.9,SUP00157
PART01269,Rubber_Component_1269,Rubber,8544.65.1981,2613.74,18.22,SUP00037
PART01270,Electronics_Component_1270,Electronics,8471.40.3465,3733.44,38.28,SUP00111
PART01271,Mechanical_Component_1271,Mechanical,8542.62.6220,4301.63,45.56,SUP00162
PART01272,Packaging_Component_1272,Packaging,7318.36.7757,1338.34,14.36,SUP00041
PART01273,Raw Material_Component_1273,Raw Material,3926.42.4868,2032.3,5.69,SUP00049
PART01274,Chemical_Component_1274,Chemical,6109.13.5023,3986.24,15.53,SUP00124
PART01275,Textile_Component_1275,Textile,7010.81.8145,2112.99,45.28,SUP00051
PART01276,Plastic_Component_1276,Plastic,4016.30.5468,686.47,12.93,SUP00071
PART01277,Metal_Component_1277,Metal,3904.94.3883,3223.25,2.12,SUP00184
PART01278,Glass_Component_1278,Glass,2918.72.1326,281.36,44.83,SUP00080
PART01279,Rubber_Component_1279,Rubber,8544.87.5882,4336.52,45.03,SUP00104
PART01280,Electronics_Component_1280,Electronics,8471.56.2479,1987.49,41.99,SUP00035
PART01281,Mechanical_Component_1281,Mechanical,8542.40.2833,2857.01,25.02,SUP00030
PART01282,Packaging_Component_1282,Packaging,7318.76.9605,1262.78,44.23,SUP00060
PART01283,Raw Material_Component_1283,Raw Material,3926.86.3003,3867.09,15.68,SUP00149
PART01284,Chemical_Component_1284,Chemical,6109.59.4865,4677.82,10.91,SUP00027
PART01285,Textile_Component_1285,Textile,7010.32.4507,4849.77,21.98,SUP00065
PART01286,Plastic_Component_1286,Plastic,4016.85.1916,2454.34,18.74,SUP00028
PART01287,Metal_Component_1287,Metal,3904.50.9941,2121.79,34.14,SUP00071
PART01288,Glass_Component_1288,Glass,2918.28.6947,2378.73,18.39,SUP00078
PART01289,Rubber_Component_1289,Rubber,8544.12.1570,4208.16,33.11,SUP00013
PART01290,Electronics_Component_1290,Electronics,8471.98.4926,1268.65,19.24,SUP00163
PART01291,Mechanical_Component_1291,Mechanical,8542.99.6945,4516.27,34.27,SUP00136
PART01292,Packaging_Component_1292,Packaging,7318.40.8248,1945.41,45.49,SUP00100
PART01293,Raw Material_Component_1293,Raw Material,3926.42.5929,455.8,41.14,SUP00060
PART01294,Chemical_Component_1294,Chemical,6109.48.4446,4297.79,8.02,SUP00112
PART01295,Textile_Component_1295,Textile,7010.90.6196,4397.94,38.34,SUP00104
PART01296,Plastic_Component_1296,Plastic,4016.14.5489,4332.89,41.16,SUP00125
PART01297,Metal_Component_1297,Metal,3904.70.7765,4632.85,16.64,SUP00108
PART01298,Glass_Component_1298,Glass,2918.22.3627,3493.92,25.32,SUP00090
PART01299,Rubber_Component_1299,Rubber,8544.63.9973,3690.24,22.67,SUP00007
PART01300,Electronics_Component_1300,Electronics,8471.16.4010,3152.63,39.55,SUP00034
PART01301,Mechanical_Component_1301,Mechanical,8542.10.7564,1004.38,15.28,SUP00147
PART01302,Packaging_Component_1302,Packaging,7318.20.2815,793.32,25.82,SUP00196
PART01303,Raw Material_Component_1303,Raw Material,3926.93.3131,4235.57,34.29,SUP00081
PART01304,Chemical_Component_1304,Chemical,6109.67.8837,4368.16,6.68,SUP00044
PART01305,Textile_Component_1305,Textile,7010.97.6367,3998.65,9.94,SUP00106
PART01306,Plastic_Component_1306,Plastic,4016.57.3980,1970.5,18.87,SUP00146
PART01307,Metal_Component_1307,Metal,3904.38.1339,4740.81,46.16,SUP00165
PART01308,Glass_Component_1308,Glass,2918.88.4747,4534.69,48.71,SUP00050
PART01309,Rubber_Component_1309,Rubber,8544.43.3764,253.67,30.9,SUP00153
PART01310,Electronics_Component_1310,Electronics,8471.43.3445,449.86,18.4,SUP00145
PART01311,Mechanical_Component_1311,Mechanical,8542.25.1231,3594.32,21.76,SUP00116
PART01312,Packaging_Component_1312,Packaging,7318.96.9096,596.97,35.68,SUP00048
PART01313,Raw Material_Component_1313,Raw Material,3926.44.5717,3733.48,19.11,SUP00110
PART01314,Chemical_Component_1314,Chemical,6109.36.4531,4976.06,14.16,SUP00173
PART01315,Textile_Component_1315,Textile,7010.34.7853,905.95,39.63,SUP00007
PART01316,Plastic_Component_1316,Plastic,4016.47.5289,1181.25,22.55,SUP00063
PART01317,Metal_Component_1317,Metal,3904.57.8506,433.26,23.45,SUP00082
PART01318,Glass_Component_1318,Glass,2918.98.7513,3435.83,35.67,SUP00181
PART01319,Rubber_Component_1319,Rubber,8544.64.5198,369.91,27.85,SUP00013
PART01320,Electronics_Component_1320,Electronics,8471.52.4847,2357.31,17.72,SUP00155
PART01321,Mechanical_Component_1321,Mechanical,8542.95.1745,31.78,25.23,SUP00097
PART01322,Packaging_Component_1322,Packaging,7318.48.7466,3357.95,6.62,SUP00143
PART01323,Raw Material_Component_1323,Raw Material,3926.15.3938,1305.16,25.19,SUP00086
PART01324,Chemical_Component_1324,Chemical,6109.69.3161,452.79,35.52,SUP00110
PART01325,Textile_Component_1325,Textile,7010.28.5266,588.63,2.22,SUP00032
PART01326,Plastic_Component_1326,Plastic,4016.73.5603,3740.38,46.31,SUP00072
PART01327,Metal_Component_1327,Metal,3904.43.5321,2587.28,21.79,SUP00042
PART01328,Glass_Component_1328,Glass,2918.50.9049,3819.56,7.57,SUP00168
PART01329,Rubber_Component_1329,Rubber,8544.91.8208,270.84,7.44,SUP00058
PART01330,Electronics_Component_1330,Electronics,8471.33.1587,2353.89,8.19,SUP00119
PART01331,Mechanical_Component_1331,Mechanical,8542.65.2900,4976.03,46.36,SUP00010
PART01332,Packaging_Component_1332,Packaging,7318.66.6841,4944.15,28.05,SUP00117
PART01333,Raw Material_Component_1333,Raw Material,3926.73.2843,4229.96,43.35,SUP00031
PART01334,Chemical_Component_1334,Chemical,6109.54.2533,1022.65,14.21,SUP00043
PART01335,Textile_Component_1335,Textile,7010.75.5469,2818.42,33.16,SUP00054
PART01336,Plastic_Component_1336,Plastic,4016.84.1067,2632.45,28.54,SUP00106
PART01337,Metal_Component_1337,Metal,3904.19.5033,3842.43,33.85,SUP00084
PART01338,Glass_Component_1338,Glass,2918.13.5657,3408.16,34.04,SUP00100
PART01339,Rubber_Component_1339,Rubber,8544.57.2737,4185.7,7.7,SUP00020
PART01340,Electronics_Component_1340,Electronics,8471.68.8861,2273.01,47.76,SUP00152
PART01341,Mechanical_Component_1341,Mechanical,8542.94.1095,1650.49,2.2,SUP00159
PART01342,Packaging_Component_1342,Packaging,7318.67.6323,4737.35,49.99,SUP00145
PART01343,Raw Material_Component_1343,Raw Material,3926.26.4463,4317.08,40.08,SUP00072
PART01344,Chemical_Component_1344,Chemical,6109.51.1909,3720.28,27.36,SUP00154
PART01345,Textile_Component_1345,Textile,7010.58.2516,1997.3,8.91,SUP00197
PART01346,Plastic_Component_1346,Plastic,4016.61.2461,107.46,10.42,SUP00099
PART01347,Metal_Component_1347,Metal,3904.61.5668,3237.6,47.72,SUP00039
PART01348,Glass_Component_1348,Glass,2918.25.5891,2456.77,21.62,SUP00079
PART01349,Rubber_Component_1349,Rubber,8544.97.3151,1798.43,4.81,SUP00094
PART01350,Electronics_Component_1350,Electronics,8471.75.4274,2450.67,44.27,SUP00121
PART01351,Mechanical_Component_1351,Mechanical,8542.44.7931,455.66,21.13,SUP00094
PART01352,Packaging_Component_1352,Packaging,7318.88.4053,2173.36,21.31,SUP00010
PART01353,Raw Material_Component_1353,Raw Material,3926.75.6599,4866.49,33.83,SUP00165
PART01354,Chemical_Component_1354,Chemical,6109.97.3540,4653.68,26.37,SUP00165
PART01355,Textile_Component_1355,Textile,7010.77.2375,1457.06,21.87,SUP00122
PART01356,Plastic_Component_1356,Plastic,4016.48.3434,4921.01,34.22,SUP00076
PART01357,Metal_Component_1357,Metal,3904.41.9570,2141.52,28.43,SUP00141
PART01358,Glass_Component_1358,Glass,2918.19.1738,2569.51,25.54,SUP00105
PART01359,Rubber_Component_1359,Rubber,8544.22.8612,3305.97,28.43,SUP00064
PART01360,Electronics_Component_1360,Electronics,8471.55.5175,2929.91,38.43,SUP00004
PART01361,Mechanical_Component_1361,Mechanical,8542.24.8583,901.86,9.12,SUP00100
PART01362,Packaging_Component_1362,Packaging,7318.15.2364,2084.18,35.22,SUP00080
PART01363,Raw Material_Component_1363,Raw Material,3926.85.8454,3787.98,22.5,SUP00067
PART01364,Chemical_Component_1364,Chemical,6109.53.4066,1059.29,3.92,SUP00154
PART01365,Textile_Component_1365,Textile,7010.43.2742,2171.83,0.91,SUP00101
PART01366,Plastic_Component_1366,Plastic,4016.24.1217,862.82,23.86,SUP00177
PART01367,Metal_Component_1367,Metal,3904.61.8974,1517.49,40.66,SUP00157
PART01368,Glass_Component_1368,Glass,2918.56.7471,4024.18,4.39,SUP00034
PART01369,Rubber_Component_1369,Rubber,8544.11.4126,564.0,0.8,SUP00048
PART01370,Electronics_Component_1370,Electronics,8471.13.4428,2408.18,7.27,SUP00061
PART01371,Mechanical_Component_1371,Mechanical,8542.65.9824,958.62,15.05,SUP00118
PART01372,Packaging_Component_1372,Packaging,7318.28.8765,2112.29,5.83,SUP00039
PART01373,Raw Material_Component_1373,Raw Material,3926.99.8295,4819.52,23.58,SUP00115
PART01374,Chemical_Component_1374,Chemical,6109.84.4975,1010.69,28.48,SUP00100
PART01375,Textile_Component_1375,Textile,7010.16.6469,44.33,31.52,SUP00182
PART01376,Plastic_Component_1376,Plastic,4016.65.7810,4243.84,36.86,SUP00152
PART01377,Metal_Component_1377,Metal,3904.80.5764,189.9,19.99,SUP00131
PART01378,Glass_Component_1378,Glass,2918.85.8993,1163.37,3.04,SUP00004
PART01379,Rubber_Component_1379,Rubber,8544.64.6174,2768.51,13.4,SUP00165
PART01380,Electronics_Component_1380,Electronics,8471.63.8755,589.12,31.14,SUP00165
PART01381,Mechanical_Component_1381,Mechanical,8542.54.8345,3489.08,1.05,SUP00073
PART01382,Packaging_Component_1382,Packaging,7318.34.8688,1722.52,11.61,SUP00056
PART01383,Raw Material_Component_1383,Raw Material,3926.85.6556,4609.07,42.67,SUP00183
PART01384,Chemical_Component_1384,Chemical,6109.94.8675,660.14,14.68,SUP00182
PART01385,Textile_Component_1385,Textile,7010.59.7829,4166.24,33.66,SUP00188
PART01386,Plastic_Component_1386,Plastic,4016.56.8738,3999.78,42.23,SUP00159
PART01387,Metal_Component_1387,Metal,3904.36.5627,3455.03,4.32,SUP00123
PART01388,Glass_Component_1388,Glass,2918.26.3839,1001.42,30.29,SUP00025
PART01389,Rubber_Component_1389,Rubber,8544.63.9089,1521.74,10.48,SUP00012
PART01390,Electronics_Component_1390,Electronics,8471.12.6878,4405.13,17.86,SUP00040
PART01391,Mechanical_Component_1391,Mechanical,8542.32.9248,164.69,3.19,SUP00110
PART01392,Packaging_Component_1392,Packaging,7318.24.4714,607.84,11.21,SUP00066
PART01393,Raw Material_Component_1393,Raw Material,3926.53.6820,3848.02,38.51,SUP00142
PART01394,Chemical_Component_1394,Chemical,6109.44.3476,4267.77,43.69,SUP00154
PART01395,Textile_Component_1395,Textile,7010.95.2706,3533.49,46.33,SUP00112
PART01396,Plastic_Component_1396,Plastic,4016.68.2817,4873.43,39.08,SUP00156
PART01397,Metal_Component_1397,Metal,3904.23.1687,2538.99,8.36,SUP00030
PART01398,Glass_Component_1398,Glass,2918.36.6925,789.38,14.61,SUP00113
PART01399,Rubber_Component_1399,Rubber,8544.74.9165,3664.1,4.97,SUP00165
PART01400,Electronics_Component_1400,Electronics,8471.56.6482,4096.71,6.16,SUP00051
PART01401,Mechanical_Component_1401,Mechanical,8542.66.7811,3847.25,0.34,SUP00121
PART01402,Packaging_Component_1402,Packaging,7318.53.5698,2527.59,4.27,SUP00095
PART01403,Raw Material_Component_1403,Raw Material,3926.63.6908,3149.05,12.28,SUP00192
PART01404,Chemical_Component_1404,Chemical,6109.77.7909,3937.14,6.91,SUP00109
PART01405,Textile_Component_1405,Textile,7010.62.7706,4490.84,47.59,SUP00132
PART01406,Plastic_Component_1406,Plastic,4016.97.6927,4718.98,22.13,SUP00197
PART01407,Metal_Component_1407,Metal,3904.11.9476,4718.5,4.25,SUP00080
PART01408,Glass_Component_1408,Glass,2918.61.3692,2173.19,19.67,SUP00009
PART01409,Rubber_Component_1409,Rubber,8544.94.3473,4513.04,2.9,SUP00161
PART01410,Electronics_Component_1410,Electronics,8471.94.9516,4863.44,20.97,SUP00174
PART01411,Mechanical_Component_1411,Mechanical,8542.99.5986,3609.15,15.69,SUP00088
PART01412,Packaging_Component_1412,Packaging,7318.11.5583,4501.54,30.52,SUP00037
PART01413,Raw Material_Component_1413,Raw Material,3926.99.7618,2233.71,10.26,SUP00139
PART01414,Chemical_Component_1414,Chemical,6109.89.8244,3488.87,44.38,SUP00166
PART01415,Textile_Component_1415,Textile,7010.61.4232,4405.47,4.22,SUP00137
PART01416,Plastic_Component_1416,Plastic,4016.52.7389,3626.87,37.01,SUP00032
PART01417,Metal_Component_1417,Metal,3904.76.9860,1423.22,4.65,SUP00141
PART01418,Glass_Component_1418,Glass,2918.49.9541,1706.84,31.79,SUP00005
PART01419,Rubber_Component_1419,Rubber,8544.13.9846,2964.56,12.07,SUP00198
PART01420,Electronics_Component_1420,Electronics,8471.48.7926,4934.84,5.53,SUP00015
PART01421,Mechanical_Component_1421,Mechanical,8542.57.5255,3136.81,17.73,SUP00012
PART01422,Packaging_Component_1422,Packaging,7318.93.3043,2246.44,28.63,SUP00001
PART01423,Raw Material_Component_1423,Raw Material,3926.68.6553,4914.84,40.27,SUP00148
PART01424,Chemical_Component_1424,Chemical,6109.82.9737,4223.26,11.7,SUP00076
PART01425,Textile_Component_1425,Textile,7010.46.3293,3573.18,25.99,SUP00063
PART01426,Plastic_Component_1426,Plastic,4016.23.6371,2584.68,9.64,SUP00199
PART01427,Metal_Component_1427,Metal,3904.56.8443,494.45,35.58,SUP00105
PART01428,Glass_Component_1428,Glass,2918.20.2511,315.66,44.43,SUP00121
PART01429,Rubber_Component_1429,Rubber,8544.37.8309,394.97,33.84,SUP00103
PART01430,Electronics_Component_1430,Electronics,8471.85.9502,3895.23,43.6,SUP00149
PART01431,Mechanical_Component_1431,Mechanical,8542.73.7937,4982.58,34.45,SUP00125
PART01432,Packaging_Component_1432,Packaging,7318.63.3668,726.01,6.36,SUP00182
PART01433,Raw Material_Component_1433,Raw Material,3926.68.3119,4840.32,25.66,SUP00135
PART01434,Chemical_Component_1434,Chemical,6109.25.4483,2279.88,1.64,SUP00040
PART01435,Textile_Component_1435,Textile,7010.81.7051,4608.88,5.95,SUP00104
PART01436,Plastic_Component_1436,Plastic,4016.24.2980,1851.08,14.49,SUP00133
PART01437,Metal_Component_1437,Metal,3904.29.2929,1860.48,49.55,SUP00077
PART01438,Glass_Component_1438,Glass,2918.47.8961,144.75,7.15,SUP00150
PART01439,Rubber_Component_1439,Rubber,8544.63.1797,4684.42,15.27,SUP00072
PART01440,Electronics_Component_1440,Electronics,8471.37.3999,4096.53,24.44,SUP00031
PART01441,Mechanical_Component_1441,Mechanical,8542.80.6712,342.48,2.24,SUP00123
PART01442,Packaging_Component_1442,Packaging,7318.83.6074,2830.99,45.02,SUP00096
PART01443,Raw Material_Component_1443,Raw Material,3926.70.3175,3810.95,25.24,SUP00117
PART01444,Chemical_Component_1444,Chemical,6109.67.8357,749.17,36.4,SUP00022
PART01445,Textile_Component_1445,Textile,7010.89.7711,1939.24,45.01,SUP00086
PART01446,Plastic_Component_1446,Plastic,4016.79.1750,4790.61,44.5,SUP00188
PART01447,Metal_Component_1447,Metal,3904.45.2450,4330.44,35.36,SUP00146
PART01448,Glass_Component_1448,Glass,2918.90.6060,2807.42,6.2,SUP00143
PART01449,Rubber_Component_1449,Rubber,8544.20.4152,4776.07,27.1,SUP00193
PART01450,Electronics_Component_1450,Electronics,8471.16.9548,951.03,23.8,SUP00004
PART01451,Mechanical_Component_1451,Mechanical,8542.25.9713,902.82,0.96,SUP00052
PART01452,Packaging_Component_1452,Packaging,7318.41.8278,427.82,26.68,SUP00082
PART01453,Raw Material_Component_1453,Raw Material,3926.61.1737,2459.91,46.69,SUP00087
PART01454,Chemical_Component_1454,Chemical,6109.65.3957,2077.61,42.98,SUP00081
PART01455,Textile_Component_1455,Textile,7010.58.5213,459.67,48.99,SUP00138
PART01456,Plastic_Component_1456,Plastic,4016.31.5675,724.45,12.79,SUP00022
PART01457,Metal_Component_1457,Metal,3904.29.6026,4761.06,33.93,SUP00015
PART01458,Glass_Component_1458,Glass,2918.88.6329,911.38,35.67,SUP00076
PART01459,Rubber_Component_1459,Rubber,8544.59.2617,1603.61,20.65,SUP00082
PART01460,Electronics_Component_1460,Electronics,8471.43.7152,4708.18,44.98,SUP00013
PART01461,Mechanical_Component_1461,Mechanical,8542.35.4925,3761.91,29.31,SUP00126
PART01462,Packaging_Component_1462,Packaging,7318.75.9264,1928.32,5.76,SUP00015
PART01463,Raw Material_Component_1463,Raw Material,3926.50.8615,2767.84,3.28,SUP00007
PART01464,Chemical_Component_1464,Chemical,6109.62.4829,4569.11,0.94,SUP00141
PART01465,Textile_Component_1465,Textile,7010.85.2663,1235.35,27.74,SUP00032
PART01466,Plastic_Component_1466,Plastic,4016.48.7664,2232.68,42.32,SUP00128
PART01467,Metal_Component_1467,Metal,3904.36.3332,1869.66,49.27,SUP00062
PART01468,Glass_Component_1468,Glass,2918.78.7942,4806.95,27.76,SUP00010
PART01469,Rubber_Component_1469,Rubber,8544.10.8612,4805.77,31.04,SUP00167
PART01470,Electronics_Component_1470,Electronics,8471.31.1008,305.57,46.09,SUP00069
PART01471,Mechanical_Component_1471,Mechanical,8542.86.5110,4198.24,19.01,SUP00089
PART01472,Packaging_Component_1472,Packaging,7318.90.4485,2927.87,25.52,SUP00011
PART01473,Raw Material_Component_1473,Raw Material,3926.30.9750,2817.59,15.04,SUP00101
PART01474,Chemical_Component_1474,Chemical,6109.99.3014,4153.34,36.26,SUP00071
PART01475,Textile_Component_1475,Textile,7010.65.4454,3054.17,47.87,SUP00081
PART01476,Plastic_Component_1476,Plastic,4016.97.6613,3177.67,48.98,SUP00181
PART01477,Metal_Component_1477,Metal,3904.67.5473,1233.41,49.15,SUP00087
PART01478,Glass_Component_1478,Glass,2918.36.8533,4795.17,16.43,SUP00177
PART01479,Rubber_Component_1479,Rubber,8544.27.1033,3045.89,0.22,SUP00002
PART01480,Electronics_Component_1480,Electronics,8471.96.3843,2068.75,44.76,SUP00180
PART01481,Mechanical_Component_1481,Mechanical,8542.72.7435,2692.97,39.37,SUP00166
PART01482,Packaging_Component_1482,Packaging,7318.93.2270,2695.55,44.63,SUP00171
PART01483,Raw Material_Component_1483,Raw Material,3926.66.3022,1768.21,40.64,SUP00153
PART01484,Chemical_Component_1484,Chemical,6109.55.7336,890.05,38.4,SUP00178
PART01485,Textile_Component_1485,Textile,7010.11.3044,2316.15,46.81,SUP00113
PART01486,Plastic_Component_1486,Plastic,4016.11.4629,3717.01,37.92,SUP00174
PART01487,Metal_Component_1487,Metal,3904.55.4137,454.38,30.68,SUP00077
PART01488,Glass_Component_1488,Glass,2918.38.4838,4900.7,48.37,SUP00009
PART01489,Rubber_Component_1489,Rubber,8544.45.9074,4523.02,35.35,SUP00053
PART01490,Electronics_Component_1490,Electronics,8471.10.4212,4921.4,31.93,SUP00028
PART01491,Mechanical_Component_1491,Mechanical,8542.45.9197,2472.59,27.59,SUP00168
PART01492,Packaging_Component_1492,Packaging,7318.82.3875,331.48,6.42,SUP00016
PART01493,Raw Material_Component_1493,Raw Material,3926.26.5253,4668.15,42.78,SUP00133
PART01494,Chemical_Component_1494,Chemical,6109.45.4143,4239.1,1.17,SUP00177
PART01495,Textile_Component_1495,Textile,7010.96.9731,3074.21,34.04,SUP00116
PART01496,Plastic_Component_1496,Plastic,4016.10.7997,3206.63,47.15,SUP00013
PART01497,Metal_Component_1497,Metal,3904.51.8086,4222.49,20.35,SUP00031
PART01498,Glass_Component_1498,Glass,2918.97.9491,2335.6,18.08,SUP00194
PART01499,Rubber_Component_1499,Rubber,8544.15.4678,239.59,45.92,SUP00136
PART01500,Electronics_Component_1500,Electronics,8471.67.6181,30.77,9.74,SUP00020
PART01501,Mechanical_Component_1501,Mechanical,8542.83.1415,4951.37,11.29,SUP00176
PART01502,Packaging_Component_1502,Packaging,7318.64.2219,4585.39,9.85,SUP00084
PART01503,Raw Material_Component_1503,Raw Material,3926.49.2029,3131.84,4.85,SUP00122
PART01504,Chemical_Component_1504,Chemical,6109.65.1393,2964.69,31.32,SUP00085
PART01505,Textile_Component_1505,Textile,7010.42.5049,543.66,11.93,SUP00087
PART01506,Plastic_Component_1506,Plastic,4016.16.6465,2600.78,11.84,SUP00018
PART01507,Metal_Component_1507,Metal,3904.86.8184,3821.67,31.27,SUP00148
PART01508,Glass_Component_1508,Glass,2918.25.2401,4872.76,45.84,SUP00096
PART01509,Rubber_Component_1509,Rubber,8544.50.2065,3914.32,3.11,SUP00113
PART01510,Electronics_Component_1510,Electronics,8471.17.5939,3055.64,21.6,SUP00026
PART01511,Mechanical_Component_1511,Mechanical,8542.96.1914,2798.49,14.75,SUP00097
PART01512,Packaging_Component_1512,Packaging,7318.61.2570,3088.42,20.56,SUP00153
PART01513,Raw Material_Component_1513,Raw Material,3926.94.1173,2269.79,23.22,SUP00109
PART01514,Chemical_Component_1514,Chemical,6109.89.2659,1701.38,46.88,SUP00006
PART01515,Textile_Component_1515,Textile,7010.68.9474,1644.33,9.63,SUP00026
PART01516,Plastic_Component_1516,Plastic,4016.11.2106,2966.47,42.04,SUP00146
PART01517,Metal_Component_1517,Metal,3904.26.9337,1285.15,21.06,SUP00185
PART01518,Glass_Component_1518,Glass,2918.89.8284,933.69,6.89,SUP00011
PART01519,Rubber_Component_1519,Rubber,8544.17.3091,1561.78,21.8,SUP00166
PART01520,Electronics_Component_1520,Electronics,8471.55.6098,2920.41,27.06,SUP00037
PART01521,Mechanical_Component_1521,Mechanical,8542.28.8692,1546.83,17.15,SUP00094
PART01522,Packaging_Component_1522,Packaging,7318.11.9481,2934.27,33.92,SUP00014
PART01523,Raw Material_Component_1523,Raw Material,3926.40.9308,4096.82,27.98,SUP00013
PART01524,Chemical_Component_1524,Chemical,6109.64.6633,981.06,10.03,SUP00051
PART01525,Textile_Component_1525,Textile,7010.18.6595,950.83,23.79,SUP00177
PART01526,Plastic_Component_1526,Plastic,4016.69.6425,4260.78,28.31,SUP00085
PART01527,Metal_Component_1527,Metal,3904.88.5909,2096.38,8.12,SUP00116
PART01528,Glass_Component_1528,Glass,2918.15.9125,1100.93,0.19,SUP00057
PART01529,Rubber_Component_1529,Rubber,8544.98.4772,2335.35,10.66,SUP00123
PART01530,Electronics_Component_1530,Electronics,8471.52.7158,1030.56,9.22,SUP00001
PART01531,Mechanical_Component_1531,Mechanical,8542.56.1162,373.29,1.51,SUP00029
PART01532,Packaging_Component_1532,Packaging,7318.28.5760,2204.84,31.57,SUP00195
PART01533,Raw Material_Component_1533,Raw Material,3926.56.1719,4876.67,9.96,SUP00072
PART01534,Chemical_Component_1534,Chemical,6109.32.4587,4427.48,35.94,SUP00086
PART01535,Textile_Component_1535,Textile,7010.80.5029,896.81,1.08,SUP00067
PART01536,Plastic_Component_1536,Plastic,4016.22.1343,4158.07,6.87,SUP00167
PART01537,Metal_Component_1537,Metal,3904.24.6544,4680.89,15.26,SUP00061
PART01538,Glass_Component_1538,Glass,2918.57.7100,3306.24,47.06,SUP00159
PART01539,Rubber_Component_1539,Rubber,8544.65.2071,596.87,44.14,SUP00033
PART01540,Electronics_Component_1540,Electronics,8471.34.4140,2665.11,34.72,SUP00081
PART01541,Mechanical_Component_1541,Mechanical,8542.86.8037,4885.02,12.24,SUP00011
PART01542,Packaging_Component_1542,Packaging,7318.88.4098,4272.9,14.72,SUP00038
PART01543,Raw Material_Component_1543,Raw Material,3926.51.5049,271.03,39.78,SUP00032
PART01544,Chemical_Component_1544,Chemical,6109.75.9011,1050.14,4.08,SUP00120
PART01545,Textile_Component_1545,Textile,7010.94.2062,841.33,19.41,SUP00165
PART01546,Plastic_Component_1546,Plastic,4016.75.7131,2495.45,23.22,SUP00082
PART01547,Metal_Component_1547,Metal,3904.57.9609,3474.08,35.79,SUP00126
PART01548,Glass_Component_1548,Glass,2918.70.5396,2908.03,31.91,SUP00149
PART01549,Rubber_Component_1549,Rubber,8544.93.1599,1039.96,44.75,SUP00115
PART01550,Electronics_Component_1550,Electronics,8471.40.7486,1096.88,21.26,SUP00096
PART01551,Mechanical_Component_1551,Mechanical,8542.83.3575,4677.82,18.71,SUP00140
PART01552,Packaging_Component_1552,Packaging,7318.20.3200,3759.36,14.76,SUP00132
PART01553,Raw Material_Component_1553,Raw Material,3926.55.4771,2921.89,23.27,SUP00159
PART01554,Chemical_Component_1554,Chemical,6109.53.7981,2258.5,21.63,SUP00094
PART01555,Textile_Component_1555,Textile,7010.73.6194,1368.73,1.25,SUP00113
PART01556,Plastic_Component_1556,Plastic,4016.39.5351,3228.55,17.96,SUP00021
PART01557,Metal_Component_1557,Metal,3904.47.9220,2566.39,32.19,SUP00070
PART01558,Glass_Component_1558,Glass,2918.39.2612,597.35,18.02,SUP00139
PART01559,Rubber_Component_1559,Rubber,8544.35.6468,987.25,16.47,SUP00077
PART01560,Electronics_Component_1560,Electronics,8471.97.5496,957.26,30.21,SUP00035
PART01561,Mechanical_Component_1561,Mechanical,8542.79.5278,47.63,14.98,SUP00088
PART01562,Packaging_Component_1562,Packaging,7318.61.7647,4110.2,37.89,SUP00003
PART01563,Raw Material_Component_1563,Raw Material,3926.70.9399,4946.43,47.57,SUP00101
PART01564,Chemical_Component_1564,Chemical,6109.39.4717,3618.06,10.5,SUP00059
PART01565,Textile_Component_1565,Textile,7010.76.8679,3613.94,23.08,SUP00021
PART01566,Plastic_Component_1566,Plastic,4016.50.4077,2146.82,47.1,SUP00106
PART01567,Metal_Component_1567,Metal,3904.36.8187,2252.61,27.93,SUP00095
PART01568,Glass_Component_1568,Glass,2918.27.3102,1531.33,36.89,SUP00127
PART01569,Rubber_Component_1569,Rubber,8544.94.6810,1702.41,20.96,SUP00175
PART01570,Electronics_Component_1570,Electronics,8471.61.9808,1501.69,29.35,SUP00145
PART01571,Mechanical_Component_1571,Mechanical,8542.14.3279,772.69,47.63,SUP00084
PART01572,Packaging_Component_1572,Packaging,7318.82.7404,4900.96,10.22,SUP00100
PART01573,Raw Material_Component_1573,Raw Material,3926.18.9757,1935.24,23.74,SUP00084
PART01574,Chemical_Component_1574,Chemical,6109.82.8397,3196.82,15.24,SUP00043
PART01575,Textile_Component_1575,Textile,7010.23.3910,165.14,34.45,SUP00125
PART01576,Plastic_Component_1576,Plastic,4016.13.4058,999.0,45.57,SUP00098
PART01577,Metal_Component_1577,Metal,3904.46.4373,1169.03,32.98,SUP00017
PART01578,Glass_Component_1578,Glass,2918.68.1941,1846.42,0.56,SUP00083
PART01579,Rubber_Component_1579,Rubber,8544.62.7407,789.39,5.55,SUP00137
PART01580,Electronics_Component_1580,Electronics,8471.63.8835,3717.0,19.46,SUP00052
PART01581,Mechanical_Component_1581,Mechanical,8542.26.4369,1552.24,40.9,SUP00170
PART01582,Packaging_Component_1582,Packaging,7318.70.3601,3020.53,46.96,SUP00150
PART01583,Raw Material_Component_1583,Raw Material,3926.35.9232,3585.28,22.95,SUP00051
PART01584,Chemical_Component_1584,Chemical,6109.10.3337,2231.43,41.23,SUP00154
PART01585,Textile_Component_1585,Textile,7010.41.9615,1647.81,28.47,SUP00125
PART01586,Plastic_Component_1586,Plastic,4016.68.8580,2882.78,36.87,SUP00073
PART01587,Metal_Component_1587,Metal,3904.92.8476,1737.18,42.13,SUP00076
PART01588,Glass_Component_1588,Glass,2918.60.3869,2078.19,8.99,SUP00158
PART01589,Rubber_Component_1589,Rubber,8544.65.8501,1926.4,32.96,SUP00178
PART01590,Electronics_Component_1590,Electronics,8471.82.2565,1970.79,47.28,SUP00061
PART01591,Mechanical_Component_1591,Mechanical,8542.30.5485,4413.37,26.89,SUP00170
PART01592,Packaging_Component_1592,Packaging,7318.18.4559,4544.14,20.57,SUP00195
PART01593,Raw Material_Component_1593,Raw Material,3926.80.2986,4976.61,3.84,SUP00026
PART01594,Chemical_Component_1594,Chemical,6109.74.6341,2053.43,8.25,SUP00053
PART01595,Textile_Component_1595,Textile,7010.74.1731,2313.53,3.67,SUP00177
PART01596,Plastic_Component_1596,Plastic,4016.96.8567,1908.87,37.3,SUP00049
PART01597,Metal_Component_1597,Metal,3904.60.1618,58.63,5.74,SUP00034
PART01598,Glass_Component_1598,Glass,2918.51.8606,2426.37,3.42,SUP00140
PART01599,Rubber_Component_1599,Rubber,8544.94.4969,3569.34,21.89,SUP00120
PART01600,Electronics_Component_1600,Electronics,8471.45.3643,857.09,0.91,SUP00025
PART01601,Mechanical_Component_1601,Mechanical,8542.32.5819,625.14,37.07,SUP00043
PART01602,Packaging_Component_1602,Packaging,7318.19.1183,3388.53,7.68,SUP00091
PART01603,Raw Material_Component_1603,Raw Material,3926.32.4549,3573.49,44.64,SUP00136
PART01604,Chemical_Component_1604,Chemical,6109.37.8242,3485.23,41.83,SUP00133
PART01605,Textile_Component_1605,Textile,7010.92.2684,1956.14,15.42,SUP00013
PART01606,Plastic_Component_1606,Plastic,4016.86.1076,248.08,18.88,SUP00051
PART01607,Metal_Component_1607,Metal,3904.41.7138,4544.24,10.01,SUP00004
PART01608,Glass_Component_1608,Glass,2918.63.1457,4946.51,16.86,SUP00049
PART01609,Rubber_Component_1609,Rubber,8544.97.2035,1106.74,44.12,SUP00170
PART01610,Electronics_Component_1610,Electronics,8471.31.3736,224.84,25.63,SUP00083
PART01611,Mechanical_Component_1611,Mechanical,8542.51.4105,3125.24,46.72,SUP00101
PART01612,Packaging_Component_1612,Packaging,7318.64.2979,1165.88,5.3,SUP00082
PART01613,Raw Material_Component_1613,Raw Material,3926.32.1245,2013.69,15.82,SUP00099
PART01614,Chemical_Component_1614,Chemical,6109.37.8516,1104.38,32.9,SUP00071
PART01615,Textile_Component_1615,Textile,7010.93.7045,224.48,44.27,SUP00105
PART01616,Plastic_Component_1616,Plastic,4016.48.9185,4915.6,5.1,SUP00137
PART01617,Metal_Component_1617,Metal,3904.82.3809,1263.44,4.75,SUP00083
PART01618,Glass_Component_1618,Glass,2918.90.7366,3391.11,48.62,SUP00177
PART01619,Rubber_Component_1619,Rubber,8544.27.6440,880.78,38.09,SUP00176
PART01620,Electronics_Component_1620,Electronics,8471.50.8899,342.23,0.89,SUP00149
PART01621,Mechanical_Component_1621,Mechanical,8542.67.7264,2557.58,37.09,SUP00128
PART01622,Packaging_Component_1622,Packaging,7318.85.1217,1166.87,30.82,SUP00031
PART01623,Raw Material_Component_1623,Raw Material,3926.49.4873,3690.88,37.86,SUP00158
PART01624,Chemical_Component_1624,Chemical,6109.20.1981,692.09,24.94,SUP00051
PART01625,Textile_Component_1625,Textile,7010.29.7156,1025.9,1.9,SUP00185
PART01626,Plastic_Component_1626,Plastic,4016.86.8270,3697.58,16.44,SUP00071
PART01627,Metal_Component_1627,Metal,3904.50.1648,2606.76,48.88,SUP00165
PART01628,Glass_Component_1628,Glass,2918.46.1388,1148.91,36.65,SUP00087
PART01629,Rubber_Component_1629,Rubber,8544.41.4372,2698.86,45.33,SUP00170
PART01630,Electronics_Component_1630,Electronics,8471.41.4644,3042.28,19.08,SUP00082
PART01631,Mechanical_Component_1631,Mechanical,8542.33.8247,3150.76,3.24,SUP00125
PART01632,Packaging_Component_1632,Packaging,7318.18.4153,265.27,49.6,SUP00052
PART01633,Raw Material_Component_1633,Raw Material,3926.26.2503,872.51,27.45,SUP00052
PART01634,Chemical_Component_1634,Chemical,6109.40.9313,395.43,36.25,SUP00079
PART01635,Textile_Component_1635,Textile,7010.31.4236,1228.4,8.83,SUP00063
PART01636,Plastic_Component_1636,Plastic,4016.48.5675,2884.23,48.39,SUP00051
PART01637,Metal_Component_1637,Metal,3904.44.8883,404.68,48.63,SUP00101
PART01638,Glass_Component_1638,Glass,2918.58.3748,2356.21,21.14,SUP00156
PART01639,Rubber_Component_1639,Rubber,8544.65.3553,4098.92,39.68,SUP00005
PART01640,Electronics_Component_1640,Electronics,8471.58.8002,4270.94,37.95,SUP00076
PART01641,Mechanical_Component_1641,Mechanical,8542.86.9801,768.23,36.34,SUP00065
PART01642,Packaging_Component_1642,Packaging,7318.58.8596,1532.71,14.17,SUP00143
PART01643,Raw Material_Component_1643,Raw Material,3926.87.8878,364.34,6.84,SUP00120
PART01644,Chemical_Component_1644,Chemical,6109.35.3535,4581.08,0.22,SUP00128
PART01645,Textile_Component_1645,Textile,7010.57.9051,2025.75,20.8,SUP00101
PART01646,Plastic_Component_1646,Plastic,4016.57.7292,2450.31,32.06,SUP00150
PART01647,Metal_Component_1647,Metal,3904.19.7697,4425.57,49.62,SUP00031
PART01648,Glass_Component_1648,Glass,2918.59.3660,975.17,21.82,SUP00065
PART01649,Rubber_Component_1649,Rubber,8544.54.9349,3547.1,31.75,SUP00094
PART01650,Electronics_Component_1650,Electronics,8471.99.1945,3256.28,46.33,SUP00188
PART01651,Mechanical_Component_1651,Mechanical,8542.41.4970,2391.24,46.07,SUP00092
PART01652,Packaging_Component_1652,Packaging,7318.90.1462,3488.87,32.27,SUP00066
PART01653,Raw Material_Component_1653,Raw Material,3926.87.8462,4721.6,7.38,SUP00063
PART01654,Chemical_Component_1654,Chemical,6109.87.3644,66.63,38.55,SUP00164
PART01655,Textile_Component_1655,Textile,7010.59.7515,3531.82,48.71,SUP00020
PART01656,Plastic_Component_1656,Plastic,4016.76.4093,4380.65,8.3,SUP00109
PART01657,Metal_Component_1657,Metal,3904.42.5951,2505.73,26.66,SUP00097
PART01658,Glass_Component_1658,Glass,2918.85.6045,3671.0,37.63,SUP00186
PART01659,Rubber_Component_1659,Rubber,8544.21.2790,3182.72,38.84,SUP00088
PART01660,Electronics_Component_1660,Electronics,8471.28.5407,3744.91,46.5,SUP00101
PART01661,Mechanical_Component_1661,Mechanical,8542.99.6047,37.07,8.43,SUP00125
PART01662,Packaging_Component_1662,Packaging,7318.10.2587,353.86,34.82,SUP00134
PART01663,Raw Material_Component_1663,Raw Material,3926.63.5724,3666.55,8.54,SUP00095
PART01664,Chemical_Component_1664,Chemical,6109.33.3200,994.11,9.11,SUP00028
PART01665,Textile_Component_1665,Textile,7010.67.4482,932.26,2.96,SUP00046
PART01666,Plastic_Component_1666,Plastic,4016.34.5249,4914.82,43.58,SUP00112
PART01667,Metal_Component_1667,Metal,3904.90.2789,4342.47,8.31,SUP00075
PART01668,Glass_Component_1668,Glass,2918.20.7188,627.78,3.22,SUP00007
PART01669,Rubber_Component_1669,Rubber,8544.84.4846,2392.1,33.64,SUP00025
PART01670,Electronics_Component_1670,Electronics,8471.11.2000,1334.07,47.76,SUP00170
PART01671,Mechanical_Component_1671,Mechanical,8542.84.1685,488.73,26.12,SUP00001
PART01672,Packaging_Component_1672,Packaging,7318.58.9520,4934.55,38.07,SUP00124
PART01673,Raw Material_Component_1673,Raw Material,3926.70.6521,3023.84,16.83,SUP00174
PART01674,Chemical_Component_1674,Chemical,6109.53.6164,4085.15,47.05,SUP00170
PART01675,Textile_Component_1675,Textile,7010.61.7200,3055.99,48.77,SUP00084
PART01676,Plastic_Component_1676,Plastic,4016.22.1050,2287.31,34.92,SUP00185
PART01677,Metal_Component_1677,Metal,3904.27.1420,3011.54,43.45,SUP00071
PART01678,Glass_Component_1678,Glass,2918.99.5072,1845.31,30.92,SUP00168
PART01679,Rubber_Component_1679,Rubber,8544.70.9436,2068.57,9.4,SUP00163
PART01680,Electronics_Component_1680,Electronics,8471.51.1272,3170.72,43.67,SUP00188
PART01681,Mechanical_Component_1681,Mechanical,8542.51.8279,1171.63,24.23,SUP00189
PART01682,Packaging_Component_1682,Packaging,7318.88.2333,1744.93,46.95,SUP00121
PART01683,Raw Material_Component_1683,Raw Material,3926.94.2645,3672.72,14.7,SUP00049
PART01684,Chemical_Component_1684,Chemical,6109.28.9520,4381.79,39.25,SUP00183
PART01685,Textile_Component_1685,Textile,7010.74.1520,643.67,39.84,SUP00077
PART01686,Plastic_Component_1686,Plastic,4016.96.9990,4936.16,23.35,SUP00114
PART01687,Metal_Component_1687,Metal,3904.24.8899,3314.9,12.05,SUP00054
PART01688,Glass_Component_1688,Glass,2918.31.2465,531.82,49.67,SUP00007
PART01689,Rubber_Component_1689,Rubber,8544.30.6349,4513.73,38.32,SUP00056
PART01690,Electronics_Component_1690,Electronics,8471.42.8803,4757.76,33.53,SUP00170
PART01691,Mechanical_Component_1691,Mechanical,8542.27.9757,3169.57,24.6,SUP00177
PART01692,Packaging_Component_1692,Packaging,7318.52.4666,4659.24,38.32,SUP00153
PART01693,Raw Material_Component_1693,Raw Material,3926.18.6623,1888.17,35.87,SUP00188
PART01694,Chemical_Component_1694,Chemical,6109.58.8159,4043.2,11.19,SUP00029
PART01695,Textile_Component_1695,Textile,7010.47.2436,561.36,17.02,SUP00151
PART01696,Plastic_Component_1696,Plastic,4016.34.2902,2866.33,6.38,SUP00080
PART01697,Metal_Component_1697,Metal,3904.58.1027,1557.44,29.51,SUP00048
PART01698,Glass_Component_1698,Glass,2918.59.7941,1601.62,18.26,SUP00173
PART01699,Rubber_Component_1699,Rubber,8544.26.9515,3320.4,29.54,SUP00027
PART01700,Electronics_Component_1700,Electronics,8471.60.1150,2693.77,23.04,SUP00037
PART01701,Mechanical_Component_1701,Mechanical,8542.47.4586,2501.66,22.79,SUP00153
PART01702,Packaging_Component_1702,Packaging,7318.46.3389,3736.56,42.46,SUP00179
PART01703,Raw Material_Component_1703,Raw Material,3926.14.6245,1547.91,49.52,SUP00031
PART01704,Chemical_Component_1704,Chemical,6109.45.8836,3157.23,10.79,SUP00074
PART01705,Textile_Component_1705,Textile,7010.58.1963,4905.81,16.66,SUP00183
PART01706,Plastic_Component_1706,Plastic,4016.36.4687,3503.54,2.64,SUP00198
PART01707,Metal_Component_1707,Metal,3904.32.8987,3638.34,14.96,SUP00168
PART01708,Glass_Component_1708,Glass,2918.30.1353,2741.97,16.88,SUP00173
PART01709,Rubber_Component_1709,Rubber,8544.70.6706,3789.78,19.56,SUP00135
PART01710,Electronics_Component_1710,Electronics,8471.46.5626,3483.4,9.76,SUP00140
PART01711,Mechanical_Component_1711,Mechanical,8542.60.2594,658.85,37.62,SUP00148
PART01712,Packaging_Component_1712,Packaging,7318.16.5981,2290.37,8.19,SUP00035
PART01713,Raw Material_Component_1713,Raw Material,3926.66.8904,1458.95,7.25,SUP00055
PART01714,Chemical_Component_1714,Chemical,6109.35.1149,1814.32,42.81,SUP00026
PART01715,Textile_Component_1715,Textile,7010.96.3418,1885.9,49.14,SUP00173
PART01716,Plastic_Component_1716,Plastic,4016.31.1922,484.76,48.71,SUP00045
PART01717,Metal_Component_1717,Metal,3904.16.2922,4901.48,32.51,SUP00151
PART01718,Glass_Component_1718,Glass,2918.65.3434,3136.73,20.21,SUP00008
PART01719,Rubber_Component_1719,Rubber,8544.25.4946,1986.24,15.14,SUP00152
PART01720,Electronics_Component_1720,Electronics,8471.32.7150,3880.37,49.56,SUP00171
PART01721,Mechanical_Component_1721,Mechanical,8542.94.2468,3889.77,43.25,SUP00166
PART01722,Packaging_Component_1722,Packaging,7318.58.5509,3163.51,22.26,SUP00002
PART01723,Raw Material_Component_1723,Raw Material,3926.25.2910,417.77,24.47,SUP00171
PART01724,Chemical_Component_1724,Chemical,6109.75.4685,120.02,28.65,SUP00146
PART01725,Textile_Component_1725,Textile,7010.71.5484,3470.16,4.74,SUP00151
PART01726,Plastic_Component_1726,Plastic,4016.33.7290,2423.54,32.23,SUP00111
PART01727,Metal_Component_1727,Metal,3904.48.3051,501.71,3.18,SUP00137
PART01728,Glass_Component_1728,Glass,2918.33.7640,4065.28,1.0,SUP00142
PART01729,Rubber_Component_1729,Rubber,8544.78.9684,2445.37,25.95,SUP00149
PART01730,Electronics_Component_1730,Electronics,8471.78.3033,3768.77,10.38,SUP00168
PART01731,Mechanical_Component_1731,Mechanical,8542.25.3960,4310.71,34.76,SUP00001
PART01732,Packaging_Component_1732,Packaging,7318.81.8327,4003.56,6.16,SUP00032
PART01733,Raw Material_Component_1733,Raw Material,3926.83.4378,3264.94,4.4,SUP00065
PART01734,Chemical_Component_1734,Chemical,6109.14.2386,4899.74,25.31,SUP00093
PART01735,Textile_Component_1735,Textile,7010.79.3811,2118.14,47.26,SUP00000
PART01736,Plastic_Component_1736,Plastic,4016.41.5925,235.6,47.29,SUP00075
PART01737,Metal_Component_1737,Metal,3904.94.9750,2227.38,28.86,SUP00177
PART01738,Glass_Component_1738,Glass,2918.50.9563,4554.36,49.84,SUP00155
PART01739,Rubber_Component_1739,Rubber,8544.78.9365,1053.15,4.96,SUP00011
PART01740,Electronics_Component_1740,Electronics,8471.40.1601,944.43,14.99,SUP00055
PART01741,Mechanical_Component_1741,Mechanical,8542.27.4539,2960.96,13.88,SUP00186
PART01742,Packaging_Component_1742,Packaging,7318.89.7914,376.43,12.76,SUP00097
PART01743,Raw Material_Component_1743,Raw Material,3926.93.3675,2003.3,4.17,SUP00065
PART01744,Chemical_Component_1744,Chemical,6109.96.7968,4701.3,7.17,SUP00052
PART01745,Textile_Component_1745,Textile,7010.19.5413,4976.82,34.84,SUP00049
PART01746,Plastic_Component_1746,Plastic,4016.57.9379,3026.7,20.99,SUP00039
PART01747,Metal_Component_1747,Metal,3904.50.8104,1897.81,48.2,SUP00063
PART01748,Glass_Component_1748,Glass,2918.19.5425,627.48,5.51,SUP00140
PART01749,Rubber_Component_1749,Rubber,8544.62.2080,1650.14,4.46,SUP00085
PART01750,Electronics_Component_1750,Electronics,8471.44.3397,4344.93,11.3,SUP00002
PART01751,Mechanical_Component_1751,Mechanical,8542.22.7179,4897.53,11.12,SUP00026
PART01752,Packaging_Component_1752,Packaging,7318.25.3879,2634.75,43.78,SUP00150
PART01753,Raw Material_Component_1753,Raw Material,3926.72.2565,2647.16,35.03,SUP00072
PART01754,Chemical_Component_1754,Chemical,6109.80.5440,3039.3,44.83,SUP00043
PART01755,Textile_Component_1755,Textile,7010.50.7382,907.46,40.31,SUP00173
PART01756,Plastic_Component_1756,Plastic,4016.78.7597,2386.93,6.39,SUP00002
PART01757,Metal_Component_1757,Metal,3904.97.9414,3567.55,32.88,SUP00036
PART01758,Glass_Component_1758,Glass,2918.58.5380,269.06,36.27,SUP00094
PART01759,Rubber_Component_1759,Rubber,8544.41.7852,3535.4,9.16,SUP00090
PART01760,Electronics_Component_1760,Electronics,8471.69.9228,1437.66,47.63,SUP00133
PART01761,Mechanical_Component_1761,Mechanical,8542.39.6000,3180.0,4.36,SUP00078
PART01762,Packaging_Component_1762,Packaging,7318.62.6123,4227.0,31.74,SUP00019
PART01763,Raw Material_Component_1763,Raw Material,3926.40.2534,829.74,2.88,SUP00190
PART01764,Chemical_Component_1764,Chemical,6109.46.9074,4042.69,0.54,SUP00108
PART01765,Textile_Component_1765,Textile,7010.96.9334,4662.54,6.83,SUP00127
PART01766,Plastic_Component_1766,Plastic,4016.75.9722,3490.92,20.28,SUP00157
PART01767,Metal_Component_1767,Metal,3904.34.1119,3572.23,35.13,SUP00191
PART01768,Glass_Component_1768,Glass,2918.54.5001,4971.14,33.06,SUP00135
PART01769,Rubber_Component_1769,Rubber,8544.97.1693,3038.83,48.23,SUP00172
PART01770,Electronics_Component_1770,Electronics,8471.77.4687,878.2,18.36,SUP00034
PART01771,Mechanical_Component_1771,Mechanical,8542.75.6788,4762.66,21.14,SUP00097
PART01772,Packaging_Component_1772,Packaging,7318.31.7115,4848.79,16.9,SUP00173
PART01773,Raw Material_Component_1773,Raw Material,3926.41.9832,4254.63,42.89,SUP00074
PART01774,Chemical_Component_1774,Chemical,6109.48.8915,1471.26,10.66,SUP00188
PART01775,Textile_Component_1775,Textile,7010.90.7449,1091.23,15.25,SUP00164
PART01776,Plastic_Component_1776,Plastic,4016.75.1580,4677.39,44.63,SUP00124
PART01777,Metal_Component_1777,Metal,3904.17.6828,34.43,23.02,SUP00076
PART01778,Glass_Component_1778,Glass,2918.55.2755,30.75,44.51,SUP00047
PART01779,Rubber_Component_1779,Rubber,8544.61.6808,49.27,21.55,SUP00050
PART01780,Electronics_Component_1780,Electronics,8471.20.9668,2574.02,7.69,SUP00031
PART01781,Mechanical_Component_1781,Mechanical,8542.72.1113,782.37,32.84,SUP00057
PART01782,Packaging_Component_1782,Packaging,7318.70.7477,1874.68,18.23,SUP00046
PART01783,Raw Material_Component_1783,Raw Material,3926.78.5415,547.93,21.93,SUP00112
PART01784,Chemical_Component_1784,Chemical,6109.30.3291,1771.92,21.7,SUP00091
PART01785,Textile_Component_1785,Textile,7010.35.2813,951.89,2.02,SUP00101
PART01786,Plastic_Component_1786,Plastic,4016.63.6426,4505.48,8.02,SUP00050
PART01787,Metal_Component_1787,Metal,3904.71.5354,598.37,24.46,SUP00126
PART01788,Glass_Component_1788,Glass,2918.97.3087,1627.81,38.22,SUP00102
PART01789,Rubber_Component_1789,Rubber,8544.74.7370,661.43,47.88,SUP00005
PART01790,Electronics_Component_1790,Electronics,8471.26.3548,1723.88,0.69,SUP00175
PART01791,Mechanical_Component_1791,Mechanical,8542.40.1852,3393.16,17.11,SUP00152
PART01792,Packaging_Component_1792,Packaging,7318.11.8116,2403.56,14.12,SUP00021
PART01793,Raw Material_Component_1793,Raw Material,3926.64.5059,3089.98,36.47,SUP00047
PART01794,Chemical_Component_1794,Chemical,6109.41.5606,3834.8,43.21,SUP00179
PART01795,Textile_Component_1795,Textile,7010.41.8031,996.07,35.33,SUP00026
PART01796,Plastic_Component_1796,Plastic,4016.99.9230,3057.45,9.44,SUP00151
PART01797,Metal_Component_1797,Metal,3904.90.3436,1150.77,6.62,SUP00009
PART01798,Glass_Component_1798,Glass,2918.45.4148,4645.85,21.32,SUP00157
PART01799,Rubber_Component_1799,Rubber,8544.35.2489,4322.43,19.02,SUP00134
PART01800,Electronics_Component_1800,Electronics,8471.49.4791,1112.77,21.31,SUP00015
PART01801,Mechanical_Component_1801,Mechanical,8542.75.7997,3221.15,15.22,SUP00068
PART01802,Packaging_Component_1802,Packaging,7318.56.5596,4715.28,35.58,SUP00063
PART01803,Raw Material_Component_1803,Raw Material,3926.50.1779,912.85,0.04,SUP00169
PART01804,Chemical_Component_1804,Chemical,6109.51.4473,1430.16,14.02,SUP00155
PART01805,Textile_Component_1805,Textile,7010.22.8059,928.28,47.42,SUP00093
PART01806,Plastic_Component_1806,Plastic,4016.52.5986,562.09,33.45,SUP00174
PART01807,Metal_Component_1807,Metal,3904.80.3134,1659.4,37.07,SUP00092
PART01808,Glass_Component_1808,Glass,2918.85.9664,3025.55,11.92,SUP00070
PART01809,Rubber_Component_1809,Rubber,8544.36.7292,440.72,5.33,SUP00161
PART01810,Electronics_Component_1810,Electronics,8471.87.2971,209.99,48.42,SUP00167
PART01811,Mechanical_Component_1811,Mechanical,8542.34.4160,3524.78,46.28,SUP00019
PART01812,Packaging_Component_1812,Packaging,7318.79.6618,1510.87,23.72,SUP00194
PART01813,Raw Material_Component_1813,Raw Material,3926.35.9741,3605.24,2.2,SUP00049
PART01814,Chemical_Component_1814,Chemical,6109.63.5137,4458.48,37.97,SUP00143
PART01815,Textile_Component_1815,Textile,7010.54.6996,2245.17,35.87,SUP00111
PART01816,Plastic_Component_1816,Plastic,4016.18.8910,2097.93,46.57,SUP00128
PART01817,Metal_Component_1817,Metal,3904.12.3735,2997.77,34.84,SUP00033
PART01818,Glass_Component_1818,Glass,2918.47.1744,4779.24,3.05,SUP00177
PART01819,Rubber_Component_1819,Rubber,8544.34.7512,2477.65,26.63,SUP00131
PART01820,Electronics_Component_1820,Electronics,8471.19.3711,2191.54,25.47,SUP00143
PART01821,Mechanical_Component_1821,Mechanical,8542.59.7567,3038.06,10.35,SUP00000
PART01822,Packaging_Component_1822,Packaging,7318.30.4568,2962.6,0.45,SUP00131
PART01823,Raw Material_Component_1823,Raw Material,3926.68.9254,3540.23,26.26,SUP00077
PART01824,Chemical_Component_1824,Chemical,6109.38.5855,3542.73,27.61,SUP00043
PART01825,Textile_Component_1825,Textile,7010.38.1747,2670.16,14.6,SUP00163
PART01826,Plastic_Component_1826,Plastic,4016.28.5550,4636.6,13.53,SUP00013
PART01827,Metal_Component_1827,Metal,3904.92.5079,4947.73,10.51,SUP00029
PART01828,Glass_Component_1828,Glass,2918.10.6692,3165.25,48.61,SUP00083
PART01829,Rubber_Component_1829,Rubber,8544.20.9999,1323.87,6.69,SUP00156
PART01830,Electronics_Component_1830,Electronics,8471.47.6318,4926.38,31.3,SUP00002
PART01831,Mechanical_Component_1831,Mechanical,8542.55.4592,3653.73,13.99,SUP00065
PART01832,Packaging_Component_1832,Packaging,7318.12.9804,3288.3,43.4,SUP00199
PART01833,Raw Material_Component_1833,Raw Material,3926.84.2743,3614.4,34.41,SUP00167
PART01834,Chemical_Component_1834,Chemical,6109.42.4377,4085.15,11.04,SUP00068
PART01835,Textile_Component_1835,Textile,7010.36.7479,782.43,11.59,SUP00185
PART01836,Plastic_Component_1836,Plastic,4016.65.7039,745.93,23.96,SUP00126
PART01837,Metal_Component_1837,Metal,3904.33.8526,929.21,43.12,SUP00048
PART01838,Glass_Component_1838,Glass,2918.82.9036,4717.06,9.03,SUP00072
PART01839,Rubber_Component_1839,Rubber,8544.12.6081,818.78,8.89,SUP00100
PART01840,Electronics_Component_1840,Electronics,8471.97.4077,351.92,3.61,SUP00062
PART01841,Mechanical_Component_1841,Mechanical,8542.68.7594,505.67,26.34,SUP00186
PART01842,Packaging_Component_1842,Packaging,7318.11.2633,1892.49,1.05,SUP00003
PART01843,Raw Material_Component_1843,Raw Material,3926.92.1716,665.23,38.51,SUP00068
PART01844,Chemical_Component_1844,Chemical,6109.28.1221,3963.04,0.48,SUP00027
PART01845,Textile_Component_1845,Textile,7010.79.6544,4264.34,4.26,SUP00035
PART01846,Plastic_Component_1846,Plastic,4016.71.8279,4078.25,15.38,SUP00122
PART01847,Metal_Component_1847,Metal,3904.29.4994,284.1,34.61,SUP00160
PART01848,Glass_Component_1848,Glass,2918.79.3016,110.93,2.24,SUP00139
PART01849,Rubber_Component_1849,Rubber,8544.47.2680,2560.15,41.83,SUP00036
PART01850,Electronics_Component_1850,Electronics,8471.10.4675,124.88,21.36,SUP00037
PART01851,Mechanical_Component_1851,Mechanical,8542.55.5699,1133.29,43.95,SUP00098
PART01852,Packaging_Component_1852,Packaging,7318.97.2841,2461.64,49.54,SUP00057
PART01853,Raw Material_Component_1853,Raw Material,3926.23.5617,1789.75,30.79,SUP00030
PART01854,Chemical_Component_1854,Chemical,6109.56.2389,4478.45,30.23,SUP00045
PART01855,Textile_Component_1855,Textile,7010.64.9691,1677.55,9.08,SUP00108
PART01856,Plastic_Component_1856,Plastic,4016.29.5940,3125.67,14.36,SUP00026
PART01857,Metal_Component_1857,Metal,3904.44.9179,3310.35,46.64,SUP00182
PART01858,Glass_Component_1858,Glass,2918.19.1035,4309.26,48.9,SUP00199
PART01859,Rubber_Component_1859,Rubber,8544.93.3401,1604.68,19.54,SUP00184
PART01860,Electronics_Component_1860,Electronics,8471.71.2102,570.25,21.38,SUP00186
PART01861,Mechanical_Component_1861,Mechanical,8542.45.3370,456.78,49.74,SUP00046
PART01862,Packaging_Component_1862,Packaging,7318.59.6777,1599.98,21.2,SUP00177
PART01863,Raw Material_Component_1863,Raw Material,3926.62.6463,695.42,47.2,SUP00062
PART01864,Chemical_Component_1864,Chemical,6109.59.7859,2748.95,26.94,SUP00126
PART01865,Textile_Component_1865,Textile,7010.78.9785,4107.91,19.24,SUP00148
PART01866,Plastic_Component_1866,Plastic,4016.63.9633,2891.49,34.68,SUP00191
PART01867,Metal_Component_1867,Metal,3904.38.2429,1179.79,0.15,SUP00004
PART01868,Glass_Component_1868,Glass,2918.56.8764,4788.29,46.05,SUP00015
PART01869,Rubber_Component_1869,Rubber,8544.54.6912,4244.51,43.34,SUP00035
PART01870,Electronics_Component_1870,Electronics,8471.47.8543,724.98,42.67,SUP00107
PART01871,Mechanical_Component_1871,Mechanical,8542.41.4452,4139.97,2.8,SUP00035
PART01872,Packaging_Component_1872,Packaging,7318.25.3344,1890.42,1.33,SUP00108
PART01873,Raw Material_Component_1873,Raw Material,3926.57.1886,3508.5,33.14,SUP00018
PART01874,Chemical_Component_1874,Chemical,6109.71.3591,155.78,18.27,SUP00020
PART01875,Textile_Component_1875,Textile,7010.41.2262,67.33,41.56,SUP00106
PART01876,Plastic_Component_1876,Plastic,4016.29.3988,2351.47,7.01,SUP00135
PART01877,Metal_Component_1877,Metal,3904.99.5907,2353.57,36.13,SUP00113
PART01878,Glass_Component_1878,Glass,2918.92.1216,1437.41,7.8,SUP00164
PART01879,Rubber_Component_1879,Rubber,8544.14.3843,2518.96,0.55,SUP00108
PART01880,Electronics_Component_1880,Electronics,8471.97.8443,2773.01,41.48,SUP00146
PART01881,Mechanical_Component_1881,Mechanical,8542.74.6014,3548.22,21.19,SUP00040
PART01882,Packaging_Component_1882,Packaging,7318.44.2506,2609.9,48.9,SUP00032
PART01883,Raw Material_Component_1883,Raw Material,3926.37.7560,3097.12,10.95,SUP00047
PART01884,Chemical_Component_1884,Chemical,6109.81.2264,4083.71,23.43,SUP00080
PART01885,Textile_Component_1885,Textile,7010.93.7637,4137.13,8.25,SUP00095
PART01886,Plastic_Component_1886,Plastic,4016.92.7950,977.68,5.43,SUP00019
PART01887,Metal_Component_1887,Metal,3904.56.6496,145.1,14.12,SUP00138
PART01888,Glass_Component_1888,Glass,2918.23.2070,1063.49,0.56,SUP00079
PART01889,Rubber_Component_1889,Rubber,8544.34.4305,3193.75,1.63,SUP00068
PART01890,Electronics_Component_1890,Electronics,8471.20.1735,2820.88,39.51,SUP00011
PART01891,Mechanical_Component_1891,Mechanical,8542.16.6154,470.59,15.44,SUP00091
PART01892,Packaging_Component_1892,Packaging,7318.46.7523,2503.58,15.73,SUP00100
PART01893,Raw Material_Component_1893,Raw Material,3926.55.3122,3514.77,4.88,SUP00104
PART01894,Chemical_Component_1894,Chemical,6109.74.2654,2513.37,38.76,SUP00006
PART01895,Textile_Component_1895,Textile,7010.85.7260,2387.38,43.44,SUP00009
PART01896,Plastic_Component_1896,Plastic,4016.47.3641,761.93,23.16,SUP00160
PART01897,Metal_Component_1897,Metal,3904.21.4794,4422.59,40.38,SUP00167
PART01898,Glass_Component_1898,Glass,2918.28.3638,4967.12,25.09,SUP00186
PART01899,Rubber_Component_1899,Rubber,8544.87.9573,4651.48,17.08,SUP00033
PART01900,Electronics_Component_1900,Electronics,8471.53.5765,1804.78,42.8,SUP00110
PART01901,Mechanical_Component_1901,Mechanical,8542.15.7350,1199.36,49.85,SUP00155
PART01902,Packaging_Component_1902,Packaging,7318.19.3496,2836.67,49.72,SUP00024
PART01903,Raw Material_Component_1903,Raw Material,3926.11.3336,3832.75,15.48,SUP00022
PART01904,Chemical_Component_1904,Chemical,6109.73.2541,2276.77,8.49,SUP00075
PART01905,Textile_Component_1905,Textile,7010.30.2116,1404.19,18.17,SUP00022
PART01906,Plastic_Component_1906,Plastic,4016.19.3935,3554.72,23.04,SUP00121
PART01907,Metal_Component_1907,Metal,3904.42.8242,3253.21,7.03,SUP00031
PART01908,Glass_Component_1908,Glass,2918.82.8999,202.77,42.95,SUP00102
PART01909,Rubber_Component_1909,Rubber,8544.62.3113,2206.93,25.63,SUP00159
PART01910,Electronics_Component_1910,Electronics,8471.50.7122,422.04,20.67,SUP00115
PART01911,Mechanical_Component_1911,Mechanical,8542.43.1699,3104.97,32.2,SUP00189
PART01912,Packaging_Component_1912,Packaging,7318.41.1130,777.04,5.27,SUP00096
PART01913,Raw Material_Component_1913,Raw Material,3926.30.7541,4269.88,11.16,SUP00118
PART01914,Chemical_Component_1914,Chemical,6109.95.2531,1747.95,23.43,SUP00136
PART01915,Textile_Component_1915,Textile,7010.69.2787,433.68,36.59,SUP00101
PART01916,Plastic_Component_1916,Plastic,4016.65.4268,2010.59,3.23,SUP00087
PART01917,Metal_Component_1917,Metal,3904.87.8967,1067.11,37.07,SUP00029
PART01918,Glass_Component_1918,Glass,2918.45.8447,196.22,7.8,SUP00120
PART01919,Rubber_Component_1919,Rubber,8544.28.4497,1604.33,1.58,SUP00153
PART01920,Electronics_Component_1920,Electronics,8471.58.2022,4682.62,18.08,SUP00110
PART01921,Mechanical_Component_1921,Mechanical,8542.70.4496,275.12,43.4,SUP00194
PART01922,Packaging_Component_1922,Packaging,7318.97.7929,1352.89,31.79,SUP00021
PART01923,Raw Material_Component_1923,Raw Material,3926.28.2134,1373.16,4.09,SUP00182
PART01924,Chemical_Component_1924,Chemical,6109.67.7876,2626.27,33.49,SUP00066
PART01925,Textile_Component_1925,Textile,7010.33.1880,466.74,45.08,SUP00087
PART01926,Plastic_Component_1926,Plastic,4016.48.3695,997.03,47.1,SUP00123
PART01927,Metal_Component_1927,Metal,3904.70.9773,3445.71,8.04,SUP00178
PART01928,Glass_Component_1928,Glass,2918.65.6811,4563.43,28.52,SUP00002
PART01929,Rubber_Component_1929,Rubber,8544.81.4253,393.65,33.4,SUP00157
PART01930,Electronics_Component_1930,Electronics,8471.28.6304,3321.99,41.18,SUP00187
PART01931,Mechanical_Component_1931,Mechanical,8542.50.1232,756.78,22.94,SUP00037
PART01932,Packaging_Component_1932,Packaging,7318.73.6184,572.47,48.5,SUP00104
PART01933,Raw Material_Component_1933,Raw Material,3926.43.9531,3612.82,49.41,SUP00032
PART01934,Chemical_Component_1934,Chemical,6109.91.8361,3196.39,28.92,SUP00009
PART01935,Textile_Component_1935,Textile,7010.37.4074,2103.78,27.31,SUP00042
PART01936,Plastic_Component_1936,Plastic,4016.86.7185,1084.61,10.5,SUP00048
PART01937,Metal_Component_1937,Metal,3904.96.1235,1854.43,18.2,SUP00077
PART01938,Glass_Component_1938,Glass,2918.49.9226,4096.16,6.25,SUP00127
PART01939,Rubber_Component_1939,Rubber,8544.93.8471,2073.2,17.59,SUP00138
PART01940,Electronics_Component_1940,Electronics,8471.64.9571,4870.48,16.8,SUP00045
PART01941,Mechanical_Component_1941,Mechanical,8542.68.8018,1868.74,27.64,SUP00041
PART01942,Packaging_Component_1942,Packaging,7318.79.8141,1910.91,42.26,SUP00176
PART01943,Raw Material_Component_1943,Raw Material,3926.97.8167,3172.37,35.11,SUP00025
PART01944,Chemical_Component_1944,Chemical,6109.21.2700,452.74,0.83,SUP00105
PART01945,Textile_Component_1945,Textile,7010.23.9133,3750.97,31.2,SUP00139
PART01946,Plastic_Component_1946,Plastic,4016.22.8276,2519.29,40.3,SUP00170
PART01947,Metal_Component_1947,Metal,3904.47.7891,1063.3,38.85,SUP00141
PART01948,Glass_Component_1948,Glass,2918.58.2875,981.82,23.48,SUP00031
PART01949,Rubber_Component_1949,Rubber,8544.54.8601,2067.61,41.02,SUP00180
PART01950,Electronics_Component_1950,Electronics,8471.60.1124,4698.39,39.11,SUP00129
PART01951,Mechanical_Component_1951,Mechanical,8542.46.5384,4398.64,13.23,SUP00106
PART01952,Packaging_Component_1952,Packaging,7318.96.4957,25.77,45.45,SUP00008
PART01953,Raw Material_Component_1953,Raw Material,3926.11.1430,771.11,18.73,SUP00132
PART01954,Chemical_Component_1954,Chemical,6109.86.6201,1678.77,47.96,SUP00110
PART01955,Textile_Component_1955,Textile,7010.40.7412,967.34,32.23,SUP00013
PART01956,Plastic_Component_1956,Plastic,4016.83.8030,648.71,31.82,SUP00186
PART01957,Metal_Component_1957,Metal,3904.32.7604,4521.34,25.87,SUP00111
PART01958,Glass_Component_1958,Glass,2918.39.2631,3551.57,6.33,SUP00030
PART01959,Rubber_Component_1959,Rubber,8544.90.7422,4215.94,31.37,SUP00066
PART01960,Electronics_Component_1960,Electronics,8471.80.3605,4743.76,10.2,SUP00023
PART01961,Mechanical_Component_1961,Mechanical,8542.13.8166,62.63,38.5,SUP00039
PART01962,Packaging_Component_1962,Packaging,7318.13.9907,4603.37,3.95,SUP00097
PART01963,Raw Material_Component_1963,Raw Material,3926.13.3138,4917.15,31.73,SUP00199
PART01964,Chemical_Component_1964,Chemical,6109.55.4056,1202.41,44.9,SUP00076
PART01965,Textile_Component_1965,Textile,7010.34.9772,4203.08,36.32,SUP00096
PART01966,Plastic_Component_1966,Plastic,4016.43.1847,1378.45,46.75,SUP00160
PART01967,Metal_Component_1967,Metal,3904.12.2694,559.1,46.36,SUP00031
PART01968,Glass_Component_1968,Glass,2918.23.3323,1415.9,44.73,SUP00023
PART01969,Rubber_Component_1969,Rubber,8544.19.9097,4223.89,45.64,SUP00053
PART01970,Electronics_Component_1970,Electronics,8471.60.2649,2457.73,1.11,SUP00018
PART01971,Mechanical_Component_1971,Mechanical,8542.72.2250,1055.43,21.0,SUP00080
PART01972,Packaging_Component_1972,Packaging,7318.91.8387,4043.7,9.0,SUP00002
PART01973,Raw Material_Component_1973,Raw Material,3926.32.1515,590.45,17.15,SUP00088
PART01974,Chemical_Component_1974,Chemical,6109.71.9953,30.05,26.09,SUP00065
PART01975,Textile_Component_1975,Textile,7010.25.4159,3032.52,26.8,SUP00132
PART01976,Plastic_Component_1976,Plastic,4016.75.3496,1085.45,18.25,SUP00055
PART01977,Metal_Component_1977,Metal,3904.13.6366,697.13,4.18,SUP00177
PART01978,Glass_Component_1978,Glass,2918.26.5384,1371.96,9.97,SUP00023
PART01979,Rubber_Component_1979,Rubber,8544.54.5822,2337.88,40.45,SUP00111
PART01980,Electronics_Component_1980,Electronics,8471.75.7552,4612.13,12.51,SUP00050
PART01981,Mechanical_Component_1981,Mechanical,8542.97.5605,4809.55,5.15,SUP00196
PART01982,Packaging_Component_1982,Packaging,7318.85.6105,832.44,10.3,SUP00184
PART01983,Raw Material_Component_1983,Raw Material,3926.72.8101,4414.87,21.19,SUP00191
PART01984,Chemical_Component_1984,Chemical,6109.44.6222,3116.44,30.37,SUP00109
PART01985,Textile_Component_1985,Textile,7010.35.6782,1872.93,31.64,SUP00016
PART01986,Plastic_Component_1986,Plastic,4016.67.3740,4447.8,47.91,SUP00064
PART01987,Metal_Component_1987,Metal,3904.85.7714,1470.9,41.34,SUP00165
PART01988,Glass_Component_1988,Glass,2918.77.6771,1994.54,5.74,SUP00082
PART01989,Rubber_Component_1989,Rubber,8544.64.4046,1791.93,3.64,SUP00168
PART01990,Electronics_Component_1990,Electronics,8471.57.7094,729.47,15.73,SUP00002
PART01991,Mechanical_Component_1991,Mechanical,8542.50.1178,3585.43,10.7,SUP00145
PART01992,Packaging_Component_1992,Packaging,7318.51.4811,2810.39,19.29,SUP00154
PART01993,Raw Material_Component_1993,Raw Material,3926.37.9638,1091.23,28.05,SUP00183
PART01994,Chemical_Component_1994,Chemical,6109.87.2225,2871.87,32.32,SUP00174
PART01995,Textile_Component_1995,Textile,7010.65.6206,4067.91,9.92,SUP00012
PART01996,Plastic_Component_1996,Plastic,4016.73.9169,238.73,13.73,SUP00030
PART01997,Metal_Component_1997,Metal,3904.25.8418,859.84,16.35,SUP00098
PART01998,Glass_Component_1998,Glass,2918.40.1348,1428.76,32.19,SUP00147
PART01999,Rubber_Component_1999,Rubber,8544.10.8565,1425.41,42.08,SUP00103
