order_id,cust_id,pay_method,pay_status,pay_dt,txn_id,amount
ORD104543,CUST02783,UPI,Success,2026-07-27 08:54:00,TXN9576150605,20438.15
ORD100914,CUST02270,UPI,Success,2026-04-01 13:11:00,TXN9209125468,8225.43
ORD101526,CUST01829,Debit Card,Refunded,2026-06-03 11:11:00,TXN9208433618,34216.3
ORD101740,CUST00001,Debit Card,Success,2026-04-24 10:23:00,TXN7967080783,29452.25
ORD100795,CUST03050,COD,Refunded,2026-07-11 02:10:00,TXN7210756327,3356.14
ORD102207,CUST01930,Net Banking,Pending,2026-07-01 23:44:00,TXN4503884165,61639.78
ORD102203,CUST00850,Net Banking,Refunded,2026-06-27 18:17:00,TXN3395048173,2536.89
ORD102896,CUST02444,UPI,Success,2026-06-07 00:06:00,TXN5345642014,13336.68
ORD100124,CUST03585,Credit Card,Refunded,2026-06-04 05:11:00,TXN8054656660,85880.95
ORD102184,CUST02272,Wallet,Refunded,2026-04-28 21:01:00,TXN5473774392,7904.21
ORD103230,CUST02924,Net Banking,Refunded,2026-04-23 17:40:00,TXN1183151722,7862.6
ORD100484,CUST03198,Credit Card,Success,2026-05-10 05:01:00,TXN1407803544,3996.14
ORD102636,CUST01471,UPI,Success,2026-06-07 22:26:00,TXN5607017180,17108.99
ORD101663,CUST00003,Net Banking,Refunded,2026-05-22 21:58:00,TXN9000062666,66818.6
ORD101988,CUST04081,UPI,Pending,2026-05-15 08:31:00,TXN1954941361,13538.34
ORD101374,CUST02520,Wallet,Success,2026-05-09 14:53:00,TXN7475747132,34515.97
ORD103398,CUST02205,UPI,Refunded,2026-09-25 18:00:00,TXN3164639022,40172.92
ORD103459,CUST00374,Debit Card,Success,2026-05-11 04:33:00,TXN9648690206,25412.52
ORD100376,CUST02422,Debit Card,Success,2026-08-28 08:40:00,TXN4954639905,671.05
ORD104032,CUST02599,UPI,Success,2026-03-19 07:21:00,TXN5209093740,11845.75
ORD101973,CUST04304,Credit Card,Success,2026-06-17 19:39:00,TXN3744435931,4025.11
ORD102742,CUST00235,Debit Card,Refunded,2026-02-12 16:11:00,TXN2165332940,28223.22
ORD104648,CUST00672,Debit Card,Success,2026-03-13 03:58:00,TXN1351521384,10484.38
ORD104597,CUST00107,COD,Success,2026-08-04 15:00:00,TXN6377012613,688.38
ORD103128,CUST02199,Wallet,Refunded,2026-08-29 18:33:00,TXN1315480049,12044.11
ORD103553,CUST03790,COD,Success,2026-09-14 01:16:00,TXN3062750263,54850.33
ORD101234,CUST02102,UPI,Success,2026-07-19 08:44:00,TXN7730734195,42835.55
ORD101538,CUST02261,Wallet,Refunded,2026-06-03 18:48:00,TXN6950284959,697.69
ORD103243,CUST00820,Net Banking,Failed,2026-07-24 14:42:00,TXN9552735485,18631.52
ORD100237,CUST03955,Debit Card,Success,2026-08-24 20:08:00,TXN1387224994,53100.67
ORD103514,CUST02445,Credit Card,Success,2026-07-18 21:22:00,TXN3413820739,2819.17
ORD103768,CUST02246,COD,Refunded,2026-02-13 22:27:00,TXN6699336879,7701.57
ORD100142,CUST04170,Net Banking,Success,2026-09-19 06:07:00,TXN1178297105,52312.83
ORD104966,CUST03648,COD,Success,2026-07-21 11:51:00,TXN5930493348,4556.27
ORD102090,CUST02560,COD,Refunded,2026-05-15 07:28:00,TXN6318041635,587.53
ORD104116,CUST04000,Net Banking,Success,2026-04-14 06:49:00,TXN4869751161,1056.48
ORD101363,CUST01928,Net Banking,Refunded,2026-09-09 14:09:00,TXN3712537067,15842.65
ORD100835,CUST03056,Wallet,Success,2026-04-20 13:11:00,TXN7935773257,17490.44
ORD103371,CUST00302,Credit Card,Success,2026-04-21 03:24:00,TXN4951380907,867.37
ORD103290,CUST03797,COD,Success,2026-08-12 03:41:00,TXN8302539501,39601.79
ORD104975,CUST02948,Credit Card,Refunded,2026-01-31 08:03:00,TXN9132069497,12842.66
ORD102500,CUST01388,UPI,Success,2026-02-15 07:49:00,TXN3993941519,76147.9
ORD103817,CUST04684,Net Banking,Success,2026-04-23 19:42:00,TXN5688247172,3923.83
ORD102805,CUST02689,UPI,Success,2026-06-01 12:16:00,TXN3212715020,2135.86
ORD104961,CUST01554,Credit Card,Refunded,2026-07-13 18:30:00,TXN2783537369,28167.71
ORD101548,CUST00644,Credit Card,Success,2026-03-03 22:06:00,TXN8573221147,23057.92
ORD104298,CUST04410,COD,Success,2026-03-23 15:34:00,TXN8802334297,24835.41
ORD103494,CUST01548,COD,Success,2026-03-25 15:34:00,TXN4633960900,12905.11
ORD101772,CUST01540,Credit Card,Success,2026-05-08 15:29:00,TXN3340396932,48811.41
ORD100921,CUST04409,Credit Card,Refunded,2026-02-18 14:59:00,TXN8206080258,3893.15
ORD103045,CUST04171,COD,Success,2026-02-24 16:34:00,TXN4166113063,59571.26
ORD104816,CUST02040,COD,Success,2026-05-20 03:55:00,TXN5686187643,39152.99
ORD103329,CUST03839,Net Banking,Pending,2026-08-25 00:08:00,TXN9752287341,2863.71
ORD104352,CUST01630,COD,Refunded,2026-07-09 10:59:00,TXN9230050626,34757.29
ORD100578,CUST04064,COD,Pending,2026-04-28 05:49:00,TXN4435661827,29817.88
ORD103479,CUST02406,COD,Refunded,2026-09-12 07:42:00,TXN9936929466,33867.49
ORD103056,CUST01230,COD,Success,2026-09-05 21:07:00,TXN6979714085,13457.12
ORD101361,CUST00055,Debit Card,Success,2026-04-22 06:57:00,TXN8001491475,17046.84
ORD103339,CUST03280,COD,Success,2026-04-23 00:15:00,TXN1225980642,30015.19
ORD100136,CUST03344,Credit Card,Success,2026-02-08 17:42:00,TXN2347531440,41756.92
ORD100716,CUST03591,Credit Card,Success,2026-06-23 13:44:00,TXN5567334939,53477.72
ORD103666,CUST03914,Debit Card,Success,2026-02-11 16:48:00,TXN1451472895,17048.96
ORD100129,CUST00063,Debit Card,Refunded,2026-04-08 18:30:00,TXN8067650721,27686.97
ORD101517,CUST01969,Wallet,Refunded,2026-03-18 13:46:00,TXN6824496482,5482.31
ORD104346,CUST01503,Debit Card,Success,2026-05-24 05:01:00,TXN4484195681,10794.32
ORD100012,CUST03153,Credit Card,Pending,2026-03-10 09:24:00,TXN2361544288,79081.24
ORD101055,CUST01144,Debit Card,Refunded,2026-06-05 01:02:00,TXN4514241011,48184.25
ORD100928,CUST01183,Credit Card,Refunded,2026-07-27 23:19:00,TXN1158645927,15108.52
ORD103899,CUST01139,COD,Success,2026-03-29 05:34:00,TXN6062327860,14920.85
ORD104595,CUST03956,Credit Card,Success,2026-06-16 10:09:00,TXN5934467961,10967.15
ORD101615,CUST03006,Debit Card,Success,2026-08-02 22:46:00,TXN1391455193,13535.19
ORD100233,CUST01605,Wallet,Success,2026-07-20 19:59:00,TXN9688742255,46501.95
ORD100261,CUST02580,Debit Card,Refunded,2026-06-26 10:46:00,TXN2376436752,810.83
ORD100243,CUST03367,UPI,Refunded,2026-03-29 05:44:00,TXN1157053526,56173.29
ORD100894,CUST04509,COD,Success,2026-03-01 10:03:00,TXN6561854963,27391.45
ORD102646,CUST03555,Debit Card,Failed,2026-04-22 07:31:00,TXN8698925179,39794.48
ORD103623,CUST00203,COD,Success,2026-07-31 03:39:00,TXN3000344048,842.95
ORD102962,CUST03586,Debit Card,Refunded,2026-04-06 03:15:00,TXN7719303689,37227.56
ORD100678,CUST02113,Wallet,Pending,2026-09-06 21:34:00,TXN9461565676,22311.1
ORD103168,CUST03455,COD,Failed,2026-06-03 12:31:00,TXN5738090865,21420.02
ORD102438,CUST01352,COD,Success,2026-03-30 23:01:00,TXN1367156210,55429.7
ORD101014,CUST03500,UPI,Pending,2026-09-12 16:37:00,TXN5946925262,73334.4
ORD101559,CUST01333,Debit Card,Refunded,2026-04-25 07:00:00,TXN9958993760,16561.72
ORD100548,CUST01125,Wallet,Refunded,2026-09-07 12:52:00,TXN4621294221,14889.37
ORD100843,CUST02616,Credit Card,Success,2026-03-27 14:33:00,TXN5532763738,11690.16
ORD103250,CUST02806,Debit Card,Failed,2026-07-14 00:46:00,TXN2705315905,11320.13
ORD102610,CUST02784,Debit Card,Refunded,2026-02-17 11:01:00,TXN2472439756,15843.44
ORD101747,CUST02081,UPI,Refunded,2026-09-23 00:47:00,TXN8903040973,52273.54
ORD101417,CUST01926,Net Banking,Success,2026-02-05 04:49:00,TXN8124384090,793.97
ORD103491,CUST01781,Wallet,Success,2026-04-11 05:39:00,TXN1145682199,32812.53
ORD103420,CUST02326,COD,Refunded,2026-07-09 22:26:00,TXN9786961762,28248.75
ORD104760,CUST00582,Wallet,Refunded,2026-03-02 23:01:00,TXN8958932273,32054.77
ORD104051,CUST03579,Net Banking,Success,2026-09-25 07:36:00,TXN2061440137,7335.58
ORD102128,CUST03376,UPI,Pending,2026-04-11 01:00:00,TXN6351043325,32203.9
ORD104636,CUST01039,UPI,Success,2026-08-29 15:23:00,TXN2091236778,53228.85
ORD102303,CUST00849,UPI,Failed,2026-05-21 05:46:00,TXN6761976369,17567.6
ORD101215,CUST03046,Credit Card,Success,2026-08-25 16:23:00,TXN1046395193,38669.87
ORD104878,CUST04702,COD,Refunded,2026-05-09 02:06:00,TXN7916637921,24890.11
ORD101194,CUST02900,COD,Success,2026-03-24 18:53:00,TXN6729920462,15800.81
ORD100022,CUST03766,Credit Card,Success,2026-05-21 23:51:00,TXN9304965199,15937.54
ORD100137,CUST02696,Net Banking,Failed,2026-05-28 03:08:00,TXN8156131557,18046.75
ORD103685,CUST03114,Credit Card,Refunded,2026-06-12 17:40:00,TXN4872080967,33601.93
ORD102797,CUST00803,Debit Card,Success,2026-05-05 13:05:00,TXN2484596368,29344.97
ORD101531,CUST01713,Net Banking,Success,2026-07-22 23:37:00,TXN4705611374,6295.22
ORD100068,CUST00123,Credit Card,Success,2026-04-22 12:38:00,TXN8267386395,27049.06
ORD103227,CUST03353,UPI,Refunded,2026-06-11 19:33:00,TXN7750341800,28331.52
ORD104844,CUST00322,COD,Refunded,2026-09-21 06:06:00,TXN6465682112,24063.02
ORD102209,CUST02174,Net Banking,Failed,2026-09-08 08:44:00,TXN4249370343,603.2
ORD101823,CUST00653,Debit Card,Refunded,2026-06-29 05:40:00,TXN4500256314,24147.24
ORD104605,CUST01392,Debit Card,Failed,2026-05-08 11:14:00,TXN3011397787,8829.95
ORD103319,CUST03006,Credit Card,Refunded,2026-08-29 11:00:00,TXN4052653314,2797.9
ORD102349,CUST03218,Wallet,Pending,2026-08-29 21:08:00,TXN9734096105,18560.19
ORD103993,CUST01355,Credit Card,Refunded,2026-08-15 09:50:00,TXN5449957860,6950.29
ORD100907,CUST03046,Credit Card,Pending,2026-04-18 05:04:00,TXN9227277598,38094.62
ORD100324,CUST03238,Net Banking,Refunded,2026-09-25 18:35:00,TXN1193780169,27167.8
ORD101721,CUST02252,UPI,Failed,2026-03-08 09:17:00,TXN7141051289,11975.05
ORD100822,CUST02104,Debit Card,Success,2026-04-08 06:03:00,TXN2955918741,6784.85
ORD102844,CUST04901,Net Banking,Success,2026-06-25 18:03:00,TXN1313340867,10742.17
ORD100830,CUST00339,Credit Card,Refunded,2026-02-14 10:22:00,TXN8693993922,8134.23
ORD100517,CUST03237,Wallet,Failed,2026-05-16 13:42:00,TXN3099446917,24345.63
ORD101391,CUST01548,Debit Card,Success,2026-04-29 08:24:00,TXN5410441994,26332.45
ORD101006,CUST04271,Net Banking,Refunded,2026-02-20 17:52:00,TXN4259170579,11454.96
ORD102700,CUST02032,UPI,Success,2026-08-15 07:28:00,TXN3974492225,78613.15
ORD101394,CUST00219,COD,Success,2026-06-29 22:52:00,TXN2421534864,511.69
ORD100887,CUST04140,COD,Refunded,2026-05-10 11:05:00,TXN6234250623,35205.24
ORD104417,CUST00629,Credit Card,Refunded,2026-09-11 03:16:00,TXN5574153865,3307.18
ORD100932,CUST01703,Wallet,Success,2026-03-27 19:13:00,TXN5928479752,6400.66
ORD102109,CUST02027,Debit Card,Success,2026-08-31 00:40:00,TXN2304543908,464.29
ORD100433,CUST04004,Credit Card,Refunded,2026-09-19 11:29:00,TXN5264396961,2437.91
ORD102466,CUST04215,Credit Card,Success,2026-05-24 22:13:00,TXN4573684729,549.55
ORD101482,CUST03502,Credit Card,Refunded,2026-05-14 17:35:00,TXN1034328071,35530.11
ORD103646,CUST00636,Net Banking,Success,2026-08-20 11:51:00,TXN1801056992,1559.89
ORD101233,CUST03832,Debit Card,Success,2026-02-03 18:54:00,TXN7645623910,79007.3
ORD100365,CUST00932,Wallet,Success,2026-04-26 06:44:00,TXN5346739225,24258.05
ORD104662,CUST00273,Credit Card,Success,2026-05-15 11:40:00,TXN6535479521,9312.98
ORD102331,CUST01737,Credit Card,Refunded,2026-01-29 19:24:00,TXN6021760795,1457.8
ORD104156,CUST01238,Credit Card,Pending,2026-03-03 10:28:00,TXN5601198300,60478.33
ORD104104,CUST03714,Net Banking,Success,2026-07-15 09:05:00,TXN2040745164,42032.69
ORD100418,CUST03906,Net Banking,Success,2026-07-15 14:49:00,TXN5385592391,29624.28
ORD101665,CUST00181,Wallet,Success,2026-01-28 12:40:00,TXN2231921143,8517.34
ORD102113,CUST04809,Net Banking,Refunded,2026-09-20 11:15:00,TXN5941069048,28748.27
ORD100104,CUST01838,Debit Card,Pending,2026-03-29 08:32:00,TXN7889565741,62511.21
ORD101904,CUST02909,Debit Card,Pending,2026-03-09 09:34:00,TXN7426060800,4056.88
ORD100515,CUST03510,Net Banking,Success,2026-09-09 05:56:00,TXN7662754996,8913.41
ORD103591,CUST01914,Wallet,Failed,2026-02-27 19:43:00,TXN7777316460,87647.63
ORD101502,CUST00143,Credit Card,Refunded,2026-08-29 07:14:00,TXN5021090528,10817.82
ORD100603,CUST02534,COD,Refunded,2026-04-03 20:40:00,TXN8803595257,19114.09
ORD100190,CUST00174,UPI,Success,2026-07-18 08:56:00,TXN1630495154,50712.6
ORD104492,CUST01746,COD,Failed,2026-03-01 01:06:00,TXN5765520327,33563.06
ORD102069,CUST04904,Credit Card,Refunded,2026-03-09 19:09:00,TXN8950692384,1066.38
ORD100048,CUST00089,Net Banking,Failed,2026-09-05 11:36:00,TXN8992803245,1984.62
ORD100021,CUST02525,Wallet,Failed,2026-08-30 06:30:00,TXN9439329533,11157.85
ORD101792,CUST01793,Wallet,Success,2026-02-24 00:13:00,TXN1048333519,14041.79
ORD103680,CUST01524,UPI,Success,2026-03-15 10:25:00,TXN5903010349,6380.22
ORD104530,CUST02066,UPI,Success,2026-09-04 07:00:00,TXN4136438795,14031.84
ORD102487,CUST01285,Net Banking,Success,2026-07-06 18:31:00,TXN5899603625,35584.49
ORD100466,CUST01252,Debit Card,Failed,2026-08-26 06:44:00,TXN8115034636,30929.61
ORD102839,CUST03080,Debit Card,Success,2026-08-08 18:38:00,TXN2280996396,50316.29
ORD101719,CUST02051,Debit Card,Failed,2026-07-28 07:27:00,TXN8031413264,16322.95
ORD103013,CUST00471,Net Banking,Success,2026-04-28 03:01:00,TXN6876152986,78735.64
ORD102826,CUST02096,Debit Card,Pending,2026-08-23 03:08:00,TXN2270861231,31022.44
ORD102539,CUST02686,COD,Success,2026-04-11 23:20:00,TXN6614104669,52261.85
ORD104184,CUST04420,UPI,Success,2026-04-09 09:46:00,TXN3860817743,79067.8
ORD103451,CUST01352,Credit Card,Success,2026-08-16 10:49:00,TXN2414200939,74394.23
ORD100823,CUST02440,Wallet,Success,2026-04-18 09:33:00,TXN1366538359,3035.63
ORD103864,CUST00892,Wallet,Refunded,2026-02-19 08:36:00,TXN6650131678,3615.61
ORD101958,CUST00667,Wallet,Pending,2026-03-24 15:32:00,TXN3608994774,53368.58
ORD104297,CUST03122,COD,Success,2026-09-16 13:09:00,TXN7189988724,91571.36
ORD101470,CUST02502,COD,Success,2026-08-27 22:37:00,TXN8778239972,17765.06
ORD102212,CUST04998,Debit Card,Refunded,2026-04-13 11:32:00,TXN5045589117,14532.11
ORD101543,CUST03024,Debit Card,Failed,2026-09-01 14:14:00,TXN9487606042,9092.75
ORD103190,CUST00384,UPI,Pending,2026-03-04 19:15:00,TXN3851198156,39785.79
ORD104441,CUST03435,Net Banking,Refunded,2026-04-18 13:03:00,TXN3208729314,26640.71
ORD103379,CUST03396,Debit Card,Pending,2026-02-17 01:53:00,TXN9656841389,48842.41
ORD103834,CUST04770,Credit Card,Refunded,2026-05-17 14:08:00,TXN2332297622,20980.35
ORD101602,CUST02301,Debit Card,Pending,2026-02-03 06:36:00,TXN7459679307,13348.31
ORD103573,CUST00256,Debit Card,Success,2026-08-21 02:19:00,TXN4392132722,1622.17
ORD100982,CUST04383,Debit Card,Success,2026-06-25 06:52:00,TXN6653288991,36896.37
ORD100286,CUST00990,Wallet,Success,2026-06-09 13:09:00,TXN3102178268,14435.06
ORD102136,CUST02414,COD,Success,2026-08-12 05:58:00,TXN4013804735,1094.42
ORD103455,CUST03496,Debit Card,Success,2026-09-01 09:14:00,TXN1146609178,39253.11
ORD102946,CUST02628,UPI,Refunded,2026-04-11 01:31:00,TXN2238907104,27281.89
ORD104160,CUST02217,Credit Card,Failed,2026-08-24 15:32:00,TXN8997054324,27339.1
ORD101018,CUST03578,COD,Pending,2026-06-01 05:33:00,TXN8458459665,54475.3
ORD101451,CUST00478,COD,Refunded,2026-02-20 21:57:00,TXN6609132187,16225.8
ORD104117,CUST04028,COD,Refunded,2026-09-16 10:27:00,TXN9195901935,10604.6
ORD100006,CUST01401,Debit Card,Success,2026-09-24 00:01:00,TXN5424511780,27223.56
ORD101380,CUST04742,Wallet,Refunded,2026-03-27 18:05:00,TXN8687084278,5851.08
ORD102522,CUST00403,Debit Card,Pending,2026-06-01 13:09:00,TXN7766983535,14467.71
ORD101343,CUST04125,Wallet,Success,2026-06-06 20:49:00,TXN5222736250,29387.08
ORD102423,CUST00005,Wallet,Refunded,2026-06-09 15:15:00,TXN5234682826,23947.39
ORD103667,CUST03308,COD,Refunded,2026-09-24 05:59:00,TXN2090989292,38452.11
ORD102224,CUST01959,Debit Card,Pending,2026-05-30 22:21:00,TXN6374270838,4447.39
ORD104934,CUST02613,Credit Card,Pending,2026-07-08 11:04:00,TXN4976373279,48147.04
ORD102987,CUST00011,COD,Refunded,2026-04-23 15:39:00,TXN5251278085,69252.2
ORD101934,CUST04637,COD,Success,2026-05-30 21:49:00,TXN4861274119,27768.45
ORD102062,CUST03808,Net Banking,Success,2026-09-19 14:03:00,TXN4523651956,12109.19
ORD103051,CUST02357,Debit Card,Refunded,2026-02-12 10:42:00,TXN4703586662,34268.46
ORD100888,CUST02318,UPI,Success,2026-08-07 11:03:00,TXN8520471636,22305.28
ORD101731,CUST01255,Credit Card,Failed,2026-05-02 16:37:00,TXN1518124324,101060.16
ORD102297,CUST02901,Wallet,Success,2026-06-04 03:32:00,TXN7456067156,42308.27
ORD101365,CUST03596,Net Banking,Refunded,2026-04-09 01:14:00,TXN7230441542,5827.49
ORD101886,CUST04452,Wallet,Refunded,2026-08-14 23:27:00,TXN8262491951,1456.0
ORD103674,CUST04886,Wallet,Success,2026-06-08 07:04:00,TXN7621386871,8636.35
ORD100442,CUST03189,Net Banking,Refunded,2026-07-22 12:38:00,TXN1095039163,4785.3
ORD103580,CUST02553,Wallet,Refunded,2026-03-06 12:38:00,TXN2298846178,37069.44
ORD100289,CUST03012,Credit Card,Success,2026-04-26 03:08:00,TXN8411893671,24176.62
ORD102875,CUST02180,Debit Card,Success,2026-05-13 13:46:00,TXN4184991587,15272.28
ORD104630,CUST04591,Net Banking,Failed,2026-04-29 13:35:00,TXN4043420676,51383.32
ORD100177,CUST04793,Wallet,Success,2026-09-19 22:01:00,TXN1554747107,1733.85
ORD101134,CUST02849,Wallet,Success,2026-04-25 07:33:00,TXN1656080762,28233.98
ORD103414,CUST01741,Wallet,Refunded,2026-05-14 08:15:00,TXN5515049272,8632.6
ORD104259,CUST03991,Credit Card,Refunded,2026-04-24 05:11:00,TXN9397794069,13185.23
ORD103099,CUST00639,COD,Success,2026-05-11 13:05:00,TXN3956559642,3722.1
ORD104873,CUST02904,COD,Refunded,2026-02-04 08:27:00,TXN8108849259,9574.57
ORD100762,CUST02321,Credit Card,Refunded,2026-07-18 05:37:00,TXN3759930983,8094.82
ORD104828,CUST03520,UPI,Pending,2026-04-28 18:10:00,TXN3945178063,68386.51
ORD101870,CUST04989,UPI,Pending,2026-08-12 11:27:00,TXN6691563625,43513.55
ORD101853,CUST04468,Net Banking,Success,2026-07-07 06:54:00,TXN3103842437,12929.56
ORD104652,CUST03328,Wallet,Success,2026-07-15 05:53:00,TXN3102878319,32139.65
ORD101401,CUST00044,Wallet,Refunded,2026-04-03 23:33:00,TXN1512411081,74464.7
ORD100152,CUST03131,COD,Success,2026-06-29 23:35:00,TXN8591087734,11227.56
ORD103445,CUST00195,Net Banking,Success,2026-06-08 23:36:00,TXN4990551965,66763.4
ORD102408,CUST03683,UPI,Success,2026-09-05 20:20:00,TXN2937204630,14337.29
ORD100958,CUST01584,Wallet,Success,2026-03-01 21:32:00,TXN4344835957,47628.78
ORD104446,CUST01883,UPI,Refunded,2026-08-13 03:31:00,TXN9803163840,59267.05
ORD101776,CUST04563,Debit Card,Pending,2026-05-21 07:01:00,TXN8874706932,22933.66
ORD101074,CUST04372,Debit Card,Success,2026-08-05 17:59:00,TXN9626993422,11869.62
ORD103328,CUST03386,Debit Card,Refunded,2026-06-28 04:08:00,TXN4981325719,10699.38
ORD100366,CUST00645,Wallet,Refunded,2026-07-22 10:21:00,TXN6205404233,8033.2
ORD101369,CUST00255,Net Banking,Success,2026-04-30 21:12:00,TXN6579132556,46009.51
ORD102605,CUST00610,Wallet,Pending,2026-05-10 14:29:00,TXN9240280726,3981.41
ORD102047,CUST00466,Credit Card,Success,2026-04-09 16:39:00,TXN1303335689,44510.8
ORD103240,CUST01346,Wallet,Refunded,2026-05-17 04:11:00,TXN4140923648,12786.78
ORD100009,CUST00989,Wallet,Refunded,2026-03-04 23:46:00,TXN8157954509,1095.06
ORD102735,CUST02210,Net Banking,Success,2026-04-05 13:26:00,TXN1931063219,1188.43
ORD104780,CUST01031,Net Banking,Success,2026-06-06 02:26:00,TXN4161657788,56139.37
ORD100316,CUST01986,COD,Success,2026-05-02 18:36:00,TXN7268955808,19744.12
ORD102693,CUST04644,Wallet,Refunded,2026-08-27 00:13:00,TXN5936829148,19696.17
ORD101334,CUST01751,COD,Failed,2026-06-02 20:05:00,TXN8918810992,14377.72
ORD100283,CUST02773,Net Banking,Success,2026-09-12 13:14:00,TXN4814089220,68756.71
ORD104619,CUST00208,Credit Card,Success,2026-04-09 13:02:00,TXN6685049350,39582.69
ORD103882,CUST00173,Debit Card,Success,2026-04-25 21:54:00,TXN6037968332,5189.92
ORD103717,CUST02546,Debit Card,Success,2026-04-30 06:26:00,TXN4373400726,59048.99
ORD104990,CUST02635,COD,Refunded,2026-04-26 01:05:00,TXN1856021133,9508.78
ORD100801,CUST03310,Credit Card,Success,2026-03-13 04:00:00,TXN8598791471,72297.89
ORD102525,CUST03833,Credit Card,Refunded,2026-06-02 07:24:00,TXN3818074114,14801.56
ORD101504,CUST00111,UPI,Refunded,2026-05-07 09:11:00,TXN1817075731,36216.18
ORD103047,CUST04448,UPI,Success,2026-02-13 23:53:00,TXN6721241231,66611.87
ORD102348,CUST01760,UPI,Success,2026-08-26 03:57:00,TXN4994746229,61086.55
ORD102644,CUST04367,Debit Card,Success,2026-05-10 10:22:00,TXN1684003840,2015.33
ORD100469,CUST00610,COD,Refunded,2026-07-22 09:43:00,TXN9655685401,33163.7
ORD104675,CUST01315,Wallet,Success,2026-07-27 05:52:00,TXN8200427254,29211.72
ORD104614,CUST00565,Wallet,Failed,2026-03-08 03:30:00,TXN6345852933,7548.31
ORD104479,CUST00214,Net Banking,Success,2026-04-29 02:59:00,TXN5277122642,10944.8
ORD100865,CUST02288,Wallet,Pending,2026-02-12 22:07:00,TXN2555036685,2305.61
ORD104187,CUST04735,Debit Card,Refunded,2026-03-26 18:22:00,TXN9541747466,66650.11
ORD103978,CUST02825,UPI,Success,2026-05-11 02:52:00,TXN1642599896,75239.69
ORD100737,CUST02556,Credit Card,Failed,2026-06-29 03:05:00,TXN4913997513,23004.28
ORD102624,CUST00684,Wallet,Pending,2026-09-21 21:19:00,TXN6747913062,27064.91
ORD102116,CUST02472,Net Banking,Success,2026-05-24 18:59:00,TXN3711713706,78623.09
ORD104499,CUST02483,Wallet,Success,2026-06-06 04:10:00,TXN4601943741,56097.17
ORD100093,CUST03807,Credit Card,Refunded,2026-08-23 09:11:00,TXN3149740675,42730.12
ORD100752,CUST04109,Debit Card,Refunded,2026-05-01 12:08:00,TXN2056409291,5612.24
ORD104574,CUST03608,Debit Card,Refunded,2026-04-26 16:46:00,TXN4078390439,7221.0
ORD100149,CUST03301,Net Banking,Failed,2026-05-08 04:13:00,TXN4458093332,33888.82
ORD100270,CUST03364,Wallet,Success,2026-02-05 23:59:00,TXN4845529215,19018.3
ORD101446,CUST04651,UPI,Refunded,2026-06-28 11:27:00,TXN1431625218,23888.05
ORD104538,CUST03710,Net Banking,Failed,2026-07-13 04:35:00,TXN5866663304,8690.33
ORD100171,CUST00083,UPI,Success,2026-08-21 12:22:00,TXN9784648618,53278.56
ORD101764,CUST03710,Debit Card,Pending,2026-09-01 04:04:00,TXN1932932173,3441.83
ORD104256,CUST00940,Net Banking,Refunded,2026-06-04 11:29:00,TXN3955325027,2053.96
ORD103264,CUST00988,Debit Card,Success,2026-06-07 23:40:00,TXN3664667511,10868.43
ORD100700,CUST04366,Debit Card,Refunded,2026-04-03 02:27:00,TXN4848367416,34666.93
ORD103224,CUST04460,Debit Card,Refunded,2026-03-06 14:53:00,TXN9976849202,12288.98
ORD102368,CUST03815,UPI,Pending,2026-07-20 06:31:00,TXN8590566349,1371.16
ORD102618,CUST04069,Net Banking,Success,2026-09-03 03:37:00,TXN1832200813,10546.05
ORD104669,CUST03989,Net Banking,Success,2026-03-03 09:15:00,TXN1301035687,14006.93
ORD102991,CUST01421,Credit Card,Refunded,2026-02-05 13:46:00,TXN1496689826,48634.55
ORD103300,CUST01798,COD,Success,2026-08-28 05:57:00,TXN8731380481,17222.95
ORD103333,CUST03776,Debit Card,Success,2026-09-22 21:25:00,TXN3934771282,9812.88
ORD101836,CUST01207,COD,Refunded,2026-05-30 07:43:00,TXN6764076171,30744.38
ORD104763,CUST02981,Credit Card,Refunded,2026-05-27 06:54:00,TXN2124093655,19793.39
ORD102808,CUST02370,Credit Card,Success,2026-04-25 02:32:00,TXN1956686917,39549.3
ORD100727,CUST01736,Debit Card,Success,2026-04-23 01:27:00,TXN3781383078,63858.37
ORD102327,CUST01067,Net Banking,Refunded,2026-02-26 23:10:00,TXN4918113240,24302.54
ORD101849,CUST04595,Debit Card,Failed,2026-05-03 10:01:00,TXN9148697849,58907.27
ORD103314,CUST01734,Wallet,Refunded,2026-03-02 13:01:00,TXN7681652474,8039.98
ORD102204,CUST01417,Wallet,Refunded,2026-07-29 02:51:00,TXN6364398888,55541.83
ORD104146,CUST00081,COD,Refunded,2026-08-30 07:02:00,TXN6735262157,22088.47
ORD104801,CUST01317,Debit Card,Refunded,2026-06-02 16:57:00,TXN5651499458,20725.98
ORD101271,CUST00764,UPI,Success,2026-05-03 06:02:00,TXN7414000879,52429.35
ORD100615,CUST03688,Credit Card,Success,2026-09-10 11:45:00,TXN8223637272,48833.52
ORD100429,CUST01110,COD,Refunded,2026-05-16 15:31:00,TXN8638133827,45686.19
ORD102039,CUST02180,Credit Card,Refunded,2026-03-03 08:11:00,TXN8589772320,79106.34
ORD102829,CUST00869,UPI,Success,2026-07-29 14:13:00,TXN1878492843,15544.75
ORD102717,CUST00988,Credit Card,Refunded,2026-09-19 14:29:00,TXN5106868566,40497.75
ORD100879,CUST03179,Net Banking,Success,2026-09-02 23:36:00,TXN2367571632,30146.44
ORD102326,CUST03076,Net Banking,Success,2026-06-06 07:32:00,TXN5191356840,62149.82
ORD100007,CUST03417,Credit Card,Pending,2026-07-04 00:57:00,TXN2409511431,49097.63
ORD104147,CUST01560,Credit Card,Success,2026-05-23 10:34:00,TXN6762161434,43923.78
ORD104658,CUST02869,Debit Card,Refunded,2026-02-20 20:33:00,TXN1799143346,27527.06
ORD104709,CUST04191,COD,Refunded,2026-05-12 11:03:00,TXN5748527859,16766.23
ORD104099,CUST02030,Wallet,Failed,2026-08-03 07:33:00,TXN3945727414,24284.86
ORD104153,CUST03613,Debit Card,Failed,2026-04-17 23:25:00,TXN9990679333,27382.38
ORD102444,CUST03520,UPI,Refunded,2026-02-02 04:19:00,TXN8107893253,3689.89
ORD100485,CUST03470,Net Banking,Refunded,2026-06-22 21:28:00,TXN1536876309,2106.94
ORD102356,CUST02406,UPI,Success,2026-04-01 11:07:00,TXN3487161643,35716.09
ORD101061,CUST00677,Wallet,Refunded,2026-05-19 05:55:00,TXN7463251671,9831.58
ORD103614,CUST00683,COD,Pending,2026-01-28 17:46:00,TXN7694156430,41879.49
ORD100403,CUST00060,UPI,Success,2026-04-07 21:54:00,TXN1430634842,70838.65
ORD101556,CUST01005,Credit Card,Success,2026-07-24 03:23:00,TXN6289491826,1897.69
ORD104198,CUST01610,COD,Success,2026-04-02 20:29:00,TXN1124943934,5582.82
ORD101735,CUST01972,Net Banking,Success,2026-03-14 10:26:00,TXN6019100922,17376.97
ORD102816,CUST01542,UPI,Refunded,2026-07-07 10:15:00,TXN2934894843,10143.6
ORD104557,CUST02205,UPI,Success,2026-01-31 12:21:00,TXN3592301650,19739.19
ORD104854,CUST00108,Debit Card,Refunded,2026-08-22 02:53:00,TXN8793571863,9769.07
ORD104258,CUST01377,Net Banking,Pending,2026-06-01 08:51:00,TXN9599382988,42880.66
ORD102330,CUST00033,UPI,Refunded,2026-07-06 20:14:00,TXN1205752607,39622.17
ORD100309,CUST00121,UPI,Pending,2026-07-06 00:03:00,TXN4276784621,12064.6
ORD102413,CUST01117,COD,Refunded,2026-04-02 00:05:00,TXN4505541657,54396.97
ORD101558,CUST03123,Debit Card,Refunded,2026-03-10 14:14:00,TXN2732217382,25269.24
ORD104126,CUST01111,Net Banking,Pending,2026-05-30 13:19:00,TXN4828936895,14179.25
ORD104561,CUST02580,Debit Card,Pending,2026-08-04 01:22:00,TXN1732721908,39782.16
ORD103326,CUST01416,COD,Failed,2026-02-21 16:23:00,TXN1684032163,2775.57
ORD102883,CUST00501,Net Banking,Refunded,2026-07-05 14:32:00,TXN4741328421,51183.8
ORD103758,CUST03830,UPI,Refunded,2026-03-22 04:11:00,TXN8687998463,29799.79
ORD102140,CUST01470,COD,Success,2026-05-13 21:30:00,TXN5441153959,1127.08
ORD101084,CUST01775,UPI,Success,2026-08-19 11:25:00,TXN9177174462,68646.45
ORD101221,CUST01298,UPI,Success,2026-03-21 05:51:00,TXN9877849558,10075.67
ORD103604,CUST02407,Net Banking,Refunded,2026-09-03 22:57:00,TXN1451584316,15183.19
ORD103441,CUST04536,UPI,Success,2026-07-15 18:20:00,TXN7331424008,59247.2
ORD102366,CUST02274,Debit Card,Refunded,2026-04-02 22:20:00,TXN6143275843,59030.94
ORD100873,CUST02996,Debit Card,Refunded,2026-04-05 17:45:00,TXN6351994744,10095.12
ORD104024,CUST02978,Wallet,Refunded,2026-05-02 15:37:00,TXN8590317885,50146.76
ORD103480,CUST04755,Debit Card,Pending,2026-06-13 19:39:00,TXN1411875602,15388.02
ORD101153,CUST03322,COD,Success,2026-07-25 19:46:00,TXN8839983542,6611.66
ORD103520,CUST04220,Debit Card,Pending,2026-09-20 05:12:00,TXN5645543535,628.99
ORD101209,CUST00065,Debit Card,Refunded,2026-07-31 03:07:00,TXN7958893339,32312.12
ORD101411,CUST01932,COD,Pending,2026-08-23 18:16:00,TXN7035698933,33455.52
ORD101152,CUST02384,COD,Success,2026-02-12 23:18:00,TXN3439346906,64478.81
ORD101225,CUST01982,UPI,Refunded,2026-04-18 10:23:00,TXN2829272661,28711.49
ORD102952,CUST03313,Net Banking,Refunded,2026-09-18 19:29:00,TXN5905377055,26769.03
ORD104386,CUST02137,Net Banking,Success,2026-05-15 17:33:00,TXN4654465530,52901.28
ORD101813,CUST01957,Debit Card,Refunded,2026-04-02 04:34:00,TXN4629659070,28691.4
ORD102528,CUST00103,UPI,Success,2026-09-06 01:07:00,TXN4538208789,40990.32
ORD102806,CUST01763,Credit Card,Refunded,2026-07-10 10:39:00,TXN4265509294,44794.76
ORD103472,CUST00151,UPI,Success,2026-09-22 03:17:00,TXN6493560449,3697.04
ORD104928,CUST01657,Debit Card,Refunded,2026-07-23 10:13:00,TXN1140421992,35781.45
ORD101131,CUST04999,Net Banking,Success,2026-06-01 04:23:00,TXN6712958420,13604.74
ORD103755,CUST00670,Wallet,Refunded,2026-06-25 13:08:00,TXN5737061844,35147.76
ORD100186,CUST04841,Wallet,Refunded,2026-04-29 11:38:00,TXN1096262806,3157.73
ORD103989,CUST04227,Wallet,Success,2026-09-20 18:44:00,TXN3197336419,24322.99
ORD103084,CUST02755,Debit Card,Success,2026-02-23 21:45:00,TXN4928946913,49232.17
ORD103819,CUST01222,Credit Card,Success,2026-08-23 22:58:00,TXN2088332069,39608.35
ORD100416,CUST03197,UPI,Pending,2026-07-12 22:52:00,TXN6715446773,38489.76
ORD100545,CUST01495,UPI,Pending,2026-04-26 12:26:00,TXN2262634749,2260.08
ORD102769,CUST03153,Net Banking,Pending,2026-07-17 19:58:00,TXN8264341675,11143.6
ORD101884,CUST04757,Net Banking,Success,2026-02-26 18:56:00,TXN5893567592,57432.5
ORD102752,CUST03412,Wallet,Success,2026-01-31 09:05:00,TXN4055556160,40381.42
ORD101679,CUST04511,Credit Card,Refunded,2026-08-06 14:08:00,TXN5972779866,11213.26
ORD100063,CUST04135,Credit Card,Success,2026-08-06 04:47:00,TXN4782581622,22719.09
ORD102278,CUST01943,Net Banking,Success,2026-03-10 10:12:00,TXN8251356032,12302.09
ORD102740,CUST04870,Wallet,Success,2026-04-30 02:45:00,TXN2583827779,44672.59
ORD103546,CUST03010,Wallet,Refunded,2026-06-12 19:56:00,TXN4321285988,7867.86
ORD103515,CUST02380,Net Banking,Success,2026-09-12 14:42:00,TXN5590418737,4455.85
ORD103659,CUST00517,Wallet,Refunded,2026-05-25 14:59:00,TXN8996555310,79696.55
ORD103712,CUST04243,Net Banking,Success,2026-08-25 04:11:00,TXN6620415243,83239.3
ORD103141,CUST01461,COD,Success,2026-06-30 02:41:00,TXN1801439496,11800.66
ORD102892,CUST00758,Wallet,Refunded,2026-06-16 10:40:00,TXN5550707820,6606.69
ORD102223,CUST01731,Net Banking,Refunded,2026-06-07 19:25:00,TXN5375213257,8447.15
ORD102436,CUST04489,Net Banking,Success,2026-06-21 07:44:00,TXN2983982686,60473.2
ORD101733,CUST02811,Credit Card,Refunded,2026-05-07 12:33:00,TXN1259936574,25762.1
ORD103970,CUST00909,Net Banking,Success,2026-05-21 21:40:00,TXN3918244477,11940.85
ORD104372,CUST02316,Debit Card,Refunded,2026-09-20 08:13:00,TXN3171400907,20980.26
ORD102180,CUST01609,Net Banking,Refunded,2026-05-29 23:16:00,TXN2084601121,35080.08
ORD100311,CUST02218,Credit Card,Refunded,2026-03-07 01:15:00,TXN3324867614,48390.83
ORD104347,CUST01524,Credit Card,Success,2026-07-10 17:26:00,TXN7091589673,853.25
ORD102763,CUST00703,Debit Card,Failed,2026-07-05 09:41:00,TXN7433248715,11213.3
ORD101091,CUST01543,Wallet,Success,2026-06-04 01:24:00,TXN7708567636,72753.38
ORD100648,CUST04807,Net Banking,Failed,2026-05-20 06:47:00,TXN9545627069,14336.5
ORD100076,CUST01508,Wallet,Success,2026-01-29 06:52:00,TXN8462325049,30822.26
ORD101627,CUST00377,COD,Success,2026-09-15 00:17:00,TXN6714257221,34260.71
ORD104393,CUST03515,Debit Card,Success,2026-04-30 05:54:00,TXN6898687940,9122.99
ORD100607,CUST02491,Net Banking,Success,2026-03-01 07:05:00,TXN8140189471,49167.02
ORD101384,CUST03316,COD,Refunded,2026-06-15 15:50:00,TXN5020708404,15344.89
ORD104737,CUST02337,Debit Card,Success,2026-03-25 05:52:00,TXN1726595842,7818.46
ORD101567,CUST04164,Net Banking,Refunded,2026-08-08 00:07:00,TXN1661486313,2951.61
ORD102024,CUST04799,Debit Card,Refunded,2026-05-29 18:16:00,TXN4655958833,11842.58
ORD100325,CUST00402,Wallet,Success,2026-05-08 22:37:00,TXN1643657331,9331.83
ORD100458,CUST03779,Wallet,Refunded,2026-03-22 00:54:00,TXN7687621763,56914.36
ORD100500,CUST00418,Net Banking,Failed,2026-06-21 08:25:00,TXN9166476866,11005.42
ORD102967,CUST02682,Credit Card,Success,2026-07-10 03:47:00,TXN2666503904,37462.86
ORD103069,CUST01700,COD,Refunded,2026-02-05 13:00:00,TXN6504026124,73403.27
ORD103121,CUST01007,COD,Success,2026-03-27 23:59:00,TXN6346081926,2696.98
ORD101773,CUST01128,Credit Card,Success,2026-09-04 11:58:00,TXN9650040251,2575.35
ORD100483,CUST00458,Debit Card,Refunded,2026-09-02 18:21:00,TXN5611485488,39490.42
ORD101465,CUST00163,COD,Success,2026-07-07 10:06:00,TXN4003296894,70216.61
ORD100579,CUST04426,UPI,Success,2026-04-07 00:49:00,TXN8555740315,4341.06
ORD102440,CUST04244,COD,Success,2026-05-01 10:07:00,TXN8436764574,6090.83
ORD102236,CUST02960,Debit Card,Success,2026-01-30 03:11:00,TXN8900022460,10872.48
ORD104534,CUST03784,Credit Card,Success,2026-05-24 23:14:00,TXN3880570732,44132.82
ORD103392,CUST01452,Net Banking,Pending,2026-09-06 03:14:00,TXN2858363601,6218.12
ORD103133,CUST02823,Debit Card,Refunded,2026-04-03 22:24:00,TXN5375471195,72116.42
ORD103641,CUST04246,Wallet,Refunded,2026-03-29 16:41:00,TXN8981209835,8678.83
ORD103169,CUST03860,Net Banking,Success,2026-07-31 22:35:00,TXN7071307934,67074.0
ORD104082,CUST03659,UPI,Success,2026-06-21 15:55:00,TXN9014886195,21573.63
ORD104996,CUST00062,Debit Card,Pending,2026-03-30 14:30:00,TXN7921640741,71568.91
ORD103113,CUST01234,Wallet,Success,2026-03-02 14:22:00,TXN6501736379,6042.77
ORD102288,CUST03059,Credit Card,Pending,2026-02-11 23:54:00,TXN3573205567,8149.18
ORD102698,CUST00040,Wallet,Success,2026-03-29 23:43:00,TXN4973309038,6661.61
ORD101601,CUST04404,Debit Card,Success,2026-07-19 13:12:00,TXN7053751417,2303.24
ORD104407,CUST04462,Wallet,Refunded,2026-06-26 09:53:00,TXN8273716690,6178.48
ORD101806,CUST00048,Credit Card,Success,2026-05-25 01:19:00,TXN6584277981,6110.89
ORD101832,CUST04754,Credit Card,Success,2026-07-07 04:57:00,TXN2418990956,15964.59
ORD102550,CUST01325,Net Banking,Success,2026-02-06 19:44:00,TXN4048413643,1082.57
ORD102655,CUST03076,UPI,Refunded,2026-05-14 18:18:00,TXN9930514458,2922.89
ORD100547,CUST02778,Wallet,Success,2026-02-19 11:22:00,TXN7005887674,2938.56
ORD101301,CUST02815,Credit Card,Success,2026-02-23 21:32:00,TXN3812701533,29072.79
ORD102144,CUST04643,Wallet,Success,2026-06-09 23:10:00,TXN4647704015,69379.82
ORD103619,CUST04799,Wallet,Success,2026-04-11 03:57:00,TXN5665113626,51346.46
ORD102751,CUST00048,COD,Success,2026-07-30 01:21:00,TXN7017313494,19693.16
ORD101359,CUST01510,COD,Success,2026-09-22 14:53:00,TXN9167492949,8477.3
ORD102120,CUST03328,Debit Card,Pending,2026-09-04 00:07:00,TXN6131861111,11428.73
ORD102286,CUST01690,Credit Card,Success,2026-03-29 11:46:00,TXN7336180013,8985.85
ORD103731,CUST02236,Credit Card,Success,2026-06-11 14:28:00,TXN1947190733,25252.54
ORD102143,CUST00527,COD,Refunded,2026-02-22 14:26:00,TXN7412253500,13567.29
ORD102828,CUST04179,Debit Card,Refunded,2026-06-10 00:47:00,TXN7306195523,12616.14
ORD102378,CUST00029,Net Banking,Success,2026-04-26 22:33:00,TXN6071650973,4093.77
ORD103842,CUST01648,Credit Card,Success,2026-08-08 08:23:00,TXN8214178830,37235.83
ORD101214,CUST03901,Net Banking,Failed,2026-05-17 22:49:00,TXN2447152204,3653.61
ORD101667,CUST00949,Debit Card,Refunded,2026-06-09 18:08:00,TXN1560614584,2377.09
ORD100761,CUST04097,UPI,Refunded,2026-02-22 12:35:00,TXN4779961513,67494.78
ORD100606,CUST00869,COD,Success,2026-07-04 22:35:00,TXN8501890100,36867.44
ORD101546,CUST03454,Debit Card,Failed,2026-02-06 13:17:00,TXN7806851194,27826.05
ORD104485,CUST02184,Debit Card,Refunded,2026-05-28 17:44:00,TXN4986543706,1342.96
ORD101449,CUST03431,Wallet,Success,2026-02-23 13:37:00,TXN9017438865,23170.94
ORD102177,CUST04676,Wallet,Failed,2026-02-06 07:56:00,TXN3611168396,7921.31
ORD104915,CUST04418,COD,Failed,2026-03-06 06:32:00,TXN9873730018,8523.24
ORD104874,CUST00512,UPI,Success,2026-07-08 09:10:00,TXN1337644897,2630.27
ORD103926,CUST04055,COD,Failed,2026-05-11 12:19:00,TXN3767548002,14038.64
ORD102285,CUST02961,COD,Failed,2026-03-12 16:00:00,TXN5369383155,47123.05
ORD104629,CUST02301,Debit Card,Success,2026-08-06 07:26:00,TXN1417221082,10720.59
ORD104813,CUST00729,Credit Card,Pending,2026-09-21 10:16:00,TXN8266984091,7032.35
ORD100897,CUST03616,COD,Success,2026-08-11 14:25:00,TXN3186365036,13644.25
ORD100794,CUST04705,COD,Refunded,2026-04-24 14:30:00,TXN1018346290,3830.95
ORD102342,CUST02067,Debit Card,Success,2026-07-25 11:18:00,TXN4171044757,13015.13
ORD102709,CUST02846,Credit Card,Refunded,2026-08-24 00:16:00,TXN7983038274,17878.4
ORD100947,CUST03920,COD,Success,2026-07-29 21:15:00,TXN5491201252,29776.66
ORD104527,CUST02843,UPI,Refunded,2026-04-27 04:10:00,TXN7418389073,3518.58
ORD101327,CUST04685,Debit Card,Success,2026-03-14 11:05:00,TXN7036410329,56240.48
ORD101450,CUST02656,Wallet,Refunded,2026-06-14 06:00:00,TXN5704897032,18348.66
ORD103497,CUST01326,Net Banking,Success,2026-04-10 22:36:00,TXN4268141390,9124.77
ORD104920,CUST02174,COD,Success,2026-03-05 19:45:00,TXN9281655147,5706.97
ORD100267,CUST02318,COD,Success,2026-03-30 08:30:00,TXN8948311852,12141.48
ORD104855,CUST04163,Net Banking,Failed,2026-06-25 22:33:00,TXN2806452726,71581.63
ORD100681,CUST03643,COD,Failed,2026-09-17 08:09:00,TXN5016249187,8944.15
ORD101251,CUST03561,UPI,Refunded,2026-04-04 01:44:00,TXN3235126395,11538.23
ORD102701,CUST04549,Wallet,Success,2026-02-24 20:22:00,TXN4241702280,21343.62
ORD103363,CUST01936,Wallet,Refunded,2026-08-16 10:42:00,TXN5132468724,21371.66
ORD103751,CUST00695,Debit Card,Success,2026-06-26 14:40:00,TXN9788828395,16241.49
ORD103626,CUST01399,Net Banking,Refunded,2026-07-15 09:12:00,TXN5439608459,2603.15
ORD103533,CUST01861,COD,Refunded,2026-07-20 06:46:00,TXN9940668613,42558.1
ORD102146,CUST03386,Wallet,Success,2026-05-10 04:22:00,TXN5941446250,20562.68
ORD104306,CUST00769,Wallet,Pending,2026-02-07 17:08:00,TXN5253940027,58274.36
ORD103745,CUST02195,Debit Card,Refunded,2026-04-13 14:13:00,TXN1199373030,11867.26
ORD102941,CUST02438,COD,Refunded,2026-06-25 10:35:00,TXN8153105002,19480.61
ORD100747,CUST01332,Credit Card,Success,2026-05-19 20:38:00,TXN9096674104,10580.55
ORD101410,CUST02941,Debit Card,Refunded,2026-02-06 15:25:00,TXN8633063739,34735.3
ORD102197,CUST03734,Wallet,Refunded,2026-01-30 05:14:00,TXN3932009493,30989.92
ORD102656,CUST00901,Credit Card,Success,2026-09-22 05:58:00,TXN8988827054,75768.81
ORD100122,CUST03833,Net Banking,Refunded,2026-05-11 06:17:00,TXN2075607775,10219.73
ORD102854,CUST01054,Net Banking,Success,2026-07-15 15:34:00,TXN1939574446,47905.97
ORD101425,CUST00249,Debit Card,Refunded,2026-06-20 01:50:00,TXN9029663672,63136.29
ORD104299,CUST01903,Wallet,Refunded,2026-06-24 16:49:00,TXN3194253841,35805.14
ORD100062,CUST04483,Debit Card,Pending,2026-04-03 11:54:00,TXN4474507662,17093.41
ORD100604,CUST04647,COD,Success,2026-03-04 20:36:00,TXN9951710042,18738.57
ORD102866,CUST03796,Debit Card,Success,2026-05-27 17:43:00,TXN3077691922,23512.85
ORD103457,CUST04851,Net Banking,Success,2026-02-20 14:48:00,TXN1919349477,49014.46
ORD102205,CUST03517,Debit Card,Success,2026-01-28 00:32:00,TXN8424770796,30107.38
ORD100861,CUST01514,COD,Failed,2026-08-22 02:42:00,TXN2181967270,13552.79
ORD103566,CUST03329,COD,Pending,2026-06-10 04:05:00,TXN9292212704,14948.71
ORD102725,CUST04900,Wallet,Refunded,2026-07-08 14:05:00,TXN8508225732,6619.04
ORD100017,CUST00771,Net Banking,Refunded,2026-04-27 06:38:00,TXN8343890249,59766.38
ORD101476,CUST03794,Wallet,Success,2026-06-13 20:19:00,TXN6724062185,62333.98
ORD102020,CUST02402,Net Banking,Success,2026-07-17 13:57:00,TXN2714322177,2499.42
ORD104937,CUST04904,Wallet,Refunded,2026-02-27 12:52:00,TXN5493703777,23882.96
ORD103161,CUST01094,Debit Card,Success,2026-03-08 10:09:00,TXN3977894693,89853.25
ORD103559,CUST04737,UPI,Success,2026-06-20 22:12:00,TXN9671342496,1734.52
ORD102340,CUST01140,UPI,Success,2026-09-22 00:07:00,TXN7478760430,1023.01
ORD103576,CUST01475,Debit Card,Success,2026-02-09 10:41:00,TXN6441299415,57963.32
ORD102534,CUST00867,Net Banking,Pending,2026-08-25 19:11:00,TXN2449730847,5525.16
ORD100711,CUST04727,Wallet,Success,2026-05-28 03:59:00,TXN3139633276,12847.92
ORD102713,CUST00658,UPI,Refunded,2026-06-11 22:37:00,TXN4720030238,9029.93
ORD100508,CUST03413,COD,Success,2026-04-19 03:10:00,TXN1614123358,16466.27
ORD100228,CUST01906,UPI,Refunded,2026-05-22 23:05:00,TXN2906040646,8244.78
ORD100357,CUST00014,Net Banking,Failed,2026-06-21 19:11:00,TXN1301797551,11331.55
ORD104593,CUST01483,Wallet,Refunded,2026-06-03 11:48:00,TXN4575213844,10970.15
ORD103434,CUST00647,UPI,Refunded,2026-04-18 16:08:00,TXN9608212784,31528.71
ORD100153,CUST04325,Wallet,Refunded,2026-02-16 07:34:00,TXN9417110181,1932.78
ORD102010,CUST00026,COD,Success,2026-04-14 14:41:00,TXN1131247410,8161.73
ORD103727,CUST01343,Debit Card,Success,2026-07-06 15:32:00,TXN2906226505,3977.23
ORD102635,CUST03852,Net Banking,Success,2026-02-20 19:45:00,TXN6160541181,23577.45
ORD104073,CUST01310,Debit Card,Success,2026-02-23 15:10:00,TXN9441891037,7592.15
ORD104704,CUST03873,Credit Card,Refunded,2026-01-30 02:25:00,TXN6081869495,3739.87
ORD102949,CUST04864,Debit Card,Success,2026-03-22 07:34:00,TXN9610515771,21826.65
ORD104046,CUST04376,COD,Refunded,2026-05-12 21:36:00,TXN8047183271,3791.77
ORD103647,CUST02649,Wallet,Pending,2026-02-14 06:56:00,TXN1241053537,91132.19
ORD102506,CUST03798,COD,Success,2026-05-10 16:04:00,TXN4432436638,18579.77
ORD101793,CUST03578,COD,Pending,2026-02-02 19:43:00,TXN8576428342,7989.3
ORD102622,CUST00724,Net Banking,Success,2026-03-12 03:33:00,TXN4682055394,22925.11
ORD102951,CUST00075,UPI,Pending,2026-02-18 22:43:00,TXN9890825215,27891.56
ORD103935,CUST00475,UPI,Refunded,2026-02-09 04:48:00,TXN8314111077,51314.66
ORD102449,CUST01948,Wallet,Refunded,2026-02-18 06:04:00,TXN2034614382,5045.02
ORD104881,CUST01650,Wallet,Success,2026-04-15 18:06:00,TXN5372286134,4889.56
ORD103272,CUST04694,Wallet,Refunded,2026-05-26 04:55:00,TXN3312799995,7045.49
ORD103945,CUST02221,Credit Card,Refunded,2026-02-22 03:22:00,TXN1304334002,29722.04
ORD101686,CUST04118,Wallet,Refunded,2026-07-13 07:19:00,TXN5890716166,3451.18
ORD102878,CUST02157,Net Banking,Refunded,2026-08-04 13:24:00,TXN4649702189,10457.79
ORD102623,CUST04917,UPI,Refunded,2026-03-05 12:52:00,TXN6477805489,577.87
ORD103158,CUST00542,Wallet,Success,2026-09-08 14:40:00,TXN8582008576,48951.08
ORD104851,CUST00738,UPI,Refunded,2026-07-29 16:39:00,TXN6624524045,38811.34
ORD100882,CUST01676,Net Banking,Refunded,2026-05-02 12:50:00,TXN5321256398,30625.66
ORD102168,CUST04486,UPI,Success,2026-05-19 23:35:00,TXN5814092421,42480.7
ORD103183,CUST00253,COD,Success,2026-07-17 10:12:00,TXN2347210646,13036.79
ORD101208,CUST04003,Credit Card,Refunded,2026-07-30 14:50:00,TXN9958632620,41684.95
ORD102629,CUST01794,Wallet,Success,2026-02-08 16:40:00,TXN3917289570,16357.72
ORD103377,CUST00710,Net Banking,Success,2026-06-15 11:04:00,TXN3386607475,10650.2
ORD101566,CUST02469,COD,Refunded,2026-09-09 22:37:00,TXN5509633051,43607.17
ORD102922,CUST03065,Net Banking,Success,2026-09-22 05:24:00,TXN2008356291,27396.62
ORD103394,CUST01885,COD,Success,2026-06-15 07:34:00,TXN3657201989,19862.64
ORD102570,CUST00898,Credit Card,Pending,2026-02-14 02:08:00,TXN1624772809,15083.87
ORD102392,CUST01051,UPI,Success,2026-06-05 00:36:00,TXN9541664282,5062.14
ORD103468,CUST03349,Credit Card,Success,2026-06-25 08:54:00,TXN7554249412,8148.08
ORD103792,CUST03676,Net Banking,Failed,2026-07-25 06:13:00,TXN2013506767,6140.14
ORD100431,CUST04910,Debit Card,Success,2026-04-27 16:30:00,TXN5280643335,885.54
ORD104739,CUST03786,Net Banking,Pending,2026-03-30 18:01:00,TXN9988594944,24564.64
ORD100746,CUST03364,UPI,Success,2026-09-05 20:51:00,TXN2315243046,53580.24
ORD102110,CUST01692,Net Banking,Failed,2026-08-07 00:38:00,TXN3137127960,12174.7
ORD102856,CUST01416,UPI,Success,2026-06-18 09:13:00,TXN2697057998,247.36
ORD102048,CUST00683,UPI,Refunded,2026-09-06 17:37:00,TXN7540648414,33114.81
ORD101173,CUST04745,Credit Card,Success,2026-02-15 01:10:00,TXN8381613301,22063.77
ORD103027,CUST03050,Debit Card,Success,2026-05-18 03:05:00,TXN9139356266,26540.74
ORD104172,CUST01132,Net Banking,Success,2026-02-10 03:12:00,TXN3908194981,74112.61
ORD100902,CUST02823,Wallet,Refunded,2026-04-05 22:01:00,TXN2212974166,9425.89
ORD104832,CUST02120,Wallet,Success,2026-04-11 05:16:00,TXN5048212457,68644.44
ORD104080,CUST03686,COD,Refunded,2026-07-02 11:23:00,TXN4389171498,87895.94
ORD104596,CUST02449,Credit Card,Failed,2026-05-15 21:29:00,TXN4385253967,30516.36
ORD101298,CUST01528,Debit Card,Success,2026-07-26 23:23:00,TXN7132837599,7422.84
ORD102173,CUST02592,Debit Card,Refunded,2026-08-29 18:17:00,TXN2737236094,27339.16
ORD104535,CUST02979,COD,Failed,2026-07-31 07:21:00,TXN6697185033,9582.89
ORD103002,CUST02749,COD,Failed,2026-07-13 21:58:00,TXN1271208490,25565.8
ORD104097,CUST02411,Wallet,Refunded,2026-08-28 13:30:00,TXN6176336413,6117.33
ORD104481,CUST00799,Wallet,Refunded,2026-04-14 10:15:00,TXN6485240478,1700.94
ORD100912,CUST04766,Debit Card,Success,2026-08-16 07:25:00,TXN1906341796,26114.03
ORD104035,CUST01854,Wallet,Success,2026-08-10 04:14:00,TXN1852550489,15484.82
ORD103001,CUST01556,Net Banking,Success,2026-05-20 00:52:00,TXN8236613619,23858.89
ORD103919,CUST02624,Net Banking,Success,2026-04-29 20:43:00,TXN5005540500,48799.86
ORD103598,CUST01142,UPI,Pending,2026-08-15 16:06:00,TXN4344969039,64624.95
ORD102774,CUST03662,Debit Card,Success,2026-04-16 15:28:00,TXN1907261011,24671.55
ORD102669,CUST01212,Net Banking,Success,2026-06-17 05:41:00,TXN9760981233,5314.82
ORD100321,CUST03270,Credit Card,Refunded,2026-03-02 23:01:00,TXN1876893959,36432.47
ORD100844,CUST04430,Net Banking,Refunded,2026-06-18 13:29:00,TXN7256838129,20241.78
ORD103068,CUST00387,Debit Card,Success,2026-09-21 10:39:00,TXN3945223088,11544.87
ORD104067,CUST02293,Credit Card,Refunded,2026-03-29 05:05:00,TXN8851215253,25954.45
ORD100393,CUST00750,Debit Card,Refunded,2026-07-07 11:46:00,TXN4949186345,804.84
ORD100859,CUST00237,Wallet,Refunded,2026-07-07 15:41:00,TXN6698984913,52913.04
ORD101578,CUST02622,COD,Refunded,2026-03-06 00:02:00,TXN7674473029,13680.17
ORD104229,CUST01364,COD,Success,2026-06-03 03:01:00,TXN3047065690,920.15
ORD104226,CUST00867,UPI,Refunded,2026-02-14 06:38:00,TXN9714973291,67678.8
ORD103977,CUST02130,Net Banking,Refunded,2026-05-23 04:44:00,TXN7173640731,15899.87
ORD101229,CUST02351,Net Banking,Success,2026-02-26 13:17:00,TXN7719333478,5399.86
ORD102707,CUST01302,Debit Card,Success,2026-04-17 17:58:00,TXN8948382643,26083.12
ORD103896,CUST03451,Credit Card,Success,2026-02-02 07:35:00,TXN2487336194,21943.22
ORD103162,CUST01325,COD,Failed,2026-02-13 07:01:00,TXN2570230551,60928.06
ORD103730,CUST02032,Debit Card,Refunded,2026-08-15 01:17:00,TXN1534092658,23830.29
ORD104639,CUST02688,UPI,Failed,2026-04-02 04:39:00,TXN6877792714,17553.11
ORD104641,CUST00279,Wallet,Success,2026-07-11 22:29:00,TXN2207833367,48932.91
ORD100663,CUST04674,Wallet,Refunded,2026-04-23 15:33:00,TXN2185158787,10585.87
ORD104995,CUST01939,Credit Card,Refunded,2026-04-21 15:36:00,TXN2314657166,46092.48
ORD102921,CUST01393,Wallet,Success,2026-06-11 17:11:00,TXN6207036344,10351.56
ORD103700,CUST03434,UPI,Pending,2026-09-07 05:11:00,TXN6794797753,77256.63
ORD103391,CUST03786,Wallet,Success,2026-04-25 06:19:00,TXN8538357862,36643.79
ORD100419,CUST00035,Credit Card,Success,2026-05-30 23:38:00,TXN7029904643,11964.15
ORD102219,CUST00399,COD,Success,2026-06-02 09:04:00,TXN9426168761,6460.86
ORD101997,CUST01044,Net Banking,Refunded,2026-07-09 21:17:00,TXN8524180726,1000.04
ORD101955,CUST00025,Wallet,Failed,2026-05-28 08:32:00,TXN8149239656,15848.77
ORD102505,CUST02959,UPI,Success,2026-06-09 05:18:00,TXN1413840608,15446.27
ORD104613,CUST03277,UPI,Success,2026-03-03 23:37:00,TXN5853011509,22371.36
ORD104402,CUST01073,Wallet,Success,2026-06-28 16:06:00,TXN2616329276,33740.72
ORD101717,CUST03539,UPI,Success,2026-07-22 19:26:00,TXN5635983260,35926.33
ORD104376,CUST03733,Wallet,Pending,2026-08-19 21:42:00,TXN3046634193,10281.53
ORD104369,CUST04913,UPI,Refunded,2026-07-02 00:03:00,TXN7165226720,9920.69
ORD104042,CUST04832,UPI,Success,2026-06-27 01:42:00,TXN1584728752,33575.8
ORD100244,CUST01301,Net Banking,Pending,2026-02-27 18:59:00,TXN3107776697,32038.04
ORD101835,CUST04031,UPI,Refunded,2026-04-12 00:18:00,TXN9483169143,12674.76
ORD100724,CUST02265,Wallet,Success,2026-08-20 09:40:00,TXN1379142545,46113.74
ORD102582,CUST02033,Credit Card,Success,2026-07-29 20:14:00,TXN3516033523,46458.26
ORD101268,CUST01136,COD,Refunded,2026-07-25 18:55:00,TXN3695135294,42453.97
ORD100287,CUST00807,Credit Card,Success,2026-03-14 15:03:00,TXN6062703017,22194.23
ORD103255,CUST04768,Credit Card,Success,2026-07-30 21:08:00,TXN2717848931,40565.72
ORD103898,CUST04525,Credit Card,Success,2026-08-03 22:52:00,TXN3675959950,51249.36
ORD100032,CUST02673,Wallet,Refunded,2026-06-07 10:40:00,TXN5235223789,5566.62
ORD103984,CUST01265,Wallet,Success,2026-03-27 04:49:00,TXN9547025881,45833.73
ORD102862,CUST00696,Net Banking,Pending,2026-07-05 22:18:00,TXN9332475955,20424.44
ORD100918,CUST01984,COD,Success,2026-01-30 03:37:00,TXN3577859971,23057.38
ORD103164,CUST00072,Credit Card,Failed,2026-08-09 11:06:00,TXN5645409727,39794.48
ORD103901,CUST03457,Debit Card,Refunded,2026-03-21 11:13:00,TXN7462669554,38016.67
ORD100067,CUST04657,UPI,Refunded,2026-03-01 03:38:00,TXN2609807338,10939.02
ORD100439,CUST04194,Credit Card,Success,2026-03-31 00:30:00,TXN9535550804,2063.98
ORD102502,CUST04897,Debit Card,Success,2026-07-18 12:03:00,TXN3245512086,53902.49
ORD100704,CUST04848,UPI,Success,2026-06-13 14:04:00,TXN6602255148,60665.45
ORD103979,CUST02927,COD,Success,2026-08-25 02:07:00,TXN8459290231,51724.58
ORD100657,CUST03731,COD,Refunded,2026-04-08 06:02:00,TXN6517488752,13076.26
ORD102743,CUST02324,COD,Refunded,2026-07-31 21:38:00,TXN6517205371,3354.67
ORD101183,CUST00755,COD,Pending,2026-02-13 00:35:00,TXN6812035437,8217.73
ORD100847,CUST04599,Net Banking,Success,2026-08-28 19:52:00,TXN6817992353,24473.84
ORD104152,CUST02043,Wallet,Refunded,2026-09-08 13:03:00,TXN7117377384,23436.39
ORD101613,CUST02004,Wallet,Refunded,2026-03-22 04:20:00,TXN8236410006,2810.04
ORD100308,CUST04852,Net Banking,Success,2026-05-05 13:45:00,TXN8942058472,51358.71
ORD102773,CUST00395,Credit Card,Refunded,2026-09-21 21:23:00,TXN1813863989,7123.33
ORD104337,CUST01666,COD,Failed,2026-08-02 13:16:00,TXN5888635716,34284.86
ORD104276,CUST02994,Net Banking,Refunded,2026-07-06 12:37:00,TXN3510008908,22276.76
ORD100881,CUST02664,Wallet,Failed,2026-04-03 02:12:00,TXN5402029993,26001.78
ORD100673,CUST04459,Credit Card,Success,2026-02-13 14:55:00,TXN3715130711,55615.29
ORD103593,CUST00147,Credit Card,Pending,2026-09-01 23:26:00,TXN2471160018,14172.21
ORD101699,CUST03092,Debit Card,Refunded,2026-01-30 00:52:00,TXN1368126213,27456.08
ORD100973,CUST03130,COD,Success,2026-04-10 02:37:00,TXN6974466383,31812.39
ORD100685,CUST00313,Debit Card,Refunded,2026-07-31 08:34:00,TXN5670133315,12534.57
ORD102406,CUST04507,Debit Card,Refunded,2026-02-01 11:04:00,TXN2651798309,32133.18
ORD100955,CUST03652,Net Banking,Refunded,2026-03-20 12:23:00,TXN5039995214,39964.83
ORD104364,CUST03951,COD,Success,2026-02-07 23:46:00,TXN3177715278,19491.42
ORD104734,CUST02404,Wallet,Refunded,2026-06-20 04:25:00,TXN1341062191,36284.47
ORD101491,CUST03104,UPI,Refunded,2026-03-12 03:07:00,TXN3979686820,19151.74
ORD104609,CUST02247,Net Banking,Pending,2026-06-13 08:49:00,TXN2305175308,27746.08
ORD100770,CUST04926,Wallet,Refunded,2026-08-27 20:18:00,TXN5895931974,25077.56
ORD100367,CUST02442,Debit Card,Refunded,2026-07-31 05:04:00,TXN8563505857,7886.95
ORD100437,CUST04287,COD,Pending,2026-04-25 20:03:00,TXN6946200306,35381.08
ORD102363,CUST03907,COD,Pending,2026-06-10 22:00:00,TXN4802592974,15268.95
ORD102101,CUST02285,UPI,Pending,2026-05-31 19:05:00,TXN4410047501,16666.75
ORD100374,CUST00172,Debit Card,Refunded,2026-04-19 16:15:00,TXN4400256371,1406.03
ORD100892,CUST04951,Wallet,Success,2026-05-05 08:39:00,TXN5485333635,29401.03
ORD101916,CUST04018,Credit Card,Refunded,2026-08-30 08:36:00,TXN7612820043,964.24
ORD101021,CUST00840,Wallet,Refunded,2026-06-11 18:18:00,TXN2486444303,22294.36
ORD101560,CUST02197,Wallet,Failed,2026-05-09 02:46:00,TXN9468726129,45125.98
ORD101101,CUST02040,Net Banking,Success,2026-05-18 18:44:00,TXN9856061839,8861.77
ORD101057,CUST01474,Credit Card,Success,2026-08-23 10:38:00,TXN8126421967,11658.44
ORD103261,CUST02174,Wallet,Success,2026-07-27 02:21:00,TXN6782999823,15510.01
ORD104397,CUST01566,Credit Card,Pending,2026-09-21 09:00:00,TXN4180593376,20809.24
ORD102997,CUST01672,Net Banking,Success,2026-06-03 21:25:00,TXN6488443158,4204.68
ORD104462,CUST01526,Credit Card,Failed,2026-08-09 20:52:00,TXN1742151566,7466.39
ORD101322,CUST02423,Credit Card,Success,2026-08-24 22:51:00,TXN9731488292,1454.57
ORD102031,CUST00386,Debit Card,Success,2026-08-15 19:09:00,TXN4830304609,22180.54
ORD103193,CUST02789,COD,Refunded,2026-05-13 17:18:00,TXN3596970046,5574.08
ORD101859,CUST02536,Wallet,Refunded,2026-07-01 10:39:00,TXN5463272034,20544.13
ORD101507,CUST03634,COD,Pending,2026-06-17 15:11:00,TXN5521578153,54269.4
ORD100269,CUST03554,Debit Card,Success,2026-03-09 01:21:00,TXN5454168770,75287.47
ORD101068,CUST00674,Net Banking,Refunded,2026-08-07 14:15:00,TXN1594064664,4422.46
ORD101487,CUST02456,Credit Card,Success,2026-07-24 10:57:00,TXN3415215003,4883.7
ORD102744,CUST02235,Debit Card,Refunded,2026-01-29 02:55:00,TXN7823857292,13697.15
ORD102788,CUST03077,COD,Success,2026-08-05 01:41:00,TXN2894383278,46683.27
ORD100650,CUST00652,COD,Pending,2026-01-31 10:30:00,TXN5632601071,3968.11
ORD101964,CUST01785,Debit Card,Failed,2026-08-24 11:58:00,TXN1385303298,4993.16
ORD103953,CUST04114,UPI,Pending,2026-08-26 00:36:00,TXN5759719846,43219.55
ORD101429,CUST00581,UPI,Success,2026-02-02 22:45:00,TXN3785549418,8093.91
ORD104562,CUST00098,UPI,Success,2026-04-29 22:26:00,TXN8485411398,34068.29
ORD101129,CUST02449,Wallet,Pending,2026-06-03 19:09:00,TXN4179824208,6224.26
ORD102086,CUST00266,Debit Card,Refunded,2026-03-18 21:42:00,TXN6241185134,46565.65
ORD100112,CUST04773,Wallet,Success,2026-07-11 20:14:00,TXN8142873026,4206.42
ORD100219,CUST03347,Debit Card,Refunded,2026-03-31 19:12:00,TXN8458536647,58042.53
ORD101178,CUST02013,Credit Card,Success,2026-05-12 04:29:00,TXN8999525343,46953.86
ORD101203,CUST00887,Net Banking,Success,2026-02-25 12:50:00,TXN3416187128,32073.48
ORD102592,CUST03491,Credit Card,Refunded,2026-07-18 00:52:00,TXN7479654622,44832.1
ORD102598,CUST01879,Net Banking,Success,2026-06-08 07:11:00,TXN8199747416,9381.3
ORD100898,CUST02941,COD,Success,2026-07-15 18:21:00,TXN4607656506,10590.42
ORD100081,CUST00201,COD,Refunded,2026-09-12 16:13:00,TXN3477572812,47883.1
ORD103484,CUST04897,Wallet,Success,2026-07-04 03:50:00,TXN1308342644,59305.16
ORD100194,CUST02291,Credit Card,Refunded,2026-03-03 22:34:00,TXN8906843221,13634.37
ORD102535,CUST02844,UPI,Success,2026-07-26 07:41:00,TXN2965065478,6271.29
ORD104742,CUST00325,COD,Success,2026-06-19 06:44:00,TXN7203829531,6109.45
ORD102029,CUST03462,Debit Card,Pending,2026-07-08 15:48:00,TXN8304223164,7340.39
ORD102336,CUST01890,Credit Card,Success,2026-04-05 10:22:00,TXN6827783529,16928.88
ORD101237,CUST03459,Net Banking,Failed,2026-07-27 00:38:00,TXN1844156947,12788.58
ORD103390,CUST01328,Wallet,Failed,2026-06-27 11:06:00,TXN8490371491,14529.95
ORD103504,CUST03186,Credit Card,Success,2026-02-24 21:45:00,TXN8328389526,15446.89
ORD102357,CUST02805,Net Banking,Refunded,2026-03-25 20:41:00,TXN3261355467,16383.55
ORD104732,CUST04169,Credit Card,Refunded,2026-04-12 05:31:00,TXN1233791231,52561.87
ORD104284,CUST04685,Debit Card,Success,2026-05-06 11:53:00,TXN8746859490,36990.83
ORD102553,CUST02676,Debit Card,Refunded,2026-02-06 11:07:00,TXN5569954057,7526.94
ORD101031,CUST02743,Net Banking,Failed,2026-01-29 06:03:00,TXN4098907112,53694.16
ORD103753,CUST01059,Credit Card,Success,2026-06-18 23:10:00,TXN9199494107,1000.44
ORD102877,CUST01039,Credit Card,Success,2026-06-13 03:27:00,TXN2315218980,8309.79
ORD103613,CUST04200,Net Banking,Success,2026-04-17 10:06:00,TXN9965775928,27565.63
ORD104930,CUST01082,COD,Pending,2026-05-10 06:34:00,TXN1558864793,48988.31
ORD102517,CUST00279,Credit Card,Success,2026-04-22 08:10:00,TXN2099664597,62985.85
ORD100725,CUST04407,Credit Card,Success,2026-02-17 01:40:00,TXN9552886350,19759.87
ORD103855,CUST03693,Wallet,Refunded,2026-08-06 03:39:00,TXN3924081390,15126.49
ORD104213,CUST03112,UPI,Refunded,2026-02-15 04:43:00,TXN4136415654,15486.15
ORD103087,CUST00718,Credit Card,Refunded,2026-03-27 18:22:00,TXN2452965170,52686.65
ORD102871,CUST04469,UPI,Success,2026-05-06 10:16:00,TXN1654517091,2780.36
ORD101915,CUST03801,Debit Card,Refunded,2026-08-04 10:06:00,TXN9562976330,75719.34
ORD100895,CUST00289,Debit Card,Success,2026-03-17 02:07:00,TXN2456854294,53705.48
ORD104796,CUST03275,Wallet,Refunded,2026-09-08 08:56:00,TXN2924140211,36756.74
ORD100260,CUST01920,Debit Card,Success,2026-07-07 11:55:00,TXN3270225864,32668.03
ORD102915,CUST02743,Debit Card,Success,2026-03-10 20:25:00,TXN4184843672,22726.68
ORD101094,CUST04504,Credit Card,Refunded,2026-05-27 07:39:00,TXN6384890545,15396.29
ORD101749,CUST00794,Credit Card,Refunded,2026-07-23 09:51:00,TXN4018214765,21754.74
ORD102192,CUST03310,Credit Card,Refunded,2026-05-22 13:26:00,TXN4136484048,13339.75
ORD103782,CUST00072,Debit Card,Refunded,2026-09-01 19:40:00,TXN3859693892,41989.98
ORD101404,CUST00329,Credit Card,Refunded,2026-09-03 18:47:00,TXN4365821944,61328.9
ORD104761,CUST02636,Credit Card,Refunded,2026-05-12 16:57:00,TXN1209235373,6760.37
ORD101862,CUST04838,Net Banking,Failed,2026-05-05 08:30:00,TXN8775217845,13423.76
ORD101906,CUST02429,Net Banking,Failed,2026-09-13 10:09:00,TXN6526039325,40938.05
ORD102283,CUST02040,UPI,Pending,2026-06-11 18:46:00,TXN3209721948,26067.22
ORD103364,CUST04099,COD,Success,2026-02-21 15:21:00,TXN1274624567,64592.14
ORD104326,CUST00106,COD,Success,2026-03-14 08:16:00,TXN4609801593,9423.92
ORD102944,CUST01972,UPI,Refunded,2026-04-02 06:05:00,TXN4430750078,17302.07
ORD104825,CUST01425,Debit Card,Refunded,2026-05-31 03:18:00,TXN1845827901,15556.95
ORD103130,CUST03641,UPI,Refunded,2026-08-10 00:53:00,TXN3853696958,32920.03
ORD102081,CUST01985,Wallet,Success,2026-05-27 06:13:00,TXN9092494386,3759.76
ORD104599,CUST04738,Net Banking,Failed,2026-07-18 09:22:00,TXN1968601979,32646.85
ORD103015,CUST01361,Wallet,Refunded,2026-08-22 18:25:00,TXN8667409115,36496.67
ORD101174,CUST01416,Credit Card,Success,2026-02-07 09:06:00,TXN5072863763,7575.49
ORD101874,CUST01826,COD,Refunded,2026-05-05 06:13:00,TXN6750273228,539.7
ORD104030,CUST03986,Credit Card,Failed,2026-07-24 10:30:00,TXN9472090422,22599.86
ORD101494,CUST02084,Credit Card,Success,2026-08-04 13:03:00,TXN4349309508,30049.45
ORD102653,CUST03820,Credit Card,Success,2026-01-29 08:10:00,TXN3599224568,50682.17
ORD100811,CUST01168,Net Banking,Failed,2026-02-12 10:09:00,TXN4690708579,37393.35
ORD104667,CUST02764,Credit Card,Refunded,2026-08-05 09:56:00,TXN4218451551,31269.01
ORD102737,CUST04936,Debit Card,Success,2026-08-17 18:17:00,TXN1425117333,45958.92
ORD103245,CUST03471,Credit Card,Success,2026-06-18 17:39:00,TXN5740056414,1553.84
ORD100360,CUST01514,Credit Card,Pending,2026-03-14 12:13:00,TXN7047021967,13291.5
ORD101085,CUST01227,Credit Card,Success,2026-08-25 03:07:00,TXN4406944576,6928.47
ORD101217,CUST00442,COD,Failed,2026-02-02 18:56:00,TXN7090251013,25798.68
ORD100241,CUST01990,Net Banking,Refunded,2026-03-07 00:02:00,TXN1359054978,6068.25
ORD100530,CUST00148,Debit Card,Refunded,2026-08-11 06:09:00,TXN9954253138,15774.83
ORD100150,CUST01272,Credit Card,Pending,2026-02-12 22:09:00,TXN2625148981,9813.75
ORD101703,CUST04738,Credit Card,Success,2026-05-29 00:07:00,TXN3229749643,22108.12
ORD101026,CUST01941,Debit Card,Pending,2026-02-24 06:11:00,TXN6926213236,20998.34
ORD101157,CUST04639,Net Banking,Success,2026-09-17 00:14:00,TXN1319622663,20687.72
ORD103548,CUST02889,UPI,Failed,2026-02-17 17:43:00,TXN3514927006,28645.12
ORD100884,CUST02272,Wallet,Failed,2026-06-21 21:41:00,TXN4248194726,21677.76
ORD104933,CUST00945,Net Banking,Failed,2026-02-12 08:14:00,TXN6069548959,11413.18
ORD102416,CUST02640,Credit Card,Success,2026-02-18 11:09:00,TXN6887226344,42153.8
ORD104443,CUST04158,COD,Success,2026-09-01 13:22:00,TXN3987507279,12219.64
ORD104418,CUST01444,COD,Success,2026-06-04 12:06:00,TXN3812572461,320.44
ORD102678,CUST03227,COD,Success,2026-02-14 19:51:00,TXN1048075356,48159.48
ORD100658,CUST03750,Net Banking,Success,2026-07-03 06:23:00,TXN8708133535,26231.22
ORD104773,CUST03285,UPI,Failed,2026-09-24 05:31:00,TXN3329139472,16386.76
ORD103053,CUST01235,Credit Card,Refunded,2026-04-18 07:20:00,TXN6238904392,5954.42
ORD101064,CUST04100,COD,Pending,2026-06-09 12:52:00,TXN4194750455,43030.05
ORD100110,CUST00983,Wallet,Refunded,2026-04-30 01:40:00,TXN6110660213,26156.1
ORD104378,CUST00195,Net Banking,Refunded,2026-06-19 05:03:00,TXN7515713187,9406.8
ORD100551,CUST03450,Net Banking,Pending,2026-03-06 06:47:00,TXN9098060974,6053.81
ORD100744,CUST01516,Wallet,Success,2026-03-12 04:24:00,TXN6864104158,48218.41
ORD103302,CUST04746,Debit Card,Success,2026-04-26 09:47:00,TXN8733214570,65507.56
ORD103865,CUST02403,Credit Card,Refunded,2026-05-23 09:12:00,TXN2088082021,16856.39
ORD102913,CUST04813,Credit Card,Pending,2026-07-01 14:11:00,TXN1467966610,13366.44
ORD101568,CUST04735,Wallet,Refunded,2026-02-25 06:10:00,TXN8364712875,9154.42
ORD100875,CUST04027,UPI,Success,2026-09-05 06:42:00,TXN6318056566,234.3
ORD100913,CUST01471,COD,Success,2026-06-04 04:35:00,TXN7612890280,11890.08
ORD101336,CUST00103,UPI,Success,2026-04-12 01:03:00,TXN9067094482,25049.26
ORD101570,CUST02337,Credit Card,Success,2026-06-19 18:09:00,TXN7708110377,17294.62
ORD102831,CUST03362,COD,Refunded,2026-04-16 22:50:00,TXN9938756676,23122.4
ORD100072,CUST02340,Net Banking,Failed,2026-08-19 18:27:00,TXN5086555494,51741.65
ORD104810,CUST01652,UPI,Failed,2026-03-23 05:10:00,TXN4798251600,23405.45
ORD101577,CUST00707,UPI,Refunded,2026-04-06 21:23:00,TXN1429765352,7987.39
ORD101893,CUST00969,COD,Success,2026-02-06 21:28:00,TXN9143173496,22525.14
ORD100085,CUST02971,Debit Card,Success,2026-02-06 06:32:00,TXN4214812768,15702.21
ORD102103,CUST02830,UPI,Success,2026-09-12 02:46:00,TXN7752045648,2723.54
ORD100100,CUST03045,COD,Refunded,2026-04-08 16:46:00,TXN4016055737,13876.46
ORD104201,CUST04447,Wallet,Success,2026-08-02 05:50:00,TXN1863411246,8378.04
ORD104309,CUST03282,Credit Card,Refunded,2026-04-08 23:47:00,TXN1310397764,19593.56
ORD101406,CUST01147,COD,Success,2026-02-24 20:20:00,TXN4289493979,5023.61
ORD100963,CUST01467,Wallet,Failed,2026-04-29 06:15:00,TXN7578374457,29593.6
ORD100855,CUST00963,UPI,Refunded,2026-03-18 08:56:00,TXN8516267854,46957.69
ORD103722,CUST04278,Debit Card,Success,2026-06-23 02:02:00,TXN6237241692,88131.23
ORD103726,CUST04487,Credit Card,Success,2026-09-15 23:06:00,TXN7885004596,7495.4
ORD101659,CUST02569,Credit Card,Failed,2026-07-09 16:24:00,TXN9773072984,29567.54
ORD103409,CUST00287,Credit Card,Refunded,2026-02-18 22:42:00,TXN4304639255,26876.45
ORD100489,CUST03588,UPI,Success,2026-07-09 09:44:00,TXN2330851168,51496.26
ORD104655,CUST01988,COD,Refunded,2026-07-11 00:12:00,TXN5078143251,32485.26
ORD100821,CUST00449,Wallet,Failed,2026-08-23 01:02:00,TXN2243696941,7705.31
ORD103194,CUST03171,Debit Card,Refunded,2026-03-02 00:15:00,TXN9437286246,32749.75
ORD100964,CUST04074,UPI,Refunded,2026-02-11 17:10:00,TXN7653670466,61847.38
ORD100253,CUST02951,Wallet,Failed,2026-09-02 19:42:00,TXN6840643345,12062.76
ORD104860,CUST04755,COD,Pending,2026-07-31 04:04:00,TXN4065915927,62639.75
ORD104246,CUST01438,Credit Card,Success,2026-06-11 16:50:00,TXN8951119339,35397.15
ORD101460,CUST01498,Debit Card,Refunded,2026-03-30 20:37:00,TXN2052842845,37963.64
ORD100166,CUST04835,Debit Card,Success,2026-08-14 14:42:00,TXN2318531111,23333.49
ORD101282,CUST01688,Net Banking,Refunded,2026-02-27 06:00:00,TXN7835583196,9780.04
ORD103102,CUST00593,Net Banking,Success,2026-05-02 19:22:00,TXN3730876571,1878.78
ORD103428,CUST04270,Net Banking,Success,2026-02-23 20:51:00,TXN1847077924,9448.54
ORD103750,CUST00437,COD,Pending,2026-06-29 21:21:00,TXN9416858598,9746.9
ORD100347,CUST02517,Debit Card,Refunded,2026-05-30 17:00:00,TXN4685728842,4177.36
ORD103841,CUST00167,UPI,Failed,2026-02-05 23:30:00,TXN2819282871,14057.81
ORD102132,CUST02727,Credit Card,Refunded,2026-08-15 18:20:00,TXN8654734292,15729.86
ORD103562,CUST04752,Debit Card,Refunded,2026-05-22 15:22:00,TXN6210712890,25286.94
ORD103827,CUST03361,Net Banking,Refunded,2026-09-14 09:15:00,TXN8570903019,5060.26
ORD102741,CUST01679,COD,Success,2026-02-05 14:11:00,TXN1859777856,14947.37
ORD101408,CUST01048,Credit Card,Success,2026-02-19 14:32:00,TXN5286632060,11832.51
ORD104480,CUST01579,Net Banking,Success,2026-05-22 09:00:00,TXN3525781640,78358.61
ORD101193,CUST04160,Net Banking,Pending,2026-02-11 17:55:00,TXN5993632447,24041.86
ORD104607,CUST04093,COD,Pending,2026-07-21 12:49:00,TXN5176211663,36366.54
ORD102898,CUST04466,Net Banking,Success,2026-07-19 12:03:00,TXN1622886632,5614.92
ORD100641,CUST02185,Wallet,Failed,2026-05-04 19:48:00,TXN8767050327,39578.57
ORD103101,CUST04711,Credit Card,Success,2026-09-02 23:24:00,TXN9902162079,60401.38
ORD102070,CUST01301,Net Banking,Success,2026-09-23 12:27:00,TXN5233816069,16721.15
ORD104882,CUST03019,UPI,Refunded,2026-06-11 11:50:00,TXN9779731134,21528.26
ORD102541,CUST02406,UPI,Success,2026-07-30 20:13:00,TXN2910099076,89321.28
ORD101259,CUST01426,COD,Refunded,2026-09-25 11:49:00,TXN7343542669,6642.46
ORD101003,CUST02401,Net Banking,Refunded,2026-09-16 22:25:00,TXN9499236311,375.77
ORD102373,CUST02558,Credit Card,Success,2026-07-18 03:06:00,TXN2644469866,4937.02
ORD102838,CUST04571,Net Banking,Pending,2026-08-07 23:27:00,TXN3063371486,12822.17
ORD103149,CUST01868,Wallet,Success,2026-08-27 05:03:00,TXN8404821793,26120.01
ORD102680,CUST03466,UPI,Refunded,2026-06-22 04:54:00,TXN2227161259,20005.94
ORD102687,CUST01786,Credit Card,Pending,2026-09-22 07:45:00,TXN3661717469,13508.6
ORD103634,CUST00859,Credit Card,Success,2026-02-03 17:13:00,TXN7244004576,39156.73
ORD101878,CUST02848,Net Banking,Success,2026-06-26 04:40:00,TXN8737006752,28233.97
ORD104558,CUST02339,Wallet,Success,2026-04-30 15:54:00,TXN6611982196,89103.98
ORD101524,CUST04442,Wallet,Refunded,2026-08-15 02:56:00,TXN6869058838,62478.46
ORD102426,CUST01420,Debit Card,Refunded,2026-08-15 14:41:00,TXN8446483635,43079.87
ORD104625,CUST02727,Debit Card,Refunded,2026-05-08 23:34:00,TXN7794682045,92831.93
ORD100814,CUST02839,Credit Card,Pending,2026-09-15 10:43:00,TXN3265870821,33373.76
ORD101177,CUST04800,Debit Card,Success,2026-03-21 02:08:00,TXN9658394325,16413.71
ORD102443,CUST01060,Wallet,Refunded,2026-03-02 21:36:00,TXN7103615364,29828.48
ORD104044,CUST01511,Credit Card,Failed,2026-08-25 17:35:00,TXN7900233053,50007.09
ORD104518,CUST02753,Net Banking,Success,2026-07-28 02:41:00,TXN9604524209,26194.35
ORD102870,CUST00782,Debit Card,Success,2026-06-24 20:07:00,TXN2265283951,5872.28
ORD101037,CUST00638,Debit Card,Refunded,2026-02-16 00:17:00,TXN9439926748,18640.75
ORD100254,CUST04376,Credit Card,Success,2026-02-02 23:15:00,TXN8990079278,35460.07
ORD103437,CUST02932,UPI,Failed,2026-03-05 21:03:00,TXN9124630327,24903.09
ORD102465,CUST04109,COD,Pending,2026-05-26 09:22:00,TXN4351439288,9863.72
ORD100250,CUST01001,Wallet,Failed,2026-06-16 17:56:00,TXN9571655871,2916.69
ORD102448,CUST04251,UPI,Success,2026-06-12 07:51:00,TXN7789918172,51332.02
ORD104748,CUST01564,Wallet,Success,2026-06-20 17:25:00,TXN8941234643,41326.22
ORD102270,CUST03578,COD,Pending,2026-05-22 07:43:00,TXN5421480351,16102.03
ORD100852,CUST01589,Wallet,Success,2026-05-28 22:35:00,TXN3947653635,2087.53
ORD104391,CUST01792,Net Banking,Refunded,2026-09-22 07:48:00,TXN6406140271,42345.54
ORD103643,CUST03998,COD,Pending,2026-09-10 01:08:00,TXN9818333459,10779.36
ORD104188,CUST00772,Wallet,Refunded,2026-06-27 04:34:00,TXN9011541760,32218.84
ORD100408,CUST00732,Net Banking,Refunded,2026-05-03 16:21:00,TXN2795059695,46496.38
ORD104656,CUST04427,Net Banking,Success,2026-05-16 21:27:00,TXN9850802192,48012.62
ORD102065,CUST02194,UPI,Refunded,2026-04-29 16:04:00,TXN1714843896,5677.3
ORD101775,CUST00648,COD,Success,2026-07-21 20:27:00,TXN3594833024,7468.2
ORD100126,CUST01282,UPI,Success,2026-03-13 06:16:00,TXN5085551169,8856.15
ORD100943,CUST00557,Debit Card,Refunded,2026-08-02 01:07:00,TXN1134555538,12942.81
ORD102054,CUST03473,Credit Card,Refunded,2026-04-23 20:13:00,TXN9338464600,64307.58
ORD104767,CUST00420,UPI,Pending,2026-06-03 16:04:00,TXN1136241513,41126.13
ORD102441,CUST02051,Credit Card,Success,2026-05-24 01:20:00,TXN6597386916,29636.49
ORD102765,CUST03856,Debit Card,Success,2026-04-06 17:13:00,TXN8789575773,51658.71
ORD101536,CUST00948,UPI,Success,2026-02-03 05:31:00,TXN7814231587,801.61
ORD101949,CUST03660,Wallet,Refunded,2026-06-11 21:46:00,TXN5379669170,18527.18
ORD103238,CUST02888,COD,Success,2026-09-18 01:52:00,TXN3411553305,41816.49
ORD103105,CUST02181,UPI,Success,2026-03-31 10:49:00,TXN7006360704,68017.2
ORD104141,CUST01606,COD,Success,2026-04-26 23:03:00,TXN6519971131,8549.62
ORD103008,CUST04513,COD,Success,2026-07-10 05:58:00,TXN9285262993,20788.22
ORD104522,CUST00322,Net Banking,Success,2026-04-30 23:32:00,TXN4546072106,30339.29
ORD103026,CUST04461,Net Banking,Success,2026-03-13 06:29:00,TXN9048161614,10446.99
ORD101521,CUST01479,COD,Success,2026-02-22 22:26:00,TXN4018460804,31168.89
ORD103086,CUST02154,Wallet,Refunded,2026-08-28 15:20:00,TXN3458445754,10018.92
ORD103231,CUST03791,UPI,Refunded,2026-09-25 01:37:00,TXN9198429369,83769.75
ORD104581,CUST01567,COD,Failed,2026-07-08 13:47:00,TXN9188562864,11618.55
ORD101920,CUST04154,Wallet,Success,2026-01-30 01:58:00,TXN2524705484,6946.17
ORD103686,CUST04017,COD,Success,2026-03-11 13:21:00,TXN4014243269,65350.05
ORD102182,CUST00622,Wallet,Refunded,2026-05-24 16:38:00,TXN3810478957,3103.29
ORD104167,CUST02990,Credit Card,Refunded,2026-08-17 13:23:00,TXN4889380467,4426.63
ORD102756,CUST04432,UPI,Success,2026-07-21 08:28:00,TXN5750231064,30790.97
ORD104490,CUST02870,COD,Success,2026-08-15 19:02:00,TXN9576497734,3614.9
ORD101043,CUST01264,Net Banking,Refunded,2026-02-19 13:13:00,TXN5231713136,69290.66
ORD104644,CUST04861,Credit Card,Success,2026-06-19 08:37:00,TXN7605044990,16016.4
ORD101366,CUST01331,Debit Card,Refunded,2026-07-10 04:18:00,TXN2609746042,11840.9
ORD103917,CUST00172,Net Banking,Refunded,2026-04-14 02:16:00,TXN6975660230,7551.83
ORD100395,CUST03700,Net Banking,Success,2026-06-14 10:20:00,TXN4742620099,3780.19
ORD102880,CUST03837,Credit Card,Success,2026-04-07 17:41:00,TXN8323617436,2320.73
ORD103417,CUST02144,Credit Card,Pending,2026-09-21 08:57:00,TXN9855977906,2880.9
ORD102734,CUST01750,Net Banking,Success,2026-04-01 18:57:00,TXN7797497700,18226.11
ORD102394,CUST02449,Credit Card,Success,2026-03-02 04:56:00,TXN5011818064,1463.74
ORD103854,CUST01259,UPI,Failed,2026-05-14 20:28:00,TXN7418031559,12988.1
ORD102025,CUST03090,Wallet,Success,2026-08-03 18:27:00,TXN7610805417,5187.59
ORD102442,CUST04788,COD,Success,2026-08-11 23:45:00,TXN7431345275,49799.03
ORD103351,CUST04770,COD,Refunded,2026-09-05 01:19:00,TXN7710597972,1500.56
ORD103246,CUST01934,UPI,Success,2026-06-24 07:20:00,TXN6006454742,4441.33
ORD101696,CUST02636,UPI,Refunded,2026-08-07 00:59:00,TXN9615035224,5511.8
ORD103952,CUST01446,Credit Card,Refunded,2026-04-29 03:02:00,TXN7008407530,8010.76
ORD104103,CUST03430,COD,Pending,2026-04-01 04:24:00,TXN6687144928,15991.8
ORD102989,CUST03778,Debit Card,Refunded,2026-04-14 15:46:00,TXN1500399557,2952.13
ORD104392,CUST03870,Debit Card,Success,2026-04-26 19:06:00,TXN6696994684,37583.85
ORD100338,CUST03839,Credit Card,Success,2026-06-13 06:47:00,TXN8881126614,73918.52
ORD102581,CUST04001,Credit Card,Refunded,2026-05-17 01:46:00,TXN8872585358,566.38
ORD103049,CUST01948,Debit Card,Refunded,2026-03-17 20:43:00,TXN4211485678,38229.58
ORD101726,CUST01414,Wallet,Failed,2026-08-26 07:14:00,TXN7214062316,5960.61
ORD102225,CUST04642,COD,Pending,2026-02-20 02:21:00,TXN2694052127,317.82
ORD103772,CUST00463,COD,Refunded,2026-02-24 11:24:00,TXN9286751889,58672.69
ORD101834,CUST03819,COD,Refunded,2026-03-06 12:08:00,TXN1365933270,50983.04
ORD100390,CUST04749,UPI,Success,2026-09-10 08:25:00,TXN8356755404,25324.69
ORD100937,CUST03826,Credit Card,Refunded,2026-02-01 22:18:00,TXN2434874787,7151.5
ORD100312,CUST00395,UPI,Success,2026-09-01 13:06:00,TXN4034132220,41605.07
ORD102547,CUST04797,Wallet,Success,2026-02-20 18:23:00,TXN9316296010,2642.05
ORD104228,CUST02153,COD,Failed,2026-07-25 17:54:00,TXN6800483670,4197.77
ORD104466,CUST04431,UPI,Success,2026-07-29 19:36:00,TXN7951661150,58945.72
ORD101838,CUST02365,Net Banking,Refunded,2026-05-16 00:44:00,TXN9552230119,31118.4
ORD101846,CUST04242,Debit Card,Refunded,2026-05-17 16:49:00,TXN3234670143,24274.04
ORD102482,CUST04024,COD,Refunded,2026-03-07 07:10:00,TXN3819678457,11739.27
ORD101808,CUST00510,Debit Card,Success,2026-04-17 22:35:00,TXN7015890586,5050.11
ORD101189,CUST00607,Credit Card,Success,2026-03-26 01:58:00,TXN6702739729,486.63
ORD103270,CUST02184,Credit Card,Refunded,2026-02-16 22:51:00,TXN9352335611,37939.64
ORD104997,CUST00688,UPI,Success,2026-04-16 21:39:00,TXN8262616322,1587.94
ORD101350,CUST02867,COD,Success,2026-09-02 10:45:00,TXN8727260028,14622.48
ORD100960,CUST04292,COD,Success,2026-09-18 05:53:00,TXN4372148261,12657.92
ORD101625,CUST02648,Wallet,Failed,2026-06-17 05:46:00,TXN3854232953,12211.11
ORD102294,CUST03772,COD,Success,2026-03-17 04:42:00,TXN7360045861,35622.77
ORD100191,CUST02766,Credit Card,Success,2026-03-23 00:32:00,TXN6257553432,23378.88
ORD104311,CUST01031,Wallet,Pending,2026-06-18 09:19:00,TXN6004809017,39564.21
ORD102616,CUST02475,COD,Refunded,2026-02-15 09:35:00,TXN2412958908,15691.43
ORD102899,CUST02469,Debit Card,Failed,2026-06-08 00:06:00,TXN5432437670,22756.14
ORD102311,CUST04357,Wallet,Refunded,2026-07-15 10:34:00,TXN4555731999,24609.14
ORD102200,CUST00283,Wallet,Success,2026-03-19 18:43:00,TXN6971855902,10531.66
ORD102939,CUST01244,Debit Card,Success,2026-06-13 07:33:00,TXN4567048009,7308.1
ORD103274,CUST02281,COD,Success,2026-03-09 08:39:00,TXN1647768164,18692.58
ORD102437,CUST03899,UPI,Success,2026-07-26 05:49:00,TXN4240460731,43369.79
ORD104343,CUST03971,Wallet,Failed,2026-07-08 16:11:00,TXN4775060236,39098.03
ORD103248,CUST01362,Credit Card,Refunded,2026-09-01 22:30:00,TXN9791455246,24478.77
ORD102490,CUST01071,Debit Card,Failed,2026-05-01 20:49:00,TXN6975306634,7737.47
ORD104218,CUST02246,COD,Failed,2026-08-07 14:03:00,TXN9612091833,7031.53
ORD101400,CUST03864,COD,Failed,2026-03-06 19:28:00,TXN2956353012,39400.88
ORD104314,CUST04076,Net Banking,Refunded,2026-07-30 05:17:00,TXN1606500573,20536.3
ORD100143,CUST03087,UPI,Refunded,2026-08-01 20:24:00,TXN6706612196,2329.85
ORD101970,CUST04783,Wallet,Success,2026-05-18 08:39:00,TXN6008592160,22963.49
ORD100923,CUST04584,Net Banking,Refunded,2026-08-24 13:40:00,TXN3884049458,13914.39
ORD104234,CUST03764,COD,Refunded,2026-04-22 03:37:00,TXN3322203132,19785.02
ORD101028,CUST03794,COD,Pending,2026-07-13 14:43:00,TXN6539042252,18642.12
ORD100676,CUST00789,Credit Card,Failed,2026-04-06 19:56:00,TXN2599953231,26203.01
ORD104415,CUST01449,Wallet,Success,2026-01-28 20:26:00,TXN4682907207,46584.84
ORD101489,CUST04398,COD,Success,2026-09-12 08:29:00,TXN9067171056,48497.82
ORD101750,CUST00322,COD,Pending,2026-02-03 03:57:00,TXN5353934605,44267.53
ORD100130,CUST04517,UPI,Refunded,2026-03-19 14:21:00,TXN7942910092,33075.65
ORD103361,CUST00108,UPI,Success,2026-03-26 03:35:00,TXN7625503428,60857.13
ORD102705,CUST02224,UPI,Success,2026-04-19 09:21:00,TXN6486631241,27895.24
ORD103885,CUST02041,Debit Card,Success,2026-02-07 23:21:00,TXN4628375162,16475.66
ORD103134,CUST01415,UPI,Refunded,2026-09-25 17:30:00,TXN9583189839,17241.56
ORD104439,CUST01573,Credit Card,Refunded,2026-02-12 01:33:00,TXN5132511171,36994.4
ORD101744,CUST03017,Credit Card,Success,2026-01-31 14:29:00,TXN3264040467,4043.83
ORD101297,CUST04082,UPI,Refunded,2026-09-03 09:05:00,TXN5735646888,11219.0
ORD100387,CUST03381,UPI,Refunded,2026-09-25 14:29:00,TXN8855597057,46911.61
ORD100053,CUST03020,Credit Card,Failed,2026-03-31 15:23:00,TXN2730007662,6074.03
ORD100279,CUST00483,Net Banking,Pending,2026-06-15 21:22:00,TXN6901593535,24642.88
ORD101514,CUST00800,COD,Pending,2026-08-31 04:32:00,TXN1405252800,17296.0
ORD100322,CUST04057,Net Banking,Success,2026-05-09 21:59:00,TXN5288099215,13520.58
ORD103089,CUST03013,COD,Success,2026-06-23 06:18:00,TXN9769211778,14293.54
ORD103030,CUST00928,Credit Card,Success,2026-04-09 22:54:00,TXN7626878076,3775.17
ORD103609,CUST04933,Credit Card,Refunded,2026-06-06 09:27:00,TXN2520787245,43540.37
ORD100434,CUST01037,Credit Card,Failed,2026-08-19 11:25:00,TXN2271733423,29664.2
ORD102930,CUST01779,UPI,Refunded,2026-09-18 15:23:00,TXN3014169990,12942.45
ORD104516,CUST02046,Net Banking,Success,2026-05-28 04:18:00,TXN2232448173,2414.44
ORD104323,CUST04455,Credit Card,Refunded,2026-02-18 01:52:00,TXN5693632363,13620.46
ORD104453,CUST00230,Net Banking,Success,2026-01-30 16:01:00,TXN1826402229,92765.25
ORD100187,CUST03361,UPI,Refunded,2026-04-12 01:18:00,TXN6099203848,67462.4
ORD100850,CUST00180,Credit Card,Success,2026-06-14 21:48:00,TXN9351181211,7749.64
ORD101712,CUST00984,COD,Success,2026-07-19 00:33:00,TXN7742220044,3431.13
ORD101022,CUST04049,Credit Card,Success,2026-07-21 12:51:00,TXN4700587615,14660.14
ORD100401,CUST02268,Net Banking,Success,2026-05-31 13:59:00,TXN2904498454,2105.07
ORD103450,CUST00325,Net Banking,Success,2026-02-13 04:41:00,TXN9510861810,20557.09
ORD101623,CUST03301,COD,Refunded,2026-05-05 13:16:00,TXN7796354935,10906.1
ORD103881,CUST03534,COD,Pending,2026-07-02 02:25:00,TXN8675970017,64307.58
ORD101610,CUST01623,UPI,Success,2026-06-27 02:42:00,TXN2434906821,73118.19
ORD100736,CUST01450,Net Banking,Success,2026-07-07 20:42:00,TXN3191785369,10367.52
ORD102571,CUST00843,Net Banking,Success,2026-03-22 07:28:00,TXN3244301537,25416.41
ORD101756,CUST04568,Credit Card,Refunded,2026-03-04 02:04:00,TXN9941643497,35126.61
ORD100540,CUST03464,COD,Success,2026-09-13 00:00:00,TXN1132253344,25609.13
ORD101108,CUST03196,Net Banking,Success,2026-05-08 21:45:00,TXN4041684774,10263.05
ORD104252,CUST01473,UPI,Refunded,2026-01-31 02:43:00,TXN1820018864,8550.64
ORD102329,CUST04000,COD,Success,2026-03-26 20:47:00,TXN4408604736,23200.8
ORD101909,CUST03041,Credit Card,Success,2026-02-12 12:40:00,TXN1826503417,229.82
ORD101562,CUST04984,UPI,Success,2026-06-14 02:13:00,TXN7140857912,55572.64
ORD101444,CUST03991,Wallet,Pending,2026-08-07 17:48:00,TXN6518871653,60879.86
ORD103066,CUST01591,Debit Card,Refunded,2026-08-18 21:36:00,TXN2598707452,38744.16
ORD100411,CUST00359,Net Banking,Success,2026-08-18 06:48:00,TXN3102545536,7841.89
ORD100225,CUST02708,UPI,Refunded,2026-04-09 11:27:00,TXN2357166448,34217.34
ORD101656,CUST01352,Debit Card,Success,2026-09-22 03:02:00,TXN2933893091,2601.19
ORD100772,CUST04605,Credit Card,Refunded,2026-02-07 11:31:00,TXN1270451647,41045.92
ORD100164,CUST00413,Wallet,Refunded,2026-08-08 18:26:00,TXN6160995486,49189.29
ORD100539,CUST04667,Debit Card,Success,2026-08-01 19:55:00,TXN6659216463,7267.94
ORD101594,CUST04170,COD,Failed,2026-05-20 10:17:00,TXN9188680910,12194.51
ORD104055,CUST03112,UPI,Failed,2026-09-19 14:44:00,TXN5119808395,5002.28
ORD100858,CUST03215,Credit Card,Pending,2026-05-10 03:27:00,TXN1877525539,43431.08
ORD101195,CUST00642,UPI,Refunded,2026-01-29 03:20:00,TXN2635557454,51917.83
ORD104059,CUST04297,Net Banking,Success,2026-08-23 12:14:00,TXN3503894997,10472.85
ORD103908,CUST01223,Net Banking,Success,2026-04-12 20:43:00,TXN7889282485,10246.97
ORD100863,CUST01774,UPI,Refunded,2026-04-29 01:38:00,TXN2193472131,5710.15
ORD102555,CUST02934,Debit Card,Success,2026-05-20 16:51:00,TXN6025723797,31105.36
ORD102973,CUST04660,Debit Card,Refunded,2026-06-06 11:09:00,TXN2120688186,35066.84
ORD102468,CUST01402,Net Banking,Refunded,2026-02-24 15:06:00,TXN1124251134,75043.6
ORD100783,CUST00623,Net Banking,Success,2026-09-25 03:36:00,TXN6712518265,9336.12
ORD104039,CUST04109,Debit Card,Refunded,2026-09-19 04:32:00,TXN7798194615,16858.2
ORD101962,CUST00547,Wallet,Refunded,2026-06-13 01:44:00,TXN3358409240,21120.53
ORD104818,CUST02930,UPI,Success,2026-05-14 00:23:00,TXN2747013975,7511.44
ORD102115,CUST03400,UPI,Success,2026-06-10 04:00:00,TXN1330580191,76889.44
ORD101550,CUST00414,Net Banking,Refunded,2026-04-15 23:42:00,TXN3111320147,42301.09
ORD103804,CUST01411,COD,Success,2026-07-08 10:08:00,TXN2671722262,77473.14
ORD102496,CUST00712,Net Banking,Pending,2026-03-26 14:30:00,TXN5072572326,21491.61
ORD103615,CUST00387,Wallet,Refunded,2026-08-05 14:38:00,TXN1362402430,52768.22
ORD104063,CUST03780,Credit Card,Success,2026-09-13 01:18:00,TXN4451648775,3527.42
ORD102994,CUST02751,COD,Refunded,2026-04-12 19:40:00,TXN7518572117,48856.92
ORD101722,CUST04846,Net Banking,Failed,2026-03-04 05:37:00,TXN3226169058,14086.1
ORD103103,CUST04857,UPI,Failed,2026-01-30 09:08:00,TXN2631171678,51686.18
ORD104657,CUST00379,Wallet,Refunded,2026-02-25 22:48:00,TXN4645541418,62908.31
ORD100877,CUST02220,Net Banking,Failed,2026-02-02 15:20:00,TXN1497678433,46054.5
ORD102333,CUST03534,Credit Card,Success,2026-04-05 10:55:00,TXN1878360973,24700.17
ORD103241,CUST04540,Credit Card,Success,2026-02-20 12:22:00,TXN3496474799,50759.1
ORD102858,CUST02748,Wallet,Success,2026-03-29 11:21:00,TXN3777282989,82080.46
ORD100329,CUST03253,COD,Refunded,2026-02-13 14:54:00,TXN4387815080,41798.69
ORD103521,CUST01438,COD,Refunded,2026-03-28 02:46:00,TXN6452560770,34663.45
ORD101702,CUST02146,Debit Card,Pending,2026-03-20 09:03:00,TXN9940532778,37496.83
ORD100501,CUST02497,COD,Success,2026-08-28 01:20:00,TXN4744507276,5091.29
ORD102264,CUST00732,Wallet,Refunded,2026-04-20 04:37:00,TXN5641919558,67901.97
ORD100113,CUST04073,UPI,Failed,2026-03-25 04:50:00,TXN4320425494,7464.34
ORD102154,CUST03565,Credit Card,Refunded,2026-08-22 15:26:00,TXN1116606482,15833.83
ORD102176,CUST00201,UPI,Pending,2026-09-06 21:32:00,TXN4026657576,15390.46
ORD104758,CUST02525,Net Banking,Refunded,2026-07-10 20:58:00,TXN9462192963,50492.53
ORD103652,CUST01097,Wallet,Success,2026-04-16 19:17:00,TXN6747684708,7550.09
ORD100263,CUST04236,Wallet,Success,2026-05-22 12:07:00,TXN6939977940,2659.98
ORD101427,CUST03479,Credit Card,Refunded,2026-05-09 06:25:00,TXN9725475608,20829.55
ORD101725,CUST01390,COD,Refunded,2026-07-28 23:26:00,TXN1660112321,55739.05
ORD101611,CUST04438,Wallet,Success,2026-04-15 08:20:00,TXN8060807661,15287.09
ORD104091,CUST02632,Net Banking,Success,2026-04-13 04:10:00,TXN9118854957,20881.26
ORD101272,CUST01116,UPI,Refunded,2026-04-04 19:31:00,TXN8610268924,7137.55
ORD104756,CUST03821,Debit Card,Refunded,2026-03-05 19:54:00,TXN3865753497,3368.39
ORD104106,CUST02434,Debit Card,Pending,2026-06-30 06:32:00,TXN9340602782,89896.09
ORD101162,CUST02193,UPI,Success,2026-07-02 10:13:00,TXN2246228086,16356.08
ORD100834,CUST04071,COD,Refunded,2026-06-04 17:09:00,TXN9175769854,18149.12
ORD100732,CUST02545,Debit Card,Success,2026-03-02 17:13:00,TXN2894335068,22390.3
ORD102508,CUST04675,Wallet,Success,2026-09-18 02:18:00,TXN2452896350,12547.06
ORD100988,CUST03320,UPI,Refunded,2026-07-16 14:49:00,TXN3228578880,51269.48
ORD104526,CUST02376,COD,Refunded,2026-04-26 09:25:00,TXN5902137763,16718.94
ORD102391,CUST02022,Wallet,Pending,2026-07-03 15:05:00,TXN1253777066,21534.79
ORD103150,CUST01780,UPI,Success,2026-06-19 18:48:00,TXN2100099168,13932.9
ORD101641,CUST00363,UPI,Pending,2026-07-08 05:04:00,TXN8749296881,6470.67
ORD104181,CUST04276,Wallet,Refunded,2026-08-06 03:18:00,TXN4971018833,17493.69
ORD104049,CUST00459,Wallet,Success,2026-07-20 06:39:00,TXN7318788284,61322.59
ORD102514,CUST01735,Net Banking,Refunded,2026-09-09 12:19:00,TXN2509035648,17514.29
ORD104952,CUST03112,Wallet,Refunded,2026-04-05 02:46:00,TXN3736505287,9827.26
ORD101017,CUST02077,UPI,Refunded,2026-07-04 16:43:00,TXN9404195561,8151.72
ORD100722,CUST00830,Debit Card,Pending,2026-03-25 22:57:00,TXN1203406258,4869.62
ORD100659,CUST02608,Debit Card,Success,2026-08-10 04:28:00,TXN8128769606,18741.5
ORD101388,CUST02831,Net Banking,Failed,2026-03-03 13:12:00,TXN4475787726,17511.27
ORD100238,CUST02411,Net Banking,Refunded,2026-04-01 09:30:00,TXN7052552512,8507.87
ORD101525,CUST01827,Net Banking,Refunded,2026-06-12 12:35:00,TXN4896698887,10691.28
ORD101842,CUST02368,Debit Card,Success,2026-03-12 01:27:00,TXN6912151583,8875.36
ORD103016,CUST02657,COD,Pending,2026-04-21 18:32:00,TXN7370550396,28938.75
ORD100731,CUST00616,Net Banking,Failed,2026-08-13 13:29:00,TXN4981221294,2367.38
ORD103352,CUST01559,Wallet,Pending,2026-03-28 12:02:00,TXN7942578495,81169.59
ORD101868,CUST04942,Credit Card,Refunded,2026-02-10 17:41:00,TXN7018275482,52043.46
ORD103144,CUST03688,Debit Card,Success,2026-02-04 12:14:00,TXN5926796457,37027.07
ORD100083,CUST01920,COD,Success,2026-03-31 18:48:00,TXN5201190808,6978.37
ORD102907,CUST02083,Credit Card,Success,2026-09-04 12:25:00,TXN8956819810,5139.14
ORD100292,CUST00990,Credit Card,Success,2026-04-20 09:54:00,TXN4820241828,15331.27
ORD104193,CUST02265,UPI,Refunded,2026-04-02 20:10:00,TXN9813185613,19661.97
ORD102540,CUST01216,Credit Card,Success,2026-03-09 09:09:00,TXN8070590297,48739.98
ORD100655,CUST03892,Credit Card,Refunded,2026-08-01 21:53:00,TXN3140850030,11728.06
ORD102014,CUST03253,Credit Card,Success,2026-08-31 08:48:00,TXN8939518837,25614.49
ORD102945,CUST00851,UPI,Refunded,2026-05-02 20:58:00,TXN5085595415,14828.91
ORD101639,CUST01578,COD,Success,2026-03-06 19:33:00,TXN2166872863,1649.25
ORD104999,CUST03176,Credit Card,Success,2026-08-25 16:00:00,TXN6288172348,4133.27
ORD103429,CUST04119,Credit Card,Refunded,2026-03-16 03:10:00,TXN8957138328,17391.66
ORD100759,CUST02539,UPI,Failed,2026-03-26 11:10:00,TXN7433417164,11509.59
ORD101453,CUST04219,Net Banking,Pending,2026-02-05 10:09:00,TXN9529413122,26093.68
ORD101807,CUST00148,Debit Card,Pending,2026-08-20 06:37:00,TXN8948386023,14322.1
ORD104797,CUST03292,Net Banking,Refunded,2026-04-07 02:40:00,TXN2161277360,28854.79
ORD101490,CUST03406,Wallet,Refunded,2026-06-09 09:10:00,TXN6284299021,2838.7
ORD103925,CUST01364,Debit Card,Refunded,2026-06-18 01:19:00,TXN8586188705,20612.12
ORD103235,CUST02555,UPI,Success,2026-09-07 03:34:00,TXN9131175231,62045.86
ORD102238,CUST00981,Credit Card,Success,2026-08-27 10:45:00,TXN6267880672,35220.36
ORD103493,CUST02724,Wallet,Success,2026-08-02 04:32:00,TXN6684206948,22934.44
ORD102770,CUST02360,COD,Pending,2026-08-23 16:19:00,TXN3188445116,22337.99
ORD102940,CUST02104,UPI,Success,2026-07-04 04:59:00,TXN8334875619,24109.88
ORD104174,CUST04779,Net Banking,Refunded,2026-02-24 00:37:00,TXN4683565426,23477.52
ORD104433,CUST01404,Net Banking,Refunded,2026-03-02 06:51:00,TXN9669731147,9520.09
ORD102520,CUST01399,Wallet,Success,2026-08-13 15:27:00,TXN3462513750,52589.94
ORD101512,CUST02222,Net Banking,Pending,2026-05-11 10:58:00,TXN7265469947,17839.15
ORD101885,CUST03102,Net Banking,Success,2026-06-07 21:52:00,TXN4485827475,2128.59
ORD104368,CUST04050,Net Banking,Success,2026-05-25 19:54:00,TXN4786068663,83097.56
ORD102037,CUST03729,Net Banking,Success,2026-04-30 20:28:00,TXN8581685447,6219.53
ORD102504,CUST01116,UPI,Success,2026-06-09 20:35:00,TXN9456501113,35419.02
ORD100860,CUST03739,COD,Success,2026-09-05 17:08:00,TXN3484557963,3655.22
ORD101238,CUST02230,Credit Card,Refunded,2026-08-08 09:51:00,TXN6352836344,13698.25
ORD100595,CUST02299,UPI,Refunded,2026-08-09 23:35:00,TXN3965239689,69186.71
ORD101112,CUST01691,COD,Pending,2026-03-07 00:13:00,TXN5554968820,8735.7
ORD103994,CUST01435,Credit Card,Refunded,2026-06-12 21:51:00,TXN7181574930,26821.53
ORD101608,CUST00136,Debit Card,Refunded,2026-08-23 12:34:00,TXN9575090478,8058.17
ORD101418,CUST04718,COD,Success,2026-02-04 10:33:00,TXN4822811377,12109.15
ORD103303,CUST00699,UPI,Success,2026-09-08 12:13:00,TXN4260282321,34800.36
ORD103886,CUST04240,Credit Card,Refunded,2026-02-15 18:29:00,TXN4876536412,25747.55
ORD102895,CUST02103,COD,Refunded,2026-04-23 03:40:00,TXN4178320107,3222.68
ORD103477,CUST01814,Wallet,Refunded,2026-02-08 05:26:00,TXN2988481489,8307.09
ORD100371,CUST00757,COD,Refunded,2026-04-03 17:40:00,TXN6998119289,1899.86
ORD104862,CUST03208,Debit Card,Success,2026-02-15 23:23:00,TXN3584168578,97359.62
ORD100301,CUST02048,Wallet,Refunded,2026-02-06 13:30:00,TXN4178981896,48839.8
ORD103732,CUST01672,COD,Success,2026-08-09 17:01:00,TXN3531674308,19982.43
ORD102118,CUST02859,COD,Success,2026-03-10 21:54:00,TXN8355211819,25624.68
ORD100785,CUST04104,COD,Refunded,2026-06-14 08:02:00,TXN6048485625,452.66
ORD101523,CUST02664,Net Banking,Pending,2026-04-04 08:46:00,TXN9590792535,6336.8
ORD103234,CUST02577,UPI,Failed,2026-05-24 07:03:00,TXN5403186443,8835.05
ORD102993,CUST02813,UPI,Success,2026-09-15 00:44:00,TXN9225613982,61470.56
ORD102538,CUST04441,Wallet,Pending,2026-05-23 15:44:00,TXN9394529233,3754.69
ORD100185,CUST03589,Net Banking,Success,2026-03-20 21:06:00,TXN6353309535,43419.22
ORD100640,CUST03441,UPI,Pending,2026-06-11 00:29:00,TXN1522386724,15190.16
ORD100057,CUST02764,Wallet,Success,2026-03-31 11:27:00,TXN6804458843,39145.68
ORD104907,CUST00365,Net Banking,Refunded,2026-08-26 23:20:00,TXN7503250336,52831.21
ORD103179,CUST00329,Wallet,Success,2026-04-20 20:42:00,TXN5910632829,9531.21
ORD103787,CUST04790,UPI,Success,2026-05-08 02:25:00,TXN4019354629,10946.88
ORD100966,CUST04658,COD,Failed,2026-02-27 22:32:00,TXN3299857639,74290.39
ORD101840,CUST03673,COD,Failed,2026-05-06 16:38:00,TXN7627021916,64760.53
ORD101199,CUST02285,Net Banking,Pending,2026-05-15 07:52:00,TXN2166115416,9429.36
ORD101720,CUST02599,Net Banking,Success,2026-06-28 14:41:00,TXN7840852937,9666.76
ORD103927,CUST01177,Wallet,Failed,2026-06-18 22:42:00,TXN3223152638,36564.14
ORD101167,CUST00673,Net Banking,Refunded,2026-06-04 06:21:00,TXN7650455619,46251.08
ORD104529,CUST01754,Net Banking,Success,2026-09-06 22:33:00,TXN7760789728,13490.87
ORD102198,CUST00703,Credit Card,Refunded,2026-02-28 19:01:00,TXN4336895492,26501.3
ORD103764,CUST04659,Debit Card,Success,2026-03-08 06:53:00,TXN9902707261,25613.41
ORD103408,CUST01668,COD,Pending,2026-02-02 19:13:00,TXN7405314704,11400.73
ORD102591,CUST04718,UPI,Refunded,2026-01-28 12:46:00,TXN1674320189,8579.06
ORD101382,CUST00959,Net Banking,Refunded,2026-06-30 02:06:00,TXN7590095255,15960.09
ORD100266,CUST03370,UPI,Success,2026-09-02 16:59:00,TXN8235789763,44342.83
ORD104835,CUST00719,Debit Card,Success,2026-04-04 14:20:00,TXN5629711748,80164.56
ORD103779,CUST01263,COD,Success,2026-03-06 03:56:00,TXN7608075864,26351.84
ORD104211,CUST00321,COD,Success,2026-02-13 07:48:00,TXN6454553606,52570.38
ORD102304,CUST02183,COD,Success,2026-06-05 17:38:00,TXN9978392943,52407.06
ORD103884,CUST01059,COD,Success,2026-08-21 14:27:00,TXN8582564637,99331.65
ORD103790,CUST04239,Credit Card,Success,2026-07-22 07:48:00,TXN5997049482,21085.46
ORD103442,CUST04702,Wallet,Success,2026-06-24 14:55:00,TXN1916817333,17728.98
ORD100699,CUST04397,Credit Card,Refunded,2026-07-18 12:37:00,TXN3301421278,14483.13
ORD100271,CUST04100,COD,Success,2026-08-14 14:35:00,TXN9995571459,11267.46
ORD104544,CUST03872,COD,Refunded,2026-06-16 19:58:00,TXN5174687749,10963.41
ORD102789,CUST03666,Wallet,Success,2026-09-19 16:37:00,TXN8207488513,85403.21
ORD100708,CUST01850,COD,Failed,2026-09-25 23:41:00,TXN6526546952,31323.45
ORD104379,CUST03343,Wallet,Success,2026-07-17 02:43:00,TXN5281050400,12592.34
ORD101024,CUST02867,UPI,Pending,2026-04-07 22:10:00,TXN9945701987,72237.82
ORD104768,CUST00692,COD,Refunded,2026-04-08 07:22:00,TXN4450385718,7254.99
ORD100644,CUST01538,Wallet,Success,2026-07-04 03:58:00,TXN7488488993,23307.67
ORD104847,CUST01375,Debit Card,Pending,2026-06-17 14:53:00,TXN4184779984,9335.31
ORD102876,CUST02549,Credit Card,Refunded,2026-02-04 13:17:00,TXN7053466375,4160.12
ORD102092,CUST00893,UPI,Success,2026-09-15 05:51:00,TXN9316671084,28090.71
ORD103061,CUST04268,Credit Card,Success,2026-08-13 08:03:00,TXN7836563116,48430.2
ORD101412,CUST01076,Net Banking,Pending,2026-05-17 17:32:00,TXN7579051009,7918.73
ORD103263,CUST04458,COD,Pending,2026-09-17 02:16:00,TXN2178659503,1554.89
ORD104452,CUST02082,Credit Card,Success,2026-02-04 12:49:00,TXN4447949247,5124.16
ORD103682,CUST02474,Wallet,Success,2026-03-25 09:27:00,TXN9226296441,14769.51
ORD100172,CUST00039,Credit Card,Failed,2026-03-01 06:36:00,TXN8411963931,2737.57
ORD104119,CUST04221,Credit Card,Success,2026-09-04 06:27:00,TXN1431849759,31394.04
ORD104209,CUST03219,Wallet,Failed,2026-05-19 15:56:00,TXN2903330176,33445.57
ORD100497,CUST02833,Debit Card,Failed,2026-02-16 09:26:00,TXN9629134468,13464.23
ORD101399,CUST04168,Credit Card,Refunded,2026-05-04 00:27:00,TXN6546818494,10887.48
ORD102344,CUST03546,COD,Refunded,2026-03-04 01:25:00,TXN6277543957,7522.3
ORD102706,CUST01927,UPI,Failed,2026-03-18 06:36:00,TXN8593628493,26119.28
ORD100775,CUST03991,Credit Card,Refunded,2026-04-17 02:19:00,TXN4675966657,101104.9
ORD104048,CUST02385,Net Banking,Success,2026-06-22 13:26:00,TXN6137461136,3852.92
ORD100689,CUST02769,Wallet,Refunded,2026-04-14 16:05:00,TXN8665435248,60122.59
ORD102127,CUST04199,Debit Card,Refunded,2026-07-08 04:39:00,TXN3204929447,10644.76
ORD103547,CUST00113,COD,Refunded,2026-03-30 15:20:00,TXN7320163108,16413.82
ORD103236,CUST01748,Credit Card,Success,2026-03-30 03:01:00,TXN1999733703,47542.84
ORD104255,CUST01297,Credit Card,Failed,2026-07-13 03:53:00,TXN9207864654,38101.12
ORD101913,CUST02620,Wallet,Pending,2026-06-30 02:00:00,TXN7718097609,42534.02
ORD101416,CUST04805,Credit Card,Success,2026-07-12 20:06:00,TXN4349178437,14547.05
ORD102926,CUST02862,Credit Card,Refunded,2026-08-25 16:07:00,TXN1395794230,39051.24
ORD102369,CUST02319,COD,Success,2026-04-22 20:25:00,TXN1923904011,21658.38
ORD101768,CUST02364,UPI,Success,2026-05-25 11:18:00,TXN7901583209,42637.68
ORD103221,CUST02195,Debit Card,Refunded,2026-07-12 05:39:00,TXN6390274146,11328.63
ORD104036,CUST01906,Net Banking,Refunded,2026-08-13 00:20:00,TXN7886723756,3231.97
ORD104502,CUST03120,Wallet,Success,2026-02-12 07:20:00,TXN2304557343,123.41
ORD101805,CUST04330,Credit Card,Refunded,2026-08-04 02:24:00,TXN6163917925,41408.46
ORD103829,CUST01705,Net Banking,Refunded,2026-08-15 20:20:00,TXN6235412233,12726.48
ORD101338,CUST00120,COD,Refunded,2026-06-01 23:05:00,TXN4171401610,13788.7
ORD102334,CUST02334,Credit Card,Success,2026-05-28 05:44:00,TXN7136950784,39543.77
ORD104205,CUST00553,UPI,Success,2026-01-28 08:48:00,TXN3718739124,35479.26
ORD104790,CUST01952,COD,Success,2026-05-26 18:26:00,TXN1962725854,17876.19
ORD104776,CUST00666,Credit Card,Refunded,2026-08-14 12:31:00,TXN8376960013,15273.29
ORD104899,CUST04965,Wallet,Refunded,2026-02-04 12:27:00,TXN5944569650,44622.1
ORD101111,CUST04074,Wallet,Pending,2026-04-13 12:20:00,TXN6848102525,8840.28
ORD104349,CUST00464,Wallet,Failed,2026-08-15 08:52:00,TXN5719058955,37735.64
ORD101110,CUST04227,UPI,Success,2026-08-24 10:22:00,TXN9173983449,60907.11
ORD102757,CUST00766,UPI,Pending,2026-06-14 17:30:00,TXN4821048506,42026.19
ORD104886,CUST04797,Net Banking,Pending,2026-04-13 20:35:00,TXN5841769286,10212.35
ORD101072,CUST00422,Debit Card,Pending,2026-03-08 00:36:00,TXN9848591432,2158.78
ORD100997,CUST00929,Net Banking,Success,2026-02-12 19:43:00,TXN6772068402,2172.91
ORD103690,CUST03551,Credit Card,Refunded,2026-07-11 16:09:00,TXN2449737480,26085.19
ORD103847,CUST04110,COD,Refunded,2026-06-13 09:29:00,TXN2240049585,32210.78
ORD100413,CUST00216,Credit Card,Refunded,2026-06-28 10:48:00,TXN3152208575,5406.07
ORD103843,CUST04208,UPI,Refunded,2026-04-17 17:50:00,TXN9792507768,17985.43
ORD102156,CUST03932,Net Banking,Refunded,2026-03-16 02:46:00,TXN2008705424,30359.55
ORD104521,CUST02150,Credit Card,Success,2026-06-08 04:00:00,TXN9559434652,3350.98
ORD100320,CUST00669,Wallet,Refunded,2026-07-05 18:04:00,TXN3374333004,8741.17
ORD101156,CUST04358,Net Banking,Refunded,2026-03-25 08:21:00,TXN8668612808,14491.23
ORD102699,CUST03358,COD,Success,2026-02-14 01:17:00,TXN9177507009,2266.2
ORD100791,CUST03813,Wallet,Refunded,2026-08-08 01:23:00,TXN3019837431,26838.65
ORD103189,CUST01524,Wallet,Refunded,2026-05-01 18:39:00,TXN8140714543,2814.97
ORD102313,CUST04410,Net Banking,Pending,2026-03-20 14:10:00,TXN8864810691,10141.43
ORD104752,CUST03394,COD,Failed,2026-07-19 08:14:00,TXN8419741045,6180.48
ORD104537,CUST04496,Wallet,Refunded,2026-05-25 15:48:00,TXN8768623177,27684.39
ORD104733,CUST02646,Net Banking,Success,2026-08-11 09:42:00,TXN5813193987,5561.28
ORD104588,CUST01652,Credit Card,Refunded,2026-07-10 09:32:00,TXN7589561289,4359.68
ORD103081,CUST01278,Wallet,Refunded,2026-08-03 03:15:00,TXN1018895156,29748.13
ORD103507,CUST01824,UPI,Success,2026-09-17 19:47:00,TXN9938161828,57118.42
ORD103177,CUST02012,COD,Success,2026-04-26 22:01:00,TXN4781613458,14059.32
ORD101170,CUST02295,Wallet,Refunded,2026-02-01 06:30:00,TXN5146960272,42176.96
ORD104033,CUST03833,Net Banking,Pending,2026-05-28 04:12:00,TXN4928756490,7792.84
ORD102764,CUST03257,Net Banking,Refunded,2026-05-15 20:15:00,TXN3608830865,9682.7
ORD103426,CUST01146,UPI,Refunded,2026-09-20 03:36:00,TXN2437500650,25080.4
ORD101873,CUST01837,COD,Refunded,2026-07-11 14:44:00,TXN3711041070,38467.78
ORD104592,CUST03492,Wallet,Pending,2026-08-18 23:15:00,TXN4434065824,83534.53
ORD102280,CUST02673,Credit Card,Refunded,2026-07-11 22:16:00,TXN8326937722,2989.98
ORD104406,CUST00244,COD,Refunded,2026-04-01 08:03:00,TXN6789164611,25433.05
ORD102984,CUST02934,Wallet,Success,2026-04-28 08:40:00,TXN3147863779,61830.49
ORD100612,CUST00004,Debit Card,Refunded,2026-03-13 11:51:00,TXN5174347169,49954.53
ORD102345,CUST01639,Wallet,Success,2026-03-28 06:21:00,TXN3280475724,67092.3
ORD104811,CUST01843,Wallet,Success,2026-03-19 10:39:00,TXN9537639295,25521.7
ORD104782,CUST04816,Net Banking,Success,2026-05-02 05:22:00,TXN7944257535,4698.72
ORD103987,CUST00421,Wallet,Success,2026-07-26 03:09:00,TXN8744715138,32575.57
ORD103173,CUST00389,COD,Pending,2026-03-29 10:19:00,TXN2706083530,13102.19
ORD103031,CUST00636,UPI,Refunded,2026-02-26 16:28:00,TXN1022518024,6867.58
ORD104360,CUST02172,Wallet,Success,2026-09-13 15:11:00,TXN6164394926,52252.37
ORD103831,CUST02267,Wallet,Refunded,2026-07-08 07:51:00,TXN4383587808,13393.37
ORD102190,CUST04924,Debit Card,Success,2026-03-29 07:11:00,TXN7257233851,20366.72
ORD104170,CUST03789,Credit Card,Failed,2026-04-01 03:56:00,TXN4678366905,23075.71
ORD104650,CUST02459,Debit Card,Success,2026-08-25 20:53:00,TXN9788608037,33490.37
ORD102918,CUST02550,COD,Success,2026-09-14 07:29:00,TXN7094346341,7987.04
ORD101042,CUST02744,COD,Success,2026-06-28 07:44:00,TXN5527011169,53901.14
ORD103756,CUST03714,UPI,Refunded,2026-05-10 08:03:00,TXN2505309131,22487.63
ORD100183,CUST00952,UPI,Success,2026-04-02 11:27:00,TXN3816156240,20792.65
ORD102677,CUST01907,Debit Card,Success,2026-06-12 13:54:00,TXN4126021417,27160.77
ORD100989,CUST01715,COD,Refunded,2026-07-21 16:01:00,TXN8603767403,5568.12
ORD100683,CUST00291,Debit Card,Success,2026-04-25 07:22:00,TXN6655886705,5789.7
ORD103878,CUST01366,Net Banking,Success,2026-02-15 22:03:00,TXN9953843705,6517.28
ORD101682,CUST00713,Credit Card,Refunded,2026-06-15 19:39:00,TXN6580707881,9711.52
ORD102097,CUST00737,Credit Card,Success,2026-02-10 01:37:00,TXN3882360393,34296.3
ORD101850,CUST04698,Credit Card,Success,2026-04-16 04:32:00,TXN4337525906,34509.0
ORD103928,CUST01848,Net Banking,Success,2026-02-08 01:04:00,TXN3923587272,23560.63
ORD101933,CUST01835,Wallet,Success,2026-09-11 07:58:00,TXN9040389152,37392.57
ORD103982,CUST03659,Net Banking,Failed,2026-06-10 23:10:00,TXN2701153974,25313.55
ORD103293,CUST00763,Wallet,Success,2026-03-03 09:35:00,TXN1587949003,2093.01
ORD102955,CUST00539,COD,Success,2026-02-04 06:54:00,TXN4603732620,10511.59
ORD101303,CUST03842,Wallet,Refunded,2026-02-02 17:32:00,TXN3244258307,19605.7
ORD104384,CUST04657,Credit Card,Refunded,2026-05-04 08:44:00,TXN3202411673,1756.01
ORD103078,CUST00026,Wallet,Pending,2026-07-06 16:40:00,TXN7289778557,27467.04
ORD104405,CUST01674,Debit Card,Refunded,2026-06-10 03:40:00,TXN2150465594,31673.46
ORD102471,CUST01060,Credit Card,Refunded,2026-06-21 17:50:00,TXN2244199942,18632.97
ORD100926,CUST03265,Credit Card,Pending,2026-07-20 06:00:00,TXN2112321066,59362.84
ORD100512,CUST03147,Wallet,Refunded,2026-06-25 07:59:00,TXN2007623620,9514.67
ORD102561,CUST03140,Wallet,Failed,2026-08-18 02:56:00,TXN1334257995,10077.48
ORD102254,CUST00924,COD,Refunded,2026-07-29 06:28:00,TXN6029445134,8154.37
ORD103070,CUST01087,Credit Card,Success,2026-09-11 02:41:00,TXN9286864033,18632.97
ORD100931,CUST04019,COD,Refunded,2026-07-06 13:03:00,TXN4549253022,17681.91
ORD102557,CUST01531,Debit Card,Success,2026-03-18 17:06:00,TXN4948413088,39445.31
ORD104659,CUST04415,UPI,Success,2026-08-14 16:11:00,TXN9911675357,15656.78
ORD100876,CUST03899,Net Banking,Refunded,2026-04-01 12:08:00,TXN1141898790,16244.89
ORD104594,CUST03313,Net Banking,Refunded,2026-05-24 05:39:00,TXN4733109051,15237.3
ORD101120,CUST03498,Credit Card,Pending,2026-06-07 17:21:00,TXN2640711603,30220.5
ORD101059,CUST03794,UPI,Refunded,2026-03-31 03:42:00,TXN3739275546,19554.49
ORD100256,CUST04313,Wallet,Success,2026-01-29 09:09:00,TXN1655966418,27092.12
ORD100349,CUST03635,COD,Success,2026-08-18 21:21:00,TXN6779837989,33456.68
ORD104687,CUST04847,UPI,Success,2026-05-13 09:38:00,TXN1197627375,79723.21
ORD103423,CUST00732,Net Banking,Success,2026-05-14 11:58:00,TXN5243024584,3822.16
ORD100986,CUST01182,Credit Card,Refunded,2026-06-13 06:33:00,TXN5147002320,13840.13
ORD100214,CUST03354,UPI,Refunded,2026-01-30 14:24:00,TXN7167187803,45814.59
ORD101066,CUST00491,Credit Card,Failed,2026-05-29 15:50:00,TXN7173347859,29592.93
ORD104244,CUST04122,COD,Success,2026-02-21 18:47:00,TXN7969541487,2803.3
ORD100043,CUST02568,Credit Card,Success,2026-04-08 13:33:00,TXN6908121746,11755.85
ORD101905,CUST03736,Debit Card,Refunded,2026-02-01 18:00:00,TXN1536655311,3389.67
ORD102341,CUST01132,Net Banking,Refunded,2026-02-20 04:57:00,TXN2066025203,26373.97
ORD102874,CUST04120,COD,Success,2026-09-19 23:47:00,TXN1650964942,1496.21
ORD103902,CUST02573,UPI,Success,2026-07-18 16:36:00,TXN7323166785,33189.45
ORD102667,CUST04894,Net Banking,Failed,2026-08-06 18:06:00,TXN5198615720,53995.58
ORD104122,CUST00149,Debit Card,Failed,2026-03-30 17:58:00,TXN8718505087,22752.57
ORD104840,CUST01243,COD,Success,2026-03-27 22:13:00,TXN8393186913,37678.15
ORD104998,CUST04689,Debit Card,Refunded,2026-01-30 18:19:00,TXN7967649439,34527.56
ORD103740,CUST01357,Net Banking,Failed,2026-07-16 05:00:00,TXN3350053482,9117.75
ORD103537,CUST04519,Net Banking,Pending,2026-06-23 15:28:00,TXN8106313889,47706.66
ORD103388,CUST03846,UPI,Refunded,2026-04-21 15:05:00,TXN8423002492,81831.87
ORD102148,CUST01893,Net Banking,Refunded,2026-02-07 16:05:00,TXN6887448152,9519.38
ORD101900,CUST00220,Credit Card,Pending,2026-02-03 23:01:00,TXN1749101915,41273.06
ORD102807,CUST04087,COD,Pending,2026-08-16 10:51:00,TXN2156110378,11348.63
ORD103581,CUST01603,Wallet,Success,2026-02-25 01:09:00,TXN9576227156,5074.91
ORD101073,CUST00262,Debit Card,Refunded,2026-04-01 02:46:00,TXN8278386581,3971.52
ORD100975,CUST02317,Debit Card,Success,2026-05-09 21:23:00,TXN8157563135,6403.28
ORD104880,CUST02962,Credit Card,Success,2026-03-11 13:07:00,TXN3364953660,64022.29
ORD104587,CUST03336,Debit Card,Refunded,2026-09-16 18:44:00,TXN8632526909,18880.24
ORD102435,CUST02337,Net Banking,Refunded,2026-09-04 16:48:00,TXN5666146193,26378.96
ORD104791,CUST00836,Debit Card,Success,2026-09-08 21:50:00,TXN1829448557,53505.37
ORD100935,CUST00709,COD,Success,2026-07-22 20:34:00,TXN7055665598,30805.93
ORD101012,CUST03524,Net Banking,Success,2026-06-11 02:48:00,TXN3800884643,3247.5
ORD104468,CUST04099,Net Banking,Success,2026-08-21 07:43:00,TXN4944684885,2165.16
ORD103473,CUST00059,Credit Card,Success,2026-07-19 14:19:00,TXN2739605149,11478.84
ORD104861,CUST00570,Wallet,Refunded,2026-07-11 13:43:00,TXN4728430871,75230.91
ORD101367,CUST04230,Wallet,Failed,2026-05-30 03:23:00,TXN7435373966,29789.88
ORD103447,CUST01246,Net Banking,Success,2026-08-21 20:11:00,TXN2653659907,26191.13
ORD101488,CUST03126,COD,Success,2026-01-28 23:11:00,TXN4557176105,27652.31
ORD103502,CUST03537,COD,Success,2026-05-08 13:31:00,TXN2818271440,2827.54
ORD102668,CUST00940,Net Banking,Pending,2026-07-27 04:53:00,TXN7810152649,5750.82
ORD103146,CUST03297,Debit Card,Failed,2026-07-05 16:57:00,TXN8870563721,19622.7
ORD100290,CUST04307,Net Banking,Refunded,2026-05-11 16:33:00,TXN4031316395,16034.97
ORD104703,CUST01594,COD,Success,2026-08-07 13:47:00,TXN6627781575,42844.8
ORD100051,CUST03134,COD,Refunded,2026-07-18 08:41:00,TXN4453343129,31234.83
ORD100372,CUST02465,Credit Card,Success,2026-07-27 17:59:00,TXN4434430867,5654.59
ORD103560,CUST04724,Wallet,Refunded,2026-03-07 21:03:00,TXN3653098672,24762.01
ORD101848,CUST03493,COD,Success,2026-03-22 06:43:00,TXN3920618933,10487.0
ORD102419,CUST03506,Credit Card,Refunded,2026-03-27 06:36:00,TXN5214600995,8461.88
ORD100245,CUST01436,Debit Card,Refunded,2026-08-26 16:20:00,TXN8521796268,2706.85
ORD104891,CUST03802,Credit Card,Refunded,2026-08-22 17:30:00,TXN7353332692,2954.44
ORD103453,CUST00566,Net Banking,Success,2026-02-18 15:48:00,TXN5436384177,21958.86
ORD101803,CUST04113,Wallet,Refunded,2026-06-28 21:47:00,TXN2997069384,9325.24
ORD101310,CUST00903,UPI,Refunded,2026-08-22 00:10:00,TXN2640622751,13272.59
ORD102021,CUST04995,Wallet,Success,2026-07-10 13:50:00,TXN7131395563,42782.04
ORD103058,CUST03400,Debit Card,Failed,2026-09-20 21:56:00,TXN3533404405,18840.06
ORD100682,CUST03870,Credit Card,Success,2026-03-09 06:38:00,TXN8090113780,1493.38
ORD102300,CUST00230,Net Banking,Refunded,2026-02-27 20:58:00,TXN6375255576,26377.52
ORD101228,CUST04174,UPI,Refunded,2026-05-24 20:17:00,TXN1235873616,13691.09
ORD102245,CUST01147,Wallet,Success,2026-07-11 15:27:00,TXN6374917498,12819.25
ORD101530,CUST01158,Debit Card,Refunded,2026-04-18 20:59:00,TXN6374640525,49731.35
ORD102696,CUST00960,Credit Card,Success,2026-04-25 17:22:00,TXN5593449230,12404.15
ORD102730,CUST03283,UPI,Success,2026-07-04 00:47:00,TXN5238021339,50293.37
ORD101729,CUST04652,COD,Failed,2026-03-12 01:39:00,TXN6948142987,2920.6
ORD100760,CUST03251,Wallet,Success,2026-03-26 17:06:00,TXN8391854215,7017.41
ORD102279,CUST01872,Net Banking,Success,2026-08-20 13:31:00,TXN3139999505,6373.06
ORD102287,CUST00675,COD,Success,2026-06-16 23:50:00,TXN4305320825,13323.88
ORD101513,CUST04007,Credit Card,Refunded,2026-08-11 20:02:00,TXN6400986520,78516.99
ORD104017,CUST00017,Wallet,Success,2026-02-05 23:59:00,TXN8513234975,2789.11
ORD102795,CUST03079,Net Banking,Success,2026-02-16 00:38:00,TXN2135237128,68510.6
ORD102325,CUST01595,Debit Card,Refunded,2026-07-31 08:10:00,TXN3234024307,26353.92
ORD102499,CUST01375,Debit Card,Success,2026-02-03 21:37:00,TXN8460848305,33026.17
ORD101469,CUST01260,Net Banking,Success,2026-06-17 20:57:00,TXN1927481324,24337.75
ORD101976,CUST01282,COD,Success,2026-04-28 11:53:00,TXN9877464835,7213.34
ORD100486,CUST04318,Wallet,Refunded,2026-08-29 03:18:00,TXN7816551953,17495.04
ORD101847,CUST02542,Net Banking,Success,2026-04-09 06:22:00,TXN2555015321,6116.29
ORD101827,CUST01325,Wallet,Success,2026-06-23 22:24:00,TXN3028724016,22371.88
ORD100680,CUST01343,Debit Card,Success,2026-02-24 05:13:00,TXN3897247801,2601.26
ORD102045,CUST04585,Credit Card,Success,2026-05-19 01:56:00,TXN5958795880,30061.4
ORD102761,CUST01542,Debit Card,Pending,2026-05-06 07:22:00,TXN6380161587,41339.31
ORD101038,CUST01096,Wallet,Refunded,2026-08-14 03:13:00,TXN4688003560,6267.71
ORD101159,CUST04534,Wallet,Success,2026-09-25 02:54:00,TXN4384918000,10440.84
ORD104962,CUST04994,Net Banking,Refunded,2026-06-11 05:51:00,TXN3774345281,58203.78
ORD104983,CUST04643,Debit Card,Pending,2026-03-16 20:32:00,TXN2202549205,13038.36
ORD104071,CUST02894,Credit Card,Failed,2026-06-06 16:46:00,TXN3736227300,87371.71
ORD104772,CUST03193,UPI,Success,2026-06-16 20:13:00,TXN6477230068,31113.66
ORD103897,CUST03947,Wallet,Success,2026-08-03 04:04:00,TXN3695080093,3960.36
ORD101960,CUST01722,Credit Card,Pending,2026-06-17 03:31:00,TXN2999693105,13482.42
ORD100029,CUST04463,COD,Pending,2026-06-09 13:51:00,TXN2745661408,12077.98
ORD102352,CUST01299,Wallet,Refunded,2026-08-06 22:08:00,TXN3529683662,18651.87
ORD103891,CUST01412,UPI,Refunded,2026-04-09 18:43:00,TXN9564742355,9683.18
ORD100969,CUST03358,Credit Card,Success,2026-04-23 06:47:00,TXN7414170219,22175.11
ORD103011,CUST01657,Wallet,Refunded,2026-05-18 19:05:00,TXN4673147674,16431.91
ORD104698,CUST03985,UPI,Success,2026-01-31 21:02:00,TXN1874200846,352.03
ORD101752,CUST04242,COD,Failed,2026-05-22 08:25:00,TXN7920119307,83898.47
ORD103973,CUST03655,Net Banking,Refunded,2026-04-23 15:26:00,TXN8970470028,5924.24
ORD104972,CUST02375,COD,Refunded,2026-06-19 22:19:00,TXN5957111383,64284.79
ORD103492,CUST02984,COD,Failed,2026-07-02 16:44:00,TXN3938221797,15059.59
ORD102679,CUST03195,Debit Card,Failed,2026-04-19 10:51:00,TXN4383964675,27128.8
ORD101787,CUST02331,Credit Card,Pending,2026-03-21 10:51:00,TXN2947995688,43993.89
ORD102691,CUST00006,Debit Card,Refunded,2026-08-05 02:00:00,TXN4060584334,1794.62
ORD104766,CUST03719,COD,Refunded,2026-06-21 18:21:00,TXN6090505429,21579.85
ORD100934,CUST00884,COD,Refunded,2026-02-16 04:36:00,TXN5676789571,6085.58
ORD103471,CUST00495,Debit Card,Pending,2026-05-27 10:47:00,TXN6432481816,21812.0
ORD102888,CUST03636,Wallet,Pending,2026-08-23 03:50:00,TXN6996194116,15285.05
ORD103527,CUST04046,COD,Refunded,2026-02-25 14:29:00,TXN1416942774,637.25
ORD100649,CUST03397,UPI,Pending,2026-06-13 23:25:00,TXN2680416101,43237.21
ORD104918,CUST04581,Net Banking,Success,2026-06-02 21:09:00,TXN1132343896,12093.79
ORD103206,CUST03869,UPI,Success,2026-07-08 02:58:00,TXN3574056958,2420.74
ORD101390,CUST01176,UPI,Pending,2026-03-01 13:26:00,TXN1588010712,2710.02
ORD100893,CUST04164,UPI,Refunded,2026-06-25 23:27:00,TXN6603283967,2464.4
ORD103996,CUST03707,Wallet,Success,2026-08-31 18:34:00,TXN2478124494,7111.7
ORD104969,CUST00264,Debit Card,Success,2026-04-09 07:46:00,TXN6448472160,29218.91
ORD104883,CUST01662,Wallet,Refunded,2026-04-26 01:35:00,TXN3897029581,14192.08
ORD100105,CUST04722,Net Banking,Success,2026-09-24 01:53:00,TXN2203664095,26009.21
ORD100265,CUST00972,Net Banking,Success,2026-07-22 05:21:00,TXN8257743181,25447.26
ORD102354,CUST02060,Debit Card,Success,2026-02-05 05:18:00,TXN6994443501,15407.3
ORD101083,CUST02377,UPI,Success,2026-07-22 23:41:00,TXN9578936015,83366.26
ORD101508,CUST02156,UPI,Success,2026-03-05 23:56:00,TXN8636911350,14500.15
ORD102573,CUST00901,Wallet,Refunded,2026-05-01 01:27:00,TXN7748275865,51023.01
ORD103600,CUST00370,Credit Card,Pending,2026-04-08 04:52:00,TXN1346778467,10343.83
ORD104374,CUST03766,COD,Pending,2026-05-08 02:11:00,TXN8967892809,69252.64
ORD102402,CUST04811,COD,Refunded,2026-05-27 03:31:00,TXN2448141957,28439.97
ORD100002,CUST01105,Credit Card,Failed,2026-06-19 14:41:00,TXN7054478014,67970.41
ORD102058,CUST00628,UPI,Success,2026-04-13 17:14:00,TXN9786351474,3862.5
ORD100968,CUST00449,Debit Card,Success,2026-09-04 03:38:00,TXN9520443635,8848.15
ORD100561,CUST04387,Debit Card,Failed,2026-07-02 08:15:00,TXN2181649861,26760.92
ORD104740,CUST00192,Credit Card,Pending,2026-04-02 04:32:00,TXN4522019186,56773.25
ORD104138,CUST02623,UPI,Refunded,2026-07-05 02:25:00,TXN3102840731,10783.15
ORD104509,CUST00560,Credit Card,Refunded,2026-01-31 20:46:00,TXN3492232067,5960.51
ORD104713,CUST04219,UPI,Success,2026-02-15 07:23:00,TXN6171613089,62682.46
ORD104137,CUST00987,Debit Card,Refunded,2026-02-11 22:38:00,TXN6411942622,29513.57
ORD101123,CUST00877,UPI,Success,2026-05-13 11:51:00,TXN4338343409,56952.21
ORD103838,CUST04497,Debit Card,Pending,2026-07-28 06:52:00,TXN6734065088,10548.16
ORD104645,CUST01918,UPI,Refunded,2026-07-29 10:35:00,TXN2949072750,16125.82
ORD100971,CUST04142,Wallet,Refunded,2026-09-21 08:14:00,TXN8354788857,35308.46
ORD102096,CUST02420,UPI,Success,2026-08-21 06:48:00,TXN5780127956,14227.94
ORD100264,CUST00601,Net Banking,Success,2026-01-29 09:40:00,TXN2206176822,2069.3
ORD104611,CUST00124,UPI,Success,2026-07-23 23:21:00,TXN4826479754,8026.64
ORD103500,CUST02069,UPI,Refunded,2026-02-16 05:43:00,TXN5807074150,13048.9
ORD102903,CUST00719,COD,Success,2026-07-16 06:12:00,TXN9169046233,17265.36
ORD102620,CUST00365,COD,Success,2026-02-06 17:24:00,TXN8174961656,4156.35
ORD100019,CUST02883,COD,Refunded,2026-03-20 05:58:00,TXN9169271401,14587.3
ORD100522,CUST02746,COD,Failed,2026-06-24 04:00:00,TXN6986147292,3747.84
ORD100516,CUST02585,Credit Card,Success,2026-04-19 07:40:00,TXN9696391249,17086.84
ORD104457,CUST01087,Wallet,Success,2026-07-23 17:26:00,TXN6630576921,79588.63
ORD103693,CUST03643,Debit Card,Refunded,2026-07-03 16:14:00,TXN3316848009,12005.29
ORD100280,CUST01457,UPI,Success,2026-09-21 15:01:00,TXN8030933835,22261.57
ORD103991,CUST02158,UPI,Success,2026-09-13 07:48:00,TXN1884752096,8487.6
ORD104177,CUST04303,COD,Success,2026-07-06 12:44:00,TXN3253771113,30676.46
ORD100181,CUST04745,COD,Success,2026-03-29 20:13:00,TXN6033105490,30938.82
ORD102163,CUST02531,COD,Refunded,2026-06-28 02:12:00,TXN9682711851,14963.43
ORD100690,CUST00336,UPI,Failed,2026-03-31 15:52:00,TXN3171719853,49650.27
ORD103828,CUST01973,Wallet,Success,2026-01-29 08:13:00,TXN8142142573,64305.65
ORD104771,CUST01326,UPI,Refunded,2026-04-01 10:21:00,TXN5449231486,1908.94
ORD103960,CUST04646,Net Banking,Success,2026-08-13 04:41:00,TXN8092502523,21820.33
ORD100125,CUST04371,Debit Card,Refunded,2026-02-16 09:43:00,TXN8729150697,2603.37
ORD101346,CUST03097,UPI,Refunded,2026-04-01 19:49:00,TXN4474242294,3232.19
ORD104168,CUST04630,COD,Refunded,2026-06-06 02:52:00,TXN5660098767,13104.54
ORD101587,CUST04082,UPI,Success,2026-02-08 15:46:00,TXN7024179571,1295.86
ORD102124,CUST03129,Credit Card,Refunded,2026-06-14 17:42:00,TXN4055276650,22054.81
ORD100089,CUST01142,Debit Card,Pending,2026-08-13 20:16:00,TXN2872893782,3998.67
ORD103587,CUST00846,Credit Card,Success,2026-03-12 22:48:00,TXN8996683908,26292.24
ORD104077,CUST02685,COD,Failed,2026-06-05 14:37:00,TXN7794177751,9960.16
ORD100160,CUST04814,UPI,Success,2026-05-19 06:41:00,TXN8761818756,1792.64
ORD103677,CUST00840,Debit Card,Success,2026-08-31 20:25:00,TXN4029214479,23831.61
ORD102257,CUST01393,Debit Card,Failed,2026-04-21 03:51:00,TXN8173518192,4394.81
ORD103209,CUST03764,COD,Refunded,2026-05-03 15:29:00,TXN8087531794,5146.16
ORD103312,CUST00945,Credit Card,Success,2026-09-07 02:26:00,TXN7464921084,29575.53
ORD103907,CUST01208,Credit Card,Refunded,2026-03-21 06:55:00,TXN8669989577,1143.31
ORD103605,CUST00039,Debit Card,Refunded,2026-09-12 04:50:00,TXN4529964333,54164.08
ORD101818,CUST04486,UPI,Failed,2026-08-08 01:18:00,TXN1988740076,76952.79
ORD100626,CUST04618,Net Banking,Refunded,2026-06-01 05:37:00,TXN5062055775,77310.69
ORD104824,CUST04110,UPI,Failed,2026-09-07 15:34:00,TXN9195213715,18059.42
ORD102619,CUST00423,Credit Card,Failed,2026-07-30 16:15:00,TXN5936876458,42620.86
ORD101545,CUST04416,UPI,Pending,2026-09-19 05:56:00,TXN5814456079,17863.61
ORD104738,CUST03908,Wallet,Failed,2026-02-11 01:58:00,TXN4326527498,41590.56
ORD103360,CUST02626,Debit Card,Refunded,2026-08-02 08:55:00,TXN4326238768,10687.48
ORD104559,CUST04671,Wallet,Success,2026-05-11 09:09:00,TXN8030074879,5065.83
ORD102861,CUST00934,UPI,Refunded,2026-02-15 01:54:00,TXN8750925614,46788.06
ORD102093,CUST00737,UPI,Refunded,2026-07-23 20:45:00,TXN5019902001,16736.97
ORD103876,CUST04019,Net Banking,Refunded,2026-06-18 15:05:00,TXN3696871511,69290.13
ORD103805,CUST03164,Credit Card,Refunded,2026-06-25 01:10:00,TXN4529374529,3315.95
ORD104115,CUST03266,Wallet,Refunded,2026-03-11 08:07:00,TXN6299846897,8884.09
ORD103852,CUST02282,Net Banking,Refunded,2026-09-17 22:18:00,TXN6694979284,47106.42
ORD102375,CUST02238,Credit Card,Success,2026-09-10 18:41:00,TXN4169760118,30902.41
ORD100475,CUST00898,COD,Success,2026-05-17 07:18:00,TXN6504930125,9553.21
ORD101423,CUST04680,Debit Card,Refunded,2026-02-15 14:59:00,TXN2395631877,6746.14
ORD104618,CUST02055,UPI,Success,2026-08-25 21:43:00,TXN1854418021,47394.36
ORD104416,CUST04099,Debit Card,Success,2026-04-26 09:16:00,TXN4160723558,32064.61
ORD101647,CUST01507,UPI,Failed,2026-04-08 02:59:00,TXN8854038034,23818.14
ORD103148,CUST02549,Credit Card,Failed,2026-06-17 06:05:00,TXN3111351481,3184.86
ORD104514,CUST03495,Net Banking,Refunded,2026-09-08 11:17:00,TXN7317953949,72275.97
ORD101951,CUST04462,COD,Refunded,2026-08-04 06:04:00,TXN1379444394,17886.99
ORD101294,CUST03691,Net Banking,Success,2026-08-25 04:14:00,TXN8090266133,41032.71
ORD102887,CUST04983,COD,Refunded,2026-05-22 11:01:00,TXN4553439947,3102.49
ORD101662,CUST04961,COD,Success,2026-06-24 03:46:00,TXN2911038985,27081.59
ORD101185,CUST01174,Debit Card,Failed,2026-02-12 20:10:00,TXN8819717159,46709.33
ORD102072,CUST03903,Debit Card,Refunded,2026-09-15 22:34:00,TXN6062652527,23738.91
ORD101700,CUST01624,Net Banking,Success,2026-05-13 19:50:00,TXN3706523844,5038.43
ORD104550,CUST02036,Credit Card,Pending,2026-02-04 04:57:00,TXN9591295473,6699.06
ORD104295,CUST02347,COD,Refunded,2026-06-18 05:48:00,TXN9976599583,18401.33
ORD104178,CUST00320,UPI,Success,2026-07-25 22:20:00,TXN7524165011,54229.76
ORD103469,CUST03674,Credit Card,Refunded,2026-09-02 18:45:00,TXN5791110771,9060.34
ORD104900,CUST01556,COD,Success,2026-02-26 18:55:00,TXN4292843514,50911.82
ORD100196,CUST02784,Credit Card,Refunded,2026-07-22 17:52:00,TXN3245425842,1454.24
ORD103443,CUST04264,Wallet,Success,2026-07-05 21:57:00,TXN6099665737,19079.93
ORD102842,CUST00483,Debit Card,Success,2026-09-18 04:08:00,TXN5734699363,9489.69
ORD100691,CUST02639,Net Banking,Refunded,2026-07-07 16:24:00,TXN3374902524,29425.24
ORD101786,CUST01851,Debit Card,Refunded,2026-04-15 08:33:00,TXN8283298024,62659.21
ORD100590,CUST04631,Net Banking,Failed,2026-02-21 13:48:00,TXN9967164261,28174.34
ORD101855,CUST01691,UPI,Success,2026-04-22 12:30:00,TXN6075020666,12552.4
ORD102813,CUST04367,Debit Card,Refunded,2026-03-17 15:49:00,TXN2313673108,10210.43
ORD101243,CUST01150,UPI,Refunded,2026-05-02 16:55:00,TXN6807805768,7452.91
ORD103624,CUST02940,Credit Card,Refunded,2026-07-09 06:04:00,TXN7811623908,17895.81
ORD101051,CUST00940,COD,Refunded,2026-03-30 01:23:00,TXN3543390194,40776.03
ORD104423,CUST02590,Wallet,Refunded,2026-02-12 00:21:00,TXN3342274338,20373.29
ORD102312,CUST04997,Debit Card,Refunded,2026-07-21 07:43:00,TXN1665825229,11381.66
ORD100743,CUST03605,COD,Pending,2026-07-29 05:49:00,TXN4407485047,40485.19
ORD101714,CUST02620,Wallet,Failed,2026-08-15 07:30:00,TXN5893919134,32837.16
ORD102370,CUST00740,COD,Success,2026-04-07 09:05:00,TXN5066894816,13196.48
ORD104410,CUST04045,Credit Card,Success,2026-04-23 00:48:00,TXN2392343096,1492.0
ORD102612,CUST02655,Debit Card,Refunded,2026-03-19 05:09:00,TXN7576409855,13819.03
ORD103461,CUST04346,UPI,Success,2026-04-12 07:10:00,TXN3249301424,1141.39
ORD104062,CUST00360,Net Banking,Success,2026-06-09 02:35:00,TXN8041333081,13642.16
ORD102904,CUST04875,Credit Card,Failed,2026-07-17 15:32:00,TXN6116286886,27115.47
ORD103019,CUST02257,Credit Card,Pending,2026-09-05 12:44:00,TXN3581141381,14413.92
ORD100044,CUST03310,Wallet,Success,2026-06-15 07:31:00,TXN1768591293,18371.79
ORD104124,CUST02346,COD,Refunded,2026-01-29 07:06:00,TXN4626479377,11910.86
ORD100141,CUST02132,UPI,Success,2026-07-20 20:10:00,TXN6861074287,4799.89
ORD100956,CUST00634,Net Banking,Failed,2026-04-17 18:29:00,TXN3297904676,42827.36
ORD102231,CUST04773,UPI,Refunded,2026-06-18 08:00:00,TXN6711135015,59956.47
ORD100375,CUST02245,Wallet,Refunded,2026-02-15 10:09:00,TXN3980291532,9006.23
ORD102104,CUST02984,COD,Success,2026-06-30 01:16:00,TXN7097965537,81248.15
ORD101499,CUST04138,Credit Card,Success,2026-03-25 06:43:00,TXN3022535159,69396.17
ORD103368,CUST02784,Wallet,Refunded,2026-07-20 19:31:00,TXN6166951319,4956.16
ORD104540,CUST03882,Debit Card,Success,2026-02-24 08:35:00,TXN6851983637,67939.46
ORD103771,CUST04102,UPI,Refunded,2026-08-09 20:29:00,TXN7116160487,25386.35
ORD103572,CUST00803,Debit Card,Success,2026-06-25 13:43:00,TXN8506847743,11941.52
ORD100013,CUST00578,Debit Card,Success,2026-04-21 11:38:00,TXN2165692664,30962.32
ORD101606,CUST04391,Debit Card,Refunded,2026-09-10 20:43:00,TXN5978925443,12732.08
ORD100537,CUST01571,UPI,Refunded,2026-06-01 23:13:00,TXN9781892569,12939.43
ORD104805,CUST02695,Credit Card,Success,2026-07-13 10:57:00,TXN3431106086,57395.59
ORD101527,CUST03940,Net Banking,Pending,2026-07-21 09:51:00,TXN3401599398,9909.31
ORD100611,CUST02727,UPI,Failed,2026-08-01 08:24:00,TXN7056494127,15011.23
ORD103657,CUST04771,Net Banking,Success,2026-08-07 10:58:00,TXN8485188650,48165.42
ORD104980,CUST01157,COD,Pending,2026-08-09 12:17:00,TXN9833017395,31212.27
ORD104084,CUST00446,UPI,Failed,2026-07-20 11:26:00,TXN5896395718,27849.55
ORD104570,CUST02706,COD,Success,2026-02-05 23:23:00,TXN5124011954,4115.07
ORD102810,CUST02225,UPI,Success,2026-05-08 18:43:00,TXN2645028291,15359.23
ORD101861,CUST00365,UPI,Refunded,2026-05-15 11:02:00,TXN2257773294,78268.9
ORD100060,CUST04908,Debit Card,Success,2026-03-09 17:22:00,TXN8901809506,28440.28
ORD103505,CUST03519,COD,Success,2026-08-26 03:59:00,TXN7741201230,18951.85
ORD104110,CUST04163,Credit Card,Refunded,2026-02-26 16:43:00,TXN4909216431,49795.19
ORD101320,CUST01289,Credit Card,Success,2026-06-01 20:00:00,TXN2766297992,8579.4
ORD100507,CUST01302,Wallet,Success,2026-04-09 14:03:00,TXN2609749568,22801.76
ORD102893,CUST01505,Credit Card,Success,2026-05-11 23:22:00,TXN2387125181,11873.89
ORD104508,CUST02674,COD,Failed,2026-09-24 00:03:00,TXN8574947485,47520.18
ORD103512,CUST02690,Wallet,Success,2026-04-02 09:53:00,TXN6823562217,13829.41
ORD100581,CUST01777,Debit Card,Refunded,2026-07-01 23:37:00,TXN6227961348,14966.54
ORD104781,CUST03692,Credit Card,Success,2026-03-08 11:34:00,TXN8757853295,5418.89
ORD102625,CUST00386,Credit Card,Refunded,2026-07-02 06:44:00,TXN8975368480,98862.78
ORD101197,CUST03140,Net Banking,Success,2026-06-24 14:46:00,TXN4056678208,29583.83
ORD100291,CUST00666,Wallet,Failed,2026-06-12 13:20:00,TXN1540358564,32038.83
ORD103330,CUST03616,Debit Card,Refunded,2026-08-29 19:40:00,TXN3046854642,4624.87
ORD101582,CUST00392,Debit Card,Success,2026-04-17 23:49:00,TXN7509399804,51804.28
ORD102497,CUST00187,Debit Card,Failed,2026-08-10 15:49:00,TXN7251185888,304.12
ORD100800,CUST02877,Debit Card,Refunded,2026-09-19 14:51:00,TXN5945275377,32769.89
ORD101609,CUST00864,COD,Success,2026-03-13 15:38:00,TXN2329453821,49063.78
ORD102552,CUST04435,Credit Card,Success,2026-02-18 20:16:00,TXN5591262869,65874.4
ORD100074,CUST00584,Wallet,Success,2026-08-12 16:35:00,TXN2101277040,28089.8
ORD103342,CUST01319,UPI,Refunded,2026-08-19 02:55:00,TXN3400972239,9137.92
ORD101011,CUST04356,Credit Card,Refunded,2026-03-14 08:13:00,TXN2934410972,920.03
ORD102545,CUST04179,UPI,Failed,2026-04-09 09:02:00,TXN6596828179,10235.27
ORD101171,CUST01146,UPI,Refunded,2026-01-29 17:50:00,TXN3636785359,16723.16
ORD101053,CUST04449,Credit Card,Success,2026-09-09 07:07:00,TXN8913232569,24683.14
ORD104973,CUST03385,Wallet,Pending,2026-08-26 04:08:00,TXN6248323936,11402.21
ORD102145,CUST00718,COD,Refunded,2026-09-08 04:34:00,TXN1155462132,4878.54
ORD100421,CUST00871,Net Banking,Refunded,2026-08-04 16:47:00,TXN8435142333,82261.58
ORD104523,CUST03058,Credit Card,Refunded,2026-07-25 10:38:00,TXN3280624198,65799.56
ORD101360,CUST00905,Credit Card,Success,2026-02-25 03:23:00,TXN7964032021,20800.64
ORD104642,CUST01096,UPI,Success,2026-09-21 22:17:00,TXN1626526418,12623.15
ORD102002,CUST01842,Net Banking,Success,2026-01-31 13:22:00,TXN2065289302,12363.37
ORD103488,CUST00945,Debit Card,Refunded,2026-09-04 01:05:00,TXN3460086479,3685.9
ORD101486,CUST03533,COD,Success,2026-08-01 16:22:00,TXN3204261021,74418.68
ORD101675,CUST00822,Credit Card,Success,2026-08-16 10:31:00,TXN3705357997,24329.98
ORD100959,CUST00552,UPI,Success,2026-08-30 07:47:00,TXN1301983878,9586.28
ORD102924,CUST00898,Wallet,Refunded,2026-06-20 21:47:00,TXN6612239280,32900.59
ORD100297,CUST00374,Wallet,Pending,2026-05-21 13:26:00,TXN8125799633,42579.84
ORD103430,CUST02433,Debit Card,Success,2026-04-14 12:26:00,TXN4348265420,51358.45
ORD101940,CUST01440,COD,Failed,2026-02-06 08:21:00,TXN9629259539,30312.44
ORD102658,CUST02809,COD,Success,2026-08-08 19:43:00,TXN2864017282,65828.81
ORD103602,CUST00434,COD,Success,2026-05-06 09:35:00,TXN9860714812,5999.95
ORD104383,CUST03682,Credit Card,Refunded,2026-01-31 20:15:00,TXN7843444288,28033.18
ORD103687,CUST03742,Net Banking,Failed,2026-06-06 23:52:00,TXN7447115469,349.33
ORD100275,CUST01558,Credit Card,Refunded,2026-03-30 19:27:00,TXN7345078992,13243.2
ORD104434,CUST01397,COD,Failed,2026-07-28 06:48:00,TXN1041880442,11246.56
ORD103862,CUST02261,Credit Card,Success,2026-06-16 14:59:00,TXN2145481238,18299.4
ORD103552,CUST00441,UPI,Failed,2026-03-29 21:52:00,TXN2139106741,7500.62
ORD102611,CUST04874,Credit Card,Success,2026-06-29 11:35:00,TXN4098778503,789.09
ORD104380,CUST03211,COD,Success,2026-07-09 17:12:00,TXN2504309148,17641.65
ORD102191,CUST02110,Wallet,Success,2026-03-06 20:50:00,TXN1849785476,3790.58
ORD104749,CUST02557,Debit Card,Pending,2026-04-15 04:18:00,TXN3733686913,33624.96
ORD103963,CUST00372,Net Banking,Success,2026-05-07 17:42:00,TXN3092186967,37273.52
ORD100315,CUST01152,Net Banking,Refunded,2026-02-04 00:59:00,TXN2907089455,16217.28
ORD102463,CUST00036,Net Banking,Refunded,2026-02-02 00:52:00,TXN6899749003,25717.94
ORD100807,CUST00565,Wallet,Refunded,2026-09-01 09:39:00,TXN2638418893,5575.11
ORD100323,CUST03134,COD,Refunded,2026-04-13 08:55:00,TXN9764450886,40086.79
ORD103524,CUST00607,Net Banking,Success,2026-09-18 13:20:00,TXN8009757626,57784.52
ORD102536,CUST00404,Wallet,Refunded,2026-08-25 00:15:00,TXN7893422569,20438.53
ORD104575,CUST01217,Credit Card,Success,2026-06-01 08:40:00,TXN6066132338,15255.02
ORD104579,CUST03973,Net Banking,Success,2026-03-20 07:42:00,TXN1666957696,20716.23
ORD102688,CUST03691,Net Banking,Refunded,2026-03-12 07:19:00,TXN3154361378,2717.51
ORD101830,CUST04576,COD,Pending,2026-02-24 20:55:00,TXN4496947722,26482.6
ORD103528,CUST01480,Credit Card,Refunded,2026-03-20 12:20:00,TXN9137493021,18796.26
ORD100889,CUST01280,Debit Card,Success,2026-03-11 21:03:00,TXN2906797791,3168.3
ORD103223,CUST04455,Credit Card,Refunded,2026-02-17 05:05:00,TXN9828391805,13576.93
ORD102084,CUST04773,Wallet,Failed,2026-08-26 12:25:00,TXN9201312620,3063.88
ORD101691,CUST04605,Wallet,Refunded,2026-08-16 21:50:00,TXN2481123965,18268.58
ORD101258,CUST04408,UPI,Success,2026-08-08 11:20:00,TXN5083834803,6189.09
ORD102697,CUST00881,Wallet,Failed,2026-03-14 18:53:00,TXN8909319946,65466.45
ORD102633,CUST01217,COD,Pending,2026-09-17 21:37:00,TXN5690136832,39065.08
ORD102703,CUST01485,Debit Card,Pending,2026-06-07 22:47:00,TXN4049981121,33101.15
ORD104968,CUST03221,Net Banking,Refunded,2026-04-29 09:15:00,TXN6179773005,7932.77
ORD101244,CUST01789,Credit Card,Success,2026-02-20 13:07:00,TXN5695889795,35284.5
ORD102889,CUST03370,Debit Card,Refunded,2026-09-16 03:52:00,TXN6117396573,5847.08
ORD101887,CUST00578,Wallet,Success,2026-07-07 19:58:00,TXN9837443852,5751.77
ORD101817,CUST02264,Net Banking,Refunded,2026-08-10 20:27:00,TXN3609027963,24517.65
ORD101248,CUST02110,COD,Success,2026-04-02 01:56:00,TXN3871047552,22017.01
ORD103157,CUST00537,COD,Refunded,2026-03-17 22:38:00,TXN1395537267,21110.32
ORD100609,CUST02779,UPI,Pending,2026-03-05 08:13:00,TXN4385657806,15141.29
ORD103120,CUST03978,Credit Card,Refunded,2026-02-23 05:16:00,TXN5469925214,7969.27
ORD104487,CUST04993,Credit Card,Success,2026-08-19 21:15:00,TXN2785153583,8578.7
ORD104638,CUST01835,Net Banking,Refunded,2026-03-19 23:11:00,TXN9258307295,20312.54
ORD101356,CUST01267,Debit Card,Success,2026-06-30 07:01:00,TXN5430009225,46538.71
ORD101127,CUST01177,COD,Refunded,2026-07-02 10:29:00,TXN1128640613,11840.45
ORD102787,CUST00494,Net Banking,Refunded,2026-05-17 05:11:00,TXN8651819727,20325.75
ORD103277,CUST04390,UPI,Success,2026-09-05 13:14:00,TXN6581658046,2851.8
ORD100059,CUST04324,Wallet,Failed,2026-08-21 18:04:00,TXN5124865648,2663.05
ORD104845,CUST00161,Net Banking,Failed,2026-02-11 17:26:00,TXN2109808993,72105.55
ORD102386,CUST01496,UPI,Success,2026-05-11 10:50:00,TXN3028932882,14690.35
ORD104696,CUST04987,COD,Success,2026-05-05 10:10:00,TXN8836870165,24299.52
ORD102986,CUST03437,UPI,Refunded,2026-06-09 08:18:00,TXN2934455285,12698.99
ORD103253,CUST03716,COD,Refunded,2026-07-06 10:28:00,TXN7717790234,10135.74
ORD103595,CUST01327,Net Banking,Success,2026-07-25 00:05:00,TXN2610692460,15311.88
ORD103267,CUST01188,Net Banking,Pending,2026-07-11 23:10:00,TXN9270375781,11288.49
ORD101132,CUST04303,Wallet,Success,2026-08-05 20:10:00,TXN6772050784,3772.48
ORD100553,CUST02863,UPI,Pending,2026-07-15 09:06:00,TXN8693774360,19893.91
ORD101746,CUST02013,Credit Card,Pending,2026-08-01 07:46:00,TXN8891575659,46378.75
ORD103846,CUST04876,Net Banking,Refunded,2026-02-25 23:29:00,TXN5693956344,2122.04
ORD104515,CUST02870,Net Banking,Refunded,2026-04-24 19:38:00,TXN4437886465,1529.34
ORD103159,CUST00563,Wallet,Success,2026-04-01 06:20:00,TXN3773744894,15627.83
ORD103435,CUST01050,COD,Refunded,2026-03-11 05:51:00,TXN1216026769,53080.07
ORD103971,CUST01966,Debit Card,Success,2026-04-14 10:52:00,TXN5338589283,33304.29
ORD103578,CUST02823,Credit Card,Success,2026-03-21 14:31:00,TXN4899570382,13144.91
ORD101643,CUST02413,UPI,Success,2026-04-15 07:12:00,TXN7386452925,8765.15
ORD101728,CUST03409,Debit Card,Refunded,2026-09-13 07:31:00,TXN6906291193,23731.5
ORD100423,CUST03293,Debit Card,Success,2026-08-16 04:28:00,TXN7010107441,7179.54
ORD104332,CUST01938,Debit Card,Success,2026-09-01 23:38:00,TXN5554883972,64987.6
ORD101479,CUST01266,Net Banking,Refunded,2026-08-12 07:06:00,TXN1844132013,49535.84
ORD100373,CUST01918,UPI,Success,2026-07-25 10:36:00,TXN5104955207,2273.41
ORD100229,CUST01088,UPI,Success,2026-05-16 16:12:00,TXN3887721977,32070.35
ORD101734,CUST04332,Wallet,Refunded,2026-06-21 09:51:00,TXN5682122411,40217.85
ORD101467,CUST02854,Debit Card,Refunded,2026-08-02 17:08:00,TXN8988759803,18405.7
ORD104661,CUST03209,Net Banking,Failed,2026-03-24 10:45:00,TXN9974477298,1107.47
ORD104450,CUST01505,Debit Card,Success,2026-02-22 08:02:00,TXN7538601103,13078.36
ORD104345,CUST01703,Credit Card,Success,2026-05-31 05:58:00,TXN5350377500,1469.4
ORD103114,CUST02817,Debit Card,Pending,2026-05-30 12:04:00,TXN9974090710,55748.99
ORD101280,CUST01602,Debit Card,Refunded,2026-06-17 22:11:00,TXN8589017990,10205.9
ORD103701,CUST01688,Credit Card,Refunded,2026-04-17 23:57:00,TXN8259438626,31050.03
ORD102269,CUST04695,UPI,Success,2026-02-27 02:50:00,TXN9877764040,60394.37
ORD104701,CUST04143,Net Banking,Refunded,2026-09-23 08:20:00,TXN1248756370,38213.48
ORD104624,CUST03133,Credit Card,Pending,2026-08-20 15:40:00,TXN4006575895,41318.57
ORD102868,CUST00807,Net Banking,Refunded,2026-03-09 04:41:00,TXN7788943413,21573.41
ORD104121,CUST01926,COD,Success,2026-06-27 04:02:00,TXN9662796447,50268.71
ORD102077,CUST00184,Credit Card,Refunded,2026-05-06 21:11:00,TXN5228375119,58565.35
ORD103265,CUST04572,COD,Success,2026-05-16 15:13:00,TXN7752938371,4471.04
ORD101372,CUST03562,Wallet,Success,2026-07-25 17:17:00,TXN2561691910,43041.57
ORD103980,CUST02474,Wallet,Success,2026-08-08 17:42:00,TXN3669745284,50718.0
ORD100789,CUST03436,Debit Card,Success,2026-09-07 05:15:00,TXN6022227990,38477.14
ORD100095,CUST01206,Wallet,Success,2026-06-16 09:51:00,TXN2789609129,8306.4
ORD100826,CUST02822,COD,Refunded,2026-08-20 16:14:00,TXN1424960407,25073.1
ORD102516,CUST03533,Debit Card,Success,2026-07-15 12:21:00,TXN2769588194,18244.97
ORD102302,CUST02079,Net Banking,Refunded,2026-06-03 20:05:00,TXN7180355852,11072.92
ORD103354,CUST01296,Debit Card,Success,2026-09-09 01:09:00,TXN6400609231,13257.68
ORD103305,CUST01920,UPI,Success,2026-09-01 16:37:00,TXN9066542521,28565.84
ORD102576,CUST00512,Wallet,Success,2026-07-16 20:26:00,TXN7587666179,31055.78
ORD100448,CUST02301,Net Banking,Failed,2026-05-19 12:14:00,TXN5137983756,8409.74
ORD102042,CUST04972,UPI,Refunded,2026-04-25 08:16:00,TXN5805886631,405.18
ORD101218,CUST00379,COD,Success,2026-07-18 05:15:00,TXN3944514142,42973.9
ORD102427,CUST01534,Net Banking,Success,2026-05-07 00:48:00,TXN9855880314,32035.88
ORD102900,CUST03609,COD,Success,2026-07-01 13:37:00,TXN2185593509,2111.19
ORD104389,CUST03080,Credit Card,Success,2026-02-10 08:33:00,TXN5713526543,2249.88
ORD104262,CUST00566,COD,Pending,2026-06-03 22:56:00,TXN9228791280,15802.43
ORD104507,CUST02381,Wallet,Refunded,2026-08-06 08:12:00,TXN8810243798,19495.87
ORD101634,CUST00312,Wallet,Success,2026-03-23 14:00:00,TXN1813293250,42316.97
ORD104223,CUST02876,COD,Success,2026-06-24 00:28:00,TXN9855072564,46310.12
ORD100174,CUST02226,Debit Card,Failed,2026-09-12 11:02:00,TXN2606871672,19390.13
ORD100096,CUST01614,COD,Success,2026-07-17 05:30:00,TXN1564226288,36906.41
ORD102909,CUST00147,Debit Card,Success,2026-05-05 09:56:00,TXN7384748399,95546.24
ORD102117,CUST00714,Net Banking,Success,2026-05-20 17:01:00,TXN3446933793,8918.34
ORD101882,CUST03852,COD,Success,2026-02-28 15:35:00,TXN6054522784,20208.45
ORD103386,CUST01320,Credit Card,Success,2026-08-17 04:32:00,TXN2728598258,2777.38
ORD103174,CUST00956,Wallet,Success,2026-02-20 18:59:00,TXN5069479903,11773.02
ORD100215,CUST00709,COD,Refunded,2026-06-27 09:21:00,TXN9323259504,42476.35
ORD102670,CUST03166,Credit Card,Failed,2026-02-26 20:55:00,TXN2221816986,12831.75
ORD101765,CUST03625,Credit Card,Failed,2026-05-02 18:20:00,TXN2820711364,1697.98
ORD103629,CUST03663,Net Banking,Refunded,2026-08-03 05:29:00,TXN2551040717,21775.14
ORD104419,CUST00676,Net Banking,Success,2026-04-19 14:17:00,TXN7847668183,56679.13
ORD104292,CUST03229,Net Banking,Refunded,2026-03-20 08:00:00,TXN6595700466,1962.12
ORD101352,CUST01535,Credit Card,Success,2026-07-22 13:32:00,TXN4019483691,14038.48
ORD101393,CUST02731,Debit Card,Success,2026-03-11 04:33:00,TXN8192197669,14904.93
ORD102384,CUST03168,UPI,Pending,2026-09-25 17:33:00,TXN1099578958,2691.3
ORD102662,CUST00921,COD,Refunded,2026-04-03 03:23:00,TXN7313498110,2489.36
ORD104633,CUST02223,Credit Card,Success,2026-06-19 03:02:00,TXN5822622383,29912.67
ORD102799,CUST02671,UPI,Pending,2026-06-03 11:00:00,TXN4877101607,27620.53
ORD104857,CUST03327,UPI,Success,2026-08-12 08:18:00,TXN8667533866,5826.91
ORD102405,CUST00043,Net Banking,Refunded,2026-03-27 04:40:00,TXN3719287295,15810.15
ORD100669,CUST02229,UPI,Refunded,2026-03-25 22:35:00,TXN4843583925,10511.01
ORD103696,CUST03073,Net Banking,Refunded,2026-06-30 15:35:00,TXN5746209702,40362.48
ORD104294,CUST03608,COD,Success,2026-03-31 17:42:00,TXN8618835131,39821.07
ORD101290,CUST02703,Net Banking,Success,2026-04-11 16:46:00,TXN3260957953,442.75
ORD104784,CUST00218,Net Banking,Success,2026-08-21 01:25:00,TXN8710238084,39668.38
ORD101015,CUST02580,Wallet,Refunded,2026-07-18 06:41:00,TXN8062420298,14459.44
ORD100087,CUST02708,COD,Success,2026-05-03 01:52:00,TXN4625822646,24271.43
ORD102501,CUST03926,Debit Card,Success,2026-09-24 16:52:00,TXN9150970192,18428.79
ORD102548,CUST03025,Wallet,Success,2026-06-21 09:20:00,TXN5877612691,27483.61
ORD104757,CUST02992,UPI,Success,2026-03-19 11:40:00,TXN9141673027,28811.39
ORD100380,CUST03805,COD,Success,2026-07-01 14:12:00,TXN5997568263,12869.45
ORD104865,CUST03984,Wallet,Refunded,2026-05-29 06:03:00,TXN3296933282,6776.59
ORD101999,CUST00681,Net Banking,Success,2026-09-13 12:30:00,TXN5060075079,27107.34
ORD100703,CUST04232,Net Banking,Refunded,2026-01-29 20:03:00,TXN3519603347,45640.22
ORD100908,CUST03232,Wallet,Success,2026-03-07 18:05:00,TXN1940242367,5627.78
ORD104025,CUST04160,Credit Card,Pending,2026-09-09 02:37:00,TXN4866183348,4396.06
ORD104549,CUST02756,Credit Card,Failed,2026-06-19 10:22:00,TXN4932451314,13442.35
ORD102157,CUST03977,Net Banking,Refunded,2026-03-01 10:59:00,TXN8258273046,16308.48
ORD101485,CUST02572,UPI,Success,2026-09-08 08:55:00,TXN4282341752,15333.62
ORD103308,CUST03611,COD,Success,2026-06-24 05:39:00,TXN4445662254,11555.3
ORD102562,CUST00373,Credit Card,Failed,2026-07-03 12:39:00,TXN1608996469,72204.43
ORD100293,CUST00436,Net Banking,Failed,2026-03-17 23:17:00,TXN2484899050,4620.4
ORD103188,CUST02717,Debit Card,Refunded,2026-02-17 14:35:00,TXN7602679688,28200.4
ORD104870,CUST04989,Credit Card,Refunded,2026-03-05 23:50:00,TXN9837723102,38865.6
ORD100285,CUST02793,UPI,Refunded,2026-04-20 07:12:00,TXN6726384375,70181.38
ORD100509,CUST02603,UPI,Success,2026-04-16 18:53:00,TXN2164466412,23519.76
ORD104498,CUST00921,Net Banking,Success,2026-09-12 03:38:00,TXN2941537368,44362.21
ORD104145,CUST04175,Wallet,Success,2026-05-09 19:23:00,TXN5910708948,44471.32
ORD104863,CUST01177,Net Banking,Success,2026-02-14 03:31:00,TXN1260678023,41780.73
ORD101116,CUST02586,COD,Failed,2026-05-11 06:40:00,TXN6442831870,18818.53
ORD101636,CUST00387,Credit Card,Refunded,2026-07-26 15:34:00,TXN1581890295,9832.72
ORD103867,CUST04911,Debit Card,Refunded,2026-05-03 00:31:00,TXN1338625270,27482.68
ORD101672,CUST02945,Debit Card,Success,2026-08-15 18:34:00,TXN6999481792,74537.64
ORD104150,CUST01686,Credit Card,Success,2026-02-01 03:58:00,TXN6516251067,942.47
ORD101056,CUST00047,Wallet,Success,2026-06-05 11:59:00,TXN3884196755,25618.95
ORD103405,CUST04936,Debit Card,Success,2026-03-25 11:22:00,TXN8879167037,7051.7
ORD102130,CUST04170,COD,Refunded,2026-07-28 21:47:00,TXN2345482057,55177.65
ORD101683,CUST00143,COD,Failed,2026-03-25 05:08:00,TXN3090480833,20276.32
ORD100962,CUST03595,UPI,Refunded,2026-09-13 07:33:00,TXN7684918958,74943.74
ORD102454,CUST01094,Debit Card,Success,2026-07-12 09:24:00,TXN7143074159,3746.63
ORD103075,CUST04207,COD,Failed,2026-04-04 09:37:00,TXN1154875611,15614.92
ORD101266,CUST04469,Net Banking,Refunded,2026-05-01 13:22:00,TXN2822646142,3089.94
ORD104829,CUST03562,Debit Card,Refunded,2026-05-08 21:31:00,TXN7083965633,32717.57
ORD103237,CUST04685,Debit Card,Pending,2026-05-25 04:15:00,TXN3114050804,16753.36
ORD100385,CUST02685,Credit Card,Success,2026-04-04 13:32:00,TXN3981705754,2700.9
ORD103485,CUST02868,Credit Card,Pending,2026-08-31 15:13:00,TXN4895023089,2129.84
ORD102544,CUST04148,COD,Success,2026-08-02 19:30:00,TXN9437175776,23772.34
ORD104161,CUST04513,UPI,Success,2026-07-16 09:18:00,TXN4881467133,504.85
ORD103567,CUST03180,COD,Refunded,2026-05-17 12:03:00,TXN9740135670,16170.68
ORD103588,CUST02086,UPI,Success,2026-06-21 23:19:00,TXN3191284567,2124.24
ORD101230,CUST01965,Credit Card,Success,2026-05-02 03:03:00,TXN3591015656,8922.54
ORD101689,CUST01798,Debit Card,Pending,2026-05-14 00:35:00,TXN3117125601,32275.39
ORD103564,CUST04359,COD,Failed,2026-08-19 20:46:00,TXN5954944678,28758.75
ORD103349,CUST04911,UPI,Refunded,2026-06-10 16:32:00,TXN5887054816,22172.41
ORD101820,CUST00151,Credit Card,Success,2026-07-07 06:30:00,TXN2473140823,19836.62
ORD103584,CUST01431,COD,Refunded,2026-04-24 00:44:00,TXN1371051567,13875.56
ORD101484,CUST02107,COD,Success,2026-06-03 03:59:00,TXN9898089909,41676.4
ORD101552,CUST00156,UPI,Success,2026-07-26 01:30:00,TXN9515789275,34376.22
ORD104277,CUST04774,Net Banking,Refunded,2026-05-15 15:34:00,TXN7222139716,49635.58
ORD103185,CUST03215,Credit Card,Refunded,2026-02-02 00:17:00,TXN6656606197,40790.43
ORD100077,CUST00404,COD,Success,2026-04-05 18:35:00,TXN1230059459,21101.82
ORD100441,CUST04380,Credit Card,Success,2026-07-16 12:12:00,TXN4224619798,35298.59
ORD102503,CUST04600,Wallet,Success,2026-09-14 02:15:00,TXN5469600218,866.06
ORD104493,CUST03989,UPI,Success,2026-03-29 02:20:00,TXN5045407243,27685.3
ORD102692,CUST00761,Wallet,Refunded,2026-04-20 10:14:00,TXN2705189524,5400.85
ORD103124,CUST01870,Net Banking,Success,2026-08-16 20:29:00,TXN3434040796,32565.28
ORD100039,CUST01292,COD,Refunded,2026-05-29 04:59:00,TXN7330073167,20842.2
ORD101557,CUST04340,Wallet,Refunded,2026-04-07 22:51:00,TXN8618501212,25676.85
ORD104414,CUST00574,Wallet,Refunded,2026-02-16 08:01:00,TXN7806553563,1324.2
ORD101096,CUST03407,Credit Card,Success,2026-08-20 22:54:00,TXN7173078656,7447.78
ORD100549,CUST02828,Credit Card,Pending,2026-06-09 03:27:00,TXN9454678365,25989.86
ORD104075,CUST01089,Debit Card,Failed,2026-06-04 15:08:00,TXN5960269244,5129.31
ORD101839,CUST02047,UPI,Refunded,2026-09-09 06:11:00,TXN2503950467,10887.48
ORD104022,CUST03128,Wallet,Refunded,2026-07-01 08:29:00,TXN9521160361,5462.73
ORD103692,CUST01983,Net Banking,Success,2026-02-01 22:13:00,TXN6237915676,6598.31
ORD102244,CUST00886,UPI,Refunded,2026-05-14 20:54:00,TXN4228242948,48602.61
ORD102068,CUST04689,Net Banking,Refunded,2026-07-03 10:31:00,TXN4160598040,38056.77
ORD102296,CUST02549,Net Banking,Refunded,2026-05-05 16:04:00,TXN3543525576,3183.13
ORD100144,CUST02776,Debit Card,Success,2026-02-17 07:17:00,TXN8993939738,52973.83
ORD102252,CUST01958,Net Banking,Refunded,2026-04-29 01:55:00,TXN4367909095,26912.43
ORD102276,CUST01153,Wallet,Success,2026-02-19 17:29:00,TXN1155980414,73439.85
ORD104409,CUST04242,Debit Card,Success,2026-03-24 23:24:00,TXN9934302726,51689.99
ORD101938,CUST02315,Wallet,Pending,2026-08-30 00:16:00,TXN1602252708,38654.57
ORD104086,CUST03899,Wallet,Refunded,2026-03-02 06:39:00,TXN1963269791,30699.18
ORD103152,CUST02914,Debit Card,Refunded,2026-09-14 00:24:00,TXN9460846639,69662.52
ORD103077,CUST03821,Wallet,Success,2026-08-22 10:16:00,TXN6687609053,35407.94
ORD102429,CUST02464,UPI,Success,2026-02-09 15:10:00,TXN7139244186,11399.08
ORD100880,CUST04468,Credit Card,Success,2026-09-09 23:10:00,TXN9297407765,45295.74
ORD103850,CUST04564,Wallet,Refunded,2026-07-23 02:38:00,TXN7514384372,1313.67
ORD103697,CUST03611,Wallet,Success,2026-07-23 19:08:00,TXN3294677630,19143.88
ORD103475,CUST03940,Credit Card,Failed,2026-06-18 06:04:00,TXN4620847437,48560.82
ORD103529,CUST00155,Debit Card,Success,2026-09-01 17:32:00,TXN1948051896,2412.57
ORD102196,CUST01187,Wallet,Success,2026-03-24 17:05:00,TXN5326619092,22617.8
ORD100232,CUST00851,Debit Card,Refunded,2026-03-18 16:19:00,TXN3416747260,25379.2
ORD104598,CUST04988,Credit Card,Success,2026-03-13 14:28:00,TXN9079110657,19097.75
ORD102056,CUST00507,Wallet,Success,2026-07-03 00:31:00,TXN7034048132,53405.09
ORD102595,CUST04270,Net Banking,Success,2026-03-09 04:07:00,TXN2645442861,7081.88
ORD101944,CUST04097,COD,Pending,2026-02-08 10:58:00,TXN8346223654,34059.36
ORD101646,CUST00680,Credit Card,Pending,2026-06-02 19:38:00,TXN1047062146,23557.18
ORD100195,CUST04682,Credit Card,Success,2026-04-27 19:58:00,TXN7319836743,11646.46
ORD101741,CUST00484,Wallet,Success,2026-07-02 14:48:00,TXN3165551709,64962.17
ORD102125,CUST01637,Net Banking,Success,2026-03-17 07:48:00,TXN7204357623,34135.45
ORD102255,CUST04198,Debit Card,Pending,2026-02-01 17:32:00,TXN1472446497,41664.0
ORD104424,CUST04550,Wallet,Refunded,2026-03-04 09:35:00,TXN3730231397,7534.42
ORD101671,CUST00088,COD,Success,2026-09-05 16:28:00,TXN7487082021,2314.01
ORD102261,CUST03396,Credit Card,Pending,2026-05-30 09:53:00,TXN3788085392,1940.61
ORD104976,CUST03002,COD,Refunded,2026-04-09 00:47:00,TXN4035828782,23295.19
ORD104908,CUST00947,COD,Success,2026-09-21 15:35:00,TXN6680751890,6568.23
ORD101680,CUST04729,Debit Card,Success,2026-08-03 00:29:00,TXN6689918221,1810.84
ORD100668,CUST02929,Wallet,Success,2026-07-23 05:03:00,TXN6088061279,22720.0
ORD102812,CUST02928,Wallet,Pending,2026-07-11 10:46:00,TXN8549226770,1442.9
ORD104482,CUST04016,Net Banking,Pending,2026-08-08 20:19:00,TXN7379798562,3377.34
ORD103542,CUST01263,Credit Card,Refunded,2026-02-27 18:51:00,TXN9358852795,56330.37
ORD103913,CUST04211,Net Banking,Success,2026-05-30 21:42:00,TXN2563187320,956.72
ORD103656,CUST03737,UPI,Failed,2026-06-23 12:21:00,TXN6156292026,12439.32
ORD104250,CUST01322,Debit Card,Pending,2026-08-21 07:17:00,TXN5040735062,13054.44
ORD101553,CUST02880,COD,Success,2026-06-28 11:53:00,TXN5867899025,10944.33
ORD100295,CUST02337,UPI,Refunded,2026-08-01 16:29:00,TXN1224767903,13872.21
ORD100080,CUST01742,Net Banking,Refunded,2026-05-29 11:46:00,TXN1830973969,10545.77
ORD101186,CUST01134,UPI,Refunded,2026-09-24 07:48:00,TXN9726061927,26649.17
ORD104350,CUST04221,Wallet,Failed,2026-04-19 22:29:00,TXN2735949815,17343.24
ORD104330,CUST03858,Wallet,Success,2026-08-08 13:41:00,TXN9259210178,15333.29
ORD100585,CUST00529,Debit Card,Refunded,2026-03-04 01:56:00,TXN3660877397,16811.94
ORD104038,CUST01822,Credit Card,Refunded,2026-06-05 09:37:00,TXN9123592597,59582.3
ORD104984,CUST00664,UPI,Success,2026-02-12 16:09:00,TXN4859129126,19637.64
ORD100207,CUST04575,UPI,Success,2026-05-23 03:22:00,TXN2715249722,60451.89
ORD100768,CUST02637,Debit Card,Pending,2026-08-24 18:05:00,TXN3037196672,2663.36
ORD104087,CUST00187,UPI,Pending,2026-08-31 13:04:00,TXN3653156309,20756.6
ORD100941,CUST01971,Debit Card,Pending,2026-07-07 07:28:00,TXN1738546901,20603.42
ORD102507,CUST04688,Debit Card,Success,2026-07-26 08:09:00,TXN5655069305,8399.36
ORD101506,CUST01735,Debit Card,Refunded,2026-06-23 09:46:00,TXN4008972382,2290.76
ORD103724,CUST02465,UPI,Success,2026-03-06 09:34:00,TXN6842797602,10650.91
ORD103258,CUST03328,COD,Success,2026-01-30 12:33:00,TXN1401282912,11168.7
ORD102431,CUST03675,Net Banking,Failed,2026-02-25 00:49:00,TXN1132746997,29525.13
ORD101210,CUST00011,Credit Card,Pending,2026-02-16 20:51:00,TXN4898225364,4366.41
ORD100784,CUST04679,Wallet,Success,2026-04-17 02:00:00,TXN7974755484,24073.57
ORD102510,CUST04305,Credit Card,Failed,2026-09-24 02:54:00,TXN3904053177,25361.92
ORD101829,CUST02911,COD,Refunded,2026-06-04 09:42:00,TXN5328786859,1178.9
ORD103256,CUST00540,Debit Card,Success,2026-08-15 07:05:00,TXN6046760945,28665.33
ORD100239,CUST00627,Net Banking,Refunded,2026-03-01 20:54:00,TXN3272014048,80883.92
ORD101655,CUST03180,Debit Card,Success,2026-09-11 09:28:00,TXN2004695290,4564.48
ORD104664,CUST00049,Net Banking,Success,2026-05-12 11:54:00,TXN9693976563,72541.11
ORD104563,CUST02026,UPI,Refunded,2026-02-24 17:14:00,TXN3537013188,38061.67
ORD103147,CUST03155,Credit Card,Refunded,2026-03-24 15:32:00,TXN4436177377,3988.33
ORD104494,CUST03407,COD,Success,2026-06-16 05:11:00,TXN2113843120,40538.6
ORD104427,CUST03559,Wallet,Success,2026-09-02 06:12:00,TXN4922016840,6716.24
ORD102796,CUST03028,Credit Card,Success,2026-05-27 14:39:00,TXN5780736887,13145.38
ORD103825,CUST00209,Net Banking,Success,2026-03-12 23:31:00,TXN1870134752,8379.54
ORD104798,CUST02532,Wallet,Pending,2026-09-01 04:27:00,TXN5740503420,54914.45
ORD103350,CUST00715,Net Banking,Success,2026-08-26 14:16:00,TXN4278918981,27795.55
ORD101154,CUST02717,COD,Failed,2026-05-19 09:54:00,TXN2527200447,10891.08
ORD103510,CUST03492,COD,Refunded,2026-02-14 15:18:00,TXN7967180372,25958.8
ORD103845,CUST03190,Debit Card,Success,2026-05-27 19:56:00,TXN2044832908,25803.71
ORD103421,CUST02734,Debit Card,Refunded,2026-09-20 11:10:00,TXN2839976427,12720.23
ORD104913,CUST03247,COD,Success,2026-04-19 14:08:00,TXN2759602526,558.78
ORD104169,CUST04638,Debit Card,Success,2026-04-06 13:05:00,TXN6566428048,26268.19
ORD100999,CUST01907,Wallet,Success,2026-06-22 16:00:00,TXN2870321179,49805.46
ORD104283,CUST00898,Wallet,Refunded,2026-04-14 01:08:00,TXN8074468736,87224.37
ORD104355,CUST01319,Credit Card,Success,2026-08-11 03:18:00,TXN6175184764,3399.49
ORD103577,CUST04344,COD,Refunded,2026-03-29 05:18:00,TXN9291974802,20918.64
ORD104491,CUST00659,Debit Card,Refunded,2026-03-25 03:14:00,TXN3925291545,19878.04
ORD101954,CUST03299,Credit Card,Failed,2026-07-12 19:10:00,TXN4524393892,13697.7
ORD101000,CUST00704,Wallet,Success,2026-03-06 19:32:00,TXN5455480989,36428.99
ORD103057,CUST04809,Net Banking,Success,2026-08-12 07:30:00,TXN8526496584,81747.44
ORD100816,CUST04837,Debit Card,Success,2026-09-20 12:27:00,TXN6661985741,15055.94
ORD101918,CUST03952,COD,Success,2026-04-05 01:24:00,TXN5592745113,31491.37
ORD103785,CUST04081,Debit Card,Success,2026-09-11 10:11:00,TXN9331648454,2872.22
ORD100086,CUST04697,Credit Card,Success,2026-08-18 12:50:00,TXN3062988506,62443.19
ORD101432,CUST00128,Debit Card,Pending,2026-08-15 13:31:00,TXN7332279026,31819.93
ORD103092,CUST00851,UPI,Refunded,2026-07-12 02:49:00,TXN9832890162,42197.82
ORD103454,CUST04095,COD,Refunded,2026-03-26 00:35:00,TXN5118902787,8815.16
ORD100402,CUST02947,Net Banking,Failed,2026-05-24 00:30:00,TXN1910199332,3352.35
ORD101783,CUST00769,Net Banking,Success,2026-08-01 23:30:00,TXN7485356470,32936.1
ORD104979,CUST00558,UPI,Success,2026-09-03 10:53:00,TXN9593728800,4874.98
ORD102477,CUST02243,UPI,Refunded,2026-07-18 09:05:00,TXN8163830297,53356.17
ORD104357,CUST02116,Net Banking,Success,2026-05-11 00:55:00,TXN5140511472,44470.55
ORD103583,CUST02573,COD,Failed,2026-04-30 14:28:00,TXN3705060530,7553.96
ORD104476,CUST03822,COD,Success,2026-03-16 08:10:00,TXN2763296156,19304.48
ORD103933,CUST00585,Debit Card,Refunded,2026-06-09 13:13:00,TXN3246360528,6310.5
ORD102910,CUST00547,Credit Card,Pending,2026-03-31 06:22:00,TXN9947955208,12361.46
ORD103620,CUST00822,Net Banking,Pending,2026-02-28 08:54:00,TXN7088463040,39245.14
ORD103660,CUST03261,UPI,Refunded,2026-03-08 22:17:00,TXN6574519216,3990.11
ORD104705,CUST04837,Debit Card,Failed,2026-08-21 09:53:00,TXN3953744848,6621.01
ORD104572,CUST03506,Net Banking,Success,2026-04-11 07:26:00,TXN3200921511,28609.81
ORD102007,CUST04031,COD,Refunded,2026-04-20 22:22:00,TXN5085894699,80433.08
ORD103503,CUST02118,Wallet,Success,2026-07-10 22:27:00,TXN9786947943,81225.57
ORD104085,CUST00647,COD,Failed,2026-06-19 17:35:00,TXN7777251725,9618.73
ORD101295,CUST00480,Net Banking,Success,2026-05-02 09:38:00,TXN6623437564,16646.52
ORD104869,CUST01211,COD,Refunded,2026-09-15 11:46:00,TXN1889763398,46801.86
ORD101924,CUST02606,Wallet,Success,2026-02-27 07:15:00,TXN4518515622,17199.63
ORD101935,CUST01957,Wallet,Success,2026-06-24 08:59:00,TXN4064865828,2144.76
ORD102475,CUST00033,COD,Refunded,2026-04-10 13:13:00,TXN7497445556,12228.4
ORD100798,CUST00325,UPI,Success,2026-09-22 14:45:00,TXN2285532786,63028.04
ORD103844,CUST02640,UPI,Pending,2026-05-04 11:26:00,TXN7498031151,4275.27
ORD103249,CUST02421,COD,Pending,2026-02-15 18:20:00,TXN8226778935,1460.08
ORD101226,CUST02351,UPI,Success,2026-02-22 21:13:00,TXN7612977010,33788.6
ORD104484,CUST04889,COD,Pending,2026-04-08 03:46:00,TXN5006464064,27481.81
ORD102318,CUST02378,UPI,Refunded,2026-05-23 20:42:00,TXN3830563068,15949.56
ORD104620,CUST01494,UPI,Refunded,2026-06-30 18:44:00,TXN4309003778,7415.65
ORD102580,CUST04103,Debit Card,Success,2026-06-23 19:21:00,TXN9036498224,34594.57
ORD101069,CUST02278,UPI,Refunded,2026-09-24 05:53:00,TXN9059645445,71004.76
ORD103204,CUST02936,Net Banking,Success,2026-08-18 03:26:00,TXN9610507559,38747.58
ORD100075,CUST00642,Wallet,Success,2026-03-15 09:53:00,TXN8512464055,69991.82
ORD102379,CUST02820,COD,Refunded,2026-05-18 10:05:00,TXN1472184368,807.24
ORD100972,CUST04276,Wallet,Pending,2026-05-05 06:10:00,TXN1458159387,1839.18
ORD102362,CUST02295,Debit Card,Refunded,2026-05-29 12:03:00,TXN7179271627,6976.9
ORD101519,CUST01461,UPI,Success,2026-04-23 22:55:00,TXN1039965004,64354.04
ORD103513,CUST03561,Net Banking,Pending,2026-02-10 21:27:00,TXN1670813347,67299.74
ORD101219,CUST01685,COD,Success,2026-05-11 06:20:00,TXN4860579792,1641.13
ORD103544,CUST04881,Debit Card,Success,2026-03-03 09:25:00,TXN2078467394,7624.09
ORD103418,CUST02634,COD,Refunded,2026-03-07 22:09:00,TXN3661920406,11290.97
ORD101979,CUST02734,Wallet,Refunded,2026-09-08 17:48:00,TXN5334618236,45797.14
ORD100114,CUST03847,Debit Card,Refunded,2026-09-04 05:21:00,TXN1884580979,43190.78
ORD101286,CUST00979,Debit Card,Success,2026-04-14 14:54:00,TXN6578459088,11686.41
ORD100654,CUST03647,COD,Failed,2026-09-12 04:46:00,TXN8560256115,41461.91
ORD100642,CUST04347,COD,Success,2026-02-27 11:45:00,TXN6163447518,16131.24
ORD104836,CUST00287,UPI,Pending,2026-07-26 07:47:00,TXN7523205378,4851.65
ORD100000,CUST04596,Credit Card,Refunded,2026-05-04 11:30:00,TXN1596422217,30972.26
ORD103096,CUST01598,COD,Refunded,2026-05-29 11:28:00,TXN2493723140,4942.19
ORD102243,CUST04702,UPI,Failed,2026-03-18 09:53:00,TXN6710826750,27910.4
ORD102139,CUST02668,COD,Success,2026-06-09 17:16:00,TXN7901956339,19648.81
ORD103798,CUST02704,COD,Success,2026-07-24 11:55:00,TXN8872215197,26153.04
ORD101477,CUST00499,Debit Card,Success,2026-07-08 15:21:00,TXN9630248192,22490.63
ORD101914,CUST04919,UPI,Success,2026-05-06 15:42:00,TXN6224647142,41126.44
ORD100249,CUST02194,Wallet,Failed,2026-07-09 10:28:00,TXN5044071507,4788.53
ORD103997,CUST01644,Credit Card,Success,2026-04-02 07:59:00,TXN4754404933,7690.01
ORD102953,CUST02844,UPI,Success,2026-04-21 07:23:00,TXN9655863178,44967.18
ORD100787,CUST03251,Debit Card,Failed,2026-05-19 04:35:00,TXN7487891606,68214.81
ORD100824,CUST02247,UPI,Failed,2026-05-20 08:11:00,TXN5717616762,28600.56
ORD101939,CUST00765,Net Banking,Success,2026-02-25 23:51:00,TXN6836917958,8495.95
ORD101392,CUST04761,Net Banking,Pending,2026-07-22 02:09:00,TXN7548051821,20671.86
ORD102218,CUST02969,Debit Card,Success,2026-05-09 12:45:00,TXN7257865781,27642.36
ORD100535,CUST04313,Credit Card,Success,2026-04-12 12:49:00,TXN9212556878,6803.96
ORD102739,CUST04374,Wallet,Failed,2026-05-31 13:33:00,TXN6666689564,41282.1
ORD104817,CUST01268,Net Banking,Refunded,2026-09-04 19:17:00,TXN4300179431,21955.98
ORD101718,CUST01786,Credit Card,Success,2026-09-13 06:09:00,TXN6441042033,21945.89
ORD104986,CUST04851,COD,Pending,2026-05-13 15:12:00,TXN2920288944,5084.5
ORD102803,CUST04427,UPI,Refunded,2026-02-02 03:39:00,TXN4250666793,53964.23
ORD100610,CUST03545,Net Banking,Success,2026-09-06 00:44:00,TXN9458992132,35158.12
ORD100491,CUST00819,Credit Card,Success,2026-03-24 01:11:00,TXN8358675769,70618.05
ORD101166,CUST01987,Credit Card,Success,2026-04-10 11:39:00,TXN4567364603,10196.49
ORD102043,CUST03109,Debit Card,Refunded,2026-09-21 07:34:00,TXN1421560635,4807.55
ORD102637,CUST01655,Debit Card,Refunded,2026-06-16 06:41:00,TXN4678017539,47923.0
ORD100666,CUST03152,Net Banking,Pending,2026-07-08 14:10:00,TXN2762231860,64943.95
ORD103419,CUST02657,Wallet,Success,2026-03-18 14:14:00,TXN4306731247,37806.63
ORD101583,CUST00155,Wallet,Success,2026-03-09 07:55:00,TXN5258003792,21628.91
ORD102906,CUST00523,Net Banking,Refunded,2026-04-11 03:40:00,TXN8160501815,8405.37
ORD103770,CUST01547,Debit Card,Success,2026-03-21 21:07:00,TXN6727516835,11633.07
ORD102923,CUST01186,COD,Failed,2026-09-03 01:17:00,TXN7178519600,20010.66
ORD103757,CUST02503,UPI,Success,2026-05-02 06:39:00,TXN4658890740,33066.1
ORD100627,CUST00057,Debit Card,Success,2026-07-18 17:35:00,TXN1132793492,1473.51
ORD101903,CUST03087,Wallet,Failed,2026-04-14 04:19:00,TXN9558077019,1988.64
ORD103166,CUST01740,Debit Card,Refunded,2026-03-27 15:15:00,TXN4664016796,53212.8
ORD104230,CUST03608,COD,Success,2026-05-24 17:24:00,TXN9903201136,52874.39
ORD104826,CUST00066,Debit Card,Refunded,2026-04-02 17:06:00,TXN4504369439,4163.83
ORD101989,CUST00262,Debit Card,Success,2026-08-28 01:14:00,TXN7753108758,6318.14
ORD102012,CUST02337,Credit Card,Pending,2026-04-06 21:18:00,TXN8900246140,4556.99
ORD103951,CUST01040,UPI,Failed,2026-09-10 00:30:00,TXN5072733012,19222.2
ORD104057,CUST01383,COD,Refunded,2026-03-30 18:38:00,TXN8345857634,19488.28
ORD100575,CUST01320,UPI,Pending,2026-03-04 07:44:00,TXN8903607735,54940.34
ORD102817,CUST00698,Wallet,Success,2026-07-25 15:19:00,TXN8448161964,14700.82
ORD102934,CUST03308,COD,Refunded,2026-06-22 08:02:00,TXN5349416271,2728.43
ORD103565,CUST04580,Net Banking,Success,2026-08-18 23:54:00,TXN7490075175,11214.97
ORD103071,CUST01319,Credit Card,Refunded,2026-06-09 12:36:00,TXN9608819409,36564.15
ORD103336,CUST01976,Wallet,Failed,2026-05-25 20:26:00,TXN2659436203,35471.94
ORD103922,CUST01430,Credit Card,Success,2026-08-05 23:58:00,TXN6067854986,19802.52
ORD100883,CUST01526,Debit Card,Success,2026-05-19 21:17:00,TXN1176979025,89043.67
ORD100733,CUST00137,Debit Card,Refunded,2026-06-01 03:11:00,TXN8196200419,30013.0
ORD102931,CUST04769,Credit Card,Refunded,2026-07-31 17:57:00,TXN7155114296,8155.55
ORD104896,CUST01370,Credit Card,Success,2026-02-02 23:45:00,TXN2154107587,20327.74
ORD103197,CUST03281,COD,Success,2026-09-17 07:48:00,TXN9667535425,29778.1
ORD103064,CUST03099,Wallet,Refunded,2026-04-13 03:23:00,TXN8362976918,33857.77
ORD100647,CUST03347,COD,Success,2026-04-21 10:29:00,TXN3033451852,4227.64
ORD100951,CUST03645,Net Banking,Refunded,2026-02-15 11:10:00,TXN8659717446,8852.37
ORD104425,CUST00915,UPI,Success,2026-09-08 06:09:00,TXN3470240473,61355.87
ORD100061,CUST00377,Wallet,Refunded,2026-03-22 15:26:00,TXN5891811589,8228.89
ORD101754,CUST01905,Wallet,Refunded,2026-04-08 07:08:00,TXN2945728901,15344.89
ORD102242,CUST02401,Net Banking,Refunded,2026-07-04 14:16:00,TXN6707761083,40781.82
ORD104078,CUST03496,Wallet,Refunded,2026-05-24 21:36:00,TXN2963938325,60955.4
ORD101593,CUST00899,Net Banking,Success,2026-03-14 06:27:00,TXN3909060814,1619.76
ORD100111,CUST01976,Net Banking,Refunded,2026-05-24 19:48:00,TXN2900232411,3153.62
ORD101430,CUST03662,Wallet,Success,2026-03-25 13:52:00,TXN5304010157,15917.24
ORD100101,CUST04534,COD,Refunded,2026-03-11 15:39:00,TXN4351345546,32934.53
ORD103009,CUST01049,Credit Card,Refunded,2026-06-10 00:12:00,TXN9664985793,6907.17
ORD101694,CUST04794,COD,Success,2026-05-22 06:52:00,TXN7781438684,1476.91
ORD100856,CUST01859,Debit Card,Refunded,2026-02-13 00:11:00,TXN1995216520,12317.08
ORD103404,CUST04856,COD,Success,2026-08-03 20:12:00,TXN9266098894,9811.2
ORD104666,CUST01875,Wallet,Refunded,2026-08-05 16:29:00,TXN1590835096,29563.9
ORD101890,CUST03303,Credit Card,Failed,2026-05-01 22:42:00,TXN9338500405,24073.9
ORD103156,CUST01310,Net Banking,Refunded,2026-06-29 08:19:00,TXN9245825220,54200.32
ORD104212,CUST03832,Wallet,Success,2026-03-09 23:52:00,TXN4320536408,15849.59
ORD102996,CUST00552,Net Banking,Success,2026-08-21 05:39:00,TXN8138590128,27232.07
ORD103003,CUST02130,COD,Refunded,2026-08-06 11:43:00,TXN4118462843,7936.38
ORD102857,CUST02680,Debit Card,Success,2026-03-23 12:15:00,TXN6814428715,10515.7
ORD103824,CUST03586,Credit Card,Pending,2026-09-23 22:02:00,TXN7796943625,16819.58
ORD100832,CUST03677,Credit Card,Failed,2026-04-25 10:29:00,TXN6399221153,1284.14
ORD102815,CUST04866,Credit Card,Pending,2026-03-27 14:36:00,TXN2824818113,42111.72
ORD102215,CUST04718,Wallet,Success,2026-04-17 02:43:00,TXN4141169356,12748.9
ORD100782,CUST04694,Net Banking,Success,2026-07-13 11:49:00,TXN1545821647,33600.51
ORD101778,CUST03164,Net Banking,Failed,2026-04-07 02:22:00,TXN4992441882,6452.64
ORD104112,CUST00348,UPI,Refunded,2026-03-16 11:43:00,TXN6931145044,20979.71
ORD100750,CUST01906,Net Banking,Success,2026-02-19 03:25:00,TXN8230277088,18076.42
ORD101693,CUST00184,Wallet,Refunded,2026-07-24 04:13:00,TXN5346332565,14944.09
ORD103735,CUST00720,UPI,Success,2026-04-03 03:47:00,TXN9393011599,25849.8
ORD102335,CUST03598,UPI,Success,2026-03-27 08:52:00,TXN6712045894,52770.27
ORD100589,CUST04458,Net Banking,Pending,2026-08-29 20:53:00,TXN5250750767,11068.89
ORD100304,CUST03254,Credit Card,Refunded,2026-03-31 04:19:00,TXN3399443930,31216.03
ORD101532,CUST01928,UPI,Success,2026-08-16 18:52:00,TXN4343249333,42054.15
ORD104475,CUST03532,COD,Refunded,2026-03-15 21:29:00,TXN9601051037,67763.71
ORD101883,CUST04381,Debit Card,Failed,2026-07-17 02:01:00,TXN3772960640,82560.32
ORD103151,CUST01578,Debit Card,Pending,2026-08-07 00:51:00,TXN2603417898,20499.89
ORD103082,CUST00686,Wallet,Pending,2026-03-31 03:45:00,TXN1442333605,3777.15
ORD101946,CUST02768,Credit Card,Failed,2026-03-02 22:58:00,TXN1276126130,12331.35
ORD100713,CUST04306,COD,Refunded,2026-08-29 15:05:00,TXN6846217675,18138.76
ORD104203,CUST03175,Wallet,Success,2026-03-13 16:02:00,TXN1105856622,46983.74
ORD104127,CUST01795,Debit Card,Success,2026-05-08 04:41:00,TXN2807504207,31681.11
ORD101315,CUST01728,Debit Card,Success,2026-08-08 04:10:00,TXN3874378592,46271.62
ORD100813,CUST00212,UPI,Success,2026-08-23 00:26:00,TXN7840243511,25239.16
ORD104398,CUST03709,Wallet,Success,2026-08-20 12:12:00,TXN7220657712,24338.7
ORD103910,CUST01393,Credit Card,Refunded,2026-07-07 00:08:00,TXN8560696961,8754.81
ORD104610,CUST04365,Debit Card,Refunded,2026-03-25 03:15:00,TXN8298413467,37694.53
ORD100405,CUST02117,Debit Card,Success,2026-02-20 02:06:00,TXN5051077870,31940.95
ORD101236,CUST02537,Credit Card,Refunded,2026-04-14 02:29:00,TXN1763549541,5652.81
ORD102229,CUST01042,Net Banking,Success,2026-02-02 01:26:00,TXN3303705608,2266.3
ORD101638,CUST02961,Net Banking,Success,2026-06-03 21:48:00,TXN5647502104,14888.63
ORD101330,CUST04329,Wallet,Success,2026-03-03 04:53:00,TXN7199929489,2615.16
ORD100899,CUST03902,Net Banking,Success,2026-04-09 02:36:00,TXN2674859562,74840.2
ORD104267,CUST00556,Credit Card,Success,2026-08-31 00:33:00,TXN2628830288,50930.18
ORD102390,CUST04744,Debit Card,Success,2026-03-22 03:13:00,TXN9069046456,10021.07
ORD100092,CUST00289,Net Banking,Pending,2026-08-10 02:13:00,TXN7793591587,19104.52
ORD101633,CUST03991,UPI,Refunded,2026-04-22 19:12:00,TXN5509767931,66365.65
ORD104759,CUST00675,COD,Refunded,2026-09-24 19:23:00,TXN5945307061,52079.44
ORD102855,CUST02045,Debit Card,Success,2026-05-09 22:43:00,TXN7384595237,38913.95
ORD104263,CUST00988,Wallet,Success,2026-07-25 23:57:00,TXN4417343701,30139.71
ORD101930,CUST02034,Credit Card,Pending,2026-04-17 11:30:00,TXN1286919327,48591.81
ORD100920,CUST03162,Net Banking,Refunded,2026-09-20 06:57:00,TXN5755568212,38947.01
ORD103218,CUST01757,Net Banking,Failed,2026-06-08 01:49:00,TXN3335831787,71516.48
ORD101100,CUST04240,Debit Card,Success,2026-06-10 11:14:00,TXN7646731050,10810.85
ORD104762,CUST03489,UPI,Refunded,2026-04-30 13:57:00,TXN1673489725,4050.54
ORD100519,CUST03438,Credit Card,Success,2026-02-20 18:51:00,TXN9487442854,28118.4
ORD101439,CUST03816,UPI,Failed,2026-02-08 13:20:00,TXN9938290038,17561.93
ORD102123,CUST01609,Net Banking,Refunded,2026-03-31 18:38:00,TXN2040760077,14109.81
ORD103024,CUST03713,Net Banking,Success,2026-02-14 04:59:00,TXN2858041995,27827.25
ORD100473,CUST04786,UPI,Success,2026-06-21 20:56:00,TXN6284151941,50801.62
ORD104293,CUST02715,COD,Success,2026-04-15 16:10:00,TXN5120718295,35016.04
ORD103632,CUST00361,UPI,Refunded,2026-08-04 11:32:00,TXN7608566699,7767.37
ORD103108,CUST03879,UPI,Success,2026-08-27 04:44:00,TXN2570066322,14093.34
ORD103738,CUST00671,Debit Card,Refunded,2026-02-08 18:09:00,TXN5317301492,16085.7
ORD104254,CUST03051,COD,Refunded,2026-04-24 19:48:00,TXN9131119441,27884.18
ORD102089,CUST01564,Debit Card,Success,2026-04-28 08:15:00,TXN4931722350,53297.1
ORD102511,CUST02029,Wallet,Success,2026-08-13 21:51:00,TXN7168309814,1597.86
ORD102760,CUST01770,Wallet,Refunded,2026-08-02 07:39:00,TXN5588006190,35068.26
ORD104911,CUST02406,Net Banking,Success,2026-08-30 00:23:00,TXN9889369511,1264.38
ORD100056,CUST01295,Net Banking,Refunded,2026-05-31 02:59:00,TXN8532934628,68390.14
ORD103172,CUST01030,Wallet,Refunded,2026-06-08 06:46:00,TXN5627335784,16536.75
ORD102129,CUST02521,Wallet,Success,2026-02-24 07:16:00,TXN5426228359,12188.29
ORD104334,CUST04247,UPI,Refunded,2026-04-14 14:04:00,TXN7840021151,54424.52
ORD102577,CUST01923,Credit Card,Refunded,2026-02-20 18:49:00,TXN7713054307,55718.52
ORD102589,CUST02590,Wallet,Success,2026-06-04 09:44:00,TXN1952384780,25106.07
ORD103664,CUST00113,Credit Card,Refunded,2026-04-18 18:51:00,TXN5677324242,16448.79
ORD103832,CUST02871,Wallet,Success,2026-04-27 04:53:00,TXN4629374878,43129.89
ORD100035,CUST00240,Debit Card,Pending,2026-06-09 07:22:00,TXN4671407615,9859.59
ORD102731,CUST04745,Credit Card,Refunded,2026-07-26 19:14:00,TXN2179803718,12534.1
ORD100946,CUST04586,COD,Refunded,2026-08-31 03:47:00,TXN9138474475,10951.7
ORD104944,CUST00586,UPI,Failed,2026-05-12 05:43:00,TXN7410031020,36204.97
ORD103965,CUST00769,UPI,Success,2026-04-10 19:52:00,TXN1989906768,8279.21
ORD103424,CUST01025,Wallet,Success,2026-04-22 13:48:00,TXN8023562645,35616.96
ORD103849,CUST01134,Debit Card,Failed,2026-02-01 05:30:00,TXN4096529760,6519.01
ORD102767,CUST01380,Debit Card,Success,2026-02-15 13:35:00,TXN6526904746,10008.12
ORD101922,CUST00322,UPI,Refunded,2026-04-02 21:50:00,TXN8450135841,968.61
ORD103198,CUST02838,Debit Card,Success,2026-04-29 01:41:00,TXN1632465809,37465.92
ORD101632,CUST01873,Net Banking,Success,2026-02-20 11:27:00,TXN5453769483,10359.3
ORD100235,CUST00115,Net Banking,Pending,2026-04-08 14:44:00,TXN8689435648,31694.84
ORD102661,CUST00950,UPI,Success,2026-06-16 17:15:00,TXN1128540756,5186.28
ORD103079,CUST00784,UPI,Success,2026-04-22 05:45:00,TXN9196703652,4613.23
ORD104792,CUST03461,Wallet,Refunded,2026-08-13 23:37:00,TXN6779428983,22673.4
ORD103721,CUST03525,Net Banking,Refunded,2026-05-28 20:33:00,TXN1697384622,6361.98
ORD100630,CUST01581,Wallet,Success,2026-07-30 21:05:00,TXN3272824668,9420.92
ORD100201,CUST01400,Net Banking,Success,2026-06-18 15:33:00,TXN8545459309,23190.63
ORD100040,CUST04111,Credit Card,Success,2026-03-03 23:00:00,TXN2757687096,55110.96
ORD102683,CUST00983,Net Banking,Pending,2026-05-15 00:37:00,TXN2838908284,29176.98
ORD101518,CUST04159,Debit Card,Success,2026-06-10 10:04:00,TXN7428322271,48628.18
ORD100970,CUST04419,UPI,Success,2026-06-10 00:20:00,TXN2610497123,2201.98
ORD103165,CUST04739,COD,Pending,2026-07-13 01:33:00,TXN2796075576,3970.96
ORD102038,CUST01463,Debit Card,Success,2026-08-20 12:20:00,TXN5699264958,2347.46
ORD100580,CUST03061,UPI,Refunded,2026-05-04 09:50:00,TXN3355139260,32330.18
ORD101353,CUST04022,Debit Card,Success,2026-09-10 21:06:00,TXN6849641934,901.13
ORD103704,CUST03096,Wallet,Failed,2026-04-06 08:00:00,TXN5448689378,44593.77
ORD101637,CUST03459,Wallet,Success,2026-08-07 17:14:00,TXN8503105598,11982.62
ORD100818,CUST03061,Wallet,Refunded,2026-04-01 06:32:00,TXN9793795931,17664.45
ORD102798,CUST00145,COD,Success,2026-04-17 04:12:00,TXN6204506855,38119.7
ORD102911,CUST02168,Debit Card,Refunded,2026-08-18 10:21:00,TXN5583675135,1336.55
ORD104566,CUST04724,Wallet,Refunded,2026-08-16 11:27:00,TXN6760772280,6793.57
ORD104849,CUST03271,Wallet,Success,2026-09-23 02:18:00,TXN9056206305,7957.33
ORD102908,CUST04700,Credit Card,Success,2026-09-14 18:37:00,TXN1840564661,49779.79
ORD102537,CUST03112,Credit Card,Success,2026-09-05 03:50:00,TXN3764668444,20784.28
ORD101730,CUST04698,COD,Refunded,2026-06-23 02:11:00,TXN9803898179,6025.95
ORD101196,CUST01723,COD,Pending,2026-03-21 14:09:00,TXN5898715654,18584.69
ORD102403,CUST03024,Net Banking,Refunded,2026-06-20 23:01:00,TXN6989433614,4865.01
ORD104788,CUST02088,Credit Card,Refunded,2026-07-22 01:40:00,TXN9348636285,48715.5
ORD104745,CUST02780,Debit Card,Refunded,2026-04-02 04:45:00,TXN4719734127,5369.06
ORD103949,CUST01759,Credit Card,Refunded,2026-08-21 02:47:00,TXN3176468845,9143.78
ORD104053,CUST02372,Debit Card,Pending,2026-03-15 20:53:00,TXN5035857446,2259.6
ORD101438,CUST02160,Wallet,Refunded,2026-06-21 12:12:00,TXN9689585101,49727.77
ORD103811,CUST03575,Wallet,Success,2026-08-02 19:52:00,TXN4671851090,23621.48
ORD104820,CUST04188,COD,Refunded,2026-05-28 22:56:00,TXN4707026004,25384.91
ORD102385,CUST02636,Credit Card,Success,2026-03-20 08:19:00,TXN9868834216,6076.24
ORD102937,CUST03982,Debit Card,Refunded,2026-09-01 13:31:00,TXN6559627175,20045.55
ORD103563,CUST01228,Debit Card,Success,2026-04-16 05:40:00,TXN6937062521,24448.93
ORD104041,CUST04087,Net Banking,Refunded,2026-02-16 15:32:00,TXN9064658059,13100.44
ORD103708,CUST00558,COD,Refunded,2026-04-15 07:33:00,TXN7909211969,44757.3
ORD102015,CUST03998,COD,Success,2026-05-07 10:07:00,TXN1912564223,52596.1
ORD102780,CUST04644,Wallet,Pending,2026-03-14 12:10:00,TXN1063225691,27368.21
ORD103463,CUST04486,UPI,Refunded,2026-04-22 19:20:00,TXN4464815592,39020.0
ORD101142,CUST00231,Debit Card,Success,2026-04-28 03:08:00,TXN9946460786,12251.8
ORD103242,CUST04644,COD,Refunded,2026-08-11 07:03:00,TXN1901642279,5240.66
ORD102087,CUST02566,COD,Pending,2026-07-11 17:17:00,TXN3554469739,9793.86
ORD104000,CUST04028,Debit Card,Pending,2026-06-22 16:21:00,TXN6701527880,14483.2
ORD100409,CUST00710,Credit Card,Success,2026-02-07 10:02:00,TXN2808265239,10197.19
ORD104291,CUST02468,Wallet,Refunded,2026-06-12 07:07:00,TXN6150990266,26500.98
ORD101626,CUST03716,UPI,Success,2026-04-16 14:02:00,TXN6285079880,19614.96
ORD102292,CUST01373,Credit Card,Refunded,2026-03-22 18:09:00,TXN3049642616,14308.1
ORD103651,CUST01316,Credit Card,Failed,2026-09-10 05:36:00,TXN5826828054,6293.14
ORD100189,CUST01598,COD,Success,2026-09-02 11:59:00,TXN9292784158,52572.49
ORD103916,CUST03267,COD,Success,2026-06-18 02:42:00,TXN7896911270,16077.8
ORD100296,CUST03146,Net Banking,Pending,2026-09-21 07:28:00,TXN5899301110,2972.64
ORD104982,CUST04918,Credit Card,Success,2026-05-18 09:15:00,TXN5505685309,19168.56
ORD100394,CUST04840,COD,Refunded,2026-07-24 11:53:00,TXN9721066607,392.4
ORD100123,CUST03196,Debit Card,Failed,2026-08-13 17:33:00,TXN3788811786,7083.17
ORD100430,CUST00254,UPI,Refunded,2026-03-16 06:20:00,TXN9739793905,8146.6
ORD100869,CUST01154,COD,Refunded,2026-04-14 12:01:00,TXN5240469016,44934.43
ORD100461,CUST01823,Debit Card,Failed,2026-04-28 16:04:00,TXN2577126546,46552.89
ORD104324,CUST00528,Debit Card,Pending,2026-03-22 19:19:00,TXN8817588139,75723.1
ORD103040,CUST04552,Wallet,Refunded,2026-02-02 08:13:00,TXN1422747751,14716.24
ORD104783,CUST01225,Debit Card,Refunded,2026-03-24 19:03:00,TXN7370714318,25294.42
ORD103936,CUST04226,Net Banking,Refunded,2026-05-18 20:22:00,TXN4924363487,257.35
ORD100815,CUST03717,COD,Success,2026-02-14 03:04:00,TXN7059504953,35579.94
ORD104902,CUST04347,Wallet,Refunded,2026-06-27 18:46:00,TXN2201344269,11593.58
ORD100445,CUST04951,Debit Card,Success,2026-08-07 02:55:00,TXN8821070283,12174.87
ORD102284,CUST01717,Debit Card,Success,2026-07-03 23:34:00,TXN2545478773,34661.37
ORD102082,CUST00858,UPI,Refunded,2026-06-24 02:59:00,TXN5176987445,11633.17
ORD101710,CUST04228,UPI,Failed,2026-08-14 12:34:00,TXN7594193054,16970.88
ORD101816,CUST00963,Credit Card,Refunded,2026-02-01 08:30:00,TXN4593758211,13199.71
ORD101991,CUST04903,Net Banking,Failed,2026-03-08 09:33:00,TXN6030292808,26848.85
ORD101265,CUST03438,COD,Success,2026-08-14 00:57:00,TXN8666964971,8792.11
ORD103163,CUST03621,Wallet,Success,2026-08-02 11:03:00,TXN1797873234,30873.19
ORD102549,CUST04718,COD,Success,2026-04-27 16:03:00,TXN7971385839,5892.39
ORD104400,CUST00700,Net Banking,Success,2026-06-03 13:29:00,TXN2713955036,23643.04
ORD103006,CUST00045,Debit Card,Refunded,2026-02-19 02:00:00,TXN2209508346,37759.63
ORD104532,CUST00813,UPI,Refunded,2026-06-22 08:18:00,TXN2239796013,26626.53
ORD103276,CUST02475,UPI,Success,2026-03-05 15:38:00,TXN3206658377,9836.11
ORD101753,CUST02851,Net Banking,Success,2026-07-22 09:35:00,TXN5746588107,7832.5
ORD100957,CUST00150,COD,Refunded,2026-02-01 20:33:00,TXN8926920798,4728.13
ORD103557,CUST04120,Debit Card,Success,2026-03-23 00:57:00,TXN9920781277,46591.14
ORD104524,CUST03303,Wallet,Refunded,2026-07-04 10:20:00,TXN5500063790,48273.52
ORD103788,CUST01479,COD,Failed,2026-05-11 09:23:00,TXN4260715556,10230.86
ORD102811,CUST02899,Net Banking,Refunded,2026-02-22 09:53:00,TXN5047372305,48676.19
ORD101841,CUST03445,Debit Card,Pending,2026-03-26 15:43:00,TXN7484884137,64771.04
ORD104708,CUST04415,Debit Card,Success,2026-02-09 22:59:00,TXN2225818101,29246.65
ORD103630,CUST04283,Wallet,Pending,2026-02-17 02:01:00,TXN3434238002,38288.72
ORD104367,CUST04250,Net Banking,Failed,2026-09-06 17:56:00,TXN9679605990,10764.47
ORD100231,CUST04145,UPI,Success,2026-05-30 20:42:00,TXN5975451622,9925.24
ORD104578,CUST03619,Wallet,Success,2026-04-14 11:00:00,TXN4280490811,12259.28
ORD103638,CUST02133,COD,Refunded,2026-03-07 20:44:00,TXN3418228311,18216.24
ORD104686,CUST03661,Debit Card,Success,2026-08-18 00:00:00,TXN2658231324,54965.43
ORD100552,CUST00641,Net Banking,Success,2026-06-21 17:45:00,TXN3955022314,36789.31
ORD103192,CUST04796,UPI,Refunded,2026-03-11 18:50:00,TXN4880083836,19074.79
ORD104837,CUST04649,Credit Card,Pending,2026-06-30 06:32:00,TXN4990959126,6875.0
ORD104699,CUST02951,Net Banking,Success,2026-08-06 06:42:00,TXN6160676684,36582.95
ORD102353,CUST02789,Wallet,Refunded,2026-07-03 10:14:00,TXN7889726458,25202.53
ORD100345,CUST04357,Credit Card,Refunded,2026-07-04 03:52:00,TXN1735030237,42167.18
ORD102172,CUST00532,UPI,Success,2026-04-08 01:54:00,TXN9221115271,13642.79
ORD102974,CUST01140,Credit Card,Pending,2026-07-02 10:33:00,TXN8052218452,3533.4
ORD100940,CUST03222,Net Banking,Refunded,2026-08-19 12:49:00,TXN6179701219,26686.45
ORD101642,CUST02835,UPI,Success,2026-02-28 22:05:00,TXN8048983098,4467.04
ORD100424,CUST04558,COD,Refunded,2026-04-28 20:26:00,TXN5365653015,1104.74
ORD100660,CUST01518,Credit Card,Failed,2026-04-26 01:26:00,TXN4122280918,9463.63
ORD100400,CUST02022,Credit Card,Success,2026-08-04 07:04:00,TXN7187381982,49827.47
ORD104697,CUST04960,Debit Card,Pending,2026-08-07 16:02:00,TXN7971754227,10507.75
ORD100047,CUST00694,Debit Card,Refunded,2026-05-07 04:38:00,TXN4684027304,63247.76
ORD104015,CUST04512,Debit Card,Success,2026-04-05 20:01:00,TXN2080724321,76071.42
ORD103287,CUST01451,Net Banking,Pending,2026-03-05 11:28:00,TXN2871469191,5297.96
ORD102513,CUST02054,UPI,Success,2026-08-24 20:07:00,TXN7914047967,64549.07
ORD101088,CUST01876,UPI,Success,2026-08-18 12:06:00,TXN9340951353,390.25
ORD101466,CUST01955,COD,Refunded,2026-07-09 00:01:00,TXN4455347777,12317.89
ORD103345,CUST02816,UPI,Success,2026-04-03 06:36:00,TXN9922200521,40536.01
ORD104536,CUST01431,Debit Card,Refunded,2026-04-01 09:24:00,TXN5918517537,34905.7
ORD103803,CUST00498,Debit Card,Success,2026-07-19 05:58:00,TXN4780456645,13511.2
ORD101436,CUST04396,Net Banking,Refunded,2026-08-16 17:01:00,TXN3952534108,1873.54
ORD101828,CUST00893,Debit Card,Refunded,2026-07-19 02:17:00,TXN8108392112,48647.84
ORD102170,CUST02251,UPI,Success,2026-08-25 21:43:00,TXN3236625199,34187.15
ORD100656,CUST00545,UPI,Success,2026-06-22 09:02:00,TXN5725606781,25401.21
ORD104838,CUST00175,COD,Success,2026-06-05 19:46:00,TXN9976017166,26628.9
ORD100248,CUST04924,Credit Card,Success,2026-04-01 12:38:00,TXN4475492611,44866.58
ORD102897,CUST02868,Credit Card,Failed,2026-03-27 05:06:00,TXN6431990409,8911.13
ORD104612,CUST01782,Credit Card,Success,2026-04-20 12:42:00,TXN3457644804,36920.83
ORD100904,CUST02776,Wallet,Success,2026-03-01 02:06:00,TXN8211882236,18773.99
ORD100618,CUST00306,UPI,Success,2026-02-13 22:57:00,TXN9934545724,16446.81
ORD100754,CUST00095,Net Banking,Success,2026-04-16 02:39:00,TXN8369843621,30016.54
ORD104310,CUST01297,Debit Card,Pending,2026-05-28 02:59:00,TXN3251744378,16583.05
ORD101249,CUST01989,Wallet,Success,2026-05-13 19:43:00,TXN1788855979,73488.95
ORD101283,CUST00172,UPI,Failed,2026-07-30 02:59:00,TXN4255180327,31437.41
ORD103449,CUST01242,Net Banking,Success,2026-03-27 10:32:00,TXN4792400456,8740.79
ORD104711,CUST03489,COD,Refunded,2026-03-05 15:07:00,TXN3857124043,51541.2
ORD102596,CUST01670,COD,Success,2026-04-13 09:30:00,TXN5450480807,9371.91
ORD104224,CUST00671,Net Banking,Success,2026-05-03 00:51:00,TXN8489665580,1518.08
ORD102704,CUST02243,Wallet,Refunded,2026-09-04 23:41:00,TXN9689418301,12865.89
ORD102078,CUST01228,Credit Card,Refunded,2026-05-25 01:18:00,TXN3665260207,12931.17
ORD103216,CUST01365,UPI,Success,2026-06-23 21:08:00,TXN7661398133,13340.12
ORD100631,CUST03236,COD,Success,2026-08-08 00:53:00,TXN5777459064,6581.79
ORD103093,CUST04463,Net Banking,Refunded,2026-04-23 20:16:00,TXN7156968696,10963.17
ORD103304,CUST02211,UPI,Refunded,2026-06-15 12:12:00,TXN6867706683,25389.57
ORD102779,CUST04708,Debit Card,Success,2026-06-10 23:25:00,TXN9406192129,3259.12
ORD101437,CUST01486,Credit Card,Refunded,2026-09-04 10:26:00,TXN9965568677,4577.03
ORD101969,CUST04592,COD,Success,2026-08-30 15:20:00,TXN2147452683,24604.34
ORD101824,CUST00768,COD,Refunded,2026-02-02 00:59:00,TXN6852497210,8989.38
ORD101475,CUST01038,COD,Success,2026-02-09 05:41:00,TXN7939890535,28780.1
ORD100729,CUST01430,Net Banking,Success,2026-06-02 17:07:00,TXN8891290198,26579.36
ORD100300,CUST03037,COD,Refunded,2026-08-02 14:07:00,TXN5639993823,7493.88
ORD104895,CUST03080,UPI,Success,2026-08-22 02:36:00,TXN6526519507,15320.09
ORD100771,CUST03171,COD,Pending,2026-06-14 00:48:00,TXN5963471821,7183.0
ORD102401,CUST04725,Net Banking,Refunded,2026-03-01 06:48:00,TXN8454996701,12881.79
ORD102485,CUST01734,Wallet,Success,2026-05-27 03:44:00,TXN8281440166,23528.77
ORD103067,CUST01715,Debit Card,Success,2026-01-29 06:57:00,TXN2793632348,22162.1
ORD100827,CUST03494,COD,Success,2026-09-10 09:02:00,TXN3640446737,29374.21
ORD103359,CUST01727,Net Banking,Success,2026-05-03 06:46:00,TXN1035886993,12653.82
ORD101701,CUST00925,Net Banking,Success,2026-08-03 23:39:00,TXN3213414350,6968.8
ORD103098,CUST00125,COD,Success,2026-06-12 21:01:00,TXN3815222752,23060.91
ORD104819,CUST02340,Debit Card,Refunded,2026-08-09 16:46:00,TXN7806507259,479.12
ORD100763,CUST02040,UPI,Pending,2026-06-20 23:19:00,TXN1765080312,39706.44
ORD100452,CUST02676,UPI,Refunded,2026-02-28 04:13:00,TXN7822664396,39832.29
ORD100184,CUST00619,COD,Success,2026-06-01 11:52:00,TXN7468233278,5432.72
ORD100362,CUST01349,Debit Card,Refunded,2026-03-23 20:21:00,TXN3896904477,1796.39
ORD104362,CUST02324,Debit Card,Pending,2026-07-14 19:14:00,TXN5702429851,5031.75
ORD101985,CUST04282,Net Banking,Pending,2026-02-07 20:25:00,TXN1446740481,45846.03
ORD104714,CUST00354,Debit Card,Success,2026-03-02 20:22:00,TXN6731872213,32182.77
ORD103266,CUST01296,Credit Card,Pending,2026-04-04 02:55:00,TXN3511964589,1579.31
ORD100977,CUST00076,COD,Failed,2026-07-06 03:34:00,TXN7504813159,1612.8
ORD100905,CUST03597,UPI,Refunded,2026-09-08 20:33:00,TXN4319421701,42714.29
ORD104280,CUST03811,COD,Success,2026-09-07 21:21:00,TXN4212257876,10658.07
ORD101231,CUST01317,UPI,Failed,2026-04-16 22:57:00,TXN4293411991,12273.65
ORD104019,CUST03994,COD,Success,2026-02-19 15:08:00,TXN5237963521,14464.5
ORD103470,CUST02372,Credit Card,Refunded,2026-08-12 02:07:00,TXN8209533028,61172.16
ORD100399,CUST01853,Debit Card,Refunded,2026-05-16 11:57:00,TXN7699215057,35496.91
ORD100049,CUST04634,Wallet,Refunded,2026-03-09 08:10:00,TXN2255018454,38799.05
ORD103895,CUST00071,Credit Card,Refunded,2026-04-14 13:44:00,TXN2889031360,11540.03
ORD102626,CUST01903,Net Banking,Success,2026-08-28 22:28:00,TXN4108696119,4377.91
ORD103516,CUST00188,Credit Card,Pending,2026-06-26 19:39:00,TXN7684709138,36026.69
ORD103115,CUST01652,Wallet,Failed,2026-04-05 02:46:00,TXN9271728151,60592.43
ORD102833,CUST04492,Net Banking,Refunded,2026-06-21 08:58:00,TXN6875629390,7117.19
ORD100208,CUST00049,COD,Success,2026-09-08 07:50:00,TXN4219839749,65709.61
ORD100996,CUST02605,Credit Card,Failed,2026-04-03 09:04:00,TXN2631025451,18226.39
ORD103673,CUST03858,COD,Success,2026-02-20 05:52:00,TXN3226902764,2094.2
ORD102968,CUST00350,UPI,Refunded,2026-09-24 03:43:00,TXN4557084037,14079.86
ORD103536,CUST03250,COD,Refunded,2026-08-12 05:08:00,TXN2328065952,17843.69
ORD100874,CUST03445,Debit Card,Failed,2026-06-30 06:38:00,TXN4894098883,36743.16
ORD103384,CUST03239,Net Banking,Refunded,2026-06-15 11:42:00,TXN3843233010,7428.95
ORD100071,CUST01824,Wallet,Refunded,2026-06-29 22:01:00,TXN3665481198,44378.25
ORD100981,CUST03856,COD,Success,2026-03-26 07:08:00,TXN4196547796,268.57
ORD102845,CUST03804,Wallet,Refunded,2026-07-24 07:31:00,TXN7471412118,51855.58
ORD101324,CUST04927,COD,Success,2026-06-28 10:50:00,TXN7973131621,24369.71
ORD101355,CUST04964,Net Banking,Failed,2026-04-11 20:23:00,TXN5514603786,28717.21
ORD101995,CUST00084,Debit Card,Failed,2026-08-10 01:29:00,TXN3808364333,26037.94
ORD103357,CUST00687,COD,Success,2026-06-21 02:40:00,TXN1227397618,7347.58
ORD103893,CUST03872,Net Banking,Refunded,2026-08-06 16:55:00,TXN6861995600,18305.91
ORD101256,CUST04490,Debit Card,Failed,2026-03-02 09:38:00,TXN7414061407,15243.32
ORD103599,CUST00240,UPI,Success,2026-05-25 09:17:00,TXN3110798579,78734.15
ORD103837,CUST00384,Debit Card,Refunded,2026-07-18 23:05:00,TXN6319238816,99063.1
ORD102523,CUST04514,COD,Refunded,2026-09-19 14:46:00,TXN1763215777,7810.59
ORD103046,CUST02119,Wallet,Refunded,2026-06-04 18:11:00,TXN1455423117,40794.91
ORD100055,CUST01557,COD,Success,2026-06-12 09:57:00,TXN1236507412,11357.58
ORD102782,CUST03528,Net Banking,Success,2026-06-26 20:48:00,TXN4796845017,4808.46
ORD102147,CUST02998,COD,Success,2026-02-10 18:15:00,TXN7998362957,31730.03
ORD104426,CUST02993,Credit Card,Success,2026-09-19 14:50:00,TXN7875701597,38827.35
ORD101586,CUST03036,UPI,Success,2026-02-21 03:39:00,TXN5611485143,1602.2
ORD100909,CUST02452,Debit Card,Success,2026-06-01 18:35:00,TXN7533169438,15422.11
ORD101311,CUST03063,COD,Success,2026-07-20 03:01:00,TXN3791136226,19612.11
ORD100015,CUST04940,Debit Card,Refunded,2026-04-27 22:42:00,TXN2164542322,2175.44
ORD103200,CUST00171,UPI,Refunded,2026-03-19 05:57:00,TXN5769329468,3892.87
ORD102981,CUST01691,Net Banking,Refunded,2026-02-02 19:27:00,TXN1290254879,31517.72
ORD101201,CUST02660,Credit Card,Refunded,2026-02-14 06:30:00,TXN8393065249,56265.44
ORD103284,CUST02692,Wallet,Refunded,2026-08-04 10:58:00,TXN7394876951,24971.29
ORD104848,CUST03426,Credit Card,Pending,2026-02-03 16:36:00,TXN4182651083,15109.2
ORD101881,CUST04642,UPI,Success,2026-04-07 08:14:00,TXN2482628537,3009.22
ORD104576,CUST01948,Credit Card,Failed,2026-02-13 18:46:00,TXN1957198161,12197.88
ORD100109,CUST00865,Wallet,Refunded,2026-02-10 23:08:00,TXN8675587952,45555.71
ORD104216,CUST02101,Debit Card,Refunded,2026-04-12 09:48:00,TXN2744343303,70681.75
ORD103412,CUST02127,UPI,Success,2026-07-02 04:49:00,TXN3591714237,5948.26
ORD103126,CUST03005,Net Banking,Refunded,2026-01-31 23:14:00,TXN4000203958,1165.5
ORD103517,CUST01725,UPI,Failed,2026-05-15 06:34:00,TXN5197670125,33756.87
ORD100331,CUST04777,Wallet,Refunded,2026-04-19 20:58:00,TXN7069219067,37166.81
ORD100005,CUST00010,Net Banking,Refunded,2026-07-02 15:13:00,TXN4403947369,39231.72
ORD104864,CUST04049,Wallet,Success,2026-03-14 23:20:00,TXN9422967066,1733.47
ORD104922,CUST00960,Net Banking,Success,2026-07-25 00:52:00,TXN4460759828,31254.4
ORD102664,CUST04098,COD,Refunded,2026-09-05 16:23:00,TXN8623084831,13078.82
ORD102237,CUST04011,Credit Card,Failed,2026-05-05 11:43:00,TXN4593015622,25308.23
ORD101572,CUST01052,UPI,Pending,2026-09-18 16:25:00,TXN7600133745,15417.85
ORD101875,CUST04278,Debit Card,Refunded,2026-03-13 20:20:00,TXN4474507485,9086.77
ORD102153,CUST03219,UPI,Pending,2026-08-20 19:19:00,TXN9401893188,4981.21
ORD101419,CUST02944,COD,Success,2026-07-31 23:21:00,TXN7250684951,15575.26
ORD100605,CUST00131,Wallet,Refunded,2026-02-11 17:54:00,TXN7022307613,1538.36
ORD101317,CUST00340,Debit Card,Refunded,2026-06-07 13:30:00,TXN1188983945,26933.22
ORD104608,CUST03197,Debit Card,Pending,2026-05-22 08:33:00,TXN5145550504,21185.14
ORD104129,CUST00080,Debit Card,Success,2026-03-26 01:57:00,TXN1837588798,7060.82
ORD100449,CUST02085,Debit Card,Success,2026-04-29 18:52:00,TXN9426062024,31174.94
ORD102455,CUST00421,Debit Card,Refunded,2026-08-13 15:23:00,TXN7632437344,35418.13
ORD104621,CUST04876,COD,Success,2026-02-17 19:58:00,TXN4826934165,49173.54
ORD102917,CUST02464,Credit Card,Success,2026-06-29 03:27:00,TXN4462536347,5686.46
ORD104288,CUST00218,Debit Card,Success,2026-04-02 05:52:00,TXN8662448696,31603.23
ORD102695,CUST00476,COD,Pending,2026-05-13 04:02:00,TXN1232895764,32309.9
ORD103909,CUST01483,Wallet,Success,2026-06-05 00:18:00,TXN4322019735,45089.74
ORD101852,CUST03059,Debit Card,Refunded,2026-09-10 07:20:00,TXN1130243768,17431.78
ORD101155,CUST04113,Wallet,Success,2026-07-05 14:02:00,TXN7607838771,48023.14
ORD102738,CUST02102,Debit Card,Pending,2026-02-28 19:45:00,TXN8242665382,82403.27
ORD104473,CUST03255,Net Banking,Refunded,2026-04-16 13:29:00,TXN3940221014,35648.38
ORD102074,CUST04225,COD,Refunded,2026-03-03 20:19:00,TXN4651612960,18955.97
ORD103343,CUST00417,Debit Card,Failed,2026-04-26 07:53:00,TXN2401314400,17798.07
ORD102631,CUST01825,UPI,Failed,2026-09-19 02:22:00,TXN3891759416,12126.61
ORD101002,CUST00522,Wallet,Success,2026-05-07 05:50:00,TXN7116154708,20301.77
ORD104358,CUST02385,Debit Card,Refunded,2026-03-07 12:22:00,TXN5608253077,53567.65
ORD104852,CUST03822,Debit Card,Refunded,2026-02-09 14:06:00,TXN1581394058,13207.27
ORD101119,CUST02744,UPI,Refunded,2026-08-03 05:25:00,TXN8005579482,79554.33
ORD103710,CUST00774,COD,Success,2026-05-15 20:37:00,TXN5758088812,14443.79
ORD104688,CUST03253,Credit Card,Refunded,2026-06-26 14:08:00,TXN9810849505,14824.22
ORD104173,CUST01454,Debit Card,Failed,2026-08-25 21:23:00,TXN7341592063,13826.68
ORD102293,CUST04452,Debit Card,Failed,2026-05-19 07:39:00,TXN1161951937,11056.32
ORD100046,CUST02514,Credit Card,Success,2026-09-03 20:56:00,TXN4261054330,6586.33
ORD104329,CUST03950,COD,Refunded,2026-08-07 06:30:00,TXN8346254717,58698.32
ORD101529,CUST01348,Credit Card,Failed,2026-04-01 01:00:00,TXN3284642823,11021.96
ORD103439,CUST02008,Debit Card,Failed,2026-02-20 15:49:00,TXN7941002045,3606.61
ORD103860,CUST03101,Credit Card,Success,2026-06-21 19:29:00,TXN6743906211,8865.04
ORD101461,CUST03809,Debit Card,Success,2026-06-17 20:44:00,TXN9808242989,12852.01
ORD102430,CUST01599,COD,Success,2026-07-05 12:51:00,TXN3357523831,49161.48
ORD102965,CUST03569,COD,Pending,2026-04-20 09:22:00,TXN2461892961,42886.62
ORD101027,CUST03398,Debit Card,Success,2026-06-13 21:55:00,TXN3991026525,3948.65
ORD104313,CUST00765,Wallet,Pending,2026-07-05 16:40:00,TXN4894566299,18071.26
ORD101318,CUST01070,Net Banking,Success,2026-04-13 01:24:00,TXN9300491663,88355.07
ORD103135,CUST01706,COD,Success,2026-07-04 08:29:00,TXN3107438300,11066.71
ORD101496,CUST00984,Debit Card,Pending,2026-08-31 10:49:00,TXN4893542198,8432.53
ORD101385,CUST02189,Wallet,Refunded,2026-04-21 08:04:00,TXN5414470921,12475.07
ORD103911,CUST00991,Wallet,Success,2026-01-29 22:25:00,TXN8889418740,17192.1
ORD104207,CUST02109,Debit Card,Refunded,2026-02-24 07:03:00,TXN4645235570,6699.58
ORD103219,CUST01486,Wallet,Refunded,2026-03-28 10:43:00,TXN5050334736,13467.27
ORD100259,CUST03536,UPI,Refunded,2026-07-18 04:47:00,TXN6164764823,19352.11
ORD102676,CUST01682,Net Banking,Success,2026-04-07 15:35:00,TXN3562490140,993.18
ORD101397,CUST00634,Debit Card,Refunded,2026-04-08 14:13:00,TXN2084514436,1977.6
ORD100102,CUST01230,UPI,Refunded,2026-03-08 01:07:00,TXN1270024167,1492.47
ORD103707,CUST03253,COD,Refunded,2026-05-18 18:11:00,TXN2225599382,77102.03
ORD104691,CUST03456,Net Banking,Success,2026-09-23 14:40:00,TXN4541383705,1782.73
ORD104591,CUST03283,Credit Card,Success,2026-07-12 20:20:00,TXN4021049265,27594.43
ORD101117,CUST04182,Credit Card,Pending,2026-08-21 09:54:00,TXN2162061416,2522.32
ORD103883,CUST04423,UPI,Success,2026-08-10 12:49:00,TXN5338456993,39374.71
ORD104320,CUST01978,Debit Card,Refunded,2026-08-31 14:10:00,TXN1236750344,2476.74
ORD102645,CUST04451,Credit Card,Success,2026-07-29 04:54:00,TXN2815616181,12324.89
ORD101241,CUST00507,Wallet,Failed,2026-09-23 04:47:00,TXN7454564159,8195.95
ORD103650,CUST04824,COD,Refunded,2026-04-19 17:11:00,TXN2362317973,53955.22
ORD101681,CUST01063,COD,Refunded,2026-07-18 20:40:00,TXN8699301358,53871.07
ORD102593,CUST04147,Debit Card,Refunded,2026-07-08 14:53:00,TXN5192052785,17198.32
ORD100227,CUST03505,Debit Card,Refunded,2026-02-26 06:21:00,TXN5653917134,57642.89
ORD101261,CUST03464,UPI,Refunded,2026-08-29 20:42:00,TXN5554641346,6793.26
ORD102063,CUST00911,UPI,Refunded,2026-03-05 00:59:00,TXN2750804575,27414.28
ORD104214,CUST04406,Wallet,Pending,2026-02-13 21:59:00,TXN9477996014,44507.67
ORD100773,CUST03430,Debit Card,Pending,2026-04-24 11:47:00,TXN2468623024,15558.99
ORD104365,CUST01314,Net Banking,Success,2026-08-16 08:16:00,TXN2624963441,45030.51
ORD104204,CUST04742,UPI,Refunded,2026-07-17 03:57:00,TXN4253978160,32182.27
ORD103967,CUST03277,Debit Card,Refunded,2026-01-28 18:19:00,TXN8085331792,45918.65
ORD103076,CUST00380,Net Banking,Refunded,2026-06-12 21:34:00,TXN4718666093,6333.35
ORD102977,CUST00982,Debit Card,Success,2026-06-09 19:31:00,TXN6083889591,11217.82
ORD103955,CUST03482,COD,Refunded,2026-09-12 09:18:00,TXN7973177525,13836.08
ORD101585,CUST03940,Credit Card,Success,2026-02-03 23:46:00,TXN5326488639,42412.34
ORD102041,CUST04141,Wallet,Pending,2026-01-29 23:33:00,TXN4579534156,32199.47
ORD104568,CUST04472,Net Banking,Refunded,2026-07-11 07:12:00,TXN2944705508,33956.44
ORD100524,CUST00919,Net Banking,Refunded,2026-06-27 06:48:00,TXN2114037639,28031.0
ORD103924,CUST01865,Wallet,Success,2026-03-03 06:27:00,TXN9813843718,55361.06
ORD104052,CUST04868,Credit Card,Success,2026-08-25 18:42:00,TXN6814449553,35963.07
ORD101089,CUST04968,UPI,Success,2026-02-06 19:02:00,TXN1444470159,23227.7
ORD103332,CUST00494,Credit Card,Success,2026-05-27 16:35:00,TXN4821980983,19819.7
ORD102972,CUST00844,COD,Success,2026-09-08 20:26:00,TXN6768585855,85669.4
ORD100353,CUST00104,Credit Card,Pending,2026-04-08 12:20:00,TXN2922597211,7978.04
ORD104617,CUST02488,Credit Card,Refunded,2026-01-28 02:46:00,TXN9366320176,5106.44
ORD101961,CUST01109,Net Banking,Failed,2026-03-18 12:10:00,TXN5333949316,16023.08
ORD104663,CUST03888,Debit Card,Refunded,2026-03-08 20:25:00,TXN9168018780,57803.56
ORD100598,CUST02026,Net Banking,Pending,2026-09-18 07:44:00,TXN6468526890,10876.22
ORD102650,CUST02229,Wallet,Success,2026-03-15 13:51:00,TXN2892238786,73468.89
ORD104387,CUST01030,UPI,Success,2026-06-26 09:08:00,TXN8307671083,58251.74
ORD100119,CUST01289,UPI,Refunded,2026-07-19 09:56:00,TXN4136105366,2706.27
ORD101125,CUST03820,Debit Card,Success,2026-07-16 09:13:00,TXN2913716167,12986.45
ORD101777,CUST00729,COD,Refunded,2026-06-02 14:27:00,TXN2577515203,52123.78
ORD103662,CUST04289,Net Banking,Success,2026-03-13 01:27:00,TXN1775669129,22326.57
ORD101986,CUST04404,Debit Card,Success,2026-07-03 02:38:00,TXN1792492412,15483.68
ORD103137,CUST00388,Net Banking,Refunded,2026-04-02 22:31:00,TXN2407787355,71532.72
ORD101661,CUST04898,COD,Success,2026-04-28 16:52:00,TXN6599377799,56919.95
ORD101383,CUST04614,Wallet,Refunded,2026-09-14 03:52:00,TXN7142796062,20001.69
ORD101455,CUST04118,UPI,Refunded,2026-04-02 08:26:00,TXN2396642539,2717.97
ORD100853,CUST03765,Net Banking,Success,2026-04-29 10:40:00,TXN4402487715,490.5
ORD103905,CUST00040,COD,Success,2026-05-13 08:27:00,TXN7511428489,74591.14
ORD104770,CUST03137,Debit Card,Failed,2026-09-21 10:21:00,TXN6213080143,27625.85
ORD104730,CUST03889,Debit Card,Refunded,2026-03-14 06:40:00,TXN6750604163,61847.74
ORD100148,CUST00194,Credit Card,Success,2026-07-10 06:18:00,TXN5155700848,14476.37
ORD103010,CUST01752,Debit Card,Success,2026-05-17 21:49:00,TXN9258366405,14093.53
ORD100670,CUST04426,UPI,Refunded,2026-03-03 18:35:00,TXN1324659397,4387.41
ORD102723,CUST00533,Wallet,Pending,2026-02-27 17:19:00,TXN7663317179,23499.42
ORD103341,CUST03237,Net Banking,Success,2026-03-05 20:38:00,TXN2375180654,6133.87
ORD103310,CUST02308,Wallet,Pending,2026-08-01 18:14:00,TXN4982884957,2710.13
ORD100242,CUST03899,UPI,Success,2026-02-20 07:09:00,TXN3304334866,22023.28
ORD104437,CUST04980,Debit Card,Refunded,2026-06-17 16:48:00,TXN5419525679,30730.71
ORD102982,CUST04975,COD,Success,2026-05-14 02:54:00,TXN4654587665,29476.56
ORD102079,CUST01413,Credit Card,Success,2026-09-24 06:57:00,TXN5345043327,54728.05
ORD103178,CUST00616,UPI,Failed,2026-06-22 13:30:00,TXN9762208809,23203.32
ORD102543,CUST00111,Net Banking,Refunded,2026-03-23 04:16:00,TXN9773848091,11475.21
ORD101743,CUST03769,Debit Card,Success,2026-04-18 05:37:00,TXN2749757259,32252.37
ORD101697,CUST01829,Net Banking,Failed,2026-07-20 11:55:00,TXN6318818037,19483.27
ORD103090,CUST00823,Wallet,Pending,2026-05-03 17:09:00,TXN2028928324,37338.87
ORD103939,CUST04302,COD,Success,2026-05-25 22:46:00,TXN4239063807,54395.45
ORD103091,CUST01462,Credit Card,Success,2026-01-29 23:32:00,TXN7690897299,22497.2
ORD103509,CUST00505,UPI,Success,2026-02-19 14:19:00,TXN1220596356,3103.76
ORD101254,CUST00452,Credit Card,Refunded,2026-08-31 23:39:00,TXN4444503745,36737.02
ORD104026,CUST02915,COD,Failed,2026-03-08 16:16:00,TXN7305944832,12153.8
ORD100407,CUST02983,UPI,Refunded,2026-02-08 04:52:00,TXN8559837302,13430.23
ORD104149,CUST02208,Wallet,Success,2026-02-14 05:46:00,TXN1991299319,11958.34
ORD104555,CUST01383,Wallet,Success,2026-06-06 20:01:00,TXN1389148506,81437.8
ORD103607,CUST04671,Credit Card,Failed,2026-04-11 19:10:00,TXN9794742770,69809.1
ORD104827,CUST03227,Credit Card,Refunded,2026-08-28 19:03:00,TXN1833761762,2136.02
ORD104335,CUST01282,Net Banking,Success,2026-08-08 13:51:00,TXN6037162047,10782.58
ORD103400,CUST03355,Credit Card,Refunded,2026-03-09 19:51:00,TXN2086455737,4662.8
ORD102187,CUST01710,Wallet,Refunded,2026-09-02 22:47:00,TXN7371400412,17410.6
ORD104420,CUST01322,Debit Card,Pending,2026-02-14 14:15:00,TXN5723242511,58060.44
ORD103269,CUST01749,Net Banking,Success,2026-03-11 07:19:00,TXN3358551043,44203.02
ORD103670,CUST00094,Credit Card,Success,2026-06-23 13:10:00,TXN5467197471,23197.5
ORD104296,CUST00500,Credit Card,Failed,2026-04-09 21:49:00,TXN3222957197,56234.35
ORD103005,CUST03707,COD,Failed,2026-08-13 12:05:00,TXN7786189538,41135.19
ORD101888,CUST01111,UPI,Success,2026-02-11 08:00:00,TXN8812413316,33081.3
ORD102935,CUST03198,Debit Card,Success,2026-06-14 15:05:00,TXN6562400401,17707.98
ORD103228,CUST04904,Wallet,Success,2026-05-28 15:43:00,TXN1076167682,4511.41
ORD103347,CUST04614,Net Banking,Refunded,2026-03-24 02:34:00,TXN9264947513,63107.46
ORD101894,CUST03155,Net Banking,Refunded,2026-04-08 19:41:00,TXN8197220305,21037.39
ORD100082,CUST01139,UPI,Success,2026-05-02 11:41:00,TXN7158112967,10811.1
ORD100739,CUST04366,UPI,Refunded,2026-07-17 22:59:00,TXN9258217361,13323.88
ORD100065,CUST00355,Credit Card,Refunded,2026-04-28 05:14:00,TXN6924105995,58294.4
ORD102755,CUST03283,Wallet,Refunded,2026-05-25 12:40:00,TXN8103350971,14728.85
ORD102339,CUST01784,Credit Card,Refunded,2026-06-03 20:04:00,TXN5508236399,10555.58
ORD100468,CUST04776,Wallet,Refunded,2026-03-22 20:21:00,TXN7623824211,12460.88
ORD102036,CUST03210,Net Banking,Refunded,2026-08-15 23:07:00,TXN8645712758,11934.24
ORD103195,CUST03421,Wallet,Refunded,2026-03-01 20:14:00,TXN1930271234,2081.91
ORD104946,CUST01813,Credit Card,Refunded,2026-08-30 01:42:00,TXN3655688472,47694.87
ORD104931,CUST01679,UPI,Refunded,2026-04-19 05:29:00,TXN1961586025,7011.37
ORD102183,CUST04266,Net Banking,Refunded,2026-09-23 09:58:00,TXN5551327394,24577.28
ORD104031,CUST00767,Credit Card,Refunded,2026-04-19 20:25:00,TXN9098850115,22281.91
ORD103366,CUST04360,Net Banking,Failed,2026-03-12 09:52:00,TXN5155744861,10177.27
ORD100340,CUST03768,Credit Card,Success,2026-08-26 08:57:00,TXN6700722348,4897.4
ORD102720,CUST04101,Net Banking,Refunded,2026-04-06 09:28:00,TXN3820933852,26921.66
ORD102736,CUST03008,COD,Refunded,2026-05-25 11:53:00,TXN3988621276,24588.12
ORD101516,CUST03889,Net Banking,Pending,2026-07-30 11:02:00,TXN7366669249,46566.04
ORD104679,CUST04433,Net Banking,Success,2026-03-14 13:08:00,TXN5156308521,52305.31
ORD103569,CUST04740,Credit Card,Refunded,2026-05-21 09:08:00,TXN8753514017,6292.2
ORD104197,CUST03398,Debit Card,Refunded,2026-05-24 08:03:00,TXN7703254470,14145.5
ORD103823,CUST04287,COD,Refunded,2026-03-07 22:48:00,TXN7152735431,49496.12
ORD101811,CUST00740,Debit Card,Pending,2026-04-27 11:39:00,TXN8680195895,65224.01
ORD100432,CUST04278,UPI,Failed,2026-02-25 05:06:00,TXN8937962946,1021.17
ORD101426,CUST02388,Debit Card,Failed,2026-09-08 11:21:00,TXN8148869203,2637.45
ORD104472,CUST03945,Debit Card,Failed,2026-06-07 00:31:00,TXN7124769415,83981.13
ORD103530,CUST02843,COD,Success,2026-08-19 07:37:00,TXN4128453169,48345.19
ORD101899,CUST03712,COD,Pending,2026-04-22 19:54:00,TXN9822634984,12657.79
ORD103777,CUST02639,Debit Card,Refunded,2026-08-04 03:01:00,TXN2370967333,15728.6
ORD100715,CUST00510,Net Banking,Failed,2026-08-16 19:12:00,TXN2260507303,41923.61
ORD100008,CUST03965,Credit Card,Refunded,2026-05-16 00:23:00,TXN8893675093,59281.13
ORD101274,CUST01223,Net Banking,Failed,2026-01-31 07:46:00,TXN5997586713,47172.96
ORD102819,CUST02985,Wallet,Failed,2026-05-06 19:18:00,TXN9794191701,11715.76
ORD100479,CUST00560,Wallet,Pending,2026-06-04 20:44:00,TXN9553950423,11768.79
ORD103752,CUST00736,Debit Card,Refunded,2026-04-06 11:59:00,TXN6868917059,60791.27
ORD103809,CUST03265,Wallet,Refunded,2026-05-06 07:47:00,TXN3944741511,37857.18
ORD104308,CUST02379,UPI,Success,2026-09-07 17:00:00,TXN5229062165,39087.94
ORD102220,CUST04962,COD,Refunded,2026-05-28 23:54:00,TXN2801487506,3922.69
ORD101357,CUST03186,Credit Card,Success,2026-05-16 20:43:00,TXN2923049049,31474.75
ORD103095,CUST01561,COD,Success,2026-06-12 06:49:00,TXN5009786951,1803.75
ORD101046,CUST03984,Net Banking,Success,2026-04-26 03:21:00,TXN4244350632,2198.94
ORD100588,CUST04776,Debit Card,Pending,2026-07-29 14:43:00,TXN1397726209,51597.36
ORD100919,CUST02174,Net Banking,Refunded,2026-07-12 04:12:00,TXN7832880781,21154.93
ORD101276,CUST02996,UPI,Success,2026-05-22 17:09:00,TXN9666776117,15144.0
ORD100472,CUST02233,UPI,Refunded,2026-04-03 05:21:00,TXN2444652352,16409.92
ORD102818,CUST04303,Net Banking,Success,2026-03-02 09:40:00,TXN4458506446,38617.36
ORD104795,CUST00321,Debit Card,Failed,2026-08-27 11:58:00,TXN3901337920,14583.71
ORD103794,CUST01582,UPI,Success,2026-01-30 12:15:00,TXN6217007530,8782.53
ORD104459,CUST00354,Net Banking,Success,2026-08-23 01:22:00,TXN2670264739,15010.68
ORD104120,CUST00429,Debit Card,Failed,2026-02-04 03:02:00,TXN5481863525,3556.09
ORD104464,CUST04609,Credit Card,Success,2026-03-19 09:46:00,TXN5956265125,23858.71
ORD101932,CUST01926,Wallet,Refunded,2026-05-29 08:11:00,TXN7001170418,6603.03
ORD101260,CUST00633,COD,Refunded,2026-08-31 12:27:00,TXN4953270875,39370.68
ORD102873,CUST03686,UPI,Success,2026-03-05 22:50:00,TXN5758603417,30087.01
ORD100702,CUST03621,Net Banking,Pending,2026-02-08 07:25:00,TXN4872855710,49615.62
ORD100444,CUST03222,UPI,Success,2026-03-03 23:50:00,TXN9461347975,1589.15
ORD103175,CUST00766,Debit Card,Success,2026-07-06 09:29:00,TXN2863311634,6185.75
ORD103440,CUST00459,Net Banking,Success,2026-02-09 22:33:00,TXN5893367177,5550.22
ORD103376,CUST00770,Wallet,Refunded,2026-03-13 01:00:00,TXN8281905165,14293.01
ORD103083,CUST02740,Net Banking,Refunded,2026-04-12 10:57:00,TXN3793826365,14610.26
ORD101965,CUST00025,COD,Refunded,2026-04-28 18:16:00,TXN4570838835,46693.34
ORD100482,CUST03596,COD,Refunded,2026-07-04 04:25:00,TXN3044859432,37088.86
ORD104959,CUST04586,Credit Card,Refunded,2026-05-01 01:23:00,TXN7330305543,43210.84
ORD102586,CUST00176,Credit Card,Refunded,2026-09-16 23:26:00,TXN1114084873,546.22
ORD102609,CUST04645,Net Banking,Success,2026-08-01 21:16:00,TXN2300828791,30105.39
ORD100735,CUST03199,Credit Card,Failed,2026-08-03 14:01:00,TXN7711896644,18527.94
ORD104871,CUST02417,Credit Card,Success,2026-06-29 12:40:00,TXN2405740862,14981.61
ORD104189,CUST00320,Debit Card,Refunded,2026-03-01 19:01:00,TXN3319638272,53277.46
ORD100162,CUST03597,UPI,Success,2026-04-11 10:22:00,TXN4794165399,14729.48
ORD102963,CUST04512,UPI,Pending,2026-08-10 20:21:00,TXN9095892703,1349.25
ORD102359,CUST04272,Net Banking,Pending,2026-05-19 22:03:00,TXN5521608304,2548.81
ORD104565,CUST03711,Debit Card,Refunded,2026-03-16 05:19:00,TXN7329191903,4334.06
ORD101547,CUST03581,COD,Pending,2026-04-13 08:38:00,TXN1881197446,33658.96
ORD100719,CUST02448,Debit Card,Refunded,2026-02-22 15:30:00,TXN7103562357,6005.8
ORD104412,CUST00239,COD,Success,2026-08-13 00:41:00,TXN3435700912,43572.72
ORD104064,CUST04962,Credit Card,Success,2026-08-21 00:56:00,TXN9459812981,2045.58
ORD103748,CUST02211,Wallet,Refunded,2026-06-20 14:42:00,TXN4572115594,42754.7
ORD104339,CUST02050,UPI,Success,2026-08-27 01:35:00,TXN6198569686,4399.19
ORD102961,CUST03874,Debit Card,Refunded,2026-03-09 23:48:00,TXN7090699318,4042.71
ORD101809,CUST00232,COD,Success,2026-08-20 16:52:00,TXN3552232116,40108.79
ORD102059,CUST04185,UPI,Refunded,2026-05-10 00:24:00,TXN7834973746,42292.81
ORD102869,CUST02971,COD,Pending,2026-03-08 15:11:00,TXN6237826720,14716.36
ORD102970,CUST04191,Net Banking,Refunded,2026-04-10 00:19:00,TXN3427056784,49579.39
ORD101181,CUST04825,UPI,Refunded,2026-05-18 16:49:00,TXN6900855834,41415.98
ORD100870,CUST01864,Wallet,Refunded,2026-08-27 02:53:00,TXN5620322994,44740.36
ORD102702,CUST01349,Debit Card,Success,2026-03-21 11:20:00,TXN6543605776,32204.26
ORD104003,CUST02988,Wallet,Refunded,2026-04-10 21:42:00,TXN4600827407,29522.09
ORD104785,CUST00370,UPI,Success,2026-06-07 08:58:00,TXN8757879953,13500.76
ORD104892,CUST03237,Net Banking,Refunded,2026-05-21 05:18:00,TXN1650134582,30849.11
ORD101644,CUST04629,Credit Card,Refunded,2026-09-25 11:33:00,TXN8652564302,17321.23
ORD101896,CUST04642,Credit Card,Refunded,2026-08-17 16:16:00,TXN4668056611,6801.61
ORD103000,CUST00808,Wallet,Refunded,2026-09-15 12:42:00,TXN4727406285,36076.89
ORD100115,CUST01996,Credit Card,Failed,2026-09-08 10:06:00,TXN3120601306,16315.95
ORD102530,CUST03942,Net Banking,Success,2026-05-15 08:46:00,TXN1710720216,35751.5
ORD104489,CUST03896,Credit Card,Success,2026-02-14 02:58:00,TXN6655179297,31755.97
ORD101148,CUST00448,Credit Card,Success,2026-02-06 11:30:00,TXN1922817379,176.18
ORD103210,CUST04337,UPI,Refunded,2026-08-25 09:17:00,TXN8602071946,50328.76
ORD103288,CUST00968,Debit Card,Success,2026-07-24 18:15:00,TXN4559389756,15224.22
ORD100786,CUST02285,Debit Card,Success,2026-05-01 13:38:00,TXN1334219054,29319.23
ORD104831,CUST01701,Wallet,Refunded,2026-04-17 15:38:00,TXN7647232074,58453.7
ORD103633,CUST02526,COD,Success,2026-04-29 03:46:00,TXN3954411231,4105.12
ORD101104,CUST04203,Debit Card,Refunded,2026-09-05 07:34:00,TXN9190501079,24421.54
ORD103323,CUST00916,UPI,Success,2026-06-07 08:44:00,TXN6204880408,19264.4
ORD104061,CUST01257,UPI,Failed,2026-03-31 04:31:00,TXN5736317339,92398.14
ORD100817,CUST02814,COD,Pending,2026-04-06 08:14:00,TXN9651895220,31164.95
ORD103900,CUST02197,Debit Card,Refunded,2026-05-18 12:48:00,TXN2733137566,18467.72
ORD101165,CUST03186,COD,Success,2026-03-26 10:24:00,TXN1549044803,38897.08
ORD102241,CUST01384,UPI,Success,2026-07-21 01:38:00,TXN4685272082,56847.55
ORD103004,CUST01119,Net Banking,Success,2026-04-17 00:06:00,TXN5460364400,6777.65
ORD102067,CUST04999,Net Banking,Refunded,2026-09-10 16:34:00,TXN5132538281,8306.84
ORD104154,CUST01803,Net Banking,Success,2026-08-29 19:57:00,TXN1822275668,47601.66
ORD100559,CUST04205,Wallet,Success,2026-05-18 09:23:00,TXN7098481180,53868.42
ORD102484,CUST00672,Credit Card,Refunded,2026-04-20 03:52:00,TXN6606317169,13713.83
ORD103814,CUST00013,UPI,Success,2026-04-14 04:20:00,TXN6413197365,13692.94
ORD101785,CUST00056,COD,Refunded,2026-03-17 00:30:00,TXN1991986540,68157.15
ORD102600,CUST04624,COD,Refunded,2026-03-04 16:00:00,TXN6421634839,13354.12
ORD104227,CUST02811,Net Banking,Pending,2026-04-21 06:58:00,TXN3057002626,79281.13
ORD103122,CUST01117,Wallet,Success,2026-08-08 12:53:00,TXN9635112443,13036.92
ORD102711,CUST04658,Credit Card,Success,2026-09-01 12:45:00,TXN4064767978,7439.26
ORD100341,CUST00735,Wallet,Success,2026-05-27 00:25:00,TXN8363681431,14026.57
ORD100178,CUST00981,Net Banking,Failed,2026-06-07 03:38:00,TXN2534487857,40890.19
ORD100523,CUST03756,COD,Success,2026-03-06 07:12:00,TXN7556787532,52932.5
ORD100236,CUST02623,Debit Card,Pending,2026-04-07 06:16:00,TXN4249955768,7585.44
ORD102291,CUST03538,Credit Card,Refunded,2026-06-24 01:19:00,TXN6703410416,88319.3
ORD103456,CUST03339,Wallet,Success,2026-05-09 03:23:00,TXN8060820064,19616.44
ORD104789,CUST03261,Credit Card,Pending,2026-09-05 05:25:00,TXN7732424540,49794.62
ORD101992,CUST04769,Credit Card,Failed,2026-08-06 19:48:00,TXN8646299595,31159.79
ORD104136,CUST03931,COD,Success,2026-03-02 19:35:00,TXN1264709329,1333.6
ORD100726,CUST02537,Credit Card,Success,2026-09-07 05:22:00,TXN5678557206,59726.9
ORD102999,CUST03561,COD,Refunded,2026-08-29 18:50:00,TXN3718140247,41459.47
ORD104140,CUST00150,Net Banking,Success,2026-05-14 00:21:00,TXN6704822753,58079.12
ORD103074,CUST04523,UPI,Refunded,2026-03-05 19:57:00,TXN7655851901,32667.83
ORD104927,CUST04486,Credit Card,Success,2026-05-22 15:51:00,TXN4439131382,32490.23
ORD103199,CUST00729,COD,Pending,2026-08-22 18:41:00,TXN6691413019,5877.77
ORD104769,CUST02821,Debit Card,Refunded,2026-06-04 11:28:00,TXN9106183837,78414.39
ORD100135,CUST03140,COD,Refunded,2026-08-20 21:31:00,TXN3068101316,26025.57
ORD102777,CUST02759,Credit Card,Failed,2026-02-27 11:48:00,TXN1535750572,10848.83
ORD101540,CUST03857,UPI,Refunded,2026-09-03 10:17:00,TXN7613042833,50921.98
ORD103023,CUST00140,COD,Success,2026-02-15 00:21:00,TXN7846023917,51590.25
ORD104901,CUST01742,Wallet,Pending,2026-06-02 14:06:00,TXN8336428198,65093.7
ORD100694,CUST02176,COD,Refunded,2026-08-22 21:11:00,TXN3775055328,29616.25
ORD100849,CUST04624,Net Banking,Success,2026-02-19 14:13:00,TXN3271660831,34365.57
ORD104504,CUST04616,UPI,Success,2026-07-06 13:21:00,TXN1471375061,24605.71
ORD100396,CUST03439,Debit Card,Success,2026-08-31 17:42:00,TXN6041680651,14694.54
ORD103382,CUST04115,Wallet,Success,2026-07-23 21:29:00,TXN3656357325,14945.23
ORD100251,CUST02674,Credit Card,Success,2026-05-25 21:13:00,TXN5494637149,9751.84
ORD100665,CUST01474,Wallet,Success,2026-04-12 02:09:00,TXN7234401510,22690.19
ORD102033,CUST00855,Credit Card,Success,2026-01-29 22:08:00,TXN6955940842,36297.81
ORD103930,CUST02123,Net Banking,Success,2026-08-31 18:36:00,TXN7635713324,14850.2
ORD102415,CUST00991,Wallet,Refunded,2026-06-09 10:54:00,TXN9965809108,34368.34
ORD102498,CUST00127,Credit Card,Success,2026-02-26 14:44:00,TXN6859147253,64919.78
ORD102298,CUST00181,Net Banking,Success,2026-07-20 20:44:00,TXN9740275723,42697.66
ORD101118,CUST02236,COD,Refunded,2026-03-31 17:16:00,TXN5526518444,5734.96
ORD101323,CUST02600,UPI,Success,2026-04-15 13:57:00,TXN1037677583,32016.2
ORD102681,CUST02503,Net Banking,Refunded,2026-05-05 19:40:00,TXN8352855768,45330.11
ORD100740,CUST03584,UPI,Refunded,2026-09-20 08:55:00,TXN9160617707,12373.4
ORD103041,CUST03775,COD,Success,2026-08-05 22:34:00,TXN2001942517,22227.41
ORD104888,CUST03942,Debit Card,Failed,2026-03-16 07:40:00,TXN9763258396,42051.87
ORD103866,CUST03751,Wallet,Success,2026-04-16 14:55:00,TXN5764253321,344.98
ORD103713,CUST03024,Credit Card,Refunded,2026-06-06 22:16:00,TXN9496605656,17654.23
ORD103923,CUST01225,Wallet,Failed,2026-07-23 11:21:00,TXN2391224489,58288.93
ORD101187,CUST00312,Credit Card,Refunded,2026-08-08 21:34:00,TXN9738188631,12455.84
ORD100845,CUST04656,Wallet,Refunded,2026-06-06 08:52:00,TXN1392690394,11770.38
ORD102950,CUST04046,Net Banking,Refunded,2026-08-21 13:17:00,TXN3555390259,36975.7
ORD104729,CUST00685,UPI,Refunded,2026-09-04 09:43:00,TXN3579788789,40638.29
ORD101190,CUST02796,Wallet,Refunded,2026-07-21 11:32:00,TXN4525716331,22272.82
ORD102850,CUST04303,Credit Card,Pending,2026-08-15 09:00:00,TXN8403084044,13555.3
ORD101520,CUST01561,Credit Card,Success,2026-02-04 02:21:00,TXN6413724003,8555.08
ORD103985,CUST03917,Net Banking,Refunded,2026-08-09 02:45:00,TXN8081826467,12162.61
ORD101016,CUST00886,Net Banking,Pending,2026-07-23 13:55:00,TXN4934260494,14956.5
ORD103294,CUST02104,Credit Card,Refunded,2026-04-19 21:45:00,TXN8743296800,22176.94
ORD101035,CUST03176,Credit Card,Success,2026-05-25 22:54:00,TXN3330961819,75588.7
ORD101335,CUST00816,UPI,Pending,2026-03-05 18:24:00,TXN3353942895,257.76
ORD100707,CUST00831,COD,Refunded,2026-02-13 23:25:00,TXN5118348989,34824.45
ORD102988,CUST00696,COD,Failed,2026-03-11 07:39:00,TXN5137673107,33260.88
ORD102879,CUST03187,UPI,Failed,2026-05-27 12:17:00,TXN1074442217,13922.73
ORD101910,CUST04892,COD,Success,2026-03-11 13:11:00,TXN8395924921,312.26
ORD101138,CUST04931,UPI,Refunded,2026-04-03 19:44:00,TXN7229841143,17314.26
ORD100168,CUST00649,Credit Card,Failed,2026-05-30 21:20:00,TXN1611412351,48034.23
ORD101054,CUST01954,Wallet,Failed,2026-05-22 15:11:00,TXN5790095402,48574.34
ORD104693,CUST00411,Debit Card,Refunded,2026-05-31 22:33:00,TXN5336440332,42654.38
ORD102193,CUST02982,Wallet,Refunded,2026-06-13 22:26:00,TXN8338305497,58435.25
ORD102928,CUST04520,Wallet,Failed,2026-06-21 18:25:00,TXN3685369229,52554.19
ORD103337,CUST01752,Credit Card,Success,2026-03-30 01:40:00,TXN6447962001,57845.07
ORD103131,CUST02792,Credit Card,Pending,2026-07-18 07:22:00,TXN8837105725,1302.25
ORD100052,CUST00573,Wallet,Success,2026-05-05 14:04:00,TXN3478218555,33302.5
ORD103229,CUST03570,Credit Card,Failed,2026-02-03 11:52:00,TXN3429575923,7384.41
ORD102657,CUST00527,Credit Card,Failed,2026-08-19 09:57:00,TXN8029335632,63317.61
ORD103109,CUST03580,Wallet,Refunded,2026-07-03 09:26:00,TXN2253148294,2012.68
ORD100097,CUST00375,Wallet,Refunded,2026-09-22 12:37:00,TXN1386805711,13599.11
ORD104735,CUST02606,COD,Success,2026-05-05 04:09:00,TXN7355047326,15593.49
ORD104421,CUST03325,Credit Card,Success,2026-09-16 06:36:00,TXN2075844911,26707.25
ORD101684,CUST03939,Net Banking,Refunded,2026-03-23 07:32:00,TXN4837355772,5274.33
ORD104695,CUST04387,Credit Card,Success,2026-03-19 08:13:00,TXN8683380079,3341.77
ORD101795,CUST04081,COD,Success,2026-04-05 02:12:00,TXN5402887783,37761.42
ORD104513,CUST02227,Net Banking,Pending,2026-06-21 14:57:00,TXN7676288827,8956.87
ORD102324,CUST03279,COD,Refunded,2026-07-22 06:53:00,TXN8374293795,17586.98
ORD104754,CUST01898,Debit Card,Success,2026-01-31 20:30:00,TXN5123782654,22386.99
ORD101880,CUST00994,COD,Refunded,2026-09-02 13:49:00,TXN7311919490,4578.02
ORD104702,CUST02622,UPI,Refunded,2026-09-12 20:55:00,TXN4589105087,32282.45
ORD100381,CUST04363,COD,Refunded,2026-05-18 01:12:00,TXN7122476723,25504.06
ORD104694,CUST04322,COD,Success,2026-08-31 19:39:00,TXN8689613535,24292.07
ORD102210,CUST03868,Debit Card,Failed,2026-08-07 12:34:00,TXN8390795278,8703.59
ORD102881,CUST03562,UPI,Refunded,2026-02-17 03:55:00,TXN2248345909,4095.12
ORD100779,CUST03869,Debit Card,Success,2026-03-03 16:13:00,TXN4154628951,29629.61
ORD103462,CUST01650,UPI,Success,2026-08-30 14:58:00,TXN6706138518,37794.68
ORD100498,CUST04208,Net Banking,Success,2026-08-25 03:50:00,TXN3786796915,23059.64
ORD104353,CUST01892,Debit Card,Refunded,2026-06-30 22:52:00,TXN7237002039,51167.7
ORD104382,CUST03175,Credit Card,Success,2026-08-27 00:30:00,TXN3631024187,10663.4
ORD103338,CUST02092,UPI,Success,2026-05-14 03:45:00,TXN9157543288,1583.62
ORD101216,CUST00634,Credit Card,Success,2026-03-25 09:22:00,TXN4308853802,23720.35
ORD101407,CUST01465,Credit Card,Success,2026-06-02 01:49:00,TXN7547196798,67812.73
ORD104237,CUST00840,UPI,Success,2026-07-01 05:28:00,TXN1261194877,27207.82
ORD101121,CUST01161,Wallet,Success,2026-06-03 01:36:00,TXN8587191686,54616.02
ORD101481,CUST00722,COD,Refunded,2026-06-11 18:52:00,TXN2052114765,16841.69
ORD104317,CUST03192,Wallet,Refunded,2026-09-05 09:49:00,TXN1575856577,5601.2
ORD100088,CUST00798,Net Banking,Success,2026-08-05 09:41:00,TXN7019558023,2831.24
ORD102690,CUST00191,UPI,Refunded,2026-02-04 06:33:00,TXN3119749374,9382.27
ORD102432,CUST03634,COD,Refunded,2026-04-07 20:15:00,TXN1064833372,21550.44
ORD104867,CUST02832,Net Banking,Refunded,2026-02-12 17:47:00,TXN4404216690,42540.15
ORD103671,CUST04767,Net Banking,Success,2026-07-28 22:19:00,TXN1482354838,31662.93
ORD104917,CUST02425,COD,Success,2026-07-18 11:32:00,TXN7502791225,21626.27
ORD100199,CUST02318,Debit Card,Success,2026-04-08 12:21:00,TXN9966612155,32740.63
ORD104643,CUST01105,Credit Card,Pending,2026-03-13 06:06:00,TXN1997984242,15106.05
ORD103639,CUST00052,UPI,Refunded,2026-06-15 13:12:00,TXN4468181301,41600.61
ORD102376,CUST02203,UPI,Refunded,2026-05-16 08:04:00,TXN3294105544,65125.9
ORD100268,CUST02278,Wallet,Refunded,2026-06-17 05:33:00,TXN1489436720,11238.39
ORD100976,CUST01432,Wallet,Refunded,2026-07-27 17:42:00,TXN9177550173,17039.23
ORD103123,CUST00354,Credit Card,Refunded,2026-04-01 17:11:00,TXN5929884090,8520.36
ORD100533,CUST00145,UPI,Success,2026-04-04 05:50:00,TXN6092916837,5191.35
ORD104960,CUST01532,COD,Success,2026-05-16 05:15:00,TXN3722018985,7844.7
ORD100084,CUST04327,Wallet,Success,2026-02-04 11:09:00,TXN4708633339,7984.59
ORD104093,CUST02728,Debit Card,Success,2026-08-06 23:00:00,TXN2609521229,63019.83
ORD100529,CUST04049,Debit Card,Success,2026-03-24 09:37:00,TXN4543011407,6047.87
ORD104469,CUST00965,UPI,Refunded,2026-05-12 04:35:00,TXN7876706624,15102.88
ORD102377,CUST00639,Credit Card,Refunded,2026-04-02 13:45:00,TXN2696508013,16866.87
ORD103170,CUST03515,Net Banking,Success,2026-02-10 22:28:00,TXN8263918121,1949.49
ORD103483,CUST02993,UPI,Success,2026-07-06 00:31:00,TXN9598632903,43541.06
ORD103143,CUST01893,Credit Card,Success,2026-04-23 12:50:00,TXN7354708664,36077.81
ORD101398,CUST00990,Wallet,Failed,2026-02-15 01:21:00,TXN9942910434,27856.02
ORD103072,CUST00788,Credit Card,Success,2026-06-23 17:01:00,TXN7476546867,29468.03
ORD100397,CUST04309,Credit Card,Success,2026-04-24 00:45:00,TXN1862119266,27248.86
ORD103289,CUST03015,Wallet,Success,2026-08-13 17:38:00,TXN1746171342,4281.8
ORD104897,CUST02365,Debit Card,Refunded,2026-06-12 11:33:00,TXN7312130637,34392.4
ORD103389,CUST03217,Debit Card,Failed,2026-08-26 17:28:00,TXN6778668336,78088.16
ORD100577,CUST04940,Wallet,Failed,2026-09-03 09:09:00,TXN6512029300,22840.43
ORD103275,CUST03720,Debit Card,Success,2026-04-25 00:11:00,TXN8408254921,5376.35
ORD103596,CUST04069,Wallet,Refunded,2026-05-29 23:17:00,TXN3218870581,34532.99
ORD102202,CUST04775,Wallet,Refunded,2026-04-20 01:20:00,TXN4155266733,32899.62
ORD102106,CUST02685,COD,Success,2026-05-08 10:49:00,TXN7227506767,17928.03
ORD101541,CUST04046,Net Banking,Refunded,2026-07-18 06:32:00,TXN7145715373,55172.69
ORD104068,CUST04432,Net Banking,Success,2026-06-05 08:01:00,TXN7263997921,61656.94
ORD102932,CUST00395,Debit Card,Success,2026-03-20 11:56:00,TXN6503769648,17101.12
ORD100094,CUST01249,Debit Card,Success,2026-08-22 22:42:00,TXN7931532559,4813.88
ORD101584,CUST04124,UPI,Pending,2026-09-20 07:52:00,TXN8648342630,9763.04
ORD102639,CUST00091,Debit Card,Pending,2026-03-19 03:38:00,TXN2090797167,18203.57
ORD103116,CUST03367,UPI,Pending,2026-01-29 02:01:00,TXN2574586050,33913.73
ORD103486,CUST04844,COD,Refunded,2026-05-29 22:43:00,TXN7641133257,17844.28
ORD100155,CUST02535,Net Banking,Pending,2026-06-26 02:18:00,TXN7899470595,19847.51
ORD100354,CUST02094,Net Banking,Refunded,2026-03-31 12:14:00,TXN9962980728,20173.18
ORD102186,CUST03102,Wallet,Success,2026-02-04 21:02:00,TXN6302698108,14948.31
ORD101539,CUST00972,Wallet,Success,2026-04-02 16:03:00,TXN4058580292,48665.79
ORD101483,CUST04985,Net Banking,Success,2026-04-25 14:58:00,TXN9720157128,10762.52
ORD100633,CUST00558,Wallet,Success,2026-08-29 12:18:00,TXN4983299652,22022.31
ORD103375,CUST02833,Credit Card,Pending,2026-03-18 12:32:00,TXN3207583425,40008.01
ORD101596,CUST04519,Debit Card,Refunded,2026-04-25 04:53:00,TXN2624763502,15451.33
ORD100161,CUST04144,COD,Success,2026-03-30 15:05:00,TXN8524484074,62654.0
ORD104815,CUST04764,COD,Pending,2026-06-09 18:20:00,TXN4296069802,39716.91
ORD104496,CUST02113,COD,Success,2026-02-24 18:21:00,TXN4915495382,8596.55
ORD100356,CUST01906,Credit Card,Success,2026-08-05 01:22:00,TXN2131607621,10775.43
ORD101005,CUST01913,UPI,Failed,2026-05-01 06:19:00,TXN2419275459,78351.4
ORD104333,CUST00958,UPI,Success,2026-06-26 20:00:00,TXN9082933038,30592.83
ORD100127,CUST02015,Wallet,Refunded,2026-06-05 09:17:00,TXN2260862396,54474.43
ORD100159,CUST01011,Credit Card,Refunded,2026-04-26 09:14:00,TXN6048754200,6029.33
ORD102085,CUST03258,Net Banking,Refunded,2026-02-18 15:19:00,TXN8325568941,5061.33
ORD103436,CUST00440,UPI,Success,2026-09-01 14:53:00,TXN2508637740,29529.4
ORD103699,CUST02815,UPI,Pending,2026-08-21 19:33:00,TXN5064647916,22011.57
ORD103941,CUST02084,COD,Refunded,2026-04-14 20:42:00,TXN8522090864,38345.94
ORD100163,CUST01157,Net Banking,Refunded,2026-05-09 20:22:00,TXN8516769804,42169.48
ORD102978,CUST03428,Net Banking,Failed,2026-03-24 04:44:00,TXN9048727609,11240.03
ORD103262,CUST03814,Credit Card,Success,2026-08-19 04:23:00,TXN8643833151,59594.3
ORD100234,CUST04015,UPI,Refunded,2026-05-23 22:59:00,TXN3558267027,5940.84
ORD100377,CUST02533,Wallet,Refunded,2026-04-06 23:53:00,TXN1464107475,5014.24
ORD104394,CUST04992,COD,Success,2026-04-21 17:49:00,TXN3594252613,9906.34
ORD101983,CUST00452,Debit Card,Refunded,2026-06-03 07:05:00,TXN9954468332,11799.05
ORD100355,CUST03886,Wallet,Success,2026-02-25 04:59:00,TXN7068728888,25578.74
ORD104045,CUST02021,UPI,Success,2026-03-28 13:39:00,TXN2831124560,32977.77
ORD101180,CUST00363,Credit Card,Refunded,2026-04-10 00:26:00,TXN1169217488,43472.78
ORD100851,CUST02625,Wallet,Success,2026-08-25 07:41:00,TXN6467251660,32862.48
ORD101678,CUST01531,Wallet,Refunded,2026-06-12 05:07:00,TXN6348085597,21097.68
ORD104128,CUST00016,Net Banking,Success,2026-09-10 22:09:00,TXN1302605741,54359.19
ORD100886,CUST02405,UPI,Refunded,2026-08-18 05:24:00,TXN4130195493,25679.73
ORD101279,CUST04258,UPI,Refunded,2026-03-09 05:22:00,TXN1012206050,43437.89
ORD102213,CUST04596,Wallet,Pending,2026-02-22 15:09:00,TXN3033675212,12943.01
ORD104133,CUST02480,UPI,Success,2026-04-20 00:38:00,TXN1493985806,9465.32
ORD100983,CUST02426,Debit Card,Refunded,2026-03-11 09:48:00,TXN6873037707,6564.05
ORD101760,CUST04981,COD,Success,2026-07-20 06:03:00,TXN4924399672,71381.24
ORD104893,CUST03231,Wallet,Refunded,2026-04-27 00:53:00,TXN1547224082,23047.16
ORD103861,CUST04524,Credit Card,Success,2026-06-23 03:29:00,TXN8922421567,50951.67
ORD104885,CUST02685,COD,Pending,2026-08-03 00:45:00,TXN1111339472,3988.06
ORD104233,CUST02739,Wallet,Refunded,2026-07-04 07:22:00,TXN6819080022,59003.39
ORD102076,CUST04509,Wallet,Success,2026-07-25 10:29:00,TXN4139353573,25904.41
ORD101364,CUST04504,Debit Card,Success,2026-05-27 22:58:00,TXN6474251335,16086.62
ORD104859,CUST02527,Debit Card,Refunded,2026-03-08 06:30:00,TXN3707359764,6057.6
ORD101019,CUST03358,UPI,Success,2026-02-11 17:43:00,TXN1057563632,40368.02
ORD100025,CUST01010,Wallet,Success,2026-07-02 09:21:00,TXN5827095911,50566.16
ORD103821,CUST01930,Credit Card,Refunded,2026-06-11 20:06:00,TXN2328097237,28627.83
ORD101462,CUST01613,Debit Card,Refunded,2026-02-28 10:29:00,TXN9585222555,31614.87
ORD101668,CUST04141,Net Banking,Refunded,2026-06-19 00:15:00,TXN7994861771,4631.41
ORD100346,CUST01881,Credit Card,Success,2026-04-25 11:19:00,TXN5939384449,40538.6
ORD101892,CUST04754,COD,Success,2026-03-17 13:25:00,TXN5630452785,14166.08
ORD103966,CUST04170,Debit Card,Refunded,2026-07-26 01:21:00,TXN9011442929,13181.11
ORD103458,CUST03594,Wallet,Refunded,2026-04-05 01:06:00,TXN7520891649,26790.09
ORD102912,CUST00230,Credit Card,Success,2026-08-12 19:46:00,TXN6898848309,53185.6
ORD101029,CUST00304,Debit Card,Refunded,2026-06-09 11:41:00,TXN3181865407,4104.4
ORD100240,CUST00309,Debit Card,Failed,2026-03-24 15:18:00,TXN8401143803,17615.7
ORD102494,CUST01373,COD,Success,2026-07-11 20:52:00,TXN6770963583,64346.52
ORD101704,CUST01103,Credit Card,Refunded,2026-02-07 07:38:00,TXN4746967463,65862.81
ORD103603,CUST01501,Debit Card,Refunded,2026-09-24 10:48:00,TXN8225153623,2245.36
ORD102834,CUST04211,Net Banking,Success,2026-05-02 06:52:00,TXN5076252666,45475.34
ORD102602,CUST04432,Wallet,Success,2026-04-06 13:14:00,TXN8958661694,21805.53
ORD100391,CUST00129,Net Banking,Refunded,2026-08-24 06:27:00,TXN6406523386,29677.78
ORD103975,CUST01463,Debit Card,Success,2026-08-19 03:30:00,TXN6756412218,14177.2
ORD102233,CUST01099,Net Banking,Success,2026-07-05 04:40:00,TXN2445871974,4987.28
ORD101891,CUST03371,Credit Card,Refunded,2026-08-16 14:40:00,TXN7086704497,27280.65
ORD102343,CUST01301,Credit Card,Success,2026-01-28 08:07:00,TXN2834393085,6056.46
ORD100299,CUST01568,Net Banking,Failed,2026-09-10 02:46:00,TXN2271797493,2399.04
ORD104344,CUST00391,Wallet,Refunded,2026-09-20 23:01:00,TXN5683188951,21537.28
ORD100505,CUST03741,Net Banking,Refunded,2026-01-31 04:26:00,TXN6850320670,22641.46
ORD101270,CUST01688,Credit Card,Refunded,2026-03-25 21:30:00,TXN1671749269,21927.48
ORD102451,CUST02644,Credit Card,Success,2026-04-24 20:06:00,TXN1472214340,57605.52
ORD103282,CUST02543,UPI,Refunded,2026-07-05 02:35:00,TXN2325079518,41827.45
ORD102772,CUST01947,Wallet,Refunded,2026-06-11 14:59:00,TXN1230475427,10558.23
ORD101213,CUST04081,Net Banking,Failed,2026-04-05 07:54:00,TXN5086295495,15424.43
ORD100634,CUST04874,Debit Card,Failed,2026-04-07 13:35:00,TXN6163796546,42373.33
ORD102597,CUST02205,Net Banking,Refunded,2026-07-31 09:04:00,TXN7989223192,6685.16
ORD100502,CUST03944,Credit Card,Pending,2026-09-24 16:32:00,TXN2484193855,9039.01
ORD101431,CUST00955,Wallet,Refunded,2026-02-23 05:22:00,TXN8493563391,54965.43
ORD103324,CUST01704,COD,Success,2026-06-11 01:05:00,TXN5917606143,22027.77
ORD102666,CUST02104,Debit Card,Failed,2026-06-16 13:42:00,TXN3956856123,11989.06
ORD100565,CUST00538,Credit Card,Success,2026-07-03 07:15:00,TXN5404131446,13849.9
ORD102258,CUST02198,COD,Refunded,2026-09-05 13:26:00,TXN4204701517,42957.0
ORD101115,CUST03713,Wallet,Success,2026-05-14 18:43:00,TXN5718311556,48715.17
ORD104245,CUST02470,UPI,Failed,2026-08-06 23:01:00,TXN4611381526,7994.33
ORD100079,CUST03841,Wallet,Success,2026-02-07 14:34:00,TXN4266565645,20746.46
ORD100034,CUST03264,UPI,Success,2026-07-03 20:43:00,TXN2802881184,15561.95
ORD101977,CUST04821,Credit Card,Success,2026-05-15 07:15:00,TXN3222320231,49577.06
ORD103385,CUST03334,Wallet,Success,2026-02-04 22:38:00,TXN8362832895,24001.37
ORD103653,CUST04846,Debit Card,Refunded,2026-04-04 20:18:00,TXN7337077186,9908.74
ORD101509,CUST01568,Wallet,Success,2026-02-19 11:28:00,TXN9782357604,13156.49
ORD102105,CUST02458,Credit Card,Success,2026-06-29 08:46:00,TXN3817100572,17778.82
ORD100131,CUST02401,COD,Success,2026-08-12 16:16:00,TXN6267403478,4554.42
ORD102271,CUST00065,Credit Card,Success,2026-09-08 06:55:00,TXN1401731793,73475.97
ORD103444,CUST01919,Debit Card,Pending,2026-09-06 01:23:00,TXN8390943765,7440.89
ORD103877,CUST04962,Net Banking,Pending,2026-03-24 07:25:00,TXN8830035256,1494.88
ORD104304,CUST04129,Credit Card,Refunded,2026-03-13 22:33:00,TXN7605686418,82375.61
ORD100252,CUST01054,UPI,Refunded,2026-05-20 22:49:00,TXN9113333219,6207.39
ORD102428,CUST00216,COD,Refunded,2026-06-03 10:39:00,TXN1209996193,41475.87
ORD101079,CUST02949,UPI,Success,2026-03-30 14:26:00,TXN3841624781,4289.58
ORD100258,CUST00686,COD,Success,2026-03-27 08:32:00,TXN1004953844,34122.2
ORD100720,CUST01379,Wallet,Refunded,2026-07-28 13:03:00,TXN4289048107,9952.01
ORD101370,CUST04003,COD,Pending,2026-06-15 05:36:00,TXN7846125631,43912.69
ORD104517,CUST04202,Net Banking,Success,2026-07-25 06:26:00,TXN1817014456,39592.58
ORD100099,CUST01987,Debit Card,Success,2026-07-26 09:53:00,TXN2683872329,11199.63
ORD104300,CUST02127,Credit Card,Success,2026-05-21 14:42:00,TXN2650363573,5074.03
ORD102864,CUST01356,Debit Card,Refunded,2026-06-15 13:14:00,TXN1154365830,25018.67
ORD104268,CUST03163,COD,Refunded,2026-04-26 05:50:00,TXN1540633932,39123.34
ORD103570,CUST04329,UPI,Failed,2026-04-03 14:05:00,TXN5805063328,10508.91
ORD104331,CUST04428,Credit Card,Refunded,2026-08-30 08:38:00,TXN1847202103,6561.7
ORD101821,CUST02092,COD,Refunded,2026-03-27 02:07:00,TXN8572308177,5883.52
ORD103118,CUST00846,Debit Card,Failed,2026-05-26 19:16:00,TXN4616246180,45562.7
ORD104779,CUST03011,Net Banking,Refunded,2026-04-23 13:33:00,TXN9552988520,24091.59
ORD101600,CUST00445,Wallet,Failed,2026-02-16 15:41:00,TXN9561253701,36376.93
ORD102315,CUST00636,Credit Card,Refunded,2026-07-24 09:19:00,TXN9398333749,5521.29
ORD103301,CUST01663,Debit Card,Refunded,2026-04-28 10:22:00,TXN8807825943,10739.58
ORD100994,CUST04353,Debit Card,Pending,2026-07-18 23:46:00,TXN6683966755,52679.54
ORD104700,CUST02745,Credit Card,Success,2026-09-07 23:21:00,TXN9249865784,34447.68
ORD102775,CUST02843,Credit Card,Pending,2026-08-20 17:25:00,TXN5824696910,13302.85
ORD103645,CUST02862,Credit Card,Success,2026-08-31 15:32:00,TXN5862940873,12666.25
ORD101622,CUST01318,COD,Success,2026-01-31 17:27:00,TXN1551050976,3333.32
ORD100701,CUST03158,Wallet,Success,2026-08-23 11:58:00,TXN5641082258,5647.25
ORD102095,CUST01950,Credit Card,Refunded,2026-06-11 06:40:00,TXN9814316390,38265.16
ORD103555,CUST01219,Wallet,Pending,2026-04-21 03:01:00,TXN7519642260,2602.25
ORD100613,CUST01213,Net Banking,Success,2026-03-03 10:44:00,TXN3858087510,7700.03
ORD101493,CUST03249,Net Banking,Success,2026-03-18 14:33:00,TXN4788639990,40709.73
ORD102195,CUST01675,Wallet,Refunded,2026-07-29 14:54:00,TXN9929859374,6333.02
ORD102232,CUST01803,UPI,Refunded,2026-02-18 08:16:00,TXN8892313458,74085.14
ORD101020,CUST00435,Debit Card,Success,2026-03-16 18:12:00,TXN8944833462,29671.15
ORD102453,CUST04502,Net Banking,Refunded,2026-05-27 09:06:00,TXN3825444492,26397.81
ORD101889,CUST03089,Net Banking,Refunded,2026-09-18 23:32:00,TXN9441015889,14452.6
ORD102980,CUST01404,COD,Success,2026-08-29 16:14:00,TXN5140444252,3900.44
ORD101247,CUST02900,Debit Card,Success,2026-08-13 00:35:00,TXN2869876292,5562.67
ORD101458,CUST03520,COD,Pending,2026-08-18 12:21:00,TXN5808596076,41240.08
ORD101267,CUST01217,Wallet,Refunded,2026-09-07 00:17:00,TXN8109281335,24228.22
ORD101551,CUST00293,Wallet,Refunded,2026-09-22 16:44:00,TXN6554383189,27794.64
ORD100246,CUST03395,Net Banking,Success,2026-04-15 15:25:00,TXN6030882644,1229.41
ORD101421,CUST00404,Net Banking,Refunded,2026-07-05 04:08:00,TXN5048713408,9956.98
ORD101040,CUST03161,Wallet,Success,2026-02-09 05:43:00,TXN7350457701,25061.15
ORD103868,CUST00453,Debit Card,Failed,2026-07-17 20:37:00,TXN8514077019,2117.84
ORD100488,CUST01989,Wallet,Failed,2026-07-09 03:27:00,TXN9246061120,7180.92
ORD101332,CUST03041,COD,Success,2026-09-21 20:51:00,TXN5233178531,11004.45
ORD104710,CUST00667,Wallet,Success,2026-03-08 06:53:00,TXN1522445406,4459.17
ORD103088,CUST01097,Net Banking,Failed,2026-02-15 20:57:00,TXN8317034018,4563.6
ORD103839,CUST01413,Wallet,Failed,2026-02-04 08:35:00,TXN2179094434,24661.95
ORD100274,CUST00872,Net Banking,Success,2026-03-19 13:12:00,TXN4942127420,3411.47
ORD100425,CUST02193,Net Banking,Refunded,2026-02-16 01:17:00,TXN1886272515,20612.29
ORD104305,CUST04012,Debit Card,Failed,2026-03-24 04:59:00,TXN7002781233,15272.31
ORD104728,CUST01481,Wallet,Success,2026-08-28 05:15:00,TXN3617223531,59265.12
ORD102320,CUST03164,Wallet,Success,2026-09-12 17:32:00,TXN3202312329,75180.17
ORD102648,CUST02029,Wallet,Success,2026-05-05 20:48:00,TXN6450890032,6611.18
ORD100170,CUST01708,UPI,Refunded,2026-03-09 09:05:00,TXN4893752282,12234.66
ORD100569,CUST01567,Debit Card,Failed,2026-06-03 18:42:00,TXN1887463495,14850.2
ORD104684,CUST00626,UPI,Failed,2026-04-03 18:11:00,TXN1970791731,59285.77
ORD104316,CUST01582,COD,Refunded,2026-05-02 06:01:00,TXN8234968041,2563.02
ORD103306,CUST04384,Debit Card,Failed,2026-06-07 07:32:00,TXN3750704369,22556.46
ORD103252,CUST02124,Wallet,Refunded,2026-06-20 08:59:00,TXN3260623611,54738.67
ORD103888,CUST00094,Wallet,Refunded,2026-03-06 09:33:00,TXN5282988422,17218.2
ORD103085,CUST04009,COD,Refunded,2026-06-13 06:01:00,TXN2794184974,65849.02
ORD101386,CUST01808,COD,Refunded,2026-08-08 16:19:00,TXN4074157907,19414.66
ORD102827,CUST03787,Net Banking,Success,2026-08-12 23:26:00,TXN7393367943,1029.62
ORD104577,CUST03074,Net Banking,Failed,2026-06-18 08:58:00,TXN1255419286,3393.12
ORD100930,CUST04272,UPI,Refunded,2026-02-11 15:58:00,TXN3754521806,39543.44
ORD102685,CUST01828,Debit Card,Refunded,2026-08-06 19:27:00,TXN4761432260,28565.75
ORD103476,CUST03996,Wallet,Pending,2026-04-10 22:27:00,TXN5658394309,71734.38
ORD101448,CUST03213,Wallet,Success,2026-04-08 04:19:00,TXN7431261185,91410.35
ORD102483,CUST04628,Debit Card,Success,2026-07-18 19:53:00,TXN5896634893,2022.33
ORD102846,CUST00327,UPI,Success,2026-07-08 22:20:00,TXN9371305407,7434.87
ORD104985,CUST02151,COD,Refunded,2026-02-02 16:44:00,TXN8055222032,18689.5
ORD104467,CUST01284,Credit Card,Failed,2026-03-01 03:20:00,TXN8385843836,25982.21
ORD101377,CUST00343,COD,Refunded,2026-04-25 09:49:00,TXN9882756088,27160.76
ORD100781,CUST00025,Debit Card,Refunded,2026-03-20 03:20:00,TXN2106081902,25321.17
ORD100525,CUST00682,Net Banking,Refunded,2026-07-06 13:16:00,TXN7274722127,24537.47
ORD102159,CUST00812,Debit Card,Refunded,2026-09-06 23:13:00,TXN1085679372,47467.58
ORD104786,CUST04574,Debit Card,Success,2026-02-01 16:57:00,TXN3973748619,4621.85
ORD103579,CUST02336,Credit Card,Failed,2026-07-01 09:50:00,TXN5522403705,65939.83
ORD101736,CUST00447,Wallet,Refunded,2026-09-23 23:40:00,TXN4027012040,15375.22
ORD102615,CUST04764,Debit Card,Success,2026-05-26 20:22:00,TXN8117523418,8882.46
ORD104486,CUST00412,Debit Card,Refunded,2026-06-14 01:26:00,TXN1030243004,32352.96
ORD101009,CUST03968,COD,Refunded,2026-08-29 13:40:00,TXN4090352470,28208.41
ORD101351,CUST00283,Wallet,Success,2026-06-18 07:55:00,TXN6802691212,10297.24
ORD101936,CUST02286,COD,Failed,2026-06-29 11:48:00,TXN8636974296,16214.92
ORD104571,CUST02060,UPI,Refunded,2026-06-23 15:15:00,TXN7038293599,13568.68
ORD100487,CUST03080,Credit Card,Refunded,2026-04-06 08:22:00,TXN5424393331,50855.2
ORD100222,CUST00477,Credit Card,Pending,2026-07-17 00:01:00,TXN7379678183,6584.03
ORD102155,CUST03499,Credit Card,Success,2026-08-06 00:15:00,TXN7640776614,14263.42
ORD104273,CUST03424,Credit Card,Refunded,2026-08-12 08:56:00,TXN2672137377,42488.71
ORD103822,CUST00952,COD,Success,2026-02-09 19:47:00,TXN3189900971,17160.6
ORD102778,CUST04620,Net Banking,Refunded,2026-07-01 10:02:00,TXN6399368790,1238.63
ORD101087,CUST01479,COD,Success,2026-05-15 13:27:00,TXN1510461371,7328.85
ORD100556,CUST01537,Net Banking,Success,2026-07-25 08:01:00,TXN3077227318,29445.51
ORD103947,CUST01367,Debit Card,Failed,2026-08-11 06:40:00,TXN8519343048,80746.7
ORD100454,CUST03604,Credit Card,Success,2026-07-12 13:22:00,TXN4462159141,65671.1
ORD102790,CUST00904,COD,Success,2026-08-31 11:01:00,TXN2239326726,53560.68
ORD102464,CUST04866,Debit Card,Refunded,2026-02-07 07:03:00,TXN4928713671,15487.15
ORD100064,CUST02745,COD,Success,2026-03-10 03:21:00,TXN9422209267,12319.38
ORD104040,CUST01736,Wallet,Failed,2026-05-03 12:55:00,TXN1192499179,16087.06
ORD101468,CUST00436,UPI,Refunded,2026-06-26 14:10:00,TXN4348814700,15382.41
ORD104949,CUST00857,COD,Success,2026-03-29 13:12:00,TXN2564160169,8632.6
ORD100806,CUST01090,Wallet,Success,2026-06-19 14:48:00,TXN9944957601,19315.48
ORD100643,CUST04431,UPI,Success,2026-05-10 02:02:00,TXN9332149559,9511.19
ORD101158,CUST04836,COD,Pending,2026-08-18 21:22:00,TXN3405620994,32679.11
ORD100991,CUST03334,COD,Failed,2026-06-29 06:04:00,TXN4235082126,33716.33
ORD104348,CUST02603,COD,Success,2026-02-12 14:02:00,TXN4664487072,22178.02
ORD101060,CUST01019,Net Banking,Refunded,2026-04-16 22:07:00,TXN5890864299,40793.97
ORD101106,CUST04296,Wallet,Pending,2026-06-05 02:16:00,TXN9910557953,30376.85
ORD103733,CUST01420,Credit Card,Refunded,2026-06-04 18:56:00,TXN1418822282,19200.74
ORD104560,CUST02997,UPI,Refunded,2026-08-09 20:26:00,TXN1761470258,96769.98
ORD101428,CUST03138,COD,Refunded,2026-08-13 07:42:00,TXN3970432186,67744.36
ORD103315,CUST04925,Credit Card,Success,2026-03-12 04:37:00,TXN9383444194,41672.92
ORD104672,CUST01569,Credit Card,Refunded,2026-09-03 22:53:00,TXN2282118242,30804.28
ORD103590,CUST03541,UPI,Success,2026-02-23 11:54:00,TXN6901061309,39188.83
ORD102732,CUST04572,Wallet,Refunded,2026-09-05 15:40:00,TXN1466163993,35755.41
ORD101533,CUST02201,COD,Success,2026-08-28 01:59:00,TXN1525481614,41010.68
ORD102228,CUST03204,UPI,Failed,2026-09-20 09:03:00,TXN8237630675,9618.74
ORD101376,CUST04044,Net Banking,Success,2026-04-15 19:45:00,TXN6164278041,640.32
ORD102566,CUST03742,Wallet,Refunded,2026-07-18 02:20:00,TXN9890252502,21256.52
ORD104200,CUST01824,Debit Card,Success,2026-04-28 17:08:00,TXN4300859207,1440.74
ORD100392,CUST00175,Credit Card,Pending,2026-04-04 02:48:00,TXN4022610788,7385.73
ORD102260,CUST00950,Debit Card,Success,2026-03-20 05:23:00,TXN9161004722,7402.36
ORD100799,CUST01765,Debit Card,Refunded,2026-06-11 18:48:00,TXN7990608034,13019.7
ORD101235,CUST04358,Net Banking,Refunded,2026-09-16 17:27:00,TXN6602289698,18708.72
ORD101240,CUST00636,Credit Card,Success,2026-06-18 07:03:00,TXN6520512752,72169.81
ORD101109,CUST04919,UPI,Success,2026-05-20 01:30:00,TXN4033184913,77489.92
ORD102307,CUST00738,Wallet,Success,2026-02-22 17:19:00,TXN9055164109,46515.23
ORD102492,CUST04754,COD,Success,2026-04-23 06:05:00,TXN8109462893,25137.36
ORD104841,CUST04399,COD,Pending,2026-08-20 19:16:00,TXN6574587899,58424.26
ORD104072,CUST01297,Credit Card,Success,2026-04-26 17:52:00,TXN2442892727,14282.8
ORD104428,CUST03918,Debit Card,Pending,2026-09-21 07:25:00,TXN9609193457,48168.64
ORD102578,CUST03324,UPI,Success,2026-06-06 16:46:00,TXN8684902627,28857.84
ORD101688,CUST02493,Credit Card,Failed,2026-09-06 02:43:00,TXN1988581091,17019.95
ORD103257,CUST00625,COD,Refunded,2026-02-14 00:48:00,TXN9945426507,10902.88
ORD102884,CUST02081,UPI,Success,2026-08-07 04:04:00,TXN1566177072,1190.27
ORD104720,CUST04499,COD,Success,2026-04-09 01:26:00,TXN6555133153,24662.78
ORD102840,CUST01953,COD,Refunded,2026-02-02 08:46:00,TXN8448724645,2395.37
ORD103879,CUST03284,UPI,Success,2026-02-25 12:43:00,TXN3933334966,75287.96
ORD100570,CUST00083,Debit Card,Refunded,2026-07-18 11:29:00,TXN2310646260,66899.91
ORD103362,CUST03625,Net Banking,Refunded,2026-05-29 16:16:00,TXN3004377295,29803.34
ORD100503,CUST00323,UPI,Failed,2026-06-23 08:10:00,TXN7855831633,38350.14
ORD103220,CUST02520,Net Banking,Refunded,2026-04-04 18:31:00,TXN2876426001,39538.41
ORD103215,CUST00067,COD,Success,2026-08-21 15:05:00,TXN7845946854,5891.86
ORD103840,CUST04666,COD,Success,2026-06-14 10:05:00,TXN2178731193,60154.42
ORD102920,CUST03464,Wallet,Success,2026-06-20 00:05:00,TXN9449918159,2856.48
ORD102728,CUST02335,Debit Card,Refunded,2026-07-16 20:21:00,TXN1267069896,63087.59
ORD104706,CUST04925,UPI,Success,2026-09-20 22:38:00,TXN3576797908,16827.08
ORD103795,CUST03357,Credit Card,Refunded,2026-06-12 14:07:00,TXN5386481738,28843.35
ORD101901,CUST04116,UPI,Success,2026-06-10 13:29:00,TXN2999842897,23000.02
ORD103018,CUST00353,COD,Refunded,2026-08-09 17:35:00,TXN1334063799,611.26
ORD102160,CUST01704,COD,Refunded,2026-03-04 04:22:00,TXN9181103539,80915.4
ORD102420,CUST03470,Net Banking,Success,2026-04-13 23:05:00,TXN4420705923,34447.68
ORD100328,CUST00779,Wallet,Refunded,2026-08-05 12:17:00,TXN5862066421,37477.02
ORD101211,CUST04403,Credit Card,Refunded,2026-02-16 18:30:00,TXN6156062778,13842.65
ORD102590,CUST04934,UPI,Success,2026-06-23 21:58:00,TXN5478926964,5981.43
ORD104833,CUST04096,Credit Card,Success,2026-06-04 12:24:00,TXN6886732477,23269.45
ORD102753,CUST04806,UPI,Success,2026-05-29 19:30:00,TXN6136234028,5651.1
ORD103836,CUST02949,Debit Card,Failed,2026-04-09 08:59:00,TXN4618564673,22923.23
ORD103586,CUST03484,Debit Card,Success,2026-07-07 04:46:00,TXN7763137180,79822.22
ORD103833,CUST01889,UPI,Refunded,2026-02-12 22:04:00,TXN1026461130,2106.48
ORD100154,CUST00530,UPI,Pending,2026-02-01 08:32:00,TXN1734943921,10461.57
ORD101510,CUST03665,Net Banking,Success,2026-02-12 17:24:00,TXN6443907806,39568.44
ORD103381,CUST03774,UPI,Refunded,2026-04-14 13:38:00,TXN6861039237,13276.02
ORD102399,CUST03066,COD,Success,2026-09-02 04:20:00,TXN2170356869,9237.52
ORD103820,CUST01078,Wallet,Failed,2026-04-22 04:16:00,TXN5701480685,3117.32
ORD104945,CUST00245,Net Banking,Failed,2026-05-06 05:25:00,TXN9967809845,45298.55
ORD100318,CUST03513,Credit Card,Success,2026-04-01 10:25:00,TXN5773923948,15691.4
ORD101563,CUST01956,UPI,Success,2026-07-09 05:08:00,TXN3649059727,9254.61
ORD101799,CUST02144,Debit Card,Refunded,2026-04-22 06:12:00,TXN7063745770,11324.05
ORD104627,CUST02662,Wallet,Refunded,2026-05-25 08:42:00,TXN9390603664,14304.62
ORD102199,CUST00403,Net Banking,Refunded,2026-07-02 17:08:00,TXN5549532604,8379.73
ORD103648,CUST03282,Net Banking,Success,2026-06-01 20:20:00,TXN7602241727,2157.25
ORD102675,CUST03899,Debit Card,Success,2026-07-12 01:16:00,TXN3778802868,4245.92
ORD102531,CUST04376,Net Banking,Failed,2026-01-31 19:25:00,TXN1901407112,28573.32
ORD103871,CUST03734,Wallet,Success,2026-05-10 05:27:00,TXN5821377286,70989.07
ORD103545,CUST02336,Credit Card,Success,2026-02-27 23:05:00,TXN4805739709,45772.53
ORD104287,CUST03338,COD,Refunded,2026-03-06 15:11:00,TXN1896433052,48382.99
ORD101285,CUST04452,Credit Card,Success,2026-04-22 09:00:00,TXN5621227688,25676.78
ORD100944,CUST02243,COD,Success,2026-01-31 04:25:00,TXN6165921021,30636.65
ORD103207,CUST01488,Net Banking,Success,2026-04-06 01:59:00,TXN8087207275,11869.8
ORD100298,CUST01079,Debit Card,Refunded,2026-02-07 06:14:00,TXN1863853259,12869.3
ORD101172,CUST00352,Debit Card,Refunded,2026-04-15 02:08:00,TXN5565850248,27678.36
ORD100493,CUST02974,COD,Refunded,2026-02-19 08:12:00,TXN4433708227,7526.88
ORD101223,CUST00218,Net Banking,Refunded,2026-05-23 17:12:00,TXN5398008144,8585.74
ORD103374,CUST00975,Wallet,Refunded,2026-03-30 00:32:00,TXN4491147718,75205.24
ORD103992,CUST02083,Wallet,Success,2026-09-22 15:06:00,TXN3532710888,68638.92
ORD101779,CUST03882,Credit Card,Success,2026-09-18 13:49:00,TXN9805309697,13271.0
ORD101755,CUST02378,Debit Card,Success,2026-06-29 03:59:00,TXN4642915845,13928.13
ORD100058,CUST03702,Credit Card,Refunded,2026-07-06 15:26:00,TXN2014377608,23183.08
ORD100146,CUST02219,Net Banking,Success,2026-07-27 16:11:00,TXN8632342066,1060.48
ORD100536,CUST04643,Debit Card,Success,2026-02-16 02:52:00,TXN6249511881,32902.82
ORD101289,CUST01046,Wallet,Success,2026-09-03 14:23:00,TXN5152731760,3340.34
ORD102641,CUST00710,Debit Card,Refunded,2026-03-17 09:25:00,TXN3571829448,27814.72
ORD104215,CUST03334,UPI,Success,2026-08-06 21:07:00,TXN7991662863,15212.87
ORD104217,CUST02233,Wallet,Success,2026-08-23 16:43:00,TXN6312567692,27797.68
ORD103597,CUST02136,Net Banking,Refunded,2026-07-29 23:49:00,TXN4724090697,7378.36
ORD101299,CUST02459,Debit Card,Refunded,2026-08-29 04:15:00,TXN3628627940,35399.88
ORD102222,CUST03140,COD,Success,2026-05-28 10:33:00,TXN5110051468,38428.43
ORD104589,CUST04453,Wallet,Success,2026-08-22 18:08:00,TXN9033815286,29676.43
ORD104449,CUST04433,Wallet,Refunded,2026-07-07 16:31:00,TXN5393834164,25908.17
ORD100867,CUST04980,COD,Refunded,2026-04-04 16:31:00,TXN5435331965,10553.1
ORD100359,CUST00251,Credit Card,Refunded,2026-07-17 16:28:00,TXN8005355130,80396.51
ORD103774,CUST00555,Credit Card,Refunded,2026-06-02 11:12:00,TXN5558586895,10753.24
ORD102234,CUST04526,Wallet,Refunded,2026-05-29 07:18:00,TXN9182052300,623.98
ORD104261,CUST01978,UPI,Refunded,2026-01-30 15:54:00,TXN6651969276,11192.87
ORD103739,CUST00222,UPI,Success,2026-05-25 10:45:00,TXN3834309220,15945.27
ORD100465,CUST03308,Wallet,Success,2026-08-15 05:57:00,TXN1089142739,16080.01
ORD101812,CUST01866,Debit Card,Refunded,2026-08-14 17:57:00,TXN1842066370,54104.22
ORD101670,CUST03181,UPI,Success,2026-03-17 01:54:00,TXN9655253939,47067.13
ORD103396,CUST01009,Credit Card,Failed,2026-07-01 05:41:00,TXN8051887810,7461.57
ORD100984,CUST03305,Credit Card,Success,2026-04-10 05:48:00,TXN6238842183,4570.38
ORD100098,CUST01677,COD,Failed,2026-05-21 18:22:00,TXN6524719448,15918.26
ORD102532,CUST00853,Credit Card,Pending,2026-05-11 16:09:00,TXN2745354914,1404.87
ORD103981,CUST02109,Credit Card,Refunded,2026-02-26 21:01:00,TXN6942696705,22807.99
ORD101769,CUST00386,Wallet,Success,2026-05-15 11:47:00,TXN7121582484,34448.98
ORD101640,CUST03291,COD,Refunded,2026-02-10 14:10:00,TXN8936958207,61716.95
ORD104395,CUST04358,Debit Card,Failed,2026-05-06 17:55:00,TXN8431514737,16243.32
ORD104919,CUST03075,Debit Card,Refunded,2026-02-06 10:08:00,TXN6586663341,14243.46
ORD100632,CUST04954,COD,Pending,2026-02-16 14:45:00,TXN3746510436,17029.29
ORD104799,CUST04622,UPI,Refunded,2026-02-20 16:47:00,TXN5013131851,72341.89
ORD103561,CUST01633,Wallet,Failed,2026-02-07 00:02:00,TXN7001212622,79067.8
ORD101542,CUST03317,UPI,Refunded,2026-02-05 19:08:00,TXN5028505940,21232.41
ORD103138,CUST01069,Net Banking,Success,2026-02-09 06:07:00,TXN6853426840,10724.15
ORD100829,CUST01952,Net Banking,Pending,2026-05-05 02:08:00,TXN7316873954,10709.67
ORD100915,CUST01127,COD,Refunded,2026-07-29 09:24:00,TXN2906220537,24739.1
ORD102017,CUST00916,Net Banking,Refunded,2026-03-17 12:36:00,TXN7359919131,34441.8
ORD104743,CUST04268,COD,Failed,2026-03-03 22:42:00,TXN2622596521,13852.01
ORD102179,CUST02175,Wallet,Pending,2026-05-15 19:14:00,TXN5450402310,35345.79
ORD103322,CUST04679,Credit Card,Refunded,2026-02-23 16:13:00,TXN3088874661,7679.62
ORD103679,CUST04723,Debit Card,Pending,2026-05-28 13:10:00,TXN6216161811,1623.21
ORD104606,CUST00913,Credit Card,Failed,2026-08-10 23:09:00,TXN2710754257,1047.45
ORD101269,CUST02224,Wallet,Success,2026-02-13 01:22:00,TXN8059855275,14488.99
ORD104569,CUST01086,UPI,Refunded,2026-09-24 16:24:00,TXN5500302751,24914.07
ORD102473,CUST01450,Credit Card,Failed,2026-09-15 23:47:00,TXN3269648331,50963.7
ORD101227,CUST03804,Debit Card,Pending,2026-01-29 20:26:00,TXN1191825096,6625.48
ORD101347,CUST01560,COD,Pending,2026-03-30 12:55:00,TXN3701038381,1249.15
ORD102247,CUST01736,Credit Card,Success,2026-07-16 10:46:00,TXN3324167660,8485.92
ORD100965,CUST03986,Debit Card,Success,2026-09-14 04:24:00,TXN6544276442,44374.89
ORD100653,CUST03186,Debit Card,Failed,2026-04-17 16:12:00,TXN5197309584,7169.58
ORD101098,CUST04753,UPI,Success,2026-09-21 00:45:00,TXN6269845914,6206.49
ORD102998,CUST01042,Credit Card,Pending,2026-08-25 21:17:00,TXN3681705036,6171.8
ORD100563,CUST04225,Credit Card,Success,2026-07-30 22:07:00,TXN8163018488,27977.05
ORD100810,CUST00276,Debit Card,Failed,2026-09-21 15:40:00,TXN6554790205,12247.08
ORD103716,CUST01133,Credit Card,Success,2026-03-13 23:49:00,TXN2152099061,65662.31
ORD103773,CUST01525,Net Banking,Refunded,2026-02-09 03:19:00,TXN2939835020,27499.13
ORD100216,CUST03095,Debit Card,Success,2026-05-01 04:59:00,TXN3448131348,29296.5
ORD102395,CUST02201,Debit Card,Success,2026-08-11 07:41:00,TXN1068607689,10529.74
ORD102929,CUST03742,Wallet,Success,2026-07-05 19:07:00,TXN6489983746,7689.92
ORD102689,CUST02162,Net Banking,Refunded,2026-02-18 03:24:00,TXN1122654304,15799.96
ORD100952,CUST03339,Wallet,Refunded,2026-03-26 02:06:00,TXN6867421221,13000.83
ORD104520,CUST04670,Credit Card,Success,2026-03-31 02:17:00,TXN6983866651,31890.75
ORD104753,CUST02324,Wallet,Failed,2026-08-25 23:14:00,TXN9899108784,58267.51
ORD102785,CUST04227,Credit Card,Failed,2026-05-10 15:02:00,TXN4950012784,36842.43
ORD100202,CUST03613,Net Banking,Refunded,2026-05-02 11:53:00,TXN7152614950,15815.96
ORD101081,CUST03981,Credit Card,Refunded,2026-09-01 08:11:00,TXN5062737215,18226.97
ORD103848,CUST00377,Credit Card,Success,2026-08-25 01:53:00,TXN8212233858,34745.66
ORD103934,CUST03211,Debit Card,Success,2026-02-15 14:05:00,TXN2106148971,4667.86
ORD104547,CUST01055,Net Banking,Success,2026-08-18 02:18:00,TXN7699655695,3241.45
ORD100868,CUST01584,COD,Success,2026-06-19 19:39:00,TXN2842627253,4748.89
ORD102837,CUST03842,Debit Card,Refunded,2026-03-25 01:01:00,TXN8179754805,19752.26
ORD103719,CUST04049,Net Banking,Failed,2026-06-09 06:25:00,TXN8286965412,5456.38
ORD101737,CUST00089,COD,Failed,2026-03-16 01:55:00,TXN6396313505,11621.84
ORD103325,CUST03617,Debit Card,Pending,2026-02-26 09:35:00,TXN6994173304,20800.99
ORD102175,CUST02836,Credit Card,Pending,2026-06-30 22:28:00,TXN5384571912,46721.97
ORD104603,CUST03824,UPI,Success,2026-05-03 11:41:00,TXN6863618612,10386.1
ORD103251,CUST01938,COD,Pending,2026-08-10 14:08:00,TXN9194178874,17072.35
ORD103268,CUST01339,COD,Refunded,2026-08-22 14:25:00,TXN3721994170,19513.98
ORD101342,CUST02826,Net Banking,Success,2026-05-28 06:19:00,TXN1904393786,19216.61
ORD101619,CUST02529,Credit Card,Pending,2026-04-29 10:54:00,TXN4653241006,7681.65
ORD104179,CUST04837,Wallet,Success,2026-04-08 16:08:00,TXN1765835750,83169.08
ORD100950,CUST02463,Wallet,Success,2026-08-21 17:18:00,TXN5655169776,34870.2
ORD104884,CUST03740,Wallet,Success,2026-03-28 23:00:00,TXN2000900914,66085.88
ORD104264,CUST02183,Debit Card,Success,2026-06-01 10:43:00,TXN9331717326,13206.95
ORD104956,CUST03150,COD,Pending,2026-04-09 19:58:00,TXN3220598141,6511.35
ORD102073,CUST00644,Debit Card,Failed,2026-04-25 20:57:00,TXN7477375382,29126.5
ORD103335,CUST00217,Credit Card,Success,2026-02-20 07:58:00,TXN4451650303,7278.98
ORD100938,CUST03937,Credit Card,Refunded,2026-09-02 16:32:00,TXN6719178032,46114.32
ORD102000,CUST02833,Credit Card,Success,2026-07-06 14:11:00,TXN1321736900,7322.22
ORD102979,CUST03401,Net Banking,Refunded,2026-08-12 11:21:00,TXN6075646820,6796.83
ORD101039,CUST02155,Debit Card,Refunded,2026-02-26 04:17:00,TXN2196937549,8182.55
ORD104690,CUST01471,COD,Success,2026-05-21 02:08:00,TXN7883831327,1149.13
ORD103416,CUST04458,Credit Card,Success,2026-08-20 17:53:00,TXN8529044022,5612.72
ORD102558,CUST01150,Debit Card,Refunded,2026-04-17 12:13:00,TXN5187105394,938.25
ORD102046,CUST04035,UPI,Pending,2026-05-29 00:16:00,TXN6606435651,33049.83
ORD104744,CUST02801,Debit Card,Pending,2026-05-16 13:44:00,TXN2179495970,45338.48
ORD103746,CUST04683,Debit Card,Success,2026-08-10 18:27:00,TXN1912705835,29928.54
ORD104094,CUST03207,Debit Card,Failed,2026-08-18 11:29:00,TXN5573111756,19193.62
ORD102766,CUST04826,Net Banking,Refunded,2026-07-28 02:49:00,TXN2837396489,16893.76
ORD102554,CUST00960,Net Banking,Pending,2026-01-30 09:19:00,TXN3326360739,38294.55
ORD102564,CUST04691,Credit Card,Success,2026-02-01 12:34:00,TXN2535420847,37532.78
ORD100718,CUST00662,Net Banking,Failed,2026-04-03 17:57:00,TXN4387858729,15000.48
ORD101790,CUST00437,COD,Refunded,2026-06-10 11:44:00,TXN6853160684,20786.19
ORD101797,CUST02617,UPI,Success,2026-06-08 21:49:00,TXN4047136313,21362.41
ORD100205,CUST01361,Debit Card,Pending,2026-07-17 09:10:00,TXN9454411293,24824.06
ORD103365,CUST02486,Debit Card,Refunded,2026-06-06 03:16:00,TXN8981238745,3407.51
ORD104340,CUST00580,Net Banking,Pending,2026-08-05 03:49:00,TXN1505731071,40661.98
ORD100474,CUST02413,COD,Failed,2026-04-12 20:15:00,TXN7294187697,45554.63
ORD104056,CUST00859,COD,Failed,2026-03-16 22:20:00,TXN4795508728,33717.03
ORD102673,CUST02751,Credit Card,Pending,2026-08-28 21:44:00,TXN4281441259,69564.07
ORD101063,CUST00662,Credit Card,Refunded,2026-03-08 23:09:00,TXN7475999754,16183.88
ORD101075,CUST02081,Wallet,Success,2026-03-01 14:31:00,TXN8628419082,54891.33
ORD102771,CUST00141,Net Banking,Success,2026-07-13 20:17:00,TXN5729355099,7185.61
ORD104800,CUST01647,COD,Failed,2026-05-03 20:00:00,TXN2154063166,7860.11
ORD101674,CUST03301,UPI,Refunded,2026-07-29 12:00:00,TXN8781633034,25043.2
ORD103187,CUST00394,Debit Card,Success,2026-06-12 11:04:00,TXN3559309654,72828.71
ORD101368,CUST04484,Net Banking,Failed,2026-02-22 09:22:00,TXN2549722665,30754.25
ORD101036,CUST02526,Credit Card,Refunded,2026-08-27 21:09:00,TXN4338775876,9261.67
ORD103313,CUST01084,UPI,Pending,2026-02-01 20:18:00,TXN2758503021,555.03
ORD102480,CUST02831,Net Banking,Refunded,2026-06-19 07:27:00,TXN7559540871,64215.49
ORD103395,CUST04141,COD,Refunded,2026-09-11 10:41:00,TXN7082655181,12406.26
ORD104909,CUST03593,UPI,Refunded,2026-06-06 03:08:00,TXN6317546595,23839.74
ORD103734,CUST02660,COD,Refunded,2026-04-16 14:55:00,TXN1025907735,8135.19
ORD102916,CUST02487,Net Banking,Pending,2026-02-04 15:57:00,TXN1645437027,29722.03
ORD102759,CUST04390,Credit Card,Pending,2026-09-17 20:48:00,TXN1251019196,14213.64
ORD104196,CUST04603,Debit Card,Refunded,2026-09-16 12:08:00,TXN5425532808,23390.9
ORD100140,CUST02095,Credit Card,Success,2026-06-30 02:40:00,TXN7577838755,20289.29
ORD100417,CUST00578,Debit Card,Pending,2026-05-06 02:50:00,TXN3319896876,11139.96
ORD103725,CUST04020,COD,Refunded,2026-07-15 15:34:00,TXN2467080774,7530.5
ORD101339,CUST01576,Net Banking,Success,2026-04-08 18:41:00,TXN2157900362,16353.62
ORD102206,CUST02296,UPI,Success,2026-03-25 14:50:00,TXN9930843664,7370.65
ORD104195,CUST03769,UPI,Success,2026-03-19 09:29:00,TXN5371724261,4668.98
ORD100597,CUST00389,Debit Card,Pending,2026-08-27 16:17:00,TXN5121015642,28952.37
ORD100120,CUST03597,Credit Card,Refunded,2026-09-25 18:28:00,TXN2820197963,64395.65
ORD103407,CUST02810,UPI,Success,2026-07-17 11:34:00,TXN4848042364,19076.06
ORD104069,CUST00295,Credit Card,Pending,2026-08-07 14:32:00,TXN8453892587,30437.34
ORD101923,CUST03788,Wallet,Success,2026-03-25 08:39:00,TXN9997063344,40980.89
ORD102310,CUST01359,UPI,Success,2026-08-25 08:03:00,TXN3655479832,11259.52
ORD104454,CUST00814,UPI,Success,2026-08-08 05:39:00,TXN6369005410,53022.83
ORD100730,CUST04472,COD,Refunded,2026-09-01 23:37:00,TXN6502890507,20757.76
ORD102569,CUST02300,Net Banking,Refunded,2026-03-03 07:46:00,TXN5675833450,3100.56
ORD101956,CUST02945,Debit Card,Refunded,2026-06-03 03:45:00,TXN7455861685,5178.34
ORD103139,CUST01515,COD,Pending,2026-08-14 22:17:00,TXN4317957156,2071.61
ORD104275,CUST03598,Wallet,Refunded,2026-08-14 18:18:00,TXN9767634823,8105.84
ORD104586,CUST00660,Debit Card,Pending,2026-06-27 13:24:00,TXN8753056986,39239.46
ORD101715,CUST03234,UPI,Refunded,2026-06-23 04:03:00,TXN4605574352,37662.96
ORD103112,CUST03087,Wallet,Refunded,2026-07-29 06:49:00,TXN6977672787,40094.37
ORD101865,CUST04222,COD,Success,2026-08-23 02:57:00,TXN7869347129,27726.93
ORD101262,CUST02275,UPI,Pending,2026-08-22 18:53:00,TXN9591252937,41159.76
ORD100901,CUST03582,COD,Success,2026-09-01 07:55:00,TXN1154464851,14408.09
ORD104965,CUST01071,Credit Card,Failed,2026-02-11 14:00:00,TXN8783723217,26803.16
ORD104545,CUST02629,UPI,Success,2026-09-19 01:53:00,TXN7306078583,3776.09
ORD102459,CUST01439,COD,Pending,2026-03-15 10:55:00,TXN4817278741,34046.72
ORD104660,CUST02075,UPI,Pending,2026-04-08 09:11:00,TXN7681194543,41946.13
ORD102486,CUST00407,UPI,Pending,2026-06-17 02:14:00,TXN6694644427,10421.41
ORD100151,CUST00191,Debit Card,Success,2026-07-03 00:52:00,TXN3168963627,22592.27
ORD101745,CUST03324,Credit Card,Refunded,2026-08-06 02:44:00,TXN5667980257,43196.08
ORD100313,CUST04407,Credit Card,Success,2026-02-04 05:58:00,TXN4622968580,39087.87
ORD101581,CUST04307,COD,Refunded,2026-05-02 11:19:00,TXN7578166982,10657.74
ORD101980,CUST04096,Net Banking,Success,2026-06-28 07:54:00,TXN9127214139,19756.35
ORD104166,CUST04085,Credit Card,Refunded,2026-08-19 16:28:00,TXN9286224406,37788.58
ORD103155,CUST03700,Wallet,Success,2026-03-10 02:26:00,TXN1643864710,1217.99
ORD104967,CUST04335,COD,Success,2026-04-11 00:02:00,TXN6893960849,18728.89
ORD100364,CUST01766,UPI,Failed,2026-03-26 07:19:00,TXN1048976438,43193.58
ORD101612,CUST00718,COD,Refunded,2026-02-25 15:18:00,TXN2444328703,20580.55
ORD102457,CUST00386,COD,Success,2026-05-02 13:35:00,TXN5360572713,42892.55
ORD102259,CUST02983,COD,Success,2026-07-01 18:34:00,TXN2095821498,12025.15
ORD104037,CUST02723,Net Banking,Refunded,2026-07-25 01:39:00,TXN6255293940,41820.21
ORD100838,CUST01536,UPI,Pending,2026-09-03 00:51:00,TXN1546539525,66813.42
ORD103775,CUST01416,Net Banking,Success,2026-06-26 21:36:00,TXN8814795499,25822.64
ORD101433,CUST00755,Debit Card,Pending,2026-08-14 21:35:00,TXN5464599881,49761.45
ORD102382,CUST02454,Wallet,Refunded,2026-03-23 02:59:00,TXN1172520163,35207.24
ORD101277,CUST04108,Debit Card,Success,2026-09-16 19:09:00,TXN3098759512,12735.11
ORD100091,CUST01263,Net Banking,Refunded,2026-05-08 13:01:00,TXN8114965163,8208.24
ORD100636,CUST00913,UPI,Pending,2026-03-28 22:00:00,TXN5795372420,32434.87
ORD103627,CUST02425,COD,Success,2026-09-10 11:09:00,TXN9192352877,21530.56
ORD104546,CUST00388,Net Banking,Failed,2026-03-15 09:37:00,TXN3259197752,62295.96
ORD101349,CUST03880,Wallet,Refunded,2026-08-20 11:32:00,TXN5644799228,17723.41
ORD100698,CUST04453,Debit Card,Refunded,2026-09-04 00:02:00,TXN2212436540,19412.01
ORD101897,CUST01293,UPI,Refunded,2026-07-31 09:40:00,TXN8329300981,63982.92
ORD100990,CUST02146,Net Banking,Success,2026-01-31 17:57:00,TXN3880328819,14362.66
ORD102835,CUST01018,Net Banking,Failed,2026-02-10 22:49:00,TXN6926064611,60783.87
ORD102397,CUST01901,Debit Card,Pending,2026-08-22 15:42:00,TXN1230735292,29880.88
ORD102249,CUST00218,Wallet,Failed,2026-06-15 18:37:00,TXN5396124083,65570.85
ORD102248,CUST00022,Debit Card,Success,2026-04-24 18:52:00,TXN4801887404,3467.36
ORD102009,CUST03721,Wallet,Success,2026-02-20 18:37:00,TXN2219944364,15746.83
ORD103601,CUST02864,Wallet,Failed,2026-06-10 06:58:00,TXN3398490773,42392.44
ORD104113,CUST04022,COD,Refunded,2026-06-03 18:28:00,TXN7796014642,24207.23
ORD103383,CUST02734,Credit Card,Refunded,2026-09-05 02:34:00,TXN3523923889,27277.36
ORD100106,CUST04432,UPI,Pending,2026-05-05 20:05:00,TXN5412944020,11149.9
ORD103106,CUST02801,Net Banking,Refunded,2026-07-05 12:27:00,TXN1144227819,34006.17
ORD104219,CUST04806,UPI,Success,2026-05-03 14:37:00,TXN3211782491,27681.61
ORD101326,CUST01891,UPI,Success,2026-03-26 20:49:00,TXN4508385540,13353.13
ORD103684,CUST03828,Net Banking,Pending,2026-08-17 19:47:00,TXN9653936071,1176.66
ORD103358,CUST04179,UPI,Pending,2026-06-28 17:31:00,TXN4447417648,50597.16
ORD100696,CUST04377,COD,Pending,2026-05-04 02:31:00,TXN6104495423,7546.57
ORD101534,CUST02700,Credit Card,Refunded,2026-03-20 19:41:00,TXN9055185144,58757.0
ORD102364,CUST02845,Wallet,Refunded,2026-03-30 10:25:00,TXN3134988445,10057.99
ORD104456,CUST02907,Debit Card,Refunded,2026-02-23 15:46:00,TXN8086953074,20363.33
ORD102976,CUST03765,Net Banking,Pending,2026-02-21 13:19:00,TXN1786404958,24173.82
ORD101050,CUST02599,Net Banking,Refunded,2026-07-14 06:20:00,TXN3617002662,48494.67
ORD102643,CUST02626,COD,Success,2026-03-03 15:02:00,TXN1112287022,14996.05
ORD101232,CUST03492,Net Banking,Success,2026-06-20 00:25:00,TXN7744867580,13377.83
ORD104950,CUST02443,Credit Card,Success,2026-05-16 07:18:00,TXN8211943864,25247.16
ORD101381,CUST00022,Net Banking,Success,2026-03-13 22:49:00,TXN3319733241,43794.73
ORD102305,CUST03657,Net Banking,Pending,2026-05-04 00:09:00,TXN7731484796,10089.99
ORD101573,CUST03234,Debit Card,Success,2026-03-03 14:43:00,TXN8547743745,10405.4
ORD100780,CUST04639,COD,Success,2026-06-16 07:10:00,TXN9225596761,12557.22
ORD100623,CUST01172,UPI,Refunded,2026-09-20 01:39:00,TXN7623921861,4840.13
ORD103522,CUST01504,Wallet,Success,2026-01-31 04:41:00,TXN1087083467,4756.81
ORD100257,CUST02867,Debit Card,Refunded,2026-04-16 05:31:00,TXN2692903051,17952.12
ORD104814,CUST02158,UPI,Success,2026-08-23 02:56:00,TXN3403026752,37403.18
ORD102832,CUST04237,Wallet,Refunded,2026-03-02 09:10:00,TXN7729202271,24871.08
ORD102606,CUST02747,UPI,Refunded,2026-07-28 04:57:00,TXN5307639136,17483.28
ORD100927,CUST02834,COD,Refunded,2026-04-01 22:13:00,TXN7524121404,2525.12
ORD104010,CUST01189,Debit Card,Success,2026-07-01 09:43:00,TXN6850373750,8789.81
ORD103062,CUST03825,Wallet,Refunded,2026-03-01 06:02:00,TXN1924107320,42508.7
ORD103791,CUST02974,Net Banking,Success,2026-09-16 15:18:00,TXN5880283985,14271.49
ORD103464,CUST01302,Wallet,Refunded,2026-02-26 20:40:00,TXN9002152253,32985.3
ORD102957,CUST01073,Wallet,Refunded,2026-09-08 14:48:00,TXN5524768329,35192.18
ORD104018,CUST03725,Debit Card,Success,2026-04-12 21:23:00,TXN1776693989,5685.3
ORD100037,CUST04223,COD,Success,2026-01-30 13:11:00,TXN4730416336,53041.3
ORD103320,CUST01207,Wallet,Success,2026-08-04 15:45:00,TXN7891991192,56379.9
ORD102162,CUST00529,Wallet,Refunded,2026-02-16 22:45:00,TXN8800695020,43131.93
ORD104440,CUST02597,Debit Card,Failed,2026-06-10 08:11:00,TXN5717274497,8412.63
ORD104637,CUST04406,Wallet,Refunded,2026-09-03 16:45:00,TXN8189360941,44818.62
ORD102414,CUST04455,Debit Card,Success,2026-05-13 16:09:00,TXN5915633294,25766.59
ORD103327,CUST00086,Credit Card,Success,2026-07-05 14:52:00,TXN4349731330,21827.92
ORD100481,CUST00513,Net Banking,Failed,2026-09-18 16:14:00,TXN5693410377,52677.84
ORD104139,CUST02564,Wallet,Success,2026-06-11 06:49:00,TXN2100403439,9078.66
ORD103765,CUST03574,Wallet,Success,2026-08-02 02:05:00,TXN9529667797,5275.69
ORD102830,CUST01211,Debit Card,Success,2026-09-08 03:46:00,TXN7515661164,235.43
ORD103796,CUST02361,UPI,Success,2026-04-11 22:06:00,TXN6411609218,19349.33
ORD104955,CUST03346,Wallet,Success,2026-02-14 02:05:00,TXN1121056684,27138.16
ORD100384,CUST01202,Credit Card,Refunded,2026-08-20 17:06:00,TXN8162637209,1363.81
ORD102851,CUST00989,UPI,Pending,2026-05-06 21:07:00,TXN6861786185,32418.86
ORD103988,CUST02164,Debit Card,Refunded,2026-09-03 14:15:00,TXN6804802991,30847.4
ORD102665,CUST02769,Wallet,Success,2026-01-28 23:31:00,TXN5789567074,3601.92
ORD103260,CUST04173,Net Banking,Success,2026-08-09 16:42:00,TXN4569600939,46071.78
ORD101321,CUST03172,UPI,Success,2026-04-15 00:22:00,TXN7124181859,31580.24
ORD104898,CUST01117,Net Banking,Success,2026-09-20 10:12:00,TXN6300520317,9796.89
ORD104803,CUST03972,UPI,Success,2026-03-27 13:53:00,TXN4298145695,14116.78
ORD100751,CUST00389,Wallet,Pending,2026-07-05 02:40:00,TXN2257888016,86998.23
ORD100922,CUST01044,Wallet,Success,2026-08-21 22:35:00,TXN9009298795,1921.11
ORD103678,CUST02576,COD,Success,2026-09-23 02:46:00,TXN5141256060,17460.18
ORD102638,CUST02177,Credit Card,Refunded,2026-04-17 06:58:00,TXN2181659943,72624.87
ORD100221,CUST02237,Wallet,Success,2026-08-19 22:20:00,TXN6614800846,1820.59
ORD101354,CUST00582,Debit Card,Success,2026-03-06 10:55:00,TXN5557195519,29241.98
ORD104890,CUST04853,COD,Success,2026-06-16 04:56:00,TXN5041532538,564.16
ORD104363,CUST02320,Wallet,Failed,2026-02-11 15:34:00,TXN4396186820,30682.58
ORD103466,CUST01349,Debit Card,Success,2026-02-28 02:52:00,TXN3913690619,14739.68
ORD104628,CUST04282,COD,Refunded,2026-04-23 16:21:00,TXN9336645670,14750.1
ORD100389,CUST02461,Credit Card,Success,2026-03-30 01:02:00,TXN9300305495,7574.03
ORD100133,CUST01067,UPI,Refunded,2026-02-01 19:30:00,TXN8093175065,59175.77
ORD103370,CUST02976,Net Banking,Refunded,2026-08-21 08:48:00,TXN6410719126,13053.73
ORD103914,CUST04486,Credit Card,Refunded,2026-03-04 07:58:00,TXN1302268915,9996.71
ORD101459,CUST00318,Credit Card,Success,2026-05-27 10:26:00,TXN1402691613,27558.4
ORD102722,CUST02669,UPI,Success,2026-02-05 10:50:00,TXN8794185444,8545.26
ORD101328,CUST02292,COD,Refunded,2026-02-22 21:13:00,TXN6367536145,18760.19
ORD102383,CUST00276,COD,Refunded,2026-07-07 08:47:00,TXN3031253331,54170.25
ORD100819,CUST00191,Wallet,Pending,2026-07-04 10:34:00,TXN8533015356,49016.93
ORD101607,CUST02619,Net Banking,Refunded,2026-03-18 05:17:00,TXN5572424076,14358.35
ORD101658,CUST03833,Net Banking,Refunded,2026-05-02 11:14:00,TXN1245633137,10225.79
ORD104148,CUST03025,COD,Success,2026-03-31 22:09:00,TXN1495046227,45234.91
ORD103184,CUST02150,Net Banking,Failed,2026-09-23 21:22:00,TXN9917479168,13917.98
ORD103446,CUST04636,Debit Card,Refunded,2026-04-15 18:38:00,TXN4195922619,38866.11
ORD101078,CUST02727,Credit Card,Success,2026-08-22 03:04:00,TXN4104556550,20500.07
ORD103286,CUST02151,Debit Card,Refunded,2026-09-16 15:11:00,TXN6917442628,2724.05
ORD104904,CUST00897,UPI,Failed,2026-05-11 00:01:00,TXN4350663345,9141.66
ORD102332,CUST04286,Credit Card,Success,2026-05-25 02:39:00,TXN8058481293,23345.79
ORD104916,CUST01811,UPI,Refunded,2026-05-28 18:54:00,TXN5304048768,52118.49
ORD100723,CUST01973,Debit Card,Pending,2026-01-30 09:21:00,TXN6278308335,3494.05
ORD100866,CUST04256,Credit Card,Refunded,2026-09-21 23:07:00,TXN9364486053,11381.82
ORD102721,CUST02707,UPI,Success,2026-04-06 11:42:00,TXN1307983238,44650.4
