po_id,supplier_id,part_id,plant_id,order_date,promised_date,receipt_date,qty_ordered,qty_received,unit_cost,freight_cost,duty_pct,insurance_cost,po_status
PO000000,SUP00148,PART00075,PLT0028,2026-04-14 14:08:11,2026-05-14 14:08:11,2026-05-15 14:08:11,2813,2813,2322.45,157885.88,0,113987.08,Received
PO000001,SUP00183,PART00850,PLT0023,2026-02-28 10:45:13,2026-03-30 10:45:13,2026-03-28 10:45:13,3329,3329,250.18,55365.16,15,11813.81,Received
PO000002,SUP00079,PART00805,PLT0009,2026-05-16 05:43:28,2026-05-23 05:43:28,2026-05-31 05:43:28,1044,1044,2619.68,208573.06,0,14876.25,Received
PO000003,SUP00046,PART00097,PLT0026,2026-01-03 00:26:56,2026-01-13 00:26:56,2026-01-11 00:26:56,3619,3619,2988.25,273400.82,10,186465.53,Received
PO000004,SUP00161,PART01100,PLT0000,2026-05-14 15:26:12,2026-06-13 15:26:12,2026-06-18 15:26:12,402,402,671.19,20729.79,0,2416.47,Received
PO000005,SUP00009,PART01408,PLT0019,2026-06-03 17:15:11,2026-06-10 17:15:11,2026-06-15 17:15:11,1445,1041,2173.19,85396.49,10,56299.9,Received
PO000006,SUP00038,PART01542,PLT0018,2026-03-22 06:05:21,2026-05-21 06:05:21,2026-05-21 06:05:21,4324,4324,4272.9,1010140.96,15,362965.87,Received
PO000007,SUP00130,PART00659,PLT0024,2026-04-04 17:34:28,2026-06-03 17:34:28,2026-06-01 17:34:28,2476,2476,4111.43,419214.23,5,151601.24,Received
PO000008,SUP00087,PART01505,PLT0027,2026-02-09 23:31:21,2026-03-26 23:31:21,2026-03-26 23:31:21,4101,4101,543.66,46347.18,5,26804.22,Received
PO000009,SUP00137,PART00788,PLT0006,2026-04-05 16:35:35,2026-04-19 16:35:35,2026-04-18 16:35:35,4887,4887,2886.38,717074.26,10,231437.37,Received
PO000010,SUP00026,PART00638,PLT0022,2026-03-30 03:53:44,2026-05-29 03:53:44,2026-05-29 03:53:44,1115,1115,166.37,7757.46,15,3342.36,Received
PO000011,SUP00192,PART01051,PLT0006,2026-03-19 17:05:24,2026-05-18 17:05:24,2026-05-16 17:05:24,3515,3515,2383.78,321994.46,0,60407.01,Received
PO000012,SUP00179,PART01794,PLT0003,2026-05-25 16:04:22,2026-06-24 16:04:22,2026-06-24 16:04:22,3825,3825,3834.8,318520.58,18,172931.35,Received
PO000013,SUP00016,PART00543,PLT0003,2026-04-17 20:36:13,2026-05-08 20:36:13,2026-05-05 20:36:13,1787,1787,1495.89,134009.09,18,26747.84,Received
PO000014,SUP00175,PART00903,PLT0008,2026-03-13 19:18:10,2026-03-27 19:18:10,2026-03-24 19:18:10,3511,3511,3723.23,410037.31,0,181844.78,Received
PO000015,SUP00151,PART01084,PLT0019,2026-04-06 20:25:06,2026-04-27 20:25:06,2026-04-27 20:25:06,458,458,183.31,6509.8,5,564.84,Received
PO000016,SUP00167,PART01833,PLT0001,2026-04-22 16:46:06,2026-05-06 16:46:06,2026-05-06 16:46:06,4409,4409,3614.4,535253.08,12.5,173360.51,Received
PO000017,SUP00150,PART00207,PLT0007,2026-05-23 12:20:07,2026-05-30 12:20:07,2026-06-11 12:20:07,2247,2247,690.68,46964.96,5,15852.47,Received
PO000018,SUP00109,PART00589,PLT0022,2026-04-26 19:01:18,2026-05-06 19:01:18,2026-05-06 19:01:18,822,822,1804.27,110442.67,15,23857.84,Received
PO000019,SUP00039,PART01746,PLT0029,2026-05-14 14:00:49,2026-05-28 14:00:49,2026-05-26 14:00:49,618,618,3026.7,74687.82,15,13332.0,Received
PO000020,SUP00033,PART00026,PLT0021,2026-04-03 03:47:58,2026-04-13 03:47:58,2026-04-13 03:47:58,1504,1330,1389.99,63225.41,0,29079.64,Received
PO000021,SUP00016,PART01985,PLT0015,2026-04-24 05:43:02,2026-05-15 05:43:02,2026-05-14 05:43:02,3921,3921,1872.93,507715.05,7.5,128738.92,Received
PO000022,SUP00131,PART01075,PLT0016,2026-02-02 11:41:47,2026-02-23 11:41:47,2026-02-23 11:41:47,869,869,4523.56,252255.25,15,48586.55,Received
PO000023,SUP00149,PART00718,PLT0017,2026-02-19 23:17:20,2026-04-20 23:17:20,2026-04-18 23:17:20,3034,3034,4152.67,877722.93,7.5,197207.19,Received
PO000024,SUP00163,PART01825,PLT0016,2026-05-31 09:33:14,2026-06-07 09:33:14,2026-06-04 09:33:14,973,973,2670.16,132913.23,0,18754.15,Received
PO000025,SUP00119,PART00840,PLT0027,2026-02-12 18:27:55,2026-03-05 18:27:55,2026-03-04 18:27:55,2976,2976,2720.38,280618.94,12.5,84126.41,Received
PO000026,SUP00051,PART01524,PLT0002,2026-02-07 15:22:10,2026-02-14 15:22:10,2026-02-21 15:22:10,934,824,981.06,55645.76,15,18152.08,Received
PO000027,SUP00179,PART01794,PLT0016,2026-02-03 23:20:11,2026-03-05 23:20:11,2026-03-03 23:20:11,2763,2763,3834.8,477198.86,7.5,102139.53,Received
PO000028,SUP00181,PART00084,PLT0018,2026-04-11 23:44:16,2026-04-25 23:44:16,2026-04-25 23:44:16,3600,3600,3232.4,628375.6,10,108524.79,Received
PO000029,SUP00016,PART01985,PLT0000,2026-04-07 21:10:06,2026-04-28 21:10:06,2026-05-01 21:10:06,3870,3870,1872.93,372495.49,7.5,104062.44,Received
PO000030,SUP00004,PART01360,PLT0005,2026-02-28 23:05:27,2026-03-30 23:05:27,2026-03-30 23:05:27,2464,2464,2929.91,162125.12,7.5,125486.27,Received
PO000031,SUP00014,PART00252,PLT0001,2026-04-05 19:57:09,2026-04-15 19:57:09,2026-04-12 19:57:09,2935,2935,1090.26,64121.47,7.5,22609.89,Received
PO000032,SUP00134,PART01799,PLT0009,2026-06-02 11:35:31,2026-06-12 11:35:31,2026-06-23 11:35:31,4643,4643,4322.43,504941.28,7.5,143286.22,Received
PO000033,SUP00176,PART01501,PLT0006,2026-03-25 21:30:09,2026-05-24 21:30:09,2026-05-24 21:30:09,2432,2432,4951.37,582707.42,10,105135.49,Received
PO000034,SUP00012,PART01389,PLT0020,2026-03-17 00:00:45,2026-04-16 00:00:45,2026-04-16 00:00:45,2190,1595,1521.74,101305.09,12.5,50601.85,Received
PO000035,SUP00049,PART00660,PLT0025,2026-04-23 06:27:19,2026-04-30 06:27:19,2026-04-29 06:27:19,2098,2098,224.04,25032.72,7.5,4500.57,Received
PO000036,SUP00113,PART00608,PLT0018,2026-05-03 00:10:40,2026-07-02 00:10:40,2026-07-01 00:10:40,3129,3129,4086.43,895448.94,0,90517.1,Received
PO000037,SUP00007,PART00905,PLT0022,2026-03-02 19:53:58,2026-03-16 19:53:58,2026-03-14 19:53:58,3886,3886,3130.83,583904.16,12.5,145014.55,Received
PO000038,SUP00015,PART01868,PLT0017,2026-01-06 03:08:09,2026-01-13 03:08:09,2026-01-20 03:08:09,774,774,4788.29,210925.54,7.5,62261.17,Received
PO000039,SUP00007,PART01188,PLT0016,2026-03-14 10:49:26,2026-03-28 10:49:26,2026-03-26 10:49:26,488,488,4534.43,96388.67,12.5,33305.3,Received
PO000040,SUP00153,PART00947,PLT0025,2026-04-11 14:05:36,2026-05-26 14:05:36,2026-05-26 14:05:36,743,743,2271.42,117788.32,0,16880.45,Received
PO000041,SUP00184,PART00199,PLT0026,2026-02-26 10:11:11,2026-03-12 10:11:11,2026-03-10 10:11:11,548,548,2733.63,82507.03,18,24103.97,Received
PO000042,SUP00095,PART00108,PLT0022,2026-02-09 19:40:10,2026-03-02 19:40:10,2026-02-27 19:40:10,1167,1167,1182.71,83559.84,0,13130.59,Received
PO000043,SUP00073,PART00636,PLT0023,2026-01-02 06:03:46,2026-02-16 06:03:46,2026-02-26 06:03:46,1694,1694,1338.56,45355.27,0,29018.23,Received
PO000044,SUP00133,PART00506,PLT0006,2026-01-21 02:50:37,2026-03-07 02:50:37,2026-03-04 02:50:37,3250,3250,2770.24,245867.74,12.5,110342.34,Received
PO000045,SUP00000,PART00376,PLT0026,2026-02-15 14:50:35,2026-02-22 14:50:35,2026-03-03 14:50:35,2182,2182,4751.52,631184.66,0,119077.54,Received
PO000046,SUP00196,PART01302,PLT0000,2026-02-05 21:16:01,2026-02-26 21:16:01,2026-02-25 21:16:01,1448,1448,793.32,71195.5,5,13948.28,Received
PO000047,SUP00098,PART00593,PLT0009,2026-05-10 14:56:27,2026-07-09 14:56:27,2026-07-06 14:56:27,3059,3059,4811.74,639859.75,0,176032.57,Received
PO000048,SUP00112,PART01666,PLT0013,2026-01-29 18:30:21,2026-02-28 18:30:21,2026-02-25 18:30:21,1034,1034,4914.82,104998.54,7.5,28007.77,Received
PO000049,SUP00117,PART01332,PLT0028,2026-05-08 14:44:02,2026-06-22 14:44:02,2026-06-22 14:44:02,2955,1942,4944.15,926036.68,7.5,75048.47,Received
PO000050,SUP00181,PART00324,PLT0011,2026-04-08 05:08:38,2026-04-22 05:08:38,2026-05-01 05:08:38,1776,1776,4765.26,527873.08,12.5,107444.81,Received
PO000051,SUP00181,PART00357,PLT0020,2026-01-30 09:35:16,2026-02-13 09:35:16,2026-02-11 09:35:16,3814,3814,2048.63,525079.67,7.5,131066.46,Received
PO000052,SUP00079,PART01348,PLT0009,2026-06-29 07:42:52,2026-07-06 07:42:52,2026-07-03 07:42:52,3134,2297,2456.77,237318.15,18,128050.44,Received
PO000053,SUP00199,PART01076,PLT0008,2026-01-26 03:09:00,2026-02-09 03:09:00,2026-02-07 03:09:00,4838,4838,2183.11,467114.53,0,57486.53,Received
PO000054,SUP00020,PART01500,PLT0005,2026-02-14 23:49:13,2026-04-15 23:49:13,2026-04-15 23:49:13,4141,2741,30.77,8357.96,5,838.6,Received
PO000055,SUP00169,PART01803,PLT0005,2026-03-16 13:57:31,2026-05-15 13:57:31,2026-05-12 13:57:31,577,577,912.85,18450.3,0,9323.91,Received
PO000056,SUP00163,PART00149,PLT0014,2026-05-29 05:28:40,2026-06-05 05:28:40,2026-06-05 05:28:40,1475,1475,3560.49,325205.28,12.5,36752.87,Received
PO000057,SUP00106,PART01305,PLT0018,2026-04-19 01:19:47,2026-04-29 01:19:47,2026-04-27 01:19:47,4073,4073,3998.65,605293.69,5,262738.87,Received
PO000058,SUP00059,PART00888,PLT0026,2026-04-13 15:07:32,2026-04-27 15:07:32,2026-05-01 15:07:32,754,754,2205.11,96013.12,0,13389.5,Received
PO000059,SUP00186,PART01658,PLT0004,2026-01-02 00:24:10,2026-02-16 00:24:10,2026-02-13 00:24:10,4705,4705,3671.0,420020.23,0,263146.98,Received
PO000060,SUP00039,PART01961,PLT0029,2026-05-22 10:02:49,2026-06-05 10:02:49,2026-06-02 10:02:49,1607,1607,62.63,5457.27,15,1259.36,Received
PO000061,SUP00104,PART00730,PLT0019,2026-06-24 17:09:56,2026-07-04 17:09:56,2026-07-03 17:09:56,600,600,1419.92,49011.3,0,11533.12,Received
PO000062,SUP00181,PART00260,PLT0025,2026-04-11 10:32:42,2026-04-25 10:32:42,2026-04-25 10:32:42,4135,4135,4247.46,985111.55,10,93755.02,Received
PO000063,SUP00121,PART01682,PLT0009,2026-06-29 02:06:18,2026-07-06 02:06:18,2026-07-13 02:06:18,2981,2981,1744.93,376017.97,7.5,31842.63,Received
PO000064,SUP00108,PART01178,PLT0007,2026-04-11 12:56:07,2026-06-10 12:56:07,2026-06-19 12:56:07,2607,2607,1446.73,88251.85,0,51828.12,Received
PO000065,SUP00120,PART01918,PLT0029,2026-02-21 01:54:58,2026-04-22 01:54:58,2026-04-22 01:54:58,2819,2819,196.22,17717.58,0,3921.42,Received
PO000066,SUP00184,PART01120,PLT0026,2026-05-23 12:05:40,2026-06-06 12:05:40,2026-06-06 12:05:40,1980,1980,1939.71,262467.31,0,39127.08,Received
PO000067,SUP00067,PART00144,PLT0013,2026-04-27 03:34:11,2026-06-11 03:34:11,2026-06-11 03:34:11,4567,4567,1938.0,245769.18,0,58069.68,Received
PO000068,SUP00022,PART01017,PLT0016,2026-02-13 17:43:04,2026-03-30 17:43:04,2026-03-27 17:43:04,3962,3962,3590.37,1009836.16,5,75700.7,Received
PO000069,SUP00060,PART00113,PLT0000,2026-02-08 02:14:18,2026-04-09 02:14:18,2026-04-06 02:14:18,198,198,2119.16,9704.54,12.5,6475.01,Received
PO000070,SUP00140,PART00880,PLT0022,2026-03-24 21:11:19,2026-05-08 21:11:19,2026-05-08 21:11:19,3637,3637,2381.89,493260.46,10,89027.56,Received
PO000071,SUP00010,PART00702,PLT0013,2026-01-12 05:56:18,2026-03-13 05:56:18,2026-03-13 05:56:18,4871,4871,4589.92,1001256.71,18,302289.71,Received
PO000072,SUP00143,PART01642,PLT0000,2026-05-20 18:38:10,2026-07-04 18:38:10,2026-07-04 18:38:10,677,677,1532.71,48056.8,7.5,5868.7,Received
PO000073,SUP00072,PART00716,PLT0019,2026-05-08 05:29:42,2026-07-07 05:29:42,2026-07-12 05:29:42,1112,1112,4393.15,238016.28,0,72539.37,Received
PO000074,SUP00199,PART00156,PLT0008,2026-04-16 13:34:29,2026-04-30 13:34:29,2026-04-28 13:34:29,1854,1854,1725.85,122111.57,10,53445.43,Received
PO000075,SUP00105,PART00599,PLT0027,2026-05-07 22:12:04,2026-05-28 22:12:04,2026-05-26 22:12:04,2662,2662,4602.39,615110.8,0,124960.2,Received
PO000076,SUP00075,PART00841,PLT0022,2026-05-01 18:07:57,2026-06-30 18:07:57,2026-06-30 18:07:57,1717,1481,349.04,30720.02,7.5,9665.91,Received
PO000077,SUP00001,PART00431,PLT0003,2026-03-14 07:27:47,2026-04-28 07:27:47,2026-04-27 07:27:47,343,268,3803.61,76966.46,15,25173.87,Received
PO000078,SUP00033,PART00043,PLT0015,2026-06-12 09:33:28,2026-06-22 09:33:28,2026-06-20 09:33:28,4868,4868,3724.22,1262370.54,0,106887.93,Received
PO000079,SUP00002,PART01750,PLT0019,2026-03-16 13:16:21,2026-03-23 13:16:21,2026-03-20 13:16:21,3201,3201,4344.93,465461.79,12.5,108016.06,Received
PO000080,SUP00050,PART00882,PLT0017,2026-01-11 03:32:51,2026-02-10 03:32:51,2026-02-10 03:32:51,4486,4486,3811.35,1303417.6,10,322129.18,Received
PO000081,SUP00199,PART01858,PLT0008,2026-06-07 08:00:33,2026-06-21 08:00:33,2026-06-20 08:00:33,274,274,4309.26,82361.58,12.5,21236.9,Received
PO000082,SUP00091,PART01602,PLT0023,2026-05-23 19:16:47,2026-06-06 19:16:47,2026-06-06 19:16:47,4582,4582,3388.53,982466.93,7.5,277573.72,Received
PO000083,SUP00110,PART01920,PLT0017,2026-04-01 00:04:42,2026-04-15 00:04:42,2026-04-13 00:04:42,1381,907,4682.62,514469.72,5,45125.21,Received
PO000084,SUP00056,PART00031,PLT0008,2026-02-23 06:45:47,2026-04-24 06:45:47,2026-04-23 06:45:47,4496,4496,2970.36,724694.33,0,190080.78,Received
PO000085,SUP00001,PART00740,PLT0008,2026-05-09 00:14:03,2026-06-23 00:14:03,2026-06-23 00:14:03,1068,1068,807.89,51464.66,7.5,15284.01,Received
PO000086,SUP00109,PART00908,PLT0014,2026-01-04 08:28:06,2026-01-14 08:28:06,2026-01-11 08:28:06,353,234,2089.58,52120.0,5,8209.11,Received
PO000087,SUP00162,PART01186,PLT0002,2026-02-23 16:19:48,2026-03-02 16:19:48,2026-03-11 16:19:48,2622,1683,1317.07,122526.57,7.5,30711.1,Received
PO000088,SUP00193,PART01013,PLT0004,2026-02-14 03:50:56,2026-02-24 03:50:56,2026-02-23 03:50:56,456,456,4086.08,110446.25,0,28445.57,Received
PO000089,SUP00019,PART01762,PLT0014,2026-04-23 14:29:11,2026-06-22 14:29:11,2026-06-21 14:29:11,548,518,4227.0,181876.33,0,35153.2,Received
PO000090,SUP00002,PART01756,PLT0027,2026-03-10 14:39:38,2026-03-17 14:39:38,2026-03-17 14:39:38,4969,4969,2386.93,314898.13,18,138261.91,Received
PO000091,SUP00008,PART01046,PLT0002,2026-02-16 00:24:03,2026-02-23 00:24:03,2026-02-21 00:24:03,3457,3457,908.14,143122.42,7.5,22435.04,Received
PO000092,SUP00080,PART00668,PLT0019,2026-06-03 01:06:45,2026-06-17 01:06:45,2026-06-14 01:06:45,3119,3119,2258.37,552309.26,0,52157.59,Received
PO000093,SUP00084,PART00091,PLT0009,2026-06-30 15:33:06,2026-07-07 15:33:06,2026-07-07 15:33:06,920,920,1551.36,97741.09,18,22459.97,Received
PO000094,SUP00166,PART01519,PLT0016,2026-06-02 03:13:17,2026-06-23 03:13:17,2026-06-21 03:13:17,1810,1810,1561.78,155365.45,0,30293.2,Received
PO000095,SUP00058,PART01329,PLT0002,2026-01-16 00:17:50,2026-01-30 00:17:50,2026-02-03 00:17:50,4681,4681,270.84,69052.56,18,20296.58,Received
PO000096,SUP00197,PART01103,PLT0023,2026-01-24 13:01:49,2026-02-03 13:01:49,2026-02-12 13:01:49,471,471,2084.03,58454.81,18,11401.29,Received
PO000097,SUP00046,PART00551,PLT0006,2026-06-12 08:05:02,2026-06-22 08:05:02,2026-06-21 08:05:02,2742,2742,4203.99,761480.04,10,97560.04,Received
PO000098,SUP00185,PART00644,PLT0023,2026-01-23 09:52:54,2026-03-24 09:52:54,2026-03-21 09:52:54,3408,3408,3693.56,517592.65,18,77371.98,Received
PO000099,SUP00022,PART00741,PLT0020,2026-04-05 00:19:24,2026-05-20 00:19:24,2026-05-17 00:19:24,3481,3481,2360.98,572581.84,0,155213.92,Received
PO000100,SUP00067,PART00501,PLT0024,2026-03-21 03:38:05,2026-05-05 03:38:05,2026-05-04 03:38:05,2182,2182,2357.37,208293.87,0,32007.64,Received
PO000101,SUP00054,PART00862,PLT0016,2026-01-29 19:35:14,2026-03-15 19:35:14,2026-03-14 19:35:14,1523,622,3044.02,126319.78,7.5,76414.23,Received
PO000102,SUP00022,PART01456,PLT0029,2026-04-02 05:42:27,2026-05-17 05:42:27,2026-05-16 05:42:27,329,329,724.45,5109.12,0,4730.89,Received
PO000103,SUP00025,PART00271,PLT0016,2026-04-13 18:45:42,2026-05-13 18:45:42,2026-05-28 18:45:42,3509,3509,2566.52,397512.7,18,77644.74,Received
PO000104,SUP00003,PART00600,PLT0003,2026-03-07 09:38:25,2026-03-17 09:38:25,2026-04-01 09:38:25,2807,2807,321.36,51415.27,0,5508.22,Received
PO000105,SUP00095,PART01885,PLT0011,2026-03-29 04:00:14,2026-04-19 04:00:14,2026-04-30 04:00:14,3734,3734,4137.13,712794.48,15,239471.02,Received
PO000106,SUP00084,PART01502,PLT0005,2026-05-21 12:43:16,2026-05-28 12:43:16,2026-05-28 12:43:16,1297,942,4585.39,250928.99,15,63579.79,Received
PO000107,SUP00166,PART00898,PLT0005,2026-04-09 18:33:39,2026-04-30 18:33:39,2026-04-28 18:33:39,843,843,100.3,4193.62,0,1138.25,Received
PO000108,SUP00048,PART01837,PLT0016,2026-04-23 14:11:43,2026-05-07 14:11:43,2026-05-04 14:11:43,2386,2386,929.21,86721.0,0,42795.93,Received
PO000109,SUP00093,PART00085,PLT0026,2026-05-23 15:36:14,2026-05-30 15:36:14,2026-06-11 15:36:14,1775,1775,2622.72,170829.0,10,30222.38,Received
PO000110,SUP00041,PART00583,PLT0005,2026-01-24 00:29:17,2026-02-03 00:29:17,2026-01-31 00:29:17,3645,3645,1792.82,197085.51,7.5,129599.27,Received
PO000111,SUP00032,PART01543,PLT0003,2026-02-14 23:40:54,2026-03-31 23:40:54,2026-03-30 23:40:54,836,836,271.03,15934.86,0,1225.86,Received
PO000112,SUP00139,PART01848,PLT0001,2026-06-22 22:42:14,2026-07-06 22:42:14,2026-07-05 22:42:14,104,104,110.93,800.0,10,92.84,Received
PO000113,SUP00002,PART01928,PLT0018,2026-03-24 19:38:45,2026-03-31 19:38:45,2026-03-30 19:38:45,3767,3767,4563.43,456868.5,0,200544.99,Received
PO000114,SUP00093,PART00885,PLT0015,2026-02-21 01:55:56,2026-02-28 01:55:56,2026-02-27 01:55:56,2331,2331,567.09,35674.76,10,22544.27,Received
PO000115,SUP00051,PART01524,PLT0025,2026-02-13 04:39:13,2026-02-20 04:39:13,2026-02-18 04:39:13,1333,1333,981.06,47819.93,18,19722.51,Received
PO000116,SUP00141,PART00151,PLT0022,2026-05-14 14:01:17,2026-06-28 14:01:17,2026-06-28 14:01:17,3600,3600,3952.91,886647.19,18,138930.83,Received
PO000117,SUP00171,PART01723,PLT0017,2026-05-09 09:05:27,2026-07-08 09:05:27,2026-07-19 09:05:27,341,254,417.77,4951.16,12.5,2575.91,In Transit
PO000118,SUP00003,PART00450,PLT0021,2026-02-07 23:55:37,2026-02-17 23:55:37,2026-02-16 23:55:37,4019,4019,4020.46,1034347.06,7.5,112734.01,Received
PO000119,SUP00034,PART01300,PLT0028,2026-01-18 05:25:35,2026-02-17 05:25:35,2026-03-03 05:25:35,1804,1804,3152.63,136699.17,18,80579.76,Received
PO000120,SUP00081,PART01454,PLT0005,2026-01-08 12:52:49,2026-01-29 12:52:49,2026-01-27 12:52:49,3165,3165,2077.61,224117.04,10,80640.28,Received
PO000121,SUP00197,PART01345,PLT0005,2026-06-20 11:15:44,2026-06-30 11:15:44,2026-06-29 11:15:44,2443,2443,1997.3,241107.54,12.5,68153.72,Received
PO000122,SUP00085,PART01112,PLT0015,2026-02-27 08:44:38,2026-04-13 08:44:38,2026-04-13 08:44:38,2403,2403,1428.9,160798.96,5,51285.88,Received
PO000123,SUP00118,PART00237,PLT0005,2026-04-01 05:49:35,2026-04-11 05:49:35,2026-04-22 05:49:35,980,980,2286.71,98346.03,0,37211.91,Received
PO000124,SUP00069,PART00990,PLT0026,2026-06-06 06:16:23,2026-06-20 06:16:23,2026-06-30 06:16:23,3425,3425,2714.93,202131.43,7.5,117277.28,Received
PO000125,SUP00131,PART01822,PLT0027,2026-06-02 00:14:32,2026-06-23 00:14:32,2026-06-21 00:14:32,2193,2193,2962.6,290244.51,15,73922.59,Received
PO000126,SUP00150,PART00533,PLT0029,2026-01-11 14:36:35,2026-01-18 14:36:35,2026-01-17 14:36:35,2833,2833,892.03,57460.95,15,28170.26,Received
PO000127,SUP00173,PART01172,PLT0028,2026-02-02 08:06:36,2026-02-12 08:06:36,2026-02-12 08:06:36,2750,2750,422.53,60870.35,0,19795.33,Received
PO000128,SUP00130,PART00184,PLT0024,2026-03-06 17:14:06,2026-05-05 17:14:06,2026-05-18 17:14:06,4579,4579,3776.05,396868.09,5,180365.61,Received
PO000129,SUP00073,PART00406,PLT0005,2026-04-15 00:32:14,2026-05-30 00:32:14,2026-05-29 00:32:14,2427,2427,4743.66,859311.18,10,128954.76,Received
PO000130,SUP00075,PART01132,PLT0023,2026-02-18 07:02:36,2026-04-19 07:02:36,2026-04-20 07:02:36,214,214,4749.92,52443.73,18,11149.86,Received
PO000131,SUP00109,PART00993,PLT0001,2026-01-31 11:25:08,2026-02-10 11:25:08,2026-02-10 11:25:08,1934,1934,534.1,63303.48,0,9386.28,Received
PO000132,SUP00187,PART00253,PLT0026,2026-06-02 05:57:16,2026-06-23 05:57:16,2026-06-20 05:57:16,1124,1124,4967.45,405340.76,0,34326.3,Received
PO000133,SUP00186,PART01033,PLT0023,2026-05-17 14:29:50,2026-07-01 14:29:50,2026-06-28 14:29:50,215,215,4808.88,72182.47,0,6651.5,Received
PO000134,SUP00035,PART01204,PLT0025,2026-03-17 22:46:10,2026-05-01 22:46:10,2026-04-29 22:46:10,2701,2701,1744.31,304397.64,7.5,42924.2,Received
PO000135,SUP00184,PART00415,PLT0003,2026-02-21 07:35:14,2026-03-07 07:35:14,2026-03-17 07:35:14,3911,3911,4765.32,853061.77,5,363486.16,Received
PO000136,SUP00022,PART01148,PLT0008,2026-04-04 20:34:19,2026-05-19 20:34:19,2026-05-18 20:34:19,3182,3182,945.83,149946.12,12.5,58001.19,Received
PO000137,SUP00003,PART01562,PLT0017,2026-05-19 18:10:41,2026-05-29 18:10:41,2026-05-28 18:10:41,4783,2958,4110.2,666972.51,10,238899.08,Received
PO000138,SUP00024,PART00223,PLT0020,2026-03-02 07:32:48,2026-04-01 07:32:48,2026-04-01 07:32:48,831,831,1642.99,44319.68,15,18979.57,Received
PO000139,SUP00063,PART00171,PLT0004,2026-03-20 07:01:30,2026-04-19 07:01:30,2026-04-16 07:01:30,4337,4337,2335.03,546842.67,5,59587.36,Received
PO000140,SUP00113,PART01010,PLT0008,2026-03-21 23:24:00,2026-05-20 23:24:00,2026-05-18 23:24:00,1283,1283,1630.26,128299.89,12.5,37798.61,Received
PO000141,SUP00136,PART00549,PLT0022,2026-02-10 15:03:19,2026-02-24 15:03:19,2026-02-21 15:03:19,4519,4519,3634.12,1273875.82,5,161394.13,Received
PO000142,SUP00052,PART01451,PLT0015,2026-04-10 21:25:21,2026-05-10 21:25:21,2026-05-10 21:25:21,910,910,902.82,20251.83,0,13435.32,Received
PO000143,SUP00165,PART00331,PLT0016,2026-01-24 14:07:37,2026-03-10 14:07:37,2026-03-07 14:07:37,981,981,3236.76,144318.6,0,45699.87,Received
PO000144,SUP00068,PART01074,PLT0015,2026-01-28 03:49:11,2026-02-27 03:49:11,2026-02-24 03:49:11,3321,3321,4664.8,419130.62,7.5,244757.21,Received
PO000145,SUP00063,PART01802,PLT0021,2026-02-22 15:27:11,2026-03-24 15:27:11,2026-03-22 15:27:11,4668,4668,4715.28,627114.55,18,336224.79,Received
PO000146,SUP00128,PART01644,PLT0019,2026-05-19 17:41:38,2026-06-09 17:41:38,2026-06-07 17:41:38,3917,3917,4581.08,1366839.94,0,133927.03,Received
PO000147,SUP00141,PART01464,PLT0026,2026-04-03 00:23:46,2026-05-18 00:23:46,2026-05-15 00:23:46,1518,1518,4569.11,166620.51,0,67123.01,Received
PO000148,SUP00070,PART00384,PLT0006,2026-05-15 18:29:05,2026-06-29 18:29:05,2026-06-26 18:29:05,2761,2761,799.09,126857.93,0,13241.21,Received
PO000149,SUP00081,PART01303,PLT0017,2026-02-13 21:22:25,2026-03-06 21:22:25,2026-03-06 21:22:25,1628,1628,4235.57,477481.28,12.5,94930.64,Received
PO000150,SUP00155,PART00626,PLT0011,2026-05-02 06:23:07,2026-05-23 06:23:07,2026-05-21 06:23:07,4646,4646,2523.03,698186.24,0,162813.7,Received
PO000151,SUP00140,PART00210,PLT0023,2026-02-12 00:41:25,2026-03-29 00:41:25,2026-03-27 00:41:25,4667,4667,3407.55,1078433.67,12.5,158273.42,Received
PO000152,SUP00170,PART01581,PLT0027,2026-04-25 23:42:43,2026-05-09 23:42:43,2026-05-06 23:42:43,1764,1764,1552.24,183461.33,5,17442.23,Received
PO000153,SUP00101,PART01645,PLT0019,2026-01-29 10:42:02,2026-03-30 10:42:02,2026-03-27 10:42:02,52,52,2025.75,7769.51,0,743.13,Received
PO000154,SUP00063,PART01653,PLT0014,2026-03-24 14:32:03,2026-04-23 14:32:03,2026-04-21 14:32:03,2528,2528,4721.6,322728.6,18,130089.11,Received
PO000155,SUP00154,PART01584,PLT0012,2026-05-18 03:20:18,2026-05-28 03:20:18,2026-05-26 03:20:18,4326,4326,2231.43,238355.78,5,186599.58,Received
PO000156,SUP00048,PART01936,PLT0020,2026-06-11 20:52:50,2026-06-25 20:52:50,2026-06-24 20:52:50,3631,3631,1084.61,194570.11,7.5,60178.01,Received
PO000157,SUP00138,PART01142,PLT0028,2026-03-26 13:10:24,2026-04-09 13:10:24,2026-04-08 13:10:24,257,223,696.34,11855.11,10,2850.35,Received
PO000158,SUP00148,PART00437,PLT0019,2026-04-19 16:49:45,2026-05-19 16:49:45,2026-06-03 16:49:45,1614,1614,2295.0,113866.2,0,29401.68,Received
PO000159,SUP00086,PART00739,PLT0016,2026-02-07 20:14:48,2026-02-28 20:14:48,2026-02-26 20:14:48,2740,2740,1076.22,124240.78,7.5,36984.09,Received
PO000160,SUP00033,PART00026,PLT0019,2026-02-23 00:24:06,2026-03-05 00:24:06,2026-03-03 00:24:06,3971,3971,1389.99,440160.49,7.5,50298.41,Received
PO000161,SUP00061,PART00117,PLT0018,2026-06-09 20:58:33,2026-06-19 20:58:33,2026-06-16 20:58:33,3773,3773,2149.05,392500.89,18,138745.98,Received
PO000162,SUP00118,PART00078,PLT0011,2026-01-06 14:23:24,2026-01-16 14:23:24,2026-01-15 14:23:24,1499,708,1762.95,119380.55,0,15435.05,Received
PO000163,SUP00106,PART01305,PLT0022,2026-01-13 02:27:27,2026-01-23 02:27:27,2026-01-21 02:27:27,1640,1640,3998.65,421319.51,10,115148.84,Received
PO000164,SUP00177,PART01737,PLT0028,2026-03-03 10:54:18,2026-03-24 10:54:18,2026-03-27 10:54:18,4857,4857,2227.38,454105.96,0,206719.61,Received
PO000165,SUP00098,PART00825,PLT0013,2026-05-10 15:48:43,2026-07-09 15:48:43,2026-07-09 15:48:43,1630,1630,4873.12,397886.41,7.5,49720.61,Received
PO000166,SUP00109,PART00908,PLT0001,2026-02-23 12:02:30,2026-03-05 12:02:30,2026-03-02 12:02:30,1466,1466,2089.58,216048.42,0,29614.59,Received
PO000167,SUP00022,PART01148,PLT0011,2026-01-23 20:35:22,2026-03-09 20:35:22,2026-03-09 20:35:22,4688,2102,945.83,332911.5,0,70693.21,Received
PO000168,SUP00087,PART00380,PLT0010,2026-04-25 18:57:06,2026-06-09 18:57:06,2026-06-09 18:57:06,1437,1437,2832.88,134547.86,10,48464.41,Received
PO000169,SUP00151,PART01796,PLT0023,2026-02-17 21:51:18,2026-03-10 21:51:18,2026-03-09 21:51:18,1137,1137,3057.45,148642.7,7.5,26663.59,Received
PO000170,SUP00101,PART00287,PLT0018,2026-03-03 06:31:39,2026-05-02 06:31:39,2026-05-01 06:31:39,2284,1136,4077.0,351019.62,15,83510.48,Received
PO000171,SUP00182,PART01003,PLT0011,2026-04-23 08:55:10,2026-05-23 08:55:10,2026-05-20 08:55:10,1446,1446,2542.21,257629.27,12.5,26965.79,Received
PO000172,SUP00037,PART01164,PLT0006,2026-05-17 08:25:50,2026-05-27 08:25:50,2026-05-25 08:25:50,1749,1749,2025.79,276750.04,18,61819.65,Received
PO000173,SUP00071,PART01626,PLT0008,2026-01-18 14:57:38,2026-03-19 14:57:38,2026-03-18 14:57:38,2165,2165,3697.58,285393.59,0,102110.68,Received
PO000174,SUP00100,PART01292,PLT0005,2026-04-03 06:38:17,2026-05-18 06:38:17,2026-05-16 06:38:17,3099,3099,1945.41,358704.8,0,59297.0,Received
PO000175,SUP00009,PART00214,PLT0020,2026-03-11 16:31:16,2026-03-18 16:31:16,2026-03-19 16:31:16,1350,1350,3694.74,199928.7,0,38938.9,Received
PO000176,SUP00109,PART00733,PLT0009,2026-02-01 14:26:58,2026-02-11 14:26:58,2026-02-10 14:26:58,228,228,2047.18,26603.63,12.5,7451.46,Received
PO000177,SUP00165,PART00969,PLT0026,2026-02-17 07:12:20,2026-04-03 07:12:20,2026-04-01 07:12:20,4972,4972,4581.23,1382921.14,7.5,127600.17,Received
PO000178,SUP00024,PART01902,PLT0028,2026-02-15 11:55:52,2026-03-17 11:55:52,2026-03-17 11:55:52,3498,3498,2836.67,358820.27,12.5,137886.84,Received
PO000179,SUP00123,PART00335,PLT0016,2026-02-02 07:24:32,2026-04-03 07:24:32,2026-04-18 07:24:32,4939,4536,757.97,119450.21,0,26011.99,Received
PO000180,SUP00124,PART00682,PLT0025,2026-01-11 10:43:35,2026-02-10 10:43:35,2026-02-15 10:43:35,1208,1208,495.52,28446.59,0,7128.48,Received
PO000181,SUP00079,PART01348,PLT0004,2026-02-08 21:57:43,2026-02-15 21:57:43,2026-02-20 21:57:43,2569,2569,2456.77,215668.38,5,72886.01,Received
PO000182,SUP00153,PART01483,PLT0007,2026-01-30 22:20:05,2026-03-16 22:20:05,2026-03-14 22:20:05,90,90,1768.21,6474.2,15,2108.18,Received
PO000183,SUP00002,PART00807,PLT0022,2026-02-11 06:17:02,2026-02-18 06:17:02,2026-03-01 06:17:02,3132,3132,2063.96,403202.08,0,69902.66,Received
PO000184,SUP00133,PART00651,PLT0024,2026-01-26 22:16:39,2026-03-12 22:16:39,2026-03-10 22:16:39,2369,2369,2629.35,397544.81,12.5,86919.01,Received
PO000185,SUP00016,PART01093,PLT0002,2026-03-09 08:31:05,2026-03-30 08:31:05,2026-03-30 08:31:05,1866,929,3058.07,194640.78,10,57621.46,Received
PO000186,SUP00077,PART01685,PLT0000,2026-04-29 13:26:46,2026-06-13 13:26:46,2026-06-10 13:26:46,682,682,643.67,12416.54,5,2486.28,Received
PO000187,SUP00184,PART00618,PLT0013,2026-01-19 00:42:50,2026-02-02 00:42:50,2026-02-01 00:42:50,3537,3537,706.54,96626.38,15,13800.65,Received
PO000188,SUP00199,PART01963,PLT0013,2026-02-04 20:36:51,2026-02-18 20:36:51,2026-02-18 20:36:51,3858,3858,4917.15,773558.58,0,281482.82,Received
PO000189,SUP00186,PART00828,PLT0025,2026-01-03 08:58:12,2026-02-17 08:58:12,2026-02-16 08:58:12,4757,4757,4681.4,1362396.76,0,273737.73,Received
PO000190,SUP00096,PART01965,PLT0021,2026-03-20 00:04:24,2026-03-30 00:04:24,2026-03-30 00:04:24,2531,2531,4203.08,686404.96,0,149512.14,Received
PO000191,SUP00120,PART01643,PLT0029,2026-03-29 10:24:36,2026-05-28 10:24:36,2026-05-25 10:24:36,2794,2794,364.34,79713.06,0,17083.93,Received
PO000192,SUP00067,PART00868,PLT0017,2026-03-16 11:06:29,2026-04-30 11:06:29,2026-05-02 11:06:29,1281,1281,2304.55,226995.28,7.5,23511.33,Received
PO000193,SUP00028,PART01664,PLT0019,2026-05-22 06:59:44,2026-05-29 06:59:44,2026-06-05 06:59:44,447,447,994.11,9949.68,15,5289.64,Received
PO000194,SUP00107,PART00102,PLT0028,2026-04-27 09:04:19,2026-05-18 09:04:19,2026-05-16 09:04:19,3537,3537,3891.73,519887.56,0,180889.64,Received
PO000195,SUP00089,PART00366,PLT0009,2026-03-11 07:12:22,2026-04-01 07:12:22,2026-03-29 07:12:22,2709,2709,4054.46,243141.4,0,113774.75,Received
PO000196,SUP00045,PART00074,PLT0017,2026-05-24 10:29:59,2026-06-14 10:29:59,2026-06-13 10:29:59,738,738,3802.28,77344.83,0,40670.8,Received
PO000197,SUP00050,PART00882,PLT0028,2026-02-23 08:10:38,2026-03-25 08:10:38,2026-03-22 08:10:38,2049,1837,3811.35,593018.7,18,105708.99,Received
PO000198,SUP00182,PART00083,PLT0002,2026-03-05 10:00:45,2026-04-04 10:00:45,2026-04-03 10:00:45,878,878,4055.78,280661.75,0,35846.88,Received
PO000199,SUP00044,PART01304,PLT0023,2026-02-28 15:21:23,2026-04-29 15:21:23,2026-04-29 15:21:23,1556,842,4368.16,402195.35,0,119303.87,Received
PO000200,SUP00113,PART00887,PLT0003,2026-02-07 05:07:26,2026-04-08 05:07:26,2026-04-06 05:07:26,4261,4261,4938.32,1422944.03,0,223332.16,Received
PO000201,SUP00086,PART00968,PLT0006,2026-05-28 17:12:27,2026-06-18 17:12:27,2026-06-23 17:12:27,1571,1571,4161.05,394092.63,12.5,121890.36,Received
PO000202,SUP00025,PART01388,PLT0009,2026-02-22 22:46:41,2026-03-24 22:46:41,2026-03-23 22:46:41,203,203,1001.42,12081.98,7.5,1830.77,Received
PO000203,SUP00172,PART01226,PLT0025,2026-05-04 06:38:47,2026-05-14 06:38:47,2026-05-13 06:38:47,1891,1891,68.87,5141.15,0,1845.51,Received
PO000204,SUP00168,PART01491,PLT0022,2026-04-29 07:37:08,2026-05-13 07:37:08,2026-05-23 07:37:08,3496,3496,2472.59,343390.88,12.5,104888.79,Received
PO000205,SUP00138,PART01142,PLT0000,2026-03-08 14:15:58,2026-03-22 14:15:58,2026-03-20 14:15:58,3690,3690,696.34,183105.68,15,20965.95,Received
PO000206,SUP00121,PART01428,PLT0005,2026-05-11 16:20:30,2026-05-18 16:20:30,2026-05-15 16:20:30,314,314,315.66,5379.96,0,1434.3,Received
PO000207,SUP00019,PART01149,PLT0011,2026-01-17 03:14:12,2026-03-18 03:14:12,2026-03-16 03:14:12,2540,2540,4490.24,443894.01,15,62083.9,Received
PO000208,SUP00104,PART01279,PLT0018,2026-02-02 09:02:17,2026-02-12 09:02:17,2026-02-09 09:02:17,3452,1425,4336.52,1173643.21,18,241921.5,Received
PO000209,SUP00045,PART00480,PLT0012,2026-04-15 09:21:49,2026-05-06 09:21:49,2026-05-06 09:21:49,844,844,3671.3,101256.27,0,42020.35,Received
PO000210,SUP00030,PART00365,PLT0027,2026-01-31 21:32:28,2026-03-02 21:32:28,2026-02-27 21:32:28,4556,4556,4311.69,1278373.63,12.5,363550.33,Received
PO000211,SUP00192,PART00571,PLT0010,2026-03-12 12:31:00,2026-05-11 12:31:00,2026-05-09 12:31:00,4164,4164,4980.71,902806.45,12.5,257638.59,Received
PO000212,SUP00147,PART00950,PLT0009,2026-06-10 10:05:02,2026-06-17 10:05:02,2026-06-20 10:05:02,1505,1505,731.15,22227.96,10,18094.69,Received
PO000213,SUP00072,PART01343,PLT0005,2026-01-20 02:13:07,2026-03-21 02:13:07,2026-03-18 02:13:07,3476,3476,4317.08,873134.19,5,106222.38,Received
PO000214,SUP00037,PART01269,PLT0016,2026-01-16 15:11:03,2026-01-26 15:11:03,2026-01-23 15:11:03,237,237,2613.74,21678.77,15,9456.28,Received
PO000215,SUP00180,PART01949,PLT0011,2026-01-05 09:52:50,2026-01-19 09:52:50,2026-01-16 09:52:50,4572,4572,2067.61,298547.22,0,112175.68,Received
PO000216,SUP00180,PART01480,PLT0027,2026-02-16 11:17:24,2026-03-02 11:17:24,2026-03-01 11:17:24,2693,2693,2068.75,133087.77,0,45154.73,Received
PO000217,SUP00051,PART00944,PLT0014,2026-02-17 14:00:05,2026-02-24 14:00:05,2026-02-21 14:00:05,2031,2031,592.18,94254.95,18,17584.56,Received
PO000218,SUP00101,PART01645,PLT0019,2026-03-06 07:46:47,2026-05-05 07:46:47,2026-05-20 07:46:47,1354,1354,2025.75,173685.86,0,13997.53,Received
PO000219,SUP00106,PART00066,PLT0021,2026-05-12 10:27:14,2026-05-22 10:27:14,2026-05-19 10:27:14,3206,3206,2869.13,414162.81,7.5,167874.63,Received
PO000220,SUP00161,PART01100,PLT0003,2026-05-19 23:50:44,2026-06-18 23:50:44,2026-06-18 23:50:44,3642,3642,671.19,155375.42,7.5,41983.68,Received
PO000221,SUP00080,PART01696,PLT0026,2026-05-21 19:26:47,2026-06-04 19:26:47,2026-06-02 19:26:47,3322,3322,2866.33,482701.66,15,108824.71,Received
PO000222,SUP00082,PART00254,PLT0003,2026-01-29 08:20:00,2026-02-08 08:20:00,2026-02-21 08:20:00,4799,4799,2889.49,370337.29,0,145557.91,Received
PO000223,SUP00154,PART01344,PLT0010,2026-01-28 13:32:07,2026-02-07 13:32:07,2026-02-20 13:32:07,4003,4003,3720.28,384631.01,0,176825.44,Received
PO000224,SUP00082,PART01452,PLT0015,2026-05-27 02:54:56,2026-06-06 02:54:56,2026-06-04 02:54:56,2855,2855,427.82,57016.57,15,18924.07,Received
PO000225,SUP00077,PART01163,PLT0008,2026-04-26 10:14:09,2026-06-10 10:14:09,2026-06-09 10:14:09,1262,1262,2701.63,73495.72,10,45867.74,Received
PO000226,SUP00126,PART01461,PLT0009,2026-03-01 13:09:06,2026-03-22 13:09:06,2026-03-25 13:09:06,4700,4700,3761.91,857829.56,15,266968.27,Received
PO000227,SUP00001,PART00316,PLT0023,2026-05-15 23:19:09,2026-06-29 23:19:09,2026-06-27 23:19:09,3197,3197,2292.02,246757.12,5,100743.02,Received
PO000228,SUP00021,PART00303,PLT0018,2026-01-03 08:14:05,2026-02-02 08:14:05,2026-01-30 08:14:05,3957,3957,3400.08,406645.39,10,197207.38,Received
PO000229,SUP00179,PART01202,PLT0027,2026-04-08 07:16:23,2026-05-08 07:16:23,2026-05-06 07:16:23,3146,2098,4231.12,401293.2,18,162805.28,Received
PO000230,SUP00079,PART00991,PLT0028,2026-03-15 18:20:00,2026-03-22 18:20:00,2026-03-22 18:20:00,2854,2854,2872.54,265505.85,0,75216.57,Received
PO000231,SUP00026,PART01593,PLT0023,2026-01-24 05:20:11,2026-03-25 05:20:11,2026-03-23 05:20:11,4136,4136,4976.61,1538848.7,0,362258.3,Received
PO000232,SUP00032,PART01732,PLT0026,2026-04-12 18:34:06,2026-05-27 18:34:06,2026-06-08 18:34:06,1709,1709,4003.56,150323.54,0,131918.28,Received
PO000233,SUP00191,PART01039,PLT0002,2026-02-22 17:09:30,2026-04-23 17:09:30,2026-04-23 17:09:30,508,508,181.45,4735.75,5,814.94,Received
PO000234,SUP00006,PART01514,PLT0005,2026-05-14 22:13:49,2026-05-21 22:13:49,2026-06-04 22:13:49,2057,2057,1701.38,220633.39,0,19610.76,Received
PO000235,SUP00015,PART01247,PLT0008,2026-04-18 04:23:34,2026-04-25 04:23:34,2026-04-24 04:23:34,571,270,3833.52,83542.32,5,18417.29,Received
PO000236,SUP00132,PART01199,PLT0024,2026-04-23 20:54:59,2026-05-07 20:54:59,2026-05-07 20:54:59,4448,1904,4117.46,1234412.47,0,145533.81,Received
PO000237,SUP00000,PART00238,PLT0014,2026-01-17 04:36:28,2026-01-24 04:36:28,2026-01-24 04:36:28,4493,4493,3617.78,908598.34,7.5,220087.45,Received
PO000238,SUP00095,PART01191,PLT0013,2026-06-17 05:11:56,2026-07-08 05:11:56,2026-07-20 05:11:56,3676,3676,4871.42,567446.46,15,356061.76,In Transit
PO000239,SUP00179,PART00515,PLT0024,2026-03-21 01:32:40,2026-04-20 01:32:40,2026-04-17 01:32:40,1496,1496,4586.22,336166.17,7.5,132221.72,Received
PO000240,SUP00013,PART00613,PLT0008,2026-06-18 09:43:44,2026-07-09 09:43:44,2026-07-07 09:43:44,2305,2305,4752.02,549682.85,15,73081.68,Received
PO000241,SUP00115,PART01549,PLT0005,2026-04-05 16:17:22,2026-04-19 16:17:22,2026-04-16 16:17:22,4111,4111,1039.96,102322.6,12.5,64533.76,Received
PO000242,SUP00008,PART00193,PLT0029,2026-06-17 09:21:01,2026-06-24 09:21:01,2026-06-23 09:21:01,1635,1635,743.14,79914.19,5,11674.05,Received
PO000243,SUP00099,PART00625,PLT0010,2026-04-13 23:50:27,2026-06-12 23:50:27,2026-06-10 23:50:27,1772,1772,3653.82,189548.57,0,51010.29,Received
PO000244,SUP00048,PART00811,PLT0025,2026-02-03 08:32:24,2026-02-17 08:32:24,2026-02-27 08:32:24,1337,1337,3984.85,271650.92,15,78863.19,Received
PO000245,SUP00105,PART01615,PLT0013,2026-06-01 09:55:16,2026-06-22 09:55:16,2026-06-21 09:55:16,2203,2203,224.48,35296.67,7.5,5223.15,Received
PO000246,SUP00075,PART00627,PLT0010,2026-03-10 17:26:59,2026-05-09 17:26:59,2026-05-15 17:26:59,3734,3734,1371.61,275527.21,12.5,26043.74,Received
PO000247,SUP00087,PART01925,PLT0012,2026-01-11 17:45:04,2026-02-25 17:45:04,2026-03-03 17:45:04,1196,982,466.74,11816.86,5,4537.85,Received
PO000248,SUP00062,PART01467,PLT0008,2026-02-27 05:51:11,2026-03-13 05:51:11,2026-03-14 05:51:11,2686,2686,1869.66,215662.67,18,67291.46,Received
PO000249,SUP00021,PART00408,PLT0025,2026-02-11 17:52:43,2026-03-13 17:52:43,2026-03-10 17:52:43,2294,2294,2690.59,213486.18,10,97784.76,Received
PO000250,SUP00002,PART01928,PLT0023,2026-04-26 03:18:06,2026-05-03 03:18:06,2026-05-03 03:18:06,3245,3245,4563.43,1103712.85,15,129538.71,Received
PO000251,SUP00199,PART01242,PLT0018,2026-03-14 19:42:54,2026-03-28 19:42:54,2026-03-28 19:42:54,2857,2857,169.13,20375.25,7.5,3220.78,Received
PO000252,SUP00175,PART00275,PLT0028,2026-05-26 14:26:36,2026-06-09 14:26:36,2026-06-06 14:26:36,1293,936,2499.01,175924.7,18,20421.56,Received
PO000253,SUP00097,PART00502,PLT0010,2026-04-22 05:07:48,2026-05-02 05:07:48,2026-04-30 05:07:48,4610,4610,1940.7,335365.77,0,63583.8,Received
PO000254,SUP00098,PART01576,PLT0002,2026-03-02 23:09:55,2026-05-01 23:09:55,2026-05-07 23:09:55,3702,3702,999.0,121632.47,10,44471.65,Received
PO000255,SUP00073,PART00943,PLT0011,2026-03-06 15:56:55,2026-04-20 15:56:55,2026-04-18 15:56:55,2141,2141,3652.16,593958.94,0,53076.11,Received
PO000256,SUP00075,PART00841,PLT0013,2026-03-18 22:55:44,2026-05-17 22:55:44,2026-05-30 22:55:44,443,443,349.04,3651.8,18,1639.35,Received
PO000257,SUP00042,PART01158,PLT0013,2026-01-07 05:31:20,2026-01-17 05:31:20,2026-01-31 05:31:20,2729,2729,1768.84,239043.92,10,70069.22,Received
PO000258,SUP00085,PART01504,PLT0002,2026-04-20 18:31:14,2026-06-04 18:31:14,2026-06-04 18:31:14,4406,4406,2964.69,663702.05,0,177764.94,Received
PO000259,SUP00066,PART00959,PLT0019,2026-05-07 06:01:49,2026-06-21 06:01:49,2026-07-04 06:01:49,648,648,2138.13,63534.98,7.5,16606.32,Received
PO000260,SUP00000,PART01821,PLT0028,2026-05-24 11:41:38,2026-05-31 11:41:38,2026-05-29 11:41:38,648,648,3038.06,107318.56,15,25426.68,Received
PO000261,SUP00005,PART01418,PLT0023,2026-06-09 06:26:55,2026-06-23 06:26:55,2026-07-08 06:26:55,225,225,1706.84,14450.94,12.5,2028.91,Received
PO000262,SUP00139,PART00461,PLT0010,2026-03-24 22:39:41,2026-04-07 22:39:41,2026-04-06 22:39:41,4837,4837,3910.67,749016.28,15,280034.75,Received
PO000263,SUP00166,PART00410,PLT0024,2026-06-09 12:34:58,2026-06-30 12:34:58,2026-06-28 12:34:58,4775,4775,1956.7,620199.95,5,89949.5,Received
PO000264,SUP00137,PART00206,PLT0000,2026-04-14 13:55:36,2026-04-28 13:55:36,2026-04-28 13:55:36,1093,1093,3737.96,315732.93,10,73778.98,Received
PO000265,SUP00155,PART01901,PLT0007,2026-05-08 19:16:50,2026-05-29 19:16:50,2026-05-27 19:16:50,1387,1387,1199.36,60326.74,5,27589.65,Received
PO000266,SUP00145,PART00055,PLT0004,2026-03-27 08:52:31,2026-05-26 08:52:31,2026-05-23 08:52:31,258,258,1561.63,26042.1,5,4313.55,Received
PO000267,SUP00163,PART00915,PLT0014,2026-03-19 12:18:18,2026-03-26 12:18:18,2026-03-23 12:18:18,4885,4885,3729.32,465847.51,0,229553.39,Received
PO000268,SUP00149,PART01184,PLT0023,2026-04-11 07:02:48,2026-06-10 07:02:48,2026-06-09 07:02:48,1035,835,4114.88,176758.95,10,47814.33,Received
PO000269,SUP00197,PART00430,PLT0002,2026-06-05 07:17:49,2026-06-15 07:17:49,2026-06-12 07:17:49,2141,2141,1844.53,302874.5,0,20175.49,Received
PO000270,SUP00101,PART01645,PLT0013,2026-03-19 17:34:19,2026-05-18 17:34:19,2026-05-20 17:34:19,2955,2955,2025.75,231056.56,0,68913.28,Received
PO000271,SUP00075,PART01736,PLT0020,2026-02-28 09:20:15,2026-04-29 09:20:15,2026-04-29 09:20:15,3242,1325,235.6,59466.12,10,4338.88,Received
PO000272,SUP00000,PART01735,PLT0007,2026-02-04 10:32:59,2026-02-11 10:32:59,2026-02-10 10:32:59,4298,4298,2118.14,561740.7,0,53873.55,Received
PO000273,SUP00120,PART01643,PLT0006,2026-05-09 08:15:37,2026-07-08 08:15:37,2026-07-05 08:15:37,1340,1340,364.34,14879.96,18,9510.2,Received
PO000274,SUP00166,PART01519,PLT0025,2026-06-07 08:21:48,2026-06-28 08:21:48,2026-06-26 08:21:48,946,946,1561.78,32206.51,5,14170.12,Received
PO000275,SUP00035,PART01280,PLT0011,2026-02-21 11:50:04,2026-04-07 11:50:04,2026-04-07 11:50:04,261,261,1987.49,38038.43,0,8312.34,Received
PO000276,SUP00080,PART00295,PLT0029,2026-03-21 03:48:24,2026-04-04 03:48:24,2026-04-01 03:48:24,4952,4952,2819.73,421474.12,0,72945.37,Received
PO000277,SUP00048,PART01837,PLT0007,2026-01-18 21:19:42,2026-02-01 21:19:42,2026-02-01 21:19:42,970,635,929.21,40474.04,18,10461.09,Received
PO000278,SUP00043,PART01754,PLT0019,2026-05-04 15:57:37,2026-07-03 15:57:37,2026-06-30 15:57:37,3896,2108,3039.3,466215.25,18,124139.16,Received
PO000279,SUP00172,PART01256,PLT0021,2026-05-20 02:16:16,2026-05-30 02:16:16,2026-05-27 02:16:16,4729,4729,4042.59,633907.78,0,326558.06,Received
PO000280,SUP00024,PART00292,PLT0007,2026-05-09 00:08:27,2026-06-08 00:08:27,2026-06-08 00:08:27,3358,3358,3226.31,616461.16,5,90933.14,Received
PO000281,SUP00054,PART00378,PLT0023,2026-05-09 00:53:02,2026-06-23 00:53:02,2026-06-20 00:53:02,4889,4889,1093.06,291941.24,7.5,87632.59,Received
PO000282,SUP00198,PART00269,PLT0010,2026-03-23 22:45:36,2026-04-22 22:45:36,2026-04-21 22:45:36,4796,4796,4576.06,1559207.17,12.5,317750.0,Received
PO000283,SUP00071,PART01626,PLT0006,2026-02-05 08:59:06,2026-04-06 08:59:06,2026-04-06 08:59:06,1998,1998,3697.58,290722.9,15,90556.8,Received
PO000284,SUP00096,PART00704,PLT0006,2026-05-03 02:00:52,2026-05-13 02:00:52,2026-05-23 02:00:52,3373,3373,2895.26,321195.94,7.5,128792.08,Received
PO000285,SUP00196,PART00241,PLT0023,2026-02-24 05:39:23,2026-03-17 05:39:23,2026-03-15 05:39:23,2812,1412,2047.29,232921.52,15,95451.39,Received
PO000286,SUP00199,PART00934,PLT0021,2026-01-19 17:44:18,2026-02-02 17:44:18,2026-01-31 17:44:18,4302,4302,3614.62,1040569.71,12.5,227566.16,Received
PO000287,SUP00132,PART01975,PLT0017,2026-01-25 12:15:57,2026-02-08 12:15:57,2026-02-05 12:15:57,960,960,3032.52,182713.13,0,52691.91,Received
PO000288,SUP00191,PART00628,PLT0014,2026-03-26 16:40:19,2026-05-25 16:40:19,2026-05-25 16:40:19,4184,4184,695.21,201290.74,18,23046.59,Received
PO000289,SUP00171,PART01720,PLT0021,2026-02-13 01:55:44,2026-04-14 01:55:44,2026-04-13 01:55:44,2949,2949,3880.37,764363.72,18,147339.11,Received
PO000290,SUP00156,PART01638,PLT0017,2026-03-12 10:06:00,2026-03-22 10:06:00,2026-03-21 10:06:00,3117,3117,2356.21,446708.74,5,129616.6,Received
PO000291,SUP00159,PART01538,PLT0022,2026-01-30 12:36:33,2026-02-06 12:36:33,2026-02-03 12:36:33,1706,1706,3306.24,437379.35,12.5,53287.81,Received
PO000292,SUP00035,PART01845,PLT0016,2026-03-23 19:13:59,2026-05-07 19:13:59,2026-05-15 19:13:59,2687,2687,4264.34,874136.26,0,70159.71,Received
PO000293,SUP00004,PART01450,PLT0017,2026-05-10 17:39:56,2026-06-09 17:39:56,2026-06-09 17:39:56,535,535,951.03,14459.21,15,8820.89,Received
PO000294,SUP00021,PART01565,PLT0025,2026-02-17 01:57:35,2026-03-19 01:57:35,2026-03-18 01:57:35,3482,3482,3613.94,397674.82,10,76231.97,Received
PO000295,SUP00002,PART01972,PLT0008,2026-01-28 06:29:57,2026-02-04 06:29:57,2026-02-06 06:29:57,4849,2344,4043.7,913784.7,7.5,321741.52,Received
PO000296,SUP00152,PART00022,PLT0020,2026-01-23 18:37:13,2026-02-13 18:37:13,2026-02-13 18:37:13,4952,4952,3315.53,978958.03,7.5,284591.88,Received
PO000297,SUP00158,PART01108,PLT0023,2026-04-29 10:58:20,2026-05-06 10:58:20,2026-05-06 10:58:20,2846,2624,4933.08,315304.3,7.5,93960.55,Received
PO000298,SUP00120,PART00955,PLT0013,2026-04-24 14:11:51,2026-06-23 14:11:51,2026-06-20 14:11:51,2434,2434,4217.33,268768.11,10,88477.87,Received
PO000299,SUP00055,PART01740,PLT0021,2026-04-07 00:41:06,2026-04-17 00:41:06,2026-04-24 00:41:06,3504,3504,944.43,87071.88,7.5,58358.79,Received
PO000300,SUP00020,PART01500,PLT0008,2026-02-18 20:52:15,2026-04-19 20:52:15,2026-04-17 20:52:15,3487,3487,30.77,3763.37,10,670.21,Received
PO000301,SUP00150,PART00207,PLT0022,2026-06-06 12:11:33,2026-06-13 12:11:33,2026-06-10 12:11:33,1863,1863,690.68,77124.06,0,25682.67,Received
PO000302,SUP00153,PART01692,PLT0022,2026-04-05 17:36:05,2026-05-20 17:36:05,2026-05-17 17:36:05,4301,3299,4659.24,451408.81,0,277648.68,Received
PO000303,SUP00185,PART01625,PLT0020,2026-01-20 03:24:03,2026-03-21 03:24:03,2026-03-21 03:24:03,2004,2004,1025.9,124087.28,12.5,35421.68,Received
PO000304,SUP00089,PART01471,PLT0023,2026-01-08 17:47:02,2026-01-29 17:47:02,2026-01-26 17:47:02,3824,3824,4198.24,824632.12,12.5,276088.42,Received
PO000305,SUP00028,PART01286,PLT0023,2026-06-01 00:01:19,2026-06-08 00:01:19,2026-06-08 00:01:19,1819,1819,2454.34,95756.38,10,28938.81,Received
PO000306,SUP00095,PART01885,PLT0013,2026-06-05 17:06:09,2026-06-26 17:06:09,2026-06-23 17:06:09,2126,2126,4137.13,536358.1,10,172425.04,Received
PO000307,SUP00146,PART00509,PLT0008,2026-03-28 14:32:35,2026-04-18 14:32:35,2026-04-16 14:32:35,3803,3803,2858.24,631414.76,0,88488.65,Received
PO000308,SUP00083,PART01578,PLT0027,2026-04-17 06:29:56,2026-06-16 06:29:56,2026-06-13 06:29:56,2905,2905,1846.42,162650.61,15,95743.09,Received
PO000309,SUP00025,PART00683,PLT0011,2026-04-30 16:38:41,2026-05-30 16:38:41,2026-05-29 16:38:41,2643,2643,645.43,44485.53,0,24891.69,Received
PO000310,SUP00097,PART00640,PLT0019,2026-04-07 13:05:09,2026-04-17 13:05:09,2026-04-14 13:05:09,1706,1706,3466.22,369253.17,10,59459.06,Received
PO000311,SUP00002,PART00896,PLT0028,2026-03-12 04:32:26,2026-03-19 04:32:26,2026-03-18 04:32:26,2694,2694,270.16,22844.09,7.5,13560.91,Received
PO000312,SUP00040,PART01434,PLT0020,2026-04-19 20:03:02,2026-04-26 20:03:02,2026-04-25 20:03:02,3310,3310,2279.88,185310.38,0,47981.03,Received
PO000313,SUP00109,PART01224,PLT0029,2026-06-20 06:48:15,2026-06-30 06:48:15,2026-06-28 06:48:15,1244,1244,1133.24,73264.26,12.5,9861.89,Received
PO000314,SUP00137,PART00788,PLT0003,2026-06-14 02:01:46,2026-06-28 02:01:46,2026-07-12 02:01:46,2457,2457,2886.38,554898.67,10,141777.02,Received
PO000315,SUP00100,PART00906,PLT0026,2026-01-08 22:00:54,2026-02-22 22:00:54,2026-02-21 22:00:54,2292,2292,1131.79,86818.39,5,22517.18,Received
PO000316,SUP00099,PART00462,PLT0014,2026-05-06 19:24:35,2026-07-05 19:24:35,2026-07-08 19:24:35,151,151,4563.82,53666.83,15,12107.42,Received
PO000317,SUP00025,PART00848,PLT0017,2026-04-18 00:54:00,2026-05-18 00:54:00,2026-05-22 00:54:00,3427,3427,1014.38,177687.57,12.5,50089.12,Received
PO000318,SUP00131,PART01819,PLT0028,2026-03-17 04:02:03,2026-04-07 04:02:03,2026-04-05 04:02:03,2209,2209,2477.65,229164.68,5,53649.37,Received
PO000319,SUP00001,PART00731,PLT0002,2026-05-15 14:32:30,2026-06-29 14:32:30,2026-06-28 14:32:30,4459,4459,32.32,3717.77,18,2251.84,Received
PO000320,SUP00147,PART01096,PLT0010,2026-01-21 08:26:20,2026-01-28 08:26:20,2026-02-07 08:26:20,1916,1916,1624.55,196263.87,18,53898.94,Received
PO000321,SUP00140,PART00458,PLT0014,2026-02-22 06:15:09,2026-04-08 06:15:09,2026-04-08 06:15:09,3820,3820,3238.16,616360.67,12.5,73845.88,Received
PO000322,SUP00172,PART00350,PLT0000,2026-04-19 17:35:48,2026-04-29 17:35:48,2026-04-29 17:35:48,2897,2897,4593.82,830152.12,0,202686.76,Received
PO000323,SUP00083,PART00133,PLT0023,2026-02-23 14:40:27,2026-04-24 14:40:27,2026-04-24 14:40:27,4946,4946,1472.36,453345.06,0,144139.14,Received
PO000324,SUP00100,PART00440,PLT0021,2026-03-29 18:59:36,2026-05-13 18:59:36,2026-05-11 18:59:36,2757,2757,4255.31,796653.74,18,225182.09,Received
PO000325,SUP00080,PART00295,PLT0024,2026-04-15 18:46:37,2026-04-29 18:46:37,2026-05-09 18:46:37,2626,2452,2819.73,171625.96,10,102270.38,Received
PO000326,SUP00073,PART01586,PLT0002,2026-04-30 04:45:01,2026-06-14 04:45:01,2026-06-11 04:45:01,1370,1370,2882.78,137944.83,0,69257.19,Received
PO000327,SUP00056,PART00060,PLT0020,2026-04-07 02:45:03,2026-06-06 02:45:03,2026-06-04 02:45:03,779,779,2637.04,90825.39,12.5,35073.74,Received
PO000328,SUP00050,PART00780,PLT0022,2026-04-03 02:53:58,2026-05-03 02:53:58,2026-05-01 02:53:58,1549,1549,2778.92,177818.33,12.5,78282.36,Received
PO000329,SUP00092,PART01023,PLT0002,2026-02-05 20:08:30,2026-03-22 20:08:30,2026-03-21 20:08:30,1906,1906,699.65,78456.43,0,13463.08,Received
PO000330,SUP00033,PART01539,PLT0003,2026-04-12 17:23:54,2026-04-22 17:23:54,2026-04-22 17:23:54,4613,4613,596.87,116711.73,0,13838.21,Received
PO000331,SUP00112,PART01083,PLT0000,2026-01-01 21:43:19,2026-01-31 21:43:19,2026-01-29 21:43:19,276,276,2435.09,36349.52,10,12023.85,Received
PO000332,SUP00111,PART01957,PLT0005,2026-02-06 14:23:24,2026-02-16 14:23:24,2026-02-13 14:23:24,1539,1539,4521.34,546553.17,0,125816.96,Received
PO000333,SUP00035,PART01869,PLT0004,2026-04-27 10:53:23,2026-06-11 10:53:23,2026-06-10 10:53:23,3660,3660,4244.51,1130635.42,0,195894.1,Received
PO000334,SUP00075,PART01667,PLT0026,2026-03-28 10:20:47,2026-05-27 10:20:47,2026-05-27 10:20:47,4453,3724,4342.47,526295.35,7.5,367896.21,Received
PO000335,SUP00183,PART00220,PLT0011,2026-05-13 15:09:36,2026-06-12 15:09:36,2026-06-11 15:09:36,866,866,3656.94,178012.65,10,60384.34,Received
PO000336,SUP00155,PART01901,PLT0021,2026-04-17 09:46:26,2026-05-08 09:46:26,2026-05-21 09:46:26,3719,2855,1199.36,106728.1,5,46769.3,Received
PO000337,SUP00008,PART00490,PLT0026,2026-04-06 07:08:43,2026-04-13 07:08:43,2026-04-10 07:08:43,390,390,817.47,23909.92,15,5471.99,Received
PO000338,SUP00062,PART01863,PLT0021,2026-05-18 09:49:46,2026-06-01 09:49:46,2026-06-01 09:49:46,4308,4308,695.42,177619.85,18,40279.32,Received
PO000339,SUP00150,PART01438,PLT0017,2026-04-12 07:10:17,2026-04-19 07:10:17,2026-04-18 07:10:17,2364,2364,144.75,16039.86,5,3214.66,Received
PO000340,SUP00060,PART01282,PLT0013,2026-03-20 11:53:09,2026-05-19 11:53:09,2026-05-19 11:53:09,4067,4067,1262.78,134859.6,18,62972.05,Received
PO000341,SUP00190,PART00796,PLT0009,2026-04-07 15:03:07,2026-06-06 15:03:07,2026-06-19 15:03:07,2402,2402,3640.22,541539.9,18,152744.35,Received
PO000342,SUP00166,PART00385,PLT0002,2026-03-01 15:16:55,2026-03-22 15:16:55,2026-04-03 15:16:55,4729,4729,1255.69,347120.64,0,77281.46,Received
PO000343,SUP00196,PART00096,PLT0009,2026-03-16 17:46:13,2026-04-06 17:46:13,2026-04-06 17:46:13,3603,3603,193.55,35871.58,0,8808.49,Received
PO000344,SUP00154,PART01394,PLT0022,2026-01-09 16:24:48,2026-01-19 16:24:48,2026-01-21 16:24:48,3795,3380,4267.77,1016223.85,0,254450.5,Received
PO000345,SUP00115,PART01014,PLT0006,2026-04-21 21:43:48,2026-05-05 21:43:48,2026-05-05 21:43:48,420,215,3786.6,97590.59,7.5,8064.91,Received
PO000346,SUP00019,PART00492,PLT0021,2026-03-06 05:24:35,2026-05-05 05:24:35,2026-05-12 05:24:35,1920,1920,4440.22,599043.84,0,62566.05,Received
PO000347,SUP00172,PART01226,PLT0007,2026-05-01 17:37:44,2026-05-11 17:37:44,2026-05-08 17:37:44,4723,4723,68.87,24110.95,7.5,2625.98,Received
PO000348,SUP00134,PART01799,PLT0020,2026-05-24 00:57:40,2026-06-03 00:57:40,2026-06-10 00:57:40,133,133,4322.43,25765.34,7.5,10140.66,Received
PO000349,SUP00132,PART00388,PLT0026,2026-06-01 07:27:11,2026-06-15 07:27:11,2026-06-15 07:27:11,3289,3289,394.3,85628.07,0,19380.74,Received
PO000350,SUP00047,PART00456,PLT0002,2026-05-04 19:25:03,2026-05-18 19:25:03,2026-05-17 19:25:03,4052,4052,868.17,183688.09,0,67375.31,Received
PO000351,SUP00165,PART00525,PLT0021,2026-05-19 20:15:01,2026-07-03 20:15:01,2026-07-10 20:15:01,2383,2383,1350.75,119361.85,7.5,21332.46,Received
PO000352,SUP00100,PART00244,PLT0012,2026-02-09 05:58:33,2026-03-26 05:58:33,2026-04-04 05:58:33,4129,4129,597.57,126066.47,0,29693.16,Received
PO000353,SUP00024,PART00223,PLT0003,2026-02-14 09:33:47,2026-03-16 09:33:47,2026-03-13 09:33:47,1561,1561,1642.99,158029.59,0,22123.88,Received
PO000354,SUP00146,PART01260,PLT0011,2026-03-27 01:44:01,2026-04-17 01:44:01,2026-04-14 01:44:01,4940,4940,1440.34,425298.8,18,117415.3,Received
PO000355,SUP00000,PART00387,PLT0024,2026-02-10 20:40:52,2026-02-17 20:40:52,2026-02-17 20:40:52,4709,4709,3279.15,450315.28,7.5,290726.66,Received
PO000356,SUP00123,PART00717,PLT0014,2026-02-08 23:05:36,2026-04-09 23:05:36,2026-04-10 23:05:36,3255,3255,2248.77,562224.43,18,43587.19,Received
PO000357,SUP00000,PART00376,PLT0020,2026-02-07 17:41:08,2026-02-14 17:41:08,2026-02-11 17:41:08,257,112,4751.52,42430.45,18,11377.49,Received
PO000358,SUP00179,PART00329,PLT0004,2026-04-17 05:46:46,2026-05-17 05:46:46,2026-05-18 05:46:46,962,962,188.64,8092.81,18,954.89,Received
PO000359,SUP00081,PART01475,PLT0005,2026-05-21 14:27:15,2026-06-11 14:27:15,2026-06-17 14:27:15,364,364,3054.17,29157.64,5,5657.0,Received
PO000360,SUP00029,PART00007,PLT0018,2026-01-12 08:14:43,2026-03-13 08:14:43,2026-03-26 08:14:43,4694,4694,3734.06,586670.38,0,235827.57,Received
PO000361,SUP00141,PART00151,PLT0000,2026-05-06 23:55:08,2026-06-20 23:55:08,2026-06-28 23:55:08,4731,4731,3952.91,690974.58,12.5,219647.07,Received
PO000362,SUP00195,PART01532,PLT0007,2026-05-13 14:27:24,2026-05-27 14:27:24,2026-05-25 14:27:24,2877,2158,2204.84,309222.77,0,74935.9,Received
PO000363,SUP00068,PART01801,PLT0011,2026-02-13 11:10:09,2026-03-15 11:10:09,2026-03-14 11:10:09,3232,2860,3221.15,438133.43,0,119474.35,Received
PO000364,SUP00153,PART00614,PLT0004,2026-01-09 06:19:12,2026-02-23 06:19:12,2026-02-22 06:19:12,3345,3345,1663.2,320396.41,5,106418.0,Received
PO000365,SUP00054,PART00862,PLT0028,2026-03-23 02:44:33,2026-05-07 02:44:33,2026-05-04 02:44:33,3686,2414,3044.02,451818.23,12.5,78505.0,Received
PO000366,SUP00164,PART01085,PLT0006,2026-02-17 18:28:34,2026-02-24 18:28:34,2026-02-23 18:28:34,4706,4706,1946.89,663483.42,10,169546.89,Received
PO000367,SUP00119,PART01122,PLT0027,2026-05-29 08:23:20,2026-06-19 08:23:20,2026-06-17 08:23:20,2564,2564,1406.62,102714.82,0,47399.14,Received
PO000368,SUP00152,PART00926,PLT0009,2026-06-11 17:32:20,2026-07-02 17:32:20,2026-07-16 17:32:20,3426,3426,3059.47,346219.23,18,192328.16,In Transit
PO000369,SUP00121,PART01350,PLT0012,2026-07-01 23:18:17,2026-07-08 23:18:17,2026-07-07 23:18:17,3678,3678,2450.67,291924.08,0,82021.63,Received
PO000370,SUP00116,PART01527,PLT0021,2026-04-20 09:27:59,2026-05-11 09:27:59,2026-05-08 09:27:59,4760,4760,2096.38,318009.24,12.5,97266.66,Received
PO000371,SUP00119,PART00503,PLT0027,2026-05-24 09:29:58,2026-06-14 09:29:58,2026-06-11 09:29:58,2640,2640,2231.65,387685.34,18,94440.25,Received
PO000372,SUP00047,PART01793,PLT0001,2026-05-12 07:16:15,2026-05-26 07:16:15,2026-05-26 07:16:15,752,752,3089.98,174763.56,0,23173.05,Received
PO000373,SUP00130,PART00184,PLT0010,2026-03-11 06:19:31,2026-05-10 06:19:31,2026-05-09 06:19:31,1794,1794,3776.05,162320.02,10,93157.42,Received
PO000374,SUP00080,PART01696,PLT0014,2026-04-03 06:04:02,2026-04-17 06:04:02,2026-04-16 06:04:02,2423,2423,2866.33,473241.39,0,128569.79,Received
PO000375,SUP00062,PART00311,PLT0005,2026-03-22 14:54:23,2026-04-05 14:54:23,2026-04-02 14:54:23,1346,1346,3625.6,281681.56,7.5,74906.23,Received
PO000376,SUP00037,PART01850,PLT0007,2026-01-23 00:17:52,2026-02-02 00:17:52,2026-02-01 00:17:52,3694,3694,124.88,10316.06,12.5,5578.21,Received
PO000377,SUP00192,PART00976,PLT0005,2026-01-04 20:59:34,2026-03-05 20:59:34,2026-03-03 20:59:34,3662,3662,940.96,106509.61,0,67380.64,Received
PO000378,SUP00127,PART01938,PLT0021,2026-04-21 01:24:00,2026-05-01 01:24:00,2026-04-29 01:24:00,746,326,4096.16,85855.79,7.5,46326.77,Received
PO000379,SUP00113,PART01877,PLT0004,2026-01-22 13:09:58,2026-03-23 13:09:58,2026-04-05 13:09:58,1664,959,2353.57,245493.81,0,40419.29,Received
PO000380,SUP00101,PART01637,PLT0015,2026-01-04 02:21:29,2026-03-05 02:21:29,2026-03-02 02:21:29,1434,1434,404.68,20405.45,18,5341.0,Received
PO000381,SUP00119,PART01065,PLT0028,2026-01-05 13:15:30,2026-01-26 13:15:30,2026-01-25 13:15:30,476,476,3479.79,102746.73,7.5,19435.91,Received
PO000382,SUP00006,PART00886,PLT0010,2026-01-08 20:32:14,2026-01-15 20:32:14,2026-01-12 20:32:14,707,707,1607.09,24863.09,0,18201.69,Received
PO000383,SUP00105,PART00039,PLT0009,2026-03-15 22:03:21,2026-04-05 22:03:21,2026-04-02 22:03:21,3163,3163,2153.2,420330.07,7.5,105242.68,Received
PO000384,SUP00070,PART00687,PLT0011,2026-04-10 12:48:56,2026-05-25 12:48:56,2026-06-07 12:48:56,3527,3527,3562.43,509218.28,10,198355.71,Received
PO000385,SUP00192,PART01131,PLT0006,2026-04-05 22:06:53,2026-06-04 22:06:53,2026-06-04 22:06:53,3735,1668,2478.95,555286.0,10,165939.35,Received
PO000386,SUP00068,PART01834,PLT0003,2026-01-05 11:13:21,2026-02-04 11:13:21,2026-02-17 11:13:21,926,926,4085.15,115855.17,0,27652.97,Received
PO000387,SUP00065,PART01641,PLT0007,2026-01-17 23:15:11,2026-03-03 23:15:11,2026-03-04 23:15:11,160,160,768.23,4974.21,0,902.66,Received
PO000388,SUP00060,PART01282,PLT0027,2026-03-31 11:18:40,2026-05-30 11:18:40,2026-05-28 11:18:40,916,916,1262.78,27032.21,0,9245.35,Received
PO000389,SUP00116,PART01527,PLT0029,2026-01-16 18:12:45,2026-02-06 18:12:45,2026-02-06 18:12:45,81,81,2096.38,10381.32,5,976.39,Received
PO000390,SUP00154,PART00162,PLT0012,2026-03-04 05:11:43,2026-03-14 05:11:43,2026-03-13 05:11:43,3949,3949,860.15,212276.27,15,47832.33,Received
PO000391,SUP00117,PART00381,PLT0015,2026-02-25 22:28:23,2026-04-11 22:28:23,2026-04-11 22:28:23,3675,3675,234.48,17560.7,0,16900.67,Received
PO000392,SUP00078,PART00539,PLT0004,2026-04-16 05:53:44,2026-06-15 05:53:44,2026-06-14 05:53:44,1065,1065,1122.73,29350.77,0,21198.99,Received
PO000393,SUP00149,PART01548,PLT0007,2026-02-01 12:56:55,2026-04-02 12:56:55,2026-03-31 12:56:55,4977,4977,2908.03,845755.37,5,164964.1,Received
PO000394,SUP00007,PART01688,PLT0011,2026-05-23 19:24:48,2026-06-06 19:24:48,2026-06-06 19:24:48,2111,2111,531.82,33316.25,0,6670.63,Received
PO000395,SUP00096,PART00704,PLT0028,2026-05-23 07:37:39,2026-06-02 07:37:39,2026-05-30 07:37:39,704,704,2895.26,150665.1,15,10558.17,Received
PO000396,SUP00051,PART01524,PLT0021,2026-01-18 03:11:22,2026-01-25 03:11:22,2026-01-23 03:11:22,589,589,981.06,36767.62,10,6796.49,Received
PO000397,SUP00037,PART01520,PLT0025,2026-04-04 07:03:13,2026-04-14 07:03:13,2026-04-12 07:03:13,4056,4056,2920.41,946973.17,5,99756.27,Received
PO000398,SUP00044,PART00349,PLT0001,2026-03-10 12:36:35,2026-05-09 12:36:35,2026-05-06 12:36:35,2707,2343,1763.16,373890.56,15,86056.04,Received
PO000399,SUP00027,PART00951,PLT0014,2026-01-30 15:33:46,2026-02-06 15:33:46,2026-02-03 15:33:46,3487,3069,1658.9,389278.91,12.5,114803.36,Received
PO000400,SUP00112,PART01294,PLT0004,2026-03-19 13:25:26,2026-04-18 13:25:26,2026-04-15 13:25:26,1465,1465,4297.79,483317.32,5,40438.96,Received
PO000401,SUP00007,PART00801,PLT0015,2026-01-30 02:35:01,2026-02-13 02:35:01,2026-02-12 02:35:01,227,227,660.73,4424.43,18,1374.63,Received
PO000402,SUP00030,PART00389,PLT0015,2026-04-28 20:00:34,2026-05-28 20:00:34,2026-05-25 20:00:34,3614,1763,51.39,14513.54,0,1913.05,Received
PO000403,SUP00085,PART00217,PLT0002,2026-03-04 18:36:20,2026-04-18 18:36:20,2026-04-16 18:36:20,1208,1208,1495.47,138380.53,5,20314.73,Received
PO000404,SUP00033,PART00026,PLT0009,2026-05-03 15:02:36,2026-05-13 15:02:36,2026-05-11 15:02:36,3564,3564,1389.99,277156.95,18,45717.08,Received
PO000405,SUP00178,PART01484,PLT0011,2026-01-25 21:08:43,2026-03-26 21:08:43,2026-03-23 21:08:43,567,567,890.05,21296.84,5,4108.85,Received
PO000406,SUP00080,PART00668,PLT0022,2026-02-15 07:54:05,2026-03-01 07:54:05,2026-03-16 07:54:05,2610,2610,2258.37,436832.31,15,99037.34,Received
PO000407,SUP00176,PART01136,PLT0010,2026-04-23 02:02:21,2026-06-22 02:02:21,2026-06-21 02:02:21,1091,905,4302.61,255063.54,5,73329.97,Received
PO000408,SUP00189,PART01248,PLT0007,2026-02-18 08:53:08,2026-04-04 08:53:08,2026-04-01 08:53:08,208,208,645.35,9778.01,12.5,2181.67,Received
PO000409,SUP00184,PART01277,PLT0010,2026-01-16 18:55:16,2026-01-30 18:55:16,2026-01-27 18:55:16,4986,4591,3223.25,1023242.22,0,188711.55,Received
PO000410,SUP00195,PART01592,PLT0006,2026-06-03 15:38:21,2026-06-17 15:38:21,2026-06-16 15:38:21,3030,3030,4544.14,324133.8,5,114969.01,Received
PO000411,SUP00065,PART00006,PLT0010,2026-03-11 03:52:00,2026-04-25 03:52:00,2026-05-03 03:52:00,4652,4652,4567.87,772756.12,10,260744.1,Received
PO000412,SUP00165,PART00643,PLT0019,2026-04-15 03:23:11,2026-05-30 03:23:11,2026-05-29 03:23:11,4945,4945,4557.87,850545.62,0,361349.45,Received
PO000413,SUP00191,PART00399,PLT0016,2026-04-08 21:24:45,2026-06-07 21:24:45,2026-06-04 21:24:45,3515,3515,2591.16,648138.88,7.5,81195.52,Received
PO000414,SUP00080,PART00295,PLT0009,2026-01-05 21:49:50,2026-01-19 21:49:50,2026-01-16 21:49:50,694,694,2819.73,130226.93,0,22896.18,Received
PO000415,SUP00132,PART00782,PLT0017,2026-01-31 11:34:20,2026-02-14 11:34:20,2026-02-12 11:34:20,932,606,4977.83,147841.03,15,43013.35,Received
PO000416,SUP00048,PART01201,PLT0004,2026-03-04 16:22:27,2026-03-18 16:22:27,2026-03-20 16:22:27,479,337,777.0,15679.82,10,6504.67,Received
PO000417,SUP00138,PART00768,PLT0017,2026-01-05 22:40:36,2026-01-19 22:40:36,2026-01-17 22:40:36,3290,3290,3071.07,573744.66,0,148064.56,Received
PO000418,SUP00026,PART00663,PLT0018,2026-04-21 09:32:24,2026-06-20 09:32:24,2026-06-20 09:32:24,1130,1130,4325.43,369595.55,0,35551.19,Received
PO000419,SUP00036,PART01070,PLT0005,2026-02-15 15:14:33,2026-04-16 15:14:33,2026-04-14 15:14:33,2975,2975,896.32,119350.89,0,33030.14,Received
PO000420,SUP00058,PART01116,PLT0001,2026-04-12 21:10:58,2026-04-26 21:10:58,2026-04-23 21:10:58,1319,1319,3736.7,125033.53,5,57801.28,Received
PO000421,SUP00033,PART00236,PLT0024,2026-06-26 23:32:43,2026-07-06 23:32:43,2026-07-10 23:32:43,2010,2010,2230.19,273494.32,0,25942.39,Received
PO000422,SUP00111,PART01726,PLT0022,2026-02-13 18:59:55,2026-02-23 18:59:55,2026-02-23 18:59:55,1844,1844,2423.54,344104.49,0,55901.74,Received
PO000423,SUP00197,PART00661,PLT0012,2026-05-27 19:02:35,2026-06-06 19:02:35,2026-06-03 19:02:35,207,207,416.32,3221.2,0,1296.52,Received
PO000424,SUP00105,PART01427,PLT0013,2026-04-17 19:19:50,2026-05-08 19:19:50,2026-05-07 19:19:50,4880,4880,494.45,81485.04,15,12323.45,Received
PO000425,SUP00077,PART01437,PLT0002,2026-04-23 22:22:27,2026-06-07 22:22:27,2026-06-16 22:22:27,1394,1394,1860.48,75562.8,0,48571.26,Received
PO000426,SUP00051,PART01524,PLT0019,2026-02-24 15:29:56,2026-03-03 15:29:56,2026-03-01 15:29:56,4235,4235,981.06,291206.43,7.5,41619.71,Received
PO000427,SUP00164,PART00669,PLT0028,2026-02-20 13:16:51,2026-02-27 13:16:51,2026-02-25 13:16:51,3749,3749,3368.13,709670.26,18,208981.98,Received
PO000428,SUP00145,PART00419,PLT0005,2026-01-22 21:11:23,2026-03-23 21:11:23,2026-03-23 21:11:23,1734,1734,2556.36,240308.92,7.5,77545.91,Received
PO000429,SUP00165,PART01380,PLT0006,2026-04-26 04:47:00,2026-06-10 04:47:00,2026-06-16 04:47:00,3849,3849,589.12,130534.62,7.5,18711.8,Received
PO000430,SUP00195,PART00048,PLT0009,2026-01-03 09:36:12,2026-01-17 09:36:12,2026-01-16 09:36:12,2785,2785,4227.64,904332.18,12.5,186023.42,Received
PO000431,SUP00182,PART00937,PLT0012,2026-04-27 20:39:06,2026-05-27 20:39:06,2026-05-24 20:39:06,3983,3983,1254.16,185428.99,5,30796.7,Received
PO000432,SUP00028,PART00219,PLT0028,2026-01-01 01:15:42,2026-01-08 01:15:42,2026-01-18 01:15:42,459,422,2342.76,81520.06,7.5,12555.42,Received
PO000433,SUP00016,PART01492,PLT0018,2026-01-31 23:15:51,2026-02-21 23:15:51,2026-02-19 23:15:51,1813,1813,331.48,47030.01,10,3690.87,Received
PO000434,SUP00185,PART00855,PLT0020,2026-01-05 08:21:57,2026-03-06 08:21:57,2026-03-06 08:21:57,1033,1033,4803.13,177445.57,5,33763.3,Received
PO000435,SUP00081,PART01303,PLT0023,2026-05-13 09:33:05,2026-06-03 09:33:05,2026-05-31 09:33:05,1480,1480,4235.57,157754.91,5,74149.71,Received
PO000436,SUP00111,PART01815,PLT0018,2026-05-15 22:33:19,2026-05-25 22:33:19,2026-05-23 22:33:19,234,234,2245.17,25629.38,0,4324.91,Received
PO000437,SUP00156,PART00814,PLT0021,2026-03-15 06:55:41,2026-03-25 06:55:41,2026-03-22 06:55:41,3592,3592,2585.47,415551.41,0,126780.76,Received
PO000438,SUP00100,PART00090,PLT0021,2026-01-13 05:38:56,2026-02-27 05:38:56,2026-03-14 05:38:56,2350,2350,4838.64,717864.44,5,193634.73,Received
PO000439,SUP00196,PART00049,PLT0021,2026-02-22 19:26:12,2026-03-15 19:26:12,2026-03-19 19:26:12,1973,1973,4037.07,546577.69,0,144191.43,Received
PO000440,SUP00140,PART01710,PLT0027,2026-03-26 12:51:08,2026-05-10 12:51:08,2026-05-07 12:51:08,1946,1946,3483.4,437575.41,7.5,70908.7,Received
PO000441,SUP00109,PART01224,PLT0011,2026-03-30 14:18:50,2026-04-09 14:18:50,2026-04-18 14:18:50,1392,1392,1133.24,116905.13,18,20683.01,Received
PO000442,SUP00164,PART00656,PLT0023,2026-05-05 03:25:12,2026-05-12 03:25:12,2026-05-11 03:25:12,4803,4803,3346.35,772269.28,10,265352.46,Received
PO000443,SUP00096,PART00302,PLT0026,2026-05-11 14:48:47,2026-05-21 14:48:47,2026-05-18 14:48:47,4492,4492,2455.56,856874.7,0,154781.3,Received
PO000444,SUP00194,PART01812,PLT0004,2026-03-06 14:58:45,2026-03-27 14:58:45,2026-04-07 14:58:45,3872,3872,1510.87,306267.98,0,107326.39,Received
PO000445,SUP00162,PART00703,PLT0016,2026-06-28 07:34:55,2026-07-05 07:34:55,2026-07-16 07:34:55,1238,1238,520.61,33780.76,0,11450.76,In Transit
PO000446,SUP00092,PART01174,PLT0004,2026-02-09 23:09:25,2026-03-26 23:09:25,2026-04-02 23:09:25,719,719,4717.29,247065.19,18,44635.02,Received
PO000447,SUP00144,PART01064,PLT0003,2026-04-22 17:51:33,2026-05-22 17:51:33,2026-05-21 17:51:33,1907,1907,3283.69,421203.54,15,42292.4,Received
PO000448,SUP00194,PART01498,PLT0026,2026-06-04 17:53:01,2026-06-25 17:53:01,2026-06-22 17:53:01,4335,4335,2335.6,441118.25,10,164502.04,Received
PO000449,SUP00009,PART01408,PLT0024,2026-01-21 15:59:02,2026-01-28 15:59:02,2026-01-25 15:59:02,1325,1325,2173.19,212257.93,5,45331.68,Received
PO000450,SUP00156,PART01829,PLT0025,2026-04-08 23:11:31,2026-04-18 23:11:31,2026-04-15 23:11:31,1232,963,1323.87,62619.86,12.5,15564.49,Received
PO000451,SUP00094,PART00428,PLT0017,2026-05-04 22:27:14,2026-05-25 22:27:14,2026-05-24 22:27:14,242,242,436.5,3987.33,5,822.43,Received
PO000452,SUP00178,PART01589,PLT0021,2026-01-14 20:27:02,2026-03-15 20:27:02,2026-03-12 20:27:02,1024,1024,1926.4,81767.35,12.5,10175.88,Received
PO000453,SUP00188,PART01223,PLT0009,2026-03-08 15:17:10,2026-05-07 15:17:10,2026-05-06 15:17:10,2538,2538,1926.98,270852.68,15,71053.17,Received
PO000454,SUP00148,PART01215,PLT0001,2026-05-12 20:54:59,2026-06-11 20:54:59,2026-06-11 20:54:59,4145,4145,2527.02,228997.86,15,187678.11,Received
PO000455,SUP00115,PART00785,PLT0024,2026-04-15 16:00:09,2026-04-29 16:00:09,2026-04-26 16:00:09,4859,4859,2385.31,475932.68,15,230872.28,Received
PO000456,SUP00115,PART00778,PLT0001,2026-04-05 15:40:27,2026-04-19 15:40:27,2026-04-19 15:40:27,3940,3940,1828.56,183880.63,5,114293.9,Received
PO000457,SUP00032,PART01465,PLT0020,2026-01-19 06:05:52,2026-03-05 06:05:52,2026-03-03 06:05:52,2027,2027,1235.35,120587.17,10,24157.12,Received
PO000458,SUP00170,PART01591,PLT0022,2026-06-15 22:55:16,2026-06-29 22:55:16,2026-06-26 22:55:16,827,827,4413.37,101112.17,0,69467.99,Received
PO000459,SUP00035,PART00910,PLT0002,2026-04-08 11:49:40,2026-05-23 11:49:40,2026-05-21 11:49:40,4678,4678,3421.82,1208530.43,0,140833.03,Received
PO000460,SUP00120,PART00240,PLT0022,2026-04-11 08:09:56,2026-06-10 08:09:56,2026-06-07 08:09:56,2453,1034,4673.24,642724.22,12.5,76176.04,Received
PO000461,SUP00084,PART00317,PLT0026,2026-01-15 22:00:36,2026-01-22 22:00:36,2026-01-19 22:00:36,2090,2090,4208.86,585359.03,0,145907.31,Received
PO000462,SUP00036,PART00089,PLT0009,2026-02-05 11:20:24,2026-04-06 11:20:24,2026-04-03 11:20:24,1923,1923,1670.14,220016.44,0,20949.99,Received
PO000463,SUP00045,PART00285,PLT0004,2026-05-24 18:18:39,2026-06-14 18:18:39,2026-06-24 18:18:39,4660,4660,4066.72,943163.16,12.5,100592.67,Received
PO000464,SUP00131,PART01075,PLT0028,2026-05-15 17:23:55,2026-06-05 17:23:55,2026-06-05 17:23:55,3479,3479,4523.56,578102.13,18,244414.11,Received
PO000465,SUP00173,PART00137,PLT0002,2026-01-17 22:34:53,2026-01-27 22:34:53,2026-01-25 22:34:53,3938,3938,1819.74,538581.47,0,48838.39,Received
PO000466,SUP00165,PART00331,PLT0002,2026-04-21 18:21:10,2026-06-05 18:21:10,2026-06-04 18:21:10,3704,3704,3236.76,632479.14,18,107242.44,Received
PO000467,SUP00014,PART00136,PLT0025,2026-05-08 10:24:21,2026-05-18 10:24:21,2026-05-15 10:24:21,999,999,1376.4,46661.29,0,13069.8,Received
PO000468,SUP00123,PART01529,PLT0022,2026-03-17 20:50:22,2026-05-16 20:50:22,2026-05-16 20:50:22,4229,4229,2335.35,264337.89,7.5,136129.45,Received
PO000469,SUP00071,PART00018,PLT0009,2026-01-27 14:45:15,2026-03-28 14:45:15,2026-03-27 14:45:15,3985,3985,4169.3,520371.51,15,202269.06,Received
PO000470,SUP00019,PART00438,PLT0003,2026-02-03 11:31:33,2026-04-04 11:31:33,2026-04-04 11:31:33,1246,1246,671.9,59834.4,0,15000.54,Received
PO000471,SUP00093,PART00139,PLT0015,2026-04-10 16:32:44,2026-04-17 16:32:44,2026-04-19 16:32:44,4687,4687,340.83,92040.57,12.5,28109.99,Received
PO000472,SUP00001,PART00740,PLT0007,2026-02-20 23:11:29,2026-04-06 23:11:29,2026-04-03 23:11:29,401,332,807.89,7017.03,10,3518.78,Received
PO000473,SUP00113,PART01241,PLT0026,2026-02-13 15:16:33,2026-04-14 15:16:33,2026-04-13 15:16:33,3976,3976,2253.33,604104.14,12.5,131616.74,Received
PO000474,SUP00126,PART01547,PLT0020,2026-01-31 13:00:06,2026-02-21 13:00:06,2026-02-19 13:00:06,4122,4122,3474.08,658218.77,0,161241.35,Received
PO000475,SUP00127,PART01150,PLT0002,2026-05-17 19:05:18,2026-05-27 19:05:18,2026-05-30 19:05:18,377,377,1383.33,22736.01,15,7693.66,Received
PO000476,SUP00164,PART01878,PLT0010,2026-02-28 22:23:52,2026-03-07 22:23:52,2026-03-17 22:23:52,2729,2375,1437.41,189053.01,15,42331.37,Received
PO000477,SUP00091,PART01784,PLT0026,2026-05-14 16:25:02,2026-05-28 16:25:02,2026-05-27 16:25:02,3894,3894,1771.92,424240.74,10,89636.63,Received
PO000478,SUP00145,PART01262,PLT0020,2026-01-13 05:17:43,2026-03-14 05:17:43,2026-03-12 05:17:43,2272,1651,2961.36,226542.42,10,125200.31,Received
PO000479,SUP00044,PART01159,PLT0006,2026-03-09 16:11:21,2026-05-08 16:11:21,2026-05-12 16:11:21,2794,2794,3560.5,444601.2,7.5,138938.34,Received
PO000480,SUP00118,PART01371,PLT0021,2026-02-06 13:47:15,2026-02-16 13:47:15,2026-02-15 13:47:15,2466,2466,958.62,144576.72,18,31425.37,Received
PO000481,SUP00019,PART00418,PLT0025,2026-03-31 20:17:37,2026-05-30 20:17:37,2026-05-29 20:17:37,1010,1010,3563.05,261151.71,5,29098.96,Received
PO000482,SUP00083,PART01617,PLT0020,2026-03-07 12:16:04,2026-05-06 12:16:04,2026-05-03 12:16:04,3121,3121,1263.44,193455.57,7.5,74870.49,Received
PO000483,SUP00196,PART00940,PLT0017,2026-03-08 07:02:12,2026-03-29 07:02:12,2026-03-29 07:02:12,2118,2118,1896.5,171089.91,18,79363.73,Received
PO000484,SUP00065,PART00006,PLT0002,2026-02-06 16:28:07,2026-03-23 16:28:07,2026-03-28 16:28:07,4105,4105,4567.87,1489798.37,7.5,237516.07,Received
PO000485,SUP00162,PART00861,PLT0006,2026-02-21 14:15:26,2026-02-28 14:15:26,2026-02-25 14:15:26,4060,4060,4225.05,833362.73,12.5,166341.68,Received
PO000486,SUP00158,PART00286,PLT0005,2026-01-24 20:49:58,2026-01-31 20:49:58,2026-01-31 20:49:58,386,386,2624.31,37117.1,18,13197.5,Received
PO000487,SUP00181,PART00260,PLT0025,2026-01-19 14:52:57,2026-02-02 14:52:57,2026-02-13 14:52:57,3517,3517,4247.46,1097647.99,0,76900.09,Received
PO000488,SUP00160,PART00691,PLT0019,2026-05-20 17:26:54,2026-05-27 17:26:54,2026-05-24 17:26:54,2021,2021,986.18,113801.72,7.5,37704.44,Received
PO000489,SUP00154,PART00724,PLT0026,2026-02-15 21:31:41,2026-02-25 21:31:41,2026-02-23 21:31:41,1851,1851,2413.79,348426.61,12.5,35953.92,Received
PO000490,SUP00145,PART01262,PLT0000,2026-02-01 03:29:54,2026-04-02 03:29:54,2026-03-31 03:29:54,4033,4033,2961.36,415282.68,12.5,99302.67,Received
PO000491,SUP00038,PART00941,PLT0019,2026-02-02 03:57:00,2026-04-03 03:57:00,2026-04-18 03:57:00,1855,1855,2829.63,105977.11,7.5,60509.52,Received
PO000492,SUP00190,PART01763,PLT0019,2026-03-17 02:10:04,2026-05-16 02:10:04,2026-05-15 02:10:04,872,872,829.74,32205.97,15,8420.42,Received
PO000493,SUP00109,PART01513,PLT0028,2026-03-16 15:47:08,2026-03-26 15:47:08,2026-04-08 15:47:08,3164,3164,2269.79,473292.53,5,130899.99,Received
PO000494,SUP00016,PART01006,PLT0013,2026-06-03 07:44:44,2026-06-24 07:44:44,2026-06-30 07:44:44,2688,2688,799.31,108401.76,12.5,37757.0,Received
PO000495,SUP00199,PART01242,PLT0006,2026-03-14 10:07:28,2026-03-28 10:07:28,2026-03-28 10:07:28,4973,4973,169.13,51303.32,0,14147.91,Received
PO000496,SUP00184,PART00424,PLT0006,2026-03-03 00:19:58,2026-03-17 00:19:58,2026-03-15 00:19:58,2087,2087,1126.45,173748.42,12.5,32927.98,Received
PO000497,SUP00156,PART00961,PLT0000,2026-05-14 07:17:07,2026-05-24 07:17:07,2026-05-28 07:17:07,579,579,2465.06,97062.96,12.5,19374.97,Received
PO000498,SUP00123,PART00736,PLT0012,2026-01-04 23:30:34,2026-03-05 23:30:34,2026-03-02 23:30:34,3524,3524,897.7,111657.27,5,28587.95,Received
PO000499,SUP00191,PART01866,PLT0008,2026-04-03 22:06:53,2026-06-02 22:06:53,2026-06-01 22:06:53,4846,4846,2891.49,783928.72,5,247854.64,Received
PO000500,SUP00107,PART00781,PLT0011,2026-01-10 07:35:46,2026-01-31 07:35:46,2026-01-31 07:35:46,1350,1350,2367.57,197266.73,0,27985.67,Received
PO000501,SUP00131,PART01075,PLT0029,2026-02-19 13:03:48,2026-03-12 13:03:48,2026-03-10 13:03:48,1210,669,4523.56,410281.94,5,60985.63,Received
PO000502,SUP00084,PART00341,PLT0016,2026-01-13 23:12:44,2026-01-20 23:12:44,2026-01-20 23:12:44,477,477,2582.39,82513.41,0,11484.87,Received
PO000503,SUP00157,PART00963,PLT0013,2026-02-02 14:35:34,2026-03-19 14:35:34,2026-03-18 14:35:34,4986,4986,3688.65,442188.1,0,166180.36,Received
PO000504,SUP00136,PART01603,PLT0005,2026-04-14 16:24:10,2026-04-28 16:24:10,2026-04-25 16:24:10,4583,4583,3573.49,1038198.45,0,212984.56,Received
PO000505,SUP00116,PART00382,PLT0007,2026-06-02 19:15:31,2026-06-23 19:15:31,2026-06-22 19:15:31,2280,2280,4647.52,225098.99,18,195211.95,Received
PO000506,SUP00113,PART00806,PLT0004,2026-02-02 10:16:56,2026-04-03 10:16:56,2026-04-02 10:16:56,1133,1133,2700.64,172996.84,10,41638.0,Received
PO000507,SUP00192,PART00571,PLT0014,2026-02-17 17:27:33,2026-04-18 17:27:33,2026-04-18 17:27:33,2083,2083,4980.71,584731.49,0,62312.31,Received
PO000508,SUP00128,PART00772,PLT0004,2026-01-01 02:40:19,2026-01-22 02:40:19,2026-01-19 02:40:19,3285,3285,2394.21,500008.99,18,94374.28,Received
PO000509,SUP00032,PART01325,PLT0016,2026-03-10 17:27:32,2026-04-24 17:27:32,2026-04-21 17:27:32,2109,2109,588.63,55194.43,18,22182.82,Received
PO000510,SUP00106,PART00258,PLT0025,2026-01-08 01:42:50,2026-01-18 01:42:50,2026-01-16 01:42:50,2494,2494,3930.09,727771.24,12.5,104281.3,Received
PO000511,SUP00067,PART00765,PLT0000,2026-03-03 01:53:12,2026-04-17 01:53:12,2026-04-17 01:53:12,1815,1815,1178.13,124678.68,0,25123.18,Received
PO000512,SUP00010,PART01209,PLT0025,2026-01-28 03:43:31,2026-03-29 03:43:31,2026-03-27 03:43:31,3296,3296,3874.59,267962.47,5,236958.81,Received
PO000513,SUP00025,PART00517,PLT0015,2026-03-19 12:35:22,2026-04-18 12:35:22,2026-04-15 12:35:22,3093,2025,4625.02,642989.56,0,124176.03,Received
PO000514,SUP00035,PART00298,PLT0028,2026-05-05 06:43:21,2026-06-19 06:43:21,2026-06-24 06:43:21,3114,3114,1661.99,247931.19,12.5,94739.98,Received
PO000515,SUP00050,PART01786,PLT0013,2026-01-16 04:04:54,2026-02-15 04:04:54,2026-02-13 04:04:54,4248,4248,4505.48,429322.07,15,115148.31,Received
PO000516,SUP00131,PART00678,PLT0006,2026-03-02 06:17:50,2026-03-23 06:17:50,2026-03-26 06:17:50,140,67,2066.21,18127.44,7.5,1706.2,Received
PO000517,SUP00070,PART01043,PLT0006,2026-05-03 11:09:22,2026-06-17 11:09:22,2026-06-17 11:09:22,3722,3722,1263.99,319490.56,15,48004.9,Received
PO000518,SUP00080,PART00668,PLT0009,2026-03-13 10:51:10,2026-03-27 10:51:10,2026-03-27 10:51:10,3641,3641,2258.37,378282.28,18,45573.13,Received
PO000519,SUP00049,PART01596,PLT0017,2026-05-22 11:49:20,2026-05-29 11:49:20,2026-05-29 11:49:20,1306,793,1908.87,148674.04,15,39817.31,Received
PO000520,SUP00034,PART01300,PLT0008,2026-01-28 22:51:45,2026-02-27 22:51:45,2026-02-26 22:51:45,813,813,3152.63,93669.57,5,14426.02,Received
PO000521,SUP00183,PART00620,PLT0000,2026-01-26 19:33:17,2026-02-25 19:33:17,2026-02-24 19:33:17,3470,3470,2287.94,579478.66,12.5,104843.16,Received
PO000522,SUP00095,PART00522,PLT0029,2026-02-10 21:32:29,2026-03-03 21:32:29,2026-03-03 21:32:29,1388,757,3730.02,253478.38,0,42901.0,Received
PO000523,SUP00020,PART01874,PLT0005,2026-04-06 19:47:38,2026-06-05 19:47:38,2026-06-02 19:47:38,2857,2857,155.78,35056.53,15,8605.31,Received
PO000524,SUP00034,PART00528,PLT0018,2026-04-19 11:07:05,2026-05-19 11:07:05,2026-05-17 11:07:05,2724,2724,1559.06,255089.29,18,64718.29,Received
PO000525,SUP00092,PART01651,PLT0019,2026-02-17 15:09:53,2026-04-03 15:09:53,2026-04-03 15:09:53,3604,3604,2391.24,342042.83,18,81944.82,Received
PO000526,SUP00154,PART01992,PLT0023,2026-03-20 14:04:51,2026-03-30 14:04:51,2026-03-28 14:04:51,2160,2160,2810.39,175304.17,5,107248.47,Received
PO000527,SUP00007,PART00448,PLT0028,2026-02-18 07:12:11,2026-03-04 07:12:11,2026-03-03 07:12:11,857,857,1304.53,56291.1,12.5,18041.83,Received
PO000528,SUP00109,PART00858,PLT0018,2026-03-06 07:33:54,2026-03-16 07:33:54,2026-03-15 07:33:54,1380,1380,3374.09,358109.4,0,77407.69,Received
PO000529,SUP00160,PART01896,PLT0028,2026-01-12 01:11:14,2026-01-19 01:11:14,2026-01-16 01:11:14,1311,1311,761.93,78614.18,10,19042.75,Received
PO000530,SUP00114,PART00242,PLT0009,2026-02-15 18:21:33,2026-03-01 18:21:33,2026-02-26 18:21:33,3296,3296,1875.43,273954.61,5,57468.72,Received
PO000531,SUP00089,PART01250,PLT0025,2026-02-02 00:27:49,2026-02-23 00:27:49,2026-02-21 00:27:49,4911,4911,1728.99,212044.96,0,52938.88,Received
PO000532,SUP00026,PART01510,PLT0000,2026-01-30 03:15:58,2026-03-31 03:15:58,2026-03-28 03:15:58,806,674,3055.64,152309.8,0,48955.36,Received
PO000533,SUP00106,PART00004,PLT0015,2026-02-04 11:33:01,2026-02-14 11:33:01,2026-02-12 11:33:01,3054,3054,4548.59,1043035.5,10,208244.13,Received
PO000534,SUP00195,PART00179,PLT0001,2026-02-02 01:59:17,2026-02-16 01:59:17,2026-02-22 01:59:17,868,868,4412.87,210562.44,0,54450.45,Received
PO000535,SUP00121,PART01682,PLT0029,2026-02-07 07:56:28,2026-02-14 07:56:28,2026-02-11 07:56:28,4067,4067,1744.93,394588.32,18,43113.8,Received
PO000536,SUP00178,PART01254,PLT0009,2026-01-27 21:59:50,2026-03-28 21:59:50,2026-03-26 21:59:50,1339,1339,4507.54,374186.22,0,75120.43,Received
PO000537,SUP00140,PART00458,PLT0022,2026-02-25 02:07:26,2026-04-11 02:07:26,2026-04-09 02:07:26,1383,1383,3238.16,307289.31,10,86323.23,Received
PO000538,SUP00075,PART00627,PLT0009,2026-05-07 21:28:53,2026-07-06 21:28:53,2026-07-03 21:28:53,3474,3474,1371.61,162521.35,7.5,71445.2,Received
PO000539,SUP00001,PART00431,PLT0007,2026-03-31 13:45:07,2026-05-15 13:45:07,2026-05-14 13:45:07,351,351,3803.61,73777.12,0,9632.78,Received
PO000540,SUP00182,PART00919,PLT0004,2026-01-29 23:54:48,2026-02-28 23:54:48,2026-02-26 23:54:48,2775,2775,2514.11,382015.26,15,80440.99,Received
PO000541,SUP00112,PART00251,PLT0029,2026-05-06 02:42:25,2026-06-05 02:42:25,2026-06-03 02:42:25,1768,1345,1227.45,90825.56,12.5,17083.99,Received
PO000542,SUP00090,PART00135,PLT0001,2026-01-07 02:14:20,2026-01-28 02:14:20,2026-02-10 02:14:20,2115,2115,1760.98,256061.7,15,55401.31,Received
PO000543,SUP00156,PART00814,PLT0025,2026-05-18 16:50:23,2026-05-28 16:50:23,2026-06-05 16:50:23,1138,1138,2585.47,190414.19,12.5,43769.34,Received
PO000544,SUP00097,PART01962,PLT0029,2026-05-26 22:18:34,2026-06-05 22:18:34,2026-06-04 22:18:34,110,53,4603.37,17741.22,0,6230.09,Received
PO000545,SUP00145,PART00685,PLT0004,2026-01-09 03:51:10,2026-03-10 03:51:10,2026-03-14 03:51:10,4250,4250,3468.82,1141418.57,5,233104.72,Received
PO000546,SUP00185,PART00855,PLT0001,2026-01-02 18:59:32,2026-03-03 18:59:32,2026-03-01 18:59:32,3105,3105,4803.13,391870.41,18,119693.01,Received
PO000547,SUP00096,PART00302,PLT0010,2026-05-13 02:41:14,2026-05-23 02:41:14,2026-05-21 02:41:14,4398,4398,2455.56,558597.26,5,124454.75,Received
PO000548,SUP00139,PART01945,PLT0023,2026-06-05 09:34:21,2026-06-19 09:34:21,2026-06-17 09:34:21,4463,2905,3750.97,620558.87,0,185988.58,Received
PO000549,SUP00027,PART01284,PLT0025,2026-01-13 04:39:43,2026-01-20 04:39:43,2026-01-17 04:39:43,3847,2826,4677.82,609270.99,10,315319.03,Received
PO000550,SUP00047,PART00456,PLT0014,2026-02-21 09:35:37,2026-03-07 09:35:37,2026-03-07 09:35:37,1929,1929,868.17,91729.72,12.5,15039.62,Received
PO000551,SUP00115,PART01086,PLT0007,2026-01-08 20:56:57,2026-01-22 20:56:57,2026-01-19 20:56:57,2007,2007,2672.03,245618.06,0,91359.34,Received
PO000552,SUP00020,PART00560,PLT0017,2026-04-17 03:05:19,2026-06-16 03:05:19,2026-06-17 03:05:19,4160,3340,4312.66,1184205.12,7.5,296622.23,Received
PO000553,SUP00105,PART01358,PLT0001,2026-04-07 10:29:22,2026-04-28 10:29:22,2026-05-02 10:29:22,4425,4425,2569.51,423574.53,0,202711.6,Received
PO000554,SUP00009,PART01895,PLT0012,2026-04-19 21:18:22,2026-04-26 21:18:22,2026-04-25 21:18:22,4515,4515,2387.38,224771.48,12.5,66777.69,Received
PO000555,SUP00110,PART01324,PLT0007,2026-04-04 04:19:50,2026-04-18 04:19:50,2026-04-17 04:19:50,2165,2165,452.79,36799.12,7.5,11012.22,Received
PO000556,SUP00108,PART01855,PLT0013,2026-02-09 15:08:37,2026-04-10 15:08:37,2026-04-08 15:08:37,849,849,1677.55,53162.19,18,21895.36,Received
PO000557,SUP00050,PART01308,PLT0002,2026-01-15 19:14:16,2026-02-14 19:14:16,2026-02-28 19:14:16,1044,419,4534.69,162729.62,7.5,92209.07,Received
PO000558,SUP00019,PART00232,PLT0024,2026-03-29 15:10:16,2026-05-28 15:10:16,2026-05-25 15:10:16,4234,4234,2236.51,568919.63,7.5,158919.5,Received
PO000559,SUP00196,PART00729,PLT0025,2026-01-18 20:53:28,2026-02-08 20:53:28,2026-02-05 20:53:28,1600,1600,2130.32,119354.35,0,63615.78,Received
PO000560,SUP00111,PART01270,PLT0025,2026-06-04 01:05:30,2026-06-14 01:05:30,2026-06-14 01:05:30,1379,1379,3733.44,152498.02,18,40737.12,Received
PO000561,SUP00104,PART01893,PLT0024,2026-05-03 15:19:50,2026-05-13 15:19:50,2026-05-11 15:19:50,3238,3238,3514.77,522881.7,18,189353.4,Received
PO000562,SUP00097,PART00824,PLT0006,2026-02-02 12:42:49,2026-02-12 12:42:49,2026-02-09 12:42:49,4853,4853,965.0,112461.2,5,82037.78,Received
PO000563,SUP00096,PART01912,PLT0029,2026-06-01 14:37:51,2026-06-11 14:37:51,2026-06-08 14:37:51,3222,3222,777.04,105483.26,0,13884.32,Received
PO000564,SUP00166,PART00385,PLT0000,2026-04-21 20:46:11,2026-05-12 20:46:11,2026-05-10 20:46:11,2824,2824,1255.69,249115.38,10,63581.37,Received
PO000565,SUP00131,PART00174,PLT0004,2026-06-13 16:46:08,2026-07-04 16:46:08,2026-07-04 16:46:08,4906,4906,953.22,232238.25,18,74302.79,Received
PO000566,SUP00157,PART00697,PLT0003,2026-05-02 08:27:43,2026-06-16 08:27:43,2026-06-29 08:27:43,2647,2647,2513.33,347440.95,12.5,62547.95,Received
PO000567,SUP00094,PART01758,PLT0003,2026-01-11 15:54:47,2026-02-01 15:54:47,2026-02-12 15:54:47,1171,1171,269.06,21721.38,0,2901.79,Received
PO000568,SUP00055,PART01740,PLT0013,2026-01-15 10:42:58,2026-01-25 10:42:58,2026-01-31 10:42:58,665,665,944.43,40394.47,12.5,3354.38,Received
PO000569,SUP00041,PART00583,PLT0010,2026-02-05 21:07:09,2026-02-15 21:07:09,2026-02-14 21:07:09,4350,4350,1792.82,554447.05,10,52256.52,Received
PO000570,SUP00030,PART01996,PLT0008,2026-05-30 03:08:01,2026-06-29 03:08:01,2026-06-29 03:08:01,1546,1546,238.73,20274.74,0,3127.11,Received
PO000571,SUP00004,PART00566,PLT0009,2026-05-28 16:48:47,2026-06-27 16:48:47,2026-06-27 16:48:47,4546,3994,3785.45,907995.4,18,255866.82,Received
PO000572,SUP00088,PART00205,PLT0028,2026-03-20 09:08:39,2026-04-19 09:08:39,2026-04-19 09:08:39,2605,1644,1441.71,223363.24,7.5,60527.69,Received
PO000573,SUP00161,PART00280,PLT0002,2026-01-19 07:32:22,2026-02-18 07:32:22,2026-02-28 07:32:22,82,82,3822.87,15240.74,15,5373.75,Received
PO000574,SUP00042,PART00831,PLT0017,2026-01-21 18:08:52,2026-01-31 18:08:52,2026-01-30 18:08:52,721,721,3166.38,71017.75,0,33017.5,Received
PO000575,SUP00182,PART00034,PLT0015,2026-02-12 09:54:03,2026-03-14 09:54:03,2026-03-13 09:54:03,1437,1437,2134.24,212630.03,18,26310.34,Received
PO000576,SUP00179,PART00835,PLT0000,2026-05-13 07:36:22,2026-06-12 07:36:22,2026-06-10 07:36:22,4774,4774,303.58,96487.61,5,17956.41,Received
PO000577,SUP00042,PART00487,PLT0001,2026-03-25 10:39:17,2026-04-04 10:39:17,2026-04-01 10:39:17,1626,1626,1932.76,118046.08,0,34782.45,Received
PO000578,SUP00010,PART01209,PLT0013,2026-04-23 07:13:15,2026-06-22 07:13:15,2026-06-21 07:13:15,1071,1071,3874.59,146483.73,15,20838.85,Received
PO000579,SUP00133,PART00234,PLT0012,2026-04-25 17:02:08,2026-06-09 17:02:08,2026-06-07 17:02:08,1100,1100,753.51,57080.98,0,16169.1,Received
PO000580,SUP00146,PART00509,PLT0004,2026-05-19 01:49:04,2026-06-09 01:49:04,2026-06-08 01:49:04,431,431,2858.24,75200.3,0,23995.34,Received
PO000581,SUP00004,PART00566,PLT0003,2026-04-22 13:42:44,2026-05-22 13:42:44,2026-05-21 13:42:44,957,957,3785.45,75444.38,0,36662.76,Received
PO000582,SUP00163,PART00915,PLT0004,2026-01-29 13:00:41,2026-02-05 13:00:41,2026-02-05 13:00:41,3070,3070,3729.32,511400.03,18,174079.0,Received
PO000583,SUP00109,PART00908,PLT0021,2026-02-09 03:17:10,2026-02-19 03:17:10,2026-02-22 03:17:10,1743,1743,2089.58,113926.23,5,44975.67,Received
PO000584,SUP00025,PART01943,PLT0008,2026-03-26 22:40:06,2026-04-25 22:40:06,2026-04-25 22:40:06,3599,3599,3172.37,270411.9,0,185245.12,Received
PO000585,SUP00167,PART01073,PLT0009,2026-02-09 13:57:45,2026-02-23 13:57:45,2026-02-21 13:57:45,1202,1202,98.73,3634.21,0,1435.77,Received
PO000586,SUP00088,PART01561,PLT0016,2026-01-13 16:17:48,2026-02-12 16:17:48,2026-02-10 16:17:48,2533,2533,47.63,5665.64,7.5,2122.42,Received
PO000587,SUP00088,PART01973,PLT0012,2026-02-22 08:36:40,2026-03-24 08:36:40,2026-03-23 08:36:40,3639,1489,590.45,73194.23,15,23138.19,Received
PO000588,SUP00176,PART01942,PLT0017,2026-04-09 23:21:48,2026-06-08 23:21:48,2026-06-07 23:21:48,949,949,1910.91,76618.5,7.5,27834.01,Received
PO000589,SUP00148,PART00556,PLT0027,2026-05-08 19:52:17,2026-06-07 19:52:17,2026-06-05 19:52:17,3357,3357,273.12,49537.56,0,7901.89,Received
PO000590,SUP00169,PART00579,PLT0008,2026-02-17 10:29:36,2026-04-18 10:29:36,2026-04-17 10:29:36,4121,1656,1509.08,482073.73,10,102782.54,Received
PO000591,SUP00098,PART01576,PLT0017,2026-03-23 12:03:56,2026-05-22 12:03:56,2026-05-22 12:03:56,3990,3990,999.0,105661.05,7.5,63031.62,Received
PO000592,SUP00019,PART00870,PLT0008,2026-02-22 19:20:22,2026-04-23 19:20:22,2026-04-20 19:20:22,4978,4978,2847.48,587022.7,12.5,171200.1,Received
PO000593,SUP00152,PART00401,PLT0028,2026-02-17 13:14:32,2026-03-10 13:14:32,2026-03-08 13:14:32,2973,2973,568.15,58223.67,10,20940.33,Received
PO000594,SUP00050,PART00882,PLT0017,2026-01-04 04:34:32,2026-02-03 04:34:32,2026-02-03 04:34:32,4679,2466,3811.35,1283874.91,5,214111.02,Received
PO000595,SUP00188,PART01095,PLT0023,2026-01-15 02:21:32,2026-03-16 02:21:32,2026-03-13 02:21:32,1161,1161,2133.93,81440.2,10,15986.87,Received
PO000596,SUP00165,PART00525,PLT0000,2026-04-25 01:56:48,2026-06-09 01:56:48,2026-06-07 01:56:48,4872,4341,1350.75,168528.94,5,93294.2,Received
PO000597,SUP00167,PART00191,PLT0025,2026-02-18 14:33:36,2026-03-04 14:33:36,2026-03-03 14:33:36,411,411,2986.56,44956.18,0,18239.63,Received
PO000598,SUP00063,PART01425,PLT0023,2026-01-02 05:37:26,2026-02-01 05:37:26,2026-02-09 05:37:26,1822,1822,3573.18,476869.57,0,41214.66,Received
PO000599,SUP00091,PART01193,PLT0007,2026-04-22 18:50:20,2026-05-06 18:50:20,2026-05-03 18:50:20,2908,2368,2307.91,358235.94,0,36265.0,Received
PO000600,SUP00184,PART00199,PLT0020,2026-04-22 00:20:05,2026-05-06 00:20:05,2026-05-04 00:20:05,1627,1627,2733.63,130836.63,0,71102.27,Received
PO000601,SUP00152,PART00401,PLT0026,2026-02-10 14:20:28,2026-03-03 14:20:28,2026-03-01 14:20:28,3825,3825,568.15,102069.67,0,11892.4,Received
PO000602,SUP00174,PART01486,PLT0029,2026-05-21 14:22:22,2026-07-05 14:22:22,2026-07-03 14:22:22,3587,3587,3717.01,317271.09,0,161407.61,Received
PO000603,SUP00060,PART00015,PLT0005,2026-03-14 17:27:45,2026-05-13 17:27:45,2026-05-12 17:27:45,3493,3493,4979.66,1145653.61,5,106071.72,Received
PO000604,SUP00183,PART00850,PLT0003,2026-03-26 09:28:07,2026-04-25 09:28:07,2026-04-24 09:28:07,2230,2230,250.18,35049.23,18,10739.32,Received
PO000605,SUP00102,PART01908,PLT0018,2026-04-24 17:11:21,2026-05-15 17:11:21,2026-05-30 17:11:21,3761,3761,202.77,60882.13,18,11368.92,Received
PO000606,SUP00019,PART00441,PLT0014,2026-03-24 12:06:49,2026-05-23 12:06:49,2026-05-20 12:06:49,2337,2337,1593.7,209974.38,0,29587.41,Received
PO000607,SUP00120,PART00605,PLT0012,2026-04-14 23:22:02,2026-06-13 23:22:02,2026-06-13 23:22:02,4812,4812,3218.78,955208.78,0,130819.19,Received
PO000608,SUP00040,PART01434,PLT0017,2026-06-16 10:43:43,2026-06-23 10:43:43,2026-06-20 10:43:43,3282,2360,2279.88,480805.28,0,43342.58,Received
PO000609,SUP00152,PART00368,PLT0017,2026-02-15 00:16:05,2026-03-08 00:16:05,2026-03-07 00:16:05,465,465,2852.52,74828.87,0,11436.97,Received
PO000610,SUP00192,PART01131,PLT0002,2026-03-07 20:22:34,2026-05-06 20:22:34,2026-05-06 20:22:34,2177,2177,2478.95,285669.96,0,30546.68,Received
PO000611,SUP00077,PART01004,PLT0027,2026-02-09 20:46:08,2026-03-26 20:46:08,2026-03-25 20:46:08,782,782,2782.97,125115.36,0,24661.28,Received
PO000612,SUP00090,PART01298,PLT0017,2026-01-16 13:33:29,2026-02-06 13:33:29,2026-02-04 13:33:29,3825,3825,3493.92,488846.35,10,72827.14,Received
PO000613,SUP00095,PART01567,PLT0000,2026-06-01 11:17:06,2026-06-22 11:17:06,2026-06-22 11:17:06,298,298,2252.61,20068.14,0,4188.43,Received
PO000614,SUP00030,PART00389,PLT0015,2026-06-06 09:18:41,2026-07-06 09:18:41,2026-07-04 09:18:41,518,518,51.39,1727.86,0,420.29,Received
PO000615,SUP00192,PART00723,PLT0010,2026-03-15 14:28:40,2026-05-14 14:28:40,2026-05-12 14:28:40,2443,2443,4389.37,269179.11,0,150181.25,Received
PO000616,SUP00085,PART01180,PLT0017,2026-04-03 13:56:53,2026-05-18 13:56:53,2026-05-18 13:56:53,1283,1283,2375.69,200539.93,18,43662.21,Received
PO000617,SUP00173,PART00086,PLT0010,2026-03-15 16:20:35,2026-03-25 16:20:35,2026-03-22 16:20:35,3878,3878,1940.15,420982.61,0,112336.04,Received
PO000618,SUP00143,PART01814,PLT0007,2026-03-15 09:07:18,2026-04-29 09:07:18,2026-04-27 09:07:18,776,776,4458.48,176287.72,18,25081.26,Received
PO000619,SUP00117,PART00773,PLT0018,2026-01-24 20:57:10,2026-03-10 20:57:10,2026-03-09 20:57:10,2257,2257,4302.7,771457.75,10,144889.64,Received
PO000620,SUP00051,PART00749,PLT0009,2026-06-09 12:49:55,2026-06-16 12:49:55,2026-06-13 12:49:55,393,393,3349.96,29441.08,15,7630.04,Received
PO000621,SUP00030,PART00425,PLT0007,2026-03-21 15:35:36,2026-04-20 15:35:36,2026-04-17 15:35:36,2958,2958,4130.85,256840.39,18,94960.34,Received
PO000622,SUP00154,PART00132,PLT0001,2026-02-22 00:05:17,2026-03-04 00:05:17,2026-03-19 00:05:17,1052,567,3636.77,197853.76,18,71653.12,Received
PO000623,SUP00153,PART01512,PLT0000,2026-02-20 19:10:50,2026-04-06 19:10:50,2026-04-04 19:10:50,1503,1503,3088.42,224753.63,5,59114.31,Received
PO000624,SUP00003,PART00774,PLT0022,2026-05-29 07:48:43,2026-06-08 07:48:43,2026-06-08 07:48:43,3324,3324,2303.05,224237.53,0,54525.26,Received
PO000625,SUP00032,PART00819,PLT0019,2026-05-12 15:15:25,2026-06-26 15:15:25,2026-06-25 15:15:25,4323,4323,4861.8,1264620.59,7.5,233602.17,Received
PO000626,SUP00181,PART00324,PLT0000,2026-02-17 03:08:22,2026-03-03 03:08:22,2026-03-16 03:08:22,1119,1119,4765.26,338675.82,18,61126.24,Received
PO000627,SUP00146,PART00213,PLT0009,2026-06-01 03:07:00,2026-06-22 03:07:00,2026-06-19 03:07:00,384,384,4540.15,65373.83,12.5,12814.26,Received
PO000628,SUP00077,PART01937,PLT0024,2026-03-14 13:24:17,2026-04-28 13:24:17,2026-04-28 13:24:17,1578,1578,1854.43,98746.92,10,29552.49,Received
PO000629,SUP00165,PART01399,PLT0005,2026-02-27 01:21:41,2026-04-13 01:21:41,2026-04-13 01:21:41,743,743,3664.1,104714.77,7.5,48857.38,Received
PO000630,SUP00042,PART01050,PLT0018,2026-06-08 04:52:45,2026-06-18 04:52:45,2026-06-18 04:52:45,1900,1900,3778.64,302269.98,18,111001.62,Received
PO000631,SUP00055,PART01062,PLT0005,2026-06-11 06:01:02,2026-06-21 06:01:02,2026-06-27 06:01:02,1149,1149,289.13,23223.23,0,5018.09,Received
PO000632,SUP00023,PART00696,PLT0001,2026-02-26 06:04:55,2026-03-12 06:04:55,2026-03-12 06:04:55,2436,2436,673.74,123074.5,5,32079.46,Received
PO000633,SUP00054,PART01687,PLT0011,2026-02-07 17:38:18,2026-03-24 17:38:18,2026-03-29 17:38:18,4859,4859,3314.9,1007220.13,12.5,256533.99,Received
PO000634,SUP00066,PART01652,PLT0004,2026-01-20 20:10:23,2026-03-06 20:10:23,2026-03-03 20:10:23,4360,4360,3488.87,1106114.32,0,200269.22,Received
PO000635,SUP00199,PART01242,PLT0006,2026-02-16 19:35:25,2026-03-02 19:35:25,2026-03-01 19:35:25,4085,4085,169.13,30606.47,10,13812.15,Received
PO000636,SUP00118,PART00080,PLT0028,2026-03-20 23:06:43,2026-03-30 23:06:43,2026-04-11 23:06:43,679,614,3076.97,118487.33,18,26011.31,Received
PO000637,SUP00053,PART01969,PLT0010,2026-03-17 14:27:32,2026-05-01 14:27:32,2026-04-28 14:27:32,4576,4576,4223.89,994808.89,0,99736.7,Received
PO000638,SUP00054,PART00378,PLT0006,2026-01-06 03:49:18,2026-02-20 03:49:18,2026-02-21 03:49:18,4851,4851,1093.06,353767.69,0,70236.61,Received
PO000639,SUP00173,PART01715,PLT0019,2026-04-12 17:24:35,2026-04-22 17:24:35,2026-04-26 17:24:35,3140,3140,1885.9,344703.71,15,53048.64,Received
PO000640,SUP00107,PART00580,PLT0026,2026-04-26 17:53:50,2026-05-17 17:53:50,2026-05-14 17:53:50,75,58,3115.87,10166.85,10,1637.91,Received
PO000641,SUP00134,PART00118,PLT0002,2026-03-02 10:25:36,2026-03-12 10:25:36,2026-03-12 10:25:36,4358,4358,940.63,223416.91,0,53652.99,Received
PO000642,SUP00099,PART00462,PLT0007,2026-03-19 02:09:50,2026-05-18 02:09:50,2026-05-16 02:09:50,266,266,4563.82,79383.44,12.5,9615.41,Received
PO000643,SUP00025,PART01669,PLT0023,2026-01-31 14:49:59,2026-03-02 14:49:59,2026-03-12 14:49:59,4981,4981,2392.1,290847.48,15,108728.35,Received
PO000644,SUP00160,PART00691,PLT0013,2026-01-15 21:39:21,2026-01-22 21:39:21,2026-01-22 21:39:21,2458,2458,986.18,126452.7,0,42284.17,Received
PO000645,SUP00136,PART01291,PLT0000,2026-06-01 01:49:43,2026-06-15 01:49:43,2026-06-14 01:49:43,4083,2595,4516.27,1437895.49,0,235848.35,Received
PO000646,SUP00015,PART00196,PLT0003,2026-05-25 22:12:36,2026-06-01 22:12:36,2026-06-01 22:12:36,395,348,4364.72,40210.78,5,17964.46,Received
PO000647,SUP00156,PART00814,PLT0028,2026-04-28 22:49:00,2026-05-08 22:49:00,2026-05-08 22:49:00,3214,3214,2585.47,393362.32,10,158753.83,Received
PO000648,SUP00071,PART00435,PLT0003,2026-02-04 01:55:38,2026-04-05 01:55:38,2026-04-03 01:55:38,2839,2839,4862.93,953209.76,18,182987.97,Received
PO000649,SUP00140,PART00893,PLT0018,2026-01-22 02:55:19,2026-03-08 02:55:19,2026-03-05 02:55:19,3527,3527,2734.39,565622.85,0,138082.48,Received
PO000650,SUP00068,PART01074,PLT0026,2026-02-21 05:19:05,2026-03-23 05:19:05,2026-03-23 05:19:05,998,998,4664.8,343488.19,0,78710.83,Received
PO000651,SUP00047,PART00916,PLT0024,2026-02-07 16:25:40,2026-02-21 16:25:40,2026-02-20 16:25:40,3956,3568,3896.64,989642.02,18,108636.88,Received
PO000652,SUP00039,PART00094,PLT0006,2026-02-15 09:20:31,2026-03-01 09:20:31,2026-03-01 09:20:31,487,487,964.07,19828.84,0,6613.05,Received
PO000653,SUP00046,PART00097,PLT0016,2026-03-13 12:08:09,2026-03-23 12:08:09,2026-04-02 12:08:09,581,581,2988.25,64491.66,0,33029.7,Received
PO000654,SUP00007,PART01463,PLT0014,2026-02-19 13:31:23,2026-03-05 13:31:23,2026-03-04 13:31:23,3350,3350,2767.84,578308.31,12.5,152987.05,Received
PO000655,SUP00173,PART01172,PLT0025,2026-03-14 23:40:18,2026-03-24 23:40:18,2026-04-04 23:40:18,2478,2478,422.53,61256.41,15,6643.21,Received
PO000656,SUP00051,PART01069,PLT0009,2026-01-29 04:35:33,2026-02-05 04:35:33,2026-02-03 04:35:33,4795,4795,2205.67,815594.44,5,76190.62,Received
PO000657,SUP00073,PART01157,PLT0003,2026-02-27 04:02:18,2026-04-13 04:02:18,2026-04-11 04:02:18,4715,4715,1137.78,421076.59,5,103533.8,Received
PO000658,SUP00077,PART01823,PLT0006,2026-01-22 00:58:13,2026-03-08 00:58:13,2026-03-07 00:58:13,2461,2461,3540.23,580044.91,12.5,96388.05,Received
PO000659,SUP00120,PART01146,PLT0001,2026-03-21 04:34:29,2026-05-20 04:34:29,2026-05-20 04:34:29,4620,4620,2509.74,508784.22,0,137490.28,Received
PO000660,SUP00185,PART00855,PLT0028,2026-01-06 22:14:06,2026-03-07 22:14:06,2026-03-06 22:14:06,1818,1818,4803.13,668719.99,5,111769.94,Received
PO000661,SUP00095,PART00451,PLT0010,2026-05-11 03:06:33,2026-06-01 03:06:33,2026-05-30 03:06:33,2048,1405,657.92,80084.66,18,22037.3,Received
PO000662,SUP00035,PART01712,PLT0026,2026-02-25 06:48:17,2026-04-11 06:48:17,2026-04-26 06:48:17,2873,2551,2290.37,178115.83,0,121956.25,Received
PO000663,SUP00044,PART01159,PLT0019,2026-03-26 07:16:38,2026-05-25 07:16:38,2026-05-24 07:16:38,3377,3377,3560.5,499268.59,0,138420.29,Received
PO000664,SUP00066,PART00544,PLT0002,2026-04-17 22:02:49,2026-06-01 22:02:49,2026-05-29 22:02:49,2873,2873,3204.77,224365.89,5,48098.92,Received
PO000665,SUP00163,PART00986,PLT0025,2026-03-24 17:05:19,2026-03-31 17:05:19,2026-03-30 17:05:19,1608,1608,117.29,7321.86,10,3716.81,Received
PO000666,SUP00167,PART01536,PLT0003,2026-02-18 22:04:53,2026-03-04 22:04:53,2026-03-17 22:04:53,2237,2237,4158.07,269161.61,7.5,165070.45,Received
PO000667,SUP00148,PART00556,PLT0020,2026-01-08 21:01:58,2026-02-07 21:01:58,2026-02-21 21:01:58,1395,1395,273.12,12734.66,0,5721.03,Received
PO000668,SUP00121,PART01052,PLT0013,2026-04-27 14:01:53,2026-05-04 14:01:53,2026-05-01 14:01:53,562,260,1902.1,84213.23,12.5,13424.78,Received
PO000669,SUP00183,PART00153,PLT0002,2026-05-10 18:34:25,2026-06-09 18:34:25,2026-06-07 18:34:25,258,258,333.41,2062.18,18,502.34,Received
PO000670,SUP00042,PART01327,PLT0008,2026-01-16 13:18:49,2026-01-26 13:18:49,2026-01-26 13:18:49,2682,2682,2587.28,308563.5,0,124511.31,Received
PO000671,SUP00066,PART01068,PLT0006,2026-04-24 02:28:18,2026-06-08 02:28:18,2026-06-19 02:28:18,3418,3418,1946.01,153103.03,10,55258.1,Received
PO000672,SUP00054,PART00573,PLT0008,2026-01-04 06:22:37,2026-02-18 06:22:37,2026-02-26 06:22:37,3676,3676,1125.49,179742.07,0,65016.57,Received
PO000673,SUP00182,PART00919,PLT0028,2026-01-28 03:11:28,2026-02-27 03:11:28,2026-02-24 03:11:28,1115,1115,2514.11,114015.96,18,47598.9,Received
PO000674,SUP00116,PART01527,PLT0027,2026-04-06 13:19:29,2026-04-27 13:19:29,2026-04-24 13:19:29,3199,3007,2096.38,361640.18,0,110900.38,Received
PO000675,SUP00078,PART00539,PLT0000,2026-03-19 03:27:13,2026-05-18 03:27:13,2026-05-29 03:27:13,4420,4420,1122.73,388153.31,5,39898.21,Received
PO000676,SUP00095,PART00475,PLT0002,2026-01-26 18:16:00,2026-02-16 18:16:00,2026-02-22 18:16:00,2981,2981,4304.04,388437.48,10,240405.87,Received
PO000677,SUP00127,PART00821,PLT0003,2026-04-01 17:16:34,2026-04-11 17:16:34,2026-04-11 17:16:34,3853,3853,2104.11,575385.56,0,122989.23,Received
PO000678,SUP00070,PART00160,PLT0019,2026-02-01 17:25:08,2026-03-18 17:25:08,2026-03-18 17:25:08,1842,1842,985.53,62227.13,18,35749.91,Received
PO000679,SUP00091,PART00650,PLT0004,2026-04-01 19:46:08,2026-04-15 19:46:08,2026-04-13 19:46:08,3130,3130,2455.3,254339.74,0,141182.83,Received
PO000680,SUP00058,PART01116,PLT0009,2026-03-01 15:10:53,2026-03-15 15:10:53,2026-03-15 15:10:53,1431,826,3736.7,152134.05,12.5,50318.64,Received
PO000681,SUP00064,PART00088,PLT0026,2026-01-19 08:28:39,2026-03-20 08:28:39,2026-03-18 08:28:39,483,483,2792.03,43549.31,7.5,23572.67,Received
PO000682,SUP00068,PART00815,PLT0015,2026-04-14 17:28:03,2026-05-14 17:28:03,2026-05-13 17:28:03,3844,3844,1426.96,274149.26,18,41439.7,Received
PO000683,SUP00116,PART00382,PLT0002,2026-01-03 17:18:27,2026-01-24 17:18:27,2026-02-04 17:18:27,805,717,4647.52,207039.42,0,24449.35,Received
PO000684,SUP00035,PART00396,PLT0008,2026-04-11 20:41:36,2026-05-26 20:41:36,2026-06-02 20:41:36,1455,1455,1760.92,103531.55,15,42956.61,Received
PO000685,SUP00197,PART01406,PLT0019,2026-03-27 00:54:23,2026-04-06 00:54:23,2026-04-03 00:54:23,1947,1356,4718.98,667025.19,18,70362.88,Received
PO000686,SUP00112,PART01395,PLT0010,2026-03-21 07:23:57,2026-04-20 07:23:57,2026-04-19 07:23:57,4739,4739,3533.49,1299194.52,0,207513.18,Received
PO000687,SUP00072,PART01439,PLT0018,2026-04-16 18:00:44,2026-06-15 18:00:44,2026-06-12 18:00:44,3349,3349,4684.42,1249842.31,15,191000.05,Received
PO000688,SUP00198,PART00125,PLT0012,2026-04-07 09:41:30,2026-05-07 09:41:30,2026-05-04 09:41:30,4295,4295,4058.43,501883.45,0,182611.84,Received
PO000689,SUP00106,PART00004,PLT0012,2026-04-15 23:28:29,2026-04-25 23:28:29,2026-04-24 23:28:29,1528,1528,4548.59,284669.75,0,43736.76,Received
PO000690,SUP00079,PART00805,PLT0021,2026-06-19 14:34:31,2026-06-26 14:34:31,2026-06-26 14:34:31,2794,2794,2619.68,342817.64,0,111995.48,Received
PO000691,SUP00076,PART00829,PLT0018,2026-01-30 04:38:15,2026-02-13 04:38:15,2026-02-12 04:38:15,645,307,615.1,21452.51,15,6476.55,Received
PO000692,SUP00013,PART01955,PLT0001,2026-04-19 06:15:41,2026-05-10 06:15:41,2026-05-08 06:15:41,1976,1976,967.34,108069.72,7.5,32017.48,Received
PO000693,SUP00076,PART01777,PLT0000,2026-01-31 17:54:13,2026-02-14 17:54:13,2026-02-14 17:54:13,2760,2760,34.43,7325.05,5,1419.2,Received
PO000694,SUP00038,PART01110,PLT0013,2026-04-27 03:55:14,2026-06-26 03:55:14,2026-06-24 03:55:14,4206,3182,1385.75,220830.24,10,103117.39,Received
PO000695,SUP00189,PART01248,PLT0016,2026-04-18 11:41:14,2026-06-02 11:41:14,2026-06-02 11:41:14,2372,2372,645.35,88117.18,18,18167.61,Received
PO000696,SUP00088,PART01659,PLT0024,2026-01-07 22:50:15,2026-02-06 22:50:15,2026-02-03 22:50:15,800,800,3182.72,78275.91,18,28071.08,Received
PO000697,SUP00021,PART00799,PLT0015,2026-02-08 01:22:25,2026-03-10 01:22:25,2026-03-09 01:22:25,264,171,524.12,5925.86,0,2691.65,Received
PO000698,SUP00098,PART00130,PLT0023,2026-05-02 21:50:54,2026-07-01 21:50:54,2026-06-28 21:50:54,4104,4104,4447.99,904481.43,18,132322.79,Received
PO000699,SUP00184,PART01277,PLT0018,2026-03-26 18:04:20,2026-04-09 18:04:20,2026-04-08 18:04:20,1110,1110,3223.25,195377.83,15,71244.45,Received
PO000700,SUP00118,PART00078,PLT0025,2026-05-05 22:01:17,2026-05-15 22:01:17,2026-05-15 22:01:17,3315,3315,1762.95,356146.17,5,61540.46,Received
PO000701,SUP00076,PART01424,PLT0008,2026-06-21 11:10:25,2026-07-05 11:10:25,2026-07-03 11:10:25,3246,3246,4223.26,783758.7,15,185587.07,Received
PO000702,SUP00127,PART00062,PLT0021,2026-01-25 05:43:44,2026-02-04 05:43:44,2026-02-03 05:43:44,2856,1563,1450.79,128253.9,18,45153.73,Received
PO000703,SUP00148,PART01215,PLT0012,2026-02-08 01:55:33,2026-03-10 01:55:33,2026-03-08 01:55:33,1571,1571,2527.02,230403.66,0,60553.16,Received
PO000704,SUP00006,PART01514,PLT0018,2026-06-14 10:06:32,2026-06-21 10:06:32,2026-06-18 10:06:32,1870,948,1701.38,246981.27,0,32142.84,Received
PO000705,SUP00029,PART00336,PLT0008,2026-01-16 10:59:42,2026-03-17 10:59:42,2026-03-15 10:59:42,1578,1578,2082.8,132364.5,15,25203.67,Received
PO000706,SUP00042,PART01935,PLT0010,2026-03-17 13:13:41,2026-03-27 13:13:41,2026-03-26 13:13:41,3356,1751,2103.78,435449.2,10,91403.26,Received
PO000707,SUP00025,PART01600,PLT0021,2026-03-13 20:34:00,2026-04-12 20:34:00,2026-04-12 20:34:00,4636,4636,857.09,167497.17,0,76586.34,Received
PO000708,SUP00072,PART01002,PLT0016,2026-02-21 00:58:00,2026-04-22 00:58:00,2026-05-06 00:58:00,4626,4626,2395.87,627237.24,15,183927.81,Received
PO000709,SUP00044,PART00588,PLT0026,2026-02-20 19:38:35,2026-04-21 19:38:35,2026-04-20 19:38:35,2561,2561,2324.07,161884.92,18,103355.07,Received
PO000710,SUP00033,PART00152,PLT0029,2026-06-11 15:15:06,2026-06-21 15:15:06,2026-06-18 15:15:06,4957,4957,2339.69,264586.12,18,202908.54,Received
PO000711,SUP00025,PART00683,PLT0018,2026-02-15 19:55:25,2026-03-17 19:55:25,2026-03-17 19:55:25,754,754,645.43,15870.35,7.5,3077.17,Received
PO000712,SUP00144,PART00601,PLT0014,2026-01-21 21:05:30,2026-02-20 21:05:30,2026-02-18 21:05:30,1707,1707,3838.81,417652.02,10,93644.75,Received
PO000713,SUP00060,PART00439,PLT0026,2026-03-23 10:56:08,2026-05-22 10:56:08,2026-05-22 10:56:08,2000,2000,2177.74,204008.99,10,24769.1,Received
PO000714,SUP00096,PART01965,PLT0019,2026-02-21 14:30:19,2026-03-03 14:30:19,2026-03-06 14:30:19,943,943,4203.08,262326.77,0,21909.79,Received
PO000715,SUP00154,PART00724,PLT0005,2026-03-30 16:03:50,2026-04-09 16:03:50,2026-04-09 16:03:50,4897,4897,2413.79,634623.28,0,193457.09,Received
PO000716,SUP00118,PART00013,PLT0008,2026-03-12 02:19:10,2026-03-22 02:19:10,2026-03-20 02:19:10,3344,3344,3240.02,305655.51,10,144762.52,Received
PO000717,SUP00035,PART01869,PLT0025,2026-03-25 03:19:54,2026-05-09 03:19:54,2026-05-07 03:19:54,4830,4830,4244.51,1384589.99,15,268229.2,Received
PO000718,SUP00103,PART00572,PLT0009,2026-06-17 11:58:23,2026-07-01 11:58:23,2026-06-28 11:58:23,2817,2817,4740.68,1054861.4,7.5,175214.21,Received
PO000719,SUP00197,PART00695,PLT0023,2026-04-25 05:46:32,2026-05-05 05:46:32,2026-05-03 05:46:32,2649,2649,1832.26,342156.5,7.5,37211.17,Received
PO000720,SUP00023,PART00263,PLT0009,2026-04-30 07:13:48,2026-05-14 07:13:48,2026-05-16 07:13:48,3557,1472,4611.52,1245894.61,0,299150.47,Received
PO000721,SUP00016,PART00087,PLT0004,2026-06-05 15:49:36,2026-06-26 15:49:36,2026-06-25 15:49:36,4853,4853,3947.19,649864.73,5,133456.29,Received
PO000722,SUP00151,PART01796,PLT0026,2026-06-10 14:27:16,2026-07-01 14:27:16,2026-06-29 14:27:16,2649,2649,3057.45,164690.31,10,98874.35,Received
PO000723,SUP00066,PART01068,PLT0006,2026-05-03 23:56:28,2026-06-17 23:56:28,2026-06-16 23:56:28,872,872,1946.01,62890.9,18,21842.56,Received
PO000724,SUP00015,PART00784,PLT0012,2026-04-24 20:58:41,2026-05-01 20:58:41,2026-04-28 20:58:41,1230,1230,1995.02,174275.46,5,27841.87,Received
PO000725,SUP00062,PART01840,PLT0020,2026-06-03 04:12:11,2026-06-17 04:12:11,2026-06-15 04:12:11,3435,3435,351.92,24638.59,10,21383.81,Received
PO000726,SUP00153,PART01512,PLT0022,2026-02-02 13:34:49,2026-03-19 13:34:49,2026-03-24 13:34:49,1763,772,3088.42,180260.08,0,85013.63,Received
PO000727,SUP00164,PART01654,PLT0026,2026-01-21 13:20:56,2026-01-28 13:20:56,2026-01-27 13:20:56,565,565,66.63,2123.03,0,542.24,Received
PO000728,SUP00080,PART01278,PLT0002,2026-01-12 10:53:15,2026-01-26 10:53:15,2026-01-26 10:53:15,786,786,281.36,9934.47,15,1637.0,Received
PO000729,SUP00167,PART01469,PLT0017,2026-03-31 22:36:13,2026-04-14 22:36:13,2026-04-13 22:36:13,3913,3913,4805.77,1172866.51,15,143935.51,Received
PO000730,SUP00173,PART00370,PLT0028,2026-03-09 23:31:37,2026-03-19 23:31:37,2026-03-17 23:31:37,2182,2182,4762.22,434259.67,7.5,127369.7,Received
PO000731,SUP00068,PART00776,PLT0004,2026-04-21 22:04:21,2026-05-21 22:04:21,2026-05-27 22:04:21,1216,1216,939.83,57891.01,15,12269.68,Received
PO000732,SUP00099,PART01346,PLT0017,2026-02-16 19:33:21,2026-04-17 19:33:21,2026-04-14 19:33:21,484,484,107.46,1607.08,15,1009.28,Received
PO000733,SUP00097,PART01321,PLT0015,2026-02-04 02:07:03,2026-02-14 02:07:03,2026-02-13 02:07:03,1674,1674,31.78,3353.27,5,1004.78,Received
PO000734,SUP00145,PART01342,PLT0018,2026-02-06 03:30:52,2026-04-07 03:30:52,2026-04-22 03:30:52,289,289,4737.35,41555.61,5,22062.84,Received
PO000735,SUP00093,PART01805,PLT0005,2026-01-20 13:48:31,2026-01-27 13:48:31,2026-01-25 13:48:31,4843,4843,928.28,171697.86,18,59611.93,Received
PO000736,SUP00162,PART00484,PLT0028,2026-02-02 08:14:37,2026-02-09 08:14:37,2026-02-07 08:14:37,2053,2053,1737.32,254456.57,18,28704.22,Received
PO000737,SUP00175,PART01138,PLT0009,2026-02-21 19:16:36,2026-03-07 19:16:36,2026-03-04 19:16:36,3843,3843,2878.27,806918.14,5,82111.93,Received
PO000738,SUP00079,PART00805,PLT0009,2026-02-17 23:44:02,2026-02-24 23:44:02,2026-03-06 23:44:02,2774,2774,2619.68,256043.57,15,102960.15,Received
PO000739,SUP00178,PART01484,PLT0003,2026-02-05 01:00:24,2026-04-06 01:00:24,2026-04-16 01:00:24,4819,4819,890.05,133854.47,0,49763.27,Received
PO000740,SUP00165,PART00331,PLT0001,2026-03-06 07:04:59,2026-04-20 07:04:59,2026-04-17 07:04:59,4367,3473,3236.76,464392.3,10,99992.35,Received
PO000741,SUP00031,PART01948,PLT0017,2026-04-11 18:27:30,2026-06-10 18:27:30,2026-06-09 18:27:30,280,280,981.82,17914.47,0,1930.07,Received
PO000742,SUP00132,PART00746,PLT0012,2026-05-22 14:19:57,2026-06-05 14:19:57,2026-06-05 14:19:57,4539,4539,172.88,17467.02,0,7046.37,Received
PO000743,SUP00118,PART01135,PLT0015,2026-04-28 18:52:03,2026-05-08 18:52:03,2026-05-19 18:52:03,3864,3864,3950.34,768623.28,15,156299.85,Received
PO000744,SUP00001,PART00431,PLT0022,2026-05-24 16:33:43,2026-07-08 16:33:43,2026-07-06 16:33:43,4263,4263,3803.61,554671.48,18,176987.45,Received
PO000745,SUP00178,PART00124,PLT0025,2026-01-08 20:27:13,2026-03-09 20:27:13,2026-03-07 20:27:13,2524,2524,4152.77,453549.65,0,180493.96,Received
PO000746,SUP00026,PART01751,PLT0025,2026-04-22 10:20:44,2026-06-21 10:20:44,2026-06-18 10:20:44,594,594,4897.53,210357.98,5,52597.41,Received
PO000747,SUP00035,PART01168,PLT0028,2026-01-19 04:03:51,2026-03-05 04:03:51,2026-03-04 04:03:51,4778,4778,3659.54,1322092.04,10,261582.01,Received
PO000748,SUP00004,PART00189,PLT0009,2026-02-08 14:39:33,2026-03-10 14:39:33,2026-03-09 14:39:33,514,514,3545.16,57909.83,0,24869.99,Received
PO000749,SUP00006,PART00962,PLT0002,2026-02-10 20:36:53,2026-02-17 20:36:53,2026-02-14 20:36:53,811,811,4896.39,106859.69,12.5,22738.77,Received
PO000750,SUP00152,PART00309,PLT0023,2026-01-30 11:22:49,2026-02-20 11:22:49,2026-02-19 11:22:49,1017,923,452.65,35725.92,12.5,5523.35,Received
PO000751,SUP00010,PART01352,PLT0004,2026-01-11 09:20:39,2026-03-12 09:20:39,2026-03-12 09:20:39,999,999,2173.36,95883.46,0,40599.63,Received
PO000752,SUP00093,PART00085,PLT0003,2026-04-30 21:47:44,2026-05-07 21:47:44,2026-05-04 21:47:44,1164,1164,2622.72,182264.25,18,50064.48,Received
PO000753,SUP00159,PART01909,PLT0007,2026-02-08 10:31:12,2026-02-15 10:31:12,2026-02-27 10:31:12,1803,1803,2206.93,216116.7,12.5,42593.24,Received
PO000754,SUP00011,PART00426,PLT0017,2026-01-03 14:29:26,2026-01-13 14:29:26,2026-01-10 14:29:26,2519,2519,900.83,59493.13,7.5,17341.29,Received
PO000755,SUP00130,PART00184,PLT0009,2026-01-05 09:50:01,2026-03-06 09:50:01,2026-03-03 09:50:01,4349,4349,3776.05,660647.85,0,224102.46,Received
PO000756,SUP00080,PART00668,PLT0004,2026-01-30 03:38:51,2026-02-13 03:38:51,2026-02-10 03:38:51,1105,1105,2258.37,173173.37,5,38703.65,Received
PO000757,SUP00149,PART00751,PLT0011,2026-03-15 21:14:17,2026-05-14 21:14:17,2026-05-16 21:14:17,60,60,3632.06,7164.69,10,1508.7,Received
PO000758,SUP00001,PART01422,PLT0018,2026-04-07 10:07:41,2026-05-22 10:07:41,2026-06-04 10:07:41,846,846,2246.44,89748.77,0,17355.12,Received
PO000759,SUP00067,PART00868,PLT0029,2026-03-11 17:08:10,2026-04-25 17:08:10,2026-04-23 17:08:10,3223,3223,2304.55,560344.41,5,131431.73,Received
PO000760,SUP00101,PART00531,PLT0002,2026-01-31 07:48:27,2026-04-01 07:48:27,2026-03-29 07:48:27,490,490,1844.92,37705.71,0,11019.58,Received
PO000761,SUP00180,PART01141,PLT0015,2026-02-23 23:15:04,2026-03-09 23:15:04,2026-03-09 23:15:04,3679,3679,1835.33,525587.2,12.5,76927.46,Received
PO000762,SUP00010,PART01209,PLT0000,2026-03-22 01:38:56,2026-05-21 01:38:56,2026-05-20 01:38:56,2355,2355,3874.59,699944.84,0,92486.22,Received
PO000763,SUP00066,PART00534,PLT0027,2026-01-31 19:07:20,2026-03-17 19:07:20,2026-03-28 19:07:20,112,112,1724.52,12094.8,7.5,1059.55,Received
PO000764,SUP00162,PART00120,PLT0003,2026-01-04 06:34:26,2026-01-11 06:34:26,2026-01-08 06:34:26,4116,4116,1955.32,532017.44,15,84734.32,Received
PO000765,SUP00083,PART01828,PLT0025,2026-03-01 20:35:33,2026-04-30 20:35:33,2026-04-28 20:35:33,3677,3677,3165.25,776329.05,10,123131.37,Received
PO000766,SUP00019,PART00870,PLT0026,2026-02-03 11:49:36,2026-04-04 11:49:36,2026-04-09 11:49:36,3978,3978,2847.48,319559.99,7.5,135091.22,Received
PO000767,SUP00093,PART00005,PLT0003,2026-01-09 13:37:51,2026-01-16 13:37:51,2026-01-16 13:37:51,4262,4262,665.14,91942.41,12.5,37724.88,Received
PO000768,SUP00088,PART00205,PLT0014,2026-03-19 09:47:21,2026-04-18 09:47:21,2026-04-18 09:47:21,4055,4055,1441.71,298017.18,18,30381.98,Received
PO000769,SUP00184,PART00199,PLT0025,2026-05-22 02:57:40,2026-06-05 02:57:40,2026-06-02 02:57:40,929,929,2733.63,55435.47,0,49808.09,Received
PO000770,SUP00096,PART01442,PLT0001,2026-03-31 23:51:30,2026-04-10 23:51:30,2026-04-10 23:51:30,3397,3397,2830.99,334572.75,15,150882.19,Received
PO000771,SUP00013,PART00680,PLT0002,2026-01-10 06:45:23,2026-01-31 06:45:23,2026-02-05 06:45:23,3008,2781,910.88,135686.63,5,46620.95,Received
PO000772,SUP00194,PART00358,PLT0003,2026-05-17 17:10:46,2026-06-07 17:10:46,2026-06-07 17:10:46,4679,4679,840.43,160975.63,18,59557.71,Received
PO000773,SUP00163,PART00915,PLT0013,2026-05-17 14:07:03,2026-05-24 14:07:03,2026-05-22 14:07:03,4114,4114,3729.32,417770.83,0,153523.04,Received
PO000774,SUP00100,PART01374,PLT0025,2026-02-08 21:46:17,2026-03-25 21:46:17,2026-03-24 21:46:17,3650,3142,1010.69,270693.5,12.5,63996.71,Received
PO000775,SUP00164,PART00161,PLT0011,2026-04-24 14:59:00,2026-05-01 14:59:00,2026-04-30 14:59:00,1182,1182,3074.07,176227.95,0,21306.1,Received
PO000776,SUP00066,PART00544,PLT0012,2026-03-22 13:07:36,2026-05-06 13:07:36,2026-05-04 13:07:36,2756,2756,3204.77,189860.14,0,149501.16,Received
PO000777,SUP00064,PART00103,PLT0014,2026-04-25 06:40:31,2026-06-24 06:40:31,2026-06-21 06:40:31,1068,449,4007.29,277935.11,7.5,58990.29,Received
PO000778,SUP00137,PART01113,PLT0024,2026-04-18 04:40:04,2026-05-02 04:40:04,2026-04-30 04:40:04,4753,4753,221.37,36781.22,0,10258.66,Received
PO000779,SUP00035,PART00352,PLT0001,2026-02-19 14:49:02,2026-04-05 14:49:02,2026-04-05 14:49:02,4880,4880,2556.57,870927.13,15,236283.08,Received
PO000780,SUP00088,PART00808,PLT0025,2026-04-28 16:40:23,2026-05-28 16:40:23,2026-05-25 16:40:23,1882,1882,4077.82,244967.35,15,117245.26,Received
PO000781,SUP00112,PART01666,PLT0013,2026-03-16 05:16:48,2026-04-15 05:16:48,2026-04-13 05:16:48,886,886,4914.82,186897.5,0,31468.44,Received
PO000782,SUP00109,PART00993,PLT0009,2026-01-10 12:50:31,2026-01-20 12:50:31,2026-01-18 12:50:31,2083,2083,534.1,33878.47,10,12853.51,Received
PO000783,SUP00001,PART00431,PLT0023,2026-05-14 18:25:58,2026-06-28 18:25:58,2026-07-09 18:25:58,4891,4891,3803.61,1022666.17,0,370860.99,Received
PO000784,SUP00186,PART00913,PLT0025,2026-01-03 20:19:22,2026-02-17 20:19:22,2026-02-15 20:19:22,1402,1214,1591.4,172568.33,0,12036.13,Received
PO000785,SUP00134,PART00956,PLT0001,2026-04-11 02:44:10,2026-04-21 02:44:10,2026-04-20 02:44:10,915,915,3474.62,74062.37,0,47407.28,Received
PO000786,SUP00121,PART01350,PLT0000,2026-05-03 11:51:21,2026-05-10 11:51:21,2026-05-21 11:51:21,2175,2175,2450.67,404313.97,18,102103.92,Received
PO000787,SUP00051,PART01636,PLT0002,2026-02-15 16:09:41,2026-02-22 16:09:41,2026-02-19 16:09:41,1250,557,2884.23,168249.43,0,57556.08,Received
PO000788,SUP00161,PART01100,PLT0016,2026-05-02 13:11:17,2026-06-01 13:11:17,2026-05-30 13:11:17,4213,4213,671.19,195737.6,0,55303.55,Received
PO000789,SUP00110,PART01900,PLT0012,2026-06-23 15:06:15,2026-07-07 15:06:15,2026-07-06 15:06:15,1366,1366,1804.78,116061.5,10,31628.19,Received
PO000790,SUP00026,PART01510,PLT0029,2026-02-15 06:30:03,2026-04-16 06:30:03,2026-04-13 06:30:03,4202,4202,3055.64,975188.13,18,97436.43,Received
PO000791,SUP00134,PART01662,PLT0000,2026-02-20 09:21:38,2026-03-02 09:21:38,2026-02-27 09:21:38,3935,3935,353.86,83539.44,0,24551.18,Received
PO000792,SUP00115,PART00778,PLT0018,2026-01-17 12:43:31,2026-01-31 12:43:31,2026-01-28 12:43:31,799,799,1828.56,87776.62,0,18501.58,Received
PO000793,SUP00092,PART01023,PLT0021,2026-04-25 15:36:10,2026-06-09 15:36:10,2026-06-08 15:36:10,4964,4964,699.65,186091.33,18,25202.47,Received
PO000794,SUP00077,PART01487,PLT0024,2026-03-18 03:20:22,2026-05-02 03:20:22,2026-04-29 03:20:22,459,459,454.38,11539.75,5,3274.55,Received
PO000795,SUP00051,PART00529,PLT0028,2026-06-03 11:51:40,2026-06-10 11:51:40,2026-06-07 11:51:40,971,971,872.82,19188.66,18,12403.2,Received
PO000796,SUP00194,PART00362,PLT0015,2026-02-25 04:05:00,2026-03-18 04:05:00,2026-03-17 04:05:00,2780,2780,2712.51,311000.94,15,103425.59,Received
PO000797,SUP00090,PART01759,PLT0025,2026-05-08 21:26:37,2026-05-29 21:26:37,2026-05-26 21:26:37,1538,1538,3535.4,123484.68,12.5,84444.42,Received
PO000798,SUP00169,PART00579,PLT0026,2026-04-29 09:59:22,2026-06-28 09:59:22,2026-06-27 09:59:22,2219,1411,1509.08,120346.01,18,32434.69,Received
PO000799,SUP00154,PART00132,PLT0014,2026-01-03 06:07:51,2026-01-13 06:07:51,2026-01-11 06:07:51,887,887,3636.77,95446.82,10,44193.54,Received
PO000800,SUP00125,PART00497,PLT0026,2026-05-03 09:29:10,2026-06-17 09:29:10,2026-06-16 09:29:10,52,52,1967.55,5569.1,5,919.66,Received
PO000801,SUP00032,PART00819,PLT0017,2026-05-16 06:48:02,2026-06-30 06:48:02,2026-06-30 06:48:02,3620,3620,4861.8,624999.26,15,127951.35,Received
PO000802,SUP00011,PART01541,PLT0016,2026-03-28 10:39:45,2026-04-07 10:39:45,2026-04-07 10:39:45,3530,3530,4885.02,1206764.89,0,163793.2,Received
PO000803,SUP00060,PART00439,PLT0026,2026-01-22 22:22:02,2026-03-23 22:22:02,2026-03-22 22:22:02,2980,2980,2177.74,514164.15,0,129654.98,Received
PO000804,SUP00102,PART01788,PLT0006,2026-05-19 18:54:19,2026-06-09 18:54:19,2026-06-08 18:54:19,1797,1797,1627.81,130047.26,0,29620.13,Received
PO000805,SUP00146,PART00509,PLT0001,2026-02-19 10:06:51,2026-03-12 10:06:51,2026-03-12 10:06:51,3331,3331,2858.24,664585.24,0,177564.27,Received
PO000806,SUP00101,PART00737,PLT0029,2026-02-24 01:30:56,2026-04-25 01:30:56,2026-04-22 01:30:56,1234,1234,2890.37,203220.02,12.5,34840.6,Received
PO000807,SUP00010,PART00064,PLT0027,2026-02-07 12:36:13,2026-04-08 12:36:13,2026-04-06 12:36:13,281,281,365.02,4613.98,0,1236.05,Received
PO000808,SUP00146,PART01516,PLT0015,2026-05-26 03:42:14,2026-06-16 03:42:14,2026-06-15 03:42:14,2169,2169,2966.47,349986.35,18,93022.25,Received
PO000809,SUP00156,PART01119,PLT0017,2026-06-26 05:30:14,2026-07-06 05:30:14,2026-07-03 05:30:14,3832,3832,4452.99,490203.87,7.5,105698.51,Received
PO000810,SUP00078,PART00554,PLT0013,2026-04-11 09:15:44,2026-06-10 09:15:44,2026-06-12 09:15:44,1905,1905,1779.64,194438.45,12.5,48815.19,Received
PO000811,SUP00138,PART01939,PLT0008,2026-04-17 00:08:54,2026-05-01 00:08:54,2026-04-30 00:08:54,4815,4815,2073.2,570125.19,15,96572.66,Received
PO000812,SUP00131,PART01037,PLT0012,2026-04-21 03:26:35,2026-05-12 03:26:35,2026-05-12 03:26:35,2731,2731,3893.74,379341.1,10,181345.59,Received
PO000813,SUP00120,PART00100,PLT0003,2026-01-25 02:25:34,2026-03-26 02:25:34,2026-03-25 02:25:34,529,529,2672.39,94523.5,10,12293.41,Received
PO000814,SUP00024,PART01902,PLT0012,2026-05-15 21:50:50,2026-06-14 21:50:50,2026-06-14 21:50:50,626,626,2836.67,80528.61,0,14927.07,Received
PO000815,SUP00194,PART01220,PLT0017,2026-05-27 03:51:56,2026-06-17 03:51:56,2026-06-14 03:51:56,1746,1746,2573.68,156887.41,0,29209.25,Received
PO000816,SUP00162,PART01186,PLT0008,2026-03-05 14:58:39,2026-03-12 14:58:39,2026-03-12 14:58:39,3154,3154,1317.07,95331.47,7.5,71054.43,Received
PO000817,SUP00023,PART00611,PLT0016,2026-04-23 16:41:30,2026-05-07 16:41:30,2026-05-07 16:41:30,2452,2327,2787.87,416607.93,7.5,114724.53,Received
PO000818,SUP00146,PART01516,PLT0027,2026-04-19 02:39:14,2026-05-10 02:39:14,2026-05-07 02:39:14,4125,4125,2966.47,484725.46,12.5,109297.64,Received
PO000819,SUP00189,PART00029,PLT0026,2026-03-02 08:09:47,2026-04-16 08:09:47,2026-04-14 08:09:47,4064,4064,875.36,143703.74,0,48268.2,Received
PO000820,SUP00091,PART01602,PLT0009,2026-05-30 03:09:52,2026-06-13 03:09:52,2026-06-12 03:09:52,1625,1625,3388.53,376171.9,0,62647.37,Received
PO000821,SUP00060,PART00496,PLT0027,2026-03-13 18:07:59,2026-05-12 18:07:59,2026-05-09 18:07:59,3173,3173,1330.0,300712.19,0,69869.37,Received
PO000822,SUP00141,PART00689,PLT0022,2026-02-26 03:43:30,2026-04-12 03:43:30,2026-04-09 03:43:30,2786,2786,1796.91,204359.78,0,25718.51,Received
PO000823,SUP00102,PART01908,PLT0021,2026-03-24 14:57:12,2026-04-14 14:57:12,2026-04-13 14:57:12,1020,1020,202.77,7786.3,15,2362.51,Received
PO000824,SUP00093,PART01805,PLT0015,2026-05-15 18:02:22,2026-05-22 18:02:22,2026-05-20 18:02:22,3336,3336,928.28,120650.05,0,33606.32,Received
PO000825,SUP00073,PART00212,PLT0002,2026-02-04 08:18:32,2026-03-21 08:18:32,2026-03-21 08:18:32,806,806,3780.78,238740.58,18,52502.94,Received
PO000826,SUP00070,PART00514,PLT0017,2026-04-11 09:43:06,2026-05-26 09:43:06,2026-05-26 09:43:06,100,100,2784.04,21928.69,0,1844.49,Received
PO000827,SUP00181,PART01205,PLT0016,2026-03-18 21:52:15,2026-04-01 21:52:15,2026-03-29 21:52:15,4627,4627,3819.13,1280751.64,0,241521.61,Received
PO000828,SUP00092,PART01807,PLT0011,2026-03-28 05:36:05,2026-05-12 05:36:05,2026-05-27 05:36:05,161,88,1659.4,7505.85,12.5,4511.84,Received
PO000829,SUP00039,PART01746,PLT0005,2026-05-05 00:03:50,2026-05-19 00:03:50,2026-05-21 00:03:50,1256,1256,3026.7,285766.36,0,30634.16,Received
PO000830,SUP00070,PART00514,PLT0007,2026-05-23 19:17:09,2026-07-07 19:17:09,2026-07-04 19:17:09,2852,2852,2784.04,323503.99,12.5,142889.52,Received
PO000831,SUP00036,PART01090,PLT0001,2026-03-31 13:22:03,2026-05-30 13:22:03,2026-05-29 13:22:03,3068,2826,4624.45,432582.23,0,97201.96,Received
PO000832,SUP00180,PART01141,PLT0022,2026-05-26 20:44:44,2026-06-09 20:44:44,2026-06-07 20:44:44,2124,2124,1835.33,253952.02,7.5,22248.18,Received
PO000833,SUP00182,PART01384,PLT0013,2026-02-19 09:53:28,2026-03-21 09:53:28,2026-03-19 09:53:28,2386,2386,660.14,63495.75,0,28427.38,Received
PO000834,SUP00001,PART01731,PLT0028,2026-01-15 21:27:56,2026-03-01 21:27:56,2026-02-28 21:27:56,1312,1235,4310.71,209982.79,18,80432.69,Received
PO000835,SUP00096,PART01508,PLT0023,2026-04-06 09:24:25,2026-04-16 09:24:25,2026-04-16 09:24:25,3742,3742,4872.76,1210969.86,5,157603.4,Received
PO000836,SUP00144,PART00601,PLT0020,2026-05-05 13:40:46,2026-06-04 13:40:46,2026-06-03 13:40:46,4058,4058,3838.81,490667.57,18,203812.39,Received
PO000837,SUP00192,PART01403,PLT0005,2026-01-15 03:09:38,2026-03-16 03:09:38,2026-03-22 03:09:38,153,153,3149.05,11393.09,0,6793.98,Received
PO000838,SUP00041,PART00792,PLT0007,2026-06-10 12:42:30,2026-06-20 12:42:30,2026-06-18 12:42:30,1642,1642,4245.26,394074.48,5,68835.8,Received
PO000839,SUP00058,PART01116,PLT0016,2026-06-11 02:53:06,2026-06-25 02:53:06,2026-06-24 02:53:06,2761,2761,3736.7,751758.49,0,57119.8,Received
PO000840,SUP00095,PART01885,PLT0027,2026-05-16 22:15:29,2026-06-06 22:15:29,2026-06-06 22:15:29,4266,4266,4137.13,1276996.99,15,213774.52,Received
PO000841,SUP00130,PART00586,PLT0016,2026-01-14 00:03:36,2026-03-15 00:03:36,2026-03-21 00:03:36,1461,1461,749.98,38639.06,10,9779.08,Received
PO000842,SUP00013,PART00875,PLT0001,2026-06-10 08:44:54,2026-07-01 08:44:54,2026-06-29 08:44:54,590,590,3171.27,106972.5,15,29129.72,Received
PO000843,SUP00192,PART01131,PLT0003,2026-01-04 00:33:34,2026-03-05 00:33:34,2026-03-03 00:33:34,2023,2023,2478.95,137408.55,18,59413.71,Received
PO000844,SUP00108,PART01028,PLT0016,2026-05-09 08:48:42,2026-07-08 08:48:42,2026-07-05 08:48:42,4702,4702,3118.13,1162510.84,18,186455.3,Received
PO000845,SUP00084,PART00317,PLT0028,2026-06-22 04:26:13,2026-06-29 04:26:13,2026-06-29 04:26:13,2557,1465,4208.86,588969.72,0,189010.28,Received
PO000846,SUP00009,PART00214,PLT0008,2026-06-13 01:29:54,2026-06-20 01:29:54,2026-06-19 01:29:54,2129,2129,3694.74,174515.37,0,141021.25,Received
PO000847,SUP00173,PART01225,PLT0017,2026-05-26 04:31:47,2026-06-05 04:31:47,2026-06-17 04:31:47,2119,2119,4474.3,264825.12,5,165677.63,Received
PO000848,SUP00168,PART01328,PLT0007,2026-04-26 00:45:03,2026-05-10 00:45:03,2026-05-09 00:45:03,2001,2001,3819.56,200185.41,0,151177.02,Received
PO000849,SUP00121,PART01350,PLT0017,2026-04-08 02:01:30,2026-04-15 02:01:30,2026-04-14 02:01:30,4691,4691,2450.67,348839.15,18,216842.83,Received
PO000850,SUP00015,PART01457,PLT0018,2026-04-19 04:01:18,2026-04-26 04:01:18,2026-04-29 04:01:18,1243,1243,4761.06,408181.22,0,46022.58,Received
PO000851,SUP00073,PART00359,PLT0028,2026-01-01 09:50:43,2026-02-15 09:50:43,2026-02-12 09:50:43,3829,3829,168.31,17321.03,0,8132.33,Received
PO000852,SUP00060,PART01293,PLT0019,2026-04-19 08:58:25,2026-06-18 08:58:25,2026-06-29 08:58:25,3989,3989,455.8,49640.42,18,11371.25,Received
PO000853,SUP00120,PART00605,PLT0006,2026-03-14 08:46:27,2026-05-13 08:46:27,2026-05-13 08:46:27,2415,2415,3218.78,493377.53,18,72606.58,Received
PO000854,SUP00084,PART00653,PLT0020,2026-02-17 08:58:34,2026-02-24 08:58:34,2026-02-24 08:58:34,4880,4880,1109.88,123716.52,15,49533.74,Received
PO000855,SUP00136,PART01603,PLT0024,2026-05-29 19:50:34,2026-06-12 19:50:34,2026-06-23 19:50:34,1182,1182,3573.49,162871.4,10,73836.81,Received
PO000856,SUP00177,PART01618,PLT0003,2026-01-07 18:30:08,2026-01-28 18:30:08,2026-01-28 18:30:08,3794,3794,3391.11,569400.52,0,65006.42,Received
PO000857,SUP00174,PART01673,PLT0026,2026-02-24 03:59:25,2026-04-10 03:59:25,2026-04-22 03:59:25,4869,4869,3023.84,1031284.82,10,77931.86,Received
PO000858,SUP00088,PART01411,PLT0001,2026-03-26 15:29:44,2026-04-25 15:29:44,2026-04-22 15:29:44,3507,3507,3609.15,309211.81,12.5,237224.15,Received
PO000859,SUP00167,PART00612,PLT0027,2026-01-17 19:18:49,2026-01-31 19:18:49,2026-01-30 19:18:49,2361,2361,4451.1,492046.79,10,68398.91,Received
PO000860,SUP00170,PART01257,PLT0026,2026-04-25 20:30:09,2026-05-09 20:30:09,2026-05-06 20:30:09,393,393,2486.17,20423.26,18,16026.92,Received
PO000861,SUP00140,PART00880,PLT0013,2026-04-17 10:57:33,2026-06-01 10:57:33,2026-05-31 10:57:33,3145,3145,2381.89,404876.57,12.5,55355.7,Received
PO000862,SUP00199,PART01242,PLT0014,2026-06-02 09:57:12,2026-06-16 09:57:12,2026-06-15 09:57:12,4473,4473,169.13,40341.54,0,9144.17,Received
PO000863,SUP00156,PART01396,PLT0021,2026-05-05 10:31:29,2026-05-15 10:31:29,2026-05-15 10:31:29,3032,3032,4873.43,1007311.71,12.5,113912.27,Received
PO000864,SUP00010,PART00928,PLT0027,2026-01-16 01:20:10,2026-03-17 01:20:10,2026-03-14 01:20:10,241,241,2260.79,18636.53,0,10433.35,Received
PO000865,SUP00025,PART00271,PLT0013,2026-05-17 05:25:24,2026-06-16 05:25:24,2026-06-14 05:25:24,3773,3773,2566.52,560320.86,18,169127.35,Received
PO000866,SUP00116,PART00382,PLT0012,2026-01-03 20:28:19,2026-01-24 20:28:19,2026-01-24 20:28:19,4582,3750,4647.52,1678550.68,10,404984.23,Received
PO000867,SUP00123,PART01926,PLT0002,2026-03-31 12:20:53,2026-05-30 12:20:53,2026-05-28 12:20:53,1014,1014,997.03,47936.11,0,15230.0,Received
PO000868,SUP00157,PART00282,PLT0015,2026-02-27 15:10:41,2026-04-13 15:10:41,2026-04-12 15:10:41,661,661,306.95,12250.42,18,1454.71,Received
PO000869,SUP00130,PART00188,PLT0019,2026-04-25 23:56:53,2026-06-24 23:56:53,2026-06-23 23:56:53,3619,3619,2970.65,319976.9,15,107658.46,Received
PO000870,SUP00033,PART01203,PLT0002,2026-03-29 05:47:32,2026-04-08 05:47:32,2026-04-06 05:47:32,3051,3051,2305.15,196315.44,18,71730.9,Received
PO000871,SUP00144,PART00601,PLT0011,2026-04-05 09:25:14,2026-05-05 09:25:14,2026-05-06 09:25:14,2662,2662,3838.81,514500.33,0,180607.29,Received
PO000872,SUP00020,PART00289,PLT0004,2026-03-13 07:07:51,2026-05-12 07:07:51,2026-05-12 07:07:51,4756,4756,1503.37,458023.91,0,103545.09,Received
PO000873,SUP00024,PART00449,PLT0029,2026-05-17 17:28:06,2026-06-16 17:28:06,2026-06-23 17:28:06,2303,1503,2781.99,209354.71,0,58794.36,Received
PO000874,SUP00034,PART01770,PLT0015,2026-02-04 11:47:38,2026-03-06 11:47:38,2026-03-04 11:47:38,2343,2343,878.2,52135.15,18,30410.11,Received
PO000875,SUP00015,PART01868,PLT0026,2026-04-11 08:02:37,2026-04-18 08:02:37,2026-04-16 08:02:37,3757,3757,4788.29,506856.83,12.5,109508.48,Received
PO000876,SUP00002,PART01928,PLT0029,2026-04-16 07:02:40,2026-04-23 07:02:40,2026-05-06 07:02:40,3106,3106,4563.43,339533.75,10,271355.35,Received
PO000877,SUP00110,PART01313,PLT0022,2026-05-27 05:30:18,2026-06-10 05:30:18,2026-06-12 05:30:18,1001,1001,3733.48,293309.5,0,65990.25,Received
PO000878,SUP00143,PART01814,PLT0025,2026-01-22 04:56:34,2026-03-08 04:56:34,2026-03-19 04:56:34,755,755,4458.48,153645.4,0,54390.37,Received
PO000879,SUP00168,PART00465,PLT0026,2026-06-17 10:07:05,2026-07-01 10:07:05,2026-07-01 10:07:05,4715,4715,4870.03,519657.56,15,139224.42,Received
PO000880,SUP00198,PART00881,PLT0018,2026-03-02 22:55:37,2026-04-01 22:55:37,2026-04-01 22:55:37,4013,4013,429.97,107047.55,0,31332.54,Received
PO000881,SUP00098,PART01175,PLT0025,2026-03-02 15:13:46,2026-05-01 15:13:46,2026-04-29 15:13:46,2450,2450,3581.24,515488.63,18,105506.74,Received
PO000882,SUP00041,PART01214,PLT0017,2026-04-22 06:45:59,2026-05-02 06:45:59,2026-04-29 06:45:59,2873,2873,4744.21,482852.97,15,224758.78,Received
PO000883,SUP00028,PART00846,PLT0026,2026-05-23 06:38:27,2026-05-30 06:38:27,2026-05-29 06:38:27,3934,3934,1616.39,245778.77,18,39677.09,Received
PO000884,SUP00122,PART01846,PLT0024,2026-05-21 20:23:21,2026-07-05 20:23:21,2026-07-05 20:23:21,2162,2162,4078.25,257670.91,18,131903.35,Received
PO000885,SUP00098,PART00825,PLT0007,2026-02-05 13:39:41,2026-04-06 13:39:41,2026-04-04 13:39:41,1797,1493,4873.12,557841.02,15,77416.26,Received
PO000886,SUP00059,PART01564,PLT0028,2026-06-09 23:26:56,2026-06-23 23:26:56,2026-06-22 23:26:56,3496,3496,3618.06,560818.4,7.5,248992.98,Received
PO000887,SUP00078,PART00891,PLT0001,2026-03-25 08:31:43,2026-05-24 08:31:43,2026-05-23 08:31:43,2109,1923,1719.64,182071.5,18,34651.85,Received
PO000888,SUP00194,PART00362,PLT0010,2026-06-05 09:12:40,2026-06-26 09:12:40,2026-06-24 09:12:40,3375,2352,2712.51,364823.88,0,106952.24,Received
PO000889,SUP00167,PART00909,PLT0029,2026-02-23 17:30:59,2026-03-09 17:30:59,2026-03-06 17:30:59,2999,2999,2248.6,270644.43,0,70560.01,Received
PO000890,SUP00020,PART00813,PLT0005,2026-02-09 23:58:58,2026-04-10 23:58:58,2026-04-10 23:58:58,4916,4916,4142.99,1552267.06,10,134566.44,Received
PO000891,SUP00113,PART01010,PLT0020,2026-03-02 02:15:00,2026-05-01 02:15:00,2026-05-01 02:15:00,1963,1963,1630.26,80005.26,0,38211.98,Received
PO000892,SUP00191,PART01039,PLT0012,2026-01-19 09:35:20,2026-03-20 09:35:20,2026-03-20 09:35:20,1215,1215,181.45,8310.51,15,3357.56,Received
PO000893,SUP00073,PART00110,PLT0021,2026-05-17 10:48:22,2026-07-01 10:48:22,2026-07-01 10:48:22,3376,3376,3957.95,564638.92,5,129971.29,Received
PO000894,SUP00047,PART01883,PLT0029,2026-02-22 01:12:00,2026-03-08 01:12:00,2026-03-08 01:12:00,1501,1337,3097.12,278980.94,0,53768.04,Received
PO000895,SUP00158,PART00642,PLT0025,2026-06-04 03:46:41,2026-06-11 03:46:41,2026-06-17 03:46:41,537,537,69.76,2682.06,0,231.66,Received
PO000896,SUP00175,PART00227,PLT0010,2026-02-11 16:06:10,2026-02-25 16:06:10,2026-03-12 16:06:10,1549,915,2329.65,244942.32,7.5,41868.45,Received
PO000897,SUP00077,PART01823,PLT0019,2026-03-07 23:30:34,2026-04-21 23:30:34,2026-04-19 23:30:34,409,274,3540.23,95418.87,5,25582.27,Received
PO000898,SUP00167,PART00949,PLT0019,2026-04-17 22:39:20,2026-05-01 22:39:20,2026-04-29 22:39:20,4882,4882,249.35,71377.71,5,18255.53,Received
PO000899,SUP00173,PART01698,PLT0002,2026-01-10 08:22:10,2026-01-20 08:22:10,2026-01-17 08:22:10,2408,1787,1601.62,301555.77,0,31042.4,Received
PO000900,SUP00048,PART01837,PLT0018,2026-01-24 00:19:53,2026-02-07 00:19:53,2026-02-05 00:19:53,1082,955,929.21,45951.54,18,14250.23,Received
PO000901,SUP00145,PART01991,PLT0024,2026-02-25 04:31:15,2026-04-26 04:31:15,2026-04-24 04:31:15,818,772,3585.43,117927.2,0,56891.06,Received
PO000902,SUP00052,PART00735,PLT0011,2026-05-28 13:41:40,2026-06-27 13:41:40,2026-06-25 13:41:40,4695,4695,4959.03,529500.37,12.5,141091.09,Received
PO000903,SUP00017,PART00121,PLT0013,2026-04-05 13:05:05,2026-04-15 13:05:05,2026-04-15 13:05:05,207,207,1271.98,12035.01,18,1548.69,Received
PO000904,SUP00156,PART01119,PLT0012,2026-05-20 06:03:45,2026-05-30 06:03:45,2026-05-28 06:03:45,411,411,4452.99,134932.35,15,22903.42,Received
PO000905,SUP00001,PART01422,PLT0021,2026-01-25 07:58:12,2026-03-11 07:58:12,2026-03-10 07:58:12,1637,1637,2246.44,137309.66,10,65930.0,Received
PO000906,SUP00023,PART00042,PLT0000,2026-03-18 05:47:26,2026-04-01 05:47:26,2026-03-29 05:47:26,1337,1337,340.33,9320.2,0,6594.73,Received
PO000907,SUP00080,PART01696,PLT0000,2026-01-15 03:38:18,2026-01-29 03:38:18,2026-01-26 03:38:18,2614,2614,2866.33,553931.7,0,69591.41,Received
PO000908,SUP00196,PART00940,PLT0017,2026-02-19 11:19:10,2026-03-12 11:19:10,2026-03-12 11:19:10,1580,1580,1896.5,162890.9,0,24818.34,Received
PO000909,SUP00032,PART00453,PLT0009,2026-03-06 06:42:41,2026-04-20 06:42:41,2026-04-22 06:42:41,174,174,992.76,3785.93,0,2530.17,Received
PO000910,SUP00029,PART01827,PLT0013,2026-01-10 00:12:56,2026-03-11 00:12:56,2026-03-11 00:12:56,4481,4481,4947.73,994143.73,7.5,191658.3,Received
PO000911,SUP00105,PART00310,PLT0028,2026-01-23 15:37:13,2026-02-13 15:37:13,2026-02-10 15:37:13,3687,3687,4319.27,448529.66,0,146891.15,Received
PO000912,SUP00012,PART01389,PLT0010,2026-03-30 15:37:25,2026-04-29 15:37:25,2026-04-26 15:37:25,2698,2356,1521.74,103723.66,12.5,39723.33,Received
PO000913,SUP00125,PART00809,PLT0001,2026-02-14 20:16:56,2026-03-31 20:16:56,2026-04-04 20:16:56,3483,3483,2677.82,680284.55,0,170412.36,Received
PO000914,SUP00020,PART00289,PLT0014,2026-03-13 20:31:48,2026-05-12 20:31:48,2026-05-11 20:31:48,686,686,1503.37,81471.78,0,15906.49,Received
PO000915,SUP00106,PART00258,PLT0000,2026-06-26 04:28:06,2026-07-06 04:28:06,2026-07-06 04:28:06,2870,2870,3930.09,378298.24,18,57432.1,Received
PO000916,SUP00000,PART00387,PLT0013,2026-05-17 00:12:45,2026-05-24 00:12:45,2026-05-26 00:12:45,1450,1450,3279.15,353822.51,18,79809.46,Received
PO000917,SUP00051,PART01069,PLT0018,2026-06-26 16:15:31,2026-07-03 16:15:31,2026-07-03 16:15:31,3048,3048,2205.67,309414.54,0,84351.96,Received
PO000918,SUP00188,PART00433,PLT0017,2026-03-14 02:58:54,2026-05-13 02:58:54,2026-05-13 02:58:54,4871,3472,12.3,2865.35,15,450.08,Received
PO000919,SUP00166,PART01414,PLT0003,2026-03-16 02:56:34,2026-04-06 02:56:34,2026-04-06 02:56:34,462,462,3488.87,107007.37,5,19634.45,Received
PO000920,SUP00095,PART01567,PLT0025,2026-05-16 19:16:24,2026-06-06 19:16:24,2026-06-05 19:16:24,600,600,2252.61,57477.05,0,17067.31,Received
PO000921,SUP00095,PART01191,PLT0015,2026-02-03 11:20:27,2026-02-24 11:20:27,2026-03-01 11:20:27,2767,1580,4871.42,312788.34,0,268660.17,Received
PO000922,SUP00157,PART00282,PLT0005,2026-05-21 06:32:46,2026-07-05 06:32:46,2026-07-04 06:32:46,59,59,306.95,961.14,7.5,236.33,Received
PO000923,SUP00035,PART01280,PLT0029,2026-02-14 09:31:56,2026-03-31 09:31:56,2026-03-30 09:31:56,534,534,1987.49,38892.55,15,21025.85,Received
PO000924,SUP00159,PART01341,PLT0006,2026-05-22 23:22:11,2026-05-29 23:22:11,2026-05-29 23:22:11,590,590,1650.49,75185.46,10,13301.1,Received
PO000925,SUP00138,PART01455,PLT0006,2026-05-17 03:21:59,2026-05-31 03:21:59,2026-05-30 03:21:59,156,156,459.67,4162.15,0,656.49,Received
PO000926,SUP00007,PART01463,PLT0022,2026-01-29 23:38:16,2026-02-12 23:38:16,2026-02-11 23:38:16,1119,1119,2767.84,154494.0,0,47795.54,Received
PO000927,SUP00121,PART00211,PLT0007,2026-03-14 09:58:59,2026-03-21 09:58:59,2026-03-21 09:58:59,1120,1120,3266.2,164893.48,0,40632.36,Received
PO000928,SUP00074,PART00810,PLT0006,2026-01-01 13:26:56,2026-01-11 13:26:56,2026-01-11 13:26:56,2871,2871,50.62,8093.76,15,1722.71,Received
PO000929,SUP00194,PART00728,PLT0012,2026-04-24 12:15:26,2026-05-15 12:15:26,2026-05-14 12:15:26,1131,1131,2947.3,203427.91,0,66201.33,Received
PO000930,SUP00086,PART00183,PLT0013,2026-05-13 13:18:55,2026-06-03 13:18:55,2026-06-14 13:18:55,656,656,4875.54,136528.81,0,57279.36,Received
PO000931,SUP00017,PART00325,PLT0018,2026-05-26 10:56:19,2026-06-05 10:56:19,2026-06-09 10:56:19,1027,427,3989.44,142894.38,18,70953.17,Received
PO000932,SUP00014,PART00136,PLT0019,2026-03-17 04:00:49,2026-03-27 04:00:49,2026-03-26 04:00:49,4698,4698,1376.4,466338.99,0,73050.06,Received
PO000933,SUP00150,PART00028,PLT0016,2026-01-11 20:24:21,2026-01-18 20:24:21,2026-01-16 20:24:21,3471,3471,1794.42,463673.55,15,120275.38,Received
PO000934,SUP00151,PART01796,PLT0028,2026-01-08 21:06:48,2026-01-29 21:06:48,2026-01-26 21:06:48,1303,1303,3057.45,202095.9,12.5,41554.67,Received
PO000935,SUP00086,PART00123,PLT0009,2026-04-23 20:39:04,2026-05-14 20:39:04,2026-05-12 20:39:04,2511,2511,671.38,78321.4,12.5,18329.65,Received
PO000936,SUP00092,PART00402,PLT0021,2026-03-01 10:51:12,2026-04-15 10:51:12,2026-04-14 10:51:12,1890,1890,4444.18,341249.81,7.5,123542.78,Received
PO000937,SUP00013,PART00771,PLT0005,2026-03-30 02:00:02,2026-04-20 02:00:02,2026-04-19 02:00:02,3206,3206,1114.35,260528.2,0,22603.5,Received
PO000938,SUP00191,PART01983,PLT0004,2026-02-19 15:46:17,2026-04-20 15:46:17,2026-04-17 15:46:17,1175,947,4414.87,396583.81,18,80049.93,Received
PO000939,SUP00061,PART00545,PLT0021,2026-01-30 09:08:06,2026-02-09 09:08:06,2026-02-09 09:08:06,4422,4422,945.86,321844.72,0,67333.8,Received
PO000940,SUP00022,PART01905,PLT0013,2026-01-29 15:29:16,2026-03-15 15:29:16,2026-03-13 15:29:16,743,743,1404.19,56603.51,12.5,9342.92,Received
PO000941,SUP00061,PART00411,PLT0017,2026-03-07 19:05:15,2026-03-17 19:05:15,2026-04-01 19:05:15,1147,1147,1554.3,138601.22,7.5,34244.61,Received
PO000942,SUP00174,PART01994,PLT0005,2026-03-12 23:58:28,2026-04-26 23:58:28,2026-04-24 23:58:28,4405,4405,2871.87,439372.03,5,243403.09,Received
PO000943,SUP00135,PART00071,PLT0025,2026-05-14 21:24:58,2026-06-28 21:24:58,2026-06-28 21:24:58,3046,3046,386.51,60914.13,12.5,6380.83,Received
PO000944,SUP00011,PART01472,PLT0008,2026-03-13 19:22:09,2026-03-23 19:22:09,2026-04-05 19:22:09,3248,2306,2927.87,343431.99,10,161104.11,Received
PO000945,SUP00020,PART00822,PLT0018,2026-02-22 02:08:27,2026-04-23 02:08:27,2026-04-21 02:08:27,1683,1683,3486.19,201808.73,10,79001.25,Received
PO000946,SUP00173,PART01755,PLT0008,2026-03-18 07:38:26,2026-03-28 07:38:26,2026-03-25 07:38:26,570,570,907.46,38461.16,0,3199.82,Received
PO000947,SUP00010,PART00702,PLT0009,2026-03-13 20:02:28,2026-05-12 20:02:28,2026-05-12 20:02:28,4741,4741,4589.92,1530357.45,7.5,274636.31,Received
PO000948,SUP00007,PART01668,PLT0010,2026-02-05 23:51:44,2026-02-19 23:51:44,2026-02-18 23:51:44,2696,2696,627.78,71546.74,12.5,18543.18,Received
PO000949,SUP00149,PART01729,PLT0014,2026-02-05 06:53:40,2026-04-06 06:53:40,2026-04-05 06:53:40,160,160,2445.37,30850.88,0,3362.47,Received
PO000950,SUP00170,PART01591,PLT0022,2026-04-25 06:36:53,2026-05-09 06:36:53,2026-05-14 06:36:53,1537,1537,4413.37,515449.86,7.5,39272.79,Received
PO000951,SUP00157,PART01367,PLT0008,2026-05-07 08:19:09,2026-06-21 08:19:09,2026-06-20 08:19:09,2080,2080,1517.49,92938.92,12.5,54443.34,Received
PO000952,SUP00162,PART00616,PLT0024,2026-03-03 12:05:29,2026-03-10 12:05:29,2026-03-14 12:05:29,507,507,15.97,362.4,15,67.93,Received
PO000953,SUP00023,PART01968,PLT0029,2026-05-13 04:09:01,2026-05-27 04:09:01,2026-05-28 04:09:01,4425,4425,1415.9,400057.1,15,119682.11,Received
PO000954,SUP00049,PART01683,PLT0011,2026-06-28 14:21:27,2026-07-05 14:21:27,2026-07-05 14:21:27,700,700,3672.72,136101.0,0,48184.53,Received
PO000955,SUP00158,PART01140,PLT0008,2026-03-03 19:33:05,2026-03-10 19:33:05,2026-03-08 19:33:05,2338,2338,559.28,39977.27,18,22180.31,Received
PO000956,SUP00101,PART00531,PLT0008,2026-05-07 07:29:18,2026-07-06 07:29:18,2026-07-14 07:29:18,448,448,1844.92,26151.0,0,14914.96,Received
PO000957,SUP00096,PART01912,PLT0026,2026-05-12 09:40:33,2026-05-22 09:40:33,2026-05-19 09:40:33,2847,2423,777.04,73786.51,15,26418.45,Received
PO000958,SUP00078,PART00270,PLT0018,2026-03-25 11:49:38,2026-05-24 11:49:38,2026-05-22 11:49:38,3381,3381,2333.92,379412.97,0,72438.13,Received
PO000959,SUP00051,PART00126,PLT0020,2026-06-10 16:01:59,2026-06-17 16:01:59,2026-06-15 16:01:59,1299,1299,1470.75,145094.66,0,10257.11,Received
PO000960,SUP00029,PART01917,PLT0011,2026-03-05 04:51:49,2026-05-04 04:51:49,2026-05-04 04:51:49,347,347,1067.11,10782.39,0,5903.24,Received
PO000961,SUP00109,PART00134,PLT0009,2026-02-06 04:15:39,2026-02-16 04:15:39,2026-02-15 04:15:39,1032,1032,1535.95,89166.52,5,30933.07,Received
PO000962,SUP00141,PART01417,PLT0025,2026-01-24 23:10:08,2026-03-10 23:10:08,2026-03-09 23:10:08,3310,3310,1423.22,271594.13,0,58488.4,Received
PO000963,SUP00029,PART00336,PLT0029,2026-01-07 19:29:43,2026-03-08 19:29:43,2026-03-07 19:29:43,3147,3147,2082.8,269156.05,0,83711.46,Received
PO000964,SUP00072,PART00800,PLT0005,2026-01-06 04:50:44,2026-03-07 04:50:44,2026-03-06 04:50:44,4765,4765,1550.31,527128.24,5,75050.84,Received
PO000965,SUP00011,PART01472,PLT0011,2026-04-30 11:49:59,2026-05-10 11:49:59,2026-05-09 11:49:59,1972,1972,2927.87,167707.96,15,48514.54,Received
PO000966,SUP00183,PART01261,PLT0006,2026-04-12 09:41:11,2026-05-12 09:41:11,2026-05-11 09:41:11,61,61,3124.74,13566.0,5,3188.49,Received
PO000967,SUP00139,PART00461,PLT0004,2026-02-14 00:12:20,2026-02-28 00:12:20,2026-02-28 00:12:20,4205,4205,3910.67,363182.16,12.5,104825.78,Received
PO000968,SUP00120,PART00100,PLT0017,2026-03-31 03:37:46,2026-05-30 03:37:46,2026-05-29 03:37:46,3237,3237,2672.39,581961.85,0,142451.41,Received
PO000969,SUP00066,PART01652,PLT0005,2026-02-08 19:37:00,2026-03-25 19:37:00,2026-03-25 19:37:00,165,165,3488.87,16900.48,0,5937.0,Received
PO000970,SUP00001,PART01731,PLT0026,2026-04-18 12:03:56,2026-06-02 12:03:56,2026-06-01 12:03:56,784,526,4310.71,228546.4,12.5,63690.67,Received
PO000971,SUP00035,PART01560,PLT0008,2026-04-14 17:14:14,2026-05-29 17:14:14,2026-06-11 17:14:14,3347,3347,957.26,126423.71,7.5,22316.67,Received
PO000972,SUP00159,PART00429,PLT0006,2026-05-15 03:36:07,2026-05-22 03:36:07,2026-05-25 03:36:07,1372,932,2821.21,224827.4,7.5,34086.72,Received
PO000973,SUP00126,PART00315,PLT0011,2026-04-19 18:46:56,2026-05-10 18:46:56,2026-05-24 18:46:56,4687,4687,4721.39,1525610.67,0,169942.46,Received
PO000974,SUP00097,PART01962,PLT0011,2026-03-20 15:33:51,2026-03-30 15:33:51,2026-03-29 15:33:51,2815,2815,4603.37,769285.52,12.5,111879.01,Received
PO000975,SUP00048,PART01837,PLT0020,2026-06-03 11:19:29,2026-06-17 11:19:29,2026-06-16 11:19:29,596,276,929.21,12917.77,12.5,8448.42,Received
PO000976,SUP00111,PART01007,PLT0008,2026-01-21 07:11:53,2026-01-31 07:11:53,2026-02-01 07:11:53,4027,4027,4070.51,553177.46,18,315490.31,Received
PO000977,SUP00170,PART01581,PLT0003,2026-05-07 20:08:16,2026-05-21 20:08:16,2026-05-20 20:08:16,161,70,1552.24,16615.58,0,2753.86,Received
PO000978,SUP00061,PART00117,PLT0016,2026-06-02 08:14:42,2026-06-12 08:14:42,2026-06-09 08:14:42,1927,1927,2149.05,261748.7,10,44690.98,Received
PO000979,SUP00158,PART00642,PLT0023,2026-02-23 18:12:32,2026-03-02 18:12:32,2026-03-02 18:12:32,3011,3011,69.76,11367.89,0,4001.77,Received
PO000980,SUP00094,PART01351,PLT0002,2026-03-13 12:20:37,2026-04-03 12:20:37,2026-04-01 12:20:37,639,639,455.66,19212.82,10,2896.88,Received
PO000981,SUP00148,PART00556,PLT0000,2026-04-21 14:24:50,2026-05-21 14:24:50,2026-05-23 14:24:50,4770,4770,273.12,72363.71,5,18061.8,Received
PO000982,SUP00112,PART00923,PLT0017,2026-04-07 10:33:43,2026-05-07 10:33:43,2026-05-06 10:33:43,543,543,335.35,3647.67,0,960.08,Received
PO000983,SUP00016,PART00345,PLT0013,2026-01-31 17:42:41,2026-02-21 17:42:41,2026-02-21 17:42:41,4114,4114,1395.33,365879.96,0,41589.49,Received
PO000984,SUP00051,PART00150,PLT0006,2026-04-21 23:43:34,2026-04-28 23:43:34,2026-04-25 23:43:34,3355,3355,2546.23,461230.18,15,94735.33,Received
PO000985,SUP00044,PART01159,PLT0016,2026-04-03 03:38:24,2026-06-02 03:38:24,2026-06-01 03:38:24,3542,3542,3560.5,618361.41,0,213992.78,Received
PO000986,SUP00017,PART01577,PLT0005,2026-01-26 14:28:22,2026-02-05 14:28:22,2026-02-02 14:28:22,281,281,1169.03,13253.93,18,4277.52,Received
PO000987,SUP00084,PART00973,PLT0020,2026-04-16 18:28:12,2026-04-23 18:28:12,2026-04-22 18:28:12,1753,1361,98.5,12778.75,7.5,1389.17,Received
PO000988,SUP00034,PART01234,PLT0002,2026-05-03 07:51:03,2026-06-02 07:51:03,2026-05-31 07:51:03,2579,2579,2449.26,487826.49,10,48798.17,Received
PO000989,SUP00133,PART00255,PLT0004,2026-01-09 20:53:14,2026-02-23 20:53:14,2026-02-23 20:53:14,2933,2933,4381.91,854355.71,15,219942.73,Received
PO000990,SUP00030,PART00557,PLT0009,2026-04-20 07:57:29,2026-05-20 07:57:29,2026-05-18 07:57:29,3981,3981,2363.74,216398.19,0,106455.63,Received
PO000991,SUP00019,PART01149,PLT0014,2026-03-18 19:49:51,2026-05-17 19:49:51,2026-05-14 19:49:51,4116,4116,4490.24,1004371.86,15,348389.08,Received
PO000992,SUP00194,PART01812,PLT0002,2026-03-23 12:21:40,2026-04-13 12:21:40,2026-04-20 12:21:40,2897,2897,1510.87,347692.63,7.5,78210.32,Received
PO000993,SUP00043,PART00067,PLT0000,2026-03-20 23:23:15,2026-05-19 23:23:15,2026-05-17 23:23:15,1857,1857,2028.14,83829.71,12.5,73915.68,Received
PO000994,SUP00073,PART01157,PLT0013,2026-04-30 16:54:20,2026-06-14 16:54:20,2026-06-11 16:54:20,3665,3665,1137.78,304256.88,10,29441.19,Received
PO000995,SUP00063,PART01425,PLT0012,2026-02-13 06:02:39,2026-03-15 06:02:39,2026-03-15 06:02:39,3088,3088,3573.18,696695.98,0,116078.6,Received
PO000996,SUP00084,PART00225,PLT0005,2026-04-13 17:23:39,2026-04-20 17:23:39,2026-04-17 17:23:39,1740,1740,1181.43,70070.69,0,36591.0,Received
PO000997,SUP00170,PART01257,PLT0009,2026-04-12 20:26:29,2026-04-26 20:26:29,2026-04-24 20:26:29,3273,3273,2486.17,300276.79,12.5,70958.35,Received
PO000998,SUP00145,PART01991,PLT0010,2026-02-20 19:43:40,2026-04-21 19:43:40,2026-05-06 19:43:40,2443,2443,3585.43,336734.46,7.5,147009.85,Received
PO000999,SUP00128,PART01621,PLT0028,2026-03-01 07:02:45,2026-03-22 07:02:45,2026-03-19 07:02:45,4714,3412,2557.58,785824.86,5,211068.95,Received
PO001000,SUP00009,PART01934,PLT0027,2026-02-20 04:35:52,2026-02-27 04:35:52,2026-02-24 04:35:52,2385,2385,3196.39,555402.48,12.5,68282.06,Received
PO001001,SUP00199,PART01076,PLT0024,2026-05-12 06:29:20,2026-05-26 06:29:20,2026-06-07 06:29:20,4648,4648,2183.11,339640.8,10,126915.44,Received
PO001002,SUP00052,PART00262,PLT0019,2026-05-21 09:11:28,2026-06-20 09:11:28,2026-06-19 09:11:28,4765,4765,674.79,167169.62,18,44177.81,Received
PO001003,SUP00096,PART01912,PLT0008,2026-01-20 08:54:37,2026-01-30 08:54:37,2026-01-30 08:54:37,115,94,777.04,4176.0,0,1373.37,Received
PO001004,SUP00125,PART00235,PLT0027,2026-04-03 23:04:37,2026-05-18 23:04:37,2026-05-15 23:04:37,2727,2727,3403.07,659797.39,10,73227.48,Received
PO001005,SUP00163,PART01290,PLT0022,2026-06-02 07:25:28,2026-06-09 07:25:28,2026-06-07 07:25:28,3921,3921,1268.65,138858.24,0,27654.48,Received
PO001006,SUP00165,PART00020,PLT0001,2026-02-28 14:21:21,2026-04-14 14:21:21,2026-04-11 14:21:21,2543,2543,4904.73,297415.92,5,168364.41,Received
PO001007,SUP00077,PART01685,PLT0000,2026-01-28 11:08:07,2026-03-14 11:08:07,2026-03-28 11:08:07,2964,2964,643.67,127304.51,5,30539.87,Received
PO001008,SUP00127,PART00945,PLT0010,2026-06-16 16:46:04,2026-06-26 16:46:04,2026-06-24 16:46:04,4381,4381,65.98,12572.99,10,3970.29,Received
PO001009,SUP00028,PART01286,PLT0021,2026-06-13 00:44:23,2026-06-20 00:44:23,2026-06-20 00:44:23,4599,4295,2454.34,279172.6,5,216333.33,Received
PO001010,SUP00066,PART00534,PLT0022,2026-03-12 00:02:02,2026-04-26 00:02:02,2026-04-25 00:02:02,2174,2174,1724.52,164184.34,5,23505.51,Received
PO001011,SUP00047,PART00456,PLT0029,2026-04-16 06:05:18,2026-04-30 06:05:18,2026-04-30 06:05:18,1726,1726,868.17,46473.33,12.5,11034.03,Received
PO001012,SUP00115,PART01373,PLT0023,2026-01-27 08:33:22,2026-02-10 08:33:22,2026-02-09 08:33:22,1646,1646,4819.52,298002.94,7.5,88044.91,Received
PO001013,SUP00072,PART01343,PLT0003,2026-01-04 15:13:31,2026-03-05 15:13:31,2026-03-02 15:13:31,4796,4796,4317.08,1335186.88,12.5,346213.16,Received
PO001014,SUP00022,PART01106,PLT0026,2026-01-06 10:35:04,2026-02-20 10:35:04,2026-02-18 10:35:04,1203,1203,3587.41,158966.2,0,31482.09,Received
PO001015,SUP00065,PART01648,PLT0020,2026-01-18 09:53:42,2026-03-04 09:53:42,2026-03-01 09:53:42,3639,1584,975.17,127076.07,0,33823.79,Received
PO001016,SUP00171,PART01723,PLT0010,2026-01-12 08:22:30,2026-03-13 08:22:30,2026-03-11 08:22:30,434,434,417.77,12493.14,7.5,2054.61,Received
PO001017,SUP00161,PART00692,PLT0005,2026-03-29 01:57:17,2026-04-28 01:57:17,2026-04-27 01:57:17,1679,1679,4461.07,383636.09,0,107514.37,Received
PO001018,SUP00177,PART00478,PLT0000,2026-01-27 11:10:03,2026-02-17 11:10:03,2026-02-15 11:10:03,3337,3337,875.14,77296.87,5,53054.5,Received
PO001019,SUP00126,PART00470,PLT0000,2026-02-12 14:45:20,2026-03-05 14:45:20,2026-03-02 14:45:20,3887,3887,2817.73,701440.71,0,164889.18,Received
PO001020,SUP00038,PART00876,PLT0025,2026-03-30 14:29:07,2026-05-29 14:29:07,2026-05-29 14:29:07,3634,1737,210.71,37293.09,10,12453.33,Received
PO001021,SUP00019,PART00645,PLT0007,2026-01-12 00:04:49,2026-03-13 00:04:49,2026-03-11 00:04:49,1775,1775,2246.83,305066.41,0,74392.57,Received
PO001022,SUP00085,PART01504,PLT0018,2026-04-18 23:44:49,2026-06-02 23:44:49,2026-05-30 23:44:49,1447,1447,2964.69,141597.32,0,24452.47,Received
PO001023,SUP00022,PART01106,PLT0009,2026-03-31 00:32:39,2026-05-15 00:32:39,2026-05-15 00:32:39,794,794,3587.41,84833.02,0,42523.14,Received
PO001024,SUP00025,PART00271,PLT0009,2026-01-11 02:53:34,2026-02-10 02:53:34,2026-02-11 02:53:34,3649,3649,2566.52,593125.77,7.5,139619.75,Received
PO001025,SUP00156,PART01119,PLT0014,2026-05-22 16:24:10,2026-06-01 16:24:10,2026-06-01 16:24:10,3951,3951,4452.99,1081295.62,10,305649.49,Received
PO001026,SUP00033,PART00847,PLT0003,2026-05-01 20:07:17,2026-05-11 20:07:17,2026-05-10 20:07:17,2210,2210,3296.16,302931.2,18,61268.95,Received
PO001027,SUP00050,PART01786,PLT0029,2026-03-27 13:50:23,2026-04-26 13:50:23,2026-04-23 13:50:23,1265,1265,4505.48,412254.7,0,43875.26,Received
PO001028,SUP00039,PART00648,PLT0019,2026-01-08 18:53:40,2026-01-22 18:53:40,2026-02-01 18:53:40,2861,2861,1656.16,310333.08,7.5,74339.6,Received
PO001029,SUP00018,PART01873,PLT0016,2026-05-21 17:22:47,2026-06-11 17:22:47,2026-06-10 17:22:47,4026,4026,3508.5,441520.35,0,238948.42,Received
PO001030,SUP00037,PART00204,PLT0004,2026-01-17 09:58:04,2026-01-27 09:58:04,2026-01-27 09:58:04,1026,1026,4092.8,327373.22,0,35842.77,Received
PO001031,SUP00038,PART00709,PLT0022,2026-04-18 08:13:46,2026-06-17 08:13:46,2026-06-17 08:13:46,655,655,2575.13,38742.09,15,15804.85,Received
PO001032,SUP00050,PART00073,PLT0025,2026-05-03 04:39:18,2026-06-02 04:39:18,2026-06-12 04:39:18,1287,1287,1185.16,84296.39,7.5,23515.07,Received
PO001033,SUP00115,PART00364,PLT0019,2026-03-03 19:34:09,2026-03-17 19:34:09,2026-03-17 19:34:09,4096,4096,1492.06,186584.48,15,117219.35,Received
PO001034,SUP00195,PART01532,PLT0008,2026-02-18 12:01:41,2026-03-04 12:01:41,2026-03-01 12:01:41,1539,1539,2204.84,141305.04,7.5,24583.42,Received
PO001035,SUP00152,PART00231,PLT0012,2026-02-04 04:54:25,2026-02-25 04:54:25,2026-02-23 04:54:25,2185,2185,3810.49,489255.57,5,155125.01,Received
PO001036,SUP00026,PART01515,PLT0023,2026-01-01 07:01:35,2026-03-02 07:01:35,2026-03-01 07:01:35,1707,959,1644.33,130713.52,0,26864.56,Received
PO001037,SUP00166,PART01721,PLT0016,2026-04-07 21:57:17,2026-04-28 21:57:17,2026-04-26 21:57:17,146,146,3889.77,12067.2,0,2927.48,Received
PO001038,SUP00158,PART00766,PLT0019,2026-05-13 15:33:14,2026-05-20 15:33:14,2026-05-18 15:33:14,634,634,1017.82,46782.39,5,10854.13,Received
PO001039,SUP00152,PART00917,PLT0015,2026-02-19 23:28:17,2026-03-12 23:28:17,2026-03-11 23:28:17,3304,3304,3029.99,595418.98,0,192357.33,Received
PO001040,SUP00109,PART01224,PLT0023,2026-03-03 11:08:52,2026-03-13 11:08:52,2026-03-11 11:08:52,1565,1565,1133.24,88464.07,10,30011.26,Received
PO001041,SUP00018,PART00327,PLT0029,2026-03-11 15:37:45,2026-04-01 15:37:45,2026-04-01 15:37:45,3477,3477,3577.61,546859.3,18,77817.14,Received
PO001042,SUP00097,PART01657,PLT0019,2026-01-26 23:39:07,2026-02-05 23:39:07,2026-02-03 23:39:07,4741,4741,2505.73,349975.85,7.5,80251.71,Received
PO001043,SUP00049,PART00660,PLT0029,2026-06-17 21:43:33,2026-06-24 21:43:33,2026-07-07 21:43:33,3412,3412,224.04,22243.29,10,7443.25,Received
PO001044,SUP00100,PART01361,PLT0022,2026-04-23 22:17:32,2026-06-07 22:17:32,2026-06-04 22:17:32,2051,2051,901.86,116924.35,0,27165.45,Received
PO001045,SUP00035,PART00352,PLT0026,2026-05-01 20:42:04,2026-06-15 20:42:04,2026-06-14 20:42:04,400,400,2556.57,25115.61,7.5,14677.3,Received
PO001046,SUP00145,PART00055,PLT0020,2026-05-10 20:56:31,2026-07-09 20:56:31,2026-07-09 20:56:31,1643,1643,1561.63,67782.58,18,42089.33,Received
PO001047,SUP00015,PART00082,PLT0001,2026-02-22 22:27:39,2026-03-01 22:27:39,2026-02-28 22:27:39,1336,1336,3027.0,236747.95,0,71812.83,Received
PO001048,SUP00008,PART00193,PLT0026,2026-02-03 13:45:09,2026-02-10 13:45:09,2026-02-08 13:45:09,2475,2475,743.14,137396.88,0,28818.5,Received
PO001049,SUP00180,PART01102,PLT0004,2026-06-18 21:14:11,2026-07-02 21:14:11,2026-06-29 21:14:11,4439,4439,41.08,8039.59,0,1196.19,Received
PO001050,SUP00091,PART01193,PLT0003,2026-04-14 01:53:08,2026-04-28 01:53:08,2026-04-28 01:53:08,3240,3240,2307.91,286659.99,0,131289.02,Received
PO001051,SUP00165,PART01379,PLT0000,2026-01-09 06:26:17,2026-02-23 06:26:17,2026-02-22 06:26:17,4719,4263,2768.51,651527.37,18,159474.63,Received
PO001052,SUP00031,PART01703,PLT0010,2026-04-12 03:00:54,2026-06-11 03:00:54,2026-06-08 03:00:54,3340,3340,1547.91,373342.49,7.5,85957.06,Received
PO001053,SUP00138,PART00243,PLT0019,2026-03-26 12:51:07,2026-04-09 12:51:07,2026-04-08 12:51:07,2476,2476,405.85,26838.04,0,15799.69,Received
PO001054,SUP00140,PART00893,PLT0025,2026-01-29 02:57:33,2026-03-15 02:57:33,2026-03-14 02:57:33,1549,1549,2734.39,260108.99,0,39241.84,Received
PO001055,SUP00043,PART01252,PLT0008,2026-04-14 06:49:19,2026-06-13 06:49:19,2026-06-13 06:49:19,2355,2355,4345.36,780389.66,0,64988.91,Received
PO001056,SUP00157,PART01766,PLT0019,2026-03-28 16:54:13,2026-05-12 16:54:13,2026-05-09 16:54:13,4867,4867,3490.92,1335537.64,7.5,231586.55,Received
PO001057,SUP00091,PART01078,PLT0003,2026-05-07 13:05:05,2026-05-21 13:05:05,2026-05-20 13:05:05,958,958,2838.38,57630.44,5,49292.4,Received
PO001058,SUP00132,PART00864,PLT0013,2026-01-05 01:34:20,2026-01-19 01:34:20,2026-01-18 01:34:20,67,67,4914.87,13458.38,5,5341.16,Received
PO001059,SUP00133,PART01104,PLT0010,2026-02-07 13:16:15,2026-03-24 13:16:15,2026-03-23 13:16:15,839,839,1034.77,50274.54,10,14884.11,Received
PO001060,SUP00167,PART00553,PLT0007,2026-06-22 02:26:18,2026-07-06 02:26:18,2026-07-05 02:26:18,4554,4554,4734.88,1641328.01,18,330699.51,Received
PO001061,SUP00006,PART01894,PLT0013,2026-06-13 14:06:27,2026-06-20 14:06:27,2026-06-23 14:06:27,4674,4674,2513.37,278966.1,15,128888.94,Received
PO001062,SUP00121,PART01428,PLT0013,2026-02-01 20:21:39,2026-02-08 20:21:39,2026-02-21 20:21:39,3622,3157,315.66,35029.77,18,22745.39,Received
PO001063,SUP00189,PART00423,PLT0028,2026-04-08 09:37:59,2026-05-23 09:37:59,2026-05-20 09:37:59,1719,1719,2766.56,233121.1,0,59850.09,Received
PO001064,SUP00034,PART01300,PLT0003,2026-05-03 13:10:00,2026-06-02 13:10:00,2026-06-17 13:10:00,3347,3347,3152.63,499023.99,5,121460.28,Received
PO001065,SUP00130,PART00624,PLT0024,2026-01-22 02:23:35,2026-03-23 02:23:35,2026-03-23 02:23:35,1605,1605,4194.89,338999.7,0,53976.01,Received
PO001066,SUP00099,PART00462,PLT0022,2026-04-29 05:05:29,2026-06-28 05:05:29,2026-06-27 05:05:29,2911,1902,4563.82,744044.73,0,171716.56,Received
PO001067,SUP00064,PART00666,PLT0022,2026-01-04 20:12:14,2026-03-05 20:12:14,2026-03-02 20:12:14,4088,4088,442.17,106717.56,12.5,29522.96,Received
PO001068,SUP00166,PART01481,PLT0011,2026-06-10 07:12:37,2026-07-01 07:12:37,2026-07-01 07:12:37,4459,4459,2692.97,857104.12,7.5,104594.49,Received
PO001069,SUP00183,PART00153,PLT0019,2026-01-25 17:53:35,2026-02-24 17:53:35,2026-02-21 17:53:35,3406,3406,333.41,85275.48,0,11679.76,Received
PO001070,SUP00148,PART01215,PLT0013,2026-04-23 12:55:26,2026-05-23 12:55:26,2026-06-03 12:55:26,2073,2073,2527.02,198720.43,15,40194.72,Received
PO001071,SUP00183,PART01383,PLT0000,2026-05-20 01:41:22,2026-06-19 01:41:22,2026-06-22 01:41:22,3251,3251,4609.07,925355.3,12.5,194912.98,Received
PO001072,SUP00059,PART01564,PLT0005,2026-04-29 18:25:41,2026-05-13 18:25:41,2026-05-23 18:25:41,821,821,3618.06,139292.37,7.5,42331.97,Received
PO001073,SUP00041,PART01214,PLT0018,2026-06-23 00:52:10,2026-07-03 00:52:10,2026-07-09 00:52:10,2721,2721,4744.21,469496.59,12.5,186200.88,Received
PO001074,SUP00071,PART00018,PLT0024,2026-03-28 06:45:48,2026-05-27 06:45:48,2026-05-26 06:45:48,4795,1977,4169.3,721444.34,15,142757.21,Received
PO001075,SUP00169,PART01264,PLT0013,2026-03-24 03:33:44,2026-05-23 03:33:44,2026-05-21 03:33:44,565,565,2525.67,77694.15,12.5,17504.29,Received
PO001076,SUP00075,PART01151,PLT0000,2026-04-18 10:18:44,2026-06-17 10:18:44,2026-06-14 10:18:44,2564,2564,2605.83,333277.88,18,68678.58,Received
PO001077,SUP00159,PART01265,PLT0027,2026-04-21 20:57:10,2026-04-28 20:57:10,2026-04-26 20:57:10,666,337,1004.38,37790.98,18,11842.98,Received
PO001078,SUP00120,PART00230,PLT0013,2026-03-31 17:16:40,2026-05-30 17:16:40,2026-05-27 17:16:40,4301,2532,2082.15,393318.68,18,153372.6,Received
PO001079,SUP00126,PART00218,PLT0012,2026-02-26 21:19:35,2026-03-19 21:19:35,2026-03-19 21:19:35,2222,2222,4945.55,226292.1,0,164211.23,Received
PO001080,SUP00174,PART01054,PLT0025,2026-03-18 14:29:46,2026-05-02 14:29:46,2026-05-08 14:29:46,1450,1450,3394.07,360530.97,0,36715.6,Received
PO001081,SUP00045,PART00285,PLT0014,2026-01-08 14:08:49,2026-01-29 14:08:49,2026-01-27 14:08:49,4579,4579,4066.72,440815.72,18,143145.83,Received
PO001082,SUP00056,PART01094,PLT0026,2026-02-19 01:29:36,2026-04-20 01:29:36,2026-04-20 01:29:36,1864,1864,2488.23,336888.27,18,36405.57,Received
PO001083,SUP00067,PART01363,PLT0025,2026-01-08 23:46:05,2026-02-22 23:46:05,2026-02-20 23:46:05,4480,4480,3787.98,969526.11,15,151520.91,Received
PO001084,SUP00002,PART01750,PLT0023,2026-01-21 13:55:55,2026-01-28 13:55:55,2026-01-25 13:55:55,1987,1987,4344.93,652055.23,15,145252.59,Received
PO001085,SUP00020,PART01874,PLT0000,2026-01-10 04:10:11,2026-03-11 04:10:11,2026-03-11 04:10:11,2875,2875,155.78,29373.99,12.5,2923.38,Received
PO001086,SUP00131,PART01819,PLT0027,2026-06-01 04:19:33,2026-06-22 04:19:33,2026-06-21 04:19:33,191,176,2477.65,20464.48,0,6326.8,Received
PO001087,SUP00084,PART01571,PLT0018,2026-02-07 04:50:10,2026-02-14 04:50:10,2026-02-23 04:50:10,2460,2460,772.69,102965.25,18,31206.77,Received
PO001088,SUP00035,PART01871,PLT0023,2026-01-04 18:54:10,2026-02-18 18:54:10,2026-02-15 18:54:10,1377,1377,4139.97,333860.02,0,31174.2,Received
PO001089,SUP00100,PART01292,PLT0024,2026-02-09 14:55:05,2026-03-26 14:55:05,2026-03-26 14:55:05,439,439,1945.41,64168.81,7.5,16436.25,Received
PO001090,SUP00038,PART00516,PLT0004,2026-04-27 18:58:26,2026-06-26 18:58:26,2026-06-26 18:58:26,3272,3272,3909.52,766441.28,12.5,171148.5,Received
PO001091,SUP00024,PART01902,PLT0012,2026-06-08 22:29:14,2026-07-08 22:29:14,2026-07-11 22:29:14,2514,1528,2836.67,479541.98,0,48154.25,Received
PO001092,SUP00126,PART01864,PLT0011,2026-04-29 16:46:47,2026-05-20 16:46:47,2026-05-17 16:46:47,1171,1171,2748.95,146556.25,0,24991.03,Received
PO001093,SUP00026,PART01751,PLT0005,2026-01-25 06:00:08,2026-03-26 06:00:08,2026-03-24 06:00:08,1982,1982,4897.53,564088.95,7.5,112538.48,Received
PO001094,SUP00056,PART00060,PLT0008,2026-04-07 21:03:39,2026-06-06 21:03:39,2026-06-03 21:03:39,2536,2536,2637.04,408501.68,10,70790.76,Received
PO001095,SUP00047,PART00456,PLT0019,2026-03-26 20:54:34,2026-04-09 20:54:34,2026-04-09 20:54:34,1948,1948,868.17,65537.85,15,29522.43,Received
PO001096,SUP00016,PART01985,PLT0004,2026-02-25 19:42:23,2026-03-18 19:42:23,2026-03-16 19:42:23,1837,1837,1872.93,213628.61,0,17374.42,Received
PO001097,SUP00044,PART00510,PLT0012,2026-01-25 19:14:43,2026-03-26 19:14:43,2026-03-26 19:14:43,606,502,605.81,12559.1,0,5323.11,Received
PO001098,SUP00158,PART00948,PLT0015,2026-01-31 11:55:11,2026-02-07 11:55:11,2026-02-05 11:55:11,4441,4441,1227.34,348242.01,10,72685.48,Received
PO001099,SUP00076,PART01458,PLT0021,2026-03-04 09:02:06,2026-03-18 09:02:06,2026-03-17 09:02:06,1532,1532,911.38,53498.71,10,9912.07,Received
PO001100,SUP00090,PART01759,PLT0010,2026-01-20 16:34:22,2026-02-10 16:34:22,2026-02-08 16:34:22,4057,4057,3535.4,359180.41,0,83492.54,Received
PO001101,SUP00135,PART01876,PLT0001,2026-04-13 17:45:07,2026-05-28 17:45:07,2026-05-29 17:45:07,3025,3025,2351.47,181847.23,15,84018.38,Received
PO001102,SUP00046,PART00551,PLT0015,2026-02-14 17:22:26,2026-02-24 17:22:26,2026-02-23 17:22:26,2971,2971,4203.99,472795.85,18,199553.62,Received
PO001103,SUP00063,PART01747,PLT0023,2026-02-27 10:30:43,2026-03-29 10:30:43,2026-03-26 10:30:43,1025,1025,1897.81,73952.41,15,15545.67,Received
PO001104,SUP00029,PART00592,PLT0027,2026-04-28 02:20:41,2026-06-27 02:20:41,2026-06-25 02:20:41,1945,1945,1866.25,188966.45,5,28779.45,Received
PO001105,SUP00164,PART01085,PLT0006,2026-03-23 19:19:54,2026-03-30 19:19:54,2026-03-30 19:19:54,1696,1696,1946.89,193686.27,0,37664.6,Received
PO001106,SUP00038,PART00076,PLT0016,2026-04-03 03:01:26,2026-06-02 03:01:26,2026-06-01 03:01:26,4611,4611,4321.91,1348434.97,15,262049.05,Received
PO001107,SUP00092,PART00402,PLT0000,2026-02-25 09:19:10,2026-04-11 09:19:10,2026-04-18 09:19:10,1556,1556,4444.18,164274.04,0,47253.99,Received
PO001108,SUP00032,PART01416,PLT0009,2026-03-21 08:11:04,2026-05-05 08:11:04,2026-05-04 08:11:04,2732,2732,3626.87,485104.24,18,56974.88,Received
PO001109,SUP00112,PART01048,PLT0018,2026-01-21 20:25:36,2026-02-20 20:25:36,2026-02-17 20:25:36,1590,1590,3852.99,442079.02,15,38683.22,Received
PO001110,SUP00187,PART00981,PLT0014,2026-05-25 03:24:00,2026-06-15 03:24:00,2026-06-14 03:24:00,4903,4903,955.11,259109.87,0,92740.49,Received
PO001111,SUP00107,PART00459,PLT0006,2026-06-07 23:48:10,2026-06-28 23:48:10,2026-06-26 23:48:10,3130,3130,443.17,63531.16,10,8031.26,Received
PO001112,SUP00033,PART01203,PLT0018,2026-04-24 18:11:57,2026-05-04 18:11:57,2026-05-04 18:11:57,968,968,2305.15,124365.46,10,27212.54,Received
PO001113,SUP00193,PART01182,PLT0000,2026-04-14 03:59:55,2026-04-24 03:59:55,2026-05-08 03:59:55,2838,2838,2781.29,491407.75,18,109849.21,Received
PO001114,SUP00105,PART01358,PLT0016,2026-02-26 09:52:18,2026-03-19 09:52:18,2026-03-22 09:52:18,2465,2465,2569.51,406425.89,18,105440.64,Received
PO001115,SUP00080,PART00609,PLT0019,2026-05-26 20:17:54,2026-06-09 20:17:54,2026-06-23 20:17:54,3800,3800,444.66,78203.78,18,31534.31,Received
PO001116,SUP00056,PART00759,PLT0026,2026-04-06 04:51:44,2026-06-05 04:51:44,2026-06-03 04:51:44,4309,4309,342.43,75397.8,0,26026.6,Received
PO001117,SUP00069,PART00105,PLT0005,2026-01-28 20:34:06,2026-02-11 20:34:06,2026-02-08 20:34:06,4463,4463,1428.89,470834.42,0,110324.62,Received
PO001118,SUP00167,PART00612,PLT0016,2026-04-15 22:40:11,2026-04-29 22:40:11,2026-04-26 22:40:11,721,721,4451.1,242534.75,18,30451.64,Received
PO001119,SUP00177,PART01977,PLT0008,2026-03-05 19:59:58,2026-03-26 19:59:58,2026-04-08 19:59:58,2228,2228,697.13,50272.05,15,25485.37,Received
PO001120,SUP00018,PART00327,PLT0016,2026-03-17 23:12:39,2026-04-07 23:12:39,2026-04-09 23:12:39,729,729,3577.61,86218.53,0,21252.71,Received
PO001121,SUP00108,PART01029,PLT0010,2026-03-26 08:31:54,2026-05-25 08:31:54,2026-05-27 08:31:54,721,721,1926.65,78603.44,15,24329.49,Received
PO001122,SUP00011,PART00163,PLT0008,2026-06-27 22:53:57,2026-07-07 22:53:57,2026-07-07 22:53:57,235,235,4127.06,55312.72,0,16973.42,Received
PO001123,SUP00197,PART00911,PLT0014,2026-04-23 01:26:40,2026-05-03 01:26:40,2026-05-01 01:26:40,1260,1260,4548.27,260829.84,12.5,78959.34,Received
PO001124,SUP00019,PART00452,PLT0026,2026-03-14 13:25:22,2026-05-13 13:25:22,2026-05-11 13:25:22,4183,4183,2913.71,258874.79,15,236664.76,Received
PO001125,SUP00053,PART00024,PLT0024,2026-05-10 21:28:03,2026-06-24 21:28:03,2026-06-23 21:28:03,3282,3282,347.71,73794.44,0,15560.16,Received
PO001126,SUP00082,PART01612,PLT0018,2026-01-16 11:59:21,2026-01-26 11:59:21,2026-01-25 11:59:21,4748,2701,1165.88,325377.47,10,56703.49,Received
PO001127,SUP00075,PART00498,PLT0023,2026-03-24 20:03:44,2026-05-23 20:03:44,2026-05-23 20:03:44,4400,4400,1807.34,414320.1,0,141819.49,Received
PO001128,SUP00010,PART01468,PLT0003,2026-01-09 07:04:23,2026-03-10 07:04:23,2026-03-10 07:04:23,1161,1161,4806.95,350913.98,5,61428.14,Received
PO001129,SUP00108,PART01855,PLT0010,2026-04-14 02:18:41,2026-06-13 02:18:41,2026-06-10 02:18:41,3343,3343,1677.55,260170.03,5,86100.99,Received
PO001130,SUP00070,PART01043,PLT0023,2026-04-27 10:15:47,2026-06-11 10:15:47,2026-06-10 10:15:47,1762,1762,1263.99,151243.0,0,34664.97,Received
PO001131,SUP00149,PART01283,PLT0010,2026-04-16 17:47:57,2026-06-15 17:47:57,2026-06-12 17:47:57,790,790,3867.09,236266.4,15,45778.85,Received
PO001132,SUP00149,PART00176,PLT0020,2026-03-06 22:00:28,2026-05-05 22:00:28,2026-05-19 22:00:28,3126,3126,2288.87,352316.9,0,74097.44,Received
PO001133,SUP00083,PART01617,PLT0028,2026-01-23 11:09:18,2026-03-24 11:09:18,2026-03-22 11:09:18,2066,2066,1263.44,158522.98,0,38893.94,Received
PO001134,SUP00045,PART01716,PLT0016,2026-02-16 14:24:26,2026-03-09 14:24:26,2026-03-08 14:24:26,3793,3793,484.76,54249.73,12.5,36684.77,Received
PO001135,SUP00010,PART01331,PLT0012,2026-03-21 14:04:56,2026-05-20 14:04:56,2026-05-19 14:04:56,2466,2466,4976.03,305942.84,7.5,108552.85,Received
PO001136,SUP00174,PART01673,PLT0022,2026-05-13 14:48:48,2026-06-27 14:48:48,2026-06-27 14:48:48,908,908,3023.84,169664.69,10,39864.29,Received
PO001137,SUP00145,PART00419,PLT0010,2026-04-14 23:12:23,2026-06-13 23:12:23,2026-06-24 23:12:23,2504,2504,2556.36,230031.22,10,124502.01,Received
PO001138,SUP00038,PART00076,PLT0006,2026-05-10 23:03:55,2026-07-09 23:03:55,2026-07-09 23:03:55,1158,1158,4321.91,164354.67,7.5,35737.32,Received
PO001139,SUP00129,PART00859,PLT0006,2026-03-23 23:41:27,2026-05-22 23:41:27,2026-05-22 23:41:27,2206,2206,3963.35,529711.9,15,58936.6,Received
PO001140,SUP00082,PART01546,PLT0018,2026-02-14 15:29:22,2026-02-24 15:29:22,2026-02-23 15:29:22,227,227,2495.45,30876.97,0,6387.39,Received
PO001141,SUP00139,PART00823,PLT0008,2026-05-15 23:44:19,2026-05-29 23:44:19,2026-05-29 23:44:19,4716,4716,1336.19,317212.19,7.5,120214.87,Received
PO001142,SUP00129,PART01042,PLT0014,2026-02-22 08:31:53,2026-04-23 08:31:53,2026-05-06 08:31:53,2922,2922,1437.64,262190.73,10,54881.41,Received
PO001143,SUP00083,PART01828,PLT0014,2026-01-27 08:48:10,2026-03-28 08:48:10,2026-03-30 08:48:10,3765,3765,3165.25,378879.6,12.5,203672.25,Received
PO001144,SUP00096,PART01965,PLT0017,2026-01-24 06:23:34,2026-02-03 06:23:34,2026-01-31 06:23:34,2269,2269,4203.08,628855.8,0,76737.06,Received
PO001145,SUP00138,PART01939,PLT0006,2026-04-25 16:37:02,2026-05-09 16:37:02,2026-05-09 16:37:02,4205,4205,2073.2,461194.63,15,128836.04,Received
PO001146,SUP00052,PART00735,PLT0016,2026-02-13 04:40:02,2026-03-15 04:40:02,2026-03-14 04:40:02,3365,3365,4959.03,809222.3,0,291040.36,Received
PO001147,SUP00008,PART00193,PLT0007,2026-05-20 07:36:23,2026-05-27 07:36:23,2026-05-27 07:36:23,973,576,743.14,36702.62,12.5,14128.8,Received
PO001148,SUP00117,PART00381,PLT0017,2026-01-25 19:12:03,2026-03-11 19:12:03,2026-03-09 19:12:03,2216,2216,234.48,40629.84,7.5,3126.64,Received
PO001149,SUP00000,PART01735,PLT0005,2026-06-17 10:52:20,2026-06-24 10:52:20,2026-07-09 10:52:20,746,746,2118.14,100258.88,10,18571.54,Received
PO001150,SUP00058,PART00274,PLT0000,2026-02-22 03:26:41,2026-03-08 03:26:41,2026-03-08 03:26:41,211,211,1479.49,19170.03,7.5,2027.74,Received
PO001151,SUP00100,PART00440,PLT0005,2026-02-22 13:39:31,2026-04-08 13:39:31,2026-04-07 13:39:31,4562,4562,4255.31,457554.69,15,305144.82,Received
PO001152,SUP00170,PART00633,PLT0003,2026-05-04 04:00:50,2026-05-18 04:00:50,2026-05-21 04:00:50,2319,2319,2813.59,312775.05,18,79079.82,Received
PO001153,SUP00051,PART01524,PLT0012,2026-02-19 15:55:29,2026-02-26 15:55:29,2026-03-08 15:55:29,3383,3383,981.06,101716.33,0,65973.07,Received
PO001154,SUP00146,PART01724,PLT0009,2026-06-04 01:44:57,2026-06-25 01:44:57,2026-06-23 01:44:57,164,164,120.02,1444.84,5,149.31,Received
PO001155,SUP00037,PART00204,PLT0003,2026-04-14 14:36:49,2026-04-24 14:36:49,2026-04-25 14:36:49,340,340,4092.8,59773.16,12.5,9028.74,Received
PO001156,SUP00107,PART00781,PLT0006,2026-01-10 18:13:51,2026-01-31 18:13:51,2026-01-30 18:13:51,4524,4524,2367.57,660513.76,0,62566.13,Received
PO001157,SUP00075,PART01904,PLT0004,2026-01-07 19:48:04,2026-03-08 19:48:04,2026-03-06 19:48:04,1986,1986,2276.77,308175.26,0,27361.4,Received
PO001158,SUP00179,PART00738,PLT0006,2026-03-21 11:20:13,2026-04-20 11:20:13,2026-04-30 11:20:13,305,305,3740.33,54633.83,10,6217.79,Received
PO001159,SUP00015,PART00196,PLT0015,2026-02-17 06:18:10,2026-02-24 06:18:10,2026-02-24 06:18:10,262,262,4364.72,37704.52,15,7252.58,Received
PO001160,SUP00011,PART01541,PLT0024,2026-01-07 17:16:53,2026-01-17 17:16:53,2026-01-16 17:16:53,1362,1362,4885.02,214582.92,12.5,89791.42,Received
PO001161,SUP00014,PART01522,PLT0016,2026-04-02 18:32:27,2026-04-12 18:32:27,2026-04-23 18:32:27,3243,3243,2934.27,296306.74,0,162378.01,Received
PO001162,SUP00044,PART00519,PLT0010,2026-02-24 05:45:41,2026-04-25 05:45:41,2026-04-25 05:45:41,4113,4113,2862.26,353539.59,0,142557.79,Received
PO001163,SUP00143,PART00012,PLT0014,2026-02-19 20:56:21,2026-04-05 20:56:21,2026-04-02 20:56:21,490,234,2360.03,38780.34,7.5,10866.87,Received
PO001164,SUP00083,PART01610,PLT0029,2026-01-26 13:58:28,2026-03-27 13:58:28,2026-03-26 13:58:28,810,810,224.84,3810.65,10,1405.29,Received
PO001165,SUP00191,PART01866,PLT0018,2026-02-22 09:43:23,2026-04-23 09:43:23,2026-04-22 09:43:23,189,189,2891.49,20933.61,15,9272.62,Received
PO001166,SUP00190,PART00971,PLT0028,2026-02-05 00:14:00,2026-04-06 00:14:00,2026-04-06 00:14:00,1755,1755,3921.03,311314.71,10,67004.91,Received
PO001167,SUP00139,PART00460,PLT0029,2026-01-26 08:24:25,2026-02-09 08:24:25,2026-02-09 08:24:25,3864,3864,1249.49,183496.39,18,25885.95,Received
PO001168,SUP00165,PART01987,PLT0021,2026-01-27 00:11:22,2026-03-13 00:11:22,2026-03-11 00:11:22,2991,2991,1470.9,180577.38,12.5,24442.67,Received
PO001169,SUP00074,PART00216,PLT0003,2026-04-22 15:33:57,2026-05-02 15:33:57,2026-04-30 15:33:57,4449,4449,935.63,293446.33,0,71103.12,Received
PO001170,SUP00022,PART01106,PLT0028,2026-03-20 13:35:18,2026-05-04 13:35:18,2026-05-16 13:35:18,2389,2389,3587.41,583981.99,12.5,75671.57,Received
PO001171,SUP00175,PART01138,PLT0013,2026-06-03 15:05:24,2026-06-17 15:05:24,2026-06-26 15:05:24,3501,3501,2878.27,481838.8,0,187608.47,Received
PO001172,SUP00032,PART01024,PLT0016,2026-02-22 06:43:21,2026-04-08 06:43:21,2026-04-06 06:43:21,243,243,1445.91,11891.04,18,6902.86,Received
PO001173,SUP00078,PART01156,PLT0003,2026-04-22 01:11:12,2026-06-21 01:11:12,2026-06-19 01:11:12,4696,4696,1523.89,330837.65,0,41185.85,Received
PO001174,SUP00056,PART01169,PLT0023,2026-04-13 17:43:18,2026-06-12 17:43:18,2026-06-25 17:43:18,1701,1701,1543.87,204094.04,0,45967.88,Received
PO001175,SUP00049,PART01608,PLT0010,2026-02-14 18:01:37,2026-02-21 18:01:37,2026-02-19 18:01:37,4226,4226,4946.51,981290.89,0,262606.83,Received
PO001176,SUP00120,PART00240,PLT0007,2026-04-22 11:25:35,2026-06-21 11:25:35,2026-06-28 11:25:35,2659,2659,4673.24,388310.82,0,93476.77,Received
PO001177,SUP00173,PART00340,PLT0006,2026-05-25 08:52:09,2026-06-04 08:52:09,2026-06-03 08:52:09,169,169,4246.65,28514.45,5,11784.68,Received
PO001178,SUP00106,PART00004,PLT0001,2026-01-05 00:06:06,2026-01-15 00:06:06,2026-01-12 00:06:06,2087,2087,4548.59,613494.36,12.5,112031.07,Received
PO001179,SUP00148,PART01215,PLT0003,2026-04-29 20:59:44,2026-05-29 20:59:44,2026-05-29 20:59:44,1043,1043,2527.02,116949.49,0,14093.36,Received
PO001180,SUP00013,PART01955,PLT0027,2026-06-15 03:07:36,2026-07-06 03:07:36,2026-07-05 03:07:36,1975,1975,967.34,94891.17,15,30821.02,Received
PO001181,SUP00095,PART01191,PLT0021,2026-04-14 06:59:07,2026-05-05 06:59:07,2026-05-15 06:59:07,3816,3816,4871.42,1060829.52,12.5,95430.15,Received
PO001182,SUP00087,PART01628,PLT0023,2026-03-07 09:46:50,2026-04-21 09:46:50,2026-04-21 09:46:50,4536,4536,1148.91,416908.62,12.5,45204.99,Received
PO001183,SUP00064,PART00103,PLT0000,2026-04-26 20:56:28,2026-06-25 20:56:28,2026-07-05 20:56:28,4269,4269,4007.29,567051.19,12.5,116005.28,Received
PO001184,SUP00117,PART00198,PLT0023,2026-02-17 10:36:24,2026-04-03 10:36:24,2026-04-05 10:36:24,837,837,1887.24,39663.9,0,23587.35,Received
PO001185,SUP00069,PART01137,PLT0020,2026-03-13 17:26:08,2026-03-27 17:26:08,2026-03-25 17:26:08,4156,4156,168.41,38075.12,7.5,5075.21,Received
PO001186,SUP00116,PART00037,PLT0006,2026-05-04 11:36:40,2026-05-25 11:36:40,2026-05-25 11:36:40,610,610,4973.17,119635.94,5,27806.32,Received
PO001187,SUP00075,PART00841,PLT0000,2026-03-28 16:44:12,2026-05-27 16:44:12,2026-05-25 16:44:12,2371,2371,349.04,51510.86,12.5,9499.83,Received
PO001188,SUP00021,PART00303,PLT0022,2026-01-11 10:06:48,2026-02-10 10:06:48,2026-02-09 10:06:48,2237,1781,3400.08,521821.87,18,141880.01,Received
PO001189,SUP00174,PART01410,PLT0016,2026-01-30 13:20:18,2026-03-16 13:20:18,2026-03-27 13:20:18,1872,1872,4863.44,507912.29,7.5,177737.04,Received
PO001190,SUP00039,PART00305,PLT0028,2026-03-17 22:34:27,2026-03-31 22:34:27,2026-03-29 22:34:27,4152,2795,1903.1,484606.57,0,94927.0,Received
PO001191,SUP00083,PART01617,PLT0029,2026-03-11 14:46:56,2026-05-10 14:46:56,2026-05-09 14:46:56,3421,3421,1263.44,333079.98,5,43942.42,Received
PO001192,SUP00012,PART00930,PLT0000,2026-01-02 15:14:45,2026-02-01 15:14:45,2026-01-31 15:14:45,825,584,2583.05,60455.55,10,14081.21,Received
PO001193,SUP00118,PART00237,PLT0021,2026-03-23 07:09:25,2026-04-02 07:09:25,2026-04-13 07:09:25,1497,1497,2286.71,268629.74,10,46100.0,Received
PO001194,SUP00116,PART00587,PLT0021,2026-06-18 05:08:45,2026-07-09 05:08:45,2026-07-11 05:08:45,309,309,4524.37,78425.17,5,8151.52,Received
PO001195,SUP00197,PART00873,PLT0013,2026-01-05 13:39:55,2026-01-15 13:39:55,2026-01-14 13:39:55,4650,4650,396.99,52794.7,0,10050.33,Received
PO001196,SUP00166,PART01481,PLT0028,2026-05-25 18:55:23,2026-06-15 18:55:23,2026-06-19 18:55:23,1091,1091,2692.97,233315.77,12.5,17715.31,Received
PO001197,SUP00086,PART00183,PLT0004,2026-01-06 16:51:04,2026-01-27 16:51:04,2026-01-25 16:51:04,4411,4411,4875.54,444995.86,12.5,247929.7,Received
PO001198,SUP00117,PART00665,PLT0007,2026-05-22 20:26:17,2026-07-06 20:26:17,2026-07-19 20:26:17,2168,2168,3735.72,514486.44,7.5,120079.41,In Transit
PO001199,SUP00002,PART01830,PLT0004,2026-03-27 09:38:40,2026-04-03 09:38:40,2026-04-02 09:38:40,2506,2506,4926.38,962746.84,0,176918.4,Received
PO001200,SUP00171,PART00681,PLT0007,2026-01-02 07:53:36,2026-03-03 07:53:36,2026-03-02 07:53:36,2582,2582,3225.15,240943.56,5,85320.52,Received
PO001201,SUP00023,PART01968,PLT0013,2026-01-17 03:09:13,2026-01-31 03:09:13,2026-01-28 03:09:13,4430,4430,1415.9,479289.93,0,101875.66,Received
PO001202,SUP00106,PART00258,PLT0026,2026-03-31 02:23:00,2026-04-10 02:23:00,2026-04-09 02:23:00,3279,3279,3930.09,260668.34,12.5,228218.94,Received
PO001203,SUP00031,PART01440,PLT0025,2026-03-17 05:32:23,2026-05-16 05:32:23,2026-05-31 05:32:23,3328,2897,4096.53,498482.36,0,263747.39,Received
PO001204,SUP00041,PART01272,PLT0028,2026-03-27 19:32:31,2026-04-06 19:32:31,2026-04-13 19:32:31,4521,4521,1338.34,431867.44,7.5,101962.91,Received
PO001205,SUP00003,PART00600,PLT0015,2026-04-01 16:45:27,2026-04-11 16:45:27,2026-04-22 16:45:27,1357,1357,321.36,25444.16,10,2278.84,Received
PO001206,SUP00141,PART00845,PLT0029,2026-01-22 03:17:31,2026-03-08 03:17:31,2026-03-13 03:17:31,4150,4150,2622.73,866450.35,0,74920.23,Received
PO001207,SUP00080,PART00641,PLT0027,2026-02-22 19:01:49,2026-03-08 19:01:49,2026-03-13 19:01:49,489,489,4783.73,105632.23,12.5,30913.71,Received
PO001208,SUP00045,PART01940,PLT0003,2026-01-30 06:51:10,2026-02-20 06:51:10,2026-02-17 06:51:10,2120,2120,4870.48,671901.75,0,106906.88,Received
PO001209,SUP00189,PART01177,PLT0025,2026-02-03 09:53:34,2026-03-20 09:53:34,2026-03-17 09:53:34,2314,2314,1082.4,146696.44,0,41317.66,Received
PO001210,SUP00150,PART00207,PLT0021,2026-05-18 22:02:22,2026-05-25 22:02:22,2026-05-24 22:02:22,4528,4528,690.68,162223.77,15,27321.47,Received
PO001211,SUP00173,PART01755,PLT0021,2026-03-25 07:26:44,2026-04-04 07:26:44,2026-04-03 07:26:44,2813,2813,907.46,171890.92,18,46245.65,Received
PO001212,SUP00108,PART01029,PLT0025,2026-02-04 17:07:44,2026-04-05 17:07:44,2026-04-03 17:07:44,4856,4856,1926.65,488470.9,12.5,103636.9,Received
PO001213,SUP00074,PART01773,PLT0024,2026-01-04 13:13:17,2026-01-14 13:13:17,2026-01-14 13:13:17,875,437,4254.63,110417.81,10,35980.99,Received
PO001214,SUP00154,PART01344,PLT0023,2026-02-24 04:04:31,2026-03-06 04:04:31,2026-03-05 04:04:31,2074,964,3720.28,340168.49,7.5,109329.98,Received
PO001215,SUP00141,PART01947,PLT0016,2026-03-24 07:26:32,2026-05-08 07:26:32,2026-05-07 07:26:32,4118,4118,1063.3,275032.1,18,47183.48,Received
PO001216,SUP00129,PART00119,PLT0006,2026-02-01 16:21:37,2026-04-02 16:21:37,2026-04-01 16:21:37,910,910,4767.25,230121.97,0,26908.66,Received
PO001217,SUP00063,PART01653,PLT0008,2026-01-07 07:09:07,2026-02-06 07:09:07,2026-02-10 07:09:07,2489,1645,4721.6,317383.09,0,191008.47,Received
PO001218,SUP00173,PART01016,PLT0023,2026-01-20 04:54:50,2026-01-30 04:54:50,2026-01-27 04:54:50,4594,4594,1502.18,461266.99,0,126077.34,Received
PO001219,SUP00140,PART01551,PLT0012,2026-01-31 05:05:34,2026-03-17 05:05:34,2026-03-15 05:05:34,467,467,4677.82,77556.11,7.5,38624.92,Received
PO001220,SUP00196,PART01302,PLT0014,2026-06-09 12:21:13,2026-06-30 12:21:13,2026-06-28 12:21:13,127,127,793.32,2480.76,15,1018.69,Received
PO001221,SUP00160,PART00691,PLT0016,2026-02-02 03:58:40,2026-02-09 03:58:40,2026-02-09 03:58:40,3921,2771,986.18,234173.13,15,49645.2,Received
PO001222,SUP00029,PART00007,PLT0015,2026-01-27 17:16:15,2026-03-28 17:16:15,2026-03-28 17:16:15,1907,1907,3734.06,546380.19,0,81186.83,Received
PO001223,SUP00192,PART01131,PLT0022,2026-04-10 10:01:34,2026-06-09 10:01:34,2026-06-06 10:01:34,1316,1316,2478.95,104942.12,12.5,28609.42,Received
PO001224,SUP00077,PART01004,PLT0024,2026-01-24 10:06:14,2026-03-10 10:06:14,2026-03-07 10:06:14,2825,2825,2782.97,176256.53,12.5,105309.02,Received
PO001225,SUP00085,PART00217,PLT0028,2026-01-02 08:30:06,2026-02-16 08:30:06,2026-02-14 08:30:06,4531,4531,1495.47,429377.85,18,71114.17,Received
PO001226,SUP00027,PART00720,PLT0014,2026-06-18 09:07:33,2026-06-25 09:07:33,2026-06-26 09:07:33,170,170,1152.92,6940.94,7.5,1550.79,Received
PO001227,SUP00100,PART01572,PLT0004,2026-02-11 09:59:26,2026-03-28 09:59:26,2026-03-31 09:59:26,1379,643,4900.96,372421.67,12.5,94867.81,Received
PO001228,SUP00101,PART01563,PLT0012,2026-04-18 02:06:40,2026-06-17 02:06:40,2026-06-14 02:06:40,2176,2176,4946.43,520192.22,12.5,183115.09,Received
PO001229,SUP00030,PART01397,PLT0021,2026-03-11 05:26:40,2026-04-10 05:26:40,2026-04-10 05:26:40,2064,2064,2538.99,413748.97,10,80990.09,Received
PO001230,SUP00066,PART01924,PLT0028,2026-01-28 13:56:34,2026-03-14 13:56:34,2026-03-14 13:56:34,995,995,2626.27,192533.3,0,28289.65,Received
PO001231,SUP00093,PART00009,PLT0015,2026-06-30 03:35:55,2026-07-07 03:35:55,2026-07-06 03:35:55,3031,3031,4836.51,1120877.37,18,241920.06,Received
PO001232,SUP00083,PART01828,PLT0025,2026-01-31 09:31:57,2026-04-01 09:31:57,2026-03-31 09:31:57,971,971,3165.25,221111.16,0,28670.37,Received
PO001233,SUP00026,PART01751,PLT0009,2026-04-08 17:57:49,2026-06-07 17:57:49,2026-06-07 17:57:49,133,133,4897.53,17214.59,12.5,9125.91,Received
PO001234,SUP00097,PART01657,PLT0002,2026-06-08 01:44:09,2026-06-18 01:44:09,2026-06-17 01:44:09,433,433,2505.73,45675.6,0,11561.4,Received
PO001235,SUP00101,PART01473,PLT0011,2026-04-17 19:24:59,2026-06-16 19:24:59,2026-06-28 19:24:59,2432,2432,2817.59,463572.17,5,102896.69,Received
PO001236,SUP00087,PART01916,PLT0019,2026-03-06 01:53:14,2026-04-20 01:53:14,2026-04-20 01:53:14,815,815,2010.59,34451.49,0,29834.5,Received
PO001237,SUP00095,PART00565,PLT0029,2026-04-07 19:57:56,2026-04-28 19:57:56,2026-04-27 19:57:56,4068,4068,193.44,53906.03,12.5,14032.91,Received
PO001238,SUP00008,PART00250,PLT0010,2026-04-02 17:49:00,2026-04-09 17:49:00,2026-04-07 17:49:00,2679,2679,1034.38,207454.95,0,19542.48,Received
PO001239,SUP00017,PART01577,PLT0002,2026-06-25 21:29:13,2026-07-05 21:29:13,2026-07-02 21:29:13,2749,2749,1169.03,90108.5,10,52948.81,Received
PO001240,SUP00013,PART01019,PLT0016,2026-01-20 02:52:04,2026-02-10 02:52:04,2026-02-08 02:52:04,1317,1317,1849.27,185908.87,0,40030.69,Received
PO001241,SUP00095,PART01663,PLT0019,2026-03-31 16:25:21,2026-04-21 16:25:21,2026-04-18 16:25:21,204,204,3666.55,50268.54,12.5,12248.62,Received
PO001242,SUP00151,PART01725,PLT0011,2026-05-30 20:23:29,2026-06-20 20:23:29,2026-06-17 20:23:29,3888,3888,3470.16,559730.83,15,88051.16,Received
PO001243,SUP00073,PART00943,PLT0006,2026-01-12 20:57:41,2026-02-26 20:57:41,2026-03-06 20:57:41,1053,1053,3652.16,262780.42,15,49892.04,Received
PO001244,SUP00110,PART01313,PLT0024,2026-02-14 15:19:08,2026-02-28 15:19:08,2026-02-28 15:19:08,1823,1823,3733.48,266004.21,5,88147.22,Received
PO001245,SUP00178,PART01589,PLT0005,2026-03-27 21:16:10,2026-05-26 21:16:10,2026-05-26 21:16:10,2521,2521,1926.4,191631.11,15,73214.86,Received
PO001246,SUP00115,PART00785,PLT0001,2026-02-01 10:57:49,2026-02-15 10:57:49,2026-02-13 10:57:49,2176,2176,2385.31,226643.62,18,57314.85,Received
PO001247,SUP00096,PART00302,PLT0028,2026-03-29 13:11:54,2026-04-08 13:11:54,2026-04-06 13:11:54,424,424,2455.56,47598.23,0,5366.42,Received
PO001248,SUP00106,PART01336,PLT0028,2026-03-15 06:05:53,2026-03-25 06:05:53,2026-03-24 06:05:53,3967,3462,2632.45,651475.97,10,84835.09,Received
PO001249,SUP00075,PART01123,PLT0029,2026-03-19 20:16:03,2026-05-18 20:16:03,2026-05-17 20:16:03,2983,2983,860.15,84860.35,18,29426.35,Received
PO001250,SUP00028,PART01032,PLT0026,2026-04-03 06:30:55,2026-04-10 06:30:55,2026-04-07 06:30:55,297,297,2842.91,43079.08,18,16806.44,Received
PO001251,SUP00016,PART01211,PLT0021,2026-02-15 09:22:54,2026-03-08 09:22:54,2026-03-06 09:22:54,3085,3085,599.02,65755.62,10,31088.7,Received
PO001252,SUP00080,PART01407,PLT0016,2026-06-11 23:51:29,2026-06-25 23:51:29,2026-06-24 23:51:29,3935,3935,4718.5,837147.51,0,359368.12,Received
PO001253,SUP00179,PART00670,PLT0019,2026-03-29 06:13:31,2026-04-28 06:13:31,2026-04-26 06:13:31,122,122,3781.02,28096.23,10,5153.66,Received
PO001254,SUP00134,PART00118,PLT0023,2026-04-02 23:33:19,2026-04-12 23:33:19,2026-04-09 23:33:19,4144,4144,940.63,158474.78,0,45002.12,Received
PO001255,SUP00128,PART00157,PLT0018,2026-05-17 19:02:19,2026-06-07 19:02:19,2026-06-11 19:02:19,4366,4366,3840.07,1185416.9,15,136655.39,Received
PO001256,SUP00097,PART00824,PLT0023,2026-06-12 14:04:11,2026-06-22 14:04:11,2026-06-21 14:04:11,1526,1526,965.0,45007.98,0,18012.99,Received
PO001257,SUP00085,PART00217,PLT0024,2026-01-15 13:34:40,2026-03-01 13:34:40,2026-03-15 13:34:40,3089,3089,1495.47,228230.18,0,90222.11,Received
PO001258,SUP00126,PART00218,PLT0013,2026-02-01 22:04:26,2026-02-22 22:04:26,2026-02-20 22:04:26,1341,1341,4945.55,348787.37,0,61904.59,Received
PO001259,SUP00026,PART01714,PLT0017,2026-03-20 11:28:03,2026-05-19 11:28:03,2026-05-18 11:28:03,315,315,1814.32,43663.32,12.5,11047.48,Received
PO001260,SUP00190,PART00016,PLT0006,2026-04-24 12:01:59,2026-06-23 12:01:59,2026-06-26 12:01:59,1583,1583,1946.29,94927.89,12.5,61383.93,Received
PO001261,SUP00037,PART01164,PLT0025,2026-04-17 17:17:21,2026-04-27 17:17:21,2026-04-25 17:17:21,1560,1560,2025.79,114142.09,0,18671.44,Received
PO001262,SUP00149,PART01118,PLT0000,2026-01-14 20:59:40,2026-03-15 20:59:40,2026-03-15 20:59:40,1819,1819,4457.37,201264.64,5,94739.22,Received
PO001263,SUP00053,PART01594,PLT0001,2026-03-08 11:51:18,2026-04-22 11:51:18,2026-04-22 11:51:18,2435,2435,2053.43,162606.89,12.5,87636.59,Received
PO001264,SUP00177,PART00375,PLT0008,2026-02-24 07:19:26,2026-03-17 07:19:26,2026-03-16 07:19:26,976,626,2017.24,105907.27,15,22638.49,Received
PO001265,SUP00111,PART00494,PLT0029,2026-04-18 19:27:08,2026-04-28 19:27:08,2026-04-27 19:27:08,4660,4660,4712.5,963218.55,10,195482.31,Received
PO001266,SUP00081,PART00320,PLT0028,2026-03-09 22:09:30,2026-03-30 22:09:30,2026-03-28 22:09:30,940,940,1574.35,49042.09,5,10223.53,Received
PO001267,SUP00104,PART01435,PLT0005,2026-05-28 05:03:05,2026-06-07 05:03:05,2026-06-07 05:03:05,1361,632,4608.88,271337.58,10,92730.75,Received
PO001268,SUP00023,PART00611,PLT0024,2026-04-20 08:45:33,2026-05-04 08:45:33,2026-05-05 08:45:33,1077,1077,2787.87,189494.78,15,32808.69,Received
PO001269,SUP00131,PART00678,PLT0026,2026-02-03 07:55:33,2026-02-24 07:55:33,2026-02-23 07:55:33,4579,4579,2066.21,391256.16,5,130769.36,Received
PO001270,SUP00169,PART00542,PLT0019,2026-05-02 16:10:33,2026-07-01 16:10:33,2026-07-01 16:10:33,3758,3758,2924.51,553251.36,18,126638.42,Received
PO001271,SUP00001,PART01671,PLT0000,2026-03-23 07:15:50,2026-05-07 07:15:50,2026-05-05 07:15:50,3431,3431,488.73,35719.93,0,22108.37,Received
PO001272,SUP00080,PART01362,PLT0022,2026-01-21 01:19:56,2026-02-04 01:19:56,2026-02-03 01:19:56,4924,4924,2084.18,319884.72,0,190490.26,Received
PO001273,SUP00061,PART01590,PLT0026,2026-02-28 02:48:24,2026-03-10 02:48:24,2026-03-14 02:48:24,316,316,1970.79,32715.85,0,8576.61,Received
PO001274,SUP00091,PART00355,PLT0028,2026-01-31 11:06:06,2026-02-14 11:06:06,2026-02-13 11:06:06,2075,2075,4210.72,178184.14,0,75753.46,Received
PO001275,SUP00173,PART00137,PLT0001,2026-01-30 21:31:31,2026-02-09 21:31:31,2026-02-24 21:31:31,2764,2764,1819.74,394361.09,0,71789.16,Received
PO001276,SUP00133,PART01493,PLT0007,2026-03-07 13:32:16,2026-04-21 13:32:16,2026-04-21 13:32:16,1901,1367,4668.15,610449.12,18,82286.08,Received
PO001277,SUP00133,PART01604,PLT0006,2026-05-02 03:01:59,2026-06-16 03:01:59,2026-06-15 03:01:59,1628,914,3485.23,197325.31,0,78762.62,Received
PO001278,SUP00078,PART00270,PLT0000,2026-04-15 08:28:56,2026-06-14 08:28:56,2026-06-13 08:28:56,1053,1053,2333.92,191583.8,7.5,40034.3,Received
PO001279,SUP00182,PART00185,PLT0005,2026-04-23 14:00:20,2026-05-23 14:00:20,2026-05-21 14:00:20,4952,4952,206.07,75983.77,0,19664.93,Received
PO001280,SUP00196,PART00241,PLT0004,2026-02-17 03:11:20,2026-03-10 03:11:20,2026-03-17 03:11:20,1672,1672,2047.29,162894.07,10,31382.11,Received
PO001281,SUP00109,PART00134,PLT0029,2026-01-03 21:22:50,2026-01-13 21:22:50,2026-01-11 21:22:50,811,811,1535.95,92304.59,10,17852.75,Received
PO001282,SUP00125,PART01631,PLT0003,2026-04-24 18:45:24,2026-06-08 18:45:24,2026-06-05 18:45:24,3706,3706,3150.76,394028.47,15,123605.7,Received
PO001283,SUP00002,PART01479,PLT0012,2026-01-25 21:01:49,2026-02-01 21:01:49,2026-02-15 21:01:49,2295,2295,3045.89,203199.35,18,100963.46,Received
PO001284,SUP00074,PART00816,PLT0008,2026-03-16 09:21:09,2026-03-26 09:21:09,2026-03-25 09:21:09,258,163,4268.14,51660.91,5,5942.79,Received
PO001285,SUP00056,PART01169,PLT0018,2026-01-31 17:54:50,2026-04-01 17:54:50,2026-03-30 17:54:50,2633,1444,1543.87,127897.86,0,24153.96,Received
PO001286,SUP00137,PART01415,PLT0007,2026-06-17 00:10:09,2026-07-01 00:10:09,2026-07-01 00:10:09,2653,2653,4405.47,380937.87,0,76034.56,Received
PO001287,SUP00145,PART01310,PLT0003,2026-02-28 03:49:49,2026-04-29 03:49:49,2026-04-29 03:49:49,4288,2859,449.86,107014.69,0,17194.96,Received
PO001288,SUP00087,PART01239,PLT0004,2026-03-14 16:39:07,2026-04-28 16:39:07,2026-04-26 16:39:07,1125,1125,2453.8,70684.51,18,23585.94,Received
PO001289,SUP00185,PART01676,PLT0008,2026-05-03 00:00:32,2026-07-02 00:00:32,2026-06-30 00:00:32,4471,4471,2287.31,566981.57,0,97537.55,Received
PO001290,SUP00011,PART01111,PLT0015,2026-04-06 15:51:37,2026-04-16 15:51:37,2026-04-13 15:51:37,3181,3181,2490.09,252651.07,5,144236.34,Received
PO001291,SUP00140,PART01551,PLT0005,2026-04-25 08:31:38,2026-06-09 08:31:38,2026-06-06 08:31:38,2952,2952,4677.82,999164.42,0,103414.17,Received
PO001292,SUP00134,PART00956,PLT0022,2026-04-16 10:06:19,2026-04-26 10:06:19,2026-04-23 10:06:19,2302,2302,3474.62,409414.43,18,134249.3,Received
PO001293,SUP00052,PART00735,PLT0023,2026-04-13 09:21:26,2026-05-13 09:21:26,2026-05-12 09:21:26,2676,2676,4959.03,831203.7,15,93219.47,Received
PO001294,SUP00071,PART01614,PLT0005,2026-01-04 11:50:13,2026-03-05 11:50:13,2026-03-03 11:50:13,3309,3309,1104.38,217464.65,0,38137.94,Received
PO001295,SUP00100,PART01892,PLT0006,2026-05-04 19:39:17,2026-06-18 19:39:17,2026-06-30 19:39:17,3107,3107,2503.58,428883.2,0,103702.56,Received
PO001296,SUP00137,PART00353,PLT0005,2026-06-18 20:31:10,2026-07-02 20:31:10,2026-07-02 20:31:10,4418,4418,2118.08,596647.07,12.5,70370.11,Received
PO001297,SUP00070,PART01808,PLT0009,2026-03-28 20:12:22,2026-05-12 20:12:22,2026-05-09 20:12:22,1595,1595,3025.55,169466.53,0,70898.92,Received
PO001298,SUP00182,PART00185,PLT0027,2026-02-02 22:03:12,2026-03-04 22:03:12,2026-03-03 22:03:12,2290,2290,206.07,25569.4,0,6564.29,Received
PO001299,SUP00099,PART01613,PLT0000,2026-04-28 13:45:44,2026-06-27 13:45:44,2026-06-24 13:45:44,3281,3281,2013.69,407101.33,0,46352.04,Received
PO001300,SUP00074,PART00816,PLT0000,2026-02-20 22:17:44,2026-03-02 22:17:44,2026-03-17 22:17:44,2857,2857,4268.14,282377.3,10,139678.61,Received
PO001301,SUP00140,PART00379,PLT0002,2026-04-03 15:58:43,2026-05-18 15:58:43,2026-05-29 15:58:43,372,372,1617.71,20398.19,0,3459.4,Received
PO001302,SUP00070,PART01557,PLT0002,2026-04-22 15:19:30,2026-06-06 15:19:30,2026-06-04 15:19:30,1694,1694,2566.39,133285.41,0,41162.58,Received
PO001303,SUP00167,PART00949,PLT0002,2026-01-17 20:43:12,2026-01-31 20:43:12,2026-02-04 20:43:12,3181,2488,249.35,35845.75,0,15051.8,Received
PO001304,SUP00175,PART00294,PLT0014,2026-04-05 08:14:29,2026-04-19 08:14:29,2026-04-17 08:14:29,3326,3326,1359.12,120486.89,12.5,78946.21,Received
PO001305,SUP00038,PART00112,PLT0015,2026-03-26 15:33:52,2026-05-25 15:33:52,2026-06-01 15:33:52,2355,2355,99.92,12128.74,10,1213.0,Received
PO001306,SUP00173,PART01172,PLT0010,2026-02-14 07:48:41,2026-02-24 07:48:41,2026-02-23 07:48:41,2273,2273,422.53,44833.48,12.5,14296.21,Received
PO001307,SUP00173,PART01755,PLT0007,2026-05-11 17:47:23,2026-05-21 17:47:23,2026-05-20 17:47:23,3411,3411,907.46,181309.42,7.5,28621.78,Received
PO001308,SUP00149,PART00190,PLT0013,2026-02-28 04:33:53,2026-04-29 04:33:53,2026-04-28 04:33:53,862,862,3370.66,106229.2,7.5,19596.39,Received
PO001309,SUP00072,PART01533,PLT0006,2026-03-31 06:40:05,2026-05-30 06:40:05,2026-05-27 06:40:05,3231,3231,4876.67,765712.19,12.5,290147.41,Received
PO001310,SUP00081,PART01540,PLT0001,2026-03-23 22:36:54,2026-04-13 22:36:54,2026-04-17 22:36:54,2106,2106,2665.11,172892.29,0,96998.17,Received
PO001311,SUP00063,PART01802,PLT0013,2026-06-07 01:31:24,2026-07-07 01:31:24,2026-07-05 01:31:24,2836,2836,4715.28,709128.64,0,267050.59,Received
PO001312,SUP00148,PART01711,PLT0027,2026-04-07 00:08:14,2026-05-07 00:08:14,2026-05-06 00:08:14,1462,1462,658.85,29826.81,0,8963.39,Received
PO001313,SUP00007,PART00448,PLT0014,2026-03-01 17:45:51,2026-03-15 17:45:51,2026-03-13 17:45:51,687,687,1304.53,26969.8,7.5,9123.67,Received
PO001314,SUP00120,PART01599,PLT0010,2026-02-08 03:09:12,2026-04-09 03:09:12,2026-04-06 03:09:12,4740,4740,3569.34,917268.73,0,126595.94,Received
PO001315,SUP00175,PART01790,PLT0009,2026-05-31 01:05:37,2026-06-14 01:05:37,2026-06-13 01:05:37,3150,3150,1723.88,153180.74,18,73401.94,Received
PO001316,SUP00136,PART00575,PLT0022,2026-04-01 19:13:22,2026-04-15 19:13:22,2026-04-12 19:13:22,2230,2230,4383.34,202586.43,0,136205.68,Received
PO001317,SUP00168,PART00465,PLT0016,2026-06-19 18:59:06,2026-07-03 18:59:06,2026-07-01 18:59:06,3996,3996,4870.03,702042.84,0,211385.8,Received
PO001318,SUP00175,PART00570,PLT0007,2026-03-04 09:18:22,2026-03-18 09:18:22,2026-03-18 09:18:22,316,316,2983.87,31325.56,18,5812.8,Received
PO001319,SUP00152,PART01376,PLT0013,2026-01-10 16:36:06,2026-01-31 16:36:06,2026-01-28 16:36:06,818,818,4243.84,164327.31,18,30996.19,Received
PO001320,SUP00107,PART00434,PLT0014,2026-01-10 22:44:45,2026-01-31 22:44:45,2026-01-28 22:44:45,724,724,1029.95,35108.54,10,13554.33,Received
PO001321,SUP00165,PART00525,PLT0028,2026-03-22 09:49:01,2026-05-06 09:49:01,2026-05-09 09:49:01,3226,3226,1350.75,192811.22,0,45824.31,Received
PO001322,SUP00113,PART00608,PLT0028,2026-01-17 22:02:43,2026-03-18 22:02:43,2026-03-18 22:02:43,539,539,4086.43,106875.36,0,30071.84,Received
PO001323,SUP00084,PART00225,PLT0000,2026-05-31 21:24:47,2026-06-07 21:24:47,2026-06-05 21:24:47,385,385,1181.43,26831.05,18,4901.42,Received
PO001324,SUP00042,PART00594,PLT0007,2026-03-12 13:17:29,2026-03-22 13:17:29,2026-03-19 13:17:29,322,322,4000.5,28584.68,5,15023.96,Received
PO001325,SUP00018,PART01873,PLT0013,2026-04-25 23:34:22,2026-05-16 23:34:22,2026-05-15 23:34:22,271,271,3508.5,55790.04,5,5071.39,Received
PO001326,SUP00186,PART00828,PLT0015,2026-05-17 02:09:55,2026-07-01 02:09:55,2026-07-01 02:09:55,4539,2272,4681.4,658812.89,12.5,389232.39,Received
PO001327,SUP00084,PART00973,PLT0029,2026-04-22 13:59:53,2026-04-29 13:59:53,2026-04-29 13:59:53,182,182,98.5,844.85,18,205.51,Received
PO001328,SUP00037,PART00446,PLT0016,2026-05-28 13:31:07,2026-06-07 13:31:07,2026-06-07 13:31:07,3222,3222,1079.03,112346.66,12.5,28039.95,Received
PO001329,SUP00066,PART01392,PLT0026,2026-02-02 20:20:33,2026-03-19 20:20:33,2026-03-16 20:20:33,3325,3325,607.84,142748.19,10,35818.19,Received
PO001330,SUP00142,PART01728,PLT0021,2026-05-04 15:42:21,2026-05-18 15:42:21,2026-05-17 15:42:21,1188,1188,4065.28,297829.62,0,43154.11,Received
PO001331,SUP00043,PART01754,PLT0017,2026-03-24 01:24:00,2026-05-23 01:24:00,2026-05-23 01:24:00,4515,3501,3039.3,639011.67,12.5,149043.7,Received
PO001332,SUP00116,PART00382,PLT0026,2026-01-12 21:10:35,2026-02-02 21:10:35,2026-01-30 21:10:35,1384,1384,4647.52,499968.79,0,77948.21,Received
PO001333,SUP00104,PART01932,PLT0025,2026-04-23 16:00:19,2026-05-03 16:00:19,2026-05-03 16:00:19,4691,4691,572.47,203636.37,15,18261.03,Received
PO001334,SUP00126,PART00315,PLT0013,2026-05-17 09:33:05,2026-06-07 09:33:05,2026-06-06 09:33:05,1961,1961,4721.39,439345.6,0,120440.19,Received
PO001335,SUP00183,PART01684,PLT0026,2026-03-01 19:12:07,2026-03-31 19:12:07,2026-03-30 19:12:07,3369,3369,4381.79,434956.49,5,232792.56,Received
PO001336,SUP00016,PART01211,PLT0017,2026-05-14 09:28:50,2026-06-04 09:28:50,2026-06-08 09:28:50,763,763,599.02,15651.44,10,4359.05,Received
PO001337,SUP00145,PART01310,PLT0019,2026-01-04 17:50:25,2026-03-05 17:50:25,2026-03-03 17:50:25,4683,4683,449.86,95038.9,0,41940.62,Received
PO001338,SUP00172,PART01226,PLT0005,2026-01-13 07:58:30,2026-01-23 07:58:30,2026-01-20 07:58:30,1605,1605,68.87,3924.9,18,821.96,Received
PO001339,SUP00148,PART00556,PLT0007,2026-04-20 00:21:56,2026-05-20 00:21:56,2026-06-01 00:21:56,2326,2326,273.12,22057.75,0,9821.78,Received
PO001340,SUP00136,PART01603,PLT0027,2026-05-15 17:03:09,2026-05-29 17:03:09,2026-05-29 17:03:09,3866,3866,3573.49,368846.41,15,173102.93,Received
PO001341,SUP00033,PART01899,PLT0000,2026-03-17 00:35:22,2026-03-27 00:35:22,2026-03-25 00:35:22,1866,1866,4651.48,352605.96,18,118898.13,Received
PO001342,SUP00126,PART01547,PLT0024,2026-01-11 01:25:44,2026-02-01 01:25:44,2026-01-30 01:25:44,4808,3663,3474.08,1237305.14,18,106856.58,Received
PO001343,SUP00093,PART00003,PLT0006,2026-07-02 10:18:18,2026-07-09 10:18:18,2026-07-09 10:18:18,987,987,3944.11,296692.33,0,43537.46,Received
PO001344,SUP00023,PART00611,PLT0001,2026-03-28 15:45:10,2026-04-11 15:45:10,2026-04-15 15:45:10,304,304,2787.87,44380.22,18,12381.59,Received
PO001345,SUP00074,PART01773,PLT0027,2026-01-13 17:40:17,2026-01-23 17:40:17,2026-01-20 17:40:17,1280,1280,4254.63,305180.44,12.5,72180.4,Received
PO001346,SUP00031,PART01333,PLT0027,2026-02-27 11:22:41,2026-04-28 11:22:41,2026-05-12 11:22:41,4363,4363,4229.96,1417212.9,0,218965.84,Received
PO001347,SUP00061,PART01057,PLT0016,2026-05-09 02:45:21,2026-05-19 02:45:21,2026-05-17 02:45:21,4678,4678,2308.24,635035.36,7.5,68375.4,Received
PO001348,SUP00109,PART00858,PLT0017,2026-01-01 10:10:11,2026-01-11 10:10:11,2026-01-11 10:10:11,4963,3035,3374.09,445612.72,15,185745.1,Received
PO001349,SUP00025,PART00271,PLT0000,2026-04-19 05:59:43,2026-05-19 05:59:43,2026-05-18 05:59:43,187,187,2566.52,13055.7,0,6975.46,Received
PO001350,SUP00031,PART01647,PLT0005,2026-03-23 19:18:12,2026-05-22 19:18:12,2026-05-20 19:18:12,2348,2348,4425.57,411117.02,12.5,150186.76,Received
PO001351,SUP00000,PART00376,PLT0020,2026-02-19 03:26:47,2026-02-26 03:26:47,2026-02-23 03:26:47,98,98,4751.52,9618.97,7.5,7989.42,Received
PO001352,SUP00022,PART01905,PLT0021,2026-01-28 16:35:01,2026-03-14 16:35:01,2026-03-12 16:35:01,1810,1810,1404.19,53663.11,0,48498.04,Received
PO001353,SUP00177,PART00319,PLT0007,2026-03-31 00:54:05,2026-04-21 00:54:05,2026-04-21 00:54:05,1546,1546,1505.67,83742.79,15,25782.42,Received
PO001354,SUP00001,PART01671,PLT0029,2026-05-17 17:53:03,2026-07-01 17:53:03,2026-06-28 17:53:03,3727,3727,488.73,136789.76,7.5,15727.25,Received
PO001355,SUP00133,PART00651,PLT0004,2026-05-14 22:15:43,2026-06-28 22:15:43,2026-06-26 22:15:43,2957,2957,2629.35,511951.06,7.5,97331.05,Received
PO001356,SUP00154,PART00162,PLT0022,2026-04-14 10:58:27,2026-04-24 10:58:27,2026-05-07 10:58:27,3058,3058,860.15,96541.01,0,51458.52,Received
PO001357,SUP00005,PART01789,PLT0012,2026-06-10 14:25:16,2026-06-24 14:25:16,2026-06-23 14:25:16,1023,1023,661.43,42635.93,15,13513.35,Received
PO001358,SUP00146,PART00509,PLT0016,2026-03-13 17:42:32,2026-04-03 17:42:32,2026-03-31 17:42:32,3417,3417,2858.24,311116.52,0,82648.11,Received
PO001359,SUP00118,PART00078,PLT0012,2026-03-20 07:11:52,2026-03-30 07:11:52,2026-04-09 07:11:52,4383,4383,1762.95,425900.65,0,81848.34,Received
PO001360,SUP00171,PART00635,PLT0018,2026-04-05 02:24:30,2026-06-04 02:24:30,2026-06-18 02:24:30,1476,1476,131.23,4460.78,7.5,1508.87,Received
PO001361,SUP00068,PART01074,PLT0012,2026-02-05 19:55:13,2026-03-07 19:55:13,2026-03-04 19:55:13,4667,4667,4664.8,449885.06,12.5,238874.38,Received
PO001362,SUP00111,PART01979,PLT0014,2026-04-21 12:38:43,2026-05-01 12:38:43,2026-04-30 12:38:43,1599,971,2337.88,295756.99,0,51662.2,Received
PO001363,SUP00113,PART01509,PLT0019,2026-04-17 10:37:05,2026-06-16 10:37:05,2026-06-14 10:37:05,4578,4578,3914.32,1288603.97,12.5,239043.62,Received
PO001364,SUP00147,PART00950,PLT0022,2026-04-07 04:52:53,2026-04-14 04:52:53,2026-04-13 04:52:53,3098,1978,731.15,86224.47,5,19982.97,Received
PO001365,SUP00137,PART00353,PLT0001,2026-04-12 14:33:20,2026-04-26 14:33:20,2026-05-09 14:33:20,2110,1787,2118.08,115030.25,5,62777.41,Received
PO001366,SUP00116,PART01527,PLT0006,2026-05-29 10:31:44,2026-06-19 10:31:44,2026-06-18 10:31:44,1082,1082,2096.38,49357.52,0,21194.6,Received
PO001367,SUP00112,PART00101,PLT0020,2026-05-08 19:32:52,2026-06-07 19:32:52,2026-06-04 19:32:52,1252,1252,3393.14,269602.54,0,82197.62,Received
PO001368,SUP00130,PART00624,PLT0023,2026-05-07 14:50:06,2026-07-06 14:50:06,2026-07-06 14:50:06,2378,2378,4194.89,537091.91,5,94844.42,Received
PO001369,SUP00182,PART00034,PLT0006,2026-04-11 07:27:58,2026-05-11 07:27:58,2026-05-19 07:27:58,2682,2682,2134.24,332761.24,18,68981.22,Received
PO001370,SUP00043,PART00067,PLT0018,2026-04-30 00:18:34,2026-06-29 00:18:34,2026-06-27 00:18:34,3193,3193,2028.14,417931.8,0,61214.74,Received
PO001371,SUP00032,PART00023,PLT0010,2026-05-01 14:27:52,2026-06-15 14:27:52,2026-06-26 14:27:52,1289,1289,3935.04,157032.74,10,88636.65,Received
PO001372,SUP00058,PART00063,PLT0018,2026-04-05 01:50:13,2026-04-19 01:50:13,2026-04-26 01:50:13,888,888,650.28,20592.47,12.5,3970.85,Received
PO001373,SUP00110,PART01920,PLT0018,2026-06-10 15:25:14,2026-06-24 15:25:14,2026-06-24 15:25:14,3081,3081,4682.62,402553.84,0,90568.27,Received
PO001374,SUP00094,PART01349,PLT0011,2026-02-17 18:27:57,2026-03-10 18:27:57,2026-03-10 18:27:57,3724,3724,1798.43,298316.25,18,76746.32,Received
PO001375,SUP00124,PART00682,PLT0015,2026-01-30 16:43:46,2026-03-01 16:43:46,2026-02-27 16:43:46,105,105,495.52,3523.66,7.5,643.15,Received
PO001376,SUP00108,PART00246,PLT0022,2026-02-01 17:20:40,2026-04-02 17:20:40,2026-04-02 17:20:40,1640,1640,2317.7,217116.12,12.5,24531.82,Received
PO001377,SUP00056,PART00106,PLT0015,2026-04-06 04:27:36,2026-06-05 04:27:36,2026-06-04 04:27:36,650,650,741.01,37685.24,0,4039.33,Received
PO001378,SUP00149,PART00176,PLT0024,2026-04-22 18:29:04,2026-06-21 18:29:04,2026-06-20 18:29:04,418,418,2288.87,38280.96,0,13262.24,Received
PO001379,SUP00025,PART01056,PLT0015,2026-02-07 13:11:54,2026-03-09 13:11:54,2026-03-09 13:11:54,1605,1605,1678.16,83580.1,7.5,47880.76,Received
PO001380,SUP00171,PART00635,PLT0008,2026-03-29 02:24:46,2026-05-28 02:24:46,2026-05-28 02:24:46,2269,2269,131.23,6413.88,18,3346.76,Received
PO001381,SUP00023,PART00263,PLT0024,2026-02-13 18:52:19,2026-02-27 18:52:19,2026-02-27 18:52:19,92,92,4611.52,20460.42,10,2606.33,Received
PO001382,SUP00096,PART01550,PLT0019,2026-01-14 20:14:48,2026-01-24 20:14:48,2026-01-24 20:14:48,4615,4320,1096.88,128525.26,5,98281.73,Received
PO001383,SUP00173,PART00340,PLT0027,2026-04-15 12:15:14,2026-04-25 12:15:14,2026-04-25 12:15:14,2245,2245,4246.65,300838.16,7.5,52965.5,Received
PO001384,SUP00112,PART01666,PLT0002,2026-04-19 10:04:24,2026-05-19 10:04:24,2026-05-19 10:04:24,2870,2870,4914.82,910078.53,0,138437.55,Received
PO001385,SUP00140,PART01710,PLT0014,2026-02-20 14:21:13,2026-04-06 14:21:13,2026-04-03 14:21:13,3046,3046,3483.4,636459.89,12.5,60515.19,Received
PO001386,SUP00111,PART01007,PLT0026,2026-04-02 19:23:01,2026-04-12 19:23:01,2026-04-10 19:23:01,142,142,4070.51,42504.52,0,9105.06,Received
PO001387,SUP00084,PART00653,PLT0028,2026-03-02 12:53:55,2026-03-09 12:53:55,2026-03-07 12:53:55,200,107,1109.88,16734.14,18,1608.03,Received
PO001388,SUP00175,PART00166,PLT0025,2026-04-15 18:50:49,2026-04-29 18:50:49,2026-04-28 18:50:49,4871,4871,2417.31,778741.24,0,101006.01,Received
PO001389,SUP00063,PART00761,PLT0029,2026-06-09 09:03:17,2026-07-09 09:03:17,2026-07-06 09:03:17,2333,2333,53.57,7698.99,0,1862.32,Received
PO001390,SUP00016,PART01093,PLT0017,2026-01-03 10:00:35,2026-01-24 10:00:35,2026-01-22 10:00:35,1339,1339,3058.07,164923.53,12.5,37824.36,Received
PO001391,SUP00072,PART00895,PLT0022,2026-04-27 13:39:43,2026-06-26 13:39:43,2026-06-25 13:39:43,1989,1989,222.19,19909.84,5,2577.55,Received
PO001392,SUP00132,PART00388,PLT0019,2026-04-01 23:00:29,2026-04-15 23:00:29,2026-04-15 23:00:29,4171,3733,394.3,108093.37,12.5,20246.54,Received
PO001393,SUP00171,PART01035,PLT0023,2026-04-28 12:03:34,2026-06-27 12:03:34,2026-06-27 12:03:34,4937,4937,2364.9,919363.35,0,163367.0,Received
PO001394,SUP00019,PART01259,PLT0002,2026-04-16 00:33:00,2026-06-15 00:33:00,2026-06-29 00:33:00,2361,1046,3179.04,240044.2,0,128808.2,Received
PO001395,SUP00092,PART00775,PLT0003,2026-01-19 16:33:02,2026-03-05 16:33:02,2026-03-03 16:33:02,4584,4584,1900.24,198802.06,0,148126.65,Received
PO001396,SUP00123,PART00493,PLT0005,2026-05-08 19:09:10,2026-07-07 19:09:10,2026-07-04 19:09:10,314,314,1693.06,25139.98,0,3828.26,Received
PO001397,SUP00158,PART00642,PLT0007,2026-04-27 15:05:26,2026-05-04 15:05:26,2026-05-15 15:05:26,107,107,69.76,575.64,10,116.95,Received
PO001398,SUP00061,PART00606,PLT0015,2026-05-22 01:18:49,2026-06-01 01:18:49,2026-06-01 01:18:49,4406,4406,378.95,101405.91,0,31352.77,Received
PO001399,SUP00167,PART01833,PLT0006,2026-01-16 12:29:33,2026-01-30 12:29:33,2026-01-30 12:29:33,2419,2419,3614.4,213384.95,10,139348.96,Received
PO001400,SUP00085,PART01180,PLT0008,2026-03-23 19:02:55,2026-05-07 19:02:55,2026-05-15 19:02:55,3224,1524,2375.69,340427.34,5,75832.09,Received
PO001401,SUP00094,PART01554,PLT0018,2026-03-14 23:56:47,2026-04-04 23:56:47,2026-04-10 23:56:47,1951,928,2258.5,189745.7,18,41939.94,Received
PO001402,SUP00194,PART00265,PLT0011,2026-04-05 09:40:41,2026-04-26 09:40:41,2026-05-11 09:40:41,3723,3723,4368.73,1210278.21,18,179226.05,Received
PO001403,SUP00191,PART00677,PLT0029,2026-01-11 01:33:46,2026-03-12 01:33:46,2026-03-12 01:33:46,3295,3295,4735.16,718306.75,0,164830.56,Received
PO001404,SUP00154,PART00264,PLT0023,2026-04-14 02:10:54,2026-04-24 02:10:54,2026-04-26 02:10:54,3563,3563,262.43,19150.38,18,12918.98,Received
PO001405,SUP00152,PART00022,PLT0027,2026-02-12 00:17:24,2026-03-05 00:17:24,2026-03-05 00:17:24,1400,1400,3315.53,299145.4,0,33176.55,Received
PO001406,SUP00090,PART00277,PLT0000,2026-04-29 02:55:49,2026-05-20 02:55:49,2026-05-19 02:55:49,1688,1688,2306.84,185367.72,10,52670.9,Received
PO001407,SUP00063,PART01425,PLT0019,2026-03-13 04:47:49,2026-04-12 04:47:49,2026-04-12 04:47:49,4756,4756,3573.18,530220.56,12.5,95589.81,Received
PO001408,SUP00071,PART01276,PLT0022,2026-04-14 14:02:21,2026-06-13 14:02:21,2026-06-12 14:02:21,3846,3846,686.47,181864.12,15,50207.12,Received
PO001409,SUP00165,PART01354,PLT0010,2026-02-20 01:23:11,2026-04-06 01:23:11,2026-04-17 01:23:11,4887,2072,4653.68,844880.57,18,442107.24,Received
PO001410,SUP00027,PART00576,PLT0022,2026-02-25 09:39:22,2026-03-04 09:39:22,2026-03-08 09:39:22,4259,4259,2971.65,676429.83,18,86209.8,Received
PO001411,SUP00119,PART01122,PLT0019,2026-03-17 14:13:16,2026-04-07 14:13:16,2026-04-05 14:13:16,4386,4386,1406.62,451472.5,7.5,101372.06,Received
PO001412,SUP00068,PART00815,PLT0012,2026-01-31 11:12:29,2026-03-02 11:12:29,2026-03-12 11:12:29,3089,3089,1426.96,218628.21,15,25499.56,Received
PO001413,SUP00182,PART01432,PLT0013,2026-03-15 18:23:52,2026-04-14 18:23:52,2026-04-11 18:23:52,890,890,726.01,45502.7,7.5,8481.62,Received
PO001414,SUP00127,PART00062,PLT0014,2026-01-03 00:51:49,2026-01-13 00:51:49,2026-01-12 00:51:49,3503,2183,1450.79,141612.74,10,86379.0,Received
PO001415,SUP00073,PART00128,PLT0011,2026-04-08 20:39:37,2026-05-23 20:39:37,2026-05-23 20:39:37,3117,2414,187.92,14099.56,5,8898.0,Received
PO001416,SUP00034,PART01300,PLT0002,2026-03-24 04:04:14,2026-04-23 04:04:14,2026-04-23 04:04:14,2638,2638,3152.63,339415.8,15,112950.12,Received
PO001417,SUP00048,PART00764,PLT0004,2026-02-04 19:19:54,2026-02-18 19:19:54,2026-02-18 19:19:54,1763,1763,4735.85,330497.46,15,112778.34,Received
PO001418,SUP00152,PART00115,PLT0022,2026-03-14 21:22:47,2026-04-04 21:22:47,2026-04-16 21:22:47,3043,3043,558.74,103375.91,10,26210.9,Received
PO001419,SUP00108,PART01879,PLT0014,2026-04-24 07:25:18,2026-06-23 07:25:18,2026-06-20 07:25:18,1058,1058,2518.96,170884.65,18,38798.94,Received
PO001420,SUP00170,PART01088,PLT0012,2026-03-26 09:58:32,2026-04-09 09:58:32,2026-04-24 09:58:32,2510,2510,595.34,66163.19,5,17102.72,Received
PO001421,SUP00047,PART00795,PLT0028,2026-01-24 21:28:46,2026-02-07 21:28:46,2026-02-06 21:28:46,2690,2690,4827.8,645362.15,18,154543.89,Received
PO001422,SUP00184,PART01120,PLT0000,2026-03-14 16:09:22,2026-03-28 16:09:22,2026-03-28 16:09:22,1571,1487,1939.71,187846.49,15,51862.75,Received
PO001423,SUP00129,PART00181,PLT0017,2026-02-21 12:39:48,2026-04-22 12:39:48,2026-04-22 12:39:48,871,871,2768.35,71942.86,10,27698.55,Received
PO001424,SUP00048,PART00495,PLT0006,2026-02-06 19:51:01,2026-02-20 19:51:01,2026-02-23 19:51:01,4995,4995,510.78,83587.42,0,20806.23,Received
PO001425,SUP00019,PART01762,PLT0012,2026-02-26 03:17:03,2026-04-27 03:17:03,2026-04-26 03:17:03,4643,2679,4227.0,1291097.65,12.5,373316.59,Received
PO001426,SUP00068,PART01834,PLT0014,2026-03-15 00:34:34,2026-04-14 00:34:34,2026-04-13 00:34:34,2165,2165,4085.15,428100.72,5,126732.83,Received
PO001427,SUP00082,PART01452,PLT0005,2026-02-13 11:08:37,2026-02-23 11:08:37,2026-02-21 11:08:37,1202,1202,427.82,17637.34,0,2738.51,Received
PO001428,SUP00043,PART00192,PLT0008,2026-01-01 00:37:11,2026-03-02 00:37:11,2026-03-01 00:37:11,1917,1917,3608.39,211054.84,7.5,65022.65,Received
PO001429,SUP00071,PART00435,PLT0009,2026-04-07 01:12:29,2026-06-06 01:12:29,2026-06-05 01:12:29,124,124,4862.93,29544.92,10,10812.01,Received
PO001430,SUP00097,PART00672,PLT0026,2026-02-22 04:22:04,2026-03-04 04:22:04,2026-03-03 04:22:04,3236,3236,1411.18,345045.43,10,52726.91,Received
PO001431,SUP00037,PART01412,PLT0019,2026-05-01 20:17:41,2026-05-11 20:17:41,2026-05-10 20:17:41,1068,1068,4501.54,302868.45,12.5,80908.03,Received
PO001432,SUP00119,PART00503,PLT0006,2026-05-11 18:25:58,2026-06-01 18:25:58,2026-05-29 18:25:58,1283,860,2231.65,137566.69,5,23066.8,Received
PO001433,SUP00147,PART00154,PLT0013,2026-06-22 04:20:04,2026-06-29 04:20:04,2026-06-29 04:20:04,3313,3313,2056.92,258437.79,15,36963.33,Received
PO001434,SUP00120,PART01643,PLT0014,2026-01-01 16:04:24,2026-03-02 16:04:24,2026-02-28 16:04:24,478,478,364.34,11817.12,10,2475.68,Received
PO001435,SUP00125,PART00347,PLT0019,2026-04-08 18:07:22,2026-05-23 18:07:22,2026-05-22 18:07:22,2406,2406,2290.46,382703.48,15,92947.49,Received
PO001436,SUP00080,PART00609,PLT0023,2026-01-11 10:00:26,2026-01-25 10:00:26,2026-01-22 10:00:26,2263,2263,444.66,59249.14,12.5,12174.45,Received
PO001437,SUP00159,PART01553,PLT0011,2026-04-09 07:42:48,2026-04-16 07:42:48,2026-04-13 07:42:48,3492,3492,2921.89,552510.33,0,179861.29,Received
PO001438,SUP00140,PART00880,PLT0026,2026-02-01 01:11:34,2026-03-18 01:11:34,2026-03-18 01:11:34,2057,2057,2381.89,154113.39,18,73176.69,Received
PO001439,SUP00104,PART00730,PLT0020,2026-06-14 11:04:14,2026-06-24 11:04:14,2026-06-21 11:04:14,2199,1761,1419.92,115414.89,15,28129.7,Received
PO001440,SUP00112,PART01218,PLT0015,2026-05-06 09:07:41,2026-06-05 09:07:41,2026-06-05 09:07:41,4332,4069,1835.48,492495.29,15,129037.06,Received
PO001441,SUP00151,PART01717,PLT0017,2026-05-18 11:50:00,2026-06-08 11:50:00,2026-06-08 11:50:00,2160,2160,4901.48,660259.33,12.5,58396.07,Received
PO001442,SUP00026,PART01515,PLT0019,2026-03-03 03:58:43,2026-05-02 03:58:43,2026-05-03 03:58:43,2360,2360,1644.33,263983.52,5,27722.51,Received
PO001443,SUP00157,PART00853,PLT0024,2026-03-26 18:19:26,2026-05-10 18:19:26,2026-05-09 18:19:26,1129,1129,3972.28,352146.05,7.5,82508.8,Received
PO001444,SUP00150,PART00207,PLT0004,2026-01-20 13:58:06,2026-01-27 13:58:06,2026-01-27 13:58:06,904,904,690.68,23288.55,10,5257.03,Received
PO001445,SUP00015,PART00033,PLT0000,2026-05-16 21:19:10,2026-05-23 21:19:10,2026-05-20 21:19:10,3629,3629,2292.92,659544.75,0,58763.45,Received
PO001446,SUP00031,PART00395,PLT0026,2026-04-25 20:57:18,2026-06-24 20:57:18,2026-07-06 20:57:18,2541,1435,4483.48,792949.81,0,115236.73,Received
PO001447,SUP00141,PART01464,PLT0014,2026-05-25 23:03:01,2026-07-09 23:03:01,2026-07-06 23:03:01,576,576,4569.11,174912.75,18,18738.88,Received
PO001448,SUP00055,PART01976,PLT0004,2026-02-09 19:30:24,2026-02-19 19:30:24,2026-02-16 19:30:24,523,523,1085.45,29973.67,7.5,3412.32,Received
PO001449,SUP00051,PART01069,PLT0001,2026-03-16 15:31:31,2026-03-23 15:31:31,2026-03-22 15:31:31,2142,2142,2205.67,199397.88,7.5,56756.34,Received
PO001450,SUP00189,PART01177,PLT0019,2026-04-15 04:10:43,2026-05-30 04:10:43,2026-06-04 04:10:43,3256,3256,1082.4,214160.41,18,40267.6,Received
PO001451,SUP00109,PART00908,PLT0019,2026-02-22 07:12:47,2026-03-04 07:12:47,2026-03-01 07:12:47,1629,1136,2089.58,266404.55,15,24891.14,Received
PO001452,SUP00088,PART00808,PLT0025,2026-01-24 04:07:08,2026-02-23 04:07:08,2026-02-23 04:07:08,4751,2990,4077.82,834067.15,0,99021.72,Received
PO001453,SUP00191,PART00857,PLT0010,2026-03-11 04:36:42,2026-05-10 04:36:42,2026-05-22 04:36:42,3733,3733,2794.33,462949.87,7.5,103875.89,Received
PO001454,SUP00080,PART01362,PLT0029,2026-04-12 12:08:16,2026-04-26 12:08:16,2026-05-02 12:08:16,2735,2735,2084.18,236607.73,15,58603.95,Received
PO001455,SUP00023,PART01978,PLT0005,2026-02-19 11:17:39,2026-03-05 11:17:39,2026-03-03 11:17:39,96,96,1371.96,5687.8,15,1325.47,Received
PO001456,SUP00101,PART01611,PLT0025,2026-03-22 13:41:24,2026-05-21 13:41:24,2026-06-04 13:41:24,1137,1137,3125.24,83325.01,0,39872.14,Received
PO001457,SUP00157,PART00722,PLT0008,2026-03-05 03:03:27,2026-04-19 03:03:27,2026-04-18 03:03:27,2152,1168,3029.53,431531.62,15,123834.26,Received
PO001458,SUP00116,PART00010,PLT0004,2026-06-05 16:04:42,2026-06-26 16:04:42,2026-06-30 16:04:42,1701,1701,74.52,9472.53,12.5,666.09,Received
PO001459,SUP00158,PART01588,PLT0007,2026-06-12 10:21:37,2026-06-19 10:21:37,2026-06-16 10:21:37,393,393,2078.19,38515.39,5,9084.59,Received
PO001460,SUP00054,PART00093,PLT0028,2026-05-01 19:42:47,2026-06-15 19:42:47,2026-06-13 19:42:47,1310,893,1816.18,106285.18,0,13509.86,Received
PO001461,SUP00015,PART01420,PLT0010,2026-05-23 00:12:27,2026-05-30 00:12:27,2026-05-29 00:12:27,299,247,4934.84,54119.93,0,12082.81,Received
PO001462,SUP00034,PART01368,PLT0018,2026-01-03 08:27:52,2026-02-02 08:27:52,2026-01-30 08:27:52,592,592,4024.18,115632.36,15,42929.54,Received
PO001463,SUP00032,PART01882,PLT0026,2026-04-22 19:41:07,2026-06-06 19:41:07,2026-06-09 19:41:07,2284,2284,2609.9,173891.02,7.5,39597.44,Received
PO001464,SUP00009,PART00742,PLT0012,2026-04-29 07:58:36,2026-05-06 07:58:36,2026-05-06 07:58:36,2497,2497,1112.74,62611.66,5,28643.85,Received
PO001465,SUP00017,PART01577,PLT0012,2026-05-26 23:36:17,2026-06-05 23:36:17,2026-06-03 23:36:17,4223,1722,1169.03,194076.44,5,67118.74,Received
PO001466,SUP00159,PART01386,PLT0000,2026-06-22 11:38:36,2026-06-29 11:38:36,2026-06-29 11:38:36,1199,1199,3999.78,220276.72,0,75573.16,Received
PO001467,SUP00017,PART00513,PLT0008,2026-01-29 13:43:00,2026-02-08 13:43:00,2026-02-08 13:43:00,1960,1165,1602.15,162747.15,0,31345.16,Received
PO001468,SUP00166,PART00574,PLT0019,2026-06-13 09:49:18,2026-07-04 09:49:18,2026-07-12 09:49:18,1616,1616,849.08,40084.77,5,8844.0,Received
PO001469,SUP00013,PART01523,PLT0014,2026-05-10 03:04:05,2026-05-31 03:04:05,2026-05-29 03:04:05,4412,4412,4096.82,754718.8,10,349483.64,Received
PO001470,SUP00019,PART00232,PLT0021,2026-03-01 22:56:16,2026-04-30 22:56:16,2026-04-27 22:56:16,2239,1741,2236.51,316968.0,5,25315.16,Received
PO001471,SUP00051,PART01069,PLT0024,2026-05-21 13:39:34,2026-05-28 13:39:34,2026-05-26 13:39:34,4309,3373,2205.67,649698.41,7.5,62635.91,Received
PO001472,SUP00090,PART00860,PLT0005,2026-02-17 12:21:00,2026-03-10 12:21:00,2026-03-09 12:21:00,1428,908,2671.83,244984.05,10,60430.07,Received
PO001473,SUP00013,PART00771,PLT0022,2026-05-01 22:02:29,2026-05-22 22:02:29,2026-05-21 22:02:29,3812,3812,1114.35,207441.77,18,34606.83,Received
PO001474,SUP00011,PART01739,PLT0014,2026-02-07 08:58:27,2026-02-17 08:58:27,2026-02-14 08:58:27,3350,3350,1053.15,195529.36,0,37301.95,Received
PO001475,SUP00134,PART01662,PLT0016,2026-06-29 06:59:48,2026-07-09 06:59:48,2026-07-22 06:59:48,789,789,353.86,13970.71,7.5,4658.12,In Transit
PO001476,SUP00111,PART01815,PLT0012,2026-06-09 20:59:23,2026-06-19 20:59:23,2026-06-17 20:59:23,4663,4663,2245.17,600634.8,0,198951.58,Received
PO001477,SUP00110,PART01900,PLT0004,2026-02-15 17:49:11,2026-03-01 17:49:11,2026-02-28 17:49:11,1852,1852,1804.78,90723.61,18,64133.63,Received
PO001478,SUP00145,PART00055,PLT0004,2026-02-03 06:08:33,2026-04-04 06:08:33,2026-04-04 06:08:33,344,344,1561.63,36419.29,12.5,5235.22,Received
PO001479,SUP00038,PART00558,PLT0027,2026-04-16 06:36:55,2026-06-15 06:36:55,2026-06-12 06:36:55,505,505,2651.54,71144.35,15,26467.84,Received
PO001480,SUP00153,PART01189,PLT0010,2026-05-17 13:27:41,2026-07-01 13:27:41,2026-06-28 13:27:41,3496,3496,2467.79,335023.03,18,53152.59,Received
PO001481,SUP00185,PART01676,PLT0028,2026-04-16 18:14:04,2026-06-15 18:14:04,2026-06-15 18:14:04,3756,3756,2287.31,410365.38,0,88412.55,Received
PO001482,SUP00154,PART00132,PLT0010,2026-04-06 22:43:52,2026-04-16 22:43:52,2026-04-14 22:43:52,3077,3077,3636.77,632382.64,12.5,84092.33,Received
PO001483,SUP00188,PART01693,PLT0017,2026-02-10 19:07:37,2026-04-11 19:07:37,2026-04-08 19:07:37,3417,3417,1888.17,137884.66,0,125116.55,Received
PO001484,SUP00192,PART01403,PLT0015,2026-03-19 09:34:52,2026-05-18 09:34:52,2026-05-17 09:34:52,4913,4913,3149.05,410398.22,0,294492.97,Received
PO001485,SUP00083,PART01610,PLT0021,2026-04-28 00:26:47,2026-06-27 00:26:47,2026-06-25 00:26:47,772,772,224.84,11879.02,0,1270.63,Received
PO001486,SUP00052,PART01161,PLT0020,2026-06-03 05:31:36,2026-07-03 05:31:36,2026-06-30 05:31:36,855,855,2207.24,52895.88,0,27803.67,Received
PO001487,SUP00170,PART01000,PLT0000,2026-03-20 00:28:37,2026-04-03 00:28:37,2026-04-03 00:28:37,1020,1020,1963.42,110484.68,5,24464.27,Received
PO001488,SUP00154,PART00300,PLT0018,2026-04-18 17:43:39,2026-04-28 17:43:39,2026-04-27 17:43:39,1884,1884,1164.56,136877.71,12.5,32735.59,Received
PO001489,SUP00125,PART01244,PLT0028,2026-03-30 04:21:33,2026-05-14 04:21:33,2026-05-18 04:21:33,2640,2640,3821.24,498853.1,15,127770.37,Received
PO001490,SUP00033,PART00847,PLT0027,2026-04-11 16:41:06,2026-04-21 16:41:06,2026-04-20 16:41:06,1614,1614,3296.16,326813.17,0,90469.25,Received
PO001491,SUP00007,PART00905,PLT0007,2026-05-24 15:24:55,2026-06-07 15:24:55,2026-06-06 15:24:55,1836,1836,3130.83,228526.6,0,87488.72,Received
PO001492,SUP00100,PART01572,PLT0010,2026-03-27 10:26:50,2026-05-11 10:26:50,2026-05-11 10:26:50,2978,2978,4900.96,373879.42,15,208242.44,Received
PO001493,SUP00183,PART01383,PLT0028,2026-05-24 12:41:30,2026-06-23 12:41:30,2026-06-21 12:41:30,2345,2345,4609.07,417964.18,18,141165.98,Received
PO001494,SUP00009,PART00214,PLT0002,2026-03-02 11:03:29,2026-03-09 11:03:29,2026-03-06 11:03:29,471,471,3694.74,108056.76,0,33139.29,Received
PO001495,SUP00042,PART01327,PLT0025,2026-03-04 15:54:36,2026-03-14 15:54:36,2026-03-18 15:54:36,3331,3331,2587.28,401938.51,10,124247.11,Received
PO001496,SUP00079,PART00805,PLT0026,2026-07-01 10:35:27,2026-07-08 10:35:27,2026-07-08 10:35:27,356,356,2619.68,43156.01,15,13307.03,Received
PO001497,SUP00124,PART01101,PLT0001,2026-01-28 14:20:38,2026-02-27 14:20:38,2026-02-25 14:20:38,2237,2237,3889.42,441493.48,7.5,97274.86,Received
PO001498,SUP00086,PART00968,PLT0018,2026-06-07 07:49:48,2026-06-28 07:49:48,2026-06-27 07:49:48,3517,3517,4161.05,667861.59,7.5,251946.83,Received
PO001499,SUP00090,PART00135,PLT0013,2026-02-12 07:37:24,2026-03-05 07:37:24,2026-03-15 07:37:24,2665,2665,1760.98,307406.11,18,70059.99,Received
PO001500,SUP00047,PART01778,PLT0003,2026-03-10 22:43:59,2026-03-24 22:43:59,2026-03-21 22:43:59,3048,3048,30.75,7031.3,0,1400.1,Received
PO001501,SUP00177,PART00478,PLT0003,2026-04-09 20:19:00,2026-04-30 20:19:00,2026-04-29 20:19:00,359,359,875.14,21926.91,10,4206.23,Received
PO001502,SUP00138,PART01887,PLT0022,2026-05-09 12:37:31,2026-05-23 12:37:31,2026-05-22 12:37:31,1907,1907,145.1,10516.24,12.5,4930.36,Received
PO001503,SUP00096,PART01508,PLT0011,2026-01-14 09:26:07,2026-01-24 09:26:07,2026-01-22 09:26:07,4453,4453,4872.76,997510.75,12.5,116292.36,Received
PO001504,SUP00120,PART00955,PLT0029,2026-02-10 06:06:23,2026-04-11 06:06:23,2026-04-08 06:06:23,3907,3907,4217.33,713896.63,0,167747.73,Received
PO001505,SUP00112,PART01294,PLT0018,2026-03-11 06:30:46,2026-04-10 06:30:46,2026-04-10 06:30:46,4039,4039,4297.79,1317764.85,0,197376.58,Received
PO001506,SUP00007,PART00905,PLT0000,2026-03-07 08:59:47,2026-03-21 08:59:47,2026-03-20 08:59:47,1406,1406,3130.83,263519.31,12.5,59286.13,Received
PO001507,SUP00081,PART00147,PLT0020,2026-06-11 23:19:25,2026-07-02 23:19:25,2026-07-17 23:19:25,860,860,4986.33,282134.25,7.5,64386.67,In Transit
PO001508,SUP00107,PART00791,PLT0022,2026-01-12 08:58:22,2026-02-02 08:58:22,2026-01-31 08:58:22,4657,4657,3204.7,734442.18,15,139049.94,Received
PO001509,SUP00148,PART01507,PLT0004,2026-04-25 20:32:57,2026-05-25 20:32:57,2026-06-08 20:32:57,1077,1077,3821.67,153594.2,5,80534.11,Received
PO001510,SUP00083,PART01578,PLT0029,2026-01-06 13:37:12,2026-03-07 13:37:12,2026-03-14 13:37:12,2899,2354,1846.42,291770.36,12.5,83536.44,Received
PO001511,SUP00033,PART00383,PLT0003,2026-04-19 07:40:38,2026-04-29 07:40:38,2026-05-06 07:40:38,3139,3139,1015.58,87306.72,12.5,63277.42,Received
PO001512,SUP00033,PART00847,PLT0013,2026-01-16 03:19:03,2026-01-26 03:19:03,2026-01-24 03:19:03,3278,1812,3296.16,742057.92,0,75810.99,Received
PO001513,SUP00155,PART01738,PLT0026,2026-01-25 20:33:03,2026-02-15 20:33:03,2026-02-14 20:33:03,2250,2250,4554.36,539552.34,0,189520.57,Received
PO001514,SUP00198,PART00427,PLT0023,2026-03-26 23:54:51,2026-04-25 23:54:51,2026-05-04 23:54:51,1858,1242,4385.57,464717.45,0,52205.18,Received
PO001515,SUP00172,PART01769,PLT0014,2026-04-30 06:41:50,2026-05-10 06:41:50,2026-05-09 06:41:50,2543,2543,3038.83,341692.46,7.5,72690.92,Received
PO001516,SUP00019,PART01263,PLT0005,2026-02-11 00:40:37,2026-04-12 00:40:37,2026-04-10 00:40:37,563,563,2138.39,85583.77,10,13862.12,Received
PO001517,SUP00080,PART00629,PLT0004,2026-06-18 15:45:13,2026-07-02 15:45:13,2026-07-16 15:45:13,480,480,4216.16,87069.72,15,32934.86,In Transit
PO001518,SUP00053,PART00777,PLT0006,2026-01-13 21:50:22,2026-02-27 21:50:22,2026-02-25 21:50:22,3174,2375,1832.79,240607.76,0,84876.27,Received
PO001519,SUP00050,PART00995,PLT0021,2026-03-27 04:21:28,2026-04-26 04:21:28,2026-04-24 04:21:28,809,809,3083.5,56623.5,5,47170.5,Received
PO001520,SUP00191,PART01983,PLT0025,2026-04-17 07:52:32,2026-06-16 07:52:32,2026-06-15 07:52:32,2790,2790,4414.87,784826.46,5,215262.28,Received
PO001521,SUP00043,PART01601,PLT0008,2026-02-26 00:43:58,2026-04-27 00:43:58,2026-05-02 00:43:58,4550,4550,625.14,80896.96,18,53073.63,Received
PO001522,SUP00188,PART00468,PLT0018,2026-01-01 03:41:54,2026-03-02 03:41:54,2026-03-01 03:41:54,1962,1962,884.62,131055.42,7.5,18518.35,Received
PO001523,SUP00109,PART01513,PLT0022,2026-01-17 06:01:59,2026-01-27 06:01:59,2026-01-24 06:01:59,2445,2445,2269.79,176913.44,10,35472.86,Received
PO001524,SUP00150,PART00533,PLT0022,2026-06-01 18:50:07,2026-06-08 18:50:07,2026-06-05 18:50:07,4880,4880,892.03,142866.23,0,78890.17,Received
PO001525,SUP00190,PART00016,PLT0009,2026-01-03 17:04:37,2026-03-04 17:04:37,2026-03-02 17:04:37,2047,2047,1946.29,235210.24,12.5,25583.13,Received
PO001526,SUP00153,PART00397,PLT0001,2026-05-16 14:37:01,2026-06-30 14:37:01,2026-06-28 14:37:01,4162,4162,3224.88,348894.43,18,163833.01,Received
PO001527,SUP00075,PART00498,PLT0002,2026-03-02 14:07:04,2026-05-01 14:07:04,2026-05-01 14:07:04,2708,2708,1807.34,116950.58,5,56269.56,Received
PO001528,SUP00188,PART01095,PLT0013,2026-02-03 04:07:35,2026-04-04 04:07:35,2026-04-04 04:07:35,4030,4030,2133.93,212043.52,15,55552.3,Received
PO001529,SUP00019,PART01259,PLT0021,2026-03-20 17:15:01,2026-05-19 17:15:01,2026-05-17 17:15:01,3517,3517,3179.04,445439.66,15,196603.86,Received
PO001530,SUP00010,PART00832,PLT0020,2026-04-17 09:28:23,2026-06-16 09:28:23,2026-06-16 09:28:23,1219,1038,1982.06,143500.65,5,45586.27,Received
PO001531,SUP00087,PART01477,PLT0002,2026-03-14 06:59:11,2026-04-28 06:59:11,2026-05-01 06:59:11,1657,1657,1233.41,44951.33,0,16204.09,Received
PO001532,SUP00054,PART00378,PLT0016,2026-03-25 20:02:28,2026-05-09 20:02:28,2026-05-20 20:02:28,2795,1147,1093.06,120940.69,0,22983.52,Received
PO001533,SUP00185,PART01517,PLT0003,2026-01-19 14:38:08,2026-03-20 14:38:08,2026-03-19 14:38:08,273,273,1285.15,17129.69,0,3412.17,Received
PO001534,SUP00076,PART00524,PLT0010,2026-05-24 09:49:26,2026-06-07 09:49:26,2026-06-06 09:49:26,206,206,4862.62,71716.67,12.5,18423.81,Received
PO001535,SUP00011,PART00421,PLT0027,2026-05-24 17:31:43,2026-06-03 17:31:43,2026-06-02 17:31:43,1161,641,1145.88,29122.3,10,11283.65,Received
PO001536,SUP00179,PART01202,PLT0004,2026-02-05 18:23:02,2026-03-07 18:23:02,2026-03-07 18:23:02,3101,3101,4231.12,778069.54,0,254714.89,Received
PO001537,SUP00109,PART01513,PLT0019,2026-05-28 02:14:41,2026-06-07 02:14:41,2026-06-07 02:14:41,982,982,2269.79,78818.57,7.5,18134.91,Received
PO001538,SUP00036,PART01179,PLT0003,2026-02-07 08:50:59,2026-04-08 08:50:59,2026-04-07 08:50:59,3028,3028,4178.38,540625.03,0,214442.37,Received
PO001539,SUP00181,PART00324,PLT0007,2026-05-23 07:44:09,2026-06-06 07:44:09,2026-06-04 07:44:09,3422,3422,4765.26,652193.68,5,155960.55,Received
PO001540,SUP00184,PART01025,PLT0012,2026-02-27 22:38:58,2026-03-13 22:38:58,2026-03-11 22:38:58,3676,3676,363.37,27113.81,7.5,18372.88,Received
PO001541,SUP00140,PART00880,PLT0013,2026-02-07 12:58:03,2026-03-24 12:58:03,2026-03-24 12:58:03,4828,2588,2381.89,747729.11,15,165326.78,Received
PO001542,SUP00164,PART01775,PLT0026,2026-02-17 02:08:44,2026-02-24 02:08:44,2026-02-22 02:08:44,1502,1502,1091.23,114441.24,10,18146.47,Received
PO001543,SUP00125,PART01585,PLT0002,2026-03-06 23:23:16,2026-04-20 23:23:16,2026-04-17 23:23:16,3361,3361,1647.81,221259.85,0,49914.75,Received
PO001544,SUP00059,PART01564,PLT0028,2026-03-17 17:56:09,2026-03-31 17:56:09,2026-04-06 17:56:09,2067,1407,3618.06,427587.28,12.5,84113.54,Received
PO001545,SUP00009,PART00215,PLT0008,2026-04-02 19:05:35,2026-04-09 19:05:35,2026-04-07 19:05:35,1845,1845,4411.81,577434.72,10,60143.35,Received
PO001546,SUP00157,PART01798,PLT0014,2026-02-22 13:59:44,2026-04-08 13:59:44,2026-04-15 13:59:44,3607,3607,4645.85,1005712.94,10,136166.65,Received
PO001547,SUP00007,PART01188,PLT0022,2026-05-14 20:50:08,2026-05-28 20:50:08,2026-05-25 20:50:08,1092,1092,4534.43,360683.12,18,90730.09,Received
PO001548,SUP00029,PART01531,PLT0007,2026-01-30 22:08:21,2026-03-31 22:08:21,2026-03-28 22:08:21,4095,1977,373.29,40042.98,15,9518.65,Received
PO001549,SUP00048,PART01312,PLT0014,2026-06-17 15:47:17,2026-07-01 15:47:17,2026-06-28 15:47:17,1659,1659,596.97,52314.62,5,9764.81,Received
PO001550,SUP00071,PART00435,PLT0021,2026-02-25 15:44:32,2026-04-26 15:44:32,2026-04-24 15:44:32,4147,4147,4862.93,701414.72,0,225752.29,Received
PO001551,SUP00150,PART00207,PLT0012,2026-05-22 21:26:39,2026-05-29 21:26:39,2026-05-27 21:26:39,4682,4682,690.68,188641.38,18,54359.3,Received
PO001552,SUP00041,PART00158,PLT0013,2026-01-19 16:14:17,2026-01-29 16:14:17,2026-01-28 16:14:17,4146,4146,2592.92,468915.91,18,159497.97,Received
PO001553,SUP00001,PART01422,PLT0014,2026-01-18 03:54:05,2026-03-04 03:54:05,2026-03-04 03:54:05,4122,4122,2246.44,448536.96,12.5,54484.45,Received
PO001554,SUP00137,PART01415,PLT0005,2026-05-31 11:50:03,2026-06-14 11:50:03,2026-06-15 11:50:03,831,831,4405.47,207988.11,15,70963.36,Received
PO001555,SUP00098,PART01851,PLT0022,2026-01-04 17:00:27,2026-03-05 17:00:27,2026-03-04 17:00:27,3217,3217,1133.29,198442.2,0,25437.52,Received
PO001556,SUP00008,PART00250,PLT0009,2026-03-19 07:53:42,2026-03-26 07:53:42,2026-03-24 07:53:42,3671,3671,1034.38,149605.8,7.5,66735.68,Received
PO001557,SUP00072,PART01533,PLT0018,2026-05-03 21:13:23,2026-07-02 21:13:23,2026-06-30 21:13:23,2871,2871,4876.67,452326.16,5,195560.91,Received
PO001558,SUP00107,PART00942,PLT0004,2026-05-26 06:10:16,2026-06-16 06:10:16,2026-06-30 06:10:16,4872,4872,898.44,166484.65,5,47847.93,Received
PO001559,SUP00173,PART01172,PLT0008,2026-04-09 04:23:35,2026-04-19 04:23:35,2026-04-21 04:23:35,949,949,422.53,17970.64,12.5,6327.11,Received
PO001560,SUP00052,PART01161,PLT0014,2026-01-18 04:07:09,2026-02-17 04:07:09,2026-02-14 04:07:09,259,259,2207.24,41926.89,5,4731.62,Received
PO001561,SUP00095,PART00451,PLT0019,2026-01-22 13:00:23,2026-02-12 13:00:23,2026-02-09 13:00:23,930,930,657.92,41065.99,0,4101.84,Received
PO001562,SUP00178,PART01589,PLT0022,2026-02-17 22:37:49,2026-04-18 22:37:49,2026-04-16 22:37:49,4843,4843,1926.4,608856.44,5,78333.94,Received
PO001563,SUP00030,PART00557,PLT0008,2026-02-11 20:02:33,2026-03-13 20:02:33,2026-03-10 20:02:33,3998,3998,2363.74,305309.7,7.5,122873.69,Received
PO001564,SUP00088,PART00205,PLT0009,2026-01-09 20:28:01,2026-02-08 20:28:01,2026-02-17 20:28:01,2223,2223,1441.71,76035.41,0,57607.27,Received
PO001565,SUP00113,PART01010,PLT0019,2026-02-12 01:00:37,2026-04-13 01:00:37,2026-04-11 01:00:37,4509,4509,1630.26,323638.49,7.5,100523.71,Received
PO001566,SUP00081,PART01454,PLT0018,2026-05-09 17:24:57,2026-05-30 17:24:57,2026-05-30 17:24:57,439,439,2077.61,54149.12,0,16786.19,Received
PO001567,SUP00019,PART00079,PLT0004,2026-04-13 20:17:11,2026-06-12 20:17:11,2026-06-09 20:17:11,3466,2156,289.17,52776.65,0,16256.56,Received
PO001568,SUP00074,PART00148,PLT0028,2026-05-01 13:20:41,2026-05-11 13:20:41,2026-05-10 13:20:41,2441,2441,3549.15,669568.69,5,76821.24,Received
PO001569,SUP00167,PART01833,PLT0023,2026-03-05 21:50:28,2026-03-19 21:50:28,2026-03-17 21:50:28,1327,683,3614.4,152757.19,12.5,28397.75,Received
PO001570,SUP00009,PART00979,PLT0018,2026-05-11 08:29:02,2026-05-18 08:29:02,2026-05-18 08:29:02,1732,1056,1515.08,65052.55,15,17012.77,Received
PO001571,SUP00077,PART01437,PLT0028,2026-01-17 18:42:05,2026-03-03 18:42:05,2026-03-03 18:42:05,1715,1424,1860.48,82530.17,7.5,60283.43,Received
PO001572,SUP00174,PART01673,PLT0000,2026-01-27 06:49:03,2026-03-13 06:49:03,2026-03-10 06:49:03,85,85,3023.84,19526.59,18,4381.03,Received
PO001573,SUP00143,PART00180,PLT0009,2026-01-18 20:49:26,2026-03-04 20:49:26,2026-03-01 20:49:26,2500,2500,230.99,43032.48,0,9579.79,Received
PO001574,SUP00125,PART01244,PLT0006,2026-03-26 16:33:31,2026-05-10 16:33:31,2026-05-08 16:33:31,4071,4071,3821.24,1114002.68,5,219000.28,Received
PO001575,SUP00194,PART00489,PLT0017,2026-06-03 03:13:34,2026-06-24 03:13:34,2026-06-25 03:13:34,4140,4140,3944.71,1277705.18,12.5,111569.39,Received
PO001576,SUP00193,PART01182,PLT0009,2026-02-02 21:05:05,2026-02-12 21:05:05,2026-02-11 21:05:05,1024,1024,2781.29,206821.07,0,44571.26,Received
PO001577,SUP00155,PART00168,PLT0029,2026-03-07 03:36:54,2026-03-28 03:36:54,2026-03-28 03:36:54,3416,3416,2423.83,380875.49,0,89654.05,Received
PO001578,SUP00010,PART00832,PLT0017,2026-02-19 04:19:40,2026-04-20 04:19:40,2026-04-26 04:19:40,1419,704,1982.06,166950.54,7.5,51754.5,Received
PO001579,SUP00106,PART00004,PLT0004,2026-05-03 21:58:40,2026-05-13 21:58:40,2026-05-10 21:58:40,582,382,4548.59,139162.74,7.5,33908.86,Received
PO001580,SUP00018,PART01873,PLT0029,2026-03-11 16:32:22,2026-04-01 16:32:22,2026-03-30 16:32:22,4200,4200,3508.5,1134328.97,5,290550.06,Received
PO001581,SUP00127,PART00062,PLT0011,2026-01-21 13:50:29,2026-01-31 13:50:29,2026-01-29 13:50:29,3594,3594,1450.79,398072.45,12.5,42355.02,Received
PO001582,SUP00132,PART00745,PLT0024,2026-04-09 00:50:42,2026-04-23 00:50:42,2026-04-22 00:50:42,1559,1559,58.5,5788.07,15,669.5,Received
PO001583,SUP00099,PART00827,PLT0004,2026-05-07 21:06:43,2026-07-06 21:06:43,2026-07-04 21:06:43,262,262,3331.71,63231.61,15,4659.87,Received
PO001584,SUP00016,PART00087,PLT0002,2026-02-27 02:25:12,2026-03-20 02:25:12,2026-03-31 02:25:12,2298,2298,3947.19,302496.29,12.5,114640.77,Received
PO001585,SUP00111,PART01957,PLT0013,2026-06-17 05:13:50,2026-06-27 05:13:50,2026-06-27 05:13:50,4243,4243,4521.34,1313754.17,0,96907.36,Received
PO001586,SUP00146,PART01306,PLT0026,2026-03-21 23:21:37,2026-04-11 23:21:37,2026-04-11 23:21:37,2277,1917,1970.5,116735.78,0,58528.34,Received
PO001587,SUP00060,PART00015,PLT0015,2026-03-21 03:45:28,2026-05-20 03:45:28,2026-05-20 03:45:28,1047,1047,4979.66,352261.91,0,37017.85,Received
PO001588,SUP00024,PART00292,PLT0017,2026-01-29 18:07:04,2026-02-28 18:07:04,2026-02-27 18:07:04,2375,2375,3226.31,280930.34,10,137885.85,Received
PO001589,SUP00176,PART01077,PLT0006,2026-03-11 12:00:31,2026-05-10 12:00:31,2026-05-20 12:00:31,4928,4928,1133.1,112110.14,0,31187.33,Received
PO001590,SUP00159,PART01538,PLT0017,2026-02-22 00:51:41,2026-03-01 00:51:41,2026-03-01 00:51:41,1919,1919,3306.24,424492.47,0,120803.79,Received
PO001591,SUP00030,PART00710,PLT0021,2026-01-06 18:25:04,2026-02-05 18:25:04,2026-02-18 18:25:04,2625,2625,1814.3,371625.21,15,90081.89,Received
PO001592,SUP00052,PART00337,PLT0024,2026-05-05 21:11:45,2026-06-04 21:11:45,2026-06-03 21:11:45,112,112,1562.89,8087.16,0,2554.47,Received
PO001593,SUP00087,PART01916,PLT0021,2026-03-11 18:51:06,2026-04-25 18:51:06,2026-05-04 18:51:06,385,385,2010.59,37048.63,5,4209.56,Received
PO001594,SUP00167,PART01897,PLT0017,2026-01-04 08:07:41,2026-01-18 08:07:41,2026-01-19 08:07:41,2508,2508,4422.59,413303.69,10,95820.01,Received
PO001595,SUP00041,PART00158,PLT0019,2026-03-06 15:30:09,2026-03-16 15:30:09,2026-03-19 15:30:09,4232,4232,2592.92,282411.8,7.5,102255.96,Received
PO001596,SUP00175,PART01138,PLT0013,2026-06-05 07:39:08,2026-06-19 07:39:08,2026-06-18 07:39:08,4560,4560,2878.27,329437.2,18,198343.92,Received
PO001597,SUP00167,PART01897,PLT0019,2026-02-13 08:31:33,2026-02-27 08:31:33,2026-02-26 08:31:33,2870,2870,4422.59,948961.99,0,191729.42,Received
PO001598,SUP00168,PART00465,PLT0014,2026-04-19 09:55:06,2026-05-03 09:55:06,2026-05-03 09:55:06,1245,1245,4870.03,420994.04,15,53105.73,Received
PO001599,SUP00108,PART01879,PLT0028,2026-02-16 12:23:15,2026-04-17 12:23:15,2026-04-24 12:23:15,4934,4934,2518.96,486406.04,10,165153.59,Received
PO001600,SUP00039,PART01961,PLT0011,2026-04-06 17:29:05,2026-04-20 17:29:05,2026-04-18 17:29:05,220,220,62.63,505.61,0,241.29,Received
PO001601,SUP00034,PART01234,PLT0013,2026-04-20 23:47:44,2026-05-20 23:47:44,2026-05-18 23:47:44,2993,2052,2449.26,498924.19,12.5,38277.57,Received
PO001602,SUP00014,PART00136,PLT0023,2026-01-10 09:53:27,2026-01-20 09:53:27,2026-01-17 09:53:27,3815,3815,1376.4,247534.88,7.5,55496.51,Received
PO001603,SUP00002,PART01830,PLT0001,2026-01-17 02:46:54,2026-01-24 02:46:54,2026-01-23 02:46:54,3688,3688,4926.38,1373294.51,12.5,271768.48,Received
PO001604,SUP00195,PART00141,PLT0009,2026-04-25 03:05:39,2026-05-09 03:05:39,2026-05-10 03:05:39,1196,1196,4744.37,329681.11,18,52233.29,Received
PO001605,SUP00123,PART00980,PLT0023,2026-03-19 08:59:48,2026-05-18 08:59:48,2026-05-17 08:59:48,3308,3308,2221.65,279840.88,15,131515.87,Received
PO001606,SUP00074,PART00369,PLT0010,2026-06-05 20:53:14,2026-06-15 20:53:14,2026-06-16 20:53:14,4404,4404,1621.65,221759.39,0,132224.52,Received
PO001607,SUP00143,PART00356,PLT0006,2026-02-28 13:00:20,2026-04-14 13:00:20,2026-04-14 13:00:20,2293,2293,686.99,98558.67,7.5,10489.97,Received
PO001608,SUP00191,PART00677,PLT0010,2026-02-17 21:14:30,2026-04-18 21:14:30,2026-04-25 21:14:30,4968,4968,4735.16,1225017.94,10,279422.24,Received
PO001609,SUP00032,PART01732,PLT0018,2026-01-06 14:11:27,2026-02-20 14:11:27,2026-02-17 14:11:27,4662,4662,4003.56,390029.94,7.5,139389.7,Received
PO001610,SUP00152,PART00926,PLT0001,2026-02-16 10:34:29,2026-03-09 10:34:29,2026-03-13 10:34:29,1865,1865,3059.47,326577.6,10,86358.1,Received
PO001611,SUP00145,PART00596,PLT0011,2026-02-05 04:50:26,2026-04-06 04:50:26,2026-04-20 04:50:26,726,726,4556.58,172910.61,0,42609.39,Received
PO001612,SUP00007,PART00463,PLT0001,2026-02-24 06:43:24,2026-03-10 06:43:24,2026-03-09 06:43:24,3614,3614,135.18,36293.32,0,5686.28,Received
PO001613,SUP00139,PART00203,PLT0015,2026-02-27 09:05:12,2026-03-13 09:05:12,2026-03-23 09:05:12,1187,1187,1442.51,36961.8,0,19021.6,Received
PO001614,SUP00160,PART01109,PLT0029,2026-05-30 08:15:33,2026-06-06 08:15:33,2026-06-06 08:15:33,2992,2992,2540.17,421205.63,12.5,81601.3,Received
PO001615,SUP00159,PART00429,PLT0015,2026-06-16 16:36:37,2026-06-23 16:36:37,2026-06-24 16:36:37,3295,3295,2821.21,256307.26,10,151270.7,Received
PO001616,SUP00082,PART01988,PLT0006,2026-01-24 12:24:48,2026-02-03 12:24:48,2026-02-13 12:24:48,1335,1335,1994.54,101513.78,10,13616.7,Received
PO001617,SUP00152,PART00309,PLT0001,2026-03-23 03:57:35,2026-04-13 03:57:35,2026-04-13 03:57:35,920,920,452.65,24394.61,5,4416.36,Received
PO001618,SUP00099,PART00462,PLT0015,2026-04-28 07:45:15,2026-06-27 07:45:15,2026-06-27 07:45:15,66,66,4563.82,6416.04,10,3450.18,Received
PO001619,SUP00013,PART00771,PLT0004,2026-02-05 18:27:41,2026-02-26 18:27:41,2026-03-05 18:27:41,2350,2350,1114.35,62428.83,10,26995.0,Received
PO001620,SUP00026,PART01228,PLT0009,2026-01-01 11:27:07,2026-03-02 11:27:07,2026-03-01 11:27:07,1908,1908,1977.08,255138.56,10,59995.46,Received
PO001621,SUP00078,PART00444,PLT0004,2026-02-15 12:04:12,2026-04-16 12:04:12,2026-04-13 12:04:12,3889,3889,4823.35,1255105.77,0,173942.21,Received
PO001622,SUP00013,PART00771,PLT0009,2026-03-27 15:38:18,2026-04-17 15:38:18,2026-04-16 15:38:18,3686,3686,1114.35,264544.81,7.5,78760.02,Received
PO001623,SUP00157,PART00722,PLT0006,2026-05-12 14:12:49,2026-06-26 14:12:49,2026-06-26 14:12:49,707,707,3029.53,168013.38,12.5,41847.89,Received
PO001624,SUP00015,PART01457,PLT0013,2026-03-08 00:25:40,2026-03-15 00:25:40,2026-03-14 00:25:40,3907,3907,4761.06,1219882.83,0,127891.08,Received
PO001625,SUP00013,PART01605,PLT0018,2026-02-01 02:13:04,2026-02-22 02:13:04,2026-02-20 02:13:04,3955,3955,1956.14,343554.45,0,131190.75,Received
PO001626,SUP00104,PART01279,PLT0001,2026-01-31 06:27:06,2026-02-10 06:27:06,2026-02-10 06:27:06,982,982,4336.52,245133.36,15,22827.94,Received
PO001627,SUP00078,PART01288,PLT0026,2026-04-03 18:49:05,2026-06-02 18:49:05,2026-06-01 18:49:05,2796,2796,2378.73,193343.29,15,45536.0,Received
PO001628,SUP00194,PART00728,PLT0018,2026-01-31 03:48:29,2026-02-21 03:48:29,2026-02-20 03:48:29,3151,3151,2947.3,473717.68,7.5,136581.42,Received
PO001629,SUP00155,PART00752,PLT0013,2026-02-12 20:23:52,2026-03-05 20:23:52,2026-03-07 20:23:52,730,730,4816.62,102436.6,7.5,27736.93,Received
PO001630,SUP00015,PART00082,PLT0000,2026-07-02 07:52:09,2026-07-09 07:52:09,2026-07-06 07:52:09,2807,2807,3027.0,295174.1,18,114443.16,Received
PO001631,SUP00105,PART01427,PLT0004,2026-02-17 05:48:44,2026-03-10 05:48:44,2026-03-10 05:48:44,1747,1747,494.45,39943.36,18,15351.4,Received
PO001632,SUP00115,PART00778,PLT0019,2026-02-10 12:34:27,2026-02-24 12:34:27,2026-02-21 12:34:27,4435,4435,1828.56,212447.97,18,65084.77,Received
PO001633,SUP00113,PART01398,PLT0015,2026-03-22 03:28:56,2026-05-21 03:28:56,2026-05-21 03:28:56,2842,2573,789.38,63640.52,0,14527.09,Received
PO001634,SUP00198,PART00562,PLT0021,2026-01-06 21:21:57,2026-02-05 21:21:57,2026-02-18 21:21:57,2942,2942,2263.01,304115.31,7.5,51663.25,Received
PO001635,SUP00197,PART00911,PLT0027,2026-06-03 23:43:23,2026-06-13 23:43:23,2026-06-27 23:43:23,3071,3071,4548.27,400454.95,0,277976.8,Received
PO001636,SUP00149,PART00647,PLT0011,2026-02-12 20:06:17,2026-04-13 20:06:17,2026-04-28 20:06:17,2089,2089,2785.21,407661.57,12.5,56497.07,Received
PO001637,SUP00159,PART01538,PLT0012,2026-04-30 03:33:36,2026-05-07 03:33:36,2026-05-04 03:33:36,2181,2181,3306.24,365438.49,12.5,53332.9,Received
PO001638,SUP00175,PART00570,PLT0026,2026-06-05 18:22:52,2026-06-19 18:22:52,2026-06-17 18:22:52,1035,1035,2983.87,137144.73,0,30029.2,Received
PO001639,SUP00199,PART01963,PLT0013,2026-04-23 08:26:44,2026-05-07 08:26:44,2026-05-04 08:26:44,2728,2728,4917.15,1015821.75,0,95841.82,Received
PO001640,SUP00152,PART01376,PLT0001,2026-06-18 05:34:03,2026-07-09 05:34:03,2026-07-08 05:34:03,3714,2937,4243.84,484817.83,5,253690.02,Received
PO001641,SUP00150,PART01438,PLT0000,2026-04-30 04:55:47,2026-05-07 04:55:47,2026-05-06 04:55:47,2158,2158,144.75,11294.52,0,1903.66,Received
PO001642,SUP00108,PART01178,PLT0003,2026-02-28 11:30:56,2026-04-29 11:30:56,2026-04-27 11:30:56,85,85,1446.73,8269.3,7.5,2262.03,Received
PO001643,SUP00127,PART00945,PLT0017,2026-06-16 10:03:10,2026-06-26 10:03:10,2026-06-26 10:03:10,2400,2243,65.98,10036.73,15,2829.68,Received
PO001644,SUP00161,PART00280,PLT0011,2026-01-23 13:36:44,2026-02-22 13:36:44,2026-02-27 13:36:44,475,475,3822.87,58501.14,18,12727.96,Received
PO001645,SUP00105,PART00599,PLT0014,2026-04-18 20:49:13,2026-05-09 20:49:13,2026-05-08 20:49:13,2040,2040,4602.39,551187.66,0,144600.26,Received
PO001646,SUP00167,PART01897,PLT0018,2026-05-16 16:15:22,2026-05-30 16:15:22,2026-05-28 16:15:22,574,574,4422.59,110890.81,12.5,41858.58,Received
PO001647,SUP00197,PART00911,PLT0000,2026-03-18 18:48:36,2026-03-28 18:48:36,2026-03-27 18:48:36,1201,1201,4548.27,366146.24,18,62245.3,Received
PO001648,SUP00173,PART00008,PLT0003,2026-01-14 01:56:13,2026-01-24 01:56:13,2026-02-08 01:56:13,1291,1291,708.08,70341.4,0,16792.7,Received
PO001649,SUP00071,PART01474,PLT0021,2026-04-11 14:01:09,2026-06-10 14:01:09,2026-06-08 14:01:09,1086,1086,4153.34,158714.79,18,36323.74,Received
PO001650,SUP00011,PART01541,PLT0006,2026-03-24 02:40:06,2026-04-03 02:40:06,2026-04-14 02:40:06,4770,4770,4885.02,1790020.0,18,174663.36,Received
PO001651,SUP00137,PART01415,PLT0017,2026-04-28 12:40:43,2026-05-12 12:40:43,2026-05-12 12:40:43,1744,1744,4405.47,546342.52,7.5,108323.39,Received
PO001652,SUP00028,PART00585,PLT0028,2026-03-26 10:37:19,2026-04-02 10:37:19,2026-04-12 10:37:19,1140,1140,18.68,1684.93,12.5,195.89,Received
PO001653,SUP00141,PART01464,PLT0026,2026-01-11 02:19:51,2026-02-25 02:19:51,2026-02-24 02:19:51,1242,1242,4569.11,239338.82,0,105673.66,Received
PO001654,SUP00022,PART01905,PLT0006,2026-03-14 15:54:01,2026-04-28 15:54:01,2026-04-28 15:54:01,684,684,1404.19,38330.41,12.5,6383.13,Received
PO001655,SUP00132,PART00706,PLT0025,2026-06-24 16:34:51,2026-07-08 16:34:51,2026-07-08 16:34:51,4480,2326,1884.76,434306.02,18,115308.82,Received
PO001656,SUP00140,PART01551,PLT0023,2026-05-23 18:44:11,2026-07-07 18:44:11,2026-07-05 18:44:11,608,608,4677.82,67366.12,5,16945.56,Received
PO001657,SUP00055,PART00830,PLT0012,2026-06-23 12:35:36,2026-07-03 12:35:36,2026-07-03 12:35:36,1799,1799,4438.16,251152.01,0,72789.27,Received
PO001658,SUP00143,PART01322,PLT0006,2026-04-03 16:26:03,2026-05-18 16:26:03,2026-05-16 16:26:03,2935,2935,3357.95,313654.92,0,64520.95,Received
PO001659,SUP00098,PART00825,PLT0016,2026-03-03 16:52:27,2026-05-02 16:52:27,2026-04-29 16:52:27,951,951,4873.12,319484.27,18,41402.98,Received
PO001660,SUP00131,PART00186,PLT0029,2026-04-29 02:24:36,2026-05-20 02:24:36,2026-05-17 02:24:36,891,891,2599.07,130559.86,18,34013.06,Received
PO001661,SUP00019,PART00418,PLT0015,2026-01-20 23:13:32,2026-03-21 23:13:32,2026-03-21 23:13:32,3046,3046,3563.05,470541.96,18,213441.4,Received
PO001662,SUP00152,PART00231,PLT0002,2026-04-21 10:34:05,2026-05-12 10:34:05,2026-05-09 10:34:05,3642,3642,3810.49,890269.34,18,111431.41,Received
PO001663,SUP00102,PART00407,PLT0005,2026-03-22 08:33:21,2026-04-12 08:33:21,2026-04-12 08:33:21,2678,1561,3836.71,809055.75,5,109157.07,Received
PO001664,SUP00071,PART00523,PLT0011,2026-05-05 23:30:15,2026-07-04 23:30:15,2026-07-02 23:30:15,3506,3506,4087.84,893388.26,18,151120.03,Received
PO001665,SUP00132,PART00746,PLT0007,2026-02-18 01:16:15,2026-03-04 01:16:15,2026-03-03 01:16:15,2362,2362,172.88,17971.48,0,2619.09,Received
PO001666,SUP00045,PART01854,PLT0024,2026-05-17 00:05:46,2026-06-07 00:05:46,2026-06-07 00:05:46,595,595,4478.45,139537.32,7.5,50456.89,Received
PO001667,SUP00038,PART00876,PLT0017,2026-04-05 03:41:32,2026-06-04 03:41:32,2026-06-03 03:41:32,85,85,210.71,1192.51,0,130.29,Received
PO001668,SUP00110,PART01055,PLT0010,2026-02-09 17:04:44,2026-02-23 17:04:44,2026-02-20 17:04:44,1514,1514,4588.97,299132.69,18,119269.69,Received
PO001669,SUP00012,PART00454,PLT0008,2026-03-03 11:43:22,2026-04-02 11:43:22,2026-03-31 11:43:22,551,551,617.03,9365.5,18,3589.97,Received
PO001670,SUP00153,PART00614,PLT0013,2026-01-21 16:18:15,2026-03-07 16:18:15,2026-03-08 16:18:15,4509,4509,1663.2,235679.7,0,97698.5,Received
PO001671,SUP00140,PART01155,PLT0029,2026-04-02 15:13:11,2026-05-17 15:13:11,2026-05-17 15:13:11,3791,3791,2968.82,376198.52,0,216676.96,Received
PO001672,SUP00051,PART01624,PLT0015,2026-04-02 02:21:48,2026-04-09 02:21:48,2026-04-09 02:21:48,1040,702,692.09,20450.58,0,11084.09,Received
PO001673,SUP00175,PART00984,PLT0020,2026-04-08 20:35:50,2026-04-22 20:35:50,2026-04-26 20:35:50,58,58,25.53,35.08,15,27.56,Received
PO001674,SUP00013,PART00299,PLT0002,2026-01-10 07:55:44,2026-01-31 07:55:44,2026-02-12 07:55:44,2332,2332,2506.46,220430.23,7.5,72086.58,Received
PO001675,SUP00131,PART01819,PLT0021,2026-01-11 01:32:27,2026-02-01 01:32:27,2026-01-29 01:32:27,3712,1676,2477.65,525542.72,12.5,174928.87,Received
PO001676,SUP00025,PART01388,PLT0018,2026-04-24 02:56:45,2026-05-24 02:56:45,2026-05-24 02:56:45,3131,3131,1001.42,177450.05,10,51980.09,Received
PO001677,SUP00097,PART00824,PLT0024,2026-03-30 09:39:37,2026-04-09 09:39:37,2026-04-09 09:39:37,3143,3143,965.0,103339.36,7.5,50604.55,Received
PO001678,SUP00168,PART00032,PLT0000,2026-04-30 10:04:34,2026-05-14 10:04:34,2026-05-13 10:04:34,1372,1182,3637.58,382784.21,12.5,76020.56,Received
PO001679,SUP00132,PART00746,PLT0006,2026-06-01 12:36:27,2026-06-15 12:36:27,2026-06-14 12:36:27,1543,1543,172.88,6747.43,0,4375.72,Received
PO001680,SUP00043,PART00499,PLT0019,2026-01-03 13:54:48,2026-03-04 13:54:48,2026-03-02 13:54:48,2380,2380,1002.38,82531.58,0,39205.88,Received
PO001681,SUP00145,PART00685,PLT0015,2026-05-05 09:07:53,2026-07-04 09:07:53,2026-07-04 09:07:53,2743,2743,3468.82,591126.66,0,57457.52,Received
PO001682,SUP00052,PART01451,PLT0026,2026-01-30 09:32:17,2026-03-01 09:32:17,2026-03-01 09:32:17,4178,4178,902.82,166267.24,18,51213.36,Received
PO001683,SUP00198,PART00427,PLT0021,2026-02-20 19:23:48,2026-03-22 19:23:48,2026-04-06 19:23:48,2804,2804,4385.57,883070.07,5,102187.45,Received
PO001684,SUP00159,PART00591,PLT0016,2026-04-08 04:00:12,2026-04-15 04:00:12,2026-04-13 04:00:12,4080,2978,1646.66,177820.66,12.5,81157.31,Received
PO001685,SUP00131,PART00186,PLT0026,2026-02-18 23:06:00,2026-03-11 23:06:00,2026-03-08 23:06:00,3223,2492,2599.07,288194.75,0,44767.19,Received
PO001686,SUP00030,PART00425,PLT0002,2026-04-07 02:11:32,2026-05-07 02:11:32,2026-05-04 02:11:32,3517,3517,4130.85,969333.25,0,140279.49,Received
PO001687,SUP00197,PART01103,PLT0010,2026-02-21 05:43:17,2026-03-03 05:43:17,2026-03-13 05:43:17,1413,952,2084.03,81604.9,0,16463.91,Received
PO001688,SUP00056,PART00070,PLT0022,2026-05-08 17:42:18,2026-07-07 17:42:18,2026-07-04 17:42:18,456,456,4353.27,119090.34,12.5,33446.13,Received
PO001689,SUP00158,PART00654,PLT0002,2026-04-25 10:00:10,2026-05-02 10:00:10,2026-04-30 10:00:10,2342,2342,1471.4,98537.02,0,37939.52,Received
PO001690,SUP00043,PART01334,PLT0006,2026-01-12 01:43:57,2026-03-13 01:43:57,2026-03-25 01:43:57,1673,963,1022.65,77415.39,5,18342.22,Received
PO001691,SUP00082,PART01459,PLT0024,2026-06-11 16:13:30,2026-06-21 16:13:30,2026-07-04 16:13:30,155,155,1603.61,5839.35,0,3440.06,Received
PO001692,SUP00176,PART01077,PLT0026,2026-04-26 13:46:48,2026-06-25 13:46:48,2026-06-25 13:46:48,4580,4580,1133.1,139275.75,0,88965.97,Received
PO001693,SUP00003,PART00634,PLT0027,2026-06-09 23:53:01,2026-06-19 23:53:01,2026-06-19 23:53:01,1471,1471,1433.21,166433.49,5,21164.39,Received
PO001694,SUP00180,PART01949,PLT0008,2026-01-13 12:26:49,2026-01-27 12:26:49,2026-01-26 12:26:49,464,464,2067.61,32433.37,7.5,14960.58,Received
PO001695,SUP00108,PART01297,PLT0014,2026-03-23 00:06:07,2026-05-22 00:06:07,2026-05-21 00:06:07,3470,3470,4632.85,836391.54,0,203806.16,Received
PO001696,SUP00101,PART01660,PLT0002,2026-01-28 05:59:15,2026-03-29 05:59:15,2026-04-09 05:59:15,3565,3565,3744.91,546405.61,7.5,222917.0,Received
PO001697,SUP00065,PART01831,PLT0022,2026-02-19 19:04:18,2026-04-05 19:04:18,2026-04-05 19:04:18,2896,1509,3653.73,842374.69,0,58673.17,Received
PO001698,SUP00146,PART00714,PLT0021,2026-04-17 12:06:09,2026-05-08 12:06:09,2026-05-19 12:06:09,2053,2053,3149.55,367091.67,15,122518.45,Received
PO001699,SUP00051,PART01238,PLT0014,2026-05-01 03:30:31,2026-05-08 03:30:31,2026-05-07 03:30:31,825,825,3839.02,250987.66,7.5,22483.77,Received
PO001700,SUP00132,PART00864,PLT0019,2026-02-15 04:50:09,2026-03-01 04:50:09,2026-02-26 04:50:09,2966,2966,4914.87,954069.77,0,161563.07,Received
PO001701,SUP00161,PART00994,PLT0013,2026-04-04 00:00:16,2026-05-04 00:00:16,2026-05-04 00:00:16,4220,4220,3524.86,652825.68,0,221234.98,Received
PO001702,SUP00011,PART01111,PLT0025,2026-02-12 02:06:00,2026-02-22 02:06:00,2026-02-21 02:06:00,3592,3592,2490.09,665133.77,10,48019.12,Received
PO001703,SUP00016,PART01492,PLT0020,2026-03-18 23:52:51,2026-04-08 23:52:51,2026-04-21 23:52:51,1372,1372,331.48,20052.21,0,3529.69,Received
PO001704,SUP00093,PART00885,PLT0013,2026-03-28 04:30:21,2026-04-04 04:30:21,2026-04-04 04:30:21,4718,4718,567.09,84768.77,12.5,16814.05,Received
PO001705,SUP00125,PART00809,PLT0026,2026-03-05 01:58:44,2026-04-19 01:58:44,2026-04-19 01:58:44,3849,3849,2677.82,567127.67,10,138978.72,Received
PO001706,SUP00085,PART00217,PLT0004,2026-03-04 19:25:38,2026-04-18 19:25:38,2026-04-15 19:25:38,3984,3984,1495.47,274244.83,15,63766.35,Received
PO001707,SUP00079,PART00051,PLT0017,2026-06-12 20:10:50,2026-06-19 20:10:50,2026-06-17 20:10:50,4409,4409,906.18,86937.07,0,75020.0,Received
PO001708,SUP00178,PART01927,PLT0029,2026-02-26 11:43:59,2026-04-27 11:43:59,2026-04-24 11:43:59,945,783,3445.71,129530.45,18,44742.36,Received
PO001709,SUP00164,PART01170,PLT0002,2026-06-09 19:17:38,2026-06-16 19:17:38,2026-06-14 19:17:38,3297,3297,466.94,39363.13,18,17890.57,Received
PO001710,SUP00042,PART01327,PLT0003,2026-06-13 09:44:13,2026-06-23 09:44:13,2026-07-02 09:44:13,3560,3560,2587.28,666692.39,10,152971.74,Received
PO001711,SUP00173,PART00008,PLT0022,2026-04-28 04:22:10,2026-05-08 04:22:10,2026-05-06 04:22:10,4919,4919,708.08,107475.72,15,46734.36,Received
PO001712,SUP00143,PART01820,PLT0015,2026-03-09 21:09:52,2026-04-23 21:09:52,2026-04-23 21:09:52,1958,1958,2191.54,285081.31,5,22614.91,Received
PO001713,SUP00057,PART00208,PLT0023,2026-01-30 02:42:12,2026-03-01 02:42:12,2026-03-01 02:42:12,572,572,258.57,6431.59,0,1834.15,Received
PO001714,SUP00172,PART00350,PLT0018,2026-05-27 10:59:28,2026-06-06 10:59:28,2026-06-13 10:59:28,4971,4971,4593.82,1820654.76,0,191956.78,Received
PO001715,SUP00000,PART00387,PLT0013,2026-04-28 10:14:14,2026-05-05 10:14:14,2026-05-05 10:14:14,4644,4644,3279.15,458204.85,0,79257.61,Received
PO001716,SUP00129,PART01950,PLT0015,2026-05-05 01:40:11,2026-07-04 01:40:11,2026-07-03 01:40:11,2193,2193,4698.39,765368.82,12.5,72984.22,Received
PO001717,SUP00077,PART01437,PLT0025,2026-04-22 12:02:54,2026-06-06 12:02:54,2026-06-05 12:02:54,3896,3132,1860.48,270343.41,0,112055.6,Received
PO001718,SUP00080,PART00668,PLT0015,2026-06-21 16:20:32,2026-07-05 16:20:32,2026-07-05 16:20:32,2319,2319,2258.37,402016.06,10,96988.91,Received
PO001719,SUP00012,PART01389,PLT0024,2026-04-07 07:42:13,2026-05-07 07:42:13,2026-05-04 07:42:13,4496,3749,1521.74,285391.14,7.5,60188.73,Received
PO001720,SUP00146,PART00763,PLT0007,2026-02-19 09:31:27,2026-03-12 09:31:27,2026-03-12 09:31:27,2349,2349,2385.39,256340.26,18,109979.78,Received
PO001721,SUP00141,PART01357,PLT0026,2026-03-23 07:54:13,2026-05-07 07:54:13,2026-05-06 07:54:13,2242,2242,2141.52,322612.62,18,77402.23,Received
PO001722,SUP00188,PART00468,PLT0021,2026-03-10 13:54:31,2026-05-09 13:54:31,2026-05-06 13:54:31,1360,1166,884.62,39641.66,12.5,20991.46,Received
PO001723,SUP00114,PART01060,PLT0010,2026-02-16 16:03:15,2026-03-02 16:03:15,2026-02-27 16:03:15,3922,3922,493.01,93314.77,18,35803.0,Received
PO001724,SUP00040,PART00595,PLT0007,2026-01-31 21:18:39,2026-02-07 21:18:39,2026-02-04 21:18:39,4644,4644,3482.37,1127961.25,7.5,153821.03,Received
PO001725,SUP00091,PART01784,PLT0023,2026-03-25 14:51:04,2026-04-08 14:51:04,2026-04-20 14:51:04,2812,1173,1771.92,106761.77,7.5,48764.63,Received
PO001726,SUP00197,PART00122,PLT0011,2026-05-20 22:50:59,2026-05-30 22:50:59,2026-05-29 22:50:59,4408,4408,3666.04,772586.69,0,93194.97,Received
PO001727,SUP00107,PART00403,PLT0008,2026-02-03 10:34:53,2026-02-24 10:34:53,2026-03-09 10:34:53,4993,4993,1937.26,522605.27,15,113195.7,Received
PO001728,SUP00018,PART01873,PLT0023,2026-04-06 03:40:10,2026-04-27 03:40:10,2026-05-11 03:40:10,4885,4885,3508.5,995711.62,10,257159.29,Received
PO001729,SUP00016,PART01985,PLT0021,2026-01-01 22:18:35,2026-01-22 22:18:35,2026-01-22 22:18:35,569,569,1872.93,42739.73,10,7085.91,Received
PO001730,SUP00118,PART00078,PLT0021,2026-01-26 18:13:05,2026-02-05 18:13:05,2026-02-05 18:13:05,2506,1034,1762.95,137396.05,18,28333.21,Received
PO001731,SUP00159,PART00429,PLT0010,2026-02-14 01:47:02,2026-02-21 01:47:02,2026-02-24 01:47:02,3851,3851,2821.21,720388.03,5,188666.71,Received
PO001732,SUP00061,PART01537,PLT0015,2026-05-01 11:27:44,2026-05-11 11:27:44,2026-05-24 11:27:44,2758,2758,4680.89,875926.47,0,86175.22,Received
PO001733,SUP00194,PART00489,PLT0021,2026-03-10 11:12:06,2026-03-31 11:12:06,2026-03-29 11:12:06,1416,1416,3944.71,173598.45,15,96391.05,Received
PO001734,SUP00039,PART00305,PLT0017,2026-03-26 07:11:51,2026-04-09 07:11:51,2026-04-16 07:11:51,1550,1550,1903.1,119870.52,0,37915.58,Received
PO001735,SUP00050,PART01015,PLT0007,2026-04-13 15:07:37,2026-05-13 15:07:37,2026-05-11 15:07:37,2905,2905,1952.96,438400.06,7.5,82143.35,Received
PO001736,SUP00157,PART00883,PLT0001,2026-04-28 05:06:45,2026-06-12 05:06:45,2026-06-23 05:06:45,712,712,3262.98,91653.6,0,28226.33,Received
PO001737,SUP00160,PART01847,PLT0029,2026-03-01 02:46:35,2026-03-08 02:46:35,2026-03-06 02:46:35,2611,2611,284.1,24623.68,15,11481.4,Received
PO001738,SUP00091,PART01891,PLT0024,2026-03-23 03:27:26,2026-04-06 03:27:26,2026-04-05 03:27:26,4504,4504,470.59,95260.46,5,18464.9,Received
PO001739,SUP00037,PART00512,PLT0012,2026-01-19 12:54:53,2026-01-29 12:54:53,2026-02-01 12:54:53,761,761,1013.59,53860.74,10,15002.48,Received
PO001740,SUP00011,PART01472,PLT0023,2026-05-29 01:29:28,2026-06-08 01:29:28,2026-06-11 01:29:28,3534,3534,2927.87,269957.91,12.5,56197.24,Received
PO001741,SUP00131,PART00527,PLT0016,2026-01-24 00:22:54,2026-02-14 00:22:54,2026-02-11 00:22:54,3263,3263,4336.61,783212.81,0,160726.09,Received
PO001742,SUP00044,PART00479,PLT0002,2026-04-28 04:32:53,2026-06-27 04:32:53,2026-07-01 04:32:53,215,215,1120.07,8209.93,10,4635.04,Received
PO001743,SUP00137,PART00892,PLT0023,2026-04-06 22:32:29,2026-04-20 22:32:29,2026-04-25 22:32:29,2799,2799,118.63,13214.01,18,2371.66,Received
PO001744,SUP00189,PART01681,PLT0004,2026-05-12 11:53:08,2026-06-26 11:53:08,2026-06-23 11:53:08,3660,3660,1171.63,292580.44,0,82693.09,Received
PO001745,SUP00100,PART00440,PLT0008,2026-02-14 11:55:28,2026-03-31 11:55:28,2026-04-09 11:55:28,4605,4605,4255.31,437154.61,18,199138.28,Received
PO001746,SUP00087,PART01916,PLT0002,2026-05-08 16:30:05,2026-06-22 16:30:05,2026-06-21 16:30:05,518,518,2010.59,58811.03,5,11467.87,Received
PO001747,SUP00023,PART00750,PLT0001,2026-06-16 19:19:41,2026-06-30 19:19:41,2026-06-29 19:19:41,1995,1995,3685.94,259731.97,15,76675.74,Received
PO001748,SUP00056,PART00759,PLT0014,2026-03-15 12:23:19,2026-05-14 12:23:19,2026-05-14 12:23:19,952,952,342.43,12247.01,0,5289.99,Received
PO001749,SUP00071,PART01287,PLT0008,2026-02-07 16:29:24,2026-04-08 16:29:24,2026-04-17 16:29:24,1713,1713,2121.79,126935.31,10,30441.3,Received
PO001750,SUP00170,PART01629,PLT0002,2026-06-22 03:50:56,2026-07-06 03:50:56,2026-07-05 03:50:56,4844,4844,2698.86,354575.27,0,128254.07,Received
PO001751,SUP00179,PART00835,PLT0004,2026-05-13 16:30:06,2026-06-12 16:30:06,2026-06-09 16:30:06,1086,1086,303.58,22067.84,10,5648.7,Received
PO001752,SUP00062,PART01863,PLT0014,2026-02-11 11:35:07,2026-02-25 11:35:07,2026-03-06 11:35:07,963,963,695.42,19069.59,0,10818.56,Received
PO001753,SUP00031,PART01497,PLT0016,2026-04-05 23:42:20,2026-06-04 23:42:20,2026-06-03 23:42:20,1333,1333,4222.49,298296.09,12.5,76030.86,Received
PO001754,SUP00147,PART00154,PLT0025,2026-03-04 13:51:16,2026-03-11 13:51:16,2026-03-08 13:51:16,3614,3614,2056.92,199479.87,0,77197.38,Received
PO001755,SUP00078,PART01156,PLT0016,2026-03-29 14:50:30,2026-05-28 14:50:30,2026-05-25 14:50:30,2442,2442,1523.89,207246.64,0,39436.53,Received
PO001756,SUP00092,PART00402,PLT0001,2026-02-19 09:06:11,2026-04-05 09:06:11,2026-04-05 09:06:11,134,134,4444.18,18255.61,0,9910.47,Received
PO001757,SUP00128,PART00772,PLT0023,2026-06-06 16:30:14,2026-06-27 16:30:14,2026-06-24 16:30:14,4596,4596,2394.21,805733.33,7.5,160317.15,Received
PO001758,SUP00169,PART01803,PLT0001,2026-02-03 00:43:41,2026-04-04 00:43:41,2026-04-01 00:43:41,3757,3757,912.85,78310.47,0,31150.88,Received
PO001759,SUP00051,PART01238,PLT0024,2026-05-20 13:58:28,2026-05-27 13:58:28,2026-05-25 13:58:28,3393,3393,3839.02,619432.47,10,123275.62,Received
PO001760,SUP00039,PART00140,PLT0017,2026-05-19 01:25:21,2026-06-02 01:25:21,2026-06-01 01:25:21,3523,3523,4747.59,431114.75,0,306582.96,Received
PO001761,SUP00037,PART01700,PLT0017,2026-05-10 03:16:05,2026-05-20 03:16:05,2026-05-19 03:16:05,637,637,2693.77,111570.82,0,14851.84,Received
PO001762,SUP00136,PART00575,PLT0012,2026-01-12 16:06:58,2026-01-26 16:06:58,2026-01-24 16:06:58,1358,1358,4383.34,154245.55,18,88473.19,Received
PO001763,SUP00093,PART00346,PLT0011,2026-06-04 14:04:04,2026-06-11 14:04:04,2026-06-11 14:04:04,4557,4557,3998.51,1113470.44,0,332031.58,Received
PO001764,SUP00152,PART01376,PLT0012,2026-04-12 13:13:32,2026-05-03 13:13:32,2026-04-30 13:13:32,1870,1870,4243.84,163022.95,18,106977.85,Received
PO001765,SUP00157,PART01367,PLT0021,2026-01-17 16:34:23,2026-03-03 16:34:23,2026-02-28 16:34:23,2061,2061,1517.49,175186.29,15,50779.77,Received
PO001766,SUP00023,PART01213,PLT0022,2026-03-01 11:15:32,2026-03-15 11:15:32,2026-03-12 11:15:32,3999,3999,927.99,83737.6,10,25758.36,Received
PO001767,SUP00104,PART00526,PLT0022,2026-05-20 06:43:36,2026-05-30 06:43:36,2026-05-30 06:43:36,3932,2560,2211.37,400167.05,7.5,116596.42,Received
PO001768,SUP00091,PART01784,PLT0025,2026-01-06 08:33:11,2026-01-20 08:33:11,2026-01-18 08:33:11,903,903,1771.92,76044.75,18,16912.01,Received
PO001769,SUP00106,PART01566,PLT0003,2026-06-21 07:07:42,2026-07-01 07:07:42,2026-07-01 07:07:42,2219,2219,2146.82,182148.09,7.5,90612.6,Received
PO001770,SUP00090,PART00860,PLT0019,2026-04-02 18:31:35,2026-04-23 18:31:35,2026-04-20 18:31:35,2869,2869,2671.83,531694.23,0,90474.08,Received
PO001771,SUP00007,PART01020,PLT0002,2026-02-15 21:21:55,2026-03-01 21:21:55,2026-03-01 21:21:55,4154,4154,552.94,149310.84,12.5,19771.29,Received
PO001772,SUP00166,PART00725,PLT0012,2026-01-21 16:34:01,2026-02-11 16:34:01,2026-02-08 16:34:01,3176,2040,4485.36,471889.72,0,150771.98,Received
PO001773,SUP00015,PART01012,PLT0006,2026-03-31 02:00:22,2026-04-07 02:00:22,2026-04-04 02:00:22,2396,2396,1640.4,89582.81,0,32469.93,Received
PO001774,SUP00145,PART01342,PLT0029,2026-02-26 01:23:30,2026-04-27 01:23:30,2026-04-27 01:23:30,2523,2523,4737.35,519435.75,12.5,91299.47,Received
PO001775,SUP00067,PART00868,PLT0006,2026-05-22 06:29:40,2026-07-06 06:29:40,2026-07-04 06:29:40,954,954,2304.55,104265.2,0,33556.25,Received
PO001776,SUP00143,PART00356,PLT0020,2026-05-11 06:49:04,2026-06-25 06:49:04,2026-06-24 06:49:04,2470,2470,686.99,45410.96,12.5,33691.68,Received
PO001777,SUP00113,PART01509,PLT0013,2026-02-10 05:39:49,2026-04-11 05:39:49,2026-04-18 05:39:49,2195,2195,3914.32,605758.17,12.5,83323.75,Received
PO001778,SUP00197,PART01103,PLT0018,2026-03-17 05:52:37,2026-03-27 05:52:37,2026-03-24 05:52:37,228,228,2084.03,25217.81,5,2397.1,Received
PO001779,SUP00074,PART00569,PLT0017,2026-02-12 16:45:30,2026-02-22 16:45:30,2026-02-21 16:45:30,3339,3339,331.11,67888.7,0,18222.79,Received
PO001780,SUP00085,PART01180,PLT0005,2026-01-29 03:35:40,2026-03-15 03:35:40,2026-03-15 03:35:40,1423,1423,2375.69,79305.88,10,47242.8,Received
PO001781,SUP00054,PART00573,PLT0002,2026-01-09 11:34:05,2026-02-23 11:34:05,2026-02-24 11:34:05,3139,3139,1125.49,215986.32,0,22007.72,Received
PO001782,SUP00097,PART00925,PLT0005,2026-01-25 21:50:22,2026-02-04 21:50:22,2026-02-02 21:50:22,3980,3980,3882.19,487556.46,0,201592.31,Received
PO001783,SUP00105,PART00914,PLT0022,2026-04-24 06:47:22,2026-05-15 06:47:22,2026-05-12 06:47:22,487,487,4401.26,104657.55,15,27622.82,Received
PO001784,SUP00133,PART01493,PLT0025,2026-05-22 04:53:57,2026-07-06 04:53:57,2026-07-04 04:53:57,4773,4773,4668.15,826440.19,15,320050.6,Received
PO001785,SUP00183,PART00116,PLT0010,2026-02-01 07:23:09,2026-03-03 07:23:09,2026-03-06 07:23:09,922,922,3161.61,77605.38,18,51901.68,Received
PO001786,SUP00176,PART01619,PLT0010,2026-03-23 01:43:57,2026-05-22 01:43:57,2026-05-22 01:43:57,4579,4579,880.78,241076.34,0,46340.34,Received
PO001787,SUP00169,PART01008,PLT0006,2026-05-03 16:35:59,2026-07-02 16:35:59,2026-07-16 16:35:59,2617,2617,2724.91,246701.74,12.5,57061.15,In Transit
PO001788,SUP00043,PART00192,PLT0005,2026-04-26 19:19:17,2026-06-25 19:19:17,2026-06-23 19:19:17,2936,2936,3608.39,325036.46,12.5,69395.79,Received
PO001789,SUP00083,PART01222,PLT0009,2026-04-29 05:13:29,2026-06-28 05:13:29,2026-06-25 05:13:29,4642,4642,2787.87,327683.85,5,166727.02,Received
PO001790,SUP00037,PART01412,PLT0022,2026-04-25 13:29:38,2026-05-05 13:29:38,2026-05-05 13:29:38,3260,3260,4501.54,1128003.84,0,98431.67,Received
PO001791,SUP00184,PART00424,PLT0020,2026-06-09 20:50:51,2026-06-23 20:50:51,2026-06-23 20:50:51,3539,2093,1126.45,269968.92,0,26804.43,Received
PO001792,SUP00012,PART00454,PLT0025,2026-05-15 04:32:27,2026-06-14 04:32:27,2026-06-14 04:32:27,2033,2033,617.03,71295.34,18,12470.64,Received
PO001793,SUP00149,PART01184,PLT0001,2026-01-09 19:37:16,2026-03-10 19:37:16,2026-03-10 19:37:16,2037,2037,4114.88,249788.37,10,136174.36,Received
PO001794,SUP00090,PART00760,PLT0016,2026-05-31 18:52:06,2026-06-21 18:52:06,2026-06-20 18:52:06,2849,2849,4001.81,846288.73,5,173311.69,Received
PO001795,SUP00164,PART01878,PLT0018,2026-04-17 10:36:17,2026-04-24 10:36:17,2026-04-24 10:36:17,1304,1304,1437.41,68803.15,5,26346.98,Received
PO001796,SUP00126,PART00315,PLT0004,2026-03-04 13:21:31,2026-03-25 13:21:31,2026-03-23 13:21:31,917,917,4721.39,157333.45,0,42602.72,Received
PO001797,SUP00169,PART01803,PLT0028,2026-01-13 23:09:55,2026-03-14 23:09:55,2026-03-12 23:09:55,4093,3658,912.85,277517.87,0,64576.28,Received
PO001798,SUP00125,PART00373,PLT0022,2026-02-06 11:32:09,2026-03-23 11:32:09,2026-03-23 11:32:09,1045,1045,3808.56,173963.0,7.5,41272.48,Received
PO001799,SUP00063,PART00200,PLT0026,2026-02-10 08:55:37,2026-03-12 08:55:37,2026-03-10 08:55:37,2657,2657,3052.33,314970.27,5,134948.75,Received
PO001800,SUP00127,PART01235,PLT0007,2026-01-02 16:26:15,2026-01-12 16:26:15,2026-01-25 16:26:15,3902,3902,3690.3,738394.36,10,239429.26,Received
PO001801,SUP00049,PART01273,PLT0001,2026-05-07 08:04:21,2026-05-14 08:04:21,2026-05-12 08:04:21,3018,2168,2032.3,293725.27,7.5,114818.75,Received
PO001802,SUP00080,PART00065,PLT0017,2026-05-26 11:47:48,2026-06-09 11:47:48,2026-06-08 11:47:48,931,931,2301.47,124624.18,5,21275.26,Received
PO001803,SUP00048,PART01936,PLT0024,2026-01-19 01:10:02,2026-02-02 01:10:02,2026-02-02 01:10:02,595,308,1084.61,36979.44,5,12270.93,Received
PO001804,SUP00009,PART00927,PLT0000,2026-04-03 20:39:44,2026-04-10 20:39:44,2026-04-10 20:39:44,3972,3972,3208.76,795258.67,0,198763.96,Received
PO001805,SUP00074,PART00369,PLT0009,2026-01-26 17:58:47,2026-02-05 17:58:47,2026-02-04 17:58:47,2264,2264,1621.65,209284.5,5,63006.54,Received
PO001806,SUP00198,PART00125,PLT0013,2026-05-11 19:42:47,2026-06-10 19:42:47,2026-06-13 19:42:47,1972,1972,4058.43,308223.91,0,51318.02,Received
PO001807,SUP00029,PART01114,PLT0003,2026-05-06 23:41:24,2026-07-05 23:41:24,2026-07-03 23:41:24,2249,2249,3928.53,580006.4,18,159823.1,Received
PO001808,SUP00078,PART00554,PLT0004,2026-05-10 23:38:22,2026-07-09 23:38:22,2026-07-10 23:38:22,1338,1338,1779.64,82576.29,10,12167.35,Received
PO001809,SUP00185,PART01230,PLT0009,2026-03-27 06:54:19,2026-05-26 06:54:19,2026-05-26 06:54:19,1016,1016,618.2,31960.57,0,12372.22,Received
PO001810,SUP00157,PART00853,PLT0008,2026-01-02 13:34:57,2026-02-16 13:34:57,2026-02-14 13:34:57,894,894,3972.28,145930.86,18,50784.62,Received
PO001811,SUP00083,PART00133,PLT0028,2026-02-07 09:12:36,2026-04-08 09:12:36,2026-04-06 09:12:36,2598,2598,1472.36,107312.33,10,75936.83,Received
PO001812,SUP00121,PART01401,PLT0020,2026-05-02 02:08:10,2026-05-09 02:08:10,2026-05-08 02:08:10,3208,2460,3847.25,855404.57,0,66738.26,Received
PO001813,SUP00021,PART00408,PLT0010,2026-03-16 10:27:04,2026-04-15 10:27:04,2026-04-13 10:27:04,1534,1534,2690.59,229555.54,0,22818.1,Received
PO001814,SUP00066,PART01959,PLT0005,2026-02-16 23:09:29,2026-04-02 23:09:29,2026-03-30 23:09:29,3595,3595,4215.94,1154796.51,12.5,212176.52,Received
PO001815,SUP00076,PART01587,PLT0005,2026-04-21 15:40:52,2026-05-05 15:40:52,2026-05-04 15:40:52,4451,4451,1737.18,418472.74,0,135479.26,Received
PO001816,SUP00035,PART01280,PLT0026,2026-04-16 04:48:44,2026-05-31 04:48:44,2026-05-30 04:48:44,183,183,1987.49,24580.65,7.5,2510.42,Received
PO001817,SUP00100,PART01338,PLT0020,2026-01-29 21:26:27,2026-03-15 21:26:27,2026-03-12 21:26:27,3528,3528,3408.16,610136.11,5,108845.76,Received
PO001818,SUP00035,PART00391,PLT0006,2026-02-28 05:40:20,2026-04-14 05:40:20,2026-04-13 05:40:20,2000,2000,1570.19,151863.72,0,59937.49,Received
PO001819,SUP00026,PART01510,PLT0016,2026-03-16 00:44:55,2026-05-15 00:44:55,2026-05-13 00:44:55,355,355,3055.64,72204.11,10,18634.99,Received
PO001820,SUP00073,PART00359,PLT0009,2026-02-18 08:50:26,2026-04-04 08:50:26,2026-04-03 08:50:26,3193,2936,168.31,28627.55,10,2854.93,Received
PO001821,SUP00129,PART00550,PLT0006,2026-03-08 00:38:06,2026-05-07 00:38:06,2026-05-08 00:38:06,4781,2341,4533.1,1420585.91,18,314342.09,Received
PO001822,SUP00087,PART01916,PLT0016,2026-05-01 16:13:39,2026-06-15 16:13:39,2026-06-25 16:13:39,2278,2065,2010.59,323410.25,0,39989.43,Received
PO001823,SUP00030,PART00874,PLT0025,2026-04-28 11:44:00,2026-05-28 11:44:00,2026-06-04 11:44:00,2371,2371,4399.56,410609.04,0,183514.72,Received
PO001824,SUP00157,PART00963,PLT0012,2026-03-05 17:13:50,2026-04-19 17:13:50,2026-04-16 17:13:50,1070,1070,3688.65,202797.41,0,21962.41,Received
PO001825,SUP00154,PART01212,PLT0025,2026-04-25 07:33:16,2026-05-05 07:33:16,2026-05-04 07:33:16,4559,4559,3773.98,814163.61,7.5,340486.74,Received
PO001826,SUP00006,PART01514,PLT0023,2026-04-29 13:13:56,2026-05-06 13:13:56,2026-05-03 13:13:56,4279,2722,1701.38,402905.26,7.5,86305.21,Received
PO001827,SUP00142,PART00836,PLT0022,2026-01-21 16:17:14,2026-02-04 16:17:14,2026-02-04 16:17:14,3599,3599,633.51,57228.55,7.5,32645.95,Received
PO001828,SUP00184,PART01859,PLT0002,2026-01-16 16:31:31,2026-01-30 16:31:31,2026-01-29 16:31:31,4339,4339,1604.68,536712.35,15,45532.17,Received
PO001829,SUP00034,PART00803,PLT0015,2026-03-11 14:42:54,2026-04-10 14:42:54,2026-04-08 14:42:54,50,50,4674.61,5748.46,18,2649.49,Received
PO001830,SUP00080,PART00040,PLT0021,2026-01-19 15:01:42,2026-02-02 15:01:42,2026-01-31 15:01:42,2186,2186,1996.66,276688.16,0,35206.33,Received
PO001831,SUP00012,PART01421,PLT0006,2026-03-13 10:42:44,2026-04-12 10:42:44,2026-04-09 10:42:44,4764,4764,3136.81,315594.23,7.5,147391.48,Received
PO001832,SUP00177,PART01862,PLT0000,2026-05-06 09:14:26,2026-05-27 09:14:26,2026-05-24 09:14:26,3396,2435,1599.98,417857.64,15,55135.87,Received
PO001833,SUP00054,PART00093,PLT0004,2026-05-19 05:50:54,2026-07-03 05:50:54,2026-07-01 05:50:54,1507,1507,1816.18,126114.74,15,47819.43,Received
PO001834,SUP00112,PART01099,PLT0018,2026-02-02 14:05:29,2026-03-04 14:05:29,2026-03-17 14:05:29,3701,3701,3483.0,999509.5,0,128346.07,Received
PO001835,SUP00127,PART01765,PLT0021,2026-06-16 20:27:56,2026-06-26 20:27:56,2026-06-24 20:27:56,4068,4068,4662.54,575574.86,12.5,343651.1,Received
PO001836,SUP00162,PART00616,PLT0016,2026-06-03 07:44:06,2026-06-10 07:44:06,2026-06-07 07:44:06,2092,2092,15.97,1244.54,5,547.28,Received
PO001837,SUP00197,PART00833,PLT0027,2026-04-19 14:28:10,2026-04-29 14:28:10,2026-05-10 14:28:10,3206,3206,3443.59,560055.04,5,58338.14,Received
PO001838,SUP00171,PART01720,PLT0002,2026-01-05 05:17:43,2026-03-06 05:17:43,2026-03-05 05:17:43,3648,3648,3880.37,603627.62,10,88626.55,Received
PO001839,SUP00092,PART01651,PLT0019,2026-05-06 22:19:56,2026-06-20 22:19:56,2026-06-18 22:19:56,4176,2009,2391.24,719913.66,15,118781.28,Received
PO001840,SUP00167,PART01073,PLT0012,2026-05-28 09:08:03,2026-06-11 09:08:03,2026-06-10 09:08:03,3222,3222,98.73,9161.79,5,5156.65,Received
PO001841,SUP00019,PART00441,PLT0008,2026-03-01 00:57:01,2026-04-30 00:57:01,2026-04-29 00:57:01,4925,4925,1593.7,396531.68,12.5,127217.14,Received
PO001842,SUP00089,PART01471,PLT0007,2026-02-15 04:07:49,2026-03-08 04:07:49,2026-03-08 04:07:49,1283,1283,4198.24,227556.93,12.5,34104.48,Received
PO001843,SUP00015,PART01462,PLT0026,2026-05-25 05:37:37,2026-06-01 05:37:37,2026-06-09 05:37:37,1850,1850,1928.32,260970.88,7.5,32816.82,Received
PO001844,SUP00001,PART00731,PLT0014,2026-03-31 14:58:57,2026-05-15 14:58:57,2026-05-18 14:58:57,3437,2108,32.32,8508.14,15,1452.17,Received
PO001845,SUP00199,PART01426,PLT0001,2026-04-09 22:09:49,2026-04-23 22:09:49,2026-04-20 22:09:49,4112,4112,2584.68,528728.88,10,150911.32,Received
PO001846,SUP00121,PART01401,PLT0009,2026-05-07 05:30:51,2026-05-14 05:30:51,2026-05-12 05:30:51,4165,4165,3847.25,453477.27,10,284047.82,Received
PO001847,SUP00186,PART00913,PLT0023,2026-03-31 06:20:15,2026-05-15 06:20:15,2026-05-15 06:20:15,2016,2016,1591.4,153816.47,18,38915.57,Received
PO001848,SUP00079,PART00051,PLT0008,2026-06-19 08:22:14,2026-06-26 08:22:14,2026-06-23 08:22:14,3500,3500,906.18,78754.83,15,32544.04,Received
PO001849,SUP00103,PART00610,PLT0002,2026-01-15 18:19:54,2026-01-29 18:19:54,2026-01-26 18:19:54,1751,1751,3727.47,211975.16,0,109855.8,Received
PO001850,SUP00082,PART01317,PLT0022,2026-01-10 00:45:30,2026-01-20 00:45:30,2026-01-18 00:45:30,324,324,433.26,5945.78,10,2230.52,Received
PO001851,SUP00022,PART00307,PLT0007,2026-05-25 15:19:24,2026-07-09 15:19:24,2026-07-07 15:19:24,2863,2863,3807.93,861173.05,10,161573.67,Received
PO001852,SUP00054,PART00865,PLT0011,2026-02-17 18:27:05,2026-04-03 18:27:05,2026-04-02 18:27:05,1690,796,37.81,2856.09,0,924.58,Received
PO001853,SUP00020,PART01874,PLT0029,2026-01-03 14:48:56,2026-03-04 14:48:56,2026-03-05 14:48:56,2181,2181,155.78,24234.14,0,2056.24,Received
PO001854,SUP00018,PART01506,PLT0007,2026-06-08 05:51:42,2026-06-29 05:51:42,2026-06-27 05:51:42,3502,3502,2600.78,510048.01,18,123097.79,Received
PO001855,SUP00018,PART01506,PLT0012,2026-06-11 20:36:56,2026-07-02 20:36:56,2026-07-02 20:36:56,760,760,2600.78,120514.52,10,24778.05,Received
PO001856,SUP00072,PART01533,PLT0014,2026-02-23 17:25:50,2026-04-24 17:25:50,2026-04-24 17:25:50,2605,2605,4876.67,612612.13,12.5,239462.08,Received
PO001857,SUP00179,PART01045,PLT0020,2026-05-29 09:01:58,2026-06-28 09:01:58,2026-06-25 09:01:58,50,50,1851.99,4416.39,12.5,1018.45,Received
PO001858,SUP00031,PART01333,PLT0027,2026-03-16 10:46:23,2026-05-15 10:46:23,2026-05-14 10:46:23,179,179,4229.96,47489.93,10,8375.54,Received
PO001859,SUP00051,PART01229,PLT0018,2026-03-14 19:17:15,2026-03-21 19:17:15,2026-03-21 19:17:15,2312,2312,1821.73,261483.72,5,21287.2,Received
PO001860,SUP00074,PART00369,PLT0018,2026-05-17 18:36:35,2026-05-27 18:36:35,2026-05-24 18:36:35,2391,1371,1621.65,272542.15,5,55629.05,Received
PO001861,SUP00132,PART00864,PLT0005,2026-01-31 04:59:25,2026-02-14 04:59:25,2026-02-14 04:59:25,2954,2954,4914.87,1053177.3,18,157210.18,Received
PO001862,SUP00106,PART00066,PLT0009,2026-04-05 02:10:58,2026-04-15 02:10:58,2026-04-14 02:10:58,1796,1796,2869.13,362152.48,7.5,60839.65,Received
PO001863,SUP00146,PART01516,PLT0016,2026-03-07 22:34:37,2026-03-28 22:34:37,2026-03-25 22:34:37,2501,2138,2966.47,149568.15,10,104503.17,Received
PO001864,SUP00113,PART00577,PLT0003,2026-01-04 05:46:01,2026-03-05 05:46:01,2026-03-17 05:46:01,1413,740,245.93,17469.79,5,6107.14,Received
PO001865,SUP00155,PART00168,PLT0017,2026-05-26 04:37:20,2026-06-16 04:37:20,2026-06-13 04:37:20,3438,3438,2423.83,600183.88,15,101547.41,Received
PO001866,SUP00198,PART00195,PLT0006,2026-01-18 12:14:04,2026-02-17 12:14:04,2026-03-04 12:14:04,3052,3052,3454.05,637343.89,0,75060.64,Received
PO001867,SUP00121,PART01052,PLT0011,2026-02-07 23:32:25,2026-02-14 23:32:25,2026-02-11 23:32:25,2657,2657,1902.1,124891.92,5,97352.85,Received
PO001868,SUP00087,PART01916,PLT0016,2026-04-15 11:05:44,2026-05-30 11:05:44,2026-05-29 11:05:44,1024,1024,2010.59,115581.55,10,37372.89,Received
PO001869,SUP00066,PART01652,PLT0019,2026-01-12 05:46:03,2026-02-26 05:46:03,2026-03-07 05:46:03,2536,2536,3488.87,536573.26,0,165896.71,Received
PO001870,SUP00082,PART01988,PLT0017,2026-03-14 20:07:49,2026-03-24 20:07:49,2026-03-24 20:07:49,3136,3136,1994.54,409531.24,0,51458.77,Received
PO001871,SUP00146,PART00420,PLT0027,2026-01-19 20:31:22,2026-02-09 20:31:22,2026-02-07 20:31:22,4412,4412,790.76,189500.79,18,64100.08,Received
PO001872,SUP00095,PART01567,PLT0001,2026-05-23 04:56:59,2026-06-13 04:56:59,2026-06-12 04:56:59,4415,4415,2252.61,352978.19,12.5,77932.94,Received
PO001873,SUP00181,PART00260,PLT0022,2026-04-28 19:25:41,2026-05-12 19:25:41,2026-05-15 19:25:41,2603,1188,4247.46,624627.26,10,150512.73,Received
PO001874,SUP00051,PART01524,PLT0026,2026-02-17 00:33:35,2026-02-24 00:33:35,2026-03-10 00:33:35,476,476,981.06,29947.87,0,3549.47,Received
PO001875,SUP00174,PART01054,PLT0010,2026-01-31 01:07:46,2026-03-17 01:07:46,2026-03-16 01:07:46,2468,2468,3394.07,211335.38,12.5,52955.1,Received
PO001876,SUP00044,PART00510,PLT0002,2026-03-06 12:49:02,2026-05-05 12:49:02,2026-05-11 12:49:02,3019,3019,605.81,42501.7,0,17943.58,Received
PO001877,SUP00019,PART00079,PLT0006,2026-01-12 10:25:44,2026-03-13 10:25:44,2026-03-18 10:25:44,134,134,289.17,2013.75,0,713.19,Received
PO001878,SUP00145,PART01262,PLT0028,2026-03-21 02:00:08,2026-05-20 02:00:08,2026-05-18 02:00:08,2612,2612,2961.36,343488.52,12.5,66217.74,Received
PO001879,SUP00156,PART01638,PLT0009,2026-03-05 05:06:33,2026-03-15 05:06:33,2026-03-20 05:06:33,1030,1030,2356.21,156580.8,0,33890.49,Received
PO001880,SUP00076,PART00201,PLT0004,2026-03-20 22:56:17,2026-04-03 22:56:17,2026-04-17 22:56:17,4948,4948,1128.21,162793.76,12.5,53600.87,Received
PO001881,SUP00155,PART00168,PLT0029,2026-05-01 00:39:53,2026-05-22 00:39:53,2026-06-04 00:39:53,893,893,2423.83,169482.99,12.5,42711.76,Received
PO001882,SUP00025,PART00779,PLT0022,2026-04-30 14:06:47,2026-05-30 14:06:47,2026-05-30 14:06:47,4362,4362,4896.47,632256.5,7.5,149721.64,Received
PO001883,SUP00026,PART01515,PLT0003,2026-03-20 13:05:47,2026-05-19 13:05:47,2026-05-16 13:05:47,4174,2018,1644.33,171744.52,15,70951.39,Received
PO001884,SUP00146,PART01306,PLT0012,2026-02-03 02:35:02,2026-02-24 02:35:02,2026-02-21 02:35:02,4706,4706,1970.5,716595.64,0,119959.36,Received
PO001885,SUP00060,PART01293,PLT0008,2026-04-07 10:10:51,2026-06-06 10:10:51,2026-06-06 10:10:51,81,81,455.8,1998.18,0,551.24,Received
PO001886,SUP00090,PART01298,PLT0020,2026-05-04 00:33:40,2026-05-25 00:33:40,2026-05-24 00:33:40,1136,1136,3493.92,187944.12,5,29246.3,Received
PO001887,SUP00127,PART00062,PLT0001,2026-05-06 07:43:41,2026-05-16 07:43:41,2026-05-14 07:43:41,4628,4628,1450.79,333032.11,0,59161.52,Received
PO001888,SUP00035,PART00391,PLT0017,2026-03-31 22:06:43,2026-05-15 22:06:43,2026-05-18 22:06:43,2914,2914,1570.19,183390.26,0,45607.73,Received
PO001889,SUP00112,PART01048,PLT0028,2026-06-05 21:30:49,2026-07-05 21:30:49,2026-07-04 21:30:49,4277,4277,3852.99,1126534.2,0,153595.43,Received
PO001890,SUP00055,PART00058,PLT0005,2026-06-03 15:42:05,2026-06-13 15:42:05,2026-06-16 15:42:05,2197,2197,3037.34,447030.28,7.5,122090.76,Received
PO001891,SUP00078,PART00539,PLT0014,2026-03-19 12:07:27,2026-05-18 12:07:27,2026-05-16 12:07:27,391,391,1122.73,9393.29,0,6373.42,Received
PO001892,SUP00002,PART01990,PLT0023,2026-04-24 11:36:41,2026-05-01 11:36:41,2026-04-28 11:36:41,3262,1770,729.47,52627.21,12.5,23648.81,Received
PO001893,SUP00002,PART01722,PLT0011,2026-03-25 18:32:25,2026-04-01 18:32:25,2026-04-05 18:32:25,4267,4267,3163.51,699915.38,18,157151.33,Received
PO001894,SUP00063,PART01802,PLT0012,2026-03-09 11:54:31,2026-04-08 11:54:31,2026-04-07 11:54:31,656,656,4715.28,184170.89,0,34799.87,Received
PO001895,SUP00052,PART00262,PLT0028,2026-01-27 19:22:09,2026-02-26 19:22:09,2026-02-27 19:22:09,772,648,674.79,37553.46,18,5591.15,Received
PO001896,SUP00079,PART01888,PLT0008,2026-04-04 14:15:24,2026-04-11 14:15:24,2026-04-16 14:15:24,3713,1647,1063.49,215779.1,0,32438.04,Received
PO001897,SUP00182,PART00034,PLT0006,2026-03-05 22:30:50,2026-04-04 22:30:50,2026-04-02 22:30:50,4318,4318,2134.24,731904.08,10,146969.22,Received
PO001898,SUP00094,PART01147,PLT0005,2026-05-20 11:19:31,2026-06-10 11:19:31,2026-06-08 11:19:31,651,651,4497.76,190935.07,7.5,34826.19,Received
PO001899,SUP00059,PART01153,PLT0023,2026-01-10 06:40:09,2026-01-24 06:40:09,2026-01-28 06:40:09,2570,2570,1461.13,201452.53,10,68495.26,Received
PO001900,SUP00023,PART01960,PLT0023,2026-03-21 09:19:46,2026-04-04 09:19:46,2026-04-04 09:19:46,4673,4673,4743.76,737377.42,12.5,274908.4,Received
PO001901,SUP00164,PART01654,PLT0017,2026-02-19 16:20:08,2026-02-26 16:20:08,2026-03-11 16:20:08,4285,4285,66.63,16447.45,12.5,5002.33,Received
PO001902,SUP00064,PART00679,PLT0012,2026-05-09 07:41:19,2026-07-08 07:41:19,2026-07-07 07:41:19,3061,3061,924.04,215970.96,18,42295.05,Received
PO001903,SUP00126,PART01787,PLT0028,2026-01-31 20:17:45,2026-02-21 20:17:45,2026-02-20 20:17:45,4445,3636,598.37,70874.44,5,19453.28,Received
PO001904,SUP00048,PART00764,PLT0006,2026-01-09 02:29:47,2026-01-23 02:29:47,2026-01-21 02:29:47,3548,3548,4735.85,636516.17,12.5,206243.85,Received
PO001905,SUP00010,PART00838,PLT0020,2026-04-07 03:50:29,2026-06-06 03:50:29,2026-06-03 03:50:29,2331,2331,1794.05,222059.86,15,81980.43,Received
PO001906,SUP00122,PART01503,PLT0008,2026-04-22 13:30:49,2026-06-06 13:30:49,2026-06-03 13:30:49,2792,2792,3131.84,296101.9,5,54365.67,Received
PO001907,SUP00077,PART00978,PLT0010,2026-03-08 22:00:45,2026-04-22 22:00:45,2026-04-20 22:00:45,4962,4962,1861.06,696526.92,15,84201.54,Received
PO001908,SUP00052,PART01451,PLT0014,2026-02-23 16:16:34,2026-03-25 16:16:34,2026-03-25 16:16:34,2434,1490,902.82,160940.84,0,25112.91,Received
PO001909,SUP00197,PART00661,PLT0024,2026-01-24 08:38:24,2026-02-03 08:38:24,2026-02-14 08:38:24,1015,1015,416.32,24140.75,12.5,3742.9,Received
PO001910,SUP00140,PART00458,PLT0008,2026-04-30 01:23:10,2026-06-14 01:23:10,2026-06-12 01:23:10,639,639,3238.16,138053.87,12.5,19988.75,Received
PO001911,SUP00075,PART00228,PLT0019,2026-03-20 07:31:34,2026-05-19 07:31:34,2026-05-16 07:31:34,1996,807,3453.0,472367.39,5,70744.42,Received
PO001912,SUP00028,PART01032,PLT0026,2026-02-05 16:02:10,2026-02-12 16:02:10,2026-02-12 16:02:10,3294,3294,2842.91,657647.84,0,153382.02,Received
PO001913,SUP00179,PART00670,PLT0018,2026-04-03 07:31:28,2026-05-03 07:31:28,2026-05-02 07:31:28,1463,701,3781.02,284655.2,18,93364.02,Received
PO001914,SUP00100,PART00440,PLT0009,2026-05-09 16:57:29,2026-06-23 16:57:29,2026-06-20 16:57:29,3175,3175,4255.31,309787.36,18,222849.17,Received
PO001915,SUP00137,PART00892,PLT0020,2026-05-15 19:00:36,2026-05-29 19:00:36,2026-05-29 19:00:36,4196,2312,118.63,33658.33,5,9283.36,Received
PO001916,SUP00041,PART01133,PLT0000,2026-01-14 23:29:42,2026-01-24 23:29:42,2026-01-30 23:29:42,1845,1845,84.57,5386.31,18,1714.32,Received
PO001917,SUP00123,PART01529,PLT0015,2026-01-21 06:11:54,2026-03-22 06:11:54,2026-03-28 06:11:54,2189,2189,2335.35,372389.91,10,44351.02,Received
PO001918,SUP00126,PART00315,PLT0028,2026-03-18 07:17:02,2026-04-08 07:17:02,2026-04-05 07:17:02,4019,3666,4721.39,1318434.23,12.5,275044.23,Received
PO001919,SUP00157,PART00282,PLT0015,2026-01-27 09:57:35,2026-03-13 09:57:35,2026-03-11 09:57:35,1739,1739,306.95,32991.09,7.5,7665.58,Received
PO001920,SUP00073,PART00128,PLT0003,2026-04-27 08:56:38,2026-06-11 08:56:38,2026-06-09 08:56:38,3398,3398,187.92,36775.65,0,10884.31,Received
PO001921,SUP00132,PART00746,PLT0023,2026-01-09 06:24:28,2026-01-23 06:24:28,2026-01-23 06:24:28,2977,2374,172.88,36534.69,5,6873.97,Received
PO001922,SUP00190,PART01763,PLT0000,2026-04-07 12:46:54,2026-06-06 12:46:54,2026-06-04 12:46:54,4547,4547,829.74,282400.5,12.5,29186.2,Received
PO001923,SUP00125,PART00532,PLT0006,2026-04-28 22:24:33,2026-06-12 22:24:33,2026-06-09 22:24:33,4244,4244,3407.47,938586.23,0,169011.64,Received
PO001924,SUP00189,PART01248,PLT0024,2026-01-05 08:16:44,2026-02-19 08:16:44,2026-03-05 08:16:44,2863,2863,645.35,123563.68,0,26065.07,Received
PO001925,SUP00154,PART00132,PLT0014,2026-04-04 20:13:20,2026-04-14 20:13:20,2026-04-14 20:13:20,1304,1304,3636.77,290608.92,7.5,30539.11,Received
PO001926,SUP00191,PART00628,PLT0019,2026-02-02 01:56:26,2026-04-03 01:56:26,2026-04-03 01:56:26,3568,2643,695.21,76078.66,5,31651.89,Received
PO001927,SUP00013,PART01319,PLT0010,2026-05-09 17:38:03,2026-05-30 17:38:03,2026-05-28 17:38:03,3654,3654,369.91,55458.65,10,18565.24,Received
PO001928,SUP00148,PART00075,PLT0015,2026-01-04 15:20:39,2026-02-03 15:20:39,2026-02-01 15:20:39,2207,2207,2322.45,320362.12,7.5,42747.01,Received
PO001929,SUP00127,PART01568,PLT0013,2026-04-15 06:48:14,2026-04-25 06:48:14,2026-04-22 06:48:14,884,884,1531.33,60417.65,0,26073.86,Received
PO001930,SUP00174,PART01486,PLT0000,2026-04-24 01:32:25,2026-06-08 01:32:25,2026-06-08 01:32:25,4038,4038,3717.01,1155230.16,5,142241.09,Received
PO001931,SUP00120,PART00230,PLT0011,2026-02-10 21:02:35,2026-04-11 21:02:35,2026-04-08 21:02:35,3872,3872,2082.15,185889.04,0,53587.45,Received
PO001932,SUP00139,PART01945,PLT0010,2026-05-05 22:41:22,2026-05-19 22:41:22,2026-05-16 22:41:22,1923,1923,3750.97,410236.51,7.5,62075.2,Received
PO001933,SUP00115,PART00146,PLT0026,2026-06-23 16:21:02,2026-07-07 16:21:02,2026-07-04 16:21:02,1143,1143,617.57,54038.88,15,13714.5,Received
PO001934,SUP00141,PART00689,PLT0012,2026-02-19 10:20:47,2026-04-05 10:20:47,2026-04-03 10:20:47,2264,2264,1796.91,259851.38,15,39198.41,Received
PO001935,SUP00079,PART00805,PLT0017,2026-03-05 20:18:51,2026-03-12 20:18:51,2026-03-18 20:18:51,3880,3880,2619.68,608961.75,0,87076.12,Received
PO001936,SUP00182,PART00296,PLT0017,2026-03-13 05:01:56,2026-04-12 05:01:56,2026-04-18 05:01:56,4577,4577,2937.25,894211.48,10,165221.08,Received
PO001937,SUP00109,PART01224,PLT0009,2026-06-11 17:25:45,2026-06-21 17:25:45,2026-06-21 17:25:45,3398,3398,1133.24,112915.67,18,63927.01,Received
PO001938,SUP00199,PART00537,PLT0020,2026-05-05 07:53:52,2026-05-19 07:53:52,2026-05-18 07:53:52,3413,3413,3259.68,364957.25,7.5,129727.46,Received
PO001939,SUP00194,PART00615,PLT0000,2026-04-01 07:07:20,2026-04-22 07:07:20,2026-04-19 07:07:20,4907,3162,3580.99,1106662.47,7.5,280149.08,Received
PO001940,SUP00124,PART01009,PLT0021,2026-04-25 12:58:49,2026-05-25 12:58:49,2026-05-24 12:58:49,2432,2432,3698.14,368370.91,10,122124.11,Received
PO001941,SUP00093,PART00085,PLT0016,2026-05-19 10:12:18,2026-05-26 10:12:18,2026-05-24 10:12:18,3104,3104,2622.72,359383.63,0,97057.65,Received
PO001942,SUP00035,PART00391,PLT0019,2026-03-17 09:37:39,2026-05-01 09:37:39,2026-05-01 09:37:39,3819,3819,1570.19,363800.66,0,98161.68,Received
PO001943,SUP00168,PART00897,PLT0023,2026-01-07 20:21:03,2026-01-21 20:21:03,2026-01-29 20:21:03,4742,4742,3303.56,566818.15,0,193205.8,Received
PO001944,SUP00093,PART00885,PLT0022,2026-04-27 00:00:14,2026-05-04 00:00:14,2026-05-02 00:00:14,2620,2620,567.09,65184.12,0,9876.89,Received
PO001945,SUP00079,PART01634,PLT0011,2026-04-23 07:04:38,2026-04-30 07:04:38,2026-05-04 07:04:38,4552,4552,395.43,135721.23,12.5,21019.55,Received
PO001946,SUP00159,PART01386,PLT0007,2026-03-10 12:49:20,2026-03-17 12:49:20,2026-03-30 12:49:20,3559,3559,3999.78,489821.94,10,221335.77,Received
PO001947,SUP00054,PART01217,PLT0013,2026-01-09 19:55:51,2026-02-23 19:55:51,2026-02-20 19:55:51,1099,1099,26.62,1530.05,7.5,488.17,Received
PO001948,SUP00050,PART01980,PLT0006,2026-02-14 18:07:58,2026-03-16 18:07:58,2026-03-30 18:07:58,922,922,4612.13,241218.62,0,38618.34,Received
PO001949,SUP00196,PART00096,PLT0019,2026-04-01 21:28:59,2026-04-22 21:28:59,2026-04-27 21:28:59,1401,1401,193.55,10462.94,5,3113.82,Received
PO001950,SUP00097,PART01742,PLT0021,2026-06-29 04:57:05,2026-07-09 04:57:05,2026-07-06 04:57:05,4701,4701,376.43,117001.41,0,34083.17,Received
PO001951,SUP00146,PART00548,PLT0016,2026-01-05 08:08:35,2026-01-26 08:08:35,2026-01-26 08:08:35,472,363,3684.98,58614.14,10,28894.63,Received
PO001952,SUP00096,PART00894,PLT0026,2026-03-12 19:53:34,2026-03-22 19:53:34,2026-03-21 19:53:34,3243,3243,3476.88,573021.68,10,87070.95,Received
PO001953,SUP00061,PART01370,PLT0013,2026-02-16 01:49:34,2026-02-26 01:49:34,2026-03-06 01:49:34,4893,3861,2408.18,801202.23,0,215578.1,Received
PO001954,SUP00172,PART01769,PLT0024,2026-04-12 13:46:33,2026-04-22 13:46:33,2026-04-22 13:46:33,774,774,3038.83,141906.85,5,39870.75,Received
PO001955,SUP00173,PART00340,PLT0002,2026-02-21 05:38:57,2026-03-03 05:38:57,2026-03-02 05:38:57,2690,2267,4246.65,285090.32,0,157458.09,Received
PO001956,SUP00083,PART01617,PLT0020,2026-04-17 03:07:38,2026-06-16 03:07:38,2026-06-15 03:07:38,2779,2779,1263.44,252479.01,12.5,68997.27,Received
PO001957,SUP00159,PART01553,PLT0010,2026-03-29 16:09:55,2026-04-05 16:09:55,2026-04-16 16:09:55,2285,2285,2921.89,282671.06,5,51495.67,Received
PO001958,SUP00132,PART01405,PLT0026,2026-03-03 13:26:46,2026-03-17 13:26:46,2026-03-17 13:26:46,946,946,4490.84,288196.64,18,63665.5,Received
PO001959,SUP00021,PART01565,PLT0028,2026-05-16 04:54:50,2026-06-15 04:54:50,2026-06-14 04:54:50,3179,1599,3613.94,895916.06,10,82325.46,Received
PO001960,SUP00038,PART00422,PLT0017,2026-05-06 20:12:55,2026-07-05 20:12:55,2026-07-05 20:12:55,4908,4908,234.68,80914.71,12.5,14622.07,Received
PO001961,SUP00140,PART01598,PLT0003,2026-04-15 06:52:15,2026-05-30 06:52:15,2026-05-28 06:52:15,4118,2236,2426.37,601961.9,0,54140.72,Received
PO001962,SUP00033,PART00152,PLT0008,2026-05-09 12:33:54,2026-05-19 12:33:54,2026-05-18 12:33:54,2040,2040,2339.69,374614.26,0,31832.74,Received
PO001963,SUP00173,PART00907,PLT0005,2026-04-16 04:31:02,2026-04-26 04:31:02,2026-04-23 04:31:02,143,143,443.54,3202.36,12.5,1192.54,Received
PO001964,SUP00066,PART00959,PLT0029,2026-04-04 18:29:54,2026-05-19 18:29:54,2026-05-19 18:29:54,3505,3505,2138.13,367139.01,0,146659.4,Received
PO001965,SUP00063,PART00485,PLT0024,2026-04-01 07:12:24,2026-05-01 07:12:24,2026-04-29 07:12:24,71,71,2235.92,9406.33,0,2309.44,Received
PO001966,SUP00140,PART00379,PLT0003,2026-04-07 21:27:03,2026-05-22 21:27:03,2026-05-20 21:27:03,4519,4519,1617.71,372603.43,18,41961.04,Received
PO001967,SUP00013,PART00613,PLT0003,2026-04-08 06:50:50,2026-04-29 06:50:50,2026-04-28 06:50:50,416,416,4752.02,137640.69,0,21363.4,Received
PO001968,SUP00080,PART00609,PLT0020,2026-03-05 18:57:04,2026-03-19 18:57:04,2026-03-17 18:57:04,3567,3567,444.66,42113.07,0,17477.53,Received
PO001969,SUP00197,PART00661,PLT0022,2026-06-25 23:13:56,2026-07-05 23:13:56,2026-07-04 23:13:56,217,217,416.32,6748.81,0,1759.75,Received
PO001970,SUP00101,PART01473,PLT0022,2026-04-05 11:27:12,2026-06-04 11:27:12,2026-06-03 11:27:12,2494,2494,2817.59,483891.34,0,109464.27,Received
PO001971,SUP00194,PART01220,PLT0014,2026-05-13 13:30:20,2026-06-03 13:30:20,2026-06-03 13:30:20,3111,3111,2573.68,208098.32,12.5,159350.12,Received
PO001972,SUP00021,PART00291,PLT0018,2026-03-17 23:24:10,2026-04-16 23:24:10,2026-04-16 23:24:10,3837,3837,3185.56,330900.17,10,230209.11,Received
PO001973,SUP00173,PART00137,PLT0019,2026-02-18 08:16:33,2026-02-28 08:16:33,2026-02-25 08:16:33,1184,1184,1819.74,87164.7,0,23749.71,Received
PO001974,SUP00029,PART00007,PLT0004,2026-02-03 19:58:51,2026-04-04 19:58:51,2026-04-04 19:58:51,4558,4558,3734.06,805544.78,7.5,216424.11,Received
PO001975,SUP00020,PART00289,PLT0027,2026-04-28 04:26:24,2026-06-27 04:26:24,2026-06-25 04:26:24,4516,4516,1503.37,340880.81,7.5,53511.69,Received
PO001976,SUP00008,PART01718,PLT0019,2026-05-05 00:55:22,2026-05-12 00:55:22,2026-05-09 00:55:22,3016,3016,3136.73,691774.7,10,168103.77,Received
PO001977,SUP00099,PART00983,PLT0009,2026-03-07 15:31:45,2026-05-06 15:31:45,2026-05-13 15:31:45,4751,4751,1029.91,300515.08,10,33428.53,Received
PO001978,SUP00179,PART01794,PLT0005,2026-05-23 14:34:25,2026-06-22 14:34:25,2026-06-22 14:34:25,774,774,3834.8,156078.76,5,18704.32,Received
PO001979,SUP00100,PART00676,PLT0011,2026-04-10 15:48:43,2026-05-25 15:48:43,2026-06-04 15:48:43,4000,4000,213.66,17704.78,5,8617.44,Received
PO001980,SUP00159,PART01553,PLT0027,2026-04-28 01:42:31,2026-05-05 01:42:31,2026-05-02 01:42:31,4088,4088,2921.89,587152.36,0,94168.13,Received
PO001981,SUP00123,PART00707,PLT0013,2026-04-08 03:38:46,2026-06-07 03:38:46,2026-06-07 03:38:46,4745,4745,4087.1,538632.49,12.5,98366.46,Received
PO001982,SUP00149,PART00190,PLT0012,2026-02-19 04:47:23,2026-04-20 04:47:23,2026-04-19 04:47:23,4598,4598,3370.66,504160.05,15,167037.1,Received
PO001983,SUP00092,PART00530,PLT0003,2026-04-19 05:27:03,2026-06-03 05:27:03,2026-05-31 05:27:03,3797,3797,170.19,38794.57,0,3322.08,Received
PO001984,SUP00054,PART00573,PLT0007,2026-03-02 05:28:08,2026-04-16 05:28:08,2026-04-13 05:28:08,1960,1960,1125.49,128702.71,15,36187.82,Received
PO001985,SUP00084,PART00091,PLT0007,2026-02-13 20:17:46,2026-02-20 20:17:46,2026-02-17 20:17:46,3746,3746,1551.36,379459.68,15,107174.06,Received
PO001986,SUP00089,PART00540,PLT0027,2026-03-08 01:50:49,2026-03-29 01:50:49,2026-03-29 01:50:49,2525,2525,2121.91,395483.95,0,73936.51,Received
PO001987,SUP00104,PART01435,PLT0027,2026-03-27 04:54:19,2026-04-06 04:54:19,2026-04-05 04:54:19,1009,1009,4608.88,369469.38,12.5,24614.38,Received
PO001988,SUP00040,PART00698,PLT0027,2026-02-26 05:12:53,2026-03-05 05:12:53,2026-03-05 05:12:53,3777,3777,3787.24,1014505.65,10,246957.36,Received
PO001989,SUP00069,PART01470,PLT0028,2026-02-28 00:57:21,2026-03-14 00:57:21,2026-03-21 00:57:21,1011,1011,305.57,7128.13,15,3362.12,Received
PO001990,SUP00155,PART01804,PLT0014,2026-03-12 07:18:34,2026-04-02 07:18:34,2026-03-31 07:18:34,3476,3476,1430.16,144123.51,15,36168.28,Received
PO001991,SUP00181,PART00793,PLT0021,2026-04-22 23:13:17,2026-05-06 23:13:17,2026-05-04 23:13:17,2248,1740,1570.84,231271.01,0,49906.52,Received
PO001992,SUP00034,PART00528,PLT0021,2026-03-15 19:58:46,2026-04-14 19:58:46,2026-04-12 19:58:46,3464,3464,1559.06,248601.81,0,101706.68,Received
PO001993,SUP00132,PART01953,PLT0020,2026-05-20 09:19:27,2026-06-03 09:19:27,2026-06-05 09:19:27,1839,1839,771.11,107616.41,18,17223.0,Received
PO001994,SUP00104,PART01279,PLT0024,2026-06-17 10:37:09,2026-06-27 10:37:09,2026-06-24 10:37:09,3787,3787,4336.52,697543.36,0,268556.06,Received
PO001995,SUP00146,PART00420,PLT0018,2026-04-20 17:05:40,2026-05-11 17:05:40,2026-05-18 17:05:40,1232,1232,790.76,48535.6,0,17721.12,Received
PO001996,SUP00164,PART01654,PLT0024,2026-06-29 04:33:04,2026-07-06 04:33:04,2026-07-06 04:33:04,501,409,66.63,2647.21,0,232.01,Received
PO001997,SUP00083,PART01222,PLT0013,2026-02-03 11:24:05,2026-04-04 11:24:05,2026-04-04 11:24:05,3383,3383,2787.87,698490.35,0,87818.21,Received
PO001998,SUP00123,PART00335,PLT0007,2026-02-07 09:32:43,2026-04-08 09:32:43,2026-04-07 09:32:43,475,475,757.97,11859.76,5,3162.36,Received
PO001999,SUP00068,PART00776,PLT0000,2026-06-02 22:00:25,2026-07-02 22:00:25,2026-07-02 22:00:25,3145,3145,939.83,231905.51,5,44929.89,Received
PO002000,SUP00106,PART00004,PLT0012,2026-04-29 19:59:47,2026-05-09 19:59:47,2026-05-08 19:59:47,1612,1612,4548.59,383195.8,12.5,72199.82,Received
PO002001,SUP00101,PART00287,PLT0019,2026-03-01 07:49:44,2026-04-30 07:49:44,2026-04-28 07:49:44,2036,2036,4077.0,581706.96,0,139303.96,Received
PO002002,SUP00108,PART01764,PLT0008,2026-02-19 06:49:58,2026-04-20 06:49:58,2026-04-18 06:49:58,2403,2403,4042.69,648859.83,10,84333.61,Received
PO002003,SUP00000,PART00238,PLT0018,2026-05-03 16:10:25,2026-05-10 16:10:25,2026-05-10 16:10:25,2146,2146,3617.78,318343.44,7.5,144155.2,Received
PO002004,SUP00151,PART01084,PLT0025,2026-01-02 06:06:44,2026-01-23 06:06:44,2026-01-20 06:06:44,3410,3410,183.31,23853.95,0,6549.32,Received
PO002005,SUP00005,PART01639,PLT0000,2026-04-04 03:25:48,2026-04-18 03:25:48,2026-04-15 03:25:48,4560,4560,4098.92,1451083.79,18,204729.16,Received
PO002006,SUP00040,PART01390,PLT0005,2026-01-09 03:56:08,2026-01-16 03:56:08,2026-01-15 03:56:08,1432,1432,4405.13,462152.62,15,34775.17,Received
PO002007,SUP00186,PART01841,PLT0002,2026-05-01 16:05:00,2026-06-15 16:05:00,2026-06-30 16:05:00,2720,2720,505.67,107100.68,5,26506.19,Received
PO002008,SUP00158,PART01588,PLT0018,2026-05-09 12:21:57,2026-05-16 12:21:57,2026-05-13 12:21:57,4685,4685,2078.19,477490.26,18,121275.07,Received
PO002009,SUP00153,PART01692,PLT0025,2026-05-16 20:41:18,2026-06-30 20:41:18,2026-06-29 20:41:18,2587,2587,4659.24,817612.45,0,164459.24,Received
PO002010,SUP00152,PART00231,PLT0015,2026-05-10 10:16:08,2026-05-31 10:16:08,2026-05-29 10:16:08,2511,2511,3810.49,196151.84,5,156952.19,Received
PO002011,SUP00160,PART01109,PLT0017,2026-04-09 08:43:59,2026-04-16 08:43:59,2026-04-16 08:43:59,208,208,2540.17,32808.24,0,6818.99,Received
PO002012,SUP00060,PART00639,PLT0010,2026-01-16 09:30:32,2026-03-17 09:30:32,2026-03-17 09:30:32,1255,1255,3713.35,297498.29,0,29052.19,Received
PO002013,SUP00033,PART01817,PLT0015,2026-03-12 01:41:37,2026-03-22 01:41:37,2026-03-20 01:41:37,597,597,2997.77,92686.29,0,26627.1,Received
PO002014,SUP00063,PART01425,PLT0002,2026-01-11 18:53:55,2026-02-10 18:53:55,2026-02-15 18:53:55,3374,3374,3573.18,873652.8,10,177866.97,Received
PO002015,SUP00140,PART00036,PLT0024,2026-01-19 23:11:58,2026-03-05 23:11:58,2026-03-02 23:11:58,4728,4728,1378.7,238228.1,0,55062.87,Received
PO002016,SUP00087,PART01477,PLT0012,2026-01-11 18:11:34,2026-02-25 18:11:34,2026-02-23 18:11:34,2444,2444,1233.41,228858.15,5,24190.84,Received
PO002017,SUP00125,PART01173,PLT0011,2026-04-09 14:00:01,2026-05-24 14:00:01,2026-05-27 14:00:01,1998,1998,4879.32,321421.04,18,152163.14,Received
PO002018,SUP00031,PART00021,PLT0013,2026-01-10 12:14:13,2026-03-11 12:14:13,2026-03-09 12:14:13,2799,2799,1993.71,310633.34,5,39167.29,Received
PO002019,SUP00161,PART00994,PLT0002,2026-02-22 00:27:46,2026-03-24 00:27:46,2026-03-22 00:27:46,4147,4147,3524.86,836969.08,15,74615.65,Received
PO002020,SUP00092,PART00747,PLT0001,2026-05-21 06:28:25,2026-07-05 06:28:25,2026-07-02 06:28:25,4116,4116,3077.87,897201.81,15,190529.89,Received
PO002021,SUP00193,PART00056,PLT0019,2026-01-26 01:46:24,2026-02-05 01:46:24,2026-02-04 01:46:24,428,428,4417.29,101602.86,18,29979.89,Received
PO002022,SUP00157,PART00722,PLT0004,2026-02-16 06:26:30,2026-04-02 06:26:30,2026-04-01 06:26:30,4679,4679,3029.53,286693.56,7.5,193210.93,Received
PO002023,SUP00097,PART01742,PLT0006,2026-05-27 09:39:56,2026-06-06 09:39:56,2026-06-04 09:39:56,4191,4191,376.43,117642.15,10,20560.93,Received
PO002024,SUP00110,PART01920,PLT0020,2026-03-14 05:25:52,2026-03-28 05:25:52,2026-04-10 05:25:52,1073,1073,4682.62,354420.12,15,31398.95,Received
PO002025,SUP00151,PART01231,PLT0005,2026-01-04 18:23:52,2026-01-25 18:23:52,2026-02-02 18:23:52,2788,2788,3825.26,507319.59,0,212483.68,Received
PO002026,SUP00002,PART01972,PLT0009,2026-06-27 14:59:55,2026-07-04 14:59:55,2026-07-01 14:59:55,2001,2001,4043.7,238754.87,0,82430.82,Received
PO002027,SUP00011,PART00163,PLT0016,2026-06-29 17:57:48,2026-07-09 17:57:48,2026-07-09 17:57:48,1506,1506,4127.06,338775.78,15,98912.73,Received
PO002028,SUP00156,PART00482,PLT0024,2026-06-29 10:10:19,2026-07-09 10:10:19,2026-07-06 10:10:19,3982,3982,3013.93,781172.9,7.5,94440.04,Received
PO002029,SUP00155,PART00626,PLT0006,2026-05-03 06:26:58,2026-05-24 06:26:58,2026-06-07 06:26:58,2542,2542,2523.03,306223.49,15,47921.11,Received
PO002030,SUP00012,PART01995,PLT0027,2026-03-15 02:06:45,2026-04-14 02:06:45,2026-04-14 02:06:45,2815,2291,4067.91,814001.33,5,210872.17,Received
PO002031,SUP00188,PART01774,PLT0021,2026-05-06 17:59:08,2026-07-05 17:59:08,2026-07-04 17:59:08,4730,4730,1471.26,475755.04,7.5,131675.41,Received
PO002032,SUP00032,PART01325,PLT0000,2026-05-05 09:54:46,2026-06-19 09:54:46,2026-06-17 09:54:46,3907,3907,588.63,103779.07,0,33110.5,Received
PO002033,SUP00181,PART01476,PLT0001,2026-04-21 05:19:13,2026-05-05 05:19:13,2026-05-05 05:19:13,3482,3482,3177.67,541899.42,15,124233.8,Received
PO002034,SUP00109,PART00589,PLT0028,2026-02-02 13:58:12,2026-02-12 13:58:12,2026-02-11 13:58:12,1081,1081,1804.27,108509.36,0,16212.55,Received
PO002035,SUP00043,PART01601,PLT0019,2026-02-14 20:12:23,2026-04-15 20:12:23,2026-04-15 20:12:23,2248,1677,625.14,33051.38,0,21334.85,Received
PO002036,SUP00021,PART00303,PLT0014,2026-02-16 22:31:42,2026-03-18 22:31:42,2026-03-18 22:31:42,3819,3819,3400.08,401710.73,7.5,242449.48,Received
PO002037,SUP00051,PART00529,PLT0015,2026-06-18 05:10:25,2026-06-25 05:10:25,2026-06-25 05:10:25,144,144,872.82,6447.97,0,2359.89,Received
PO002038,SUP00052,PART01632,PLT0007,2026-02-12 05:17:10,2026-03-14 05:17:10,2026-03-24 05:17:10,4371,2404,265.27,78924.1,0,8543.99,Received
PO002039,SUP00197,PART01103,PLT0020,2026-02-17 01:27:57,2026-02-27 01:27:57,2026-03-12 01:27:57,2696,2696,2084.03,343088.09,15,94463.19,Received
PO002040,SUP00052,PART01632,PLT0029,2026-01-17 00:06:17,2026-02-16 00:06:17,2026-02-20 00:06:17,4925,4925,265.27,39361.71,12.5,21605.13,Received
PO002041,SUP00197,PART00334,PLT0023,2026-02-28 11:40:11,2026-03-10 11:40:11,2026-03-09 11:40:11,3348,3348,2231.66,168576.9,5,53412.53,Received
PO002042,SUP00107,PART01152,PLT0000,2026-04-22 14:03:36,2026-05-13 14:03:36,2026-05-13 14:03:36,3591,3591,4658.95,789618.76,0,300642.95,Received
PO002043,SUP00155,PART01320,PLT0009,2026-02-28 11:15:20,2026-03-21 11:15:20,2026-03-18 11:15:20,2093,2093,2357.31,307575.67,10,43897.02,Received
PO002044,SUP00194,PART01921,PLT0001,2026-05-19 17:20:19,2026-06-09 17:20:19,2026-06-12 17:20:19,2086,2086,275.12,32801.04,0,9103.08,Received
PO002045,SUP00067,PART01535,PLT0001,2026-05-23 15:59:04,2026-07-07 15:59:04,2026-07-05 15:59:04,2242,1173,896.81,63912.82,5,30679.77,Received
PO002046,SUP00032,PART00819,PLT0018,2026-01-04 17:35:37,2026-02-18 17:35:37,2026-02-17 17:35:37,4882,4077,4861.8,1455766.59,0,301456.5,Received
PO002047,SUP00138,PART01142,PLT0022,2026-02-13 04:36:31,2026-02-27 04:36:31,2026-02-26 04:36:31,2082,2082,696.34,100846.29,0,26645.58,Received
PO002048,SUP00038,PART00504,PLT0000,2026-04-04 11:29:43,2026-06-03 11:29:43,2026-06-01 11:29:43,2086,2086,4186.21,613850.24,5,50273.53,Received
PO002049,SUP00014,PART00471,PLT0013,2026-03-02 05:45:31,2026-03-12 05:45:31,2026-03-11 05:45:31,1299,1299,881.91,55606.55,7.5,6099.85,Received
PO002050,SUP00113,PART01167,PLT0017,2026-03-14 16:24:09,2026-05-13 16:24:09,2026-05-10 16:24:09,1338,1338,3998.88,180895.58,0,52771.73,Received
PO002051,SUP00074,PART00148,PLT0012,2026-01-10 08:37:04,2026-01-20 08:37:04,2026-01-19 08:37:04,2725,2725,3549.15,209872.42,0,101400.75,Received
PO002052,SUP00104,PART00730,PLT0010,2026-04-14 18:07:05,2026-04-24 18:07:05,2026-04-25 18:07:05,4864,2659,1419.92,551552.46,0,62854.2,Received
PO002053,SUP00062,PART00311,PLT0028,2026-05-06 18:10:33,2026-05-20 18:10:33,2026-05-31 18:10:33,2500,1540,3625.6,220004.9,0,95806.81,Received
PO002054,SUP00087,PART00762,PLT0027,2026-01-18 00:15:07,2026-03-04 00:15:07,2026-03-03 00:15:07,4233,4233,1997.66,187180.73,15,140036.49,Received
PO002055,SUP00147,PART00154,PLT0018,2026-01-18 16:42:39,2026-01-25 16:42:39,2026-02-08 16:42:39,2878,1704,2056.92,382274.19,7.5,83875.53,Received
PO002056,SUP00177,PART00520,PLT0029,2026-05-28 23:36:16,2026-06-18 23:36:16,2026-06-28 23:36:16,3903,3903,723.54,173732.15,10,29282.19,Received
PO002057,SUP00105,PART01944,PLT0003,2026-03-18 04:23:56,2026-04-08 04:23:56,2026-04-07 04:23:56,1472,1100,452.74,18585.26,7.5,7426.53,Received
PO002058,SUP00037,PART00035,PLT0026,2026-06-02 04:55:52,2026-06-12 04:55:52,2026-06-09 04:55:52,1148,1148,4496.84,126302.65,18,76697.35,Received
PO002059,SUP00013,PART01826,PLT0022,2026-03-25 23:56:48,2026-04-15 23:56:48,2026-04-14 23:56:48,125,50,4636.6,26746.87,0,5616.03,Received
PO002060,SUP00029,PART00592,PLT0004,2026-01-11 15:05:00,2026-03-12 15:05:00,2026-03-09 15:05:00,4153,4153,1866.25,465486.96,12.5,108001.37,Received
PO002061,SUP00073,PART00943,PLT0028,2026-01-16 00:27:38,2026-03-02 00:27:38,2026-03-01 00:27:38,3510,3510,3652.16,974202.69,0,207379.97,Received
PO002062,SUP00041,PART01214,PLT0001,2026-01-22 05:23:41,2026-02-01 05:23:41,2026-01-30 05:23:41,3470,3470,4744.21,1168415.3,5,230447.97,Received
PO002063,SUP00161,PART00994,PLT0026,2026-04-10 16:49:25,2026-05-10 16:49:25,2026-05-10 16:49:25,4456,4456,3524.86,350196.62,12.5,233193.08,Received
PO002064,SUP00161,PART00790,PLT0007,2026-04-18 17:50:49,2026-05-18 17:50:49,2026-05-15 17:50:49,4213,4213,1908.45,419216.46,10,50886.45,Received
PO002065,SUP00174,PART01673,PLT0021,2026-03-10 14:07:47,2026-04-24 14:07:47,2026-05-09 14:07:47,4931,4931,3023.84,611795.6,0,222354.78,Received
PO002066,SUP00107,PART00781,PLT0010,2026-03-19 17:20:44,2026-04-09 17:20:44,2026-04-08 17:20:44,3164,3164,2367.57,385339.03,0,91296.54,Received
PO002067,SUP00177,PART00319,PLT0022,2026-04-05 19:31:37,2026-04-26 19:31:37,2026-04-26 19:31:37,4588,4588,1505.67,415350.36,7.5,80902.71,Received
PO002068,SUP00112,PART01294,PLT0006,2026-03-30 22:54:26,2026-04-29 22:54:26,2026-04-26 22:54:26,2366,2366,4297.79,518047.03,0,197182.93,Received
PO002069,SUP00012,PART00454,PLT0001,2026-05-30 06:09:08,2026-06-29 06:09:08,2026-06-26 06:09:08,4313,4313,617.03,146473.35,10,17427.47,Received
PO002070,SUP00095,PART00522,PLT0011,2026-02-25 03:47:42,2026-03-18 03:47:42,2026-03-17 03:47:42,3422,3422,3730.02,316114.46,12.5,155876.68,Received
PO002071,SUP00140,PART01155,PLT0001,2026-03-26 10:13:43,2026-05-10 10:13:43,2026-05-07 10:13:43,3731,3731,2968.82,798670.24,10,182132.78,Received
PO002072,SUP00156,PART01829,PLT0003,2026-01-17 07:28:24,2026-01-27 07:28:24,2026-01-25 07:28:24,3581,3581,1323.87,285063.57,10,82088.49,Received
PO002073,SUP00184,PART00424,PLT0009,2026-02-18 08:09:43,2026-03-04 08:09:43,2026-03-06 08:09:43,4176,4176,1126.45,270713.71,15,38303.41,Received
PO002074,SUP00102,PART01908,PLT0004,2026-01-04 03:45:55,2026-01-25 03:45:55,2026-01-24 03:45:55,2913,2913,202.77,45882.87,12.5,5888.47,Received
PO002075,SUP00176,PART01619,PLT0006,2026-02-16 15:32:10,2026-04-17 15:32:10,2026-04-14 15:32:10,3999,3999,880.78,74339.36,5,22864.0,Received
PO002076,SUP00115,PART01014,PLT0022,2026-04-19 04:47:04,2026-05-03 04:47:04,2026-05-02 04:47:04,3455,3455,3786.6,483932.83,15,197541.82,Received
PO002077,SUP00198,PART00025,PLT0027,2026-01-21 02:19:41,2026-02-20 02:19:41,2026-02-20 02:19:41,1184,1095,4066.2,180078.74,10,25788.84,Received
PO002078,SUP00134,PART00118,PLT0010,2026-02-27 10:28:09,2026-03-09 10:28:09,2026-03-09 10:28:09,4205,3346,940.63,237117.17,18,69788.04,Received
PO002079,SUP00077,PART01163,PLT0027,2026-04-07 07:24:47,2026-05-22 07:24:47,2026-05-19 07:24:47,1990,1990,2701.63,261815.66,7.5,57324.73,Received
PO002080,SUP00121,PART00802,PLT0006,2026-01-03 13:28:04,2026-01-10 13:28:04,2026-01-08 13:28:04,2087,2087,4302.54,595754.7,0,48600.61,Received
PO002081,SUP00007,PART01188,PLT0002,2026-02-26 12:23:23,2026-03-12 12:23:23,2026-03-11 12:23:23,2566,2566,4534.43,390500.0,0,143996.49,Received
PO002082,SUP00174,PART01994,PLT0022,2026-02-23 23:28:45,2026-04-09 23:28:45,2026-04-06 23:28:45,2623,1645,2871.87,325792.22,18,107629.98,Received
PO002083,SUP00198,PART01419,PLT0006,2026-03-11 18:06:57,2026-04-10 18:06:57,2026-04-07 18:06:57,1334,1334,2964.56,115921.53,10,57254.68,Received
PO002084,SUP00159,PART00114,PLT0000,2026-02-02 05:18:23,2026-02-09 05:18:23,2026-02-09 05:18:23,1112,1112,243.51,20914.04,0,2866.02,Received
PO002085,SUP00014,PART01522,PLT0014,2026-03-29 16:38:43,2026-04-08 16:38:43,2026-04-10 16:38:43,1561,1561,2934.27,272797.87,18,61642.64,Received
PO002086,SUP00036,PART00089,PLT0026,2026-02-20 22:50:49,2026-04-21 22:50:49,2026-04-20 22:50:49,4202,1708,1670.14,169602.16,12.5,80498.07,Received
PO002087,SUP00087,PART01453,PLT0017,2026-01-23 06:48:47,2026-03-09 06:48:47,2026-03-13 06:48:47,4794,4794,2459.91,608889.4,7.5,195405.21,Received
PO002088,SUP00050,PART00995,PLT0020,2026-04-30 06:25:56,2026-05-30 06:25:56,2026-05-27 06:25:56,1636,1636,3083.5,199681.15,15,54802.69,Received
PO002089,SUP00197,PART00661,PLT0026,2026-04-18 02:54:00,2026-04-28 02:54:00,2026-05-12 02:54:00,2358,2358,416.32,28780.54,0,7265.49,Received
PO002090,SUP00101,PART00531,PLT0022,2026-04-18 19:59:07,2026-06-17 19:59:07,2026-06-14 19:59:07,1617,1617,1844.92,103395.91,15,25418.9,Received
PO002091,SUP00128,PART00157,PLT0009,2026-03-13 06:18:11,2026-04-03 06:18:11,2026-04-03 06:18:11,950,396,3840.07,106341.05,12.5,52785.61,Received
PO002092,SUP00095,PART01663,PLT0003,2026-02-21 04:19:34,2026-03-14 04:19:34,2026-03-13 04:19:34,4750,4750,3666.55,748789.85,0,155968.5,Received
PO002093,SUP00121,PART01906,PLT0025,2026-06-03 00:08:30,2026-06-10 00:08:30,2026-06-10 00:08:30,885,885,3554.72,214722.89,0,50349.2,Received
PO002094,SUP00093,PART01734,PLT0012,2026-05-08 17:27:55,2026-05-15 17:27:55,2026-05-14 17:27:55,2538,2538,4899.74,554033.37,18,186983.4,Received
PO002095,SUP00177,PART00432,PLT0009,2026-01-13 07:25:16,2026-02-03 07:25:16,2026-02-07 07:25:16,2194,2194,1168.82,65633.49,0,32657.6,Received
PO002096,SUP00175,PART00227,PLT0027,2026-06-16 00:06:04,2026-06-30 00:06:04,2026-06-30 00:06:04,2606,2606,2329.65,479592.54,0,93865.47,Received
PO002097,SUP00036,PART00474,PLT0005,2026-03-03 03:22:02,2026-05-02 03:22:02,2026-04-29 03:22:02,4860,4860,114.45,21460.94,15,3102.79,Received
PO002098,SUP00086,PART00739,PLT0013,2026-01-01 06:21:16,2026-01-22 06:21:16,2026-01-20 06:21:16,441,441,1076.22,35199.25,15,3085.61,Received
PO002099,SUP00010,PART01352,PLT0026,2026-04-08 17:40:52,2026-06-07 17:40:52,2026-06-06 17:40:52,616,616,2173.36,35175.35,10,22014.94,Received
PO002100,SUP00101,PART00798,PLT0008,2026-03-03 02:37:11,2026-05-02 02:37:11,2026-05-01 02:37:11,3799,3799,2744.43,819521.93,7.5,175767.11,Received
PO002101,SUP00198,PART00931,PLT0023,2026-02-21 23:42:28,2026-03-23 23:42:28,2026-03-22 23:42:28,3734,3734,2200.57,469139.06,18,96521.49,Received
PO002102,SUP00194,PART01237,PLT0007,2026-02-17 22:47:15,2026-03-10 22:47:15,2026-03-09 22:47:15,3270,3270,1517.25,396578.86,7.5,31427.66,Received
PO002103,SUP00170,PART01670,PLT0020,2026-03-20 13:12:07,2026-04-03 13:12:07,2026-04-05 13:12:07,85,85,1334.07,2383.05,0,1292.65,Received
PO002104,SUP00109,PART01656,PLT0014,2026-03-10 01:52:52,2026-03-20 01:52:52,2026-03-20 01:52:52,4609,4609,4380.65,996086.62,12.5,174072.44,Received
PO002105,SUP00192,PART01403,PLT0026,2026-01-08 00:43:50,2026-03-09 00:43:50,2026-03-06 00:43:50,2772,2772,3149.05,586672.68,0,85823.31,Received
PO002106,SUP00048,PART00811,PLT0001,2026-03-17 10:31:45,2026-03-31 10:31:45,2026-04-01 10:31:45,553,553,3984.85,82493.88,18,24240.03,Received
PO002107,SUP00021,PART01227,PLT0009,2026-04-20 00:27:23,2026-05-20 00:27:23,2026-05-18 00:27:23,4217,4217,2193.1,223440.68,0,170841.55,Received
PO002108,SUP00038,PART00504,PLT0012,2026-01-21 16:26:10,2026-03-22 16:26:10,2026-03-22 16:26:10,3785,3785,4186.21,320631.08,0,184873.01,Received
PO002109,SUP00105,PART01944,PLT0024,2026-06-17 07:27:08,2026-07-08 07:27:08,2026-07-05 07:27:08,2615,2615,452.74,45695.03,5,20285.4,Received
PO002110,SUP00170,PART01670,PLT0029,2026-01-08 04:18:11,2026-01-22 04:18:11,2026-01-22 04:18:11,956,421,1334.07,33666.0,12.5,22296.3,Received
PO002111,SUP00045,PART00074,PLT0008,2026-04-30 15:10:31,2026-05-21 15:10:31,2026-05-21 15:10:31,2245,2245,3802.28,214835.84,10,85470.57,Received
PO002112,SUP00154,PART01212,PLT0013,2026-03-28 22:36:52,2026-04-07 22:36:52,2026-04-06 22:36:52,1961,1961,3773.98,378468.0,12.5,146342.21,Received
PO002113,SUP00009,PART01895,PLT0010,2026-03-14 15:05:08,2026-03-21 15:05:08,2026-03-25 15:05:08,4699,3120,2387.38,681874.68,5,178408.99,Received
PO002114,SUP00101,PART00737,PLT0007,2026-01-01 05:52:57,2026-03-02 05:52:57,2026-03-15 05:52:57,503,503,2890.37,89679.53,0,15659.34,Received
PO002115,SUP00099,PART00827,PLT0011,2026-02-11 15:22:25,2026-04-12 15:22:25,2026-04-12 15:22:25,3962,3962,3331.71,625449.85,0,262905.7,Received
PO002116,SUP00030,PART00443,PLT0018,2026-02-28 22:07:34,2026-03-30 22:07:34,2026-03-29 22:07:34,2286,2286,2250.59,324431.16,0,97425.0,Received
PO002117,SUP00152,PART00401,PLT0025,2026-05-25 21:46:08,2026-06-15 21:46:08,2026-06-29 21:46:08,2908,2908,568.15,70328.27,10,32293.9,Received
PO002118,SUP00075,PART00498,PLT0026,2026-05-01 17:29:27,2026-06-30 17:29:27,2026-06-27 17:29:27,3228,3228,1807.34,349035.65,7.5,90541.81,Received
PO002119,SUP00009,PART01895,PLT0007,2026-02-23 02:30:25,2026-03-02 02:30:25,2026-03-02 02:30:25,3995,2456,2387.38,727083.68,12.5,48526.78,Received
PO002120,SUP00132,PART00745,PLT0017,2026-05-05 11:40:03,2026-05-19 11:40:03,2026-05-18 11:40:03,2666,2666,58.5,4291.69,0,1688.86,Received
PO002121,SUP00120,PART00694,PLT0000,2026-03-18 08:27:06,2026-05-17 08:27:06,2026-05-16 08:27:06,3089,3089,2719.63,366185.88,12.5,68294.48,Received
PO002122,SUP00023,PART01213,PLT0017,2026-05-15 18:05:44,2026-05-29 18:05:44,2026-05-29 18:05:44,882,674,927.99,47229.6,10,8519.87,Received
PO002123,SUP00116,PART00010,PLT0027,2026-02-14 19:29:47,2026-03-07 19:29:47,2026-03-06 19:29:47,2102,2102,74.52,7601.19,0,2485.03,Received
PO002124,SUP00125,PART00809,PLT0012,2026-04-24 05:52:04,2026-06-08 05:52:04,2026-06-14 05:52:04,2689,2689,2677.82,504226.5,0,71567.38,Received
PO002125,SUP00041,PART01272,PLT0029,2026-02-03 17:11:44,2026-02-13 17:11:44,2026-02-13 17:11:44,108,108,1338.34,3586.38,0,2169.32,Received
PO002126,SUP00067,PART01535,PLT0001,2026-01-17 03:34:23,2026-03-03 03:34:23,2026-03-10 03:34:23,654,654,896.81,41504.81,15,4626.36,Received
PO002127,SUP00034,PART00528,PLT0025,2026-02-19 00:10:08,2026-03-21 00:10:08,2026-04-02 00:10:08,4262,4262,1559.06,510669.7,5,33343.9,Received
PO002128,SUP00131,PART01377,PLT0023,2026-04-18 23:20:22,2026-05-09 23:20:22,2026-05-08 23:20:22,4398,3370,189.9,35518.61,0,13749.1,Received
PO002129,SUP00197,PART01406,PLT0028,2026-06-27 07:50:46,2026-07-07 07:50:46,2026-07-04 07:50:46,3966,3966,4718.98,1130999.11,5,114232.62,Received
PO002130,SUP00089,PART00540,PLT0021,2026-02-20 22:52:11,2026-03-13 22:52:11,2026-03-10 22:52:11,3869,2068,2121.91,652761.99,10,160428.5,Received
PO002131,SUP00178,PART01484,PLT0013,2026-01-14 15:11:22,2026-03-15 15:11:22,2026-03-14 15:11:22,638,638,890.05,29425.16,0,10324.57,Received
PO002132,SUP00023,PART00042,PLT0013,2026-02-11 10:09:24,2026-02-25 10:09:24,2026-02-22 10:09:24,2404,2404,340.33,35233.27,5,14258.0,Received
PO002133,SUP00166,PART00318,PLT0006,2026-03-22 06:51:47,2026-04-12 06:51:47,2026-04-12 06:51:47,3624,3624,2155.93,354820.82,5,76200.78,Received
PO002134,SUP00030,PART01281,PLT0019,2026-04-25 18:30:56,2026-05-25 18:30:56,2026-05-22 18:30:56,3609,3609,2857.01,723788.09,0,86404.96,Received
PO002135,SUP00193,PART01182,PLT0021,2026-01-14 03:35:49,2026-01-24 03:35:49,2026-01-23 03:35:49,1521,725,2781.29,312968.98,0,77341.94,Received
PO002136,SUP00034,PART01300,PLT0025,2026-03-20 02:56:28,2026-04-19 02:56:28,2026-05-04 02:56:28,883,883,3152.63,204005.43,5,33172.63,Received
PO002137,SUP00125,PART00532,PLT0019,2026-05-02 06:55:44,2026-06-16 06:55:44,2026-06-15 06:55:44,1577,1577,3407.47,399901.02,12.5,88256.51,Received
PO002138,SUP00034,PART00528,PLT0009,2026-05-13 18:42:41,2026-06-12 18:42:41,2026-06-11 18:42:41,3566,3566,1559.06,354584.91,12.5,70103.51,Received
PO002139,SUP00050,PART01786,PLT0028,2026-01-23 13:16:59,2026-02-22 13:16:59,2026-02-21 13:16:59,1858,1858,4505.48,296760.38,18,44935.06,Received
PO002140,SUP00127,PART01150,PLT0015,2026-04-03 23:50:55,2026-04-13 23:50:55,2026-04-11 23:50:55,2649,2649,1383.33,203852.61,0,60697.26,Received
PO002141,SUP00062,PART01863,PLT0012,2026-05-16 15:42:50,2026-05-30 15:42:50,2026-06-12 15:42:50,3994,3994,695.42,210380.3,0,21042.28,Received
PO002142,SUP00196,PART00729,PLT0018,2026-01-20 00:34:06,2026-02-10 00:34:06,2026-02-10 00:34:06,2232,2063,2130.32,228603.53,0,53192.04,Received
PO002143,SUP00111,PART01815,PLT0023,2026-03-19 01:23:39,2026-03-29 01:23:39,2026-03-29 01:23:39,1822,1822,2245.17,161337.41,7.5,24899.7,Received
PO002144,SUP00082,PART01630,PLT0000,2026-02-04 00:32:00,2026-02-14 00:32:00,2026-02-12 00:32:00,4878,4878,3042.28,732846.05,5,234806.15,Received
PO002145,SUP00064,PART01986,PLT0029,2026-04-21 22:13:07,2026-06-20 22:13:07,2026-06-18 22:13:07,4054,2325,4447.8,735236.83,0,159087.96,Received
PO002146,SUP00063,PART00924,PLT0008,2026-05-13 11:14:02,2026-06-12 11:14:02,2026-06-12 11:14:02,3977,3977,3440.87,1084598.08,15,70853.98,Received
PO002147,SUP00138,PART01455,PLT0016,2026-03-24 15:53:22,2026-04-07 15:53:22,2026-04-05 15:53:22,3269,2140,459.67,68920.04,0,11126.74,Received
PO002148,SUP00041,PART01941,PLT0017,2026-02-26 15:15:03,2026-03-08 15:15:03,2026-03-07 15:15:03,1731,1731,1868.74,219282.98,18,18258.5,Received
PO002149,SUP00156,PART00814,PLT0007,2026-01-07 05:28:21,2026-01-17 05:28:21,2026-01-16 05:28:21,4785,3567,2585.47,985432.16,18,87710.42,Received
PO002150,SUP00120,PART00955,PLT0007,2026-02-03 06:14:21,2026-04-04 06:14:21,2026-04-04 06:14:21,3914,3914,4217.33,846825.52,5,103139.5,Received
PO002151,SUP00081,PART01303,PLT0014,2026-02-14 13:40:36,2026-03-07 13:40:36,2026-03-05 13:40:36,2430,2430,4235.57,298076.68,0,124322.77,Received
PO002152,SUP00118,PART00013,PLT0002,2026-04-30 20:16:47,2026-05-10 20:16:47,2026-05-10 20:16:47,4558,4558,3240.02,778070.37,7.5,257614.17,Received
PO002153,SUP00166,PART00142,PLT0013,2026-05-13 09:47:01,2026-06-03 09:47:01,2026-05-31 09:47:01,3571,3571,2649.65,308083.6,12.5,93613.27,Received
PO002154,SUP00083,PART00321,PLT0019,2026-03-05 13:02:19,2026-05-04 13:02:19,2026-05-04 13:02:19,209,209,4838.98,42280.29,0,5547.66,Received
PO002155,SUP00125,PART00235,PLT0019,2026-02-28 22:45:36,2026-04-14 22:45:36,2026-04-12 22:45:36,1105,1105,3403.07,273105.29,5,57726.63,Received
PO002156,SUP00033,PART00026,PLT0006,2026-03-23 05:36:47,2026-04-02 05:36:47,2026-03-30 05:36:47,1152,1152,1389.99,62984.82,0,25920.27,Received
PO002157,SUP00112,PART01083,PLT0007,2026-01-01 13:08:41,2026-01-31 13:08:41,2026-01-30 13:08:41,2275,2275,2435.09,402354.06,7.5,44110.18,Received
PO002158,SUP00115,PART00935,PLT0010,2026-06-06 16:19:36,2026-06-20 16:19:36,2026-06-20 16:19:36,3611,3611,680.86,70051.86,18,13404.3,Received
PO002159,SUP00113,PART01241,PLT0003,2026-03-22 16:34:12,2026-05-21 16:34:12,2026-05-20 16:34:12,1065,1065,2253.33,177563.63,12.5,34036.9,Received
PO002160,SUP00035,PART01712,PLT0017,2026-04-02 12:09:46,2026-05-17 12:09:46,2026-05-15 12:09:46,125,125,2290.37,20466.66,7.5,3036.81,Received
PO002161,SUP00062,PART01863,PLT0008,2026-01-13 11:33:19,2026-01-27 11:33:19,2026-02-03 11:33:19,865,865,695.42,21555.64,15,3046.35,Received
PO002162,SUP00109,PART01404,PLT0017,2026-02-25 19:21:16,2026-03-07 19:21:16,2026-03-05 19:21:16,4574,4574,3937.14,715870.69,0,222351.07,Received
PO002163,SUP00013,PART00613,PLT0004,2026-04-23 15:29:37,2026-05-14 15:29:37,2026-05-28 15:29:37,1442,1442,4752.02,378122.39,7.5,44118.5,Received
PO002164,SUP00144,PART00734,PLT0000,2026-03-03 17:17:37,2026-04-02 17:17:37,2026-04-13 17:17:37,3391,3391,1310.21,349629.06,12.5,28793.39,Received
PO002165,SUP00011,PART01472,PLT0024,2026-02-07 21:25:39,2026-02-17 21:25:39,2026-02-16 21:25:39,2764,2764,2927.87,500835.67,0,56627.28,Received
PO002166,SUP00051,PART01624,PLT0017,2026-07-01 15:30:20,2026-07-08 15:30:20,2026-07-07 15:30:20,3785,3785,692.09,152347.52,5,26844.27,Received
PO002167,SUP00118,PART00555,PLT0023,2026-01-12 02:52:43,2026-01-22 02:52:43,2026-02-05 02:52:43,2557,2557,1861.55,210750.71,10,77074.99,Received
PO002168,SUP00188,PART01385,PLT0006,2026-04-26 16:41:46,2026-06-25 16:41:46,2026-06-25 16:41:46,762,762,4166.24,126278.17,0,54782.41,Received
PO002169,SUP00158,PART00654,PLT0016,2026-05-14 04:10:03,2026-05-21 04:10:03,2026-05-20 04:10:03,3842,3842,1471.4,297342.02,18,43288.89,Received
PO002170,SUP00015,PART00082,PLT0007,2026-01-17 00:16:22,2026-01-24 00:16:22,2026-01-29 00:16:22,4404,4404,3027.0,1041973.0,0,117590.69,Received
PO002171,SUP00088,PART01973,PLT0011,2026-06-05 19:10:59,2026-07-05 19:10:59,2026-07-20 19:10:59,4207,4207,590.45,162837.5,15,16806.88,In Transit
PO002172,SUP00137,PART01113,PLT0013,2026-01-14 02:08:21,2026-01-28 02:08:21,2026-01-26 02:08:21,1125,1125,221.37,19798.59,5,2619.82,Received
PO002173,SUP00150,PART01438,PLT0010,2026-05-15 09:35:22,2026-05-22 09:35:22,2026-05-20 09:35:22,4934,2096,144.75,45842.23,10,9608.06,Received
PO002174,SUP00173,PART00907,PLT0010,2026-03-28 09:27:54,2026-04-07 09:27:54,2026-04-07 09:27:54,926,926,443.54,27565.45,18,3430.52,Received
PO002175,SUP00052,PART01451,PLT0009,2026-05-28 07:18:51,2026-06-27 07:18:51,2026-06-24 07:18:51,1219,1219,902.82,38526.35,0,6951.49,Received
PO002176,SUP00190,PART00796,PLT0000,2026-04-17 16:49:10,2026-06-16 16:49:10,2026-06-14 16:49:10,4396,4396,3640.22,1195280.96,0,271558.96,Received
PO002177,SUP00024,PART00223,PLT0028,2026-03-09 16:44:09,2026-04-08 16:44:09,2026-04-07 16:44:09,1537,1537,1642.99,81582.47,12.5,39494.8,Received
PO002178,SUP00112,PART01218,PLT0024,2026-03-15 00:06:19,2026-04-14 00:06:19,2026-04-13 00:06:19,2280,2280,1835.48,254632.09,0,29079.03,Received
PO002179,SUP00191,PART01039,PLT0020,2026-04-23 04:35:23,2026-06-22 04:35:23,2026-07-02 04:35:23,1911,1911,181.45,27498.51,15,3194.08,Received
PO002180,SUP00139,PART01848,PLT0003,2026-05-24 18:51:25,2026-06-07 18:51:25,2026-06-06 18:51:25,4737,4737,110.93,30657.85,0,6304.72,Received
PO002181,SUP00108,PART01297,PLT0029,2026-03-05 18:16:03,2026-05-04 18:16:03,2026-05-04 18:16:03,1854,1854,4632.85,520559.38,18,156573.76,Received
PO002182,SUP00188,PART01385,PLT0011,2026-01-29 06:14:12,2026-03-30 06:14:12,2026-03-27 06:14:12,4248,4248,4166.24,933860.67,7.5,294482.53,Received
PO002183,SUP00109,PART01984,PLT0018,2026-04-01 18:17:45,2026-04-11 18:17:45,2026-04-10 18:17:45,469,469,3116.44,107856.18,0,21450.23,Received
PO002184,SUP00157,PART00963,PLT0007,2026-04-07 09:35:05,2026-05-22 09:35:05,2026-05-20 09:35:05,2316,2316,3688.65,521454.84,7.5,154141.7,Received
PO002185,SUP00003,PART00634,PLT0008,2026-01-22 10:07:31,2026-02-01 10:07:31,2026-02-02 10:07:31,3751,3751,1433.21,399636.76,0,86860.96,Received
PO002186,SUP00090,PART00277,PLT0012,2026-05-05 07:46:44,2026-05-26 07:46:44,2026-05-24 07:46:44,2383,2383,2306.84,208140.98,15,95954.55,Received
PO002187,SUP00077,PART01163,PLT0003,2026-05-14 20:41:37,2026-06-28 20:41:37,2026-06-26 20:41:37,2093,2093,2701.63,334382.74,18,46024.72,Received
PO002188,SUP00151,PART01251,PLT0016,2026-03-05 23:04:04,2026-03-26 23:04:04,2026-04-06 23:04:04,4700,4700,1241.83,278544.05,12.5,61039.84,Received
PO002189,SUP00026,PART01751,PLT0010,2026-03-29 11:12:00,2026-05-28 11:12:00,2026-05-27 11:12:00,4120,4120,4897.53,1209854.01,18,122694.29,Received
PO002190,SUP00192,PART00976,PLT0016,2026-03-02 02:02:54,2026-05-01 02:02:54,2026-05-05 02:02:54,2561,2561,940.96,118871.37,5,14101.75,Received
PO002191,SUP00100,PART00906,PLT0020,2026-05-11 02:04:19,2026-06-25 02:04:19,2026-06-22 02:04:19,3864,1745,1131.79,329183.8,5,42615.2,Received
PO002192,SUP00144,PART00052,PLT0020,2026-05-02 15:19:11,2026-06-01 15:19:11,2026-05-31 15:19:11,3227,3227,35.5,3312.66,5,1802.29,Received
PO002193,SUP00035,PART01026,PLT0010,2026-02-24 20:38:39,2026-04-10 20:38:39,2026-04-09 20:38:39,3398,3398,4875.0,931644.34,0,319858.9,Received
PO002194,SUP00124,PART00682,PLT0021,2026-05-29 17:00:54,2026-06-28 17:00:54,2026-06-27 17:00:54,1886,1886,495.52,74746.01,0,17705.48,Received
PO002195,SUP00165,PART01399,PLT0025,2026-03-18 05:35:32,2026-05-02 05:35:32,2026-05-01 05:35:32,3806,3806,3664.1,859902.27,10,238928.39,Received
PO002196,SUP00041,PART00583,PLT0019,2026-03-29 11:26:13,2026-04-08 11:26:13,2026-04-08 11:26:13,1593,1593,1792.82,79046.0,7.5,34931.48,Received
PO002197,SUP00183,PART00153,PLT0009,2026-03-24 07:25:41,2026-04-23 07:25:41,2026-04-21 07:25:41,323,323,333.41,6743.82,10,1133.15,Received
PO002198,SUP00148,PART01423,PLT0014,2026-01-09 03:16:32,2026-02-08 03:16:32,2026-02-11 03:16:32,351,351,4914.84,46254.94,7.5,10531.17,Received
PO002199,SUP00168,PART00856,PLT0009,2026-02-21 13:10:29,2026-03-07 13:10:29,2026-03-20 13:10:29,3002,3002,1929.73,393691.24,12.5,38624.32,Received
PO002200,SUP00018,PART00327,PLT0003,2026-04-17 23:54:12,2026-05-08 23:54:12,2026-05-08 23:54:12,1258,1258,3577.61,287793.64,0,79396.05,Received
PO002201,SUP00117,PART00665,PLT0000,2026-03-26 23:21:40,2026-05-10 23:21:40,2026-05-10 23:21:40,1310,1310,3735.72,141751.8,18,72117.93,Received
PO002202,SUP00072,PART01343,PLT0022,2026-05-03 18:49:36,2026-07-02 18:49:36,2026-06-29 18:49:36,2475,2475,4317.08,571073.71,10,93224.49,Received
PO002203,SUP00173,PART00008,PLT0029,2026-02-19 20:10:06,2026-03-01 20:10:06,2026-02-27 20:10:06,2836,2836,708.08,46313.77,12.5,16433.79,Received
PO002204,SUP00171,PART00681,PLT0013,2026-01-02 06:50:14,2026-03-03 06:50:14,2026-02-28 06:50:14,4464,4464,3225.15,868573.09,5,122105.9,Received
PO002205,SUP00161,PART00280,PLT0015,2026-03-21 14:28:14,2026-04-20 14:28:14,2026-04-24 14:28:14,4773,4773,3822.87,432497.91,12.5,100912.31,Received
PO002206,SUP00144,PART01064,PLT0005,2026-05-15 19:35:00,2026-06-14 19:35:00,2026-06-13 19:35:00,3329,3329,3283.69,691437.13,0,210108.17,Received
PO002207,SUP00067,PART00868,PLT0028,2026-04-20 06:51:55,2026-06-04 06:51:55,2026-06-03 06:51:55,1276,1276,2304.55,137171.49,10,44544.35,Received
PO002208,SUP00126,PART00820,PLT0003,2026-03-30 22:01:21,2026-04-20 22:01:21,2026-04-20 22:01:21,3586,3586,1167.89,313938.49,0,78590.1,Received
PO002209,SUP00173,PART00137,PLT0010,2026-05-12 16:42:43,2026-05-22 16:42:43,2026-05-22 16:42:43,507,507,1819.74,65413.48,7.5,8894.02,Received
PO002210,SUP00043,PART00067,PLT0014,2026-03-26 17:52:53,2026-05-25 17:52:53,2026-05-24 17:52:53,988,988,2028.14,127616.06,18,29527.63,Received
PO002211,SUP00109,PART01404,PLT0007,2026-05-27 14:07:54,2026-06-06 14:07:54,2026-06-05 14:07:54,4868,4868,3937.14,1366729.21,0,308754.43,Received
PO002212,SUP00029,PART00322,PLT0018,2026-03-15 09:15:20,2026-05-14 09:15:20,2026-05-13 09:15:20,971,971,4083.39,159512.8,0,48395.49,Received
PO002213,SUP00064,PART00326,PLT0005,2026-03-23 03:34:09,2026-05-22 03:34:09,2026-05-22 03:34:09,4631,4631,700.2,93125.17,5,47943.9,Received
PO002214,SUP00035,PART00910,PLT0023,2026-02-24 07:37:41,2026-04-10 07:37:41,2026-04-10 07:37:41,2635,2635,3421.82,483100.12,15,144535.08,Received
PO002215,SUP00147,PART01096,PLT0028,2026-03-28 09:24:18,2026-04-04 09:24:18,2026-04-03 09:24:18,559,559,1624.55,26375.13,18,15854.86,Received
PO002216,SUP00001,PART01530,PLT0023,2026-01-06 00:11:59,2026-02-20 00:11:59,2026-02-23 00:11:59,3502,2466,1030.56,267400.34,7.5,40563.08,Received
PO002217,SUP00109,PART00858,PLT0011,2026-04-08 17:24:19,2026-04-18 17:24:19,2026-04-17 17:24:19,2267,2267,3374.09,159012.2,12.5,132153.64,Received
PO002218,SUP00049,PART01683,PLT0000,2026-05-06 13:59:28,2026-05-13 13:59:28,2026-05-11 13:59:28,3654,3654,3672.72,773772.26,10,102707.67,Received
PO002219,SUP00051,PART00944,PLT0006,2026-03-29 23:21:33,2026-04-05 23:21:33,2026-04-03 23:21:33,3894,3894,592.18,171489.76,7.5,12017.25,Received
PO002220,SUP00029,PART00007,PLT0025,2026-04-28 16:08:42,2026-06-27 16:08:42,2026-06-25 16:08:42,3970,3970,3734.06,986198.46,0,295151.84,Received
PO002221,SUP00149,PART00176,PLT0004,2026-04-30 09:16:36,2026-06-29 09:16:36,2026-06-26 09:16:36,1304,1304,2288.87,87462.63,18,17667.7,Received
PO002222,SUP00172,PART01226,PLT0004,2026-04-10 13:07:11,2026-04-20 13:07:11,2026-04-19 13:07:11,3335,3335,68.87,5574.84,12.5,2034.37,Received
PO002223,SUP00002,PART00896,PLT0000,2026-01-01 06:06:14,2026-01-08 06:06:14,2026-01-05 06:06:14,660,660,270.16,13638.66,0,1786.68,Received
PO002224,SUP00016,PART01492,PLT0022,2026-03-19 05:56:54,2026-04-09 05:56:54,2026-04-09 05:56:54,1698,1698,331.48,39602.23,12.5,6005.63,Received
PO002225,SUP00196,PART00966,PLT0027,2026-04-23 02:04:47,2026-05-14 02:04:47,2026-05-25 02:04:47,575,575,1504.92,47556.75,5,15977.01,Received
PO002226,SUP00063,PART01802,PLT0005,2026-05-28 18:22:29,2026-06-27 18:22:29,2026-06-25 18:22:29,1143,1143,4715.28,224517.55,10,81294.96,Received
PO002227,SUP00167,PART00553,PLT0002,2026-06-12 19:28:59,2026-06-26 19:28:59,2026-06-26 19:28:59,744,744,4734.88,88547.84,18,53594.08,Received
PO002228,SUP00172,PART01139,PLT0000,2026-04-12 10:05:31,2026-04-22 10:05:31,2026-04-22 10:05:31,3910,3910,3680.13,731929.23,12.5,176822.77,Received
PO002229,SUP00100,PART01839,PLT0003,2026-03-13 06:25:58,2026-04-27 06:25:58,2026-04-24 06:25:58,3878,3878,818.78,201537.71,0,38323.22,Received
PO002230,SUP00123,PART00584,PLT0001,2026-02-25 08:06:32,2026-04-26 08:06:32,2026-04-23 08:06:32,4538,4538,2484.29,720621.85,12.5,132975.37,Received
PO002231,SUP00105,PART00310,PLT0020,2026-02-27 00:36:19,2026-03-20 00:36:19,2026-03-20 00:36:19,2733,1230,4319.27,892217.04,0,68096.11,Received
PO002232,SUP00127,PART00960,PLT0001,2026-06-08 07:18:11,2026-06-18 07:18:11,2026-06-16 07:18:11,280,280,4635.89,26881.61,0,9383.54,Received
PO002233,SUP00080,PART01362,PLT0009,2026-04-20 18:42:12,2026-05-04 18:42:12,2026-05-03 18:42:12,1488,1488,2084.18,64249.76,0,44352.86,Received
PO002234,SUP00049,PART01813,PLT0015,2026-03-12 18:34:25,2026-03-19 18:34:25,2026-04-01 18:34:25,4990,4990,3605.24,1059715.65,10,262657.15,Received
PO002235,SUP00076,PART01777,PLT0019,2026-03-23 23:52:43,2026-04-06 23:52:43,2026-04-03 23:52:43,2583,2583,34.43,5834.43,10,646.56,Received
PO002236,SUP00105,PART01358,PLT0021,2026-05-13 03:09:32,2026-06-03 03:09:32,2026-06-01 03:09:32,1407,1407,2569.51,90392.77,7.5,24204.75,Received
PO002237,SUP00053,PART01594,PLT0023,2026-02-11 00:12:46,2026-03-28 00:12:46,2026-03-28 00:12:46,3051,3051,2053.43,462886.11,5,53724.58,Received
PO002238,SUP00153,PART01919,PLT0024,2026-04-29 22:58:07,2026-06-13 22:58:07,2026-06-10 22:58:07,3521,3521,1604.33,247013.75,15,60385.08,Received
PO002239,SUP00125,PART00235,PLT0023,2026-05-12 06:39:58,2026-06-26 06:39:58,2026-07-09 06:39:58,89,89,3403.07,11876.82,15,4998.11,Received
PO002240,SUP00020,PART01655,PLT0025,2026-03-30 21:31:34,2026-05-29 21:31:34,2026-05-29 21:31:34,3025,3025,3531.82,608147.35,12.5,136144.88,Received
PO002241,SUP00164,PART00161,PLT0008,2026-02-22 23:40:01,2026-03-01 23:40:01,2026-03-01 23:40:01,4273,4273,3074.07,1016164.4,10,164847.08,Received
PO002242,SUP00172,PART00350,PLT0009,2026-05-23 14:53:05,2026-06-02 14:53:05,2026-05-31 14:53:05,3688,3688,4593.82,675004.52,18,195696.21,Received
PO002243,SUP00019,PART00374,PLT0008,2026-03-14 14:25:55,2026-05-13 14:25:55,2026-05-11 14:25:55,1240,998,3140.93,103432.26,0,24762.6,Received
PO002244,SUP00080,PART01971,PLT0001,2026-05-17 03:31:25,2026-05-31 03:31:25,2026-05-31 03:31:25,4426,4426,1055.43,283296.18,18,66077.51,Received
PO002245,SUP00034,PART01368,PLT0023,2026-03-04 10:19:52,2026-04-03 10:19:52,2026-04-02 10:19:52,675,675,4024.18,189070.01,12.5,18380.71,Received
PO002246,SUP00067,PART01363,PLT0006,2026-01-11 03:48:25,2026-02-25 03:48:25,2026-03-05 03:48:25,1676,1676,3787.98,391018.7,18,32535.02,Received
PO002247,SUP00113,PART01555,PLT0001,2026-01-31 07:55:44,2026-04-01 07:55:44,2026-03-29 07:55:44,2218,2218,1368.73,172957.99,15,45356.91,Received
PO002248,SUP00058,PART00274,PLT0000,2026-03-07 00:57:49,2026-03-21 00:57:49,2026-03-26 00:57:49,4528,4528,1479.49,464639.36,18,120893.1,Received
PO002249,SUP00186,PART01898,PLT0015,2026-04-17 10:08:55,2026-06-01 10:08:55,2026-06-13 10:08:55,1204,1047,4967.12,408234.47,15,117073.4,Received
PO002250,SUP00071,PART00523,PLT0019,2026-04-15 19:48:04,2026-06-14 19:48:04,2026-06-12 19:48:04,3216,3216,4087.84,400577.54,5,250205.78,Received
PO002251,SUP00097,PART01962,PLT0003,2026-04-04 13:15:09,2026-04-14 13:15:09,2026-04-12 13:15:09,3936,3478,4603.37,450004.53,12.5,111935.44,Received
PO002252,SUP00177,PART00375,PLT0015,2026-03-07 05:38:09,2026-03-28 05:38:09,2026-03-26 05:38:09,2869,2869,2017.24,331561.85,0,65730.22,Received
PO002253,SUP00034,PART01770,PLT0026,2026-03-25 01:57:37,2026-04-24 01:57:37,2026-04-21 01:57:37,4880,3360,878.2,327603.19,10,40275.84,Received
PO002254,SUP00076,PART00674,PLT0016,2026-02-20 02:17:06,2026-03-06 02:17:06,2026-03-19 02:17:06,2465,1305,1478.42,73820.08,0,57691.74,Received
PO002255,SUP00160,PART01190,PLT0022,2026-02-11 08:47:09,2026-02-18 08:47:09,2026-02-18 08:47:09,2739,1750,2830.05,478444.47,10,115903.04,Received
PO002256,SUP00132,PART00131,PLT0022,2026-04-23 21:38:43,2026-05-07 21:38:43,2026-05-04 21:38:43,2091,2091,2483.54,112341.54,0,91421.32,Received
PO002257,SUP00171,PART01723,PLT0016,2026-02-25 14:27:14,2026-04-26 14:27:14,2026-04-23 14:27:14,4998,4998,417.77,131808.04,10,23191.27,Received
PO002258,SUP00019,PART01886,PLT0028,2026-01-14 13:46:59,2026-03-15 13:46:59,2026-03-22 13:46:59,4591,4591,977.68,126424.75,0,69655.05,Received
PO002259,SUP00018,PART00491,PLT0027,2026-01-13 01:25:06,2026-02-03 01:25:06,2026-02-16 01:25:06,3862,3862,1596.99,278362.01,7.5,78802.5,Received
PO002260,SUP00188,PART01774,PLT0010,2026-02-15 01:30:14,2026-04-16 01:30:14,2026-04-16 01:30:14,1125,1125,1471.26,77744.28,7.5,14266.03,Received
PO002261,SUP00095,PART00108,PLT0006,2026-06-12 12:41:14,2026-07-03 12:41:14,2026-07-02 12:41:14,4080,4080,1182.71,216331.9,0,44703.19,Received
PO002262,SUP00115,PART00935,PLT0027,2026-06-19 18:42:33,2026-07-03 18:42:33,2026-07-02 18:42:33,563,563,680.86,10084.64,0,3122.41,Received
PO002263,SUP00149,PART01430,PLT0000,2026-04-06 10:45:18,2026-06-05 10:45:18,2026-06-04 10:45:18,4617,3216,3895.23,1220714.77,12.5,202196.26,Received
PO002264,SUP00084,PART00653,PLT0022,2026-06-21 06:26:19,2026-06-28 06:26:19,2026-06-26 06:26:19,4257,4257,1109.88,160163.7,12.5,46735.2,Received
PO002265,SUP00198,PART01706,PLT0009,2026-01-16 12:23:01,2026-02-15 12:23:01,2026-02-15 12:23:01,1403,1403,3503.54,260807.38,18,37555.68,Received
PO002266,SUP00045,PART00285,PLT0002,2026-02-03 06:34:33,2026-02-24 06:34:33,2026-03-05 06:34:33,4476,4476,4066.72,1001872.89,10,318777.65,Received
PO002267,SUP00172,PART01256,PLT0008,2026-03-17 18:03:34,2026-03-27 18:03:34,2026-03-25 18:03:34,1488,1488,4042.59,441731.04,18,119418.57,Received
PO002268,SUP00182,PART00919,PLT0028,2026-01-07 23:47:15,2026-02-06 23:47:15,2026-02-06 23:47:15,2036,2036,2514.11,170009.12,0,88131.03,Received
PO002269,SUP00022,PART01106,PLT0017,2026-03-31 09:01:15,2026-05-15 09:01:15,2026-05-14 09:01:15,1767,1767,3587.41,475915.0,5,114176.67,Received
PO002270,SUP00009,PART01934,PLT0012,2026-04-12 13:08:37,2026-04-19 13:08:37,2026-04-17 13:08:37,1088,1088,3196.39,263496.44,15,45825.64,Received
PO002271,SUP00138,PART00278,PLT0013,2026-04-16 03:56:20,2026-04-30 03:56:20,2026-04-28 03:56:20,1574,1574,3602.97,293484.11,12.5,111852.65,Received
PO002272,SUP00002,PART01479,PLT0007,2026-01-30 00:55:19,2026-02-06 00:55:19,2026-02-03 00:55:19,3726,3726,3045.89,792950.37,15,221864.04,Received
PO002273,SUP00066,PART01959,PLT0023,2026-01-02 09:48:07,2026-02-16 09:48:07,2026-02-15 09:48:07,1867,1867,4215.94,456509.33,10,96068.14,Received
PO002274,SUP00067,PART00700,PLT0028,2026-03-24 13:57:41,2026-05-08 13:57:41,2026-05-07 13:57:41,3760,3760,3808.55,899738.1,0,83615.63,Received
PO002275,SUP00191,PART00677,PLT0006,2026-03-07 22:54:56,2026-05-06 22:54:56,2026-05-03 22:54:56,1838,1838,4735.16,239770.58,15,72318.53,Received
PO002276,SUP00196,PART01302,PLT0021,2026-06-10 04:22:43,2026-07-01 04:22:43,2026-06-29 04:22:43,3721,1534,793.32,184647.47,7.5,16608.76,Received
PO002277,SUP00009,PART01488,PLT0004,2026-03-06 06:53:08,2026-03-13 06:53:08,2026-03-11 06:53:08,3413,3413,4900.7,1063557.07,5,329780.94,Received
PO002278,SUP00170,PART01629,PLT0014,2026-06-23 06:45:35,2026-07-07 06:45:35,2026-07-15 06:45:35,366,366,2698.86,25919.36,15,19326.95,In Transit
PO002279,SUP00161,PART01100,PLT0027,2026-01-14 10:15:53,2026-02-13 10:15:53,2026-02-10 10:15:53,2388,2388,671.19,94077.1,5,20699.63,Received
PO002280,SUP00171,PART01723,PLT0025,2026-03-08 15:45:09,2026-05-07 15:45:09,2026-05-07 15:45:09,2483,1373,417.77,62521.73,7.5,16796.25,Received
PO002281,SUP00157,PART00883,PLT0015,2026-05-25 21:07:42,2026-07-09 21:07:42,2026-07-08 21:07:42,1510,1510,3262.98,119399.33,0,45582.34,Received
PO002282,SUP00027,PART01233,PLT0010,2026-03-10 09:36:02,2026-03-17 09:36:02,2026-03-14 09:36:02,287,287,1398.06,28464.55,0,3445.59,Received
PO002283,SUP00019,PART01259,PLT0008,2026-03-02 17:41:13,2026-05-01 17:41:13,2026-04-29 17:41:13,1357,1357,3179.04,94503.38,12.5,23124.72,Received
PO002284,SUP00176,PART01136,PLT0019,2026-03-04 17:26:00,2026-05-03 17:26:00,2026-05-03 17:26:00,1104,470,4302.61,339950.4,5,64785.46,Received
PO002285,SUP00173,PART00059,PLT0022,2026-01-23 18:47:21,2026-02-02 18:47:21,2026-01-30 18:47:21,796,482,1729.14,72478.38,5,14228.91,Received
PO002286,SUP00125,PART01125,PLT0019,2026-01-11 08:35:14,2026-02-25 08:35:14,2026-02-25 08:35:14,362,362,436.94,3323.91,0,1659.17,Received
PO002287,SUP00012,PART00447,PLT0006,2026-03-30 17:56:03,2026-04-29 17:56:03,2026-04-28 17:56:03,2721,2721,4842.16,280250.51,15,162915.7,Received
PO002288,SUP00039,PART01047,PLT0024,2026-03-31 11:31:03,2026-04-14 11:31:03,2026-04-12 11:31:03,3170,3170,4836.89,703622.6,10,183078.37,Received
PO002289,SUP00113,PART01877,PLT0018,2026-05-10 16:06:27,2026-07-09 16:06:27,2026-07-15 16:06:27,4102,4102,2353.57,391923.72,10,189649.35,In Transit
PO002290,SUP00144,PART00052,PLT0028,2026-03-08 12:38:49,2026-04-07 12:38:49,2026-04-06 12:38:49,3218,3218,35.5,7151.87,0,1330.5,Received
PO002291,SUP00194,PART00615,PLT0016,2026-03-12 18:55:31,2026-04-02 18:55:31,2026-04-16 18:55:31,2394,1693,3580.99,492563.44,0,131552.56,Received
PO002292,SUP00180,PART00268,PLT0023,2026-06-15 16:23:17,2026-06-29 16:23:17,2026-06-27 16:23:17,1224,1224,4572.63,132658.7,15,103057.39,Received
PO002293,SUP00154,PART01584,PLT0016,2026-05-06 07:01:32,2026-05-16 07:01:32,2026-05-19 07:01:32,658,658,2231.43,56969.45,0,20781.87,Received
PO002294,SUP00087,PART01453,PLT0005,2026-01-18 23:13:38,2026-03-04 23:13:38,2026-03-02 23:13:38,4075,4075,2459.91,378421.98,0,59148.74,Received
PO002295,SUP00019,PART00418,PLT0001,2026-05-10 02:14:38,2026-07-09 02:14:38,2026-07-06 02:14:38,2196,2196,3563.05,168564.16,18,55729.3,Received
PO002296,SUP00141,PART01947,PLT0001,2026-02-06 14:43:11,2026-03-23 14:43:11,2026-03-29 14:43:11,2032,2032,1063.3,164707.79,0,34715.64,Received
PO002297,SUP00067,PART00582,PLT0028,2026-02-25 11:36:08,2026-04-11 11:36:08,2026-04-10 11:36:08,4823,4823,997.24,319239.34,5,44938.95,Received
PO002298,SUP00148,PART01711,PLT0025,2026-06-02 14:57:52,2026-07-02 14:57:52,2026-06-30 14:57:52,789,789,658.85,32745.8,18,9626.09,Received
PO002299,SUP00001,PART00740,PLT0022,2026-05-09 03:59:02,2026-06-23 03:59:02,2026-06-20 03:59:02,4733,4733,807.89,206830.05,0,35311.11,Received
PO002300,SUP00174,PART01673,PLT0015,2026-04-29 00:28:12,2026-06-13 00:28:12,2026-06-15 00:28:12,1166,1166,3023.84,209166.05,0,34812.89,Received
PO002301,SUP00010,PART00832,PLT0000,2026-01-17 18:23:30,2026-03-18 18:23:30,2026-03-18 18:23:30,982,982,1982.06,74266.72,5,17380.79,Received
PO002302,SUP00108,PART01028,PLT0022,2026-03-13 05:49:48,2026-05-12 05:49:48,2026-05-11 05:49:48,1805,1805,3118.13,344093.31,12.5,86554.04,Received
PO002303,SUP00029,PART01827,PLT0014,2026-03-25 00:22:58,2026-05-24 00:22:58,2026-05-24 00:22:58,1570,1570,4947.73,290685.86,0,52352.92,Received
PO002304,SUP00000,PART00238,PLT0004,2026-01-06 00:47:43,2026-01-13 00:47:43,2026-01-13 00:47:43,1719,1719,3617.78,495252.92,0,39701.89,Received
PO002305,SUP00154,PART01212,PLT0027,2026-03-01 06:52:22,2026-03-11 06:52:22,2026-03-10 06:52:22,4356,1863,3773.98,866394.62,18,257623.89,Received
PO002306,SUP00149,PART01184,PLT0012,2026-03-22 00:50:41,2026-05-21 00:50:41,2026-05-19 00:50:41,1342,1342,4114.88,383625.61,0,83613.95,Received
PO002307,SUP00050,PART01779,PLT0018,2026-01-08 00:14:23,2026-02-07 00:14:23,2026-02-07 00:14:23,1827,1827,49.27,3920.51,18,1431.79,Received
PO002308,SUP00063,PART01425,PLT0006,2026-01-19 06:32:19,2026-02-18 06:32:19,2026-02-17 06:32:19,1962,1962,3573.18,510791.44,12.5,86481.39,Received
PO002309,SUP00194,PART00615,PLT0029,2026-05-19 03:56:45,2026-06-09 03:56:45,2026-06-11 03:56:45,4017,4017,3580.99,1028450.45,5,220975.91,Received
PO002310,SUP00160,PART01847,PLT0018,2026-01-18 21:52:39,2026-01-25 21:52:39,2026-01-22 21:52:39,2430,2430,284.1,47488.98,0,4611.78,Received
PO002311,SUP00002,PART01479,PLT0006,2026-06-01 19:05:11,2026-06-08 19:05:11,2026-06-07 19:05:11,2281,1242,3045.89,292308.08,0,134592.06,Received
PO002312,SUP00199,PART00156,PLT0008,2026-06-23 16:02:49,2026-07-07 16:02:49,2026-07-04 16:02:49,2875,2875,1725.85,312264.59,15,50616.94,Received
PO002313,SUP00031,PART01440,PLT0004,2026-03-11 12:53:41,2026-05-10 12:53:41,2026-05-07 12:53:41,1295,1295,4096.53,368860.14,5,35888.79,Received
PO002314,SUP00007,PART00053,PLT0026,2026-02-08 00:42:34,2026-02-22 00:42:34,2026-02-22 00:42:34,810,810,352.58,20324.45,0,2779.32,Received
PO002315,SUP00143,PART01820,PLT0022,2026-03-27 08:10:58,2026-05-11 08:10:58,2026-05-12 08:10:58,1589,1589,2191.54,189439.76,12.5,62319.23,Received
PO002316,SUP00011,PART00421,PLT0001,2026-03-24 10:25:56,2026-04-03 10:25:56,2026-03-31 10:25:56,236,236,1145.88,15043.48,7.5,2985.23,Received
PO002317,SUP00188,PART01223,PLT0027,2026-03-19 01:41:57,2026-05-18 01:41:57,2026-05-17 01:41:57,1171,628,1926.98,138551.66,0,12273.46,Received
PO002318,SUP00145,PART00221,PLT0023,2026-03-03 19:16:18,2026-05-02 19:16:18,2026-05-02 19:16:18,266,266,3684.41,70562.71,0,8933.4,Received
PO002319,SUP00192,PART00099,PLT0017,2026-03-23 17:19:55,2026-05-22 17:19:55,2026-05-21 17:19:55,1821,1821,4848.1,623838.78,12.5,88854.91,Received
PO002320,SUP00056,PART01094,PLT0024,2026-04-06 07:51:12,2026-06-05 07:51:12,2026-06-04 07:51:12,1451,1451,2488.23,144789.56,0,63582.94,Received
PO002321,SUP00124,PART01009,PLT0005,2026-01-28 14:25:24,2026-02-27 14:25:24,2026-02-25 14:25:24,4487,4487,3698.14,472624.19,10,219966.55,Received
PO002322,SUP00160,PART00691,PLT0023,2026-02-23 06:33:10,2026-03-02 06:33:10,2026-03-02 06:33:10,1783,1783,986.18,47228.96,12.5,29410.04,Received
PO002323,SUP00088,PART01973,PLT0006,2026-03-02 08:29:54,2026-04-01 08:29:54,2026-03-31 08:29:54,1976,1976,590.45,61322.89,5,15420.73,Received
PO002324,SUP00121,PART01001,PLT0006,2026-03-18 23:15:40,2026-03-25 23:15:40,2026-04-08 23:15:40,1627,1627,2269.15,127116.93,0,20261.64,Received
PO002325,SUP00148,PART01423,PLT0007,2026-03-21 20:18:19,2026-04-20 20:18:19,2026-04-18 20:18:19,4300,4300,4914.84,956632.52,7.5,269644.4,Received
PO002326,SUP00097,PART01511,PLT0015,2026-05-19 04:48:53,2026-05-29 04:48:53,2026-05-26 04:48:53,1941,1941,2798.49,137427.33,0,59777.02,Received
PO002327,SUP00074,PART00216,PLT0014,2026-03-06 15:30:09,2026-03-16 15:30:09,2026-03-15 15:30:09,4761,4761,935.63,195902.19,0,39655.25,Received
PO002328,SUP00192,PART01051,PLT0009,2026-01-01 22:41:59,2026-03-02 22:41:59,2026-03-02 22:41:59,2256,2256,2383.78,133198.99,15,41268.97,Received
PO002329,SUP00120,PART00230,PLT0022,2026-03-02 12:11:18,2026-05-01 12:11:18,2026-04-28 12:11:18,610,610,2082.15,66478.77,0,8293.4,Received
PO002330,SUP00107,PART00791,PLT0029,2026-01-07 00:41:33,2026-01-28 00:41:33,2026-02-12 00:41:33,3122,3122,3204.7,510096.88,0,110006.08,Received
PO002331,SUP00195,PART01532,PLT0000,2026-06-01 23:37:08,2026-06-15 23:37:08,2026-06-13 23:37:08,2258,2258,2204.84,204309.11,7.5,37994.88,Received
PO002332,SUP00068,PART00815,PLT0016,2026-02-17 22:09:53,2026-03-19 22:09:53,2026-03-17 22:09:53,1946,1946,1426.96,70449.85,7.5,47496.38,Received
PO002333,SUP00073,PART00406,PLT0009,2026-05-12 09:27:26,2026-06-26 09:27:26,2026-06-24 09:27:26,2350,2035,4743.66,459842.32,12.5,187490.82,Received
PO002334,SUP00055,PART00058,PLT0000,2026-02-14 19:55:11,2026-02-24 19:55:11,2026-03-10 19:55:11,756,756,3037.34,177537.23,0,16723.01,Received
PO002335,SUP00158,PART01588,PLT0004,2026-02-12 19:49:16,2026-02-19 19:49:16,2026-02-26 19:49:16,4859,4859,2078.19,363760.99,0,155073.67,Received
PO002336,SUP00043,PART01334,PLT0027,2026-03-28 09:56:49,2026-05-27 09:56:49,2026-05-26 09:56:49,3249,3249,1022.65,112653.22,10,49412.9,Received
PO002337,SUP00152,PART01791,PLT0001,2026-04-23 19:19:44,2026-05-14 19:19:44,2026-05-11 19:19:44,225,162,3393.16,27116.81,0,8471.22,Received
PO002338,SUP00040,PART01881,PLT0029,2026-03-12 01:02:12,2026-03-19 01:02:12,2026-03-19 01:02:12,620,620,3548.22,150058.65,7.5,39250.53,Received
PO002339,SUP00032,PART01543,PLT0024,2026-01-04 17:45:37,2026-02-18 17:45:37,2026-02-16 17:45:37,4653,4653,271.03,91173.06,15,21683.75,Received
PO002340,SUP00134,PART00069,PLT0000,2026-05-15 04:25:15,2026-05-25 04:25:15,2026-05-22 04:25:15,4722,4722,1220.37,343715.19,10,104556.92,Received
PO002341,SUP00082,PART00254,PLT0009,2026-06-07 12:56:12,2026-06-17 12:56:12,2026-06-15 12:56:12,2139,2139,2889.49,401312.51,12.5,84310.85,Received
PO002342,SUP00144,PART00601,PLT0004,2026-01-17 10:00:04,2026-02-16 10:00:04,2026-03-01 10:00:04,3949,3949,3838.81,938216.4,10,267884.54,Received
PO002343,SUP00189,PART00267,PLT0015,2026-03-08 13:32:24,2026-04-22 13:32:24,2026-04-22 13:32:24,148,148,1062.98,12272.71,0,2316.62,Received
PO002344,SUP00163,PART00915,PLT0006,2026-02-22 14:29:43,2026-03-01 14:29:43,2026-02-27 14:29:43,2662,2662,3729.32,338070.31,0,171166.31,Received
PO002345,SUP00015,PART01457,PLT0006,2026-04-17 22:55:37,2026-04-24 22:55:37,2026-04-23 22:55:37,3511,3511,4761.06,1068775.69,15,263720.9,Received
PO002346,SUP00197,PART01406,PLT0021,2026-06-15 11:44:14,2026-06-25 11:44:14,2026-06-25 11:44:14,3695,3695,4718.98,930612.91,0,119994.52,Received
PO002347,SUP00076,PART01458,PLT0019,2026-02-25 02:55:45,2026-03-11 02:55:45,2026-03-09 02:55:45,3723,3723,911.38,83108.22,5,19049.74,Received
PO002348,SUP00078,PART00554,PLT0027,2026-04-20 23:02:57,2026-06-19 23:02:57,2026-06-17 23:02:57,786,786,1779.64,99582.1,0,20118.48,Received
PO002349,SUP00043,PART01824,PLT0020,2026-02-17 14:49:26,2026-04-18 14:49:26,2026-04-16 14:49:26,1276,1276,3542.73,330992.34,18,36299.34,Received
PO002350,SUP00133,PART00436,PLT0015,2026-02-02 19:30:47,2026-03-19 19:30:47,2026-03-16 19:30:47,2992,2280,4606.77,750187.99,18,94698.07,Received
PO002351,SUP00011,PART00426,PLT0001,2026-06-28 07:36:24,2026-07-08 07:36:24,2026-07-06 07:36:24,3149,3149,900.83,134405.43,15,18262.32,Received
PO002352,SUP00088,PART00169,PLT0010,2026-04-11 12:26:08,2026-05-11 12:26:08,2026-05-11 12:26:08,4348,4035,4308.12,1453339.73,18,315740.54,Received
PO002353,SUP00150,PART00568,PLT0002,2026-07-01 01:06:44,2026-07-08 01:06:44,2026-07-08 01:06:44,4044,4044,649.01,71518.35,12.5,17818.13,Received
PO002354,SUP00194,PART00615,PLT0029,2026-03-19 22:19:39,2026-04-09 22:19:39,2026-04-06 22:19:39,719,682,3580.99,183772.82,5,15204.46,Received
PO002355,SUP00085,PART01180,PLT0014,2026-03-12 12:49:30,2026-04-26 12:49:30,2026-04-29 12:49:30,2523,1688,2375.69,464987.09,18,112437.09,Received
PO002356,SUP00036,PART01757,PLT0020,2026-03-07 08:07:09,2026-05-06 08:07:09,2026-05-09 08:07:09,2025,2025,3567.55,457273.79,15,141287.76,Received
PO002357,SUP00088,PART01145,PLT0021,2026-05-22 08:46:04,2026-06-21 08:46:04,2026-06-21 08:46:04,512,512,1389.34,38149.69,0,10305.81,Received
PO002358,SUP00157,PART00697,PLT0007,2026-02-03 12:17:23,2026-03-20 12:17:23,2026-03-20 12:17:23,1334,1334,2513.33,197774.2,18,58421.17,Received
PO002359,SUP00056,PART01127,PLT0005,2026-02-02 05:36:09,2026-04-03 05:36:09,2026-04-03 05:36:09,3401,3401,1242.92,189022.53,0,30545.7,Received
PO002360,SUP00198,PART00881,PLT0011,2026-05-20 14:25:50,2026-06-19 14:25:50,2026-06-28 14:25:50,1811,1811,429.97,45782.42,10,9258.93,Received
PO002361,SUP00125,PART00839,PLT0009,2026-03-20 03:50:14,2026-05-04 03:50:14,2026-05-03 03:50:14,938,938,2797.33,52661.14,0,20554.75,Received
PO002362,SUP00177,PART01525,PLT0015,2026-01-02 20:51:41,2026-01-23 20:51:41,2026-02-04 20:51:41,4913,4913,950.83,99363.6,0,80167.02,Received
PO002363,SUP00181,PART00998,PLT0016,2026-05-31 19:44:26,2026-06-14 19:44:26,2026-06-11 19:44:26,3610,3610,2280.64,628624.55,5,61446.34,Received
PO002364,SUP00081,PART01021,PLT0025,2026-06-13 05:43:29,2026-07-04 05:43:29,2026-07-04 05:43:29,4724,4202,3512.6,565419.34,18,150499.91,Received
PO002365,SUP00001,PART00316,PLT0021,2026-05-16 00:04:25,2026-06-30 00:04:25,2026-06-27 00:04:25,2544,2544,2292.02,419322.75,0,83004.95,Received
PO002366,SUP00029,PART00711,PLT0001,2026-04-03 04:35:51,2026-06-02 04:35:51,2026-05-31 04:35:51,2837,2837,2076.0,273858.16,12.5,71048.55,Received
PO002367,SUP00179,PART00738,PLT0021,2026-02-23 15:04:35,2026-03-25 15:04:35,2026-03-24 15:04:35,4163,4163,3740.33,1243750.87,7.5,194266.49,Received
PO002368,SUP00193,PART01182,PLT0011,2026-01-01 16:16:32,2026-01-11 16:16:32,2026-01-24 16:16:32,380,380,2781.29,42308.01,0,17250.5,Received
PO002369,SUP00178,PART00124,PLT0005,2026-03-26 22:43:36,2026-05-25 22:43:36,2026-06-01 22:43:36,1899,1899,4152.77,216871.5,12.5,117893.66,Received
PO002370,SUP00098,PART01851,PLT0008,2026-03-09 01:16:35,2026-05-08 01:16:35,2026-05-06 01:16:35,3681,3681,1133.29,85963.1,0,83376.16,Received
PO002371,SUP00127,PART00945,PLT0024,2026-05-31 13:02:42,2026-06-10 13:02:42,2026-06-23 13:02:42,371,371,65.98,823.12,0,281.26,Received
PO002372,SUP00010,PART00702,PLT0004,2026-05-06 16:37:06,2026-07-05 16:37:06,2026-07-02 16:37:06,3324,3324,4589.92,642097.96,0,154689.19,Received
PO002373,SUP00138,PART01142,PLT0006,2026-04-04 15:09:27,2026-04-18 15:09:27,2026-04-18 15:09:27,556,556,696.34,16063.34,5,4255.57,Received
PO002374,SUP00100,PART01892,PLT0024,2026-03-21 06:19:29,2026-05-05 06:19:29,2026-05-04 06:19:29,1640,1640,2503.58,189151.45,5,81680.73,Received
PO002375,SUP00194,PART00265,PLT0004,2026-04-14 10:58:56,2026-05-05 10:58:56,2026-05-17 10:58:56,3328,3328,4368.73,1116432.6,18,123047.12,Received
PO002376,SUP00158,PART00286,PLT0028,2026-06-02 17:27:48,2026-06-09 17:27:48,2026-06-23 17:27:48,1844,1844,2624.31,148094.07,10,78703.88,Received
PO002377,SUP00030,PART00425,PLT0003,2026-01-07 20:43:11,2026-02-06 20:43:11,2026-02-05 20:43:11,3912,3912,4130.85,1034247.92,0,82473.34,Received
PO002378,SUP00198,PART01419,PLT0018,2026-03-02 14:55:47,2026-04-01 14:55:47,2026-03-31 14:55:47,2106,881,2964.56,403220.23,0,56230.65,Received
PO002379,SUP00035,PART00391,PLT0007,2026-02-08 04:28:08,2026-03-25 04:28:08,2026-03-24 04:28:08,4419,4419,1570.19,304728.47,0,48003.38,Received
PO002380,SUP00143,PART01322,PLT0015,2026-04-17 07:11:10,2026-06-01 07:11:10,2026-06-01 07:11:10,2256,2256,3357.95,351454.0,18,128891.69,Received
PO002381,SUP00173,PART01314,PLT0020,2026-03-14 04:10:31,2026-03-24 04:10:31,2026-03-24 04:10:31,3961,2829,4976.06,850268.18,0,362759.47,Received
PO002382,SUP00106,PART01336,PLT0020,2026-03-16 23:38:53,2026-03-26 23:38:53,2026-03-24 23:38:53,2566,2566,2632.45,472299.78,0,43487.06,Received
PO002383,SUP00072,PART01002,PLT0021,2026-04-15 17:41:24,2026-06-14 17:41:24,2026-06-11 17:41:24,1338,1338,2395.87,69906.28,5,50326.93,Received
PO002384,SUP00078,PART01288,PLT0026,2026-03-29 10:33:37,2026-05-28 10:33:37,2026-05-25 10:33:37,4329,4329,2378.73,587004.28,7.5,163601.01,Received
PO002385,SUP00025,PART00271,PLT0016,2026-04-18 23:34:46,2026-05-18 23:34:46,2026-05-18 23:34:46,1860,1860,2566.52,271226.7,15,89295.33,Received
PO002386,SUP00159,PART01386,PLT0021,2026-04-11 13:30:11,2026-04-18 13:30:11,2026-04-29 13:30:11,1780,1780,3999.78,301427.61,5,53217.03,Received
PO002387,SUP00072,PART01216,PLT0016,2026-03-14 15:34:35,2026-05-13 15:34:35,2026-05-10 15:34:35,2879,2879,1088.91,209299.01,0,21683.04,Received
PO002388,SUP00032,PART00023,PLT0012,2026-03-26 15:29:47,2026-05-10 15:29:47,2026-05-07 15:29:47,351,351,3935.04,65558.0,7.5,17145.08,Received
PO002389,SUP00163,PART00964,PLT0002,2026-06-19 02:22:25,2026-06-26 02:22:25,2026-06-23 02:22:25,2070,2070,232.23,26446.36,0,8825.3,Received
PO002390,SUP00168,PART00001,PLT0007,2026-04-13 11:26:00,2026-04-27 11:26:00,2026-04-25 11:26:00,1251,762,3390.43,123689.53,10,43631.76,Received
PO002391,SUP00113,PART01555,PLT0012,2026-02-16 23:51:51,2026-04-17 23:51:51,2026-04-25 23:51:51,2466,2466,1368.73,204542.0,12.5,28412.44,Received
PO002392,SUP00173,PART01236,PLT0008,2026-04-30 10:30:42,2026-05-10 10:30:42,2026-05-08 10:30:42,109,109,4860.5,28488.6,10,8910.15,Received
PO002393,SUP00028,PART00585,PLT0013,2026-03-12 08:24:42,2026-03-19 08:24:42,2026-03-17 08:24:42,1675,1675,18.68,735.06,15,258.38,Received
PO002394,SUP00182,PART00109,PLT0004,2026-05-24 08:52:15,2026-06-23 08:52:15,2026-06-24 08:52:15,1249,1249,1596.83,152962.58,5,21345.58,Received
PO002395,SUP00130,PART00770,PLT0007,2026-02-02 13:44:51,2026-04-03 13:44:51,2026-03-31 13:44:51,3828,3828,918.44,218923.26,0,26544.83,Received
PO002396,SUP00177,PART01494,PLT0006,2026-02-25 08:34:25,2026-03-18 08:34:25,2026-03-26 08:34:25,2244,2244,4239.1,531783.08,0,108359.9,Received
PO002397,SUP00007,PART00801,PLT0000,2026-06-04 18:02:53,2026-06-18 18:02:53,2026-06-18 18:02:53,323,323,660.73,8140.07,18,2446.14,Received
PO002398,SUP00071,PART01474,PLT0023,2026-01-05 10:44:48,2026-03-06 10:44:48,2026-03-05 10:44:48,1313,1313,4153.34,208603.21,15,90543.05,Received
PO002399,SUP00138,PART01142,PLT0028,2026-04-21 21:08:41,2026-05-05 21:08:41,2026-05-04 21:08:41,3892,3892,696.34,154051.36,7.5,17265.01,Received
PO002400,SUP00050,PART00882,PLT0025,2026-01-12 07:36:09,2026-02-11 07:36:09,2026-02-11 07:36:09,4960,4960,3811.35,487799.83,12.5,177502.56,Received
PO002401,SUP00110,PART01920,PLT0024,2026-05-18 08:03:38,2026-06-01 08:03:38,2026-05-30 08:03:38,4631,4631,4682.62,805255.4,15,373400.83,Received
PO002402,SUP00032,PART01465,PLT0008,2026-03-23 06:11:49,2026-05-07 06:11:49,2026-05-05 06:11:49,2138,1787,1235.35,161956.97,5,34582.08,Received
PO002403,SUP00084,PART01573,PLT0017,2026-06-21 07:16:16,2026-06-28 07:16:16,2026-06-26 07:16:16,1121,1121,1935.24,117920.13,10,23505.2,Received
PO002404,SUP00132,PART00706,PLT0029,2026-01-18 01:31:50,2026-02-01 01:31:50,2026-01-29 01:31:50,4492,4492,1884.76,323215.94,15,98532.47,Received
PO002405,SUP00148,PART01215,PLT0016,2026-05-27 08:16:15,2026-06-26 08:16:15,2026-06-25 08:16:15,3695,3695,2527.02,643504.12,10,52764.75,Received
PO002406,SUP00168,PART01678,PLT0012,2026-04-09 15:58:11,2026-04-23 15:58:11,2026-04-22 15:58:11,4173,4173,1845.31,226891.2,10,45173.84,Received
PO002407,SUP00008,PART00490,PLT0001,2026-04-10 07:46:52,2026-04-17 07:46:52,2026-04-28 07:46:52,4897,4897,817.47,173721.0,12.5,68186.57,Received
PO002408,SUP00129,PART01950,PLT0020,2026-02-02 02:49:04,2026-04-03 02:49:04,2026-04-02 02:49:04,2492,2492,4698.39,397285.07,7.5,151340.81,Received
PO002409,SUP00112,PART01218,PLT0010,2026-02-04 07:58:00,2026-03-06 07:58:00,2026-03-09 07:58:00,886,886,1835.48,70468.93,5,20435.37,Received
PO002410,SUP00098,PART00130,PLT0000,2026-04-12 04:33:45,2026-06-11 04:33:45,2026-06-10 04:33:45,2754,1737,4447.99,458683.16,12.5,61375.93,Received
PO002411,SUP00013,PART00613,PLT0018,2026-06-05 19:21:58,2026-06-26 19:21:58,2026-06-23 19:21:58,3346,3346,4752.02,581508.72,12.5,254719.44,Received
PO002412,SUP00091,PART01193,PLT0003,2026-05-08 14:11:02,2026-05-22 14:11:02,2026-05-22 14:11:02,3540,3540,2307.91,250370.99,10,46276.49,Received
PO002413,SUP00165,PART01545,PLT0007,2026-05-22 04:10:47,2026-07-06 04:10:47,2026-07-03 04:10:47,2614,1838,841.33,97924.35,18,34449.62,Received
PO002414,SUP00077,PART01437,PLT0002,2026-05-04 23:30:09,2026-06-18 23:30:09,2026-06-18 23:30:09,397,397,1860.48,28186.76,10,9466.78,Received
PO002415,SUP00032,PART00453,PLT0006,2026-02-12 01:46:43,2026-03-29 01:46:43,2026-03-26 01:46:43,3335,3335,992.76,228102.48,18,32138.23,Received
PO002416,SUP00086,PART01534,PLT0000,2026-05-29 19:46:35,2026-06-19 19:46:35,2026-06-22 19:46:35,4851,4851,4427.48,1530823.78,5,361840.84,Received
PO002417,SUP00032,PART00023,PLT0003,2026-01-07 01:14:48,2026-02-21 01:14:48,2026-02-19 01:14:48,2948,1332,3935.04,609242.3,10,155261.63,Received
PO002418,SUP00137,PART00788,PLT0023,2026-05-08 00:12:47,2026-05-22 00:12:47,2026-06-01 00:12:47,2468,2468,2886.38,471891.4,0,55887.32,Received
PO002419,SUP00127,PART00821,PLT0020,2026-06-02 07:37:00,2026-06-12 07:37:00,2026-06-12 07:37:00,2968,2968,2104.11,340572.29,5,109285.68,Received
PO002420,SUP00085,PART01180,PLT0013,2026-04-14 08:29:13,2026-05-29 08:29:13,2026-05-26 08:29:13,4084,4084,2375.69,198579.37,0,141946.42,Received
PO002421,SUP00097,PART01249,PLT0004,2026-04-27 00:17:54,2026-05-07 00:17:54,2026-05-19 00:17:54,1384,1384,3827.14,407127.66,18,98559.94,Received
PO002422,SUP00110,PART01954,PLT0025,2026-06-14 13:30:31,2026-06-28 13:30:31,2026-07-04 13:30:31,191,191,1678.77,23954.34,0,4489.81,Received
PO002423,SUP00063,PART00171,PLT0004,2026-04-25 18:13:13,2026-05-25 18:13:13,2026-05-24 18:13:13,658,658,2335.03,56490.51,10,11443.33,Received
PO002424,SUP00185,PART00276,PLT0001,2026-04-20 05:36:54,2026-06-19 05:36:54,2026-07-03 05:36:54,2222,2222,3817.99,196222.75,5,103245.15,Received
PO002425,SUP00182,PART01384,PLT0002,2026-04-02 11:52:46,2026-05-02 11:52:46,2026-04-30 11:52:46,3206,3206,660.14,99339.89,18,10801.25,Received
PO002426,SUP00136,PART00818,PLT0003,2026-01-14 06:16:11,2026-01-28 06:16:11,2026-01-27 06:16:11,3445,3445,1606.62,356659.5,0,81610.7,Received
PO002427,SUP00113,PART01877,PLT0001,2026-03-17 09:44:51,2026-05-16 09:44:51,2026-05-14 09:44:51,651,651,2353.57,75724.94,0,11522.37,Received
PO002428,SUP00196,PART00241,PLT0017,2026-03-25 19:30:09,2026-04-15 19:30:09,2026-04-15 19:30:09,4490,4490,2047.29,250824.99,0,165022.53,Received
PO002429,SUP00138,PART01455,PLT0020,2026-06-01 10:39:37,2026-06-15 10:39:37,2026-06-14 10:39:37,1652,1652,459.67,29974.63,18,12556.11,Received
PO002430,SUP00153,PART01189,PLT0023,2026-01-27 08:12:44,2026-03-13 08:12:44,2026-03-12 08:12:44,1861,1861,2467.79,170243.05,10,64298.07,Received
PO002431,SUP00176,PART01136,PLT0021,2026-04-09 00:58:56,2026-06-08 00:58:56,2026-06-08 00:58:56,215,169,4302.61,53649.8,12.5,16561.06,Received
PO002432,SUP00192,PART00099,PLT0009,2026-03-11 18:30:24,2026-05-10 18:30:24,2026-05-09 18:30:24,779,779,4848.1,246511.03,5,63784.55,Received
PO002433,SUP00143,PART00012,PLT0016,2026-01-24 18:39:15,2026-03-10 18:39:15,2026-03-08 18:39:15,895,796,2360.03,139662.04,7.5,18643.85,Received
PO002434,SUP00082,PART01630,PLT0025,2026-03-21 01:04:57,2026-03-31 01:04:57,2026-04-15 01:04:57,4482,4482,3042.28,838685.66,15,253695.97,Received
PO002435,SUP00165,PART00525,PLT0001,2026-04-18 03:37:29,2026-06-02 03:37:29,2026-06-07 03:37:29,3530,3530,1350.75,170779.43,10,25974.75,Received
PO002436,SUP00099,PART00827,PLT0000,2026-04-25 16:30:02,2026-06-24 16:30:02,2026-06-22 16:30:02,4158,4158,3331.71,965041.6,15,123766.82,Received
PO002437,SUP00068,PART00815,PLT0013,2026-04-26 08:48:16,2026-05-26 08:48:16,2026-05-24 08:48:16,4731,4731,1426.96,332326.84,0,95362.73,Received
PO002438,SUP00162,PART00561,PLT0002,2026-03-01 05:37:54,2026-03-08 05:37:54,2026-03-08 05:37:54,2428,2428,3157.01,362243.39,15,142692.03,Received
PO002439,SUP00089,PART00366,PLT0010,2026-06-14 15:50:09,2026-07-05 15:50:09,2026-07-03 15:50:09,3770,3770,4054.46,663872.76,0,277765.62,Received
PO002440,SUP00092,PART01651,PLT0011,2026-02-07 21:56:09,2026-03-24 21:56:09,2026-03-21 21:56:09,2390,2390,2391.24,294132.51,12.5,39159.28,Received
PO002441,SUP00144,PART00601,PLT0021,2026-05-19 07:05:29,2026-06-18 07:05:29,2026-06-16 07:05:29,4821,2285,3838.81,1238835.02,12.5,128477.85,Received
PO002442,SUP00092,PART01651,PLT0014,2026-03-17 08:36:17,2026-05-01 08:36:17,2026-04-28 08:36:17,3219,3219,2391.24,486088.0,12.5,88757.15,Received
PO002443,SUP00100,PART01572,PLT0006,2026-03-01 21:26:29,2026-04-15 21:26:29,2026-04-14 21:26:29,2262,2262,4900.96,487796.47,18,154288.35,Received
PO002444,SUP00100,PART01292,PLT0025,2026-05-12 02:17:59,2026-06-26 02:17:59,2026-06-26 02:17:59,1073,1073,1945.41,89151.28,15,33795.77,Received
PO002445,SUP00121,PART01682,PLT0021,2026-02-27 08:26:30,2026-03-06 08:26:30,2026-03-06 08:26:30,3031,3031,1744.93,263568.41,0,42809.41,Received
PO002446,SUP00010,PART01468,PLT0004,2026-03-04 13:58:38,2026-05-03 13:58:38,2026-05-02 13:58:38,1713,1713,4806.95,333442.15,12.5,143829.72,Received
PO002447,SUP00168,PART00001,PLT0016,2026-03-04 08:06:14,2026-03-18 08:06:14,2026-03-16 08:06:14,4966,4966,3390.43,399894.84,0,111460.24,Received
PO002448,SUP00111,PART01957,PLT0027,2026-01-11 23:36:48,2026-01-21 23:36:48,2026-01-20 23:36:48,117,117,4521.34,39405.8,5,5267.15,Received
PO002449,SUP00084,PART01571,PLT0002,2026-02-06 14:05:26,2026-02-13 14:05:26,2026-02-11 14:05:26,3093,1265,772.69,135645.68,5,22279.71,Received
PO002450,SUP00039,PART00305,PLT0007,2026-01-30 00:21:42,2026-02-13 00:21:42,2026-02-13 00:21:42,104,104,1903.1,14446.65,7.5,3710.3,Received
PO002451,SUP00143,PART01820,PLT0023,2026-02-13 22:15:55,2026-03-30 22:15:55,2026-03-28 22:15:55,665,665,2191.54,31855.47,18,27535.0,Received
PO002452,SUP00161,PART00994,PLT0016,2026-02-13 04:40:16,2026-03-15 04:40:16,2026-03-14 04:40:16,3864,2569,3524.86,895158.57,0,208899.3,Received
PO002453,SUP00168,PART00622,PLT0001,2026-05-27 20:43:47,2026-06-10 20:43:47,2026-06-10 20:43:47,3548,1706,3861.87,350272.62,15,196494.12,Received
PO002454,SUP00042,PART01158,PLT0027,2026-05-13 07:48:50,2026-05-23 07:48:50,2026-06-01 07:48:50,711,711,1768.84,74438.28,0,21455.78,Received
PO002455,SUP00081,PART01160,PLT0012,2026-01-30 05:51:52,2026-02-20 05:51:52,2026-02-23 05:51:52,3395,3395,810.47,131495.94,12.5,47220.72,Received
PO002456,SUP00110,PART01391,PLT0010,2026-03-12 05:16:48,2026-03-26 05:16:48,2026-03-23 05:16:48,2362,2362,164.69,28107.65,0,4378.24,Received
PO002457,SUP00084,PART01571,PLT0022,2026-02-28 08:28:02,2026-03-07 08:28:02,2026-03-06 08:28:02,1650,1650,772.69,101393.86,0,12390.5,Received
PO002458,SUP00120,PART00605,PLT0023,2026-02-06 01:19:43,2026-04-07 01:19:43,2026-04-05 01:19:43,1709,1709,3218.78,132332.32,15,107542.27,Received
PO002459,SUP00110,PART01391,PLT0017,2026-05-28 00:56:01,2026-06-11 00:56:01,2026-06-11 00:56:01,2762,2762,164.69,15907.7,10,4768.37,Received
PO002460,SUP00035,PART01134,PLT0023,2026-04-13 09:14:38,2026-05-28 09:14:38,2026-05-25 09:14:38,1351,1351,4882.22,235603.14,12.5,79758.87,Received
PO002461,SUP00053,PART00777,PLT0029,2026-03-15 13:37:56,2026-04-29 13:37:56,2026-04-28 13:37:56,4476,4476,1832.79,407788.16,10,127988.28,Received
PO002462,SUP00151,PART01695,PLT0016,2026-03-28 17:59:15,2026-04-18 17:59:15,2026-04-17 17:59:15,505,505,561.36,11000.52,0,4326.07,Received
PO002463,SUP00121,PART01682,PLT0006,2026-05-20 04:26:58,2026-05-27 04:26:58,2026-06-05 04:26:58,2998,2998,1744.93,136868.48,0,57240.82,Received
PO002464,SUP00198,PART00195,PLT0021,2026-05-08 03:46:28,2026-06-07 03:46:28,2026-06-05 03:46:28,723,723,3454.05,192993.92,5,12628.46,Received
PO002465,SUP00071,PART01677,PLT0003,2026-01-03 22:57:17,2026-03-04 22:57:17,2026-03-06 22:57:17,2322,1382,3011.54,387770.55,12.5,132657.57,Received
PO002466,SUP00175,PART00721,PLT0022,2026-03-31 14:05:50,2026-04-14 14:05:50,2026-04-13 14:05:50,1799,1799,2615.94,318798.05,15,30355.46,Received
PO002467,SUP00008,PART00250,PLT0021,2026-06-15 07:18:51,2026-06-22 07:18:51,2026-06-21 07:18:51,2040,1697,1034.38,160307.42,0,30245.24,Received
PO002468,SUP00146,PART01724,PLT0019,2026-04-01 18:15:24,2026-04-22 18:15:24,2026-04-22 18:15:24,424,424,120.02,3435.45,7.5,427.17,Received
PO002469,SUP00011,PART00617,PLT0019,2026-04-27 10:34:23,2026-05-07 10:34:23,2026-05-05 10:34:23,4568,4568,2612.32,687511.55,18,153368.62,Received
PO002470,SUP00004,PART00189,PLT0026,2026-04-03 11:04:43,2026-05-03 11:04:43,2026-05-03 11:04:43,1121,1121,3545.16,216038.38,0,49625.35,Received
PO002471,SUP00095,PART00522,PLT0006,2026-03-30 14:43:10,2026-04-20 14:43:10,2026-04-19 14:43:10,4268,4268,3730.02,1180946.55,0,307070.35,Received
PO002472,SUP00001,PART00431,PLT0006,2026-01-23 19:42:20,2026-03-09 19:42:20,2026-03-08 19:42:20,1926,1110,3803.61,391230.87,15,38143.01,Received
PO002473,SUP00171,PART00922,PLT0006,2026-01-23 20:19:56,2026-03-24 20:19:56,2026-04-05 20:19:56,4353,4353,4751.24,905476.22,15,199475.37,Received
PO002474,SUP00065,PART00965,PLT0023,2026-04-07 09:14:58,2026-05-22 09:14:58,2026-05-19 09:14:58,197,197,3204.89,27211.61,10,6965.99,Received
PO002475,SUP00029,PART00007,PLT0021,2026-03-29 05:48:00,2026-05-28 05:48:00,2026-05-27 05:48:00,1377,967,3734.06,150548.36,0,86442.18,Received
PO002476,SUP00155,PART01320,PLT0017,2026-01-25 16:08:17,2026-02-15 16:08:17,2026-02-14 16:08:17,4174,4174,2357.31,762586.01,0,120153.2,Received
PO002477,SUP00177,PART01618,PLT0008,2026-05-29 01:46:32,2026-06-19 01:46:32,2026-06-16 01:46:32,2191,2191,3391.11,244664.54,5,59167.59,Received
PO002478,SUP00152,PART00022,PLT0029,2026-02-28 03:08:20,2026-03-21 03:08:20,2026-03-19 03:08:20,4852,3090,3315.53,482061.35,0,297640.93,Received
PO002479,SUP00127,PART00821,PLT0021,2026-03-19 02:35:08,2026-03-29 02:35:08,2026-03-27 02:35:08,4498,4498,2104.11,320808.9,0,76052.82,Received
PO002480,SUP00100,PART01338,PLT0029,2026-02-21 09:14:12,2026-04-07 09:14:12,2026-04-05 09:14:12,4318,4318,3408.16,539019.39,18,93796.45,Received
PO002481,SUP00111,PART01979,PLT0016,2026-05-08 17:40:52,2026-05-18 17:40:52,2026-05-15 17:40:52,2929,2929,2337.88,534200.91,0,46394.72,Received
PO002482,SUP00126,PART01787,PLT0012,2026-05-26 12:16:39,2026-06-16 12:16:39,2026-06-16 12:16:39,3931,3931,598.37,49722.11,18,36823.15,Received
PO002483,SUP00110,PART01920,PLT0007,2026-06-03 06:19:58,2026-06-17 06:19:58,2026-06-17 06:19:58,731,731,4682.62,217691.15,10,64645.81,Received
PO002484,SUP00097,PART01511,PLT0026,2026-04-18 06:45:57,2026-04-28 06:45:57,2026-05-10 06:45:57,3099,3099,2798.49,307705.7,0,124363.71,Received
PO002485,SUP00092,PART01023,PLT0018,2026-02-08 07:38:27,2026-03-25 07:38:27,2026-03-29 07:38:27,3409,3409,699.65,146352.18,10,32540.03,Received
PO002486,SUP00188,PART00363,PLT0015,2026-03-19 14:57:56,2026-05-18 14:57:56,2026-05-15 14:57:56,3951,3951,1096.62,234303.45,10,72897.12,Received
PO002487,SUP00019,PART00870,PLT0002,2026-02-10 12:14:00,2026-04-11 12:14:00,2026-04-16 12:14:00,781,781,2847.48,177699.69,0,30628.11,Received
PO002488,SUP00003,PART00450,PLT0024,2026-06-08 01:38:03,2026-06-18 01:38:03,2026-06-19 01:38:03,4536,4536,4020.46,1239498.13,0,209455.11,Received
PO002489,SUP00016,PART01006,PLT0027,2026-01-26 07:08:10,2026-02-16 07:08:10,2026-02-16 07:08:10,4064,4064,799.31,87378.24,0,17857.63,Received
PO002490,SUP00183,PART00153,PLT0002,2026-02-13 11:39:14,2026-03-15 11:39:14,2026-03-13 11:39:14,2572,2572,333.41,17162.06,7.5,6647.09,Received
PO002491,SUP00102,PART00407,PLT0013,2026-02-18 18:16:38,2026-03-11 18:16:38,2026-03-10 18:16:38,661,661,3836.71,139741.17,0,15991.07,Received
PO002492,SUP00172,PART01769,PLT0023,2026-04-12 20:41:39,2026-04-22 20:41:39,2026-04-24 20:41:39,3199,3199,3038.83,723704.24,7.5,168981.76,Received
PO002493,SUP00123,PART01441,PLT0019,2026-01-04 14:26:26,2026-03-05 14:26:26,2026-03-05 14:26:26,2856,1898,342.48,50685.29,0,10486.75,Received
PO002494,SUP00099,PART01255,PLT0018,2026-03-15 23:04:34,2026-05-14 23:04:34,2026-05-13 23:04:34,3221,3221,4928.9,1248940.03,12.5,107521.26,Received
PO002495,SUP00076,PART01640,PLT0005,2026-05-28 21:39:53,2026-06-11 21:39:53,2026-06-10 21:39:53,3591,3591,4270.94,927541.74,0,160386.13,Received
PO002496,SUP00063,PART01635,PLT0012,2026-04-21 05:16:19,2026-05-21 05:16:19,2026-05-20 05:16:19,2236,1657,1228.4,132221.71,10,28644.48,Received
PO002497,SUP00156,PART01396,PLT0014,2026-05-01 00:22:48,2026-05-11 00:22:48,2026-05-08 00:22:48,3874,3874,4873.43,508578.44,10,181694.47,Received
PO002498,SUP00004,PART01266,PLT0003,2026-04-01 14:15:22,2026-05-01 14:15:22,2026-04-30 14:15:22,1548,1548,3359.44,369244.2,0,89745.32,Received
PO002499,SUP00041,PART01200,PLT0013,2026-04-09 15:20:30,2026-04-19 15:20:30,2026-04-16 15:20:30,564,564,3895.15,143611.81,10,33179.8,Received
PO002500,SUP00190,PART00971,PLT0006,2026-03-09 08:03:36,2026-05-08 08:03:36,2026-05-05 08:03:36,4892,4892,3921.03,628243.87,5,381579.04,Received
PO002501,SUP00075,PART00841,PLT0008,2026-02-22 17:28:37,2026-04-23 17:28:37,2026-04-24 17:28:37,1428,1428,349.04,14465.83,12.5,8769.79,Received
PO002502,SUP00039,PART01347,PLT0013,2026-06-21 20:29:45,2026-07-05 20:29:45,2026-07-19 20:29:45,2922,2922,3237.6,648108.86,7.5,151650.72,In Transit
PO002503,SUP00008,PART01061,PLT0014,2026-05-08 08:21:18,2026-05-15 08:21:18,2026-05-12 08:21:18,2174,2174,3627.63,457263.66,15,127514.11,Received
PO002504,SUP00146,PART00714,PLT0011,2026-06-13 11:48:52,2026-07-04 11:48:52,2026-07-03 11:48:52,2303,2070,3149.55,520882.59,0,114266.77,Received
PO002505,SUP00194,PART00265,PLT0008,2026-01-05 13:36:04,2026-01-26 13:36:04,2026-01-25 13:36:04,3676,3676,4368.73,899826.28,0,214993.87,Received
PO002506,SUP00038,PART00558,PLT0021,2026-04-12 19:02:03,2026-06-11 19:02:03,2026-06-09 19:02:03,1909,1909,2651.54,179804.37,0,43305.39,Received
PO002507,SUP00065,PART01648,PLT0026,2026-03-09 20:18:39,2026-04-23 20:18:39,2026-04-23 20:18:39,3998,3998,975.17,165601.86,18,32120.4,Received
PO002508,SUP00133,PART01493,PLT0017,2026-03-14 05:03:21,2026-04-28 05:03:21,2026-05-08 05:03:21,1594,1594,4668.15,419895.56,5,82641.77,Received
PO002509,SUP00053,PART00777,PLT0009,2026-05-24 18:12:05,2026-07-08 18:12:05,2026-07-06 18:12:05,289,289,1832.79,25168.04,0,10336.03,Received
PO002510,SUP00021,PART01792,PLT0008,2026-01-17 23:07:56,2026-02-16 23:07:56,2026-02-13 23:07:56,1839,1839,2403.56,350809.88,7.5,77690.56,Received
PO002511,SUP00165,PART00643,PLT0003,2026-01-09 21:51:39,2026-02-23 21:51:39,2026-03-10 21:51:39,1206,1206,4557.87,280289.72,18,64748.54,Received
PO002512,SUP00160,PART01190,PLT0013,2026-02-09 23:54:54,2026-02-16 23:54:54,2026-02-14 23:54:54,3282,3282,2830.05,546733.93,7.5,142805.09,Received
PO002513,SUP00105,PART01615,PLT0028,2026-03-18 12:37:08,2026-04-08 12:37:08,2026-04-20 12:37:08,355,355,224.48,5661.67,0,1478.37,Received
PO002514,SUP00092,PART00402,PLT0026,2026-04-21 18:08:46,2026-06-05 18:08:46,2026-06-03 18:08:46,963,963,4444.18,123248.95,0,66895.34,Received
PO002515,SUP00132,PART01552,PLT0018,2026-02-25 02:01:52,2026-03-11 02:01:52,2026-03-13 02:01:52,487,200,3759.36,105632.37,12.5,10387.66,Received
PO002516,SUP00150,PART01646,PLT0017,2026-01-22 09:27:09,2026-01-29 09:27:09,2026-01-27 09:27:09,991,991,2450.31,190873.63,7.5,33700.54,Received
PO002517,SUP00127,PART00945,PLT0015,2026-04-20 20:43:57,2026-04-30 20:43:57,2026-04-29 20:43:57,4296,4296,65.98,9683.66,0,3233.24,Received
PO002518,SUP00078,PART00539,PLT0008,2026-02-11 17:47:58,2026-04-12 17:47:58,2026-04-20 17:47:58,3090,3090,1122.73,266398.52,18,48051.11,Received
PO002519,SUP00026,PART01751,PLT0010,2026-01-05 10:50:49,2026-03-06 10:50:49,2026-03-21 10:50:49,2867,2867,4897.53,928293.61,0,156537.34,Received
PO002520,SUP00087,PART00380,PLT0024,2026-04-01 17:58:20,2026-05-16 17:58:20,2026-05-13 17:58:20,4374,4374,2832.88,569525.71,15,73192.98,Received
PO002521,SUP00131,PART00174,PLT0020,2026-06-14 07:17:29,2026-07-05 07:17:29,2026-07-14 07:17:29,1030,751,953.22,33724.74,12.5,18494.09,Received
PO002522,SUP00157,PART01766,PLT0006,2026-04-21 16:19:27,2026-06-05 16:19:27,2026-06-04 16:19:27,4080,4080,3490.92,595852.99,18,277465.39,Received
PO002523,SUP00096,PART01965,PLT0021,2026-01-20 21:28:13,2026-01-30 21:28:13,2026-01-29 21:28:13,2085,2085,4203.08,666987.94,15,44997.75,Received
PO002524,SUP00113,PART01877,PLT0022,2026-04-09 01:35:01,2026-06-08 01:35:01,2026-06-08 01:35:01,4058,4058,2353.57,625668.99,12.5,168813.35,Received
PO002525,SUP00163,PART00744,PLT0003,2026-06-22 03:08:44,2026-06-29 03:08:44,2026-06-26 03:08:44,2239,2239,4728.85,234508.72,15,136749.6,Received
PO002526,SUP00077,PART01559,PLT0017,2026-05-13 04:26:00,2026-06-27 04:26:00,2026-06-24 04:26:00,4399,4399,987.25,220348.19,5,74189.8,Received
PO002527,SUP00188,PART00466,PLT0008,2026-04-11 11:55:57,2026-06-10 11:55:57,2026-06-16 11:55:57,3838,3838,2670.78,776797.78,10,152721.63,Received
PO002528,SUP00139,PART01413,PLT0021,2026-01-02 09:44:08,2026-01-16 09:44:08,2026-01-31 09:44:08,2198,2198,2233.71,239360.04,18,28801.92,Received
PO002529,SUP00165,PART00020,PLT0006,2026-01-23 20:26:51,2026-03-09 20:26:51,2026-03-18 20:26:51,4195,4195,4904.73,1230265.89,12.5,350888.38,Received
PO002530,SUP00076,PART00524,PLT0007,2026-05-24 13:39:14,2026-06-07 13:39:14,2026-06-14 13:39:14,4084,4084,4862.62,785169.3,18,346130.28,Received
PO002531,SUP00041,PART01941,PLT0008,2026-02-21 21:00:53,2026-03-03 21:00:53,2026-03-12 21:00:53,4653,4653,1868.74,643970.05,5,46600.65,Received
PO002532,SUP00117,PART00381,PLT0020,2026-01-07 12:56:01,2026-02-21 12:56:01,2026-02-19 12:56:01,3619,3619,234.48,53286.57,10,6209.7,Received
PO002533,SUP00157,PART01268,PLT0019,2026-01-11 12:03:16,2026-02-25 12:03:16,2026-02-23 12:03:16,1352,1352,1343.34,135714.96,0,33570.55,Received
PO002534,SUP00183,PART01243,PLT0019,2026-05-08 20:20:59,2026-06-07 20:20:59,2026-06-04 20:20:59,1654,1654,2459.94,315586.52,0,75897.55,Received
PO002535,SUP00109,PART00733,PLT0027,2026-03-19 14:02:26,2026-03-29 14:02:26,2026-03-29 14:02:26,2055,2055,2047.18,234893.34,0,71723.06,Received
PO002536,SUP00022,PART00563,PLT0025,2026-01-12 16:11:09,2026-02-26 16:11:09,2026-03-09 16:11:09,3842,3842,2450.44,280565.57,0,67686.6,Received
PO002537,SUP00030,PART01996,PLT0020,2026-04-29 07:20:52,2026-05-29 07:20:52,2026-05-29 07:20:52,4624,2679,238.73,23534.33,0,8839.01,Received
PO002538,SUP00004,PART01360,PLT0017,2026-01-28 04:35:38,2026-02-27 04:35:38,2026-02-24 04:35:38,4286,4286,2929.91,935715.79,7.5,162309.2,Received
PO002539,SUP00082,PART00254,PLT0025,2026-05-15 14:09:54,2026-05-25 14:09:54,2026-05-24 14:09:54,508,300,2889.49,76095.67,15,12128.52,Received
PO002540,SUP00061,PART01057,PLT0011,2026-03-28 02:41:48,2026-04-07 02:41:48,2026-04-04 02:41:48,4965,4965,2308.24,369878.04,18,219095.36,Received
PO002541,SUP00022,PART00307,PLT0008,2026-05-20 04:01:04,2026-07-04 04:01:04,2026-07-02 04:01:04,1989,1989,3807.93,199185.47,0,98740.08,Received
PO002542,SUP00050,PART00995,PLT0004,2026-05-12 17:59:54,2026-06-11 17:59:54,2026-06-10 17:59:54,3626,3149,3083.5,617322.71,0,140504.83,Received
PO002543,SUP00054,PART00378,PLT0027,2026-03-12 08:36:37,2026-04-26 08:36:37,2026-04-23 08:36:37,3480,3480,1093.06,254882.78,0,38221.65,Received
PO002544,SUP00009,PART00693,PLT0018,2026-01-08 23:09:39,2026-01-15 23:09:39,2026-01-15 23:09:39,4761,4761,3847.16,1164976.86,10,323731.78,Received
PO002545,SUP00173,PART00536,PLT0023,2026-04-08 10:35:40,2026-04-18 10:35:40,2026-04-18 10:35:40,2823,2823,4286.27,756457.74,7.5,153520.3,Received
PO002546,SUP00027,PART00576,PLT0018,2026-05-24 14:05:29,2026-05-31 14:05:29,2026-05-29 14:05:29,299,299,2971.65,25033.09,7.5,8282.46,Received
PO002547,SUP00015,PART01457,PLT0009,2026-01-08 23:24:18,2026-01-15 23:24:18,2026-01-13 23:24:18,269,269,4761.06,90983.26,10,13063.46,Received
PO002548,SUP00175,PART00721,PLT0019,2026-05-16 11:50:23,2026-05-30 11:50:23,2026-05-29 11:50:23,3066,2083,2615.94,197850.45,0,101193.05,Received
PO002549,SUP00015,PART01457,PLT0004,2026-05-09 22:41:02,2026-05-16 22:41:02,2026-05-13 22:41:02,2751,2751,4761.06,865210.86,15,188787.04,Received
PO002550,SUP00096,PART01912,PLT0015,2026-02-22 17:19:31,2026-03-04 17:19:31,2026-03-03 17:19:31,3080,3080,777.04,149537.99,0,19750.27,Received
PO002551,SUP00047,PART00916,PLT0004,2026-06-15 08:23:53,2026-06-29 08:23:53,2026-06-28 08:23:53,4002,4002,3896.64,887968.94,0,193399.57,Received
PO002552,SUP00138,PART01455,PLT0009,2026-06-19 17:54:29,2026-07-03 17:54:29,2026-07-01 17:54:29,4963,3479,459.67,88133.67,12.5,27211.11,Received
PO002553,SUP00016,PART00543,PLT0029,2026-05-20 17:42:31,2026-06-10 17:42:31,2026-06-12 17:42:31,3624,3624,1495.89,172655.04,10,91190.48,Received
PO002554,SUP00094,PART01349,PLT0027,2026-04-05 20:56:34,2026-04-26 20:56:34,2026-04-24 20:56:34,3032,3032,1798.43,221441.81,0,103341.88,Received
PO002555,SUP00061,PART01590,PLT0014,2026-03-25 16:15:34,2026-04-04 16:15:34,2026-04-04 16:15:34,3126,3126,1970.79,412361.49,0,76160.21,Received
PO002556,SUP00110,PART01391,PLT0015,2026-03-19 03:33:21,2026-04-02 03:33:21,2026-04-02 03:33:21,2368,2368,164.69,29992.31,5,3566.26,Received
PO002557,SUP00173,PART01016,PLT0029,2026-05-04 16:29:34,2026-05-14 16:29:34,2026-05-15 16:29:34,2826,2826,1502.18,177754.31,18,36550.39,Received
PO002558,SUP00098,PART00593,PLT0011,2026-03-11 01:25:56,2026-05-10 01:25:56,2026-05-08 01:25:56,3028,2545,4811.74,1129071.32,12.5,289673.03,Received
PO002559,SUP00030,PART01958,PLT0021,2026-02-11 16:31:34,2026-03-13 16:31:34,2026-03-10 16:31:34,3446,3446,3551.57,284404.51,10,200462.9,Received
PO002560,SUP00011,PART00617,PLT0025,2026-05-25 10:26:36,2026-06-04 10:26:36,2026-06-04 10:26:36,4168,4168,2612.32,686523.56,7.5,87255.95,Received
PO002561,SUP00137,PART00970,PLT0002,2026-03-13 22:55:11,2026-03-27 22:55:11,2026-04-07 22:55:11,3912,3912,781.15,201556.88,0,43962.22,Received
PO002562,SUP00006,PART01185,PLT0014,2026-04-24 05:18:27,2026-05-01 05:18:27,2026-04-28 05:18:27,4604,4604,2798.61,293432.66,5,232636.45,Received
PO002563,SUP00034,PART01368,PLT0021,2026-03-23 14:25:56,2026-04-22 14:25:56,2026-04-20 14:25:56,250,104,4024.18,42564.09,18,8001.63,Received
PO002564,SUP00070,PART00160,PLT0002,2026-01-21 23:26:30,2026-03-07 23:26:30,2026-03-06 23:26:30,1468,1468,985.53,64169.27,0,7949.46,Received
PO002565,SUP00004,PART01450,PLT0006,2026-05-14 04:51:47,2026-06-13 04:51:47,2026-06-12 04:51:47,1828,1166,951.03,86900.59,0,13515.16,Received
PO002566,SUP00106,PART00004,PLT0021,2026-05-10 22:17:03,2026-05-20 22:17:03,2026-05-29 22:17:03,4641,4641,4548.59,1079261.69,0,282746.69,Received
PO002567,SUP00019,PART01259,PLT0006,2026-04-13 13:39:09,2026-06-12 13:39:09,2026-06-09 13:39:09,4307,4307,3179.04,894852.42,15,157242.47,Received
PO002568,SUP00182,PART00508,PLT0023,2026-02-23 00:07:41,2026-03-25 00:07:41,2026-04-07 00:07:41,1156,1156,1497.77,91108.57,7.5,21967.51,Received
PO002569,SUP00004,PART00189,PLT0005,2026-02-27 01:53:18,2026-03-29 01:53:18,2026-03-26 01:53:18,3613,3613,3545.16,469894.06,12.5,123018.39,Received
PO002570,SUP00177,PART01737,PLT0000,2026-02-20 00:46:10,2026-03-13 00:46:10,2026-03-12 00:46:10,1413,1413,2227.38,176110.46,12.5,34925.38,Received
PO002571,SUP00007,PART00905,PLT0019,2026-06-02 09:52:42,2026-06-16 09:52:42,2026-06-16 09:52:42,4552,4552,3130.83,990301.32,7.5,129537.82,Received
PO002572,SUP00081,PART01160,PLT0005,2026-03-02 09:49:53,2026-03-23 09:49:53,2026-03-20 09:49:53,773,773,810.47,48235.2,12.5,10795.55,Received
PO002573,SUP00078,PART00444,PLT0025,2026-04-21 11:54:10,2026-06-20 11:54:10,2026-06-18 11:54:10,2092,2092,4823.35,399805.63,12.5,111505.81,Received
PO002574,SUP00100,PART01338,PLT0004,2026-02-08 01:21:09,2026-03-25 01:21:09,2026-03-25 01:21:09,1300,1300,3408.16,299218.12,0,78436.64,Received
PO002575,SUP00021,PART01922,PLT0018,2026-06-06 08:31:19,2026-07-06 08:31:19,2026-07-03 08:31:19,3248,3248,1352.89,350480.25,18,26181.21,Received
PO002576,SUP00048,PART01837,PLT0003,2026-05-09 09:49:34,2026-05-23 09:49:34,2026-05-26 09:49:34,1189,1189,929.21,74510.05,5,16544.66,Received
PO002577,SUP00010,PART01331,PLT0020,2026-05-06 08:43:25,2026-07-05 08:43:25,2026-07-02 08:43:25,4639,4639,4976.03,718929.56,0,193865.77,Received
PO002578,SUP00030,PART00425,PLT0007,2026-04-05 08:47:10,2026-05-05 08:47:10,2026-05-03 08:47:10,486,374,4130.85,47899.79,18,22495.29,Received
PO002579,SUP00047,PART01883,PLT0009,2026-05-18 06:07:56,2026-06-01 06:07:56,2026-06-10 06:07:56,2726,2726,3097.12,292764.59,7.5,141908.71,Received
PO002580,SUP00175,PART00671,PLT0018,2026-03-16 18:25:35,2026-03-30 18:25:35,2026-03-28 18:25:35,3731,3731,4640.6,1023323.82,10,301007.34,Received
PO002581,SUP00107,PART00942,PLT0016,2026-03-16 19:58:06,2026-04-06 19:58:06,2026-04-06 19:58:06,493,288,898.44,31440.91,0,8304.27,Received
PO002582,SUP00044,PART01304,PLT0023,2026-04-04 00:11:49,2026-06-03 00:11:49,2026-06-01 00:11:49,2142,1167,4368.16,730627.9,5,70026.02,Received
PO002583,SUP00045,PART00074,PLT0011,2026-03-21 19:48:12,2026-04-11 19:48:12,2026-04-08 19:48:12,2959,2959,3802.28,394667.72,7.5,86222.46,Received
PO002584,SUP00198,PART00125,PLT0009,2026-01-30 07:21:50,2026-03-01 07:21:50,2026-02-26 07:21:50,3679,3679,4058.43,939479.12,10,105402.46,Received
PO002585,SUP00108,PART00511,PLT0010,2026-01-17 01:58:43,2026-03-18 01:58:43,2026-03-18 01:58:43,4732,2797,4043.26,1466395.46,0,326537.86,Received
PO002586,SUP00049,PART00837,PLT0011,2026-05-02 19:39:38,2026-05-09 19:39:38,2026-05-08 19:39:38,2643,1852,4028.6,244678.68,0,153204.12,Received
PO002587,SUP00070,PART00384,PLT0029,2026-02-06 01:05:49,2026-03-23 01:05:49,2026-04-04 01:05:49,4659,4659,799.09,282005.7,12.5,41553.26,Received
PO002588,SUP00145,PART00419,PLT0005,2026-04-06 03:25:07,2026-06-05 03:25:07,2026-06-05 03:25:07,2336,2336,2556.36,192689.33,0,29998.37,Received
PO002589,SUP00182,PART00083,PLT0029,2026-05-25 11:13:14,2026-06-24 11:13:14,2026-07-04 11:13:14,684,684,4055.78,137220.54,0,29002.27,Received
PO002590,SUP00137,PART00259,PLT0019,2026-01-16 19:55:04,2026-01-30 19:55:04,2026-01-28 19:55:04,3811,2895,1502.94,400982.36,7.5,78502.09,Received
PO002591,SUP00145,PART01570,PLT0013,2026-03-12 06:20:27,2026-05-11 06:20:27,2026-05-11 06:20:27,2784,2784,1501.69,202282.96,0,42936.71,Received
PO002592,SUP00111,PART01270,PLT0013,2026-01-19 13:54:46,2026-01-29 13:54:46,2026-02-11 13:54:46,2425,2425,3733.44,671902.86,18,156848.65,Received
PO002593,SUP00084,PART00091,PLT0009,2026-07-02 22:51:35,2026-07-09 22:51:35,2026-07-20 22:51:35,4014,4014,1551.36,459632.79,10,42671.86,In Transit
PO002594,SUP00015,PART00082,PLT0013,2026-01-15 21:57:49,2026-01-22 21:57:49,2026-01-21 21:57:49,1196,1196,3027.0,191823.27,15,33714.01,Received
PO002595,SUP00101,PART01645,PLT0029,2026-02-09 01:30:10,2026-04-10 01:30:10,2026-04-12 01:30:10,2364,1256,2025.75,335519.79,0,44303.19,Received
PO002596,SUP00088,PART00169,PLT0019,2026-01-25 12:24:33,2026-02-24 12:24:33,2026-02-23 12:24:33,762,762,4308.12,149363.89,10,36019.24,Received
PO002597,SUP00064,PART00088,PLT0005,2026-02-13 01:01:40,2026-04-14 01:01:40,2026-04-14 01:01:40,3440,2018,2792.03,204868.06,0,84118.87,Received
PO002598,SUP00066,PART00667,PLT0010,2026-03-07 16:55:41,2026-04-21 16:55:41,2026-04-18 16:55:41,1187,915,2876.94,151318.69,15,55358.87,Received
PO002599,SUP00175,PART00294,PLT0014,2026-05-21 14:11:34,2026-06-04 14:11:34,2026-06-04 14:11:34,113,67,1359.12,9967.31,12.5,2034.62,Received
PO002600,SUP00093,PART00085,PLT0013,2026-04-23 10:33:21,2026-04-30 10:33:21,2026-04-27 10:33:21,672,672,2622.72,137980.57,0,27260.73,Received
PO002601,SUP00100,PART00187,PLT0027,2026-03-16 09:14:33,2026-04-30 09:14:33,2026-04-29 09:14:33,1526,916,4657.19,481451.12,5,116578.36,Received
PO002602,SUP00032,PART01882,PLT0007,2026-01-04 05:49:06,2026-02-18 05:49:06,2026-02-16 05:49:06,2283,2283,2609.9,381603.21,10,116336.4,Received
PO002603,SUP00112,PART01783,PLT0027,2026-03-23 06:50:00,2026-04-22 06:50:00,2026-04-22 06:50:00,3673,3673,547.93,62994.18,0,31383.57,Received
PO002604,SUP00168,PART00465,PLT0001,2026-01-29 17:17:25,2026-02-12 17:17:25,2026-02-09 17:17:25,2221,2221,4870.03,559196.34,10,155984.56,Received
PO002605,SUP00121,PART01401,PLT0010,2026-05-24 12:59:39,2026-05-31 12:59:39,2026-05-31 12:59:39,1218,1218,3847.25,179355.83,0,46132.75,Received
PO002606,SUP00130,PART00624,PLT0017,2026-04-08 22:47:14,2026-06-07 22:47:14,2026-06-05 22:47:14,857,857,4194.89,119647.52,7.5,39078.81,Received
PO002607,SUP00092,PART00747,PLT0023,2026-02-18 02:53:32,2026-04-04 02:53:32,2026-04-01 02:53:32,1713,1713,3077.87,107508.23,15,82407.6,Received
PO002608,SUP00128,PART00754,PLT0022,2026-02-28 18:28:29,2026-03-21 18:28:29,2026-03-21 18:28:29,73,73,2533.66,9694.63,7.5,1256.37,Received
PO002609,SUP00137,PART01579,PLT0008,2026-02-15 07:11:50,2026-03-01 07:11:50,2026-02-26 07:11:50,320,320,789.39,7275.86,15,1303.66,Received
PO002610,SUP00111,PART01979,PLT0023,2026-02-22 08:12:54,2026-03-04 08:12:54,2026-03-04 08:12:54,1556,1556,2337.88,225555.46,0,48298.26,Received
PO002611,SUP00066,PART01392,PLT0026,2026-02-13 11:47:53,2026-03-30 11:47:53,2026-04-14 11:47:53,4681,4681,607.84,72703.29,18,30193.4,Received
PO002612,SUP00112,PART01083,PLT0003,2026-03-30 03:51:19,2026-04-29 03:51:19,2026-04-26 03:51:19,3121,3121,2435.09,427559.01,15,146508.11,Received
PO002613,SUP00162,PART00484,PLT0022,2026-05-31 08:10:35,2026-06-07 08:10:35,2026-06-07 08:10:35,616,478,1737.32,67707.15,0,17783.1,Received
PO002614,SUP00199,PART01242,PLT0024,2026-04-17 10:46:46,2026-05-01 10:46:46,2026-05-01 10:46:46,4048,4048,169.13,54566.72,12.5,6375.92,Received
PO002615,SUP00092,PART01023,PLT0000,2026-04-11 19:19:52,2026-05-26 19:19:52,2026-05-24 19:19:52,2507,2507,699.65,71955.5,7.5,33188.12,Received
PO002616,SUP00057,PART01781,PLT0011,2026-01-29 23:31:06,2026-02-28 23:31:06,2026-03-06 23:31:06,4727,4727,782.37,260565.61,15,19681.47,Received
PO002617,SUP00032,PART01018,PLT0027,2026-03-16 05:10:10,2026-04-30 05:10:10,2026-05-01 05:10:10,4773,4773,3059.4,449693.19,0,175735.56,Received
PO002618,SUP00169,PART01803,PLT0020,2026-03-04 04:52:58,2026-05-03 04:52:58,2026-05-02 04:52:58,3737,3737,912.85,203649.97,0,38070.5,Received
PO002619,SUP00021,PART01556,PLT0004,2026-05-03 15:22:33,2026-06-02 15:22:33,2026-06-02 15:22:33,1043,1043,3228.55,170901.03,0,54189.72,Received
PO002620,SUP00087,PART00054,PLT0019,2026-02-12 18:34:43,2026-03-29 18:34:43,2026-03-29 18:34:43,4863,4863,1079.59,290716.25,0,90399.1,Received
PO002621,SUP00173,PART00137,PLT0020,2026-04-01 18:01:28,2026-04-11 18:01:28,2026-04-10 18:01:28,1163,1163,1819.74,93909.09,0,27323.71,Received
PO002622,SUP00019,PART00705,PLT0029,2026-05-10 18:37:48,2026-07-09 18:37:48,2026-07-06 18:37:48,3858,3858,1829.66,501658.43,0,44254.64,Received
PO002623,SUP00100,PART01374,PLT0018,2026-04-01 03:04:35,2026-05-16 03:04:35,2026-05-13 03:04:35,4199,4199,1010.69,329032.32,0,57069.77,Received
PO002624,SUP00030,PART00874,PLT0020,2026-05-08 09:21:30,2026-06-07 09:21:30,2026-06-04 09:21:30,2556,2556,4399.56,875427.02,15,90346.85,Received
PO002625,SUP00133,PART00651,PLT0019,2026-03-12 07:07:17,2026-04-26 07:07:17,2026-04-26 07:07:17,4906,4906,2629.35,373543.56,10,231932.2,Received
PO002626,SUP00122,PART01846,PLT0027,2026-01-24 07:49:47,2026-03-10 07:49:47,2026-03-16 07:49:47,3337,3337,4078.25,1029494.05,15,230759.08,Received
PO002627,SUP00013,PART01496,PLT0016,2026-06-01 22:24:53,2026-06-22 22:24:53,2026-06-21 22:24:53,2931,2931,3206.63,467669.81,0,106827.08,Received
PO002628,SUP00123,PART01529,PLT0008,2026-04-12 22:24:12,2026-06-11 22:24:12,2026-06-08 22:24:12,1599,1599,2335.35,101716.02,0,59606.97,Received
PO002629,SUP00182,PART01003,PLT0023,2026-04-07 10:29:55,2026-05-07 10:29:55,2026-05-04 10:29:55,2361,2361,2542.21,338718.38,10,107737.21,Received
PO002630,SUP00170,PART01257,PLT0029,2026-05-01 23:09:50,2026-05-15 23:09:50,2026-05-13 23:09:50,4556,4556,2486.17,591527.37,10,122325.03,Received
PO002631,SUP00006,PART01185,PLT0018,2026-04-02 04:50:51,2026-04-09 04:50:51,2026-04-08 04:50:51,2922,2922,2798.61,181261.61,0,115912.61,Received
PO002632,SUP00051,PART00126,PLT0022,2026-03-15 18:46:14,2026-03-22 18:46:14,2026-03-29 18:46:14,4784,4784,1470.75,301786.94,15,46994.17,Received
PO002633,SUP00156,PART00182,PLT0018,2026-03-23 14:24:27,2026-04-02 14:24:27,2026-04-12 14:24:27,1599,1599,4127.43,226626.07,0,54073.9,Received
PO002634,SUP00199,PART00156,PLT0007,2026-05-29 11:33:09,2026-06-12 11:33:09,2026-06-11 11:33:09,374,374,1725.85,28141.69,0,8219.38,Received
PO002635,SUP00097,PART01511,PLT0023,2026-06-02 00:42:20,2026-06-12 00:42:20,2026-06-11 00:42:20,1978,1978,2798.49,220801.93,12.5,84930.89,Received
PO002636,SUP00182,PART00109,PLT0004,2026-04-27 03:55:15,2026-05-27 03:55:15,2026-05-24 03:55:15,2127,2127,1596.83,93176.39,0,45437.66,Received
PO002637,SUP00098,PART00825,PLT0018,2026-05-10 00:34:37,2026-07-09 00:34:37,2026-07-07 00:34:37,3067,3067,4873.12,505850.01,0,254223.88,Received
PO002638,SUP00129,PART00281,PLT0018,2026-02-12 22:03:59,2026-04-13 22:03:59,2026-04-10 22:03:59,4233,4233,3537.31,1113123.93,0,253024.62,Received
PO002639,SUP00037,PART01162,PLT0020,2026-02-23 18:27:41,2026-03-05 18:27:41,2026-03-02 18:27:41,3109,3109,3329.44,607101.79,0,100862.24,Received
PO002640,SUP00177,PART01977,PLT0015,2026-05-15 12:19:26,2026-06-05 12:19:26,2026-06-02 12:19:26,4658,4658,697.13,123522.53,0,60786.31,Received
PO002641,SUP00061,PART01370,PLT0009,2026-02-11 02:30:49,2026-02-21 02:30:49,2026-02-19 02:30:49,1740,1740,2408.18,210241.84,0,25269.81,Received
PO002642,SUP00100,PART00676,PLT0015,2026-03-10 07:07:35,2026-04-24 07:07:35,2026-04-23 07:07:35,3813,3813,213.66,46546.29,18,4496.73,Received
PO002643,SUP00082,PART01612,PLT0006,2026-03-15 21:25:19,2026-03-25 21:25:19,2026-03-23 21:25:19,3742,3742,1165.88,346874.34,0,79536.39,Received
PO002644,SUP00165,PART00525,PLT0006,2026-02-08 17:35:05,2026-03-25 17:35:05,2026-03-22 17:35:05,4439,4439,1350.75,417362.24,15,117804.26,Received
PO002645,SUP00092,PART01651,PLT0016,2026-04-15 07:06:02,2026-05-30 07:06:02,2026-05-30 07:06:02,3324,3324,2391.24,288820.53,7.5,71459.53,Received
PO002646,SUP00085,PART00217,PLT0001,2026-05-20 04:46:53,2026-07-04 04:46:53,2026-07-02 04:46:53,1245,1031,1495.47,103482.7,7.5,26686.99,Received
PO002647,SUP00146,PART00714,PLT0008,2026-06-13 09:38:38,2026-07-04 09:38:38,2026-07-04 09:38:38,61,61,3149.55,9889.37,0,2415.74,Received
PO002648,SUP00151,PART01796,PLT0020,2026-04-30 09:53:13,2026-05-21 09:53:13,2026-05-21 09:53:13,1804,1478,3057.45,395800.01,5,58166.08,Received
PO002649,SUP00082,PART01988,PLT0010,2026-02-10 19:18:37,2026-02-20 19:18:37,2026-02-20 19:18:37,875,875,1994.54,109946.18,0,31110.98,Received
PO002650,SUP00013,PART00613,PLT0014,2026-03-13 17:40:28,2026-04-03 17:40:28,2026-04-03 17:40:28,3425,3425,4752.02,1236645.93,0,175211.22,Received
PO002651,SUP00184,PART00618,PLT0026,2026-03-06 22:03:29,2026-03-20 22:03:29,2026-03-25 22:03:29,3459,1389,706.54,74960.27,0,42665.83,Received
PO002652,SUP00091,PART00699,PLT0022,2026-02-18 16:09:44,2026-03-04 16:09:44,2026-03-03 16:09:44,1230,1230,3680.92,245287.88,0,55928.02,Received
PO002653,SUP00078,PART01761,PLT0002,2026-03-28 09:01:42,2026-05-27 09:01:42,2026-05-25 09:01:42,1926,1926,3180.0,263247.89,0,114990.24,Received
PO002654,SUP00065,PART01641,PLT0019,2026-03-08 02:56:32,2026-04-22 02:56:32,2026-04-27 02:56:32,3918,3918,768.23,190361.33,0,33882.15,Received
PO002655,SUP00082,PART01630,PLT0025,2026-02-18 12:19:01,2026-02-28 12:19:01,2026-03-09 12:19:01,680,680,3042.28,113130.42,10,13706.17,Received
PO002656,SUP00132,PART00388,PLT0010,2026-01-26 21:58:35,2026-02-09 21:58:35,2026-02-09 21:58:35,1502,1502,394.3,17901.84,7.5,8585.46,Received
PO002657,SUP00181,PART00998,PLT0010,2026-03-19 13:09:09,2026-04-02 13:09:09,2026-04-02 13:09:09,2814,2814,2280.64,384212.61,0,82992.19,Received
PO002658,SUP00110,PART01954,PLT0029,2026-03-07 04:49:47,2026-03-21 04:49:47,2026-03-20 04:49:47,1838,1838,1678.77,142199.02,10,49252.91,Received
PO002659,SUP00198,PART00025,PLT0004,2026-04-11 13:32:08,2026-05-11 13:32:08,2026-05-11 13:32:08,2743,2148,4066.2,811491.56,18,75271.01,Received
PO002660,SUP00110,PART01324,PLT0019,2026-01-20 04:55:32,2026-02-03 04:55:32,2026-01-31 04:55:32,4545,4545,452.79,48510.92,10,15774.42,Received
PO002661,SUP00128,PART01644,PLT0009,2026-04-26 01:56:35,2026-05-17 01:56:35,2026-05-17 01:56:35,4841,3648,4581.08,580120.43,7.5,164120.64,Received
PO002662,SUP00091,PART01193,PLT0029,2026-04-28 23:38:28,2026-05-12 23:38:28,2026-05-12 23:38:28,2427,2427,2307.91,114324.67,0,46188.22,Received
PO002663,SUP00192,PART01051,PLT0011,2026-03-19 01:05:20,2026-05-18 01:05:20,2026-05-28 01:05:20,1602,1602,2383.78,141565.73,0,42705.13,Received
PO002664,SUP00126,PART00315,PLT0000,2026-01-24 10:31:55,2026-02-14 10:31:55,2026-02-28 10:31:55,300,300,4721.39,53991.33,0,10314.63,Received
PO002665,SUP00157,PART01268,PLT0028,2026-04-09 06:32:40,2026-05-24 06:32:40,2026-05-22 06:32:40,3620,3620,1343.34,244077.18,18,52835.58,Received
PO002666,SUP00132,PART00745,PLT0019,2026-02-27 17:29:42,2026-03-13 17:29:42,2026-03-12 17:29:42,3845,3845,58.5,15285.83,0,1959.03,Received
PO002667,SUP00124,PART00789,PLT0014,2026-05-10 17:13:15,2026-06-09 17:13:15,2026-06-09 17:13:15,3460,3460,1778.77,223943.19,0,122734.91,Received
PO002668,SUP00111,PART01979,PLT0010,2026-02-07 03:56:10,2026-02-17 03:56:10,2026-02-17 03:56:10,4635,4635,2337.88,796947.96,0,85175.02,Received
PO002669,SUP00017,PART01059,PLT0010,2026-06-21 09:32:08,2026-07-01 09:32:08,2026-07-01 09:32:08,2993,2993,57.84,12580.16,0,3169.42,Received
PO002670,SUP00156,PART00482,PLT0009,2026-02-05 12:59:06,2026-02-15 12:59:06,2026-02-15 12:59:06,1077,1077,3013.93,206418.69,7.5,35439.99,Received
PO002671,SUP00187,PART01930,PLT0012,2026-04-03 13:10:49,2026-04-24 13:10:49,2026-05-05 13:10:49,2038,992,3321.99,539582.55,10,58924.27,Received
PO002672,SUP00140,PART01710,PLT0024,2026-02-19 03:42:30,2026-04-05 03:42:30,2026-04-02 03:42:30,3662,3662,3483.4,877787.44,15,137422.37,Received
PO002673,SUP00073,PART00636,PLT0024,2026-01-27 03:21:14,2026-03-13 03:21:14,2026-03-12 03:21:14,4883,4883,1338.56,324257.68,12.5,102127.45,Received
PO002674,SUP00062,PART01863,PLT0015,2026-02-28 17:12:40,2026-03-14 17:12:40,2026-03-11 17:12:40,4037,1781,695.42,131749.75,10,21552.97,Received
PO002675,SUP00186,PART00598,PLT0026,2026-05-14 15:00:27,2026-06-28 15:00:27,2026-06-27 15:00:27,1841,1841,4313.57,579302.13,10,141490.65,Received
PO002676,SUP00167,PART00038,PLT0022,2026-05-11 17:24:20,2026-05-25 17:24:20,2026-06-07 17:24:20,4951,4951,500.4,122840.39,0,22928.73,Received
PO002677,SUP00055,PART00946,PLT0025,2026-01-27 17:07:07,2026-02-06 17:07:07,2026-02-05 17:07:07,3591,3591,3041.88,798737.63,12.5,176676.25,Received
PO002678,SUP00154,PART01364,PLT0017,2026-04-26 01:45:57,2026-05-06 01:45:57,2026-05-05 01:45:57,4026,2572,1059.29,270531.7,5,58485.91,Received
PO002679,SUP00084,PART00653,PLT0022,2026-02-05 23:28:06,2026-02-12 23:28:06,2026-02-12 23:28:06,4566,4566,1109.88,383495.76,5,94348.31,Received
PO002680,SUP00042,PART01327,PLT0006,2026-05-11 05:18:18,2026-05-21 05:18:18,2026-05-18 05:18:18,4549,4549,2587.28,599756.42,15,215024.58,Received
PO002681,SUP00026,PART01510,PLT0029,2026-01-08 17:09:45,2026-03-09 17:09:45,2026-03-08 17:09:45,2935,1911,3055.64,529365.98,0,114937.47,Received
PO002682,SUP00027,PART01233,PLT0011,2026-04-23 09:27:55,2026-04-30 09:27:55,2026-04-30 09:27:55,3542,3542,1398.06,275278.94,0,73100.42,Received
PO002683,SUP00103,PART00652,PLT0007,2026-03-02 16:10:32,2026-03-16 16:10:32,2026-03-16 16:10:32,2885,2885,801.06,111293.57,0,28736.33,Received
PO002684,SUP00020,PART00767,PLT0000,2026-04-19 11:13:01,2026-06-18 11:13:01,2026-06-16 11:13:01,4689,4689,3895.8,998717.83,12.5,145541.84,Received
PO002685,SUP00038,PART00709,PLT0014,2026-03-15 09:04:14,2026-05-14 09:04:14,2026-05-11 09:04:14,1076,1076,2575.13,94931.21,0,47597.49,Received
PO002686,SUP00004,PART01867,PLT0018,2026-03-11 14:16:44,2026-04-10 14:16:44,2026-04-08 14:16:44,4575,4575,1179.79,224212.37,0,40175.24,Received
PO002687,SUP00056,PART00759,PLT0018,2026-03-06 15:00:40,2026-05-05 15:00:40,2026-05-04 15:00:40,1597,1597,342.43,35299.73,0,5613.68,Received
PO002688,SUP00169,PART00197,PLT0018,2026-03-22 06:54:44,2026-05-21 06:54:44,2026-05-19 06:54:44,948,746,1040.67,73995.45,0,13762.2,Received
PO002689,SUP00013,PART01019,PLT0009,2026-03-08 12:44:51,2026-03-29 12:44:51,2026-03-28 12:44:51,3563,3563,1849.27,430776.19,0,126123.84,Received
PO002690,SUP00080,PART00686,PLT0023,2026-01-06 21:51:13,2026-01-20 21:51:13,2026-01-17 21:51:13,1994,1994,4793.5,719685.13,0,67959.1,Received
PO002691,SUP00066,PART00534,PLT0004,2026-03-23 12:27:08,2026-05-07 12:27:08,2026-05-15 12:27:08,4165,4165,1724.52,344531.25,0,142903.39,Received
PO002692,SUP00073,PART00406,PLT0028,2026-05-12 17:42:41,2026-06-26 17:42:41,2026-06-26 17:42:41,1196,1196,4743.66,263705.54,18,97810.37,Received
PO002693,SUP00020,PART01339,PLT0023,2026-04-21 17:20:14,2026-06-20 17:20:14,2026-06-18 17:20:14,2566,2566,4185.7,692799.33,10,195046.4,Received
PO002694,SUP00110,PART01954,PLT0026,2026-01-24 07:15:53,2026-02-07 07:15:53,2026-02-06 07:15:53,3664,3664,1678.77,472886.51,12.5,53283.3,Received
PO002695,SUP00043,PART01754,PLT0015,2026-02-12 05:25:31,2026-04-13 05:25:31,2026-04-11 05:25:31,1736,1736,3039.3,418306.93,0,105232.58,Received
PO002696,SUP00093,PART01031,PLT0012,2026-02-01 10:51:11,2026-02-08 10:51:11,2026-02-09 10:51:11,3588,3588,2057.13,295680.35,7.5,111452.7,Received
PO002697,SUP00007,PART00053,PLT0000,2026-02-15 14:36:11,2026-03-01 14:36:11,2026-03-10 14:36:11,832,832,352.58,6196.29,12.5,2777.29,Received
PO002698,SUP00180,PART01949,PLT0011,2026-05-19 21:22:07,2026-06-02 21:22:07,2026-06-02 21:22:07,414,414,2067.61,42840.61,7.5,5253.25,Received
PO002699,SUP00025,PART00517,PLT0000,2026-04-16 15:05:58,2026-05-16 15:05:58,2026-05-16 15:05:58,1153,1153,4625.02,417817.79,0,60627.82,Received
PO002700,SUP00186,PART01126,PLT0015,2026-04-14 11:46:05,2026-05-29 11:46:05,2026-05-28 11:46:05,1555,1555,4185.76,240130.81,15,116691.99,Received
PO002701,SUP00085,PART01749,PLT0000,2026-02-10 16:55:14,2026-03-27 16:55:14,2026-03-27 16:55:14,2344,2344,1650.14,149624.11,15,34181.62,Received
PO002702,SUP00153,PART01483,PLT0006,2026-03-01 13:43:49,2026-04-15 13:43:49,2026-04-15 13:43:49,405,405,1768.21,17173.11,0,12225.58,Received
PO002703,SUP00158,PART00602,PLT0026,2026-03-18 17:17:29,2026-03-25 17:17:29,2026-03-25 17:17:29,2444,2444,2597.9,173446.26,10,66640.67,Received
PO002704,SUP00160,PART01966,PLT0023,2026-03-30 09:27:20,2026-04-06 09:27:20,2026-04-05 09:27:20,437,437,1378.45,39510.49,0,9198.07,Received
PO002705,SUP00106,PART00261,PLT0021,2026-02-15 01:17:53,2026-02-25 01:17:53,2026-02-23 01:17:53,3517,3517,4574.13,1282659.93,15,111921.22,Received
PO002706,SUP00131,PART00174,PLT0015,2026-03-15 08:32:56,2026-04-05 08:32:56,2026-04-05 08:32:56,4332,4332,953.22,231221.22,18,78929.02,Received
PO002707,SUP00118,PART01135,PLT0015,2026-05-19 21:36:22,2026-05-29 21:36:22,2026-05-26 21:36:22,4073,4073,3950.34,1031882.92,10,289157.04,Received
PO002708,SUP00175,PART00445,PLT0016,2026-04-04 06:44:49,2026-04-18 06:44:49,2026-04-18 06:44:49,1105,1105,4263.15,265632.86,0,61218.79,Received
PO002709,SUP00098,PART01175,PLT0007,2026-04-30 08:49:19,2026-06-29 08:49:19,2026-06-28 08:49:19,391,391,3581.24,68043.2,0,12775.54,Received
PO002710,SUP00016,PART00239,PLT0018,2026-02-19 02:39:30,2026-03-12 02:39:30,2026-03-09 02:39:30,4226,4226,231.22,24496.46,15,17026.09,Received
PO002711,SUP00157,PART00457,PLT0008,2026-01-23 00:48:17,2026-03-09 00:48:17,2026-03-09 00:48:17,4134,2969,2232.83,407660.19,7.5,146938.0,Received
PO002712,SUP00015,PART00082,PLT0007,2026-05-02 15:08:08,2026-05-09 15:08:08,2026-05-09 15:08:08,2899,2442,3027.0,444028.17,5,163286.68,Received
PO002713,SUP00085,PART00217,PLT0024,2026-04-15 17:28:26,2026-05-30 17:28:26,2026-05-29 17:28:26,3255,3255,1495.47,106983.96,7.5,84740.7,Received
PO002714,SUP00185,PART01230,PLT0006,2026-02-15 17:41:16,2026-04-16 17:41:16,2026-04-13 17:41:16,714,714,618.2,17202.04,0,8451.53,Received
PO002715,SUP00188,PART00466,PLT0016,2026-03-02 23:24:30,2026-05-01 23:24:30,2026-05-16 23:24:30,3786,3786,2670.78,795045.38,15,196700.52,Received
PO002716,SUP00033,PART00152,PLT0024,2026-03-10 22:57:29,2026-03-20 22:57:29,2026-03-18 22:57:29,1572,1572,2339.69,271140.25,10,56040.19,Received
PO002717,SUP00151,PART00713,PLT0023,2026-03-07 08:33:23,2026-03-28 08:33:23,2026-03-26 08:33:23,2237,2237,1222.13,179232.8,0,32130.58,Received
PO002718,SUP00182,PART01923,PLT0029,2026-04-11 05:25:36,2026-05-11 05:25:36,2026-05-08 05:25:36,3785,3785,1373.16,405715.89,18,67933.79,Received
PO002719,SUP00120,PART01643,PLT0018,2026-02-01 23:45:19,2026-04-02 23:45:19,2026-04-01 23:45:19,917,917,364.34,7309.11,0,3953.4,Received
PO002720,SUP00158,PART00286,PLT0021,2026-05-10 08:10:38,2026-05-17 08:10:38,2026-05-15 08:10:38,227,227,2624.31,34023.28,15,9768.12,Received
PO002721,SUP00093,PART00139,PLT0003,2026-06-01 21:44:27,2026-06-08 21:44:27,2026-06-05 21:44:27,915,915,340.83,13105.48,15,4073.27,Received
PO002722,SUP00056,PART00031,PLT0028,2026-02-24 06:30:41,2026-04-25 06:30:41,2026-04-25 06:30:41,2594,2594,2970.36,343118.66,0,98835.42,Received
PO002723,SUP00104,PART00526,PLT0008,2026-01-29 22:05:12,2026-02-08 22:05:12,2026-02-11 22:05:12,2444,2444,2211.37,415250.82,15,31829.85,Received
PO002724,SUP00051,PART00529,PLT0018,2026-04-17 12:43:35,2026-04-24 12:43:35,2026-04-24 12:43:35,991,991,872.82,68141.67,18,10334.41,Received
PO002725,SUP00053,PART01594,PLT0000,2026-02-14 20:12:50,2026-03-31 20:12:50,2026-03-29 20:12:50,3844,3844,2053.43,486045.35,7.5,66003.96,Received
PO002726,SUP00165,PART01545,PLT0000,2026-04-01 00:26:35,2026-05-16 00:26:35,2026-05-14 00:26:35,3131,3131,841.33,174807.55,15,39141.71,Received
PO002727,SUP00165,PART00525,PLT0019,2026-05-12 21:50:39,2026-06-26 21:50:39,2026-06-25 21:50:39,517,517,1350.75,54212.22,18,13784.62,Received
PO002728,SUP00128,PART01644,PLT0014,2026-03-27 21:18:58,2026-04-17 21:18:58,2026-04-16 21:18:58,2189,2189,4581.08,545689.03,7.5,120403.4,Received
PO002729,SUP00039,PART00578,PLT0027,2026-04-13 09:50:42,2026-04-27 09:50:42,2026-04-26 09:50:42,534,534,2738.68,66629.9,7.5,12688.14,Received
PO002730,SUP00133,PART00506,PLT0002,2026-02-21 07:40:15,2026-04-07 07:40:15,2026-04-19 07:40:15,3154,3154,2770.24,225544.23,0,65449.35,Received
PO002731,SUP00155,PART00752,PLT0019,2026-01-16 15:58:01,2026-02-06 15:58:01,2026-02-14 15:58:01,515,515,4816.62,89978.9,15,22479.27,Received
PO002732,SUP00016,PART01492,PLT0026,2026-01-31 00:17:16,2026-02-21 00:17:16,2026-02-18 00:17:16,3892,3892,331.48,101081.29,10,10514.19,Received
PO002733,SUP00157,PART00282,PLT0010,2026-01-18 17:59:58,2026-03-04 17:59:58,2026-03-15 17:59:58,1318,1318,306.95,9864.13,10,3587.44,Received
PO002734,SUP00044,PART01304,PLT0002,2026-01-23 01:08:49,2026-03-24 01:08:49,2026-03-24 01:08:49,1176,1176,4368.16,106308.37,0,44782.44,Received
PO002735,SUP00139,PART00823,PLT0020,2026-04-24 05:14:43,2026-05-08 05:14:43,2026-05-08 05:14:43,3003,1492,1336.19,315654.5,7.5,35999.55,Received
PO002736,SUP00110,PART01324,PLT0027,2026-03-24 07:11:54,2026-04-07 07:11:54,2026-04-04 07:11:54,2051,2051,452.79,38941.31,5,12451.71,Received
PO002737,SUP00118,PART01371,PLT0004,2026-03-03 08:29:38,2026-03-13 08:29:38,2026-03-13 08:29:38,1063,1063,958.62,27024.29,10,15306.73,Received
PO002738,SUP00041,PART01272,PLT0018,2026-05-19 22:06:41,2026-05-29 22:06:41,2026-05-27 22:06:41,1210,1210,1338.34,100574.88,18,14782.1,Received
PO002739,SUP00188,PART01693,PLT0010,2026-03-03 02:03:56,2026-05-02 02:03:56,2026-04-30 02:03:56,4435,2753,1888.17,231417.64,10,49410.11,Received
PO002740,SUP00126,PART00218,PLT0008,2026-06-15 08:20:40,2026-07-06 08:20:40,2026-07-04 08:20:40,307,307,4945.55,47811.11,5,15501.77,Received
PO002741,SUP00123,PART00758,PLT0018,2026-02-14 15:49:49,2026-04-15 15:49:49,2026-04-24 15:49:49,508,508,4483.14,175226.7,10,41309.09,Received
PO002742,SUP00046,PART00351,PLT0016,2026-04-11 13:27:23,2026-04-21 13:27:23,2026-04-21 13:27:23,4111,4111,593.72,176643.13,18,15426.84,Received
PO002743,SUP00132,PART01405,PLT0028,2026-06-23 03:45:47,2026-07-07 03:45:47,2026-07-04 03:45:47,1785,1785,4490.84,539500.92,7.5,149749.95,Received
PO002744,SUP00109,PART00733,PLT0005,2026-02-24 11:13:08,2026-03-06 11:13:08,2026-03-03 11:13:08,4083,4083,2047.18,294112.99,7.5,112694.53,Received
PO002745,SUP00133,PART00541,PLT0025,2026-04-25 01:01:07,2026-06-09 01:01:07,2026-06-07 01:01:07,3549,3549,1094.95,90046.58,12.5,19937.54,Received
PO002746,SUP00077,PART01163,PLT0017,2026-04-10 05:35:29,2026-05-25 05:35:29,2026-06-01 05:35:29,2488,2488,2701.63,185210.89,15,70324.09,Received
PO002747,SUP00092,PART00747,PLT0025,2026-02-10 08:51:00,2026-03-27 08:51:00,2026-03-26 08:51:00,4657,4657,3077.87,847049.82,7.5,212114.52,Received
PO002748,SUP00053,PART00777,PLT0000,2026-04-24 04:05:22,2026-06-08 04:05:22,2026-06-08 04:05:22,231,124,1832.79,20350.47,10,3725.36,Received
PO002749,SUP00166,PART00725,PLT0023,2026-02-08 11:17:06,2026-03-01 11:17:06,2026-03-01 11:17:06,808,808,4485.36,85627.54,5,25804.21,Received
PO002750,SUP00112,PART01294,PLT0023,2026-02-19 02:28:13,2026-03-21 02:28:13,2026-03-18 02:28:13,4667,4667,4297.79,1547096.13,10,301396.96,Received
PO002751,SUP00083,PART01828,PLT0025,2026-01-21 05:23:14,2026-03-22 05:23:14,2026-03-20 05:23:14,1698,1698,3165.25,234625.3,0,44416.18,Received
PO002752,SUP00063,PART00761,PLT0001,2026-05-07 00:57:16,2026-06-06 00:57:16,2026-06-18 00:57:16,4838,4838,53.57,15664.13,18,4928.49,Received
PO002753,SUP00051,PART00529,PLT0008,2026-07-02 02:36:32,2026-07-09 02:36:32,2026-07-07 02:36:32,1322,1322,872.82,39886.75,0,19379.64,Received
PO002754,SUP00169,PART01022,PLT0018,2026-02-21 09:06:12,2026-04-22 09:06:12,2026-04-20 09:06:12,2803,1593,1910.92,331657.05,10,83927.02,Received
PO002755,SUP00166,PART00725,PLT0026,2026-03-30 15:03:56,2026-04-20 15:03:56,2026-04-20 15:03:56,1469,1469,4485.36,208098.48,0,81671.72,Received
PO002756,SUP00175,PART01790,PLT0009,2026-05-13 05:56:29,2026-05-27 05:56:29,2026-05-26 05:56:29,3649,3649,1723.88,325498.83,0,111655.89,Received
PO002757,SUP00102,PART01908,PLT0021,2026-02-24 08:14:25,2026-03-17 08:14:25,2026-03-20 08:14:25,1797,1797,202.77,11849.6,0,4422.44,Received
PO002758,SUP00183,PART00209,PLT0014,2026-03-21 08:28:13,2026-04-20 08:28:13,2026-04-25 08:28:13,299,299,267.19,2924.48,0,732.79,Received
PO002759,SUP00011,PART01890,PLT0012,2026-03-07 07:32:04,2026-03-17 07:32:04,2026-03-17 07:32:04,711,711,2820.88,85573.66,18,12418.61,Received
PO002760,SUP00112,PART00251,PLT0000,2026-03-10 00:07:13,2026-04-09 00:07:13,2026-04-08 00:07:13,1125,1125,1227.45,77586.28,0,16781.05,Received
PO002761,SUP00119,PART01330,PLT0009,2026-05-12 21:09:57,2026-06-02 21:09:57,2026-05-31 21:09:57,1440,1440,2353.89,257350.77,0,39439.03,Received
PO002762,SUP00031,PART01907,PLT0028,2026-03-23 13:20:13,2026-05-22 13:20:13,2026-05-20 13:20:13,1545,1545,3253.21,163913.46,7.5,41493.09,Received
PO002763,SUP00081,PART01540,PLT0007,2026-06-09 05:06:07,2026-06-30 05:06:07,2026-06-27 05:06:07,1635,1635,2665.11,121972.26,15,55777.36,Received
PO002764,SUP00039,PART00442,PLT0019,2026-03-23 05:05:45,2026-04-06 05:05:45,2026-04-05 05:05:45,703,703,3900.79,111562.5,0,14201.57,Received
PO002765,SUP00068,PART00776,PLT0000,2026-04-06 02:14:49,2026-05-06 02:14:49,2026-05-05 02:14:49,604,604,939.83,41803.44,7.5,10959.41,Received
PO002766,SUP00105,PART01427,PLT0016,2026-03-16 19:56:11,2026-04-06 19:56:11,2026-04-16 19:56:11,3184,2895,494.45,63911.41,15,9484.15,Received
PO002767,SUP00139,PART01848,PLT0011,2026-04-03 12:11:50,2026-04-17 12:11:50,2026-04-17 12:11:50,2967,2967,110.93,17647.55,18,2606.11,Received
PO002768,SUP00175,PART01138,PLT0014,2026-02-13 02:30:28,2026-02-27 02:30:28,2026-02-25 02:30:28,473,473,2878.27,44349.06,5,16345.35,Received
PO002769,SUP00055,PART01740,PLT0026,2026-06-25 15:33:00,2026-07-05 15:33:00,2026-07-04 15:33:00,3952,3513,944.43,136267.32,0,60207.71,Received
PO002770,SUP00017,PART01059,PLT0010,2026-01-11 00:48:20,2026-01-21 00:48:20,2026-02-03 00:48:20,1359,1359,57.84,3712.66,10,1108.17,Received
PO002771,SUP00173,PART01698,PLT0028,2026-05-16 06:57:33,2026-05-26 06:57:33,2026-05-25 06:57:33,3424,3424,1601.62,115778.4,0,66251.74,Received
PO002772,SUP00137,PART00353,PLT0000,2026-04-19 21:24:04,2026-05-03 21:24:04,2026-04-30 21:24:04,749,688,2118.08,43269.12,7.5,16193.68,Received
PO002773,SUP00097,PART00502,PLT0019,2026-05-05 21:26:17,2026-05-15 21:26:17,2026-05-12 21:26:17,359,359,1940.7,22700.46,10,11955.82,Received
PO002774,SUP00182,PART01857,PLT0024,2026-05-02 03:17:31,2026-06-01 03:17:31,2026-05-29 03:17:31,2923,2923,3310.35,402979.9,0,77075.51,Received
PO002775,SUP00092,PART00402,PLT0000,2026-04-17 22:54:22,2026-06-01 22:54:22,2026-06-01 22:54:22,3604,3197,4444.18,592311.22,0,191767.11,Received
PO002776,SUP00053,PART00024,PLT0005,2026-05-23 13:49:49,2026-07-07 13:49:49,2026-07-06 13:49:49,246,246,347.71,4344.77,18,970.67,Received
PO002777,SUP00119,PART01330,PLT0011,2026-04-11 03:12:59,2026-05-02 03:12:59,2026-04-29 03:12:59,2708,2708,2353.89,334477.79,0,88064.71,Received
PO002778,SUP00189,PART01177,PLT0024,2026-01-19 19:53:39,2026-03-05 19:53:39,2026-03-05 19:53:39,2480,2480,1082.4,200048.4,0,49711.12,Received
PO002779,SUP00072,PART00800,PLT0013,2026-05-01 18:50:40,2026-06-30 18:50:40,2026-06-27 18:50:40,1098,1098,1550.31,85286.16,10,11176.5,Received
PO002780,SUP00191,PART01866,PLT0003,2026-02-25 22:19:45,2026-04-26 22:19:45,2026-04-25 22:19:45,372,372,2891.49,83962.7,5,15886.6,Received
PO002781,SUP00167,PART00553,PLT0024,2026-05-09 13:44:57,2026-05-23 13:44:57,2026-05-23 13:44:57,2173,1043,4734.88,506415.63,12.5,91693.13,Received
PO002782,SUP00035,PART00396,PLT0029,2026-02-27 10:57:59,2026-04-13 10:57:59,2026-04-12 10:57:59,4752,2179,1760.92,561039.51,12.5,98213.84,Received
PO002783,SUP00191,PART01983,PLT0001,2026-03-27 18:05:50,2026-05-26 18:05:50,2026-05-23 18:05:50,4667,4667,4414.87,1443059.03,10,267720.17,Received
PO002784,SUP00105,PART00914,PLT0008,2026-05-01 12:10:43,2026-05-22 12:10:43,2026-05-22 12:10:43,497,497,4401.26,150194.77,12.5,25955.9,Received
PO002785,SUP00152,PART00309,PLT0013,2026-02-26 06:05:07,2026-03-19 06:05:07,2026-03-28 06:05:07,3716,3716,452.65,99555.55,15,21983.73,Received
PO002786,SUP00083,PART01828,PLT0010,2026-02-12 01:33:06,2026-04-13 01:33:06,2026-04-13 01:33:06,643,355,3165.25,66686.51,0,23339.1,Received
PO002787,SUP00066,PART00544,PLT0011,2026-05-12 05:24:11,2026-06-26 05:24:11,2026-06-25 05:24:11,2169,2044,3204.77,321924.17,0,62950.33,Received
PO002788,SUP00093,PART00005,PLT0009,2026-01-08 15:02:47,2026-01-15 15:02:47,2026-01-14 15:02:47,3236,3236,665.14,146595.28,15,22813.32,Received
PO002789,SUP00083,PART01610,PLT0018,2026-02-04 15:33:49,2026-04-05 15:33:49,2026-04-20 15:33:49,4879,4879,224.84,25242.34,5,16480.65,Received
PO002790,SUP00176,PART01942,PLT0023,2026-01-31 21:09:31,2026-04-01 21:09:31,2026-03-31 21:09:31,2854,2854,1910.91,147624.97,10,59123.32,Received
PO002791,SUP00069,PART00990,PLT0005,2026-01-15 01:14:49,2026-01-29 01:14:49,2026-01-28 01:14:49,89,89,2714.93,16147.01,15,3599.3,Received
PO002792,SUP00157,PART01766,PLT0018,2026-03-09 18:06:53,2026-04-23 18:06:53,2026-04-23 18:06:53,3059,3059,3490.92,665694.15,0,107922.27,Received
PO002793,SUP00047,PART00795,PLT0012,2026-01-04 19:54:22,2026-01-18 19:54:22,2026-01-18 19:54:22,2783,2354,4827.8,440309.5,0,207807.68,Received
PO002794,SUP00146,PART00420,PLT0000,2026-02-09 06:14:55,2026-03-02 06:14:55,2026-03-07 06:14:55,649,649,790.76,40303.0,12.5,5170.87,Received
PO002795,SUP00000,PART00387,PLT0004,2026-04-25 05:42:30,2026-05-02 05:42:30,2026-04-29 05:42:30,4441,4441,3279.15,1068924.55,15,261926.9,Received
PO002796,SUP00120,PART01643,PLT0014,2026-01-06 08:41:11,2026-03-07 08:41:11,2026-03-07 08:41:11,3541,3541,364.34,64407.29,12.5,8372.54,Received
PO002797,SUP00074,PART00569,PLT0025,2026-02-16 12:40:45,2026-02-26 12:40:45,2026-02-23 12:40:45,307,255,331.11,6505.18,0,1620.68,Received
PO002798,SUP00010,PART01352,PLT0015,2026-03-01 23:26:54,2026-04-30 23:26:54,2026-05-05 23:26:54,1663,1663,2173.36,167200.93,12.5,30994.13,Received
PO002799,SUP00126,PART01864,PLT0022,2026-03-31 00:26:46,2026-04-21 00:26:46,2026-04-21 00:26:46,2980,2352,2748.95,557042.67,0,131772.8,Received
PO002800,SUP00095,PART00522,PLT0011,2026-06-11 19:38:46,2026-07-02 19:38:46,2026-06-29 19:38:46,1048,1048,3730.02,146309.11,18,62023.1,Received
PO002801,SUP00080,PART00629,PLT0002,2026-02-23 05:10:59,2026-03-09 05:10:59,2026-03-07 05:10:59,1965,1965,4216.16,290310.66,18,103630.25,Received
PO002802,SUP00035,PART00354,PLT0013,2026-02-10 05:48:28,2026-03-27 05:48:28,2026-03-26 05:48:28,723,723,2776.79,56577.07,5,27391.21,Received
PO002803,SUP00024,PART01198,PLT0026,2026-06-05 12:57:08,2026-07-05 12:57:08,2026-07-04 12:57:08,1054,1054,3428.79,242599.87,0,43061.56,Received
PO002804,SUP00049,PART01683,PLT0003,2026-02-11 02:13:44,2026-02-18 02:13:44,2026-02-21 02:13:44,105,105,3672.72,14031.84,18,3423.87,Received
PO002805,SUP00140,PART01598,PLT0011,2026-03-23 12:55:12,2026-05-07 12:55:12,2026-05-04 12:55:12,632,632,2426.37,106817.7,7.5,10208.2,Received
PO002806,SUP00170,PART01946,PLT0014,2026-05-07 04:46:11,2026-05-21 04:46:11,2026-05-18 04:46:11,107,107,2519.29,12146.93,5,3679.81,Received
PO002807,SUP00013,PART01826,PLT0003,2026-03-20 00:50:49,2026-04-10 00:50:49,2026-04-08 00:50:49,3085,3085,4636.6,629948.49,15,232832.37,Received
PO002808,SUP00136,PART00818,PLT0029,2026-03-14 07:42:32,2026-03-28 07:42:32,2026-04-09 07:42:32,3597,3597,1606.62,414237.65,15,113210.67,Received
PO002809,SUP00197,PART00095,PLT0017,2026-03-10 12:06:50,2026-03-20 12:06:50,2026-03-18 12:06:50,1194,1194,4222.92,194885.11,10,95289.9,Received
PO002810,SUP00067,PART00144,PLT0015,2026-03-12 15:13:46,2026-04-26 15:13:46,2026-04-23 15:13:46,4385,4385,1938.0,454638.91,15,169461.4,Received
PO002811,SUP00176,PART00958,PLT0011,2026-02-28 01:50:34,2026-04-29 01:50:34,2026-04-28 01:50:34,1414,1414,4936.01,171837.83,18,72777.05,Received
PO002812,SUP00182,PART00083,PLT0013,2026-04-28 22:20:10,2026-05-28 22:20:10,2026-05-25 22:20:10,1951,1951,4055.78,363259.47,7.5,43682.88,Received
PO002813,SUP00115,PART00778,PLT0025,2026-04-04 00:04:52,2026-04-18 00:04:52,2026-04-15 00:04:52,3587,3587,1828.56,145908.45,0,111513.64,Received
PO002814,SUP00195,PART00179,PLT0008,2026-02-17 23:54:13,2026-03-03 23:54:13,2026-03-03 23:54:13,4506,4506,4412.87,1590542.13,5,171546.96,Received
PO002815,SUP00080,PART00040,PLT0028,2026-01-16 08:04:23,2026-01-30 08:04:23,2026-01-30 08:04:23,4214,4214,1996.66,179108.36,10,73822.76,Received
PO002816,SUP00137,PART01089,PLT0010,2026-03-08 15:08:22,2026-03-22 15:08:22,2026-03-20 15:08:22,3093,3093,4700.75,543381.44,0,196902.97,Received
PO002817,SUP00146,PART00213,PLT0010,2026-01-15 12:41:06,2026-02-05 12:41:06,2026-02-02 12:41:06,3797,2242,4540.15,1076584.12,18,140787.29,Received
PO002818,SUP00163,PART00149,PLT0029,2026-03-29 23:26:38,2026-04-05 23:26:38,2026-04-20 23:26:38,4524,4524,3560.49,806997.88,0,239214.2,Received
PO002819,SUP00097,PART00672,PLT0011,2026-03-19 04:05:45,2026-03-29 04:05:45,2026-04-13 04:05:45,3589,1924,1411.18,401229.93,18,79418.55,Received
PO002820,SUP00189,PART01177,PLT0011,2026-05-18 23:35:35,2026-07-02 23:35:35,2026-07-11 23:35:35,3632,3632,1082.4,94733.96,18,74109.89,Received
PO002821,SUP00164,PART00669,PLT0021,2026-03-17 03:53:52,2026-03-24 03:53:52,2026-04-05 03:53:52,1054,1054,3368.13,230744.65,0,59014.29,Received
PO002822,SUP00135,PART01876,PLT0023,2026-03-25 22:02:05,2026-05-09 22:02:05,2026-05-06 22:02:05,4987,4987,2351.47,565601.6,0,162752.09,Received
PO002823,SUP00079,PART00805,PLT0025,2026-06-21 21:54:54,2026-06-28 21:54:54,2026-06-26 21:54:54,1175,1175,2619.68,220394.76,0,37795.35,Received
PO002824,SUP00028,PART01208,PLT0014,2026-02-07 03:14:23,2026-02-14 03:14:23,2026-02-14 03:14:23,791,791,2126.9,34043.72,15,28933.29,Received
PO002825,SUP00199,PART01242,PLT0024,2026-01-12 06:53:49,2026-01-26 06:53:49,2026-01-24 06:53:49,1092,1092,169.13,5775.69,15,1363.51,Received
PO002826,SUP00020,PART01874,PLT0004,2026-01-25 02:48:50,2026-03-26 02:48:50,2026-03-24 02:48:50,666,666,155.78,6021.07,10,1656.38,Received
PO002827,SUP00143,PART00783,PLT0005,2026-03-01 04:13:09,2026-04-15 04:13:09,2026-04-27 04:13:09,2267,2267,3927.74,275783.43,0,57055.87,Received
PO002828,SUP00141,PART00689,PLT0013,2026-03-21 05:34:39,2026-05-05 05:34:39,2026-05-04 05:34:39,4978,4978,1796.91,542844.53,0,114754.35,Received
PO002829,SUP00109,PART00589,PLT0006,2026-05-23 02:24:12,2026-06-02 02:24:12,2026-06-01 02:24:12,2696,2696,1804.27,254440.48,7.5,25379.07,Received
PO002830,SUP00182,PART00109,PLT0020,2026-04-07 00:36:41,2026-05-07 00:36:41,2026-05-05 00:36:41,586,586,1596.83,68906.3,0,6659.82,Received
PO002831,SUP00169,PART00579,PLT0016,2026-02-27 18:34:14,2026-04-28 18:34:14,2026-04-26 18:34:14,453,453,1509.08,28810.44,5,10980.55,Received
PO002832,SUP00138,PART00505,PLT0005,2026-04-11 02:21:50,2026-04-25 02:21:50,2026-04-22 02:21:50,250,250,433.11,3918.54,7.5,2048.4,Received
PO002833,SUP00002,PART00414,PLT0002,2026-01-05 16:04:27,2026-01-12 16:04:27,2026-01-13 16:04:27,3884,3884,68.26,15948.8,0,2262.59,Received
PO002834,SUP00097,PART00672,PLT0022,2026-05-14 21:06:53,2026-05-24 21:06:53,2026-05-23 21:06:53,4055,4055,1411.18,335238.19,15,66049.92,Received
PO002835,SUP00010,PART00702,PLT0008,2026-03-27 14:26:41,2026-05-26 14:26:41,2026-05-23 14:26:41,1092,1092,4589.92,243336.52,5,50439.19,Received
PO002836,SUP00003,PART00634,PLT0017,2026-06-29 22:58:42,2026-07-09 22:58:42,2026-07-06 22:58:42,847,847,1433.21,52657.85,12.5,7995.29,Received
PO002837,SUP00163,PART01825,PLT0021,2026-02-17 23:23:51,2026-02-24 23:23:51,2026-02-23 23:23:51,2231,2231,2670.16,372130.79,0,115721.92,Received
PO002838,SUP00042,PART00708,PLT0001,2026-05-05 14:23:28,2026-05-15 14:23:28,2026-05-13 14:23:28,1873,1873,2511.68,254806.17,12.5,34642.85,Received
PO002839,SUP00054,PART01267,PLT0027,2026-05-24 20:38:01,2026-07-08 20:38:01,2026-07-06 20:38:01,4180,4180,4314.24,672313.0,15,218157.19,Received
PO002840,SUP00100,PART00440,PLT0022,2026-04-20 16:57:34,2026-06-04 16:57:34,2026-06-03 16:57:34,4989,4367,4255.31,706161.45,0,325448.51,Received
PO002841,SUP00001,PART00224,PLT0004,2026-03-27 18:01:31,2026-05-11 18:01:31,2026-05-10 18:01:31,4697,4697,2389.88,468743.49,15,168596.35,Received
PO002842,SUP00195,PART00179,PLT0009,2026-06-05 17:46:58,2026-06-19 17:46:58,2026-06-19 17:46:58,3502,1760,4412.87,473452.82,12.5,275783.96,Received
PO002843,SUP00087,PART01477,PLT0021,2026-03-05 03:33:13,2026-04-19 03:33:13,2026-04-19 03:33:13,81,81,1233.41,6998.39,5,1089.79,Received
PO002844,SUP00026,PART01795,PLT0006,2026-03-18 04:13:54,2026-05-17 04:13:54,2026-05-15 04:13:54,1772,1772,996.07,114594.83,12.5,24399.14,Received
PO002845,SUP00025,PART00517,PLT0004,2026-01-31 08:27:28,2026-03-02 08:27:28,2026-03-02 08:27:28,511,511,4625.02,68573.07,15,25925.4,Received
PO002846,SUP00032,PART01024,PLT0007,2026-03-03 23:18:02,2026-04-17 23:18:02,2026-04-17 23:18:02,4205,3809,1445.91,457854.89,10,91382.04,Received
PO002847,SUP00085,PART00217,PLT0001,2026-04-27 19:35:18,2026-06-11 19:35:18,2026-06-15 19:35:18,4477,4477,1495.47,221496.87,0,37854.56,Received
PO002848,SUP00064,PART00088,PLT0028,2026-01-12 15:36:23,2026-03-13 15:36:23,2026-03-12 15:36:23,1201,1201,2792.03,214113.86,12.5,49228.17,Received
PO002849,SUP00007,PART00974,PLT0029,2026-03-28 14:15:05,2026-04-11 14:15:05,2026-04-16 14:15:05,3347,3347,4848.22,726827.64,15,121466.79,Received
PO002850,SUP00039,PART01347,PLT0009,2026-03-31 19:30:16,2026-04-14 19:30:16,2026-04-13 19:30:16,2419,2419,3237.6,354539.16,5,65029.33,Received
PO002851,SUP00015,PART01457,PLT0009,2026-06-09 05:41:18,2026-06-16 05:41:18,2026-06-13 05:41:18,4378,4378,4761.06,1445292.28,0,208705.42,Received
PO002852,SUP00072,PART01533,PLT0013,2026-02-08 23:18:40,2026-04-09 23:18:40,2026-04-06 23:18:40,2610,2610,4876.67,494040.65,0,219742.99,Received
PO002853,SUP00174,PART01054,PLT0011,2026-01-22 00:21:58,2026-03-08 00:21:58,2026-03-05 00:21:58,3293,3293,3394.07,482790.76,10,208967.86,Received
PO002854,SUP00142,PART00836,PLT0010,2026-06-03 05:19:43,2026-06-17 05:19:43,2026-06-17 05:19:43,1923,1923,633.51,57089.39,10,8895.21,Received
PO002855,SUP00074,PART01166,PLT0026,2026-03-18 17:35:10,2026-03-28 17:35:10,2026-03-26 17:35:10,1194,1194,3237.98,208142.66,0,75627.38,Received
PO002856,SUP00106,PART00261,PLT0010,2026-01-18 23:27:34,2026-01-28 23:27:34,2026-01-26 23:27:34,2942,2942,4574.13,743805.79,10,236679.08,Received
PO002857,SUP00055,PART00405,PLT0014,2026-05-05 12:05:15,2026-05-15 12:05:15,2026-05-12 12:05:15,3298,3298,2938.88,352619.65,7.5,69386.41,Received
PO002858,SUP00033,PART00879,PLT0009,2026-02-11 13:19:47,2026-02-21 13:19:47,2026-02-18 13:19:47,428,428,1452.47,20664.35,15,4556.02,Received
PO002859,SUP00010,PART01209,PLT0017,2026-01-28 17:13:59,2026-03-29 17:13:59,2026-03-28 17:13:59,3013,3013,3874.59,337572.85,5,164508.03,Received
PO002860,SUP00173,PART00340,PLT0019,2026-05-04 21:06:55,2026-05-14 21:06:55,2026-05-14 21:06:55,2553,2553,4246.65,800834.94,18,96539.88,Received
PO002861,SUP00073,PART00943,PLT0025,2026-03-25 23:40:46,2026-05-09 23:40:46,2026-05-07 23:40:46,1673,1673,3652.16,459897.58,15,79904.08,Received
PO002862,SUP00071,PART00435,PLT0021,2026-05-08 10:26:40,2026-07-07 10:26:40,2026-07-04 10:26:40,3350,3350,4862.93,935453.47,0,313814.22,Received
PO002863,SUP00168,PART00897,PLT0016,2026-01-31 06:12:57,2026-02-14 06:12:57,2026-02-11 06:12:57,3580,2174,3303.56,455524.35,18,98513.42,Received
PO002864,SUP00022,PART01903,PLT0021,2026-01-01 22:42:48,2026-02-15 22:42:48,2026-02-13 22:42:48,1773,1773,3832.75,342039.84,10,126268.78,Received
PO002865,SUP00015,PART00033,PLT0016,2026-03-05 11:50:01,2026-03-12 11:50:01,2026-03-11 11:50:01,2787,2787,2292.92,291595.17,15,107941.97,Received
PO002866,SUP00128,PART00772,PLT0012,2026-04-20 19:43:33,2026-05-11 19:43:33,2026-05-10 19:43:33,1776,1776,2394.21,283546.82,10,49830.08,Received
PO002867,SUP00007,PART01668,PLT0005,2026-04-05 17:30:24,2026-04-19 17:30:24,2026-04-17 17:30:24,3432,2920,627.78,121396.12,0,26077.81,Received
PO002868,SUP00038,PART00112,PLT0023,2026-02-22 12:32:13,2026-04-23 12:32:13,2026-04-22 12:32:13,2023,2023,99.92,7091.88,12.5,2272.6,Received
PO002869,SUP00009,PART00215,PLT0001,2026-03-10 15:08:26,2026-03-17 15:08:26,2026-03-15 15:08:26,4961,4961,4411.81,945082.6,18,125258.34,Received
PO002870,SUP00092,PART00775,PLT0027,2026-04-10 15:41:39,2026-05-25 15:41:39,2026-05-22 15:41:39,4309,4309,1900.24,633300.87,0,74328.5,Received
PO002871,SUP00017,PART00513,PLT0019,2026-06-23 14:57:50,2026-07-03 14:57:50,2026-07-18 14:57:50,205,205,1602.15,19972.76,10,2053.01,In Transit
PO002872,SUP00023,PART01960,PLT0013,2026-05-01 16:47:15,2026-05-15 16:47:15,2026-05-12 16:47:15,760,760,4743.76,136933.96,0,63998.43,Received
PO002873,SUP00030,PART01996,PLT0017,2026-02-14 05:53:44,2026-03-16 05:53:44,2026-03-15 05:53:44,881,881,238.73,11077.05,0,2297.89,Received
PO002874,SUP00185,PART01517,PLT0006,2026-02-22 00:17:44,2026-04-23 00:17:44,2026-04-23 00:17:44,1157,1157,1285.15,100217.03,5,18451.76,Received
PO002875,SUP00027,PART01011,PLT0019,2026-06-02 10:35:40,2026-06-09 10:35:40,2026-06-09 10:35:40,795,795,4779.64,275864.45,0,72028.12,Received
PO002876,SUP00193,PART00056,PLT0002,2026-03-16 20:49:12,2026-03-26 20:49:12,2026-03-24 20:49:12,1527,1527,4417.29,388732.58,5,92403.21,Received
PO002877,SUP00132,PART00745,PLT0004,2026-02-11 23:47:37,2026-02-25 23:47:37,2026-02-24 23:47:37,2035,2035,58.5,5202.22,5,1807.54,Received
PO002878,SUP00145,PART00596,PLT0024,2026-01-01 22:41:56,2026-03-02 22:41:56,2026-03-01 22:41:56,701,701,4556.58,72603.61,5,21825.39,Received
PO002879,SUP00112,PART01218,PLT0029,2026-03-24 19:23:16,2026-04-23 19:23:16,2026-04-23 19:23:16,970,970,1835.48,72749.61,0,32872.68,Received
PO002880,SUP00176,PART01942,PLT0007,2026-01-19 23:14:12,2026-03-20 23:14:12,2026-03-17 23:14:12,4030,4030,1910.91,338312.57,0,39406.14,Received
PO002881,SUP00095,PART00011,PLT0022,2026-01-21 10:15:43,2026-02-11 10:15:43,2026-02-11 10:15:43,3842,3842,2924.88,455847.15,5,194546.52,Received
PO002882,SUP00143,PART00356,PLT0009,2026-03-01 23:36:46,2026-04-15 23:36:46,2026-04-13 23:36:46,1841,1841,686.99,64020.03,15,8481.39,Received
PO002883,SUP00107,PART01870,PLT0002,2026-03-02 16:53:48,2026-03-23 16:53:48,2026-03-20 16:53:48,2544,2544,724.98,49642.75,15,36233.22,Received
PO002884,SUP00129,PART00119,PLT0028,2026-04-18 06:36:05,2026-06-17 06:36:05,2026-06-16 06:36:05,4003,4003,4767.25,1489294.07,0,336944.15,Received
PO002885,SUP00182,PART00109,PLT0001,2026-05-02 00:31:48,2026-06-01 00:31:48,2026-06-01 00:31:48,4517,2308,1596.83,415649.26,0,55400.83,Received
PO002886,SUP00145,PART00419,PLT0005,2026-01-22 23:48:39,2026-03-23 23:48:39,2026-03-23 23:48:39,254,254,2556.36,36373.49,5,4979.75,Received
PO002887,SUP00103,PART01429,PLT0002,2026-04-17 02:20:10,2026-05-01 02:20:10,2026-04-29 02:20:10,1581,1581,394.97,26890.48,10,4504.35,Received
PO002888,SUP00050,PART01779,PLT0001,2026-02-01 20:24:56,2026-03-03 20:24:56,2026-03-03 20:24:56,858,858,49.27,2276.01,7.5,316.39,Received
PO002889,SUP00110,PART01954,PLT0028,2026-05-25 16:28:36,2026-06-08 16:28:36,2026-06-05 16:28:36,4097,4097,1678.77,179450.71,0,75749.09,Received
PO002890,SUP00171,PART01035,PLT0003,2026-01-22 22:20:14,2026-03-23 22:20:14,2026-04-07 22:20:14,3886,3886,2364.9,592922.52,12.5,147525.47,Received
PO002891,SUP00106,PART01951,PLT0019,2026-01-02 08:53:55,2026-01-12 08:53:55,2026-01-12 08:53:55,2778,2778,4398.64,535438.17,7.5,199301.05,Received
PO002892,SUP00093,PART00885,PLT0014,2026-02-15 09:52:31,2026-02-22 09:52:31,2026-02-21 09:52:31,1451,1451,567.09,44764.83,0,10079.81,Received
PO002893,SUP00066,PART01652,PLT0029,2026-03-07 15:14:04,2026-04-21 15:14:04,2026-04-21 15:14:04,2367,962,3488.87,557561.35,0,116646.57,Received
PO002894,SUP00136,PART00575,PLT0024,2026-01-15 10:04:34,2026-01-29 10:04:34,2026-01-27 10:04:34,275,275,4383.34,81633.27,0,15567.1,Received
PO002895,SUP00178,PART01027,PLT0010,2026-02-01 19:26:27,2026-04-02 19:26:27,2026-03-30 19:26:27,4059,4059,4301.46,592947.98,15,219347.28,Received
PO002896,SUP00140,PART00893,PLT0014,2026-04-29 10:40:25,2026-06-13 10:40:25,2026-06-13 10:40:25,4630,4630,2734.39,425805.28,0,186816.49,Received
PO002897,SUP00161,PART00804,PLT0008,2026-05-09 03:15:38,2026-06-08 03:15:38,2026-06-08 03:15:38,2833,1495,889.3,99919.85,0,15779.33,Received
PO002898,SUP00139,PART01848,PLT0005,2026-03-27 19:14:40,2026-04-10 19:14:40,2026-04-07 19:14:40,2035,967,110.93,7053.08,0,1527.62,Received
PO002899,SUP00037,PART01412,PLT0017,2026-06-26 06:32:16,2026-07-06 06:32:16,2026-07-06 06:32:16,3007,3007,4501.54,880990.8,0,235477.99,Received
PO002900,SUP00071,PART00523,PLT0000,2026-03-24 22:47:31,2026-05-23 22:47:31,2026-06-06 22:47:31,3190,3190,4087.84,317917.18,0,136376.48,Received
PO002901,SUP00089,PART00366,PLT0009,2026-01-09 01:12:19,2026-01-30 01:12:19,2026-01-30 01:12:19,591,591,4054.46,139655.01,7.5,42742.96,Received
PO002902,SUP00080,PART00972,PLT0025,2026-01-16 01:49:41,2026-01-30 01:49:41,2026-01-27 01:49:41,451,451,1500.22,24554.46,10,12914.52,Received
PO002903,SUP00002,PART01756,PLT0014,2026-04-21 01:12:04,2026-04-28 01:12:04,2026-04-25 01:12:04,1649,1649,2386.93,99872.84,7.5,68652.08,Received
PO002904,SUP00152,PART00917,PLT0023,2026-05-09 04:57:41,2026-05-30 04:57:41,2026-05-28 04:57:41,2489,2489,3029.99,187145.91,5,99068.04,Received
PO002905,SUP00099,PART01346,PLT0016,2026-01-24 09:25:56,2026-03-25 09:25:56,2026-03-25 09:25:56,867,799,107.46,3397.13,10,1442.29,Received
PO002906,SUP00092,PART01023,PLT0025,2026-05-15 23:52:44,2026-06-29 23:52:44,2026-06-26 23:52:44,3458,2494,699.65,97500.63,7.5,32582.93,Received
PO002907,SUP00097,PART01511,PLT0000,2026-01-19 17:24:42,2026-01-29 17:24:42,2026-01-28 17:24:42,824,824,2798.49,88515.08,0,43766.56,Received
PO002908,SUP00131,PART00989,PLT0027,2026-04-01 14:59:07,2026-04-22 14:59:07,2026-04-22 14:59:07,1106,847,81.21,4787.95,7.5,1397.53,Received
PO002909,SUP00072,PART00716,PLT0007,2026-03-01 06:57:29,2026-04-30 06:57:29,2026-04-29 06:57:29,3657,3657,4393.15,452396.94,5,255894.05,Received
PO002910,SUP00017,PART00121,PLT0019,2026-06-28 03:25:20,2026-07-08 03:25:20,2026-07-07 03:25:20,4409,4409,1271.98,301952.9,15,93979.32,Received
PO002911,SUP00179,PART00738,PLT0022,2026-04-08 11:38:07,2026-05-08 11:38:07,2026-05-05 11:38:07,1454,1454,3740.33,394746.17,5,44727.93,Received
PO002912,SUP00178,PART01484,PLT0010,2026-04-02 18:27:54,2026-06-01 18:27:54,2026-06-12 18:27:54,180,180,890.05,11866.44,0,2950.12,Received
PO002913,SUP00178,PART01254,PLT0007,2026-04-22 17:12:52,2026-06-21 17:12:52,2026-06-18 17:12:52,1651,1651,4507.54,506012.35,7.5,122694.37,Received
PO002914,SUP00130,PART00586,PLT0017,2026-02-25 12:50:44,2026-04-26 12:50:44,2026-04-23 12:50:44,2085,2085,749.98,53089.65,12.5,26490.73,Received
PO002915,SUP00030,PART00710,PLT0004,2026-05-18 21:21:54,2026-06-17 21:21:54,2026-06-17 21:21:54,4580,4580,1814.3,373748.38,15,92060.2,Received
PO002916,SUP00105,PART01615,PLT0004,2026-04-02 21:50:11,2026-04-23 21:50:11,2026-04-22 21:50:11,1972,1759,224.48,33795.81,0,2588.68,Received
PO002917,SUP00146,PART00213,PLT0013,2026-03-24 08:34:26,2026-04-14 08:34:26,2026-04-12 08:34:26,534,534,4540.15,149028.86,0,15463.06,Received
PO002918,SUP00068,PART00815,PLT0022,2026-02-08 02:34:07,2026-03-10 02:34:07,2026-03-08 02:34:07,1500,942,1426.96,94327.25,18,28572.89,Received
PO002919,SUP00037,PART00372,PLT0028,2026-02-12 03:59:20,2026-02-22 03:59:20,2026-02-19 03:59:20,313,313,3508.63,39514.01,10,18656.45,Received
PO002920,SUP00120,PART00240,PLT0023,2026-05-07 16:25:43,2026-07-06 16:25:43,2026-07-10 16:25:43,2269,2073,4673.24,265547.22,0,127325.99,Received
PO002921,SUP00016,PART00543,PLT0028,2026-04-22 19:43:07,2026-05-13 19:43:07,2026-05-11 19:43:07,3966,3966,1495.89,177993.06,0,85885.6,Received
PO002922,SUP00170,PART01088,PLT0022,2026-02-28 02:45:29,2026-03-14 02:45:29,2026-03-12 02:45:29,3151,3151,595.34,49861.18,10,11478.57,Received
PO002923,SUP00080,PART01278,PLT0003,2026-01-24 21:17:52,2026-02-07 21:17:52,2026-02-14 21:17:52,2287,2287,281.36,37643.58,0,11924.23,Received
PO002924,SUP00010,PART01352,PLT0012,2026-02-25 23:27:04,2026-04-26 23:27:04,2026-04-23 23:27:04,1471,1471,2173.36,203670.15,10,26267.02,Received
PO002925,SUP00199,PART01858,PLT0019,2026-05-01 01:35:06,2026-05-15 01:35:06,2026-05-12 01:35:06,3119,3119,4309.26,728414.61,0,139808.99,Received
PO002926,SUP00085,PART01749,PLT0000,2026-01-12 21:00:15,2026-02-26 21:00:15,2026-02-26 21:00:15,2188,2188,1650.14,276680.99,0,61212.75,Received
PO002927,SUP00095,PART00451,PLT0027,2026-02-23 23:23:00,2026-03-16 23:23:00,2026-03-15 23:23:00,1971,1971,657.92,100462.15,18,9820.03,Received
PO002928,SUP00189,PART00664,PLT0023,2026-02-08 04:04:55,2026-03-25 04:04:55,2026-03-26 04:04:55,4171,4171,4144.6,606080.5,7.5,320872.16,Received
PO002929,SUP00096,PART00488,PLT0023,2026-04-03 21:30:34,2026-04-13 21:30:34,2026-04-10 21:30:34,1426,1426,4409.44,406740.56,0,118298.21,Received
PO002930,SUP00112,PART01294,PLT0013,2026-01-03 13:43:55,2026-02-02 13:43:55,2026-01-30 13:43:55,985,985,4297.79,180581.68,12.5,36555.52,Received
PO002931,SUP00186,PART00913,PLT0029,2026-03-02 02:25:41,2026-04-16 02:25:41,2026-04-15 02:25:41,573,573,1591.4,45105.82,0,9835.78,Received
PO002932,SUP00071,PART00018,PLT0013,2026-01-16 01:18:00,2026-03-17 01:18:00,2026-03-22 01:18:00,3636,3636,4169.3,831934.71,0,100238.39,Received
PO002933,SUP00052,PART00337,PLT0010,2026-01-01 10:22:17,2026-01-31 10:22:17,2026-01-30 10:22:17,716,716,1562.89,22491.22,7.5,18377.93,Received
PO002934,SUP00033,PART00383,PLT0029,2026-04-04 07:44:52,2026-04-14 07:44:52,2026-04-11 07:44:52,4239,3185,1015.58,115242.6,0,25404.79,Received
PO002935,SUP00072,PART00800,PLT0028,2026-01-16 12:35:10,2026-03-17 12:35:10,2026-03-15 12:35:10,1205,1205,1550.31,132689.11,12.5,30717.37,Received
PO002936,SUP00159,PART01265,PLT0019,2026-06-08 03:26:39,2026-06-15 03:26:39,2026-06-12 03:26:39,4189,2053,1004.38,319279.26,0,39081.06,Received
PO002937,SUP00074,PART00569,PLT0026,2026-02-22 08:49:47,2026-03-04 08:49:47,2026-03-01 08:49:47,163,163,331.11,1801.02,15,407.14,Received
PO002938,SUP00022,PART01444,PLT0027,2026-04-14 13:10:20,2026-05-29 13:10:20,2026-05-31 13:10:20,2949,2949,749.17,66675.49,10,35565.38,Received
PO002939,SUP00052,PART01451,PLT0027,2026-04-27 10:26:34,2026-05-27 10:26:34,2026-05-25 10:26:34,3904,3904,902.82,115608.61,15,54754.5,Received
PO002940,SUP00096,PART01246,PLT0016,2026-02-03 02:17:30,2026-02-13 02:17:30,2026-02-13 02:17:30,2835,2835,1959.97,270444.62,15,82798.53,Received
PO002941,SUP00185,PART01230,PLT0020,2026-04-14 19:36:46,2026-06-13 19:36:46,2026-06-17 19:36:46,3244,3244,618.2,42018.29,7.5,31682.68,Received
PO002942,SUP00037,PART00204,PLT0001,2026-03-13 15:31:59,2026-03-23 15:31:59,2026-03-21 15:31:59,4436,4436,4092.8,367951.95,7.5,313359.79,Received
PO002943,SUP00126,PART00470,PLT0018,2026-01-11 19:27:48,2026-02-01 19:27:48,2026-02-07 19:27:48,3602,3602,2817.73,735575.86,18,104879.18,Received
PO002944,SUP00129,PART01129,PLT0020,2026-03-21 13:52:32,2026-05-20 13:52:32,2026-05-17 13:52:32,3535,3535,4956.41,1248814.74,12.5,143184.12,Received
PO002945,SUP00080,PART00629,PLT0021,2026-04-01 21:03:06,2026-04-15 21:03:06,2026-04-22 21:03:06,190,110,4216.16,19957.27,0,5051.62,Received
PO002946,SUP00129,PART00181,PLT0016,2026-02-26 11:59:21,2026-04-27 11:59:21,2026-04-26 11:59:21,1170,1170,2768.35,227724.24,7.5,60643.69,Received
PO002947,SUP00091,PART01078,PLT0000,2026-06-20 04:32:56,2026-07-04 04:32:56,2026-07-02 04:32:56,2878,2878,2838.38,193218.95,10,161253.36,Received
PO002948,SUP00199,PART01242,PLT0020,2026-02-15 11:08:18,2026-03-01 11:08:18,2026-02-27 11:08:18,2019,2019,169.13,23242.8,5,4117.98,Received
PO002949,SUP00010,PART00928,PLT0024,2026-04-25 16:54:24,2026-06-24 16:54:24,2026-06-21 16:54:24,3468,3154,2260.79,520654.56,10,93153.68,Received
PO002950,SUP00157,PART00457,PLT0015,2026-02-18 22:26:20,2026-04-04 22:26:20,2026-04-02 22:26:20,1317,1317,2232.83,88889.0,10,56087.27,Received
PO002951,SUP00051,PART01524,PLT0017,2026-06-11 01:30:57,2026-06-18 01:30:57,2026-06-15 01:30:57,4904,4904,981.06,111053.64,15,82181.22,Received
PO002952,SUP00150,PART01582,PLT0005,2026-06-15 11:04:28,2026-06-22 11:04:28,2026-06-19 11:04:28,4874,4874,3020.53,1096303.94,7.5,197851.55,Received
PO002953,SUP00139,PART01558,PLT0027,2026-03-25 03:06:45,2026-04-08 03:06:45,2026-04-07 03:06:45,1762,1762,597.35,46147.69,7.5,15977.05,Received
PO002954,SUP00175,PART01197,PLT0029,2026-04-20 11:13:00,2026-05-04 11:13:00,2026-05-03 11:13:00,543,543,2720.84,88477.14,10,13353.0,Received
PO002955,SUP00002,PART00896,PLT0000,2026-01-12 10:15:38,2026-01-19 10:15:38,2026-01-19 10:15:38,2855,2855,270.16,19227.82,0,7129.21,Received
PO002956,SUP00179,PART00849,PLT0018,2026-05-24 15:41:52,2026-06-23 15:41:52,2026-06-21 15:41:52,1863,1863,3291.32,322537.95,0,95700.89,Received
PO002957,SUP00189,PART00413,PLT0021,2026-04-29 02:45:07,2026-06-13 02:45:07,2026-06-20 02:45:07,2078,2078,1549.9,183262.61,12.5,19500.8,Received
PO002958,SUP00189,PART00267,PLT0023,2026-03-26 08:23:10,2026-05-10 08:23:10,2026-05-10 08:23:10,2271,2271,1062.98,99578.7,0,26477.26,Received
PO002959,SUP00119,PART00503,PLT0006,2026-02-21 03:49:07,2026-03-14 03:49:07,2026-03-16 03:49:07,614,614,2231.65,68362.03,15,10732.81,Received
PO002960,SUP00175,PART00294,PLT0016,2026-02-04 20:48:05,2026-02-18 20:48:05,2026-02-16 20:48:05,4991,2514,1359.12,224602.22,18,38095.41,Received
PO002961,SUP00183,PART00209,PLT0022,2026-04-30 00:39:08,2026-05-30 00:39:08,2026-05-30 00:39:08,3200,3200,267.19,29679.49,5,5059.36,Received
PO002962,SUP00025,PART01669,PLT0011,2026-02-26 16:14:17,2026-03-28 16:14:17,2026-03-26 16:14:17,2096,2096,2392.1,342246.92,12.5,29147.08,Received
PO002963,SUP00173,PART00370,PLT0021,2026-01-04 02:04:01,2026-01-14 02:04:01,2026-01-13 02:04:01,764,764,4762.22,271549.56,18,20826.53,Received
PO002964,SUP00181,PART00324,PLT0021,2026-01-13 23:22:34,2026-01-27 23:22:34,2026-01-26 23:22:34,3453,3453,4765.26,1293096.29,12.5,205352.45,Received
PO002965,SUP00182,PART00937,PLT0025,2026-04-01 01:21:31,2026-05-01 01:21:31,2026-04-28 01:21:31,2852,2852,1254.16,169430.39,7.5,37042.75,Received
PO002966,SUP00023,PART00611,PLT0010,2026-04-30 21:39:55,2026-05-14 21:39:55,2026-05-18 21:39:55,2099,1421,2787.87,332395.37,7.5,46993.18,Received
PO002967,SUP00052,PART01580,PLT0023,2026-05-21 04:22:34,2026-06-20 04:22:34,2026-06-20 04:22:34,1194,1194,3717.0,143169.16,10,46919.38,Received
PO002968,SUP00145,PART00481,PLT0026,2026-01-10 13:49:49,2026-03-11 13:49:49,2026-03-10 13:49:49,1624,1624,4254.53,216370.21,0,55873.38,Received
PO002969,SUP00040,PART01390,PLT0023,2026-01-14 13:26:43,2026-01-21 13:26:43,2026-01-19 13:26:43,2805,2805,4405.13,268251.19,0,88333.88,Received
PO002970,SUP00037,PART00512,PLT0000,2026-03-25 22:01:59,2026-04-04 22:01:59,2026-04-01 22:01:59,166,166,1013.59,6206.36,0,1648.47,Received
PO002971,SUP00014,PART00252,PLT0023,2026-06-10 04:18:26,2026-06-20 04:18:26,2026-06-17 04:18:26,3629,3629,1090.26,300511.03,12.5,76708.69,Received
PO002972,SUP00075,PART01151,PLT0007,2026-02-19 12:16:19,2026-04-20 12:16:19,2026-04-17 12:16:19,4792,4792,2605.83,290599.49,7.5,72490.35,Received
PO002973,SUP00081,PART01160,PLT0010,2026-06-10 05:01:30,2026-07-01 05:01:30,2026-06-30 05:01:30,2875,2875,810.47,51296.33,5,37533.05,Received
PO002974,SUP00076,PART01587,PLT0011,2026-04-09 11:56:37,2026-04-23 11:56:37,2026-04-20 11:56:37,3835,3835,1737.18,197520.71,18,51371.67,Received
PO002975,SUP00133,PART00541,PLT0016,2026-04-19 14:42:36,2026-06-03 14:42:36,2026-06-03 14:42:36,4897,4897,1094.95,373380.53,7.5,93578.55,Received
PO002976,SUP00109,PART00733,PLT0002,2026-03-16 14:00:12,2026-03-26 14:00:12,2026-03-24 14:00:12,4820,4820,2047.18,615846.12,7.5,95748.48,Received
PO002977,SUP00124,PART01672,PLT0012,2026-05-08 12:57:45,2026-06-07 12:57:45,2026-06-12 12:57:45,3593,3593,4934.55,696530.56,5,307967.22,Received
PO002978,SUP00143,PART00012,PLT0000,2026-02-20 01:33:48,2026-04-06 01:33:48,2026-04-04 01:33:48,1441,1441,2360.03,99890.64,18,36168.27,Received
PO002979,SUP00180,PART01102,PLT0011,2026-03-06 03:00:02,2026-03-20 03:00:02,2026-03-20 03:00:02,616,616,41.08,1219.6,15,353.94,Received
PO002980,SUP00038,PART00709,PLT0024,2026-01-09 17:57:26,2026-03-10 17:57:26,2026-03-08 17:57:26,3128,3128,2575.13,182117.89,5,91446.76,Received
PO002981,SUP00177,PART00293,PLT0024,2026-05-05 14:26:40,2026-05-26 14:26:40,2026-06-10 14:26:40,414,414,1152.68,35530.73,0,2796.18,Received
PO002982,SUP00137,PART01415,PLT0009,2026-05-10 07:55:51,2026-05-24 07:55:51,2026-05-21 07:55:51,315,315,4405.47,68993.73,7.5,21531.64,Received
PO002983,SUP00039,PART00867,PLT0001,2026-05-11 16:02:17,2026-05-25 16:02:17,2026-05-22 16:02:17,850,850,2783.83,89644.08,15,32680.55,Received
PO002984,SUP00106,PART00261,PLT0025,2026-05-14 01:24:34,2026-05-24 01:24:34,2026-05-21 01:24:34,2247,2247,4574.13,405128.83,0,126594.33,Received
PO002985,SUP00159,PART00591,PLT0020,2026-02-04 19:02:58,2026-02-11 19:02:58,2026-02-10 19:02:58,1078,1078,1646.66,115854.69,15,27174.98,Received
PO002986,SUP00108,PART01028,PLT0010,2026-01-18 12:52:26,2026-03-19 12:52:26,2026-03-30 12:52:26,477,477,3118.13,108681.59,18,28308.77,Received
PO002987,SUP00047,PART00143,PLT0011,2026-03-11 15:04:31,2026-03-25 15:04:31,2026-03-25 15:04:31,2713,2713,4802.8,585734.73,12.5,80971.82,Received
PO002988,SUP00054,PART00862,PLT0013,2026-04-19 16:17:17,2026-06-03 16:17:17,2026-06-18 16:17:17,2520,1792,3044.02,346991.99,5,83000.58,Received
PO002989,SUP00158,PART00834,PLT0020,2026-01-03 17:56:54,2026-01-10 17:56:54,2026-01-08 17:56:54,2618,2618,792.7,92971.35,0,17196.37,Received
PO002990,SUP00179,PART01202,PLT0010,2026-03-22 15:33:35,2026-04-21 15:33:35,2026-04-24 15:33:35,1128,1128,4231.12,201823.35,0,60429.09,Received
PO002991,SUP00048,PART00764,PLT0012,2026-04-28 20:47:07,2026-05-12 20:47:07,2026-05-11 20:47:07,717,539,4735.85,155448.73,15,60051.17,Received
PO002992,SUP00013,PART01826,PLT0009,2026-04-19 08:40:07,2026-05-10 08:40:07,2026-05-22 08:40:07,3227,3227,4636.6,796095.95,18,182929.53,Received
PO002993,SUP00032,PART01543,PLT0026,2026-04-09 12:58:16,2026-05-24 12:58:16,2026-05-21 12:58:16,1673,1673,271.03,20627.33,5,2664.75,Received
PO002994,SUP00165,PART00331,PLT0015,2026-05-02 17:54:46,2026-06-16 17:54:46,2026-06-15 17:54:46,3234,3234,3236.76,731132.91,0,80668.81,Received
PO002995,SUP00029,PART00711,PLT0026,2026-04-20 09:37:43,2026-06-19 09:37:43,2026-06-16 09:37:43,2101,2101,2076.0,88365.22,0,30584.71,Received
PO002996,SUP00027,PART00576,PLT0012,2026-04-24 20:52:08,2026-05-01 20:52:08,2026-05-14 20:52:08,131,131,2971.65,16905.6,0,6344.27,Received
PO002997,SUP00182,PART00185,PLT0018,2026-04-08 13:23:53,2026-05-08 13:23:53,2026-05-12 13:23:53,3873,2937,206.07,56036.27,10,11979.9,Received
PO002998,SUP00007,PART00463,PLT0025,2026-03-17 09:38:22,2026-03-31 09:38:22,2026-03-30 09:38:22,1473,1473,135.18,8919.32,10,2241.63,Received
PO002999,SUP00038,PART00422,PLT0020,2026-03-10 12:05:59,2026-05-09 12:05:59,2026-05-07 12:05:59,3257,3257,234.68,28556.13,18,7368.99,Received
PO003000,SUP00154,PART00132,PLT0000,2026-06-05 04:49:06,2026-06-15 04:49:06,2026-06-15 04:49:06,339,339,3636.77,79728.83,15,9922.83,Received
PO003001,SUP00037,PART00446,PLT0024,2026-01-25 18:00:40,2026-02-04 18:00:40,2026-02-03 18:00:40,3691,3691,1079.03,245676.21,12.5,32280.9,Received
PO003002,SUP00185,PART01625,PLT0010,2026-01-25 17:22:34,2026-03-26 17:22:34,2026-03-25 17:22:34,2847,2847,1025.9,72585.62,18,37159.9,Received
PO003003,SUP00011,PART01541,PLT0004,2026-01-03 11:57:47,2026-01-13 11:57:47,2026-01-27 11:57:47,4474,4474,4885.02,1542656.64,10,275022.67,Received
PO003004,SUP00141,PART00845,PLT0004,2026-05-09 09:57:27,2026-06-23 09:57:27,2026-06-21 09:57:27,1687,1572,2622.73,320678.99,0,28353.85,Received
PO003005,SUP00075,PART01904,PLT0005,2026-04-08 13:53:49,2026-06-07 13:53:49,2026-06-04 13:53:49,4018,4018,2276.77,199438.74,5,133225.22,Received
PO003006,SUP00067,PART00868,PLT0012,2026-03-18 08:38:58,2026-05-02 08:38:58,2026-04-30 08:38:58,3983,3983,2304.55,224135.78,5,67699.71,Received
PO003007,SUP00031,PART01948,PLT0027,2026-03-05 08:59:27,2026-05-04 08:59:27,2026-05-02 08:59:27,2804,2804,981.82,88270.44,15,39001.14,Received
PO003008,SUP00010,PART01468,PLT0005,2026-05-10 16:22:26,2026-07-09 16:22:26,2026-07-07 16:22:26,302,302,4806.95,71763.39,5,14771.82,Received
PO003009,SUP00174,PART01410,PLT0006,2026-05-10 09:09:29,2026-06-24 09:09:29,2026-06-23 09:09:29,1322,1322,4863.44,413918.62,0,113681.74,Received
PO003010,SUP00152,PART00917,PLT0022,2026-03-06 02:00:56,2026-03-27 02:00:56,2026-03-27 02:00:56,4818,4818,3029.99,333519.69,5,84929.92,Received
PO003011,SUP00097,PART00824,PLT0016,2026-03-30 07:24:15,2026-04-09 07:24:15,2026-04-06 07:24:15,599,599,965.0,41322.23,12.5,5749.39,Received
PO003012,SUP00029,PART00581,PLT0027,2026-05-01 21:27:28,2026-06-30 21:27:28,2026-06-30 21:27:28,4150,4150,3595.24,1013970.11,18,127857.3,Received
PO003013,SUP00108,PART01029,PLT0028,2026-02-02 20:45:15,2026-04-03 20:45:15,2026-04-18 20:45:15,654,654,1926.65,46107.27,15,14648.79,Received
PO003014,SUP00033,PART00847,PLT0008,2026-04-22 12:38:16,2026-05-02 12:38:16,2026-04-29 12:38:16,745,745,3296.16,100983.07,12.5,43187.76,Received
PO003015,SUP00129,PART00281,PLT0016,2026-02-02 08:03:20,2026-04-03 08:03:20,2026-04-15 08:03:20,3218,3218,3537.31,615252.42,10,169018.38,Received
PO003016,SUP00004,PART01450,PLT0029,2026-04-20 10:20:58,2026-05-20 10:20:58,2026-05-20 10:20:58,1123,1123,951.03,57366.84,7.5,14638.12,Received
PO003017,SUP00164,PART00607,PLT0006,2026-05-11 06:38:03,2026-05-18 06:38:03,2026-06-01 06:38:03,2147,2147,256.5,21582.36,15,9640.01,Received
PO003018,SUP00010,PART00838,PLT0027,2026-03-18 17:14:35,2026-05-17 17:14:35,2026-05-16 17:14:35,4492,4492,1794.05,372446.94,10,42283.59,Received
PO003019,SUP00096,PART01508,PLT0028,2026-06-27 19:09:10,2026-07-07 19:09:10,2026-07-07 19:09:10,3060,3060,4872.76,942588.05,15,189865.08,Received
PO003020,SUP00141,PART00290,PLT0006,2026-04-20 13:55:32,2026-06-04 13:55:32,2026-06-02 13:55:32,4892,4892,472.04,99336.61,0,43540.88,Received
PO003021,SUP00162,PART01186,PLT0024,2026-02-25 07:09:24,2026-03-04 07:09:24,2026-03-01 07:09:24,301,301,1317.07,10451.91,10,5974.45,Received
PO003022,SUP00125,PART00839,PLT0001,2026-05-17 23:44:36,2026-07-01 23:44:36,2026-07-01 23:44:36,3640,3640,2797.33,612326.51,0,188735.91,Received
PO003023,SUP00036,PART01849,PLT0007,2026-05-04 02:07:33,2026-07-03 02:07:33,2026-07-03 02:07:33,596,596,2560.15,99944.82,12.5,16693.21,Received
PO003024,SUP00192,PART00976,PLT0013,2026-02-12 16:31:35,2026-04-13 16:31:35,2026-04-13 16:31:35,1683,1683,940.96,52913.56,7.5,19873.53,Received
PO003025,SUP00068,PART01834,PLT0012,2026-03-12 05:09:54,2026-04-11 05:09:54,2026-04-11 05:09:54,3818,3818,4085.15,854071.03,0,159287.01,Received
PO003026,SUP00121,PART01350,PLT0027,2026-03-05 07:09:40,2026-03-12 07:09:40,2026-03-10 07:09:40,1637,1637,2450.67,197968.12,0,39173.51,Received
PO003027,SUP00072,PART00800,PLT0026,2026-03-29 11:54:28,2026-05-28 11:54:28,2026-05-27 11:54:28,671,671,1550.31,66106.51,0,14412.93,Received
PO003028,SUP00094,PART01521,PLT0010,2026-02-22 12:50:09,2026-03-15 12:50:09,2026-03-30 12:50:09,4553,4553,1546.83,350088.21,5,111135.67,Received
PO003029,SUP00107,PART00102,PLT0024,2026-03-10 16:45:58,2026-03-31 16:45:58,2026-03-28 16:45:58,4422,4422,3891.73,1221684.85,10,140860.61,Received
PO003030,SUP00008,PART00193,PLT0004,2026-04-25 12:39:10,2026-05-02 12:39:10,2026-05-09 12:39:10,3487,3487,743.14,94136.04,15,43172.39,Received
PO003031,SUP00199,PART01832,PLT0001,2026-05-14 06:57:08,2026-05-28 06:57:08,2026-05-26 06:57:08,4274,4274,3288.3,292998.44,0,234616.61,Received
PO003032,SUP00161,PART00790,PLT0003,2026-03-03 06:15:39,2026-04-02 06:15:39,2026-03-30 06:15:39,156,156,1908.45,7210.85,0,5803.31,Received
PO003033,SUP00006,PART01894,PLT0001,2026-03-29 12:37:21,2026-04-05 12:37:21,2026-04-03 12:37:21,2160,2160,2513.37,407494.32,5,78512.79,Received
PO003034,SUP00168,PART01491,PLT0015,2026-02-24 23:08:32,2026-03-10 23:08:32,2026-03-07 23:08:32,4739,4739,2472.59,637721.81,0,156044.31,Received
PO003035,SUP00095,PART00565,PLT0003,2026-02-10 21:47:00,2026-03-03 21:47:00,2026-03-01 21:47:00,4762,4762,193.44,22164.07,5,6587.94,Received
PO003036,SUP00061,PART00411,PLT0000,2026-03-09 23:49:49,2026-03-19 23:49:49,2026-03-17 23:49:49,1484,1484,1554.3,55509.81,0,44971.7,Received
PO003037,SUP00091,PART01193,PLT0020,2026-01-09 03:01:59,2026-01-23 03:01:59,2026-01-21 03:01:59,4974,4974,2307.91,744785.33,7.5,85990.76,Received
PO003038,SUP00193,PART01182,PLT0009,2026-01-13 05:51:00,2026-01-23 05:51:00,2026-01-29 05:51:00,4676,4676,2781.29,747692.61,0,207180.72,Received
PO003039,SUP00099,PART00467,PLT0024,2026-01-28 02:13:12,2026-03-29 02:13:12,2026-03-26 02:13:12,3480,2136,2880.58,459242.23,12.5,175135.24,Received
PO003040,SUP00171,PART01723,PLT0023,2026-04-12 16:05:52,2026-06-11 16:05:52,2026-06-09 16:05:52,631,523,417.77,18423.08,0,3879.06,Received
PO003041,SUP00140,PART01155,PLT0019,2026-04-02 08:09:04,2026-05-17 08:09:04,2026-05-14 08:09:04,2399,2399,2968.82,441457.32,5,37891.58,Received
PO003042,SUP00037,PART00204,PLT0016,2026-02-08 04:00:10,2026-02-18 04:00:10,2026-02-17 04:00:10,4706,4706,4092.8,1117474.86,15,300171.71,Received
PO003043,SUP00074,PART00369,PLT0012,2026-05-27 01:05:21,2026-06-06 01:05:21,2026-06-05 01:05:21,86,86,1621.65,5703.3,7.5,1867.2,Received
PO003044,SUP00106,PART01128,PLT0010,2026-01-23 18:17:01,2026-02-02 18:17:01,2026-02-02 18:17:01,686,686,4569.2,158482.9,0,31710.83,Received
PO003045,SUP00173,PART01698,PLT0014,2026-03-20 20:03:30,2026-03-30 20:03:30,2026-04-07 20:03:30,635,635,1601.62,80601.86,18,13516.39,Received
PO003046,SUP00185,PART00276,PLT0024,2026-01-07 11:30:46,2026-03-08 11:30:46,2026-03-09 11:30:46,1328,1328,3817.99,400319.51,15,49657.65,Received
PO003047,SUP00002,PART00896,PLT0008,2026-01-07 12:06:17,2026-01-14 12:06:17,2026-01-13 12:06:17,2001,2001,270.16,11231.49,12.5,2808.04,Received
PO003048,SUP00002,PART00896,PLT0015,2026-04-13 21:20:50,2026-04-20 21:20:50,2026-04-19 21:20:50,2231,2231,270.16,29129.15,0,6431.14,Received
PO003049,SUP00091,PART00699,PLT0024,2026-06-20 23:10:09,2026-07-04 23:10:09,2026-07-03 23:10:09,3366,3366,3680.92,873389.99,15,238140.08,Received
PO003050,SUP00103,PART01429,PLT0011,2026-01-19 09:32:32,2026-02-02 09:32:32,2026-01-31 09:32:32,2641,2641,394.97,43168.25,0,10777.12,Received
PO003051,SUP00011,PART01472,PLT0009,2026-06-06 15:47:00,2026-06-16 15:47:00,2026-06-15 15:47:00,2697,2697,2927.87,356570.09,0,123247.58,Received
PO003052,SUP00001,PART01671,PLT0016,2026-03-12 22:25:22,2026-04-26 22:25:22,2026-05-09 22:25:22,893,893,488.73,16968.83,12.5,5300.45,Received
PO003053,SUP00108,PART00511,PLT0025,2026-02-15 02:14:23,2026-04-16 02:14:23,2026-04-14 02:14:23,660,660,4043.26,121871.41,12.5,33134.56,Received
PO003054,SUP00148,PART00075,PLT0020,2026-03-13 12:15:34,2026-04-12 12:15:34,2026-04-09 12:15:34,4408,4408,2322.45,578525.43,5,128581.98,Received
PO003055,SUP00159,PART00429,PLT0002,2026-06-16 21:28:18,2026-06-23 21:28:18,2026-06-21 21:28:18,3604,3604,2821.21,240281.13,15,99648.72,Received
PO003056,SUP00106,PART01951,PLT0013,2026-01-11 00:34:10,2026-01-21 00:34:10,2026-01-19 00:34:10,2868,2868,4398.64,773179.55,5,210188.36,Received
PO003057,SUP00141,PART01183,PLT0004,2026-02-17 10:06:01,2026-04-03 10:06:01,2026-04-01 10:06:01,1183,1183,934.1,43385.43,0,11144.36,Received
PO003058,SUP00039,PART00648,PLT0027,2026-06-21 00:02:22,2026-07-05 00:02:22,2026-07-17 00:02:22,3904,3576,1656.16,376805.57,12.5,50986.02,In Transit
PO003059,SUP00137,PART01113,PLT0000,2026-06-09 23:35:36,2026-06-23 23:35:36,2026-06-22 23:35:36,2256,1819,221.37,37196.02,15,3161.32,Received
PO003060,SUP00084,PART00225,PLT0021,2026-04-13 00:14:14,2026-04-20 00:14:14,2026-04-17 00:14:14,1366,1366,1181.43,98897.65,12.5,22109.65,Received
PO003061,SUP00153,PART00947,PLT0023,2026-02-18 17:27:08,2026-04-04 17:27:08,2026-04-03 17:27:08,1816,1816,2271.42,88582.73,18,41942.54,Received
PO003062,SUP00192,PART00571,PLT0015,2026-04-19 19:01:50,2026-06-18 19:01:50,2026-06-17 19:01:50,3435,3435,4980.71,928112.42,5,321132.74,Received
PO003063,SUP00125,PART01631,PLT0019,2026-01-31 02:25:53,2026-03-17 02:25:53,2026-03-15 02:25:53,789,789,3150.76,156026.86,0,47226.55,Received
PO003064,SUP00077,PART01437,PLT0007,2026-01-28 02:06:26,2026-03-14 02:06:26,2026-03-14 02:06:26,3259,3259,1860.48,208815.22,7.5,109219.04,Received
PO003065,SUP00107,PART00194,PLT0029,2026-04-08 10:33:29,2026-04-29 10:33:29,2026-04-27 10:33:29,3065,3065,957.97,207290.49,0,28699.57,Received
PO003066,SUP00072,PART01838,PLT0016,2026-02-16 09:59:26,2026-04-17 09:59:26,2026-04-17 09:59:26,469,277,4717.06,74066.69,5,41079.52,Received
PO003067,SUP00181,PART00324,PLT0016,2026-01-30 06:08:18,2026-02-13 06:08:18,2026-02-12 06:08:18,2723,2723,4765.26,937692.66,0,124895.68,Received
PO003068,SUP00105,PART00914,PLT0018,2026-06-07 22:21:55,2026-06-28 22:21:55,2026-06-25 22:21:55,3001,3001,4401.26,602265.85,18,181786.84,Received
PO003069,SUP00096,PART00894,PLT0020,2026-01-28 01:05:59,2026-02-07 01:05:59,2026-02-06 01:05:59,3053,3053,3476.88,478409.71,18,118003.3,Received
PO003070,SUP00036,PART01098,PLT0010,2026-03-16 22:35:09,2026-05-15 22:35:09,2026-05-14 22:35:09,2491,2491,1680.84,96435.74,18,72686.19,Received
PO003071,SUP00037,PART01931,PLT0017,2026-02-03 22:48:31,2026-02-13 22:48:31,2026-02-12 22:48:31,3011,3011,756.78,69785.47,7.5,24896.47,Received
PO003072,SUP00115,PART01910,PLT0028,2026-05-10 00:14:01,2026-05-24 00:14:01,2026-05-23 00:14:01,689,689,422.04,10074.33,18,2734.17,Received
PO003073,SUP00093,PART00085,PLT0003,2026-04-02 02:06:55,2026-04-09 02:06:55,2026-04-06 02:06:55,1297,1297,2622.72,70948.21,5,52776.81,Received
PO003074,SUP00076,PART00829,PLT0009,2026-04-29 04:35:05,2026-05-13 04:35:05,2026-05-11 04:35:05,4142,4142,615.1,63296.58,0,29290.42,Received
PO003075,SUP00008,PART00490,PLT0008,2026-06-15 16:21:22,2026-06-22 16:21:22,2026-06-21 16:21:22,333,333,817.47,6996.27,0,2946.17,Received
PO003076,SUP00145,PART00481,PLT0024,2026-03-14 21:14:11,2026-05-13 21:14:11,2026-05-12 21:14:11,4343,4343,4254.53,1297579.78,7.5,112445.43,Received
PO003077,SUP00167,PART01536,PLT0000,2026-04-14 13:55:33,2026-04-28 13:55:33,2026-04-25 13:55:33,3149,3149,4158.07,965060.98,10,80386.38,Received
PO003078,SUP00173,PART01715,PLT0003,2026-05-04 01:58:39,2026-05-14 01:58:39,2026-05-12 01:58:39,4367,4367,1885.9,182693.97,12.5,133516.4,Received
PO003079,SUP00026,PART01515,PLT0021,2026-01-12 16:14:44,2026-03-13 16:14:44,2026-03-10 16:14:44,100,100,1644.33,9120.81,0,1912.84,Received
PO003080,SUP00178,PART01254,PLT0021,2026-03-07 03:32:43,2026-05-06 03:32:43,2026-05-06 03:32:43,3160,1497,4507.54,551746.22,0,277271.14,Received
PO003081,SUP00142,PART00852,PLT0012,2026-05-02 15:38:19,2026-05-16 15:38:19,2026-05-14 15:38:19,2666,2347,4006.09,355127.8,0,199054.65,Received
PO003082,SUP00198,PART00881,PLT0011,2026-01-11 20:52:40,2026-02-10 20:52:40,2026-02-25 20:52:40,2293,2293,429.97,32227.36,18,13392.29,Received
PO003083,SUP00038,PART00709,PLT0008,2026-02-19 08:51:44,2026-04-20 08:51:44,2026-04-21 08:51:44,3825,3825,2575.13,236990.75,0,150754.78,Received
PO003084,SUP00149,PART01548,PLT0005,2026-04-30 17:18:27,2026-06-29 17:18:27,2026-06-29 17:18:27,1433,1433,2908.03,248060.41,10,60759.59,Received
PO003085,SUP00086,PART01534,PLT0000,2026-06-13 05:10:12,2026-07-04 05:10:12,2026-07-01 05:10:12,822,822,4427.48,146991.58,5,54066.29,Received
PO003086,SUP00178,PART01589,PLT0003,2026-04-08 00:22:45,2026-06-07 00:22:45,2026-06-05 00:22:45,3778,3778,1926.4,283893.22,7.5,116688.19,Received
PO003087,SUP00090,PART00135,PLT0005,2026-04-20 07:20:08,2026-05-11 07:20:08,2026-05-25 07:20:08,4575,4575,1760.98,302620.92,0,59208.81,Received
PO003088,SUP00188,PART01680,PLT0025,2026-02-04 22:24:26,2026-04-05 22:24:26,2026-04-05 22:24:26,2970,2970,3170.72,290608.45,18,129932.98,Received
PO003089,SUP00066,PART01392,PLT0011,2026-01-27 22:21:00,2026-03-13 22:21:00,2026-03-10 22:21:00,3265,3265,607.84,54004.66,0,22338.3,Received
PO003090,SUP00140,PART00880,PLT0005,2026-03-06 21:19:08,2026-04-20 21:19:08,2026-05-04 21:19:08,2733,2733,2381.89,316590.33,5,128910.25,Received
PO003091,SUP00138,PART00278,PLT0008,2026-05-26 14:29:14,2026-06-09 14:29:14,2026-06-11 14:29:14,1947,1095,3602.97,163102.67,0,73521.37,Received
PO003092,SUP00166,PART01519,PLT0024,2026-02-02 16:44:16,2026-02-23 16:44:16,2026-02-20 16:44:16,1294,1294,1561.78,69485.11,5,25438.47,Received
PO003093,SUP00027,PART00576,PLT0009,2026-01-10 04:18:27,2026-01-17 04:18:27,2026-01-16 04:18:27,3997,3997,2971.65,490391.67,5,165597.05,Received
PO003094,SUP00154,PART01212,PLT0008,2026-01-30 23:22:08,2026-02-09 23:22:08,2026-02-18 23:22:08,2969,2969,3773.98,236978.59,5,221634.93,Received
PO003095,SUP00036,PART01070,PLT0013,2026-05-05 09:15:09,2026-07-04 09:15:09,2026-07-04 09:15:09,2405,2405,896.32,127876.67,0,29881.07,Received
PO003096,SUP00197,PART00095,PLT0016,2026-03-04 00:09:17,2026-03-14 00:09:17,2026-03-20 00:09:17,518,518,4222.92,79499.14,18,38989.76,Received
PO003097,SUP00165,PART01353,PLT0003,2026-03-06 23:15:19,2026-04-20 23:15:19,2026-04-18 23:15:19,1015,1015,4866.49,368872.61,15,60871.27,Received
PO003098,SUP00009,PART00214,PLT0001,2026-04-30 06:47:39,2026-05-07 06:47:39,2026-05-05 06:47:39,2416,2416,3694.74,485094.77,5,120686.18,Received
PO003099,SUP00032,PART01416,PLT0002,2026-04-02 14:07:14,2026-05-17 14:07:14,2026-05-15 14:07:14,130,130,3626.87,29516.18,10,5147.42,Received
PO003100,SUP00110,PART01391,PLT0028,2026-04-08 21:23:32,2026-04-22 21:23:32,2026-04-19 21:23:32,2749,2749,164.69,22277.08,5,5515.62,Received
PO003101,SUP00140,PART01598,PLT0008,2026-04-27 06:57:43,2026-06-11 06:57:43,2026-06-08 06:57:43,90,90,2426.37,7238.49,12.5,3481.78,Received
PO003102,SUP00084,PART01571,PLT0009,2026-06-15 06:53:08,2026-06-22 06:53:08,2026-06-30 06:53:08,2207,2207,772.69,34790.04,0,22422.44,Received
PO003103,SUP00031,PART00395,PLT0013,2026-04-11 08:16:00,2026-06-10 08:16:00,2026-06-09 08:16:00,2962,2962,4483.48,371384.06,18,201534.47,Received
PO003104,SUP00132,PART01199,PLT0020,2026-02-24 18:23:53,2026-03-10 18:23:53,2026-03-09 18:23:53,4808,4808,4117.46,829502.3,12.5,104392.57,Received
PO003105,SUP00074,PART00810,PLT0019,2026-05-31 07:49:26,2026-06-10 07:49:26,2026-06-07 07:49:26,3663,3663,50.62,11384.2,12.5,2091.74,Received
PO003106,SUP00098,PART00593,PLT0017,2026-01-10 23:10:02,2026-03-11 23:10:02,2026-03-11 23:10:02,3550,3550,4811.74,823214.22,0,203254.85,Received
PO003107,SUP00078,PART00306,PLT0008,2026-05-06 17:41:12,2026-07-05 17:41:12,2026-07-04 17:41:12,2821,2821,1806.7,219812.66,7.5,37465.75,Received
PO003108,SUP00027,PART01699,PLT0028,2026-04-11 00:44:22,2026-04-18 00:44:22,2026-04-17 00:44:22,143,143,3320.4,27276.87,10,4085.77,Received
PO003109,SUP00023,PART00750,PLT0004,2026-05-24 18:58:01,2026-06-07 18:58:01,2026-06-04 18:58:01,392,392,3685.94,75478.0,10,11303.49,Received
PO003110,SUP00026,PART01228,PLT0025,2026-04-19 12:26:54,2026-06-18 12:26:54,2026-07-03 12:26:54,1989,1989,1977.08,282758.43,0,24622.05,Received
PO003111,SUP00157,PART01268,PLT0025,2026-04-27 23:26:12,2026-06-11 23:26:12,2026-06-09 23:26:12,3779,2077,1343.34,250608.89,15,90580.72,Received
PO003112,SUP00148,PART00075,PLT0008,2026-05-28 17:49:23,2026-06-27 17:49:23,2026-06-27 17:49:23,4767,3109,2322.45,266494.33,7.5,115902.55,Received
PO003113,SUP00128,PART01621,PLT0012,2026-06-17 00:45:53,2026-07-08 00:45:53,2026-07-05 00:45:53,3742,3742,2557.58,412456.03,0,143077.04,Received
PO003114,SUP00051,PART01583,PLT0021,2026-02-18 16:53:48,2026-02-25 16:53:48,2026-02-22 16:53:48,1734,1076,3585.28,461517.85,0,117111.6,Received
PO003115,SUP00055,PART01062,PLT0027,2026-05-25 19:45:54,2026-06-04 19:45:54,2026-06-04 19:45:54,4120,2359,289.13,68487.72,7.5,21866.08,Received
PO003116,SUP00010,PART00064,PLT0015,2026-02-01 08:51:50,2026-04-02 08:51:50,2026-04-17 08:51:50,4169,4169,365.02,76659.06,15,25912.9,Received
PO003117,SUP00123,PART01387,PLT0023,2026-03-24 09:34:59,2026-05-23 09:34:59,2026-06-02 09:34:59,4868,4868,3455.03,659585.37,15,129768.88,Received
PO003118,SUP00119,PART00840,PLT0007,2026-03-01 20:19:44,2026-03-22 20:19:44,2026-03-22 20:19:44,312,312,2720.38,60720.78,15,16933.52,Received
PO003119,SUP00164,PART01878,PLT0022,2026-03-23 11:22:52,2026-03-30 11:22:52,2026-03-30 11:22:52,1241,1241,1437.41,122286.63,0,23614.73,Received
PO003120,SUP00014,PART00136,PLT0017,2026-01-28 21:05:15,2026-02-07 21:05:15,2026-02-17 21:05:15,1013,1013,1376.4,68923.59,18,20017.72,Received
PO003121,SUP00075,PART01736,PLT0017,2026-04-09 19:36:17,2026-06-08 19:36:17,2026-06-07 19:36:17,2165,2165,235.6,30821.84,0,7328.65,Received
PO003122,SUP00186,PART00828,PLT0000,2026-05-04 22:06:54,2026-06-18 22:06:54,2026-06-18 22:06:54,2898,2898,4681.4,727386.07,10,246032.29,Received
PO003123,SUP00031,PART00395,PLT0014,2026-02-14 01:28:33,2026-04-15 01:28:33,2026-04-13 01:28:33,1807,1807,4483.48,364409.17,0,104869.23,Received
PO003124,SUP00128,PART00754,PLT0018,2026-03-20 08:43:25,2026-04-10 08:43:25,2026-04-11 08:43:25,4089,4089,2533.66,477731.04,7.5,91470.0,Received
PO003125,SUP00081,PART01454,PLT0029,2026-06-14 13:08:46,2026-07-05 13:08:46,2026-07-03 13:08:46,68,68,2077.61,9152.06,7.5,783.12,Received
PO003126,SUP00035,PART00910,PLT0011,2026-03-21 16:07:29,2026-05-05 16:07:29,2026-05-04 16:07:29,1057,1057,3421.82,164091.77,0,42201.55,Received
PO003127,SUP00183,PART01243,PLT0015,2026-01-31 20:33:35,2026-03-02 20:33:35,2026-03-01 20:33:35,1495,1495,2459.94,184609.25,10,59714.73,Received
PO003128,SUP00099,PART00625,PLT0004,2026-03-30 01:14:24,2026-05-29 01:14:24,2026-06-10 01:14:24,2240,2240,3653.82,452781.32,15,111603.37,Received
PO003129,SUP00185,PART01517,PLT0019,2026-01-29 23:19:52,2026-03-30 23:19:52,2026-04-05 23:19:52,991,991,1285.15,74535.96,15,19542.89,Received
PO003130,SUP00095,PART01663,PLT0013,2026-03-21 04:47:26,2026-04-11 04:47:26,2026-04-09 04:47:26,2309,2309,3666.55,646628.75,18,156791.84,Received
PO003131,SUP00127,PART00945,PLT0026,2026-04-19 19:09:03,2026-04-29 19:09:03,2026-04-28 19:09:03,4017,3617,65.98,18651.1,10,2070.69,Received
PO003132,SUP00179,PART01202,PLT0023,2026-05-16 02:55:59,2026-06-15 02:55:59,2026-06-15 02:55:59,3573,3573,4231.12,751866.94,0,202180.5,Received
PO003133,SUP00191,PART00399,PLT0022,2026-03-19 22:12:12,2026-05-18 22:12:12,2026-05-18 22:12:12,3945,3945,2591.16,342072.74,0,90545.29,Received
PO003134,SUP00002,PART01972,PLT0029,2026-01-31 15:25:34,2026-02-07 15:25:34,2026-02-07 15:25:34,432,432,4043.7,56002.63,0,19451.72,Received
PO003135,SUP00188,PART00812,PLT0027,2026-04-06 23:09:06,2026-06-05 23:09:06,2026-06-04 23:09:06,3984,3984,1976.79,157793.1,0,156401.67,Received
PO003136,SUP00155,PART01804,PLT0014,2026-04-22 18:44:18,2026-05-13 18:44:18,2026-05-25 18:44:18,3889,3889,1430.16,254726.15,10,28582.89,Received
PO003137,SUP00102,PART01788,PLT0025,2026-05-28 18:52:11,2026-06-18 18:52:11,2026-06-15 18:52:11,1338,1338,1627.81,122947.28,0,33352.54,Received
PO003138,SUP00001,PART00431,PLT0016,2026-04-17 08:44:14,2026-06-01 08:44:14,2026-05-29 08:44:14,3385,3385,3803.61,362174.84,0,228184.85,Received
PO003139,SUP00168,PART00897,PLT0001,2026-01-28 22:19:37,2026-02-11 22:19:37,2026-02-09 22:19:37,2069,1278,3303.56,540251.41,5,93082.02,Received
PO003140,SUP00103,PART00652,PLT0016,2026-03-01 23:57:14,2026-03-15 23:57:14,2026-03-20 23:57:14,4002,4002,801.06,144623.56,7.5,34492.46,Received
PO003141,SUP00014,PART00957,PLT0028,2026-04-10 11:49:49,2026-04-20 11:49:49,2026-04-20 11:49:49,1722,1722,1053.18,38604.78,0,17780.46,Received
PO003142,SUP00170,PART01629,PLT0022,2026-03-10 03:24:39,2026-03-24 03:24:39,2026-03-23 03:24:39,3268,1734,2698.86,192014.86,15,74056.31,Received
PO003143,SUP00097,PART01771,PLT0004,2026-01-31 01:05:20,2026-02-10 01:05:20,2026-02-10 01:05:20,3588,3588,4762.66,788214.01,10,158876.29,Received
PO003144,SUP00173,PART00008,PLT0010,2026-02-15 11:58:18,2026-02-25 11:58:18,2026-02-24 11:58:18,2325,2325,708.08,128901.05,0,25310.15,Received
PO003145,SUP00158,PART00843,PLT0018,2026-02-23 21:26:04,2026-03-02 21:26:04,2026-03-01 21:26:04,1415,955,3669.62,239167.94,0,62286.4,Received
PO003146,SUP00067,PART01363,PLT0000,2026-03-13 00:15:10,2026-04-27 00:15:10,2026-04-27 00:15:10,2014,1380,3787.98,589067.1,15,63818.58,Received
PO003147,SUP00118,PART00237,PLT0007,2026-03-15 10:22:18,2026-03-25 10:22:18,2026-03-22 10:22:18,4620,4620,2286.71,789779.11,18,113809.72,Received
PO003148,SUP00104,PART00730,PLT0010,2026-06-11 14:08:28,2026-06-21 14:08:28,2026-06-18 14:08:28,952,952,1419.92,29482.43,0,26891.38,Received
PO003149,SUP00165,PART00712,PLT0021,2026-03-12 22:52:16,2026-04-26 22:52:16,2026-04-27 22:52:16,3033,1474,2397.71,558334.42,0,97680.47,Received
PO003150,SUP00170,PART01088,PLT0015,2026-06-22 17:17:39,2026-07-06 17:17:39,2026-07-04 17:17:39,808,808,595.34,15131.96,18,6657.47,Received
PO003151,SUP00072,PART01343,PLT0005,2026-03-03 17:49:06,2026-05-02 17:49:06,2026-05-01 17:49:06,3319,3319,4317.08,657001.53,0,153931.81,Received
PO003152,SUP00033,PART00383,PLT0010,2026-05-10 05:30:39,2026-05-20 05:30:39,2026-05-18 05:30:39,765,765,1015.58,51029.47,15,11981.49,Received
PO003153,SUP00182,PART00743,PLT0002,2026-04-24 14:26:18,2026-05-24 14:26:18,2026-05-22 14:26:18,4866,4866,3071.76,358956.95,0,176603.02,Received
PO003154,SUP00055,PART00405,PLT0008,2026-05-29 14:14:09,2026-06-08 14:14:09,2026-06-21 14:14:09,2788,2788,2938.88,173652.13,0,117710.74,Received
PO003155,SUP00169,PART01008,PLT0013,2026-01-31 23:20:26,2026-04-01 23:20:26,2026-03-30 23:20:26,3465,3465,2724.91,413576.58,12.5,58106.59,Received
PO003156,SUP00021,PART00304,PLT0022,2026-06-06 05:23:30,2026-07-06 05:23:30,2026-07-19 05:23:30,2797,2797,3991.29,767438.4,0,197627.57,In Transit
PO003157,SUP00176,PART01619,PLT0008,2026-03-29 07:31:51,2026-05-28 07:31:51,2026-05-28 07:31:51,69,69,880.78,3140.88,0,456.86,Received
PO003158,SUP00081,PART01475,PLT0014,2026-01-15 00:57:01,2026-02-05 00:57:01,2026-02-03 00:57:01,406,406,3054.17,66133.03,7.5,10780.35,Received
PO003159,SUP00100,PART01572,PLT0025,2026-02-28 15:36:43,2026-04-14 15:36:43,2026-04-14 15:36:43,1162,794,4900.96,280486.05,5,29182.4,Received
PO003160,SUP00189,PART00029,PLT0016,2026-01-04 12:25:58,2026-02-18 12:25:58,2026-02-18 12:25:58,2750,2474,875.36,121498.4,18,16395.89,Received
PO003161,SUP00168,PART00032,PLT0006,2026-02-12 01:34:14,2026-02-26 01:34:14,2026-02-26 01:34:14,2834,1995,3637.58,664558.24,0,103981.22,Received
PO003162,SUP00025,PART01943,PLT0022,2026-02-12 23:35:39,2026-03-14 23:35:39,2026-03-11 23:35:39,4894,4894,3172.37,901815.98,0,258786.57,Received
PO003163,SUP00039,PART00140,PLT0003,2026-03-21 19:04:57,2026-04-04 19:04:57,2026-04-02 19:04:57,3474,3474,4747.59,465531.81,0,122237.98,Received
PO003164,SUP00111,PART01957,PLT0028,2026-02-26 10:21:02,2026-03-08 10:21:02,2026-03-16 10:21:02,3507,3507,4521.34,454303.14,0,114728.33,Received
PO003165,SUP00192,PART01403,PLT0023,2026-03-09 07:48:55,2026-05-08 07:48:55,2026-05-07 07:48:55,3298,3298,3149.05,239849.18,7.5,148808.66,Received
PO003166,SUP00114,PART01686,PLT0017,2026-06-02 03:00:28,2026-06-16 03:00:28,2026-06-26 03:00:28,2679,2679,4936.16,936708.27,12.5,67012.46,Received
PO003167,SUP00006,PART01185,PLT0004,2026-01-01 02:16:21,2026-01-08 02:16:21,2026-01-08 02:16:21,2177,2177,2798.61,256903.44,10,75740.1,Received
PO003168,SUP00122,PART01846,PLT0027,2026-01-24 07:09:44,2026-03-10 07:09:44,2026-03-07 07:09:44,2953,2953,4078.25,862732.69,18,174332.82,Received
PO003169,SUP00177,PART00432,PLT0000,2026-02-25 10:06:17,2026-03-18 10:06:17,2026-03-28 10:06:17,2879,2879,1168.82,128518.61,18,45586.58,Received
PO003170,SUP00032,PART01543,PLT0012,2026-02-26 10:46:05,2026-04-12 10:46:05,2026-04-09 10:46:05,2267,2267,271.03,31766.87,0,11142.33,Received
PO003171,SUP00188,PART01446,PLT0029,2026-04-20 10:16:55,2026-06-19 10:16:55,2026-06-23 10:16:55,1116,1116,4790.61,378632.81,0,64564.6,Received
PO003172,SUP00096,PART00302,PLT0008,2026-06-23 11:17:31,2026-07-03 11:17:31,2026-06-30 11:17:31,3208,3208,2455.56,590896.3,12.5,51054.14,Received
PO003173,SUP00175,PART00445,PLT0021,2026-06-18 05:44:58,2026-07-02 05:44:58,2026-06-30 05:44:58,4064,4064,4263.15,912102.75,0,217603.75,Received
PO003174,SUP00006,PART00027,PLT0022,2026-03-04 16:52:44,2026-03-11 16:52:44,2026-03-15 16:52:44,4773,4773,3993.58,1392827.43,0,243435.88,Received
PO003175,SUP00065,PART00755,PLT0008,2026-05-04 00:16:26,2026-06-18 00:16:26,2026-06-23 00:16:26,1203,1203,4735.34,275884.55,18,58635.56,Received
PO003176,SUP00105,PART01117,PLT0029,2026-04-10 00:31:16,2026-05-01 00:31:16,2026-04-30 00:31:16,174,174,1142.77,8547.11,12.5,2823.23,Received
PO003177,SUP00115,PART00364,PLT0011,2026-05-09 23:52:52,2026-05-23 23:52:52,2026-05-30 23:52:52,1213,775,1492.06,53923.15,5,20297.26,Received
PO003178,SUP00190,PART00483,PLT0002,2026-02-03 18:58:44,2026-04-04 18:58:44,2026-04-03 18:58:44,2133,2133,4683.76,323207.56,10,194601.97,Received
PO003179,SUP00034,PART01300,PLT0015,2026-04-19 22:33:35,2026-05-19 22:33:35,2026-06-01 22:33:35,318,318,3152.63,77911.12,0,18456.95,Received
PO003180,SUP00140,PART00036,PLT0002,2026-03-30 05:25:32,2026-05-14 05:25:32,2026-05-14 05:25:32,3494,3494,1378.7,181954.6,0,33733.7,Received
PO003181,SUP00107,PART00791,PLT0021,2026-05-28 06:24:08,2026-06-18 06:24:08,2026-06-16 06:24:08,3775,3775,3204.7,506717.08,5,110858.8,Received
PO003182,SUP00063,PART01802,PLT0026,2026-05-05 18:26:45,2026-06-04 18:26:45,2026-06-03 18:26:45,649,649,4715.28,101041.44,5,49083.86,Received
PO003183,SUP00187,PART00253,PLT0026,2026-04-13 15:23:56,2026-05-04 15:23:56,2026-05-01 15:23:56,3889,2918,4967.45,1416158.23,12.5,281970.91,Received
PO003184,SUP00096,PART01965,PLT0023,2026-02-19 21:44:31,2026-03-01 21:44:31,2026-02-28 21:44:31,473,473,4203.08,51402.35,0,18745.65,Received
PO003185,SUP00129,PART01129,PLT0007,2026-04-09 21:29:43,2026-06-08 21:29:43,2026-06-05 21:29:43,4619,4619,4956.41,482383.57,0,335075.34,Received
PO003186,SUP00163,PART00915,PLT0015,2026-05-19 04:09:23,2026-05-26 04:09:23,2026-05-24 04:09:23,1866,1866,3729.32,528819.46,7.5,49665.79,Received
PO003187,SUP00189,PART00664,PLT0006,2026-04-25 20:27:47,2026-06-09 20:27:47,2026-06-08 20:27:47,1147,1147,4144.6,197784.21,15,57775.5,Received
PO003188,SUP00098,PART01576,PLT0005,2026-03-30 13:03:29,2026-05-29 13:03:29,2026-05-27 13:03:29,3702,3702,999.0,84595.2,0,55014.18,Received
PO003189,SUP00070,PART01067,PLT0016,2026-03-08 20:26:15,2026-04-22 20:26:15,2026-04-22 20:26:15,2359,2359,1290.4,139778.55,0,25597.79,Received
PO003190,SUP00092,PART00775,PLT0006,2026-04-14 03:46:48,2026-05-29 03:46:48,2026-05-26 03:46:48,4426,4426,1900.24,588152.92,7.5,64299.58,Received
PO003191,SUP00013,PART01605,PLT0000,2026-05-28 05:05:48,2026-06-18 05:05:48,2026-06-16 05:05:48,3835,3835,1956.14,459737.66,18,65256.34,Received
PO003192,SUP00105,PART01358,PLT0016,2026-06-03 17:06:11,2026-06-24 17:06:11,2026-06-21 17:06:11,3939,3939,2569.51,435207.05,5,154218.67,Received
PO003193,SUP00188,PART00363,PLT0016,2026-03-08 02:04:00,2026-05-07 02:04:00,2026-05-07 02:04:00,1280,1169,1096.62,54222.78,0,24960.98,Received
PO003194,SUP00082,PART01459,PLT0021,2026-05-17 17:14:15,2026-05-27 17:14:15,2026-05-25 17:14:15,3421,3421,1603.61,256228.6,15,70659.52,Received
PO003195,SUP00051,PART01624,PLT0002,2026-04-11 22:31:30,2026-04-18 22:31:30,2026-04-28 22:31:30,4283,4283,692.09,97567.22,12.5,48003.74,Received
PO003196,SUP00070,PART00160,PLT0027,2026-02-13 15:45:39,2026-03-30 15:45:39,2026-04-05 15:45:39,2430,2430,985.53,95031.42,0,37273.13,Received
PO003197,SUP00154,PART00132,PLT0003,2026-05-19 07:45:18,2026-05-29 07:45:18,2026-05-26 07:45:18,1466,1466,3636.77,308979.0,0,33645.89,Received
PO003198,SUP00136,PART00575,PLT0014,2026-02-11 12:12:47,2026-02-25 12:12:47,2026-02-22 12:12:47,1177,1177,4383.34,164073.24,12.5,94155.83,Received
PO003199,SUP00192,PART00723,PLT0009,2026-04-20 06:29:15,2026-06-19 06:29:15,2026-07-04 06:29:15,4092,4092,4389.37,973709.82,15,239052.88,Received
PO003200,SUP00060,PART01293,PLT0004,2026-01-27 05:49:23,2026-03-28 05:49:23,2026-03-28 05:49:23,240,240,455.8,2827.24,7.5,838.88,Received
PO003201,SUP00174,PART01673,PLT0013,2026-05-10 16:11:46,2026-06-24 16:11:46,2026-06-24 16:11:46,3286,3286,3023.84,249882.99,15,97877.36,Received
PO003202,SUP00023,PART00696,PLT0003,2026-02-19 04:44:03,2026-03-05 04:44:03,2026-03-18 04:44:03,400,400,673.74,11818.02,0,3904.19,Received
PO003203,SUP00051,PART01606,PLT0021,2026-06-06 05:33:00,2026-06-13 05:33:00,2026-06-13 05:33:00,62,62,248.08,890.09,10,195.69,Received
PO003204,SUP00069,PART00990,PLT0028,2026-02-05 14:40:19,2026-02-19 14:40:19,2026-02-18 14:40:19,4013,3591,2714.93,409433.44,12.5,123692.05,Received
PO003205,SUP00123,PART01441,PLT0021,2026-01-25 22:53:37,2026-03-26 22:53:37,2026-03-25 22:53:37,417,246,342.48,6769.15,15,1046.73,Received
PO003206,SUP00064,PART00679,PLT0002,2026-02-04 23:03:13,2026-04-05 23:03:13,2026-04-03 23:03:13,1734,1734,924.04,54639.42,5,30712.93,Received
PO003207,SUP00158,PART00948,PLT0011,2026-05-12 04:07:11,2026-05-19 04:07:11,2026-05-16 04:07:11,4127,4127,1227.34,177493.06,0,54806.02,Received
PO003208,SUP00183,PART01705,PLT0024,2026-03-07 00:18:39,2026-04-06 00:18:39,2026-04-03 00:18:39,2693,2693,4905.81,791847.78,0,125419.9,Received
PO003209,SUP00032,PART01325,PLT0018,2026-03-26 23:22:45,2026-05-10 23:22:45,2026-05-08 23:22:45,58,58,588.63,1660.7,0,614.93,Received
PO003210,SUP00054,PART00061,PLT0025,2026-03-22 04:25:11,2026-05-06 04:25:11,2026-05-06 04:25:11,3993,3993,43.4,13826.77,12.5,3173.2,Received
PO003211,SUP00137,PART00844,PLT0019,2026-05-29 03:35:01,2026-06-12 03:35:01,2026-06-10 03:35:01,3937,3937,1606.87,447145.64,0,75231.43,Received
PO003212,SUP00061,PART01537,PLT0029,2026-02-03 01:33:15,2026-02-13 01:33:15,2026-02-12 01:33:15,3066,3066,4680.89,717969.65,5,240238.98,Received
PO003213,SUP00087,PART01505,PLT0001,2026-02-12 08:03:52,2026-03-29 08:03:52,2026-03-28 08:03:52,3219,2788,543.66,95148.53,0,31944.66,Received
PO003214,SUP00066,PART00667,PLT0017,2026-03-28 12:07:49,2026-05-12 12:07:49,2026-05-09 12:07:49,4060,4060,2876.94,744714.0,15,228278.69,Received
PO003215,SUP00094,PART01554,PLT0002,2026-05-25 21:09:37,2026-06-15 21:09:37,2026-06-12 21:09:37,1490,1490,2258.5,112530.59,7.5,57798.0,Received
PO003216,SUP00002,PART01722,PLT0012,2026-02-22 01:06:28,2026-03-01 01:06:28,2026-03-08 01:06:28,639,639,3163.51,86383.32,7.5,28585.58,Received
PO003217,SUP00050,PART01308,PLT0025,2026-04-28 23:07:38,2026-05-28 23:07:38,2026-05-25 23:07:38,1987,1987,4534.69,490046.94,0,161372.26,Received
PO003218,SUP00113,PART01877,PLT0014,2026-03-06 19:22:05,2026-05-05 19:22:05,2026-05-03 19:22:05,2144,2144,2353.57,363564.71,0,69363.2,Received
PO003219,SUP00098,PART00130,PLT0020,2026-04-28 12:13:47,2026-06-27 12:13:47,2026-07-04 12:13:47,3334,3334,4447.99,311282.06,12.5,118826.2,Received
PO003220,SUP00145,PART00297,PLT0022,2026-01-23 22:28:48,2026-03-24 22:28:48,2026-03-24 22:28:48,2988,2988,1499.89,194192.83,0,52345.91,Received
PO003221,SUP00055,PART00946,PLT0027,2026-05-24 21:09:19,2026-06-03 21:09:19,2026-06-16 21:09:19,504,434,3041.88,76786.87,0,12367.92,Received
PO003222,SUP00020,PART01339,PLT0011,2026-02-07 22:40:58,2026-04-08 22:40:58,2026-04-20 22:40:58,3952,3952,4185.7,1317001.06,5,232666.27,Received
PO003223,SUP00092,PART00747,PLT0029,2026-02-01 02:04:50,2026-03-18 02:04:50,2026-03-17 02:04:50,4929,4929,3077.87,985465.4,12.5,176133.25,Received
PO003224,SUP00127,PART00960,PLT0022,2026-01-12 21:09:43,2026-01-22 21:09:43,2026-01-20 21:09:43,4283,4283,4635.89,1247991.41,0,240510.87,Received
PO003225,SUP00125,PART00373,PLT0022,2026-04-25 03:25:05,2026-06-09 03:25:05,2026-06-16 03:25:05,4976,2881,3808.56,1179310.94,0,371623.74,Received
PO003226,SUP00123,PART01926,PLT0015,2026-01-02 20:06:45,2026-03-03 20:06:45,2026-03-02 20:06:45,4751,4751,997.03,315267.57,0,38758.04,Received
PO003227,SUP00023,PART00263,PLT0012,2026-04-09 21:34:39,2026-04-23 21:34:39,2026-04-20 21:34:39,2194,2194,4611.52,297421.6,5,116539.25,Received
PO003228,SUP00058,PART01116,PLT0027,2026-04-15 00:44:58,2026-04-29 00:44:58,2026-04-27 00:44:58,4143,4143,3736.7,953504.28,0,199621.84,Received
PO003229,SUP00137,PART00353,PLT0022,2026-05-02 10:35:37,2026-05-16 10:35:37,2026-05-16 10:35:37,4886,4886,2118.08,463845.32,0,125158.19,Received
PO003230,SUP00154,PART01364,PLT0029,2026-03-12 19:06:02,2026-03-22 19:06:02,2026-03-21 19:06:02,1320,1320,1059.29,58889.36,0,21480.18,Received
PO003231,SUP00197,PART00661,PLT0017,2026-04-06 04:42:46,2026-04-16 04:42:46,2026-04-13 04:42:46,1647,1647,416.32,41150.28,0,9053.75,Received
PO003232,SUP00057,PART01781,PLT0022,2026-02-04 10:26:41,2026-03-06 10:26:41,2026-03-05 10:26:41,1979,1979,782.37,44317.56,15,19984.55,Received
PO003233,SUP00013,PART01019,PLT0003,2026-03-14 17:35:46,2026-04-04 17:35:46,2026-04-03 17:35:46,2923,2923,1849.27,302257.94,12.5,51377.46,Received
PO003234,SUP00037,PART01931,PLT0005,2026-03-21 17:14:53,2026-03-31 17:14:53,2026-03-29 17:14:53,4136,4136,756.78,114618.48,10,30719.43,Received
PO003235,SUP00198,PART00931,PLT0021,2026-01-30 07:12:03,2026-03-01 07:12:03,2026-03-05 07:12:03,891,891,2200.57,147833.6,0,39176.23,Received
PO003236,SUP00025,PART01943,PLT0011,2026-05-21 23:17:09,2026-06-20 23:17:09,2026-06-20 23:17:09,4472,4472,3172.37,626877.77,7.5,245182.23,Received
PO003237,SUP00157,PART01929,PLT0011,2026-01-05 23:07:34,2026-02-19 23:07:34,2026-02-17 23:07:34,4497,4497,393.65,36677.09,18,9131.03,Received
PO003238,SUP00093,PART00003,PLT0017,2026-06-25 15:10:53,2026-07-02 15:10:53,2026-06-29 15:10:53,4035,4035,3944.11,1085732.86,7.5,140120.36,Received
PO003239,SUP00078,PART00891,PLT0002,2026-04-25 05:32:47,2026-06-24 05:32:47,2026-06-21 05:32:47,3137,3137,1719.64,232211.19,7.5,58422.17,Received
PO003240,SUP00100,PART00676,PLT0007,2026-02-12 13:48:58,2026-03-29 13:48:58,2026-03-26 13:48:58,3676,3676,213.66,42761.51,5,6267.21,Received
PO003241,SUP00025,PART00982,PLT0018,2026-01-29 17:15:00,2026-02-28 17:15:00,2026-02-25 17:15:00,1444,1444,3878.79,319075.68,0,56983.86,Received
PO003242,SUP00015,PART00371,PLT0006,2026-04-05 03:54:22,2026-04-12 03:54:22,2026-04-09 03:54:22,2056,2056,4814.05,383964.48,10,192554.09,Received
PO003243,SUP00033,PART00236,PLT0019,2026-02-26 06:31:49,2026-03-08 06:31:49,2026-03-08 06:31:49,2118,2118,2230.19,307469.22,0,67852.3,Received
PO003244,SUP00034,PART01770,PLT0029,2026-05-05 14:03:10,2026-06-04 14:03:10,2026-06-03 14:03:10,4925,4925,878.2,178732.61,15,50878.52,Received
PO003245,SUP00103,PART01999,PLT0013,2026-03-15 07:58:21,2026-03-29 07:58:21,2026-03-27 07:58:21,4806,4806,1425.41,365810.89,15,111462.33,Received
PO003246,SUP00007,PART00992,PLT0023,2026-02-15 00:28:48,2026-03-01 00:28:48,2026-02-27 00:28:48,1729,1729,2705.18,274707.65,18,47947.12,Received
PO003247,SUP00171,PART00922,PLT0025,2026-02-28 03:29:10,2026-04-29 03:29:10,2026-04-27 03:29:10,3017,3017,4751.24,497183.47,18,126107.39,Received
PO003248,SUP00199,PART00537,PLT0008,2026-06-03 21:59:51,2026-06-17 21:59:51,2026-06-14 21:59:51,578,308,3259.68,101494.73,0,18999.61,Received
PO003249,SUP00017,PART00513,PLT0015,2026-04-03 13:43:34,2026-04-13 13:43:34,2026-04-12 13:43:34,3642,3642,1602.15,144484.29,5,73602.12,Received
PO003250,SUP00110,PART01055,PLT0014,2026-03-28 06:56:24,2026-04-11 06:56:24,2026-04-11 06:56:24,716,584,4588.97,229855.87,15,32796.74,Received
PO003251,SUP00124,PART01009,PLT0018,2026-05-10 20:53:51,2026-06-09 20:53:51,2026-06-08 20:53:51,1089,1089,3698.14,277231.71,0,58752.93,Received
PO003252,SUP00055,PART00058,PLT0029,2026-01-12 14:23:20,2026-01-22 14:23:20,2026-01-22 14:23:20,2668,2668,3037.34,521600.45,15,68489.56,Received
PO003253,SUP00130,PART00659,PLT0017,2026-03-12 17:51:23,2026-05-11 17:51:23,2026-05-09 17:51:23,4697,4697,4111.43,645908.52,7.5,364664.15,Received
PO003254,SUP00042,PART00594,PLT0013,2026-01-25 09:44:05,2026-02-04 09:44:05,2026-02-16 09:44:05,3894,3894,4000.5,437488.96,5,135597.35,Received
PO003255,SUP00161,PART01809,PLT0029,2026-01-11 17:49:53,2026-02-10 17:49:53,2026-02-07 17:49:53,2804,2804,440.72,52287.73,5,22431.53,Received
PO003256,SUP00128,PART00754,PLT0019,2026-04-02 17:05:57,2026-04-23 17:05:57,2026-04-23 17:05:57,4722,4722,2533.66,821123.04,18,93181.97,Received
PO003257,SUP00123,PART01441,PLT0003,2026-04-26 10:09:25,2026-06-25 10:09:25,2026-06-25 10:09:25,4353,4353,342.48,73538.57,10,21607.0,Received
PO003258,SUP00028,PART01032,PLT0020,2026-06-16 21:51:32,2026-06-23 21:51:32,2026-06-20 21:51:32,1609,1609,2842.91,349320.94,5,26123.64,Received
PO003259,SUP00102,PART01908,PLT0015,2026-03-30 11:30:46,2026-04-20 11:30:46,2026-04-19 11:30:46,3632,3632,202.77,32930.76,15,10943.95,Received
PO003260,SUP00081,PART01021,PLT0016,2026-06-07 08:48:03,2026-06-28 08:48:03,2026-06-26 08:48:03,141,141,3512.6,32314.23,7.5,4537.54,Received
PO003261,SUP00132,PART00745,PLT0021,2026-01-10 00:05:48,2026-01-24 00:05:48,2026-01-23 00:05:48,4970,4970,58.5,22302.84,0,4446.66,Received
PO003262,SUP00037,PART00035,PLT0029,2026-03-27 17:16:28,2026-04-06 17:16:28,2026-04-05 17:16:28,1258,1258,4496.84,163278.6,18,41721.01,Received
PO003263,SUP00098,PART00593,PLT0012,2026-02-16 03:18:16,2026-04-17 03:18:16,2026-04-15 03:18:16,692,692,4811.74,151573.38,0,20029.34,Received
PO003264,SUP00007,PART00905,PLT0010,2026-02-09 11:25:53,2026-02-23 11:25:53,2026-02-20 11:25:53,1398,1398,3130.83,254956.89,18,27830.13,Received
PO003265,SUP00015,PART01800,PLT0018,2026-06-02 17:28:07,2026-06-09 17:28:07,2026-06-18 17:28:07,3821,3821,1112.77,335615.39,18,40658.21,Received
PO003266,SUP00193,PART01013,PLT0010,2026-05-19 05:24:53,2026-05-29 05:24:53,2026-05-28 05:24:53,4560,4560,4086.08,780217.94,12.5,187834.01,Received
PO003267,SUP00149,PART01283,PLT0015,2026-01-28 13:27:57,2026-03-29 13:27:57,2026-03-28 13:27:57,3088,3088,3867.09,563717.83,0,122257.96,Received
PO003268,SUP00052,PART01633,PLT0006,2026-01-09 19:46:28,2026-02-08 19:46:28,2026-02-05 19:46:28,3723,3723,872.51,216889.15,18,21443.55,Received
PO003269,SUP00092,PART00794,PLT0017,2026-02-17 01:20:56,2026-04-03 01:20:56,2026-04-03 01:20:56,1550,1550,1359.88,161585.88,10,17633.8,Received
PO003270,SUP00139,PART01165,PLT0028,2026-06-08 02:32:59,2026-06-22 02:32:59,2026-06-21 02:32:59,964,964,784.49,58702.97,0,7299.84,Received
PO003271,SUP00047,PART00456,PLT0015,2026-01-21 01:59:42,2026-02-04 01:59:42,2026-02-04 01:59:42,3540,3540,868.17,165902.56,18,32514.78,Received
PO003272,SUP00019,PART00441,PLT0001,2026-03-21 05:24:14,2026-05-20 05:24:14,2026-05-19 05:24:14,3532,3532,1593.7,370258.38,0,63892.91,Received
PO003273,SUP00165,PART00331,PLT0006,2026-04-15 00:41:01,2026-05-30 00:41:01,2026-05-28 00:41:01,3439,3439,3236.76,489166.18,15,117667.01,Received
PO003274,SUP00096,PART01912,PLT0011,2026-04-20 12:59:53,2026-04-30 12:59:53,2026-04-29 12:59:53,2729,2729,777.04,145581.65,10,40611.83,Received
PO003275,SUP00096,PART01550,PLT0020,2026-05-10 22:10:49,2026-05-20 22:10:49,2026-05-28 22:10:49,1121,1121,1096.88,25472.81,0,9446.46,Received
PO003276,SUP00161,PART01409,PLT0026,2026-06-05 22:34:47,2026-07-05 22:34:47,2026-07-05 22:34:47,261,261,4513.04,88009.06,10,15229.09,Received
PO003277,SUP00152,PART00309,PLT0006,2026-03-08 12:41:19,2026-03-29 12:41:19,2026-03-27 12:41:19,2997,2997,452.65,78352.71,0,17494.51,Received
PO003278,SUP00042,PART00313,PLT0009,2026-01-23 03:56:15,2026-02-02 03:56:15,2026-01-31 03:56:15,751,751,1345.69,68067.4,7.5,13843.18,Received
PO003279,SUP00016,PART00239,PLT0012,2026-03-15 14:09:07,2026-04-05 14:09:07,2026-04-05 14:09:07,3557,3557,231.22,57019.0,0,8347.16,Received
PO003280,SUP00149,PART00751,PLT0020,2026-03-16 06:08:39,2026-05-15 06:08:39,2026-05-17 06:08:39,1942,1942,3632.06,148113.89,7.5,81867.82,Received
PO003281,SUP00152,PART01340,PLT0011,2026-01-09 17:53:45,2026-01-30 17:53:45,2026-01-28 17:53:45,2800,2800,2273.01,140240.22,18,87876.3,Received
PO003282,SUP00085,PART00266,PLT0020,2026-04-03 17:34:48,2026-05-18 17:34:48,2026-05-18 17:34:48,3199,3199,2399.57,517208.47,5,76612.58,Received
PO003283,SUP00058,PART01329,PLT0011,2026-05-24 12:27:53,2026-06-07 12:27:53,2026-06-07 12:27:53,1895,1895,270.84,22389.91,18,4240.93,Received
PO003284,SUP00105,PART00599,PLT0015,2026-01-28 04:56:06,2026-02-18 04:56:06,2026-02-23 04:56:06,3022,3022,4602.39,703755.46,0,170624.35,Received
PO003285,SUP00167,PART01073,PLT0023,2026-02-12 21:36:49,2026-02-26 21:36:49,2026-02-26 21:36:49,2481,1903,98.73,8729.52,12.5,2699.5,Received
PO003286,SUP00146,PART00507,PLT0021,2026-04-28 23:00:31,2026-05-19 23:00:31,2026-05-19 23:00:31,335,335,3436.9,37653.13,18,6070.75,Received
PO003287,SUP00133,PART01436,PLT0027,2026-05-21 15:21:23,2026-07-05 15:21:23,2026-07-02 15:21:23,4111,4111,1851.08,536719.47,0,72474.63,Received
PO003288,SUP00080,PART01407,PLT0018,2026-03-15 02:31:20,2026-03-29 02:31:20,2026-03-26 02:31:20,467,467,4718.5,110436.35,15,17983.86,Received
PO003289,SUP00013,PART01019,PLT0026,2026-01-03 16:49:58,2026-01-24 16:49:58,2026-02-02 16:49:58,997,930,1849.27,142989.55,18,12057.41,Received
PO003290,SUP00156,PART01829,PLT0000,2026-02-14 15:03:05,2026-02-24 15:03:05,2026-03-05 15:03:05,2458,2458,1323.87,86281.45,0,43092.83,Received
PO003291,SUP00092,PART00747,PLT0001,2026-01-20 15:23:00,2026-03-06 15:23:00,2026-03-04 15:23:00,2189,1339,3077.87,196786.86,15,57096.67,Received
PO003292,SUP00084,PART00317,PLT0027,2026-03-09 19:18:04,2026-03-16 19:18:04,2026-03-16 19:18:04,1092,1092,4208.86,255588.82,15,50188.83,Received
PO003293,SUP00017,PART01577,PLT0027,2026-02-01 10:02:39,2026-02-11 10:02:39,2026-02-09 10:02:39,4131,4131,1169.03,281703.16,7.5,59516.98,Received
PO003294,SUP00132,PART00745,PLT0001,2026-04-18 20:13:32,2026-05-02 20:13:32,2026-04-29 20:13:32,1030,1030,58.5,2042.19,5,382.21,Received
PO003295,SUP00141,PART00689,PLT0024,2026-04-07 07:41:41,2026-05-22 07:41:41,2026-05-19 07:41:41,351,173,1796.91,48104.26,0,5661.2,Received
PO003296,SUP00186,PART01860,PLT0024,2026-02-19 00:36:48,2026-04-05 00:36:48,2026-04-02 00:36:48,2777,2777,570.25,56842.04,0,16706.32,Received
PO003297,SUP00140,PART00880,PLT0008,2026-02-25 03:12:16,2026-04-11 03:12:16,2026-04-22 03:12:16,4147,4147,2381.89,282562.03,12.5,158814.68,Received
PO003298,SUP00028,PART00585,PLT0023,2026-03-13 16:10:47,2026-03-20 16:10:47,2026-03-20 16:10:47,1845,1567,18.68,1842.56,7.5,479.89,Received
PO003299,SUP00109,PART00993,PLT0026,2026-03-25 05:17:17,2026-04-04 05:17:17,2026-04-03 05:17:17,4535,4535,534.1,113004.21,12.5,45932.59,Received
PO003300,SUP00148,PART01507,PLT0005,2026-03-02 16:09:41,2026-04-01 16:09:41,2026-04-15 16:09:41,3943,3943,3821.67,303574.54,15,138931.27,Received
PO003301,SUP00182,PART01384,PLT0003,2026-03-02 09:19:55,2026-04-01 09:19:55,2026-03-30 09:19:55,77,77,660.14,2344.31,0,399.28,Received
PO003302,SUP00035,PART00391,PLT0009,2026-01-31 01:59:27,2026-03-17 01:59:27,2026-03-15 01:59:27,3207,3207,1570.19,160370.86,12.5,79552.83,Received
PO003303,SUP00179,PART01702,PLT0002,2026-02-10 08:31:10,2026-03-12 08:31:10,2026-03-12 08:31:10,2999,2999,3736.56,790556.35,10,101946.7,Received
PO003304,SUP00025,PART00271,PLT0027,2026-05-03 00:41:36,2026-06-02 00:41:36,2026-06-01 00:41:36,3992,3992,2566.52,431004.19,18,128579.25,Received
PO003305,SUP00051,PART00126,PLT0016,2026-06-25 16:22:59,2026-07-02 16:22:59,2026-07-01 16:22:59,158,158,1470.75,11211.98,0,2525.81,Received
PO003306,SUP00146,PART00420,PLT0009,2026-01-07 08:00:57,2026-01-28 08:00:57,2026-01-27 08:00:57,1785,1785,790.76,107525.58,5,10264.04,Received
PO003307,SUP00006,PART00962,PLT0005,2026-03-29 15:13:11,2026-04-05 15:13:11,2026-04-04 15:13:11,3404,3404,4896.39,780520.33,12.5,193082.37,Received
PO003308,SUP00021,PART00889,PLT0028,2026-04-30 07:20:34,2026-05-30 07:20:34,2026-05-30 07:20:34,4806,4806,784.18,141607.0,12.5,49225.5,Received
PO003309,SUP00105,PART00914,PLT0020,2026-05-18 03:58:52,2026-06-08 03:58:52,2026-06-06 03:58:52,4830,4830,4401.26,1669564.41,7.5,191903.0,Received
PO003310,SUP00089,PART01250,PLT0006,2026-06-02 21:23:17,2026-06-23 21:23:17,2026-06-20 21:23:17,4055,4055,1728.99,512434.76,0,138979.05,Received
PO003311,SUP00173,PART01698,PLT0023,2026-05-26 16:29:27,2026-06-05 16:29:27,2026-06-12 16:29:27,4183,4183,1601.62,461594.14,0,124929.5,Received
PO003312,SUP00100,PART00676,PLT0007,2026-03-20 12:21:00,2026-05-04 12:21:00,2026-05-01 12:21:00,4157,4157,213.66,27714.5,5,5448.69,Received
PO003313,SUP00014,PART00252,PLT0028,2026-05-19 11:35:20,2026-05-29 11:35:20,2026-05-28 11:35:20,929,929,1090.26,56529.65,10,8761.05,Received
PO003314,SUP00181,PART00084,PLT0029,2026-02-10 06:25:24,2026-02-24 06:25:24,2026-02-23 06:25:24,1601,1601,3232.4,306628.78,0,65626.97,Received
PO003315,SUP00009,PART00215,PLT0012,2026-03-20 05:15:11,2026-03-27 05:15:11,2026-03-27 05:15:11,1340,1340,4411.81,166183.29,0,106594.5,Received
PO003316,SUP00091,PART01784,PLT0019,2026-02-13 02:58:30,2026-02-27 02:58:30,2026-02-25 02:58:30,1638,1638,1771.92,119627.51,5,39038.85,Received
PO003317,SUP00029,PART01114,PLT0029,2026-01-19 07:13:26,2026-03-20 07:13:26,2026-03-19 07:13:26,2180,2180,3928.53,613327.49,0,45581.49,Received
PO003318,SUP00117,PART00773,PLT0024,2026-03-24 18:44:04,2026-05-08 18:44:04,2026-05-05 18:44:04,1552,1552,4302.7,285831.84,0,62407.67,Received
PO003319,SUP00070,PART00077,PLT0004,2026-03-21 16:35:35,2026-05-05 16:35:35,2026-05-16 16:35:35,1480,1480,2347.26,134290.05,15,46144.13,Received
PO003320,SUP00087,PART01239,PLT0004,2026-01-29 01:55:09,2026-03-15 01:55:09,2026-03-21 01:55:09,908,908,2453.8,118121.74,0,40177.04,Received
PO003321,SUP00002,PART01830,PLT0013,2026-05-05 12:19:11,2026-05-12 12:19:11,2026-05-11 12:19:11,2813,2813,4926.38,622894.44,0,81833.47,Received
PO003322,SUP00029,PART00592,PLT0001,2026-01-16 00:38:51,2026-03-17 00:38:51,2026-03-14 00:38:51,4817,4817,1866.25,531262.61,12.5,63280.68,Received
PO003323,SUP00019,PART01259,PLT0028,2026-04-12 15:28:10,2026-06-11 15:28:10,2026-06-08 15:28:10,2948,2948,3179.04,725012.09,18,102479.84,Received
PO003324,SUP00115,PART01910,PLT0011,2026-01-10 15:14:04,2026-01-24 15:14:04,2026-01-28 15:14:04,3480,3480,422.04,96593.43,18,27831.6,Received
PO003325,SUP00165,PART01379,PLT0029,2026-02-01 20:06:15,2026-03-18 20:06:15,2026-03-18 20:06:15,3675,2422,2768.51,323113.42,18,155549.94,Received
PO003326,SUP00010,PART00928,PLT0002,2026-02-24 11:34:02,2026-04-25 11:34:02,2026-04-25 11:34:02,1647,1647,2260.79,209136.45,0,20079.06,Received
PO003327,SUP00056,PART00106,PLT0010,2026-05-10 02:56:54,2026-07-09 02:56:54,2026-07-06 02:56:54,374,374,741.01,16059.99,7.5,3432.78,Received
PO003328,SUP00192,PART01051,PLT0026,2026-03-05 08:58:37,2026-05-04 08:58:37,2026-05-12 08:58:37,4337,4337,2383.78,729760.41,0,61479.32,Received
PO003329,SUP00001,PART00344,PLT0014,2026-02-14 08:28:39,2026-03-31 08:28:39,2026-03-29 08:28:39,1476,1476,2250.63,222835.76,5,25226.11,Received
PO003330,SUP00189,PART01177,PLT0014,2026-05-11 05:19:13,2026-06-25 05:19:13,2026-06-23 05:19:13,2146,2146,1082.4,87809.73,5,30800.76,Received
PO003331,SUP00141,PART01947,PLT0027,2026-02-27 10:14:47,2026-04-13 10:14:47,2026-04-11 10:14:47,2439,2439,1063.3,65143.47,18,28598.01,Received
PO003332,SUP00075,PART00637,PLT0011,2026-04-27 12:55:13,2026-06-26 12:55:13,2026-06-26 12:55:13,520,520,736.41,22114.56,0,6144.81,Received
PO003333,SUP00185,PART00552,PLT0024,2026-03-25 04:58:14,2026-05-24 04:58:14,2026-05-21 04:58:14,4954,4954,2356.55,403125.96,10,121321.43,Received
PO003334,SUP00165,PART01307,PLT0020,2026-03-12 23:22:33,2026-04-26 23:22:33,2026-04-24 23:22:33,2804,2804,4740.81,696296.13,10,74181.37,Received
PO003335,SUP00175,PART01790,PLT0023,2026-04-08 01:14:37,2026-04-22 01:14:37,2026-04-22 01:14:37,4810,4810,1723.88,259511.26,15,139661.18,Received
PO003336,SUP00107,PART00194,PLT0020,2026-01-16 02:35:18,2026-02-06 02:35:18,2026-02-04 02:35:18,4863,4863,957.97,93833.14,5,37931.16,Received
PO003337,SUP00084,PART00225,PLT0025,2026-05-28 01:33:53,2026-06-04 01:33:53,2026-06-01 01:33:53,4806,4806,1181.43,119822.91,0,35492.55,Received
PO003338,SUP00055,PART00830,PLT0000,2026-01-18 14:23:24,2026-01-28 14:23:24,2026-02-08 14:23:24,1687,1527,4438.16,296586.13,0,132808.36,Received
PO003339,SUP00037,PART00890,PLT0005,2026-02-03 19:35:42,2026-02-13 19:35:42,2026-02-20 19:35:42,496,496,1219.03,19604.84,12.5,9764.08,Received
PO003340,SUP00189,PART00267,PLT0024,2026-03-17 00:25:29,2026-05-01 00:25:29,2026-04-30 00:25:29,1943,1943,1062.98,53016.93,0,38337.58,Received
PO003341,SUP00008,PART01952,PLT0004,2026-02-06 22:52:07,2026-02-13 22:52:07,2026-02-13 22:52:07,3944,3944,25.77,4770.09,7.5,990.61,Received
PO003342,SUP00019,PART01886,PLT0023,2026-02-18 13:18:40,2026-04-19 13:18:40,2026-04-19 13:18:40,4995,4995,977.68,265464.95,0,65005.37,Received
PO003343,SUP00109,PART01224,PLT0028,2026-05-18 19:40:52,2026-05-28 19:40:52,2026-05-26 19:40:52,3433,3433,1133.24,264063.68,5,56665.09,Received
PO003344,SUP00029,PART00322,PLT0025,2026-03-23 00:16:23,2026-05-22 00:16:23,2026-05-28 00:16:23,4949,4949,4083.39,976293.38,12.5,173379.86,Received
PO003345,SUP00037,PART00372,PLT0008,2026-01-22 05:58:06,2026-02-01 05:58:06,2026-02-01 05:58:06,1279,1279,3508.63,306845.07,18,75169.59,Received
PO003346,SUP00130,PART00770,PLT0015,2026-01-19 23:50:59,2026-03-20 23:50:59,2026-03-17 23:50:59,2724,2724,918.44,53294.31,7.5,34317.09,Received
PO003347,SUP00050,PART01980,PLT0006,2026-03-13 03:13:58,2026-04-12 03:13:58,2026-04-20 03:13:58,3685,3685,4612.13,1017321.02,0,178592.95,Received
PO003348,SUP00023,PART00175,PLT0015,2026-03-07 11:08:39,2026-03-21 11:08:39,2026-03-20 11:08:39,4113,3056,4395.98,1032193.15,15,278649.69,Received
PO003349,SUP00123,PART01387,PLT0024,2026-03-09 13:13:06,2026-05-08 13:13:06,2026-05-08 13:13:06,2637,2637,3455.03,698193.81,18,130893.75,Received
PO003350,SUP00062,PART01863,PLT0027,2026-04-12 18:31:04,2026-04-26 18:31:04,2026-04-26 18:31:04,3335,3335,695.42,123453.05,5,15027.44,Received
PO003351,SUP00082,PART01988,PLT0003,2026-03-03 14:29:05,2026-03-13 14:29:05,2026-03-15 14:29:05,816,816,1994.54,48417.69,7.5,10969.88,Received
PO003352,SUP00105,PART00599,PLT0022,2026-06-06 12:04:28,2026-06-27 12:04:28,2026-06-25 12:04:28,2551,1637,4602.39,287198.37,5,136838.26,Received
PO003353,SUP00011,PART01890,PLT0023,2026-04-02 06:11:10,2026-04-12 06:11:10,2026-04-27 06:11:10,2210,2210,2820.88,458093.15,0,94982.79,Received
PO003354,SUP00139,PART00823,PLT0019,2026-03-04 08:47:26,2026-03-18 08:47:26,2026-03-16 08:47:26,488,488,1336.19,31647.87,0,5138.79,Received
PO003355,SUP00060,PART00015,PLT0028,2026-01-24 17:42:27,2026-03-25 17:42:27,2026-03-25 17:42:27,4088,4088,4979.66,1514170.65,15,110617.23,Received
PO003356,SUP00146,PART00213,PLT0006,2026-05-07 06:23:26,2026-05-28 06:23:26,2026-05-30 06:23:26,898,898,4540.15,192094.88,18,33940.87,Received
PO003357,SUP00182,PART00185,PLT0021,2026-04-12 10:18:54,2026-05-12 10:18:54,2026-05-12 10:18:54,3777,3777,206.07,59348.48,10,9380.33,Received
PO003358,SUP00025,PART00779,PLT0011,2026-03-23 22:09:07,2026-04-22 22:09:07,2026-04-22 22:09:07,571,571,4896.47,167591.54,10,26173.79,Received
PO003359,SUP00194,PART00265,PLT0024,2026-03-19 10:35:36,2026-04-09 10:35:36,2026-04-06 10:35:36,4579,4579,4368.73,578390.56,7.5,122563.25,Received
PO003360,SUP00054,PART00862,PLT0027,2026-02-24 09:38:20,2026-04-10 09:38:20,2026-04-09 09:38:20,2531,1997,3044.02,543492.39,0,67815.67,Received
PO003361,SUP00086,PART00968,PLT0010,2026-02-26 15:08:52,2026-03-19 15:08:52,2026-03-16 15:08:52,1233,1233,4161.05,334378.28,0,35421.19,Received
PO003362,SUP00129,PART01950,PLT0026,2026-01-13 03:01:27,2026-03-14 03:01:27,2026-03-12 03:01:27,1084,1084,4698.39,345287.05,12.5,95792.62,Received
PO003363,SUP00041,PART00535,PLT0012,2026-01-11 15:27:08,2026-01-21 15:27:08,2026-01-19 15:27:08,851,851,1428.92,48976.54,0,10422.42,Received
PO003364,SUP00032,PART01882,PLT0022,2026-03-24 01:18:59,2026-05-08 01:18:59,2026-05-07 01:18:59,579,579,2609.9,75125.62,12.5,13383.81,Received
PO003365,SUP00166,PART00385,PLT0024,2026-02-15 08:45:03,2026-03-08 08:45:03,2026-03-05 08:45:03,2264,2264,1255.69,110498.27,12.5,15652.88,Received
PO003366,SUP00171,PART00662,PLT0020,2026-02-25 22:08:34,2026-04-26 22:08:34,2026-04-25 22:08:34,3947,3594,41.62,4312.78,5,2402.99,Received
PO003367,SUP00040,PART00595,PLT0020,2026-03-24 14:00:14,2026-03-31 14:00:14,2026-03-30 14:00:14,911,911,3482.37,65710.44,15,41717.03,Received
PO003368,SUP00075,PART01736,PLT0021,2026-01-09 20:06:21,2026-03-10 20:06:21,2026-03-07 20:06:21,4773,4773,235.6,73053.9,15,18234.5,Received
PO003369,SUP00182,PART00109,PLT0003,2026-04-19 05:48:12,2026-05-19 05:48:12,2026-05-28 05:48:12,1913,1053,1596.83,188568.76,10,44324.15,Received
PO003370,SUP00050,PART01980,PLT0008,2026-05-05 00:40:39,2026-06-04 00:40:39,2026-06-02 00:40:39,4132,4132,4612.13,686976.07,5,201374.73,Received
PO003371,SUP00152,PART01340,PLT0026,2026-05-07 19:20:26,2026-05-28 19:20:26,2026-06-05 19:20:26,2086,2086,2273.01,266372.18,0,30377.3,Received
PO003372,SUP00197,PART00873,PLT0016,2026-05-30 20:41:09,2026-06-09 20:41:09,2026-06-07 20:41:09,2027,2027,396.99,55137.18,15,13643.89,Received
PO003373,SUP00158,PART00654,PLT0001,2026-02-19 08:15:10,2026-02-26 08:15:10,2026-03-11 08:15:10,4666,4666,1471.4,144948.8,0,87708.08,Received
PO003374,SUP00041,PART01272,PLT0012,2026-04-19 03:50:57,2026-04-29 03:50:57,2026-04-26 03:50:57,2250,2250,1338.34,193519.23,10,22696.75,Received
PO003375,SUP00033,PART00043,PLT0010,2026-05-21 15:17:41,2026-05-31 15:17:41,2026-05-29 15:17:41,316,316,3724.22,57648.83,0,14749.33,Received
PO003376,SUP00115,PART01086,PLT0008,2026-03-28 18:45:48,2026-04-11 18:45:48,2026-04-08 18:45:48,3312,3312,2672.03,387652.3,5,142615.32,Received
PO003377,SUP00113,PART01241,PLT0019,2026-05-04 07:48:31,2026-07-03 07:48:31,2026-07-08 07:48:31,680,680,2253.33,89065.71,0,21378.77,Received
PO003378,SUP00127,PART01765,PLT0008,2026-01-07 20:12:03,2026-01-17 20:12:03,2026-01-29 20:12:03,3173,3173,4662.54,729031.48,0,187263.08,Received
PO003379,SUP00011,PART01091,PLT0023,2026-05-25 16:32:48,2026-06-04 16:32:48,2026-06-01 16:32:48,4164,4164,2358.74,248901.87,0,71221.71,Received
PO003380,SUP00157,PART01367,PLT0026,2026-01-23 20:45:16,2026-03-09 20:45:16,2026-03-07 20:45:16,4987,4987,1517.49,403091.72,0,61639.17,Received
PO003381,SUP00111,PART01957,PLT0002,2026-02-05 23:55:09,2026-02-15 23:55:09,2026-02-12 23:55:09,4132,4132,4521.34,376231.95,5,238880.57,Received
PO003382,SUP00096,PART00704,PLT0024,2026-06-23 04:38:51,2026-07-03 04:38:51,2026-06-30 04:38:51,1482,1482,2895.26,265848.87,7.5,27370.57,Received
PO003383,SUP00192,PART00571,PLT0025,2026-02-03 21:05:03,2026-04-04 21:05:03,2026-04-01 21:05:03,1595,1595,4980.71,309292.02,15,67429.43,Received
PO003384,SUP00182,PART01003,PLT0027,2026-02-19 09:29:52,2026-03-21 09:29:52,2026-03-21 09:29:52,2585,2585,2542.21,136110.76,7.5,51107.67,Received
PO003385,SUP00181,PART00899,PLT0019,2026-02-16 07:18:12,2026-03-02 07:18:12,2026-03-07 07:18:12,966,966,4899.07,238949.2,0,67505.36,Received
PO003386,SUP00145,PART01262,PLT0009,2026-01-28 20:38:14,2026-03-29 20:38:14,2026-03-27 20:38:14,4691,4691,2961.36,1077378.15,10,116598.58,Received
PO003387,SUP00057,PART01781,PLT0028,2026-05-05 11:15:36,2026-06-04 11:15:36,2026-06-05 11:15:36,4757,4757,782.37,228310.64,18,46058.12,Received
PO003388,SUP00125,PART01244,PLT0025,2026-05-18 02:49:11,2026-07-02 02:49:11,2026-06-29 02:49:11,2469,2469,3821.24,291795.51,5,112319.25,Received
PO003389,SUP00151,PART00713,PLT0014,2026-01-29 22:12:49,2026-02-19 22:12:49,2026-02-19 22:12:49,3509,2918,1222.13,104151.78,0,26914.38,Received
PO003390,SUP00164,PART00656,PLT0003,2026-01-20 19:14:57,2026-01-27 19:14:57,2026-01-27 19:14:57,2010,2010,3346.35,154994.29,0,81597.51,Received
PO003391,SUP00070,PART00384,PLT0011,2026-05-12 08:14:15,2026-06-26 08:14:15,2026-06-24 08:14:15,3367,1863,799.09,138606.34,7.5,42166.05,Received
PO003392,SUP00026,PART01795,PLT0003,2026-02-03 02:43:49,2026-04-04 02:43:49,2026-04-03 02:43:49,1535,1535,996.07,46186.5,0,20435.78,Received
PO003393,SUP00049,PART01608,PLT0007,2026-04-12 16:43:26,2026-04-19 16:43:26,2026-04-16 16:43:26,535,436,4946.51,167178.21,7.5,21456.85,Received
PO003394,SUP00153,PART01701,PLT0026,2026-01-21 08:31:41,2026-03-07 08:31:41,2026-03-07 08:31:41,4365,3094,2501.66,506418.4,18,88193.63,Received
PO003395,SUP00159,PART01265,PLT0005,2026-01-25 01:23:13,2026-02-01 01:23:13,2026-02-01 01:23:13,3525,3525,1004.38,228132.47,0,25166.8,Received
PO003396,SUP00119,PART01330,PLT0001,2026-04-11 04:06:08,2026-05-02 04:06:08,2026-05-01 04:06:08,3706,3706,2353.89,230323.24,5,53367.82,Received
PO003397,SUP00182,PART00919,PLT0026,2026-04-16 12:41:25,2026-05-16 12:41:25,2026-05-15 12:41:25,4476,4476,2514.11,525024.7,7.5,222464.78,Received
PO003398,SUP00002,PART00896,PLT0028,2026-05-24 18:39:04,2026-05-31 18:39:04,2026-06-09 18:39:04,1060,1060,270.16,19352.35,15,1694.74,Received
PO003399,SUP00037,PART00512,PLT0018,2026-02-21 18:21:54,2026-03-03 18:21:54,2026-03-01 18:21:54,3050,3050,1013.59,67611.27,15,56372.52,Received
PO003400,SUP00056,PART00031,PLT0000,2026-03-04 07:22:36,2026-05-03 07:22:36,2026-05-18 07:22:36,2966,2966,2970.36,674848.82,18,61252.4,Received
PO003401,SUP00019,PART00418,PLT0029,2026-02-21 05:24:05,2026-04-22 05:24:05,2026-04-22 05:24:05,1068,1068,3563.05,82370.39,18,65325.79,Received
PO003402,SUP00078,PART01156,PLT0020,2026-02-15 02:47:30,2026-04-16 02:47:30,2026-04-14 02:47:30,524,524,1523.89,22499.76,18,7350.35,Received
PO003403,SUP00026,PART00985,PLT0018,2026-04-18 10:43:16,2026-06-17 10:43:16,2026-06-15 10:43:16,4272,4272,1669.78,294222.97,15,43172.61,Received
PO003404,SUP00090,PART00760,PLT0013,2026-05-30 13:08:00,2026-06-20 13:08:00,2026-06-18 13:08:00,1973,1973,4001.81,173696.61,0,84639.61,Received
PO003405,SUP00142,PART00852,PLT0021,2026-06-23 03:37:52,2026-07-07 03:37:52,2026-07-04 03:37:52,1796,1796,4006.09,244452.89,0,97822.81,Received
PO003406,SUP00195,PART00141,PLT0022,2026-03-25 15:26:08,2026-04-08 15:26:08,2026-04-08 15:26:08,4885,4885,4744.37,1497505.31,0,322718.85,Received
PO003407,SUP00182,PART01003,PLT0006,2026-05-22 01:15:24,2026-06-21 01:15:24,2026-06-20 01:15:24,2144,2144,2542.21,184346.47,15,78168.51,Received
PO003408,SUP00145,PART01991,PLT0014,2026-01-02 15:14:45,2026-03-03 15:14:45,2026-03-02 15:14:45,4028,4028,3585.43,853930.73,0,161932.61,Received
PO003409,SUP00101,PART01660,PLT0017,2026-04-23 18:18:14,2026-06-22 18:18:14,2026-06-22 18:18:14,169,169,3744.91,47575.91,18,4394.69,Received
PO003410,SUP00192,PART00976,PLT0004,2026-01-19 17:43:27,2026-03-20 17:43:27,2026-03-18 17:43:27,3726,2102,940.96,132924.51,18,31730.31,Received
PO003411,SUP00009,PART00979,PLT0007,2026-01-29 15:04:46,2026-02-05 15:04:46,2026-02-03 15:04:46,546,546,1515.08,63450.06,0,11277.68,Received
PO003412,SUP00110,PART01240,PLT0000,2026-03-07 02:33:29,2026-03-21 02:33:29,2026-03-20 02:33:29,3200,3200,93.26,22801.12,0,2071.35,Received
PO003413,SUP00075,PART01667,PLT0014,2026-01-31 20:33:33,2026-04-01 20:33:33,2026-04-13 20:33:33,330,330,4342.47,69646.19,0,25373.81,Received
PO003414,SUP00158,PART00642,PLT0022,2026-05-17 06:14:22,2026-05-24 06:14:22,2026-05-24 06:14:22,4706,4706,69.76,22367.64,12.5,4298.67,Received
PO003415,SUP00005,PART01639,PLT0029,2026-05-26 03:24:40,2026-06-09 03:24:40,2026-06-07 03:24:40,3617,3617,4098.92,922796.43,18,247544.25,Received
PO003416,SUP00007,PART01688,PLT0023,2026-03-28 20:23:42,2026-04-11 20:23:42,2026-04-10 20:23:42,325,176,531.82,13065.58,10,3208.42,Received
PO003417,SUP00174,PART01994,PLT0028,2026-03-13 19:52:36,2026-04-27 19:52:36,2026-05-08 19:52:36,2719,2719,2871.87,529844.71,7.5,40169.83,Received
PO003418,SUP00101,PART01611,PLT0005,2026-01-10 10:02:29,2026-03-11 10:02:29,2026-03-08 10:02:29,4133,4133,3125.24,724429.72,5,71448.59,Received
PO003419,SUP00196,PART00049,PLT0002,2026-02-13 12:16:24,2026-03-06 12:16:24,2026-03-20 12:16:24,692,692,4037.07,61449.6,18,16154.15,Received
PO003420,SUP00163,PART01290,PLT0015,2026-01-04 17:02:06,2026-01-11 17:02:06,2026-01-09 17:02:06,2276,1360,1268.65,147689.56,0,56721.3,Received
PO003421,SUP00006,PART00027,PLT0001,2026-06-22 17:11:02,2026-06-29 17:11:02,2026-06-29 17:11:02,2449,2449,3993.58,345167.52,10,85859.0,Received
PO003422,SUP00055,PART00946,PLT0012,2026-04-13 14:37:46,2026-04-23 14:37:46,2026-04-21 14:37:46,4436,4436,3041.88,554060.13,10,149704.34,Received
PO003423,SUP00113,PART00577,PLT0028,2026-04-18 02:37:36,2026-06-17 02:37:36,2026-06-16 02:37:36,2360,2360,245.93,16293.47,15,6576.32,Received
PO003424,SUP00027,PART00170,PLT0006,2026-04-13 23:35:00,2026-04-20 23:35:00,2026-04-17 23:35:00,4985,4985,3804.52,469343.68,18,126719.73,Received
PO003425,SUP00157,PART01367,PLT0028,2026-01-21 17:34:16,2026-03-07 17:34:16,2026-03-04 17:34:16,2940,2940,1517.49,265331.9,0,59573.76,Received
PO003426,SUP00120,PART00240,PLT0011,2026-04-20 22:25:22,2026-06-19 22:25:22,2026-06-19 22:25:22,2575,2575,4673.24,484856.32,0,139443.91,Received
PO003427,SUP00045,PART01716,PLT0029,2026-06-15 02:44:18,2026-07-06 02:44:18,2026-07-03 02:44:18,2153,2153,484.76,47978.62,7.5,12749.08,Received
PO003428,SUP00150,PART01646,PLT0015,2026-06-16 08:46:28,2026-06-23 08:46:28,2026-06-20 08:46:28,1595,1595,2450.31,273534.55,0,56230.46,Received
PO003429,SUP00166,PART01414,PLT0028,2026-02-14 09:49:00,2026-03-07 09:49:00,2026-03-06 09:49:00,2077,2077,3488.87,344304.61,15,42526.57,Received
PO003430,SUP00022,PART00741,PLT0009,2026-03-14 23:08:07,2026-04-28 23:08:07,2026-04-26 23:08:07,2446,2446,2360.98,321219.63,7.5,60533.71,Received
PO003431,SUP00176,PART01942,PLT0020,2026-04-09 01:49:33,2026-06-08 01:49:33,2026-06-07 01:49:33,2108,2108,1910.91,100865.5,18,33913.22,Received
PO003432,SUP00188,PART01041,PLT0028,2026-01-14 01:41:23,2026-03-15 01:41:23,2026-03-29 01:41:23,2033,1520,3283.32,242378.04,7.5,110213.13,Received
PO003433,SUP00189,PART01911,PLT0022,2026-04-26 16:08:52,2026-06-10 16:08:52,2026-06-13 16:08:52,4787,4787,3104.97,936732.63,0,234304.77,Received
PO003434,SUP00061,PART00545,PLT0029,2026-06-12 00:41:30,2026-06-22 00:41:30,2026-06-20 00:41:30,213,152,945.86,7771.06,10,3578.28,Received
PO003435,SUP00172,PART01769,PLT0017,2026-02-19 12:42:21,2026-03-01 12:42:21,2026-03-05 12:42:21,4801,4801,3038.83,947241.08,18,235207.2,Received
PO003436,SUP00005,PART01639,PLT0016,2026-04-06 23:45:05,2026-04-20 23:45:05,2026-04-17 23:45:05,2048,2048,4098.92,503379.48,15,94614.82,Received
PO003437,SUP00176,PART00521,PLT0027,2026-04-22 02:30:04,2026-06-21 02:30:04,2026-06-20 02:30:04,3759,3759,1981.98,292778.51,7.5,132965.12,Received
PO003438,SUP00149,PART00718,PLT0003,2026-04-20 07:19:02,2026-06-19 07:19:02,2026-06-16 07:19:02,1054,1054,4152.67,309889.13,15,42014.75,Received
PO003439,SUP00078,PART00891,PLT0025,2026-03-30 21:10:51,2026-05-29 21:10:51,2026-05-26 21:10:51,519,519,1719.64,22220.27,0,12513.49,Received
PO003440,SUP00065,PART01831,PLT0011,2026-02-01 18:48:45,2026-03-18 18:48:45,2026-03-16 18:48:45,1083,1083,3653.73,235319.26,5,26505.34,Received
PO003441,SUP00078,PART00891,PLT0027,2026-04-23 12:03:48,2026-06-22 12:03:48,2026-06-22 12:03:48,4399,4399,1719.64,342133.19,15,73970.5,Received
PO003442,SUP00016,PART00239,PLT0000,2026-05-03 00:19:35,2026-05-24 00:19:35,2026-05-21 00:19:35,1791,1791,231.22,26512.11,12.5,5082.87,Received
PO003443,SUP00165,PART01354,PLT0009,2026-02-23 21:06:58,2026-04-09 21:06:58,2026-04-06 21:06:58,3992,3780,4653.68,674390.86,10,317199.18,Received
PO003444,SUP00032,PART01732,PLT0027,2026-04-01 21:21:57,2026-05-16 21:21:57,2026-05-17 21:21:57,1154,1093,4003.56,300270.47,0,48047.41,Received
PO003445,SUP00080,PART01971,PLT0009,2026-02-19 17:16:03,2026-03-05 17:16:03,2026-03-05 17:16:03,4459,4459,1055.43,323475.95,0,49664.29,Received
PO003446,SUP00163,PART01290,PLT0006,2026-04-06 06:24:54,2026-04-13 06:24:54,2026-04-11 06:24:54,4552,4552,1268.65,232138.8,10,90335.41,Received
PO003447,SUP00152,PART01340,PLT0015,2026-03-17 19:17:06,2026-04-07 19:17:06,2026-04-20 19:17:06,3408,3408,2273.01,539805.48,7.5,151623.66,Received
PO003448,SUP00065,PART00006,PLT0022,2026-03-06 20:23:16,2026-04-20 20:23:16,2026-04-18 20:23:16,1817,1817,4567.87,507530.23,0,100065.23,Received
PO003449,SUP00084,PART01502,PLT0015,2026-01-26 09:17:50,2026-02-02 09:17:50,2026-02-01 09:17:50,3939,3939,4585.39,715593.97,18,328924.28,Received
PO003450,SUP00013,PART01019,PLT0001,2026-05-20 07:16:23,2026-06-10 07:16:23,2026-06-08 07:16:23,1340,1340,1849.27,145476.83,12.5,42754.79,Received
PO003451,SUP00090,PART00046,PLT0007,2026-03-21 13:33:56,2026-04-11 13:33:56,2026-04-24 13:33:56,4476,4476,4842.15,1260816.36,15,249844.81,Received
PO003452,SUP00021,PART01792,PLT0009,2026-02-21 07:16:28,2026-03-23 07:16:28,2026-03-21 07:16:28,1660,1660,2403.56,90854.22,15,56047.69,Received
PO003453,SUP00068,PART00815,PLT0025,2026-01-20 22:11:58,2026-02-19 22:11:58,2026-02-18 22:11:58,3967,3967,1426.96,378453.73,18,50045.15,Received
PO003454,SUP00074,PART00569,PLT0015,2026-01-21 14:47:32,2026-01-31 14:47:32,2026-01-29 14:47:32,4672,3375,331.11,67099.51,12.5,21238.22,Received
PO003455,SUP00084,PART00044,PLT0027,2026-06-12 09:41:43,2026-06-19 09:41:43,2026-06-18 09:41:43,2860,2860,2934.39,341200.51,0,90830.1,Received
PO003456,SUP00141,PART00151,PLT0011,2026-03-24 22:23:30,2026-05-08 22:23:30,2026-05-08 22:23:30,3985,3985,3952.91,449184.89,0,191764.86,Received
PO003457,SUP00039,PART00094,PLT0000,2026-04-12 17:29:05,2026-04-26 17:29:05,2026-04-25 17:29:05,2572,2572,964.07,135809.6,0,20152.86,Received
PO003458,SUP00083,PART01578,PLT0015,2026-02-28 04:28:41,2026-04-29 04:28:41,2026-04-26 04:28:41,4753,2360,1846.42,586259.44,7.5,56737.38,Received
PO003459,SUP00029,PART00007,PLT0002,2026-03-15 15:49:41,2026-05-14 15:49:41,2026-05-12 15:49:41,1015,1015,3734.06,233680.3,7.5,42857.93,Received
PO003460,SUP00044,PART00538,PLT0001,2026-02-18 00:23:44,2026-04-19 00:23:44,2026-04-19 00:23:44,4493,4493,2373.12,508905.48,0,95402.23,Received
PO003461,SUP00018,PART01873,PLT0011,2026-04-25 14:10:29,2026-05-16 14:10:29,2026-05-16 14:10:29,1238,1238,3508.5,136012.84,5,58391.01,Received
PO003462,SUP00108,PART01855,PLT0023,2026-01-12 13:34:12,2026-03-13 13:34:12,2026-03-23 13:34:12,3202,2478,1677.55,315728.01,7.5,39280.52,Received
PO003463,SUP00098,PART01175,PLT0029,2026-02-26 07:52:32,2026-04-27 07:52:32,2026-05-06 07:52:32,1752,1752,3581.24,259975.75,7.5,114815.41,Received
PO003464,SUP00164,PART01085,PLT0016,2026-02-28 05:40:48,2026-03-07 05:40:48,2026-03-04 05:40:48,3976,3976,1946.89,446402.31,10,44940.67,Received
PO003465,SUP00075,PART00498,PLT0000,2026-02-04 19:38:52,2026-04-05 19:38:52,2026-04-13 19:38:52,1169,1169,1807.34,52310.9,15,28801.05,Received
PO003466,SUP00075,PART01667,PLT0002,2026-03-19 20:56:25,2026-05-18 20:56:25,2026-05-18 20:56:25,2753,2753,4342.47,352385.38,15,170485.75,Received
PO003467,SUP00035,PART00298,PLT0008,2026-05-08 02:48:51,2026-06-22 02:48:51,2026-06-21 02:48:51,3866,3866,1661.99,496351.81,15,105595.46,Received
PO003468,SUP00181,PART00998,PLT0018,2026-06-21 20:38:45,2026-07-05 20:38:45,2026-07-03 20:38:45,4920,4920,2280.64,339854.06,18,218948.73,Received
PO003469,SUP00100,PART00906,PLT0005,2026-04-09 08:06:49,2026-05-24 08:06:49,2026-05-22 08:06:49,4128,4128,1131.79,200957.96,0,27004.97,Received
PO003470,SUP00140,PART00036,PLT0014,2026-03-15 16:07:52,2026-04-29 16:07:52,2026-04-28 16:07:52,4939,4939,1378.7,389672.83,12.5,66067.79,Received
PO003471,SUP00135,PART01709,PLT0023,2026-02-24 16:48:37,2026-04-10 16:48:37,2026-04-08 16:48:37,4031,4031,3789.78,915728.85,0,108630.14,Received
PO003472,SUP00028,PART00585,PLT0000,2026-02-21 05:44:06,2026-02-28 05:44:06,2026-02-28 05:44:06,3819,3819,18.68,3852.78,0,993.55,Received
PO003473,SUP00031,PART01647,PLT0008,2026-02-18 10:03:55,2026-04-19 10:03:55,2026-04-18 10:03:55,3788,3788,4425.57,1266589.38,12.5,175455.91,Received
PO003474,SUP00112,PART01083,PLT0029,2026-01-20 08:35:28,2026-02-19 08:35:28,2026-02-16 08:35:28,1868,1868,2435.09,177724.18,0,62484.32,Received
PO003475,SUP00117,PART00757,PLT0006,2026-01-13 06:04:05,2026-02-27 06:04:05,2026-02-27 06:04:05,982,982,3788.58,188509.85,10,40682.44,Received
PO003476,SUP00137,PART01727,PLT0007,2026-06-19 23:06:40,2026-07-03 23:06:40,2026-07-02 23:06:40,3958,3958,501.71,45234.39,0,39331.15,Received
PO003477,SUP00198,PART01419,PLT0014,2026-02-23 10:40:26,2026-03-25 10:40:26,2026-03-25 10:40:26,3744,3744,2964.56,855695.81,15,221807.43,Received
PO003478,SUP00118,PART00013,PLT0005,2026-01-21 03:03:43,2026-01-31 03:03:43,2026-01-28 03:03:43,1795,1795,3240.02,198685.82,15,99853.67,Received
PO003479,SUP00094,PART01349,PLT0001,2026-01-17 04:47:59,2026-02-07 04:47:59,2026-02-21 04:47:59,96,96,1798.43,12580.63,7.5,2328.21,Received
PO003480,SUP00033,PART00847,PLT0005,2026-01-15 21:40:37,2026-01-25 21:40:37,2026-02-03 21:40:37,1344,655,3296.16,281566.55,7.5,23183.54,Received
PO003481,SUP00162,PART00000,PLT0013,2026-01-16 00:27:22,2026-01-23 00:27:22,2026-01-20 00:27:22,2791,2791,3037.29,521744.43,12.5,160200.45,Received
PO003482,SUP00095,PART00108,PLT0005,2026-05-07 06:44:54,2026-05-28 06:44:54,2026-05-28 06:44:54,2268,2268,1182.71,140957.05,0,46990.29,Received
PO003483,SUP00048,PART01697,PLT0015,2026-01-17 04:57:13,2026-01-31 04:57:13,2026-01-31 04:57:13,316,185,1557.44,12291.14,10,7970.58,Received
PO003484,SUP00068,PART01889,PLT0002,2026-05-18 10:16:06,2026-06-17 10:16:06,2026-06-15 10:16:06,3379,3379,3193.75,840105.4,15,119717.71,Received
PO003485,SUP00140,PART01598,PLT0006,2026-05-17 11:12:19,2026-07-01 11:12:19,2026-07-14 11:12:19,4100,3008,2426.37,447947.35,10,88041.11,Received
PO003486,SUP00108,PART01028,PLT0026,2026-03-06 12:34:09,2026-05-05 12:34:09,2026-05-03 12:34:09,3918,3918,3118.13,858153.88,0,93971.09,Received
PO003487,SUP00126,PART00820,PLT0027,2026-02-20 16:03:49,2026-03-13 16:03:49,2026-03-10 16:03:49,4888,3737,1167.89,351281.09,12.5,93353.89,Received
PO003488,SUP00140,PART01598,PLT0023,2026-04-06 13:00:35,2026-05-21 13:00:35,2026-05-19 13:00:35,917,917,2426.37,65774.03,15,14775.11,Received
PO003489,SUP00118,PART00237,PLT0009,2026-04-20 01:58:37,2026-04-30 01:58:37,2026-04-30 01:58:37,3184,3184,2286.71,566966.67,0,139856.72,Received
PO003490,SUP00037,PART01162,PLT0015,2026-05-11 07:51:08,2026-05-21 07:51:08,2026-05-19 07:51:08,2950,1248,3329.44,296857.83,15,157839.59,Received
PO003491,SUP00107,PART00781,PLT0027,2026-03-05 07:43:54,2026-03-26 07:43:54,2026-03-31 07:43:54,2268,2268,2367.57,136842.88,7.5,99832.8,Received
PO003492,SUP00192,PART00571,PLT0023,2026-01-27 16:19:30,2026-03-28 16:19:30,2026-03-26 16:19:30,1237,1237,4980.71,305722.53,0,79789.96,Received
PO003493,SUP00178,PART00124,PLT0022,2026-03-09 07:02:00,2026-05-08 07:02:00,2026-05-10 07:02:00,2740,2740,4152.77,382773.92,18,169187.02,Received
PO003494,SUP00083,PART01578,PLT0028,2026-02-04 07:51:01,2026-04-05 07:51:01,2026-04-03 07:51:01,3689,3689,1846.42,194662.69,0,76047.78,Received
PO003495,SUP00059,PART01153,PLT0021,2026-04-09 01:02:52,2026-04-23 01:02:52,2026-04-22 01:02:52,95,95,1461.13,5958.88,18,857.68,Received
PO003496,SUP00100,PART01338,PLT0000,2026-01-09 13:28:49,2026-02-23 13:28:49,2026-02-23 13:28:49,2218,2218,3408.16,314442.92,15,55276.78,Received
PO003497,SUP00102,PART01908,PLT0007,2026-04-26 17:24:50,2026-05-17 17:24:50,2026-05-14 17:24:50,3256,3256,202.77,17354.75,0,6399.72,Received
PO003498,SUP00195,PART00248,PLT0027,2026-03-31 03:02:53,2026-04-14 03:02:53,2026-04-12 03:02:53,359,359,946.46,16873.04,0,2108.3,Received
PO003499,SUP00031,PART01703,PLT0027,2026-03-30 18:29:38,2026-05-29 18:29:38,2026-05-29 18:29:38,4448,1792,1547.91,323094.92,15,91599.11,Received
PO003500,SUP00089,PART00366,PLT0016,2026-02-25 03:17:43,2026-03-18 03:17:43,2026-03-24 03:17:43,3790,3790,4054.46,795494.85,12.5,289113.6,Received
PO003501,SUP00136,PART00987,PLT0025,2026-01-09 21:10:02,2026-01-23 21:10:02,2026-01-20 21:10:02,1125,1125,1006.77,63705.96,0,19226.96,Received
PO003502,SUP00194,PART00362,PLT0017,2026-05-28 12:34:01,2026-06-18 12:34:01,2026-06-18 12:34:01,2171,2171,2712.51,453682.5,0,39226.71,Received
PO003503,SUP00181,PART00324,PLT0014,2026-02-04 07:30:29,2026-02-18 07:30:29,2026-02-15 07:30:29,4430,4430,4765.26,957754.34,15,394207.46,Received
PO003504,SUP00166,PART00574,PLT0025,2026-05-14 14:51:17,2026-06-04 14:51:17,2026-06-04 14:51:17,1447,1447,849.08,27885.14,7.5,21036.41,Received
PO003505,SUP00161,PART01409,PLT0014,2026-05-02 22:55:31,2026-06-01 22:55:31,2026-06-08 22:55:31,4890,4890,4513.04,1147670.12,18,120028.69,Received
PO003506,SUP00198,PART00361,PLT0021,2026-05-31 08:04:19,2026-06-30 08:04:19,2026-06-27 08:04:19,1107,1107,570.49,20822.07,0,10195.98,Received
PO003507,SUP00133,PART01760,PLT0017,2026-04-15 19:15:49,2026-05-30 19:15:49,2026-05-28 19:15:49,4071,4071,1437.66,130568.73,0,103877.12,Received
PO003508,SUP00152,PART01791,PLT0020,2026-02-02 16:48:45,2026-02-23 16:48:45,2026-02-20 16:48:45,2023,2023,3393.16,230567.71,10,129778.81,Received
PO003509,SUP00054,PART01267,PLT0011,2026-05-01 22:12:59,2026-06-15 22:12:59,2026-06-15 22:12:59,3256,3256,4314.24,600194.46,0,162018.52,Received
PO003510,SUP00028,PART00846,PLT0004,2026-04-22 04:13:57,2026-04-29 04:13:57,2026-04-27 04:13:57,4487,4074,1616.39,469779.06,12.5,129375.95,Received
PO003511,SUP00157,PART00111,PLT0004,2026-03-11 20:32:01,2026-04-25 20:32:01,2026-04-22 20:32:01,4256,4256,3795.41,1220665.67,0,230708.05,Received
PO003512,SUP00115,PART00364,PLT0010,2026-06-19 12:54:09,2026-07-03 12:54:09,2026-07-03 12:54:09,4552,4108,1492.06,293629.78,7.5,35827.86,Received
PO003513,SUP00181,PART00899,PLT0017,2026-06-05 11:47:47,2026-06-19 11:47:47,2026-07-03 11:47:47,1723,1723,4899.07,627685.47,18,105262.73,Received
PO003514,SUP00117,PART00198,PLT0026,2026-04-15 01:05:14,2026-05-30 01:05:14,2026-06-10 01:05:14,2405,1960,1887.24,358268.77,0,52447.17,Received
PO003515,SUP00049,PART00660,PLT0017,2026-02-26 20:53:15,2026-03-05 20:53:15,2026-03-04 20:53:15,4666,4666,224.04,22621.01,0,9564.93,Received
PO003516,SUP00051,PART00126,PLT0007,2026-05-17 05:31:11,2026-05-24 05:31:11,2026-06-07 05:31:11,3442,3442,1470.75,263346.63,15,92710.15,Received
PO003517,SUP00065,PART00786,PLT0008,2026-04-20 18:10:26,2026-06-04 18:10:26,2026-06-15 18:10:26,2056,2056,1808.01,213479.49,0,34456.92,Received
PO003518,SUP00014,PART00957,PLT0028,2026-04-29 13:36:26,2026-05-09 13:36:26,2026-05-20 13:36:26,2629,2629,1053.18,191840.11,0,24758.89,Received
PO003519,SUP00114,PART00030,PLT0004,2026-04-05 20:55:00,2026-04-19 20:55:00,2026-04-19 20:55:00,1359,1359,572.68,35432.53,10,5217.33,Received
PO003520,SUP00166,PART00385,PLT0000,2026-05-14 03:15:44,2026-06-04 03:15:44,2026-06-05 03:15:44,2676,2240,1255.69,248073.2,0,61913.34,Received
PO003521,SUP00105,PART01117,PLT0029,2026-03-05 15:31:46,2026-03-26 15:31:46,2026-04-01 15:31:46,2497,2497,1142.77,211655.82,18,47430.77,Received
PO003522,SUP00160,PART01109,PLT0009,2026-02-04 22:37:33,2026-02-11 22:37:33,2026-02-11 22:37:33,3185,3185,2540.17,241714.88,10,135602.73,Received
PO003523,SUP00035,PART00910,PLT0005,2026-03-08 21:22:00,2026-04-22 21:22:00,2026-04-21 21:22:00,157,157,3421.82,15258.35,18,5593.02,Received
PO003524,SUP00158,PART00654,PLT0026,2026-03-13 19:21:54,2026-03-20 19:21:54,2026-03-22 19:21:54,1594,1594,1471.4,82496.39,0,14959.19,Received
PO003525,SUP00002,PART00896,PLT0017,2026-04-10 01:26:48,2026-04-17 01:26:48,2026-04-15 01:26:48,160,160,270.16,1181.14,0,784.92,Received
PO003526,SUP00034,PART01300,PLT0008,2026-01-18 01:08:46,2026-02-17 01:08:46,2026-02-15 01:08:46,808,808,3152.63,66509.92,0,49715.13,Received
PO003527,SUP00029,PART01917,PLT0026,2026-01-01 15:06:21,2026-03-02 15:06:21,2026-03-02 15:06:21,2301,2301,1067.11,104161.15,10,28034.29,Received
PO003528,SUP00173,PART01236,PLT0029,2026-06-12 16:42:15,2026-06-22 16:42:15,2026-06-21 16:42:15,3923,3923,4860.5,1096357.73,12.5,256009.81,Received
PO003529,SUP00156,PART01829,PLT0029,2026-04-24 09:14:39,2026-05-04 09:14:39,2026-05-03 09:14:39,4235,4235,1323.87,317922.26,0,75746.51,Received
PO003530,SUP00104,PART00308,PLT0021,2026-03-13 18:36:45,2026-03-23 18:36:45,2026-03-22 18:36:45,4987,4987,2246.97,882170.8,10,125409.5,Received
PO003531,SUP00163,PART00842,PLT0025,2026-01-09 19:25:29,2026-01-16 19:25:29,2026-01-15 19:25:29,2521,2521,1838.73,328464.21,5,56356.38,Received
PO003532,SUP00189,PART01248,PLT0027,2026-02-27 16:28:48,2026-04-13 16:28:48,2026-04-12 16:28:48,2613,2613,645.35,116095.13,5,31034.32,Received
PO003533,SUP00024,PART00797,PLT0018,2026-02-25 18:17:02,2026-03-27 18:17:02,2026-04-03 18:17:02,2486,2486,1056.8,119935.35,5,16447.8,Received
PO003534,SUP00075,PART00627,PLT0028,2026-03-03 04:33:10,2026-05-02 04:33:10,2026-04-30 04:33:10,3104,2183,1371.61,115124.08,0,69448.88,Received
PO003535,SUP00019,PART01195,PLT0010,2026-01-22 03:20:16,2026-03-23 03:20:16,2026-03-30 03:20:16,1956,1956,1461.86,216585.71,0,37205.48,Received
PO003536,SUP00169,PART01264,PLT0017,2026-04-23 10:02:46,2026-06-22 10:02:46,2026-06-19 10:02:46,1919,1919,2525.67,292876.72,0,33592.49,Received
PO003537,SUP00190,PART00016,PLT0008,2026-01-31 05:24:09,2026-04-01 05:24:09,2026-04-05 05:24:09,2021,2021,1946.29,241868.41,18,56918.32,Received
PO003538,SUP00008,PART00490,PLT0003,2026-05-09 10:24:56,2026-05-16 10:24:56,2026-05-16 10:24:56,1239,1239,817.47,57362.43,0,12594.62,Received
PO003539,SUP00051,PART00529,PLT0000,2026-01-05 17:01:01,2026-01-12 17:01:01,2026-01-11 17:01:01,4525,4121,872.82,180589.32,7.5,47431.77,Received
PO003540,SUP00134,PART01662,PLT0015,2026-05-07 16:01:06,2026-05-17 16:01:06,2026-05-17 16:01:06,1362,1362,353.86,23422.12,18,6790.6,Received
PO003541,SUP00129,PART01950,PLT0013,2026-02-09 07:53:31,2026-04-10 07:53:31,2026-04-10 07:53:31,2973,2973,4698.39,1113748.28,5,180872.01,Received
PO003542,SUP00111,PART01726,PLT0017,2026-05-31 10:02:04,2026-06-10 10:02:04,2026-06-09 10:02:04,1698,1698,2423.54,293274.54,15,22399.45,Received
PO003543,SUP00096,PART01246,PLT0025,2026-04-23 18:40:22,2026-05-03 18:40:22,2026-05-01 18:40:22,3852,3852,1959.97,436788.5,15,78737.34,Received
PO003544,SUP00186,PART01072,PLT0022,2026-03-18 22:18:09,2026-05-02 22:18:09,2026-05-02 22:18:09,4665,4665,179.13,48065.95,12.5,14700.96,Received
PO003545,SUP00117,PART00826,PLT0014,2026-04-13 09:52:12,2026-05-28 09:52:12,2026-06-08 09:52:12,1474,1474,3689.41,320909.1,12.5,71602.72,Received
PO003546,SUP00098,PART01175,PLT0012,2026-01-03 04:32:14,2026-03-04 04:32:14,2026-03-01 04:32:14,4180,4180,3581.24,769657.76,0,184053.34,Received
PO003547,SUP00196,PART00096,PLT0009,2026-05-22 03:39:22,2026-06-12 03:39:22,2026-06-18 03:39:22,1457,1457,193.55,10145.19,10,3540.17,Received
PO003548,SUP00057,PART00047,PLT0013,2026-04-17 00:13:31,2026-05-17 00:13:31,2026-05-14 00:13:31,4938,4938,1067.63,305129.05,0,79012.9,Received
PO003549,SUP00189,PART01248,PLT0025,2026-03-30 14:42:05,2026-05-14 14:42:05,2026-05-22 14:42:05,118,118,645.35,1711.67,0,987.5,Received
PO003550,SUP00133,PART00541,PLT0017,2026-05-21 18:11:17,2026-07-05 18:11:17,2026-07-03 18:11:17,2167,2167,1094.95,123009.52,15,31473.92,Received
PO003551,SUP00084,PART00091,PLT0026,2026-06-05 00:31:06,2026-06-12 00:31:06,2026-06-27 00:31:06,4424,4424,1551.36,242262.39,10,89824.35,Received
PO003552,SUP00108,PART01879,PLT0022,2026-03-30 21:49:35,2026-05-29 21:49:35,2026-06-09 21:49:35,1159,1159,2518.96,90409.94,5,17673.52,Received
PO003553,SUP00028,PART01032,PLT0022,2026-01-06 17:43:27,2026-01-13 17:43:27,2026-01-10 17:43:27,3449,3449,2842.91,384467.5,15,142481.39,Received
PO003554,SUP00162,PART00621,PLT0007,2026-05-05 08:13:30,2026-05-12 08:13:30,2026-05-09 08:13:30,4602,4602,3786.96,1083342.43,15,224128.74,Received
PO003555,SUP00079,PART01888,PLT0020,2026-05-31 16:08:56,2026-06-07 16:08:56,2026-06-06 16:08:56,3644,3644,1063.49,174763.49,18,50040.72,Received
PO003556,SUP00057,PART00047,PLT0009,2026-01-16 14:12:16,2026-02-15 14:12:16,2026-02-13 14:12:16,4036,4036,1067.63,250764.88,5,62376.86,Received
PO003557,SUP00022,PART00900,PLT0006,2026-05-19 17:22:12,2026-07-03 17:22:12,2026-07-02 17:22:12,1028,1028,2425.89,149926.44,12.5,49209.89,Received
PO003558,SUP00167,PART00553,PLT0015,2026-04-26 09:10:28,2026-05-10 09:10:28,2026-05-08 09:10:28,2067,2067,4734.88,261045.36,18,72284.3,Received
PO003559,SUP00099,PART00462,PLT0023,2026-01-08 13:50:41,2026-03-09 13:50:41,2026-03-06 13:50:41,3396,3396,4563.82,339756.48,7.5,269270.29,Received
PO003560,SUP00138,PART01887,PLT0029,2026-03-27 13:01:26,2026-04-10 13:01:26,2026-04-07 13:01:26,2123,1741,145.1,12298.23,15,2900.12,Received
PO003561,SUP00165,PART01987,PLT0012,2026-01-27 23:23:18,2026-03-13 23:23:18,2026-03-10 23:23:18,4236,4236,1470.9,439577.92,10,90139.43,Received
PO003562,SUP00149,PART00647,PLT0028,2026-03-08 17:18:19,2026-05-07 17:18:19,2026-05-05 17:18:19,1276,1276,2785.21,190963.18,12.5,39194.53,Received
PO003563,SUP00181,PART00357,PLT0019,2026-02-04 16:35:43,2026-02-18 16:35:43,2026-02-18 16:35:43,3844,3844,2048.63,621809.28,12.5,95150.35,Received
PO003564,SUP00118,PART00555,PLT0001,2026-03-26 04:02:44,2026-04-05 04:02:44,2026-04-05 04:02:44,2625,1425,1861.55,164481.3,0,56559.08,Received
PO003565,SUP00100,PART01892,PLT0029,2026-02-15 07:38:45,2026-04-01 07:38:45,2026-03-31 07:38:45,1988,1988,2503.58,339484.61,18,74637.51,Received
PO003566,SUP00110,PART01240,PLT0016,2026-03-17 18:49:21,2026-03-31 18:49:21,2026-03-29 18:49:21,2121,2121,93.26,9902.01,12.5,1543.02,Received
PO003567,SUP00137,PART00844,PLT0028,2026-03-25 15:20:45,2026-04-08 15:20:45,2026-04-09 15:20:45,1906,1906,1606.87,129783.26,7.5,44780.8,Received
PO003568,SUP00056,PART00106,PLT0017,2026-03-02 14:45:13,2026-05-01 14:45:13,2026-05-01 14:45:13,2551,2551,741.01,103546.52,12.5,13581.69,Received
PO003569,SUP00036,PART00474,PLT0020,2026-03-12 23:58:15,2026-05-11 23:58:15,2026-05-08 23:58:15,307,307,114.45,865.37,12.5,393.13,Received
PO003570,SUP00123,PART00584,PLT0027,2026-03-17 19:12:51,2026-05-16 19:12:51,2026-05-16 19:12:51,4846,4846,2484.29,295291.1,0,162506.65,Received
PO003571,SUP00173,PART01755,PLT0002,2026-01-02 05:36:56,2026-01-12 05:36:56,2026-01-12 05:36:56,3570,3570,907.46,227007.06,10,31209.27,Received
PO003572,SUP00187,PART01930,PLT0009,2026-05-20 20:38:58,2026-06-10 20:38:58,2026-06-10 20:38:58,837,837,3321.99,142182.94,7.5,49529.63,Received
PO003573,SUP00085,PART00266,PLT0020,2026-05-23 18:14:53,2026-07-07 18:14:53,2026-07-19 18:14:53,2492,1888,2399.57,175662.02,0,111641.57,In Transit
PO003574,SUP00185,PART00644,PLT0005,2026-01-26 08:19:51,2026-03-27 08:19:51,2026-03-24 08:19:51,1667,1667,3693.56,408981.99,5,45364.07,Received
PO003575,SUP00158,PART00843,PLT0012,2026-03-14 12:42:44,2026-03-21 12:42:44,2026-04-05 12:42:44,3325,3325,3669.62,321622.09,15,71827.33,Received
PO003576,SUP00137,PART01089,PLT0021,2026-05-10 16:20:13,2026-05-24 16:20:13,2026-05-24 16:20:13,1016,1016,4700.75,122228.29,7.5,23946.39,Received
PO003577,SUP00154,PART00300,PLT0011,2026-01-07 12:14:16,2026-01-17 12:14:16,2026-01-24 12:14:16,2259,2259,1164.56,207104.4,12.5,48990.55,Received
PO003578,SUP00104,PART00526,PLT0007,2026-03-02 05:13:27,2026-03-12 05:13:27,2026-03-23 05:13:27,2561,2561,2211.37,253908.34,0,106267.67,Received
PO003579,SUP00165,PART01379,PLT0021,2026-03-11 03:41:45,2026-04-25 03:41:45,2026-04-23 03:41:45,1626,1626,2768.51,330083.53,7.5,27878.3,Received
PO003580,SUP00163,PART00842,PLT0000,2026-01-31 11:29:50,2026-02-07 11:29:50,2026-02-05 11:29:50,1624,1624,1838.73,235717.73,18,39005.21,Received
PO003581,SUP00007,PART01020,PLT0010,2026-03-11 17:45:41,2026-03-25 17:45:41,2026-03-22 17:45:41,2642,2642,552.94,93972.54,0,13008.94,Received
PO003582,SUP00166,PART00142,PLT0021,2026-03-08 20:23:28,2026-03-29 20:23:28,2026-04-01 20:23:28,4386,4386,2649.65,818510.49,0,191061.09,Received
PO003583,SUP00112,PART00101,PLT0025,2026-01-20 05:13:59,2026-02-19 05:13:59,2026-02-17 05:13:59,1942,1942,3393.14,392285.46,0,92558.65,Received
PO003584,SUP00193,PART01013,PLT0014,2026-05-17 21:06:26,2026-05-27 21:06:26,2026-05-25 21:06:26,1911,1911,4086.08,492354.38,0,108515.87,Received
PO003585,SUP00170,PART00633,PLT0011,2026-05-12 20:51:35,2026-05-26 20:51:35,2026-05-23 20:51:35,4136,4136,2813.59,743461.38,0,109667.46,Received
PO003586,SUP00043,PART01754,PLT0028,2026-04-02 17:46:00,2026-06-01 17:46:00,2026-06-04 17:46:00,2194,2194,3039.3,439243.08,7.5,124713.57,Received
PO003587,SUP00175,PART00984,PLT0004,2026-06-02 20:08:17,2026-06-16 20:08:17,2026-06-28 20:08:17,4227,4227,25.53,7167.0,0,1450.79,Received
PO003588,SUP00165,PART00020,PLT0013,2026-03-29 12:19:53,2026-05-13 12:19:53,2026-05-13 12:19:53,228,228,4904.73,60765.4,18,10482.33,Received
PO003589,SUP00091,PART00355,PLT0019,2026-04-09 14:48:30,2026-04-23 14:48:30,2026-04-22 14:48:30,590,590,4210.72,88393.28,0,17216.75,Received
PO003590,SUP00137,PART00259,PLT0013,2026-03-11 00:43:51,2026-03-25 00:43:51,2026-03-22 00:43:51,462,405,1502.94,21383.51,18,9639.15,Received
PO003591,SUP00093,PART00003,PLT0010,2026-05-05 21:46:52,2026-05-12 21:46:52,2026-05-12 21:46:52,3012,3012,3944.11,828520.34,7.5,100132.72,Received
PO003592,SUP00012,PART01389,PLT0011,2026-03-15 13:49:33,2026-04-14 13:49:33,2026-04-14 13:49:33,1257,656,1521.74,61735.58,7.5,17461.23,Received
PO003593,SUP00062,PART01467,PLT0027,2026-04-01 18:13:59,2026-04-15 18:13:59,2026-04-15 18:13:59,3444,1787,1869.66,491943.93,5,89270.64,Received
PO003594,SUP00097,PART01249,PLT0020,2026-02-26 18:57:35,2026-03-08 18:57:35,2026-03-05 18:57:35,4472,4472,3827.14,1015762.0,7.5,305557.69,Received
PO003595,SUP00157,PART01268,PLT0000,2026-05-25 03:57:32,2026-07-09 03:57:32,2026-07-09 03:57:32,1328,1328,1343.34,43527.54,0,30170.65,Received
PO003596,SUP00125,PART00373,PLT0012,2026-03-01 22:01:41,2026-04-15 22:01:41,2026-04-15 22:01:41,4235,4235,3808.56,570356.97,15,316458.49,Received
PO003597,SUP00156,PART01034,PLT0018,2026-02-12 05:12:04,2026-02-22 05:12:04,2026-02-19 05:12:04,474,474,2327.36,46548.54,0,12862.09,Received
PO003598,SUP00049,PART01273,PLT0011,2026-05-06 07:23:01,2026-05-13 07:23:01,2026-05-10 07:23:01,1116,1116,2032.3,74933.48,15,25107.19,Received
PO003599,SUP00102,PART01908,PLT0008,2026-05-19 14:31:23,2026-06-09 14:31:23,2026-06-08 14:31:23,1114,1114,202.77,10657.35,0,4374.67,Received
PO003600,SUP00050,PART01015,PLT0019,2026-04-12 23:57:46,2026-05-12 23:57:46,2026-05-09 23:57:46,378,378,1952.96,42293.09,5,8573.63,Received
PO003601,SUP00104,PART01893,PLT0016,2026-04-07 20:22:44,2026-04-17 20:22:44,2026-04-15 20:22:44,1385,1385,3514.77,287725.72,12.5,85369.55,Received
PO003602,SUP00191,PART00399,PLT0012,2026-04-20 20:24:38,2026-06-19 20:24:38,2026-07-02 20:24:38,4303,4303,2591.16,408378.34,0,200645.37,Received
PO003603,SUP00092,PART01651,PLT0018,2026-04-16 21:30:10,2026-05-31 21:30:10,2026-05-29 21:30:10,3755,3340,2391.24,262340.05,0,98739.25,Received
PO003604,SUP00154,PART00300,PLT0023,2026-04-28 10:04:53,2026-05-08 10:04:53,2026-05-05 10:04:53,2932,2932,1164.56,191882.86,10,25571.81,Received
PO003605,SUP00155,PART01901,PLT0009,2026-03-28 16:03:47,2026-04-18 16:03:47,2026-04-27 16:03:47,4097,2452,1199.36,196008.47,5,38799.23,Received
PO003606,SUP00145,PART00419,PLT0002,2026-05-06 18:01:52,2026-07-05 18:01:52,2026-07-04 18:01:52,633,633,2556.36,53059.75,7.5,27928.48,Received
PO003607,SUP00076,PART00674,PLT0028,2026-03-16 08:32:58,2026-03-30 08:32:58,2026-04-09 08:32:58,3515,3515,1478.42,371883.56,12.5,54105.55,Received
PO003608,SUP00064,PART00103,PLT0004,2026-01-22 20:33:54,2026-03-23 20:33:54,2026-04-05 20:33:54,217,217,4007.29,26341.2,18,9880.42,Received
PO003609,SUP00141,PART01357,PLT0019,2026-04-20 08:00:30,2026-06-04 08:00:30,2026-06-01 08:00:30,512,512,2141.52,45022.87,0,20980.14,Received
PO003610,SUP00168,PART00465,PLT0016,2026-06-24 06:32:10,2026-07-08 06:32:10,2026-07-05 06:32:10,1633,1633,4870.03,493155.38,10,147166.5,Received
PO003611,SUP00128,PART01816,PLT0015,2026-06-12 01:54:49,2026-07-03 01:54:49,2026-07-13 01:54:49,1755,1755,2097.93,196528.19,0,57561.44,Received
PO003612,SUP00009,PART01895,PLT0015,2026-02-25 17:26:40,2026-03-04 17:26:40,2026-03-01 17:26:40,1584,1584,2387.38,282295.96,15,36904.31,Received
PO003613,SUP00129,PART00181,PLT0002,2026-03-09 13:23:36,2026-05-08 13:23:36,2026-05-06 13:23:36,1740,1740,2768.35,135066.03,0,56199.57,Received
PO003614,SUP00186,PART00913,PLT0019,2026-02-07 10:35:02,2026-03-24 10:35:02,2026-03-22 10:35:02,2505,2505,1591.4,225324.32,0,55434.59,Received
PO003615,SUP00078,PART01156,PLT0012,2026-05-09 02:42:08,2026-07-08 02:42:08,2026-07-05 02:42:08,1490,1490,1523.89,136571.6,18,20819.79,Received
PO003616,SUP00023,PART01978,PLT0018,2026-05-20 03:29:02,2026-06-03 03:29:02,2026-06-16 03:29:02,4089,4089,1371.96,335979.56,10,65956.13,Received
PO003617,SUP00091,PART01891,PLT0007,2026-05-10 06:41:02,2026-05-24 06:41:02,2026-05-22 06:41:02,95,95,470.59,1051.82,0,824.18,Received
PO003618,SUP00177,PART00319,PLT0011,2026-01-18 05:14:49,2026-02-08 05:14:49,2026-02-08 05:14:49,300,134,1505.67,23432.08,15,3143.25,Received
PO003619,SUP00167,PART00038,PLT0015,2026-03-10 23:01:03,2026-03-24 23:01:03,2026-03-22 23:01:03,2325,2325,500.4,49326.07,12.5,22418.09,Received
PO003620,SUP00041,PART00158,PLT0019,2026-03-21 06:15:58,2026-03-31 06:15:58,2026-04-12 06:15:58,3811,3811,2592.92,669697.44,0,156117.78,Received
PO003621,SUP00157,PART00111,PLT0022,2026-02-22 11:46:11,2026-04-08 11:46:11,2026-04-08 11:46:11,714,714,3795.41,84338.58,10,27458.21,Received
PO003622,SUP00092,PART00775,PLT0022,2026-03-01 01:11:56,2026-04-15 01:11:56,2026-04-12 01:11:56,3284,3284,1900.24,296286.71,5,99077.16,Received
PO003623,SUP00035,PART01204,PLT0020,2026-04-03 13:09:02,2026-05-18 13:09:02,2026-05-16 13:09:02,734,734,1744.31,51537.81,12.5,16381.46,Received
PO003624,SUP00111,PART01258,PLT0000,2026-06-03 20:15:35,2026-06-13 20:15:35,2026-06-12 20:15:35,2026,2026,3076.07,353469.9,7.5,114471.58,Received
PO003625,SUP00187,PART00872,PLT0024,2026-05-17 10:36:38,2026-06-07 10:36:38,2026-06-05 10:36:38,4025,4025,2978.18,861025.17,0,210559.84,Received
PO003626,SUP00141,PART01947,PLT0026,2026-03-06 22:29:11,2026-04-20 22:29:11,2026-04-17 22:29:11,1850,1850,1063.3,132644.27,10,15850.14,Received
PO003627,SUP00021,PART01792,PLT0027,2026-02-27 13:02:03,2026-03-29 13:02:03,2026-03-29 13:02:03,4070,4070,2403.56,236913.41,12.5,70766.46,Received
PO003628,SUP00002,PART00414,PLT0001,2026-07-01 11:20:08,2026-07-08 11:20:08,2026-07-05 11:20:08,962,962,68.26,1534.62,0,1174.06,Received
PO003629,SUP00064,PART00103,PLT0013,2026-03-19 07:11:00,2026-05-18 07:11:00,2026-05-18 07:11:00,1854,1854,4007.29,536439.28,0,74108.75,Received
PO003630,SUP00162,PART00120,PLT0008,2026-01-23 23:50:48,2026-01-30 23:50:48,2026-01-27 23:50:48,3679,3679,1955.32,435098.91,0,100108.85,Received
PO003631,SUP00041,PART00583,PLT0013,2026-03-28 01:17:44,2026-04-07 01:17:44,2026-04-04 01:17:44,448,448,1792.82,29130.42,12.5,13984.19,Received
PO003632,SUP00191,PART01767,PLT0004,2026-01-30 01:04:03,2026-03-31 01:04:03,2026-03-30 01:04:03,200,200,3572.23,46480.11,18,9113.58,Received
PO003633,SUP00076,PART01458,PLT0015,2026-03-29 19:57:26,2026-04-12 19:57:26,2026-04-21 19:57:26,4215,2040,911.38,256076.14,15,39272.21,Received
PO003634,SUP00098,PART00825,PLT0016,2026-03-18 01:29:38,2026-05-17 01:29:38,2026-05-14 01:29:38,1499,1499,4873.12,257261.7,18,57057.41,Received
PO003635,SUP00063,PART01425,PLT0007,2026-01-03 08:54:12,2026-02-02 08:54:12,2026-02-03 08:54:12,4718,4718,3573.18,402712.79,10,149366.78,Received
PO003636,SUP00075,PART01667,PLT0010,2026-04-25 15:30:28,2026-06-24 15:30:28,2026-06-25 15:30:28,997,997,4342.47,137087.26,5,46626.65,Received
PO003637,SUP00002,PART01756,PLT0004,2026-05-22 03:14:30,2026-05-29 03:14:30,2026-05-29 03:14:30,2733,2733,2386.93,429786.78,18,127246.56,Received
PO003638,SUP00177,PART00567,PLT0000,2026-04-15 00:33:00,2026-05-06 00:33:00,2026-05-05 00:33:00,2456,2456,3135.3,341453.38,0,112506.64,Received
PO003639,SUP00121,PART00920,PLT0002,2026-03-23 13:59:45,2026-03-30 13:59:45,2026-03-30 13:59:45,4702,4702,923.96,253683.89,5,64775.63,Received
PO003640,SUP00067,PART00765,PLT0029,2026-04-21 16:40:12,2026-06-05 16:40:12,2026-06-04 16:40:12,3893,1740,1178.13,153016.66,0,48014.15,Received
PO003641,SUP00088,PART01049,PLT0023,2026-01-15 11:28:43,2026-02-14 11:28:43,2026-02-11 11:28:43,4803,4803,1058.23,109684.18,15,70710.84,Received
PO003642,SUP00168,PART00622,PLT0013,2026-05-23 11:06:07,2026-06-06 11:06:07,2026-06-04 11:06:07,541,541,3861.87,127322.8,18,12480.58,Received
PO003643,SUP00076,PART00201,PLT0019,2026-05-28 16:34:57,2026-06-11 16:34:57,2026-06-09 16:34:57,1325,1325,1128.21,80541.05,0,29889.9,Received
PO003644,SUP00031,PART01440,PLT0020,2026-01-15 02:32:53,2026-03-16 02:32:53,2026-03-15 02:32:53,3605,3605,4096.53,769328.15,0,78515.95,Received
PO003645,SUP00184,PART01025,PLT0027,2026-03-24 17:04:49,2026-04-07 17:04:49,2026-04-08 17:04:49,3513,3513,363.37,65559.67,7.5,12285.87,Received
PO003646,SUP00074,PART00165,PLT0013,2026-06-24 01:53:56,2026-07-04 01:53:56,2026-07-01 01:53:56,836,836,2492.7,136608.64,0,36528.41,Received
PO003647,SUP00074,PART00569,PLT0005,2026-01-01 09:07:40,2026-01-11 09:07:40,2026-01-08 09:07:40,460,460,331.11,3318.54,18,2461.42,Received
PO003648,SUP00019,PART00705,PLT0017,2026-01-30 19:43:15,2026-03-31 19:43:15,2026-03-31 19:43:15,2138,2138,1829.66,190807.2,10,60730.79,Received
PO003649,SUP00198,PART00361,PLT0009,2026-01-02 07:30:58,2026-02-01 07:30:58,2026-02-01 07:30:58,1666,1666,570.49,22686.92,18,17081.91,Received
PO003650,SUP00004,PART00189,PLT0014,2026-03-09 11:41:46,2026-04-08 11:41:46,2026-04-05 11:41:46,1508,1508,3545.16,327050.82,7.5,77545.28,Received
PO003651,SUP00176,PART00958,PLT0013,2026-02-21 06:10:54,2026-04-22 06:10:54,2026-04-22 06:10:54,2265,2265,4936.01,788960.13,18,212231.74,Received
PO003652,SUP00173,PART00370,PLT0011,2026-01-15 14:50:44,2026-01-25 14:50:44,2026-01-25 14:50:44,727,727,4762.22,248071.41,12.5,29379.95,Received
PO003653,SUP00199,PART00537,PLT0029,2026-05-01 22:17:16,2026-05-15 22:17:16,2026-05-18 22:17:16,3679,2455,3259.68,786548.73,0,155571.61,Received
PO003654,SUP00193,PART01182,PLT0009,2026-06-15 02:50:35,2026-06-25 02:50:35,2026-06-22 02:50:35,4196,4196,2781.29,665441.06,10,188135.9,Received
PO003655,SUP00089,PART00540,PLT0006,2026-05-15 18:51:21,2026-06-05 18:51:21,2026-06-04 18:51:21,798,798,2121.91,98236.43,0,11532.49,Received
PO003656,SUP00042,PART01327,PLT0027,2026-03-07 19:15:12,2026-03-17 19:15:12,2026-03-15 19:15:12,866,866,2587.28,94641.08,0,18285.0,Received
PO003657,SUP00105,PART01117,PLT0024,2026-03-12 09:23:05,2026-04-02 09:23:05,2026-04-15 09:23:05,2085,2085,1142.77,181335.05,15,24837.58,Received
PO003658,SUP00028,PART01032,PLT0024,2026-02-11 21:16:22,2026-02-18 21:16:22,2026-02-17 21:16:22,1011,1011,2842.91,212211.47,10,20822.88,Received
PO003659,SUP00167,PART01469,PLT0007,2026-01-29 14:02:08,2026-02-12 14:02:08,2026-02-10 14:02:08,1235,1235,4805.77,191532.33,10,100690.66,Received
PO003660,SUP00040,PART00988,PLT0025,2026-04-22 20:50:37,2026-04-29 20:50:37,2026-05-05 20:50:37,3631,3631,3357.26,248549.33,5,223046.69,Received
PO003661,SUP00067,PART00765,PLT0000,2026-01-03 09:23:44,2026-02-17 09:23:44,2026-02-15 09:23:44,2718,2718,1178.13,202459.22,0,63995.95,Received
PO003662,SUP00130,PART00624,PLT0025,2026-04-11 16:29:51,2026-06-10 16:29:51,2026-06-08 16:29:51,391,391,4194.89,99600.21,0,20979.62,Received
PO003663,SUP00033,PART00383,PLT0011,2026-05-23 15:48:55,2026-06-02 15:48:55,2026-05-30 15:48:55,1522,1522,1015.58,111349.21,15,8268.75,Received
PO003664,SUP00038,PART00876,PLT0028,2026-01-31 12:43:46,2026-04-01 12:43:46,2026-03-30 12:43:46,4200,3352,210.71,37905.34,18,5227.86,Received
PO003665,SUP00175,PART00721,PLT0017,2026-01-26 19:43:35,2026-02-09 19:43:35,2026-02-12 19:43:35,3474,3474,2615.94,292368.68,0,177933.18,Received
PO003666,SUP00107,PART00942,PLT0011,2026-06-14 21:30:38,2026-07-05 21:30:38,2026-07-05 21:30:38,3081,3081,898.44,77896.18,15,44867.96,Received
PO003667,SUP00158,PART01588,PLT0006,2026-06-12 05:55:15,2026-06-19 05:55:15,2026-06-19 05:55:15,2389,1538,2078.19,374804.34,12.5,88213.3,Received
PO003668,SUP00083,PART01115,PLT0016,2026-03-23 20:00:16,2026-05-22 20:00:16,2026-05-19 20:00:16,785,785,3608.41,131361.48,18,34240.74,Received
PO003669,SUP00131,PART01075,PLT0000,2026-06-17 07:55:46,2026-07-08 07:55:46,2026-07-22 07:55:46,2776,2776,4523.56,390016.16,18,201911.06,In Transit
PO003670,SUP00147,PART00154,PLT0025,2026-02-04 03:27:27,2026-02-11 03:27:27,2026-02-10 03:27:27,3247,3247,2056.92,265855.07,10,118051.91,Received
PO003671,SUP00113,PART01555,PLT0020,2026-04-05 12:16:58,2026-06-04 12:16:58,2026-06-01 12:16:58,2260,2260,1368.73,123518.25,0,44525.24,Received
PO003672,SUP00186,PART01898,PLT0012,2026-01-31 00:53:39,2026-03-17 00:53:39,2026-03-20 00:53:39,148,148,4967.12,53375.35,5,12331.05,Received
PO003673,SUP00052,PART01580,PLT0013,2026-02-19 18:51:56,2026-03-21 18:51:56,2026-03-20 18:51:56,4867,4867,3717.0,1158305.0,0,147357.06,Received
PO003674,SUP00183,PART00116,PLT0014,2026-01-15 14:19:33,2026-02-14 14:19:33,2026-02-11 14:19:33,413,263,3161.61,72543.64,5,18382.53,Received
PO003675,SUP00044,PART00538,PLT0010,2026-01-15 09:58:34,2026-03-16 09:58:34,2026-03-13 09:58:34,4385,4385,2373.12,657943.34,0,63051.25,Received
PO003676,SUP00035,PART00298,PLT0018,2026-04-11 06:07:00,2026-05-26 06:07:00,2026-06-02 06:07:00,170,170,1661.99,8796.11,18,2994.58,Received
PO003677,SUP00115,PART01014,PLT0025,2026-06-05 02:31:20,2026-06-19 02:31:20,2026-06-19 02:31:20,2060,2060,3786.6,245237.06,0,81158.53,Received
PO003678,SUP00173,PART01225,PLT0010,2026-05-07 11:28:14,2026-05-17 11:28:14,2026-05-30 11:28:14,3451,1980,4474.3,340836.09,12.5,219298.33,Received
PO003679,SUP00051,PART00150,PLT0004,2026-02-11 14:30:42,2026-02-18 14:30:42,2026-02-18 14:30:42,4542,3714,2546.23,591427.21,12.5,190103.93,Received
PO003680,SUP00131,PART01075,PLT0002,2026-01-18 19:38:33,2026-02-08 19:38:33,2026-02-09 19:38:33,3821,3821,4523.56,963618.3,0,323415.95,Received
PO003681,SUP00019,PART00418,PLT0022,2026-03-19 17:19:07,2026-05-18 17:19:07,2026-05-15 17:19:07,4238,4238,3563.05,891051.37,18,225524.21,Received
PO003682,SUP00130,PART00586,PLT0008,2026-02-22 19:35:20,2026-04-23 19:35:20,2026-04-20 19:35:20,1150,1150,749.98,60739.76,0,9895.2,Received
PO003683,SUP00177,PART01618,PLT0022,2026-05-19 00:45:36,2026-06-09 00:45:36,2026-06-06 00:45:36,3463,3463,3391.11,628790.71,5,195371.08,Received
PO003684,SUP00074,PART00148,PLT0022,2026-04-25 01:12:05,2026-05-05 01:12:05,2026-05-05 01:12:05,2543,2543,3549.15,663503.75,5,51443.99,Received
PO003685,SUP00151,PART01210,PLT0015,2026-04-21 16:22:03,2026-05-12 16:22:03,2026-05-18 16:22:03,3128,3128,168.8,35495.86,0,3568.62,Received
PO003686,SUP00195,PART00248,PLT0017,2026-05-28 10:19:31,2026-06-11 10:19:31,2026-06-13 10:19:31,4355,4355,946.46,199296.6,15,30880.67,Received
PO003687,SUP00100,PART00187,PLT0022,2026-05-15 11:18:15,2026-06-29 11:18:15,2026-07-01 11:18:15,1057,1057,4657.19,212593.44,15,47442.24,Received
PO003688,SUP00060,PART00015,PLT0006,2026-01-12 02:51:34,2026-03-13 02:51:34,2026-03-12 02:51:34,925,925,4979.66,227357.99,0,53968.61,Received
PO003689,SUP00159,PART01538,PLT0000,2026-03-01 21:20:29,2026-03-08 21:20:29,2026-03-07 21:20:29,1201,1201,3306.24,154395.86,18,52696.79,Received
PO003690,SUP00126,PART01787,PLT0002,2026-04-14 12:15:02,2026-05-05 12:15:02,2026-05-04 12:15:02,248,248,598.37,3184.33,7.5,1000.96,Received
PO003691,SUP00096,PART00704,PLT0004,2026-06-18 01:29:17,2026-06-28 01:29:17,2026-06-25 01:29:17,782,782,2895.26,122228.69,0,30841.31,Received
PO003692,SUP00139,PART00461,PLT0003,2026-01-09 06:10:04,2026-01-23 06:10:04,2026-01-23 06:10:04,3815,3815,3910.67,1049337.92,10,89015.95,Received
PO003693,SUP00188,PART00812,PLT0027,2026-05-04 17:43:17,2026-07-03 17:43:17,2026-07-02 17:43:17,4500,4500,1976.79,218027.34,15,171905.25,Received
PO003694,SUP00198,PART00361,PLT0000,2026-04-20 20:17:02,2026-05-20 20:17:02,2026-05-20 20:17:02,4938,4938,570.49,68976.07,7.5,30487.86,Received
PO003695,SUP00181,PART00793,PLT0002,2026-06-18 00:37:07,2026-07-02 00:37:07,2026-06-29 00:37:07,343,230,1570.84,39692.71,0,2987.58,Received
PO003696,SUP00094,PART01521,PLT0009,2026-03-12 18:30:48,2026-04-02 18:30:48,2026-04-02 18:30:48,3604,3604,1546.83,411210.93,10,46997.33,Received
PO003697,SUP00031,PART01967,PLT0006,2026-03-12 08:59:55,2026-05-11 08:59:55,2026-05-08 08:59:55,1585,1585,559.1,35028.24,0,4904.98,Received
PO003698,SUP00111,PART01726,PLT0026,2026-04-22 21:14:54,2026-05-02 21:14:54,2026-05-02 21:14:54,4025,4025,2423.54,709259.55,10,146156.72,Received
PO003699,SUP00088,PART01659,PLT0023,2026-03-07 14:51:04,2026-04-06 14:51:04,2026-04-05 14:51:04,1078,1078,3182.72,150099.4,5,19991.08,Received
PO003700,SUP00097,PART01771,PLT0029,2026-04-24 21:14:44,2026-05-04 21:14:44,2026-05-18 21:14:44,1277,1277,4762.66,121682.32,7.5,38927.01,Received
PO003701,SUP00151,PART01725,PLT0006,2026-03-07 15:02:37,2026-03-28 15:02:37,2026-03-25 15:02:37,3448,3448,3470.16,409088.12,0,99722.58,Received
PO003702,SUP00065,PART00786,PLT0007,2026-05-09 08:10:56,2026-06-23 08:10:56,2026-06-29 08:10:56,3986,3986,1808.01,239819.02,0,99601.73,Received
PO003703,SUP00005,PART01789,PLT0016,2026-01-04 18:33:49,2026-01-18 18:33:49,2026-01-18 18:33:49,4577,4577,661.43,131723.38,12.5,37303.61,Received
PO003704,SUP00036,PART00089,PLT0002,2026-03-02 05:04:40,2026-05-01 05:04:40,2026-04-30 05:04:40,1043,1043,1670.14,72749.97,0,14592.77,Received
PO003705,SUP00071,PART00523,PLT0024,2026-05-03 22:34:35,2026-07-02 22:34:35,2026-07-08 22:34:35,3005,3005,4087.84,743562.08,7.5,133006.43,Received
PO003706,SUP00094,PART01521,PLT0009,2026-05-05 19:49:05,2026-05-26 19:49:05,2026-05-26 19:49:05,4162,4162,1546.83,378138.76,0,45752.07,Received
PO003707,SUP00093,PART00346,PLT0000,2026-01-19 10:22:12,2026-01-26 10:22:12,2026-01-24 10:22:12,911,911,3998.51,192524.0,0,40395.14,Received
PO003708,SUP00168,PART00032,PLT0026,2026-04-26 07:28:16,2026-05-10 07:28:16,2026-05-07 07:28:16,2909,2909,3637.58,826878.3,0,198799.89,Received
PO003709,SUP00094,PART01521,PLT0018,2026-02-01 08:43:16,2026-02-22 08:43:16,2026-02-19 08:43:16,3926,3926,1546.83,413833.51,7.5,66914.51,Received
PO003710,SUP00049,PART01813,PLT0012,2026-05-06 17:34:57,2026-05-13 17:34:57,2026-05-12 17:34:57,4270,4270,3605.24,569999.06,5,246318.13,Received
PO003711,SUP00165,PART01380,PLT0013,2026-03-09 03:26:09,2026-04-23 03:26:09,2026-04-20 03:26:09,1398,1398,589.12,60365.65,7.5,14560.86,Received
PO003712,SUP00048,PART01936,PLT0017,2026-04-05 09:43:29,2026-04-19 09:43:29,2026-04-19 09:43:29,1912,1912,1084.61,125292.39,5,19212.65,Received
PO003713,SUP00013,PART00771,PLT0024,2026-02-27 08:27:01,2026-03-20 08:27:01,2026-03-18 08:27:01,1218,1218,1114.35,85022.2,15,9127.65,Received
PO003714,SUP00182,PART01857,PLT0018,2026-03-27 00:28:44,2026-04-26 00:28:44,2026-05-02 00:28:44,1834,1834,3310.35,229463.88,10,62696.82,Received
PO003715,SUP00023,PART01960,PLT0017,2026-01-10 21:19:08,2026-01-24 21:19:08,2026-01-24 21:19:08,3544,3544,4743.76,689380.03,15,133435.78,Received
PO003716,SUP00019,PART00645,PLT0013,2026-02-19 09:00:54,2026-04-20 09:00:54,2026-04-17 09:00:54,1188,1188,2246.83,85916.53,0,14868.48,Received
PO003717,SUP00133,PART01604,PLT0019,2026-01-05 19:35:53,2026-02-19 19:35:53,2026-02-18 19:35:53,2188,2188,3485.23,447617.27,0,68339.44,Received
PO003718,SUP00198,PART00881,PLT0021,2026-02-27 16:42:52,2026-03-29 16:42:52,2026-03-28 16:42:52,1672,1672,429.97,33344.06,0,8899.93,Received
PO003719,SUP00051,PART01606,PLT0013,2026-01-03 11:26:18,2026-01-10 11:26:18,2026-01-08 11:26:18,1440,1440,248.08,26608.3,5,5326.78,Received
PO003720,SUP00106,PART00164,PLT0006,2026-02-19 10:32:56,2026-03-01 10:32:56,2026-02-26 10:32:56,3500,3500,3257.39,355736.27,0,212195.32,Received
PO003721,SUP00038,PART00709,PLT0009,2026-01-14 10:47:34,2026-03-15 10:47:34,2026-03-13 10:47:34,308,308,2575.13,27632.56,15,11271.23,Received
PO003722,SUP00149,PART00718,PLT0024,2026-04-17 16:13:31,2026-06-16 16:13:31,2026-06-15 16:13:31,4585,4585,4152.67,595488.95,5,155543.43,Received
PO003723,SUP00075,PART01736,PLT0019,2026-03-20 20:34:43,2026-05-19 20:34:43,2026-05-19 20:34:43,265,265,235.6,4843.26,18,465.42,Received
PO003724,SUP00024,PART01198,PLT0013,2026-05-07 13:15:07,2026-06-06 13:15:07,2026-06-04 13:15:07,3605,1712,3428.79,292387.15,12.5,114626.22,Received
PO003725,SUP00150,PART00568,PLT0023,2026-03-21 09:06:52,2026-03-28 09:06:52,2026-04-05 09:06:52,3130,3130,649.01,108274.15,10,21809.57,Received
PO003726,SUP00191,PART00677,PLT0028,2026-01-10 06:28:23,2026-03-11 06:28:23,2026-03-09 06:28:23,524,524,4735.16,61200.63,7.5,21629.32,Received
PO003727,SUP00080,PART01696,PLT0018,2026-04-23 16:37:22,2026-05-07 16:37:22,2026-05-05 16:37:22,3888,3438,2866.33,610006.05,0,141751.17,Received
PO003728,SUP00000,PART00245,PLT0000,2026-01-29 00:16:26,2026-02-05 00:16:26,2026-02-03 00:16:26,927,927,3640.65,174558.24,0,33192.01,Received
PO003729,SUP00025,PART00683,PLT0004,2026-01-03 04:13:36,2026-02-02 04:13:36,2026-01-30 04:13:36,2813,2813,645.43,49146.78,0,32529.1,Received
PO003730,SUP00107,PART01152,PLT0025,2026-06-15 21:44:05,2026-07-06 21:44:05,2026-07-04 21:44:05,1571,1571,4658.95,236479.78,0,129938.05,Received
PO003731,SUP00009,PART00693,PLT0006,2026-01-03 22:25:52,2026-01-10 22:25:52,2026-01-18 22:25:52,1846,1483,3847.16,372677.45,0,59690.79,Received
PO003732,SUP00035,PART01845,PLT0016,2026-02-26 05:12:37,2026-04-12 05:12:37,2026-04-09 05:12:37,3939,3939,4264.34,740940.78,0,259362.6,Received
PO003733,SUP00112,PART01783,PLT0002,2026-04-23 22:48:15,2026-05-23 22:48:15,2026-05-25 22:48:15,192,192,547.93,7435.29,0,1439.13,Received
PO003734,SUP00135,PART00071,PLT0019,2026-03-10 17:44:19,2026-04-24 17:44:19,2026-04-29 17:44:19,2561,2561,386.51,61766.65,0,17564.86,Received
PO003735,SUP00151,PART01210,PLT0003,2026-03-02 01:56:00,2026-03-23 01:56:00,2026-03-20 01:56:00,3605,3605,168.8,32335.91,7.5,5285.18,Received
PO003736,SUP00052,PART01580,PLT0022,2026-05-04 01:25:22,2026-06-03 01:25:22,2026-06-01 01:25:22,3434,3434,3717.0,721137.77,15,183471.99,Received
PO003737,SUP00059,PART01153,PLT0012,2026-02-04 23:07:25,2026-02-18 23:07:25,2026-02-17 23:07:25,1394,1394,1461.13,67431.63,7.5,39140.57,Received
PO003738,SUP00121,PART01001,PLT0024,2026-01-09 07:53:00,2026-01-16 07:53:00,2026-01-16 07:53:00,4727,4727,2269.15,240455.18,12.5,118873.86,Received
PO003739,SUP00082,PART00657,PLT0021,2026-06-06 11:05:38,2026-06-16 11:05:38,2026-07-01 11:05:38,2225,2225,4794.69,362872.02,5,56710.56,Received
PO003740,SUP00176,PART00918,PLT0012,2026-04-11 15:44:54,2026-06-10 15:44:54,2026-06-09 15:44:54,1281,1062,3438.45,205421.94,18,27695.34,Received
PO003741,SUP00125,PART01296,PLT0023,2026-03-25 18:43:21,2026-05-09 18:43:21,2026-05-07 18:43:21,760,760,4332.89,158878.76,0,24375.21,Received
PO003742,SUP00146,PART00548,PLT0005,2026-06-18 02:26:42,2026-07-09 02:26:42,2026-07-08 02:26:42,3666,3666,3684.98,806428.58,15,118080.07,Received
PO003743,SUP00130,PART00092,PLT0002,2026-02-12 07:16:36,2026-04-13 07:16:36,2026-04-22 07:16:36,2202,2202,471.8,25457.56,10,18588.39,Received
PO003744,SUP00163,PART00986,PLT0022,2026-01-24 04:04:13,2026-01-31 04:04:13,2026-02-12 04:04:13,4650,4650,117.29,14976.7,0,8784.57,Received
PO003745,SUP00116,PART00587,PLT0014,2026-03-16 03:05:36,2026-04-06 03:05:36,2026-04-09 03:05:36,256,256,4524.37,40909.35,18,14156.15,Received
PO003746,SUP00149,PART01620,PLT0024,2026-02-14 11:00:43,2026-04-15 11:00:43,2026-04-13 11:00:43,1041,1041,342.23,27735.04,10,6021.72,Received
PO003747,SUP00185,PART00855,PLT0027,2026-03-01 06:53:21,2026-04-30 06:53:21,2026-04-29 06:53:21,576,576,4803.13,184550.1,18,35984.87,Received
PO003748,SUP00023,PART01213,PLT0005,2026-03-20 13:13:22,2026-04-03 13:13:22,2026-03-31 13:13:22,204,204,927.99,13647.47,18,3468.19,Received
PO003749,SUP00136,PART00549,PLT0007,2026-04-17 13:40:52,2026-05-01 13:40:52,2026-05-01 13:40:52,2492,2492,3634.12,379949.48,18,145234.74,Received
PO003750,SUP00131,PART01822,PLT0003,2026-03-20 13:34:36,2026-04-10 13:34:36,2026-04-07 13:34:36,130,130,2962.6,30071.08,7.5,7108.09,Received
PO003751,SUP00043,PART01040,PLT0021,2026-05-01 13:14:07,2026-06-30 13:14:07,2026-06-29 13:14:07,2354,2354,311.78,32387.46,0,9787.84,Received
PO003752,SUP00043,PART01601,PLT0005,2026-03-25 22:20:21,2026-05-24 22:20:21,2026-05-23 22:20:21,2198,2198,625.14,30282.94,18,16300.0,Received
PO003753,SUP00059,PART01564,PLT0025,2026-03-26 06:15:43,2026-04-09 06:15:43,2026-04-11 06:15:43,2195,2195,3618.06,487401.15,18,49879.58,Received
PO003754,SUP00063,PART00924,PLT0029,2026-01-26 23:04:14,2026-02-25 23:04:14,2026-02-24 23:04:14,4310,4310,3440.87,302754.87,10,75653.46,Received
PO003755,SUP00179,PART00469,PLT0000,2026-05-31 17:29:58,2026-06-30 17:29:58,2026-07-09 17:29:58,1932,1932,4570.33,235905.12,0,97372.49,Received
PO003756,SUP00182,PART01003,PLT0013,2026-02-19 12:43:13,2026-03-21 12:43:13,2026-03-18 12:43:13,1668,1668,2542.21,332585.28,18,72715.99,Received
PO003757,SUP00068,PART00416,PLT0028,2026-02-15 09:53:40,2026-03-17 09:53:40,2026-03-25 09:53:40,1127,550,1862.49,103362.21,18,13746.47,Received
PO003758,SUP00183,PART00153,PLT0011,2026-03-09 01:28:20,2026-04-08 01:28:20,2026-04-19 01:28:20,4798,4798,333.41,98065.69,18,13975.08,Received
PO003759,SUP00159,PART01909,PLT0005,2026-01-18 03:50:47,2026-01-25 03:50:47,2026-01-22 03:50:47,569,569,2206.93,74214.19,5,15765.69,Received
PO003760,SUP00074,PART00148,PLT0029,2026-05-21 23:16:37,2026-05-31 23:16:37,2026-05-28 23:16:37,3356,3356,3549.15,603337.19,7.5,166368.76,Received
PO003761,SUP00189,PART00029,PLT0015,2026-02-01 01:01:15,2026-03-18 01:01:15,2026-03-16 01:01:15,4397,4397,875.36,77856.88,0,33573.38,Received
PO003762,SUP00143,PART00180,PLT0013,2026-04-04 08:33:37,2026-05-19 08:33:37,2026-05-18 08:33:37,4400,4400,230.99,35166.74,5,14255.47,Received
PO003763,SUP00022,PART01106,PLT0010,2026-05-04 03:35:55,2026-06-18 03:35:55,2026-06-18 03:35:55,4606,4288,3587.41,1116452.36,15,242793.3,Received
PO003764,SUP00046,PART01058,PLT0003,2026-02-23 04:26:33,2026-03-05 04:26:33,2026-03-03 04:26:33,2097,2097,2602.16,189376.79,12.5,75580.64,Received
PO003765,SUP00133,PART01493,PLT0004,2026-02-17 04:19:53,2026-04-03 04:19:53,2026-04-16 04:19:53,1478,1478,4668.15,207286.56,7.5,118763.56,Received
PO003766,SUP00025,PART00848,PLT0003,2026-05-12 20:55:10,2026-06-11 20:55:10,2026-06-08 20:55:10,1354,1354,1014.38,31753.47,12.5,17133.31,Received
PO003767,SUP00056,PART00060,PLT0002,2026-04-22 20:22:17,2026-06-21 20:22:17,2026-06-18 20:22:17,356,196,2637.04,74180.53,0,12598.88,Received
PO003768,SUP00168,PART00001,PLT0008,2026-02-27 06:07:09,2026-03-13 06:07:09,2026-03-12 06:07:09,354,180,3390.43,54237.24,7.5,15875.79,Received
PO003769,SUP00080,PART00629,PLT0016,2026-03-06 00:38:11,2026-03-20 00:38:11,2026-03-19 00:38:11,3725,3725,4216.16,1233009.19,12.5,244051.42,Received
PO003770,SUP00025,PART00982,PLT0029,2026-02-12 23:38:12,2026-03-14 23:38:12,2026-03-17 23:38:12,3753,3753,3878.79,646825.14,12.5,285514.51,Received
PO003771,SUP00166,PART00385,PLT0019,2026-05-07 05:57:56,2026-05-28 05:57:56,2026-05-28 05:57:56,2017,2017,1255.69,137123.5,0,28872.21,Received
PO003772,SUP00150,PART01582,PLT0015,2026-02-26 15:46:54,2026-03-05 15:46:54,2026-03-02 15:46:54,4913,4913,3020.53,870580.09,12.5,164277.16,Received
PO003773,SUP00004,PART01450,PLT0007,2026-05-12 03:51:13,2026-06-11 03:51:13,2026-06-09 03:51:13,3461,3461,951.03,244795.23,18,29904.67,Received
PO003774,SUP00032,PART00453,PLT0010,2026-04-04 13:35:39,2026-05-19 13:35:39,2026-05-16 13:35:39,4347,4347,992.76,122068.01,7.5,84015.04,Received
PO003775,SUP00156,PART01034,PLT0007,2026-03-22 09:22:22,2026-04-01 09:22:22,2026-03-31 09:22:22,3652,3652,2327.36,446051.38,0,66735.13,Received
PO003776,SUP00157,PART01268,PLT0028,2026-03-15 06:29:02,2026-04-29 06:29:02,2026-04-28 06:29:02,2250,2250,1343.34,61238.56,10,52860.96,Received
PO003777,SUP00101,PART00798,PLT0015,2026-05-05 08:37:41,2026-07-04 08:37:41,2026-07-04 08:37:41,3977,3977,2744.43,331623.61,10,183826.3,Received
PO003778,SUP00033,PART01203,PLT0017,2026-04-17 03:08:28,2026-04-27 03:08:28,2026-05-12 03:08:28,3310,3310,2305.15,483722.55,5,88297.77,Received
PO003779,SUP00075,PART00841,PLT0006,2026-02-01 10:16:05,2026-04-02 10:16:05,2026-04-02 10:16:05,1875,1875,349.04,33033.82,0,6256.74,Received
PO003780,SUP00158,PART01005,PLT0008,2026-01-18 11:33:23,2026-01-25 11:33:23,2026-01-22 11:33:23,4546,3099,2007.08,387954.56,10,163129.05,Received
PO003781,SUP00056,PART00031,PLT0016,2026-03-22 05:40:07,2026-05-21 05:40:07,2026-05-21 05:40:07,4912,4912,2970.36,1150290.05,15,258533.88,Received
PO003782,SUP00057,PART01528,PLT0016,2026-02-10 04:35:18,2026-03-12 04:35:18,2026-03-11 04:35:18,705,705,1100.93,44511.68,0,5818.85,Received
PO003783,SUP00163,PART00964,PLT0025,2026-03-13 07:00:20,2026-03-20 07:00:20,2026-03-19 07:00:20,2990,1304,232.23,53069.35,10,8141.21,Received
PO003784,SUP00092,PART00747,PLT0010,2026-04-03 04:37:38,2026-05-18 04:37:38,2026-05-15 04:37:38,1788,1788,3077.87,293402.84,0,84101.98,Received
PO003785,SUP00154,PART01364,PLT0015,2026-05-11 00:44:26,2026-05-21 00:44:26,2026-05-21 00:44:26,2842,2842,1059.29,217619.91,10,59791.53,Received
PO003786,SUP00123,PART00980,PLT0006,2026-04-12 15:05:07,2026-06-11 15:05:07,2026-06-09 15:05:07,998,998,2221.65,98185.89,0,35908.82,Received
PO003787,SUP00110,PART01900,PLT0012,2026-06-10 18:59:00,2026-06-24 18:59:00,2026-06-24 18:59:00,2858,2858,1804.78,127699.08,12.5,57193.23,Received
PO003788,SUP00031,PART01647,PLT0022,2026-02-01 22:44:11,2026-04-02 22:44:11,2026-03-31 22:44:11,3135,3135,4425.57,862179.57,0,175563.37,Received
PO003789,SUP00003,PART00600,PLT0006,2026-02-14 16:32:41,2026-02-24 16:32:41,2026-02-21 16:32:41,3749,3749,321.36,48123.66,10,10774.17,Received
PO003790,SUP00049,PART01608,PLT0000,2026-03-16 15:55:32,2026-03-23 15:55:32,2026-03-21 15:55:32,1529,1529,4946.51,320402.78,5,136637.76,Received
PO003791,SUP00156,PART01119,PLT0005,2026-06-07 20:15:13,2026-06-17 20:15:13,2026-06-14 20:15:13,4870,4870,4452.99,1378281.18,18,337501.55,Received
PO003792,SUP00002,PART01750,PLT0029,2026-05-21 22:53:37,2026-05-28 22:53:37,2026-05-30 22:53:37,4259,4259,4344.93,725644.87,18,102572.79,Received
PO003793,SUP00145,PART00221,PLT0009,2026-05-05 03:56:08,2026-07-04 03:56:08,2026-07-01 03:56:08,1877,1294,3684.41,246238.62,0,48905.34,Received
PO003794,SUP00094,PART01521,PLT0012,2026-01-24 11:37:12,2026-02-14 11:37:12,2026-03-01 11:37:12,2025,1492,1546.83,225392.01,0,46434.67,Received
PO003795,SUP00002,PART01830,PLT0019,2026-02-10 10:41:31,2026-02-17 10:41:31,2026-02-27 10:41:31,2435,2435,4926.38,919175.68,0,183506.09,Received
PO003796,SUP00083,PART00173,PLT0025,2026-02-08 07:28:22,2026-04-09 07:28:22,2026-04-07 07:28:22,2756,2756,4813.62,748215.12,0,249346.51,Received
PO003797,SUP00084,PART00973,PLT0005,2026-03-08 12:48:38,2026-03-15 12:48:38,2026-03-12 12:48:38,1124,485,98.5,6469.92,12.5,1132.26,Received
PO003798,SUP00135,PART01768,PLT0016,2026-02-08 11:08:22,2026-03-25 11:08:22,2026-03-25 11:08:22,3083,3083,4971.14,1030676.38,7.5,99399.29,Received
PO003799,SUP00159,PART00817,PLT0015,2026-03-30 10:27:56,2026-04-06 10:27:56,2026-04-03 10:27:56,4036,4036,3090.56,851597.64,5,201456.19,Received
PO003800,SUP00101,PART01473,PLT0004,2026-02-22 16:23:42,2026-04-23 16:23:42,2026-04-30 16:23:42,3977,3977,2817.59,277605.41,12.5,135304.74,Received
PO003801,SUP00097,PART00672,PLT0024,2026-03-29 16:22:57,2026-04-08 16:22:57,2026-04-08 16:22:57,1132,1132,1411.18,89916.76,10,14312.54,Received
PO003802,SUP00195,PART00048,PLT0029,2026-02-01 16:44:22,2026-02-15 16:44:22,2026-02-13 16:44:22,2492,2492,4227.64,795897.27,18,74523.49,Received
PO003803,SUP00166,PART01721,PLT0018,2026-03-28 18:34:25,2026-04-18 18:34:25,2026-04-16 18:34:25,1041,1041,3889.77,175410.19,15,36617.54,Received
PO003804,SUP00149,PART01118,PLT0016,2026-03-24 19:19:28,2026-05-23 19:19:28,2026-06-02 19:19:28,4826,4826,4457.37,1555195.74,18,354724.08,Received
PO003805,SUP00008,PART01061,PLT0013,2026-02-15 00:56:33,2026-02-22 00:56:33,2026-02-22 00:56:33,2483,2483,3627.63,554514.69,10,123953.46,Received
PO003806,SUP00116,PART01527,PLT0023,2026-05-02 00:25:56,2026-05-23 00:25:56,2026-05-23 00:25:56,2355,2355,2096.38,175878.36,7.5,38478.12,Received
PO003807,SUP00182,PART00109,PLT0014,2026-01-27 17:45:44,2026-02-26 17:45:44,2026-02-24 17:45:44,2864,2864,1596.83,223294.09,12.5,27239.42,Received
PO003808,SUP00103,PART01232,PLT0010,2026-02-19 00:56:40,2026-03-05 00:56:40,2026-03-04 00:56:40,4552,4552,1783.71,603192.51,15,79278.99,Received
PO003809,SUP00182,PART00185,PLT0027,2026-04-30 03:47:04,2026-05-30 03:47:04,2026-05-30 03:47:04,2118,2118,206.07,8920.06,15,5757.76,Received
PO003810,SUP00128,PART01144,PLT0028,2026-01-07 00:25:35,2026-01-28 00:25:35,2026-01-25 00:25:35,4336,3187,1605.72,187351.1,0,93278.32,Received
PO003811,SUP00110,PART01324,PLT0011,2026-04-14 21:00:14,2026-04-28 21:00:14,2026-04-25 21:00:14,53,34,452.79,522.29,5,327.23,Received
PO003812,SUP00152,PART01376,PLT0019,2026-02-11 20:16:05,2026-03-04 20:16:05,2026-03-14 20:16:05,1470,906,4243.84,479829.16,15,95911.08,Received
PO003813,SUP00135,PART00623,PLT0024,2026-05-12 08:44:07,2026-06-26 08:44:07,2026-07-10 08:44:07,2055,2055,677.51,109914.36,15,8361.68,Received
PO003814,SUP00098,PART00825,PLT0005,2026-03-20 21:38:30,2026-05-19 21:38:30,2026-05-16 21:38:30,4371,4371,4873.12,942016.07,5,360679.01,Received
PO003815,SUP00095,PART01567,PLT0017,2026-03-18 04:22:59,2026-04-08 04:22:59,2026-04-08 04:22:59,2030,2030,2252.61,145748.72,12.5,31768.99,Received
PO003816,SUP00095,PART01402,PLT0026,2026-04-30 09:58:40,2026-05-21 09:58:40,2026-05-19 09:58:40,273,273,2527.59,30460.78,10,11825.36,Received
PO003817,SUP00004,PART00566,PLT0018,2026-04-05 11:18:20,2026-05-05 11:18:20,2026-05-03 11:18:20,1893,1893,3785.45,258984.47,5,123660.38,Received
PO003818,SUP00177,PART01977,PLT0018,2026-05-07 04:28:16,2026-05-28 04:28:16,2026-05-28 04:28:16,1130,1130,697.13,37737.22,0,4510.66,Received
PO003819,SUP00060,PART01107,PLT0020,2026-01-07 02:21:16,2026-03-08 02:21:16,2026-03-20 02:21:16,1496,1105,1742.53,192394.12,18,19428.15,Received
PO003820,SUP00071,PART00018,PLT0029,2026-01-05 13:49:58,2026-03-06 13:49:58,2026-03-05 13:49:58,203,203,4169.3,60523.37,10,4560.44,Received
PO003821,SUP00125,PART01296,PLT0011,2026-03-19 13:16:39,2026-05-03 13:16:39,2026-04-30 13:16:39,4954,4954,4332.89,1623691.95,0,389556.14,Received
PO003822,SUP00166,PART00385,PLT0002,2026-06-02 13:19:15,2026-06-23 13:19:15,2026-06-26 13:19:15,2511,2511,1255.69,114590.95,0,59648.47,Received
PO003823,SUP00106,PART01305,PLT0014,2026-03-05 12:10:58,2026-03-15 12:10:58,2026-03-13 12:10:58,1241,1241,3998.65,253258.07,0,73317.39,Received
PO003824,SUP00181,PART00357,PLT0015,2026-03-29 04:47:42,2026-04-12 04:47:42,2026-04-24 04:47:42,4724,4724,2048.63,308147.27,5,81225.2,Received
PO003825,SUP00048,PART01697,PLT0010,2026-03-26 15:23:32,2026-04-09 15:23:32,2026-04-19 15:23:32,2595,1066,1557.44,214544.65,7.5,68495.76,Received
PO003826,SUP00047,PART00916,PLT0012,2026-03-15 10:34:00,2026-03-29 10:34:00,2026-03-28 10:34:00,4762,4762,3896.64,1388641.89,10,107544.61,Received
PO003827,SUP00025,PART00848,PLT0009,2026-01-13 16:27:20,2026-02-12 16:27:20,2026-02-12 16:27:20,4429,4429,1014.38,261379.86,15,82288.85,Received
PO003828,SUP00034,PART01368,PLT0005,2026-05-04 23:20:55,2026-06-03 23:20:55,2026-06-02 23:20:55,1786,1786,4024.18,574614.35,10,111524.29,Received
PO003829,SUP00072,PART01838,PLT0011,2026-02-24 15:37:05,2026-04-25 15:37:05,2026-04-25 15:37:05,1094,1094,4717.06,350976.09,5,84696.91,Received
PO003830,SUP00160,PART01109,PLT0008,2026-05-24 04:39:38,2026-05-31 04:39:38,2026-06-08 04:39:38,1471,1471,2540.17,142599.08,0,22949.73,Received
PO003831,SUP00103,PART01232,PLT0026,2026-05-27 08:22:32,2026-06-10 08:22:32,2026-06-09 08:22:32,4229,1957,1783.71,286680.35,5,131331.44,Received
PO003832,SUP00107,PART00434,PLT0010,2026-06-08 07:35:44,2026-06-29 07:35:44,2026-06-28 07:35:44,2858,2858,1029.95,229129.74,12.5,20253.65,Received
PO003833,SUP00011,PART01091,PLT0021,2026-06-17 16:11:47,2026-06-27 16:11:47,2026-06-27 16:11:47,4117,4117,2358.74,492062.58,5,162488.79,Received
PO003834,SUP00131,PART01037,PLT0009,2026-05-19 04:19:16,2026-06-09 04:19:16,2026-06-07 04:19:16,647,647,3893.74,165972.91,0,30099.94,Received
PO003835,SUP00117,PART00559,PLT0019,2026-01-18 03:05:16,2026-03-04 03:05:16,2026-03-02 03:05:16,201,201,1716.64,25055.85,0,5192.28,Received
PO003836,SUP00056,PART00106,PLT0024,2026-03-09 03:23:35,2026-05-08 03:23:35,2026-05-06 03:23:35,2257,2257,741.01,68703.44,0,9853.87,Received
PO003837,SUP00019,PART01263,PLT0000,2026-05-09 12:32:53,2026-07-08 12:32:53,2026-07-05 12:32:53,940,940,2138.39,154389.98,10,33306.13,Received
PO003838,SUP00012,PART00930,PLT0006,2026-05-05 02:46:52,2026-06-04 02:46:52,2026-06-02 02:46:52,2002,2002,2583.05,175420.11,10,67366.98,Received
PO003839,SUP00092,PART00775,PLT0009,2026-02-14 06:05:33,2026-03-31 06:05:33,2026-04-10 06:05:33,2100,2100,1900.24,279477.07,0,52697.59,Received
PO003840,SUP00009,PART01408,PLT0010,2026-02-19 08:32:33,2026-02-26 08:32:33,2026-02-26 08:32:33,4837,4008,2173.19,671495.56,5,69503.4,Received
PO003841,SUP00178,PART00726,PLT0029,2026-01-10 06:54:34,2026-03-11 06:54:34,2026-03-20 06:54:34,4117,4117,2106.32,631569.56,10,132400.72,Received
PO003842,SUP00095,PART01191,PLT0000,2026-06-14 21:14:35,2026-07-05 21:14:35,2026-07-03 21:14:35,1763,1428,4871.42,253728.93,12.5,61258.91,Received
PO003843,SUP00002,PART01830,PLT0010,2026-05-13 07:21:06,2026-05-20 07:21:06,2026-05-18 07:21:06,2886,2304,4926.38,610706.17,0,260489.28,Received
PO003844,SUP00011,PART00617,PLT0019,2026-04-07 16:02:09,2026-04-17 16:02:09,2026-04-15 16:02:09,3675,3675,2612.32,318521.9,5,133582.81,Received
PO003845,SUP00027,PART01233,PLT0018,2026-05-31 01:52:53,2026-06-07 01:52:53,2026-06-07 01:52:53,291,291,1398.06,16707.19,18,5113.42,Received
PO003846,SUP00192,PART00723,PLT0024,2026-03-28 09:28:37,2026-05-27 09:28:37,2026-05-26 09:28:37,4386,1790,4389.37,1362812.29,10,235534.97,Received
PO003847,SUP00174,PART01486,PLT0027,2026-04-09 23:33:37,2026-05-24 23:33:37,2026-05-21 23:33:37,4296,4296,3717.01,972900.93,0,214179.56,Received
PO003848,SUP00075,PART01151,PLT0013,2026-03-12 04:05:12,2026-05-11 04:05:12,2026-05-09 04:05:12,3361,3361,2605.83,508870.92,0,153169.19,Received
PO003849,SUP00032,PART01543,PLT0009,2026-03-08 07:22:38,2026-04-22 07:22:38,2026-04-25 07:22:38,2666,2666,271.03,30803.96,15,3651.24,Received
PO003850,SUP00094,PART00428,PLT0029,2026-01-31 09:32:33,2026-02-21 09:32:33,2026-02-18 09:32:33,2971,2971,436.5,89938.69,0,21942.61,Received
PO003851,SUP00178,PART01130,PLT0027,2026-01-07 04:29:54,2026-03-08 04:29:54,2026-03-08 04:29:54,4028,4028,2657.95,844621.01,0,60861.51,Received
PO003852,SUP00032,PART00819,PLT0025,2026-04-24 16:15:21,2026-06-08 16:15:21,2026-06-23 16:15:21,3840,1975,4861.8,396763.6,12.5,324626.46,Received
PO003853,SUP00047,PART01883,PLT0017,2026-02-18 19:35:20,2026-03-04 19:35:20,2026-03-01 19:35:20,1607,1607,3097.12,111914.43,7.5,71853.04,Received
PO003854,SUP00071,PART00523,PLT0026,2026-02-22 05:14:20,2026-04-23 05:14:20,2026-04-20 05:14:20,1979,1979,4087.84,440486.97,0,150745.07,Received
PO003855,SUP00106,PART01336,PLT0019,2026-05-26 10:35:34,2026-06-05 10:35:34,2026-06-05 10:35:34,603,603,2632.45,103873.2,12.5,19563.44,Received
PO003856,SUP00152,PART00368,PLT0019,2026-05-13 06:17:45,2026-06-03 06:17:45,2026-06-05 06:17:45,3284,3284,2852.52,541563.11,0,172347.47,Received
PO003857,SUP00088,PART00169,PLT0020,2026-05-31 19:20:27,2026-06-30 19:20:27,2026-07-07 19:20:27,3493,3493,4308.12,360810.53,0,185555.76,Received
PO003858,SUP00125,PART01173,PLT0007,2026-03-09 07:07:22,2026-04-23 07:07:22,2026-04-21 07:07:22,3493,3493,4879.32,1351868.2,0,224217.36,Received
PO003859,SUP00085,PART00217,PLT0021,2026-02-07 10:23:49,2026-03-24 10:23:49,2026-03-24 10:23:49,666,666,1495.47,24703.6,18,8284.68,Received
PO003860,SUP00182,PART00185,PLT0010,2026-01-31 17:54:30,2026-03-02 17:54:30,2026-03-17 17:54:30,432,432,206.07,6880.11,7.5,537.87,Received
PO003861,SUP00153,PART01512,PLT0012,2026-03-15 07:30:39,2026-04-29 07:30:39,2026-04-27 07:30:39,1776,1247,3088.42,117665.25,7.5,39632.17,Received
PO003862,SUP00173,PART01755,PLT0021,2026-02-15 15:50:14,2026-02-25 15:50:14,2026-02-22 15:50:14,1199,1199,907.46,77336.21,7.5,11674.47,Received
PO003863,SUP00006,PART01514,PLT0008,2026-02-24 12:29:40,2026-03-03 12:29:40,2026-03-03 12:29:40,3169,3169,1701.38,235116.39,12.5,63693.55,Received
PO003864,SUP00181,PART01318,PLT0007,2026-04-06 10:17:40,2026-04-20 10:17:40,2026-04-29 10:17:40,4405,2160,3435.83,534837.73,18,102435.18,Received
PO003865,SUP00197,PART00122,PLT0014,2026-02-01 06:02:23,2026-02-11 06:02:23,2026-02-12 06:02:23,4176,4176,3666.04,738760.95,18,241886.9,Received
PO003866,SUP00077,PART01487,PLT0003,2026-05-08 05:55:48,2026-06-22 05:55:48,2026-06-22 05:55:48,2874,2874,454.38,47384.71,12.5,21028.69,Received
PO003867,SUP00133,PART01104,PLT0020,2026-03-13 22:01:24,2026-04-27 22:01:24,2026-04-25 22:01:24,3735,3735,1034.77,282846.29,5,42424.55,Received
PO003868,SUP00051,PART00944,PLT0027,2026-05-22 09:47:55,2026-05-29 09:47:55,2026-05-27 09:47:55,4057,3803,592.18,168191.1,0,41502.97,Received
PO003869,SUP00139,PART01558,PLT0019,2026-05-20 01:24:07,2026-06-03 01:24:07,2026-06-02 01:24:07,4007,4007,597.35,125414.19,12.5,23259.21,Received
PO003870,SUP00078,PART00444,PLT0024,2026-01-09 08:19:01,2026-03-10 08:19:01,2026-03-08 08:19:01,2637,2637,4823.35,402126.75,5,68328.26,Received
PO003871,SUP00108,PART01253,PLT0026,2026-04-16 17:52:42,2026-06-15 17:52:42,2026-06-12 17:52:42,314,314,1633.95,14999.26,15,5255.13,Received
PO003872,SUP00173,PART00536,PLT0014,2026-03-09 10:09:03,2026-03-19 10:09:03,2026-03-16 10:09:03,2430,2430,4286.27,264157.34,12.5,85015.39,Received
PO003873,SUP00045,PART00285,PLT0010,2026-01-16 15:56:31,2026-02-06 15:56:31,2026-02-05 15:56:31,1707,1707,4066.72,489828.42,10,87498.08,Received
PO003874,SUP00086,PART00183,PLT0015,2026-06-05 15:17:46,2026-06-26 15:17:46,2026-07-03 15:17:46,1894,1894,4875.54,664262.94,18,152366.2,Received
PO003875,SUP00095,PART00108,PLT0025,2026-05-26 09:06:37,2026-06-16 09:06:37,2026-06-25 09:06:37,156,156,1182.71,11343.69,12.5,3359.45,Received
PO003876,SUP00164,PART00161,PLT0003,2026-02-02 06:51:23,2026-02-09 06:51:23,2026-02-09 06:51:23,2528,2528,3074.07,565626.6,0,85228.19,Received
PO003877,SUP00103,PART00652,PLT0021,2026-06-10 23:06:08,2026-06-24 23:06:08,2026-06-21 23:06:08,1089,1089,801.06,24436.66,0,13552.48,Received
PO003878,SUP00061,PART01057,PLT0003,2026-01-01 03:41:10,2026-01-11 03:41:10,2026-01-11 03:41:10,3768,3372,2308.24,682319.77,10,60277.07,Received
PO003879,SUP00025,PART00683,PLT0004,2026-03-23 05:02:54,2026-04-22 05:02:54,2026-04-19 05:02:54,988,988,645.43,30047.71,0,12141.47,Received
PO003880,SUP00016,PART01093,PLT0013,2026-04-13 03:14:32,2026-05-04 03:14:32,2026-05-02 03:14:32,3483,2986,3058.07,277475.83,15,194870.98,Received
PO003881,SUP00072,PART00716,PLT0027,2026-04-28 20:15:02,2026-06-27 20:15:02,2026-07-04 20:15:02,4549,4549,4393.15,629226.63,15,187400.14,Received
PO003882,SUP00087,PART00380,PLT0010,2026-02-03 11:24:59,2026-03-20 11:24:59,2026-03-17 11:24:59,3161,3161,2832.88,627510.91,15,141142.18,Received
PO003883,SUP00125,PART01661,PLT0024,2026-02-12 22:24:09,2026-03-29 22:24:09,2026-03-27 22:24:09,774,774,37.07,2124.1,0,240.1,Received
PO003884,SUP00179,PART00329,PLT0021,2026-05-07 09:00:37,2026-06-06 09:00:37,2026-06-03 09:00:37,296,296,188.64,3382.7,0,1017.79,Received
PO003885,SUP00157,PART00722,PLT0022,2026-05-06 12:49:21,2026-06-20 12:49:21,2026-07-01 12:49:21,3653,3653,3029.53,759664.24,10,162262.55,Received
PO003886,SUP00100,PART01572,PLT0003,2026-05-01 13:59:59,2026-06-15 13:59:59,2026-06-12 13:59:59,1872,1872,4900.96,215394.52,7.5,112984.81,Received
PO003887,SUP00016,PART01006,PLT0004,2026-03-07 09:32:59,2026-03-28 09:32:59,2026-03-25 09:32:59,666,666,799.31,22190.02,10,8145.06,Received
PO003888,SUP00078,PART01288,PLT0027,2026-02-14 15:35:18,2026-04-15 15:35:18,2026-04-13 15:35:18,800,800,2378.73,143569.01,0,21915.01,Received
PO003889,SUP00032,PART01121,PLT0023,2026-04-09 19:26:15,2026-05-24 19:26:15,2026-05-21 19:26:15,3307,3307,4877.9,1124351.58,5,87119.56,Received
PO003890,SUP00075,PART01904,PLT0018,2026-04-14 21:57:49,2026-06-13 21:57:49,2026-06-13 21:57:49,4326,4326,2276.77,747202.48,7.5,169754.01,Received
PO003891,SUP00145,PART00419,PLT0013,2026-02-18 11:35:12,2026-04-19 11:35:12,2026-04-19 11:35:12,4328,4328,2556.36,629896.62,5,102514.11,Received
PO003892,SUP00182,PART00296,PLT0009,2026-05-17 04:12:39,2026-06-16 04:12:39,2026-06-13 04:12:39,3849,3849,2937.25,290101.86,18,139753.69,Received
PO003893,SUP00042,PART00594,PLT0007,2026-01-04 23:57:33,2026-01-14 23:57:33,2026-01-12 23:57:33,4144,4144,4000.5,931063.13,5,117718.99,Received
PO003894,SUP00010,PART01081,PLT0007,2026-02-28 14:39:11,2026-04-29 14:39:11,2026-04-29 14:39:11,4998,4998,3240.72,944349.64,10,106313.34,Received
PO003895,SUP00152,PART01376,PLT0005,2026-04-19 18:29:30,2026-05-10 18:29:30,2026-05-10 18:29:30,4608,4608,4243.84,701827.37,0,208549.02,Received
PO003896,SUP00168,PART00897,PLT0015,2026-06-25 21:14:11,2026-07-09 21:14:11,2026-07-09 21:14:11,1583,1583,3303.56,134768.41,18,97651.33,Received
PO003897,SUP00079,PART00805,PLT0012,2026-02-13 06:58:49,2026-02-20 06:58:49,2026-02-18 06:58:49,904,904,2619.68,185864.56,7.5,21120.77,Received
PO003898,SUP00014,PART00957,PLT0013,2026-03-08 05:31:45,2026-03-18 05:31:45,2026-03-17 05:31:45,2535,2535,1053.18,151248.55,18,45317.79,Received
PO003899,SUP00087,PART01925,PLT0024,2026-01-23 07:07:05,2026-03-09 07:07:05,2026-03-08 07:07:05,595,595,466.74,6756.42,0,2419.7,Received
PO003900,SUP00009,PART01408,PLT0021,2026-01-28 21:08:38,2026-02-04 21:08:38,2026-02-02 21:08:38,2734,2734,2173.19,280775.64,10,30340.74,Received
PO003901,SUP00057,PART00047,PLT0011,2026-06-06 10:15:33,2026-07-06 10:15:33,2026-07-11 10:15:33,2774,2774,1067.63,228931.63,15,33287.89,Received
PO003902,SUP00060,PART00639,PLT0017,2026-03-31 06:01:26,2026-05-30 06:01:26,2026-05-30 06:01:26,1900,1900,3713.35,246821.44,0,83550.03,Received
PO003903,SUP00197,PART00095,PLT0015,2026-04-15 00:53:30,2026-04-25 00:53:30,2026-04-24 00:53:30,2918,2918,4222.92,646184.68,0,231693.3,Received
PO003904,SUP00009,PART00742,PLT0004,2026-02-25 17:13:34,2026-03-04 17:13:34,2026-03-17 17:13:34,4482,4482,1112.74,215521.7,0,74562.1,Received
PO003905,SUP00063,PART01802,PLT0011,2026-06-06 16:32:46,2026-07-06 16:32:46,2026-07-06 16:32:46,4041,4041,4715.28,1329682.94,7.5,211709.37,Received
PO003906,SUP00063,PART01653,PLT0008,2026-01-20 04:00:19,2026-02-19 04:00:19,2026-02-19 04:00:19,317,317,4721.6,56238.88,15,26889.85,Received
PO003907,SUP00077,PART01163,PLT0020,2026-05-09 05:56:57,2026-06-23 05:56:57,2026-06-23 05:56:57,1437,1437,2701.63,195613.32,5,74188.94,Received
PO003908,SUP00080,PART00641,PLT0016,2026-02-18 14:57:09,2026-03-04 14:57:09,2026-03-04 14:57:09,861,861,4783.73,199718.36,0,75372.41,Received
PO003909,SUP00182,PART01003,PLT0022,2026-01-21 09:50:56,2026-02-20 09:50:56,2026-02-27 09:50:56,4161,2109,2542.21,740766.43,0,185074.75,Received
PO003910,SUP00015,PART00196,PLT0021,2026-03-29 13:18:52,2026-04-05 13:18:52,2026-04-02 13:18:52,4718,2542,4364.72,1538869.53,0,305910.95,Received
PO003911,SUP00055,PART00058,PLT0025,2026-06-05 18:07:22,2026-06-15 18:07:22,2026-06-28 18:07:22,4456,4456,3037.34,400596.82,0,242714.95,Received
PO003912,SUP00041,PART00535,PLT0026,2026-01-19 19:33:11,2026-01-29 19:33:11,2026-01-26 19:33:11,2718,2718,1428.92,146516.35,0,59880.6,Received
PO003913,SUP00067,PART00501,PLT0014,2026-03-23 16:59:08,2026-05-07 16:59:08,2026-05-06 16:59:08,3457,3457,2357.37,434412.12,0,104884.66,Received
PO003914,SUP00024,PART01902,PLT0005,2026-02-16 05:10:23,2026-03-18 05:10:23,2026-03-15 05:10:23,2673,2673,2836.67,602358.74,0,150232.11,Received
PO003915,SUP00118,PART01135,PLT0000,2026-03-12 21:17:00,2026-03-22 21:17:00,2026-03-22 21:17:00,1034,850,3950.34,207040.59,0,63251.05,Received
PO003916,SUP00162,PART00000,PLT0000,2026-03-06 12:04:11,2026-03-13 12:04:11,2026-03-21 12:04:11,4457,4457,3037.29,1060295.12,18,217169.91,Received
PO003917,SUP00013,PART01289,PLT0005,2026-06-02 14:54:59,2026-06-23 14:54:59,2026-06-22 14:54:59,468,444,4208.16,40579.59,0,11661.35,Received
PO003918,SUP00094,PART01758,PLT0017,2026-01-13 03:22:11,2026-02-03 03:22:11,2026-02-10 03:22:11,4728,4728,269.06,97154.37,5,23020.82,Received
PO003919,SUP00028,PART01208,PLT0014,2026-03-15 11:45:33,2026-03-22 11:45:33,2026-03-29 11:45:33,1420,1420,2126.9,109170.61,10,53663.81,Received
PO003920,SUP00105,PART01427,PLT0002,2026-04-23 07:42:29,2026-05-14 07:42:29,2026-05-15 07:42:29,3698,3698,494.45,121988.41,0,21603.71,Received
PO003921,SUP00058,PART00274,PLT0019,2026-05-09 18:31:06,2026-05-23 18:31:06,2026-05-21 18:31:06,1317,1317,1479.49,86773.92,10,25464.92,Received
PO003922,SUP00052,PART01744,PLT0007,2026-03-01 11:42:03,2026-03-31 11:42:03,2026-03-28 11:42:03,1690,1690,4701.3,526619.69,18,97804.69,Received
PO003923,SUP00159,PART01341,PLT0008,2026-04-30 13:40:33,2026-05-07 13:40:33,2026-05-07 13:40:33,484,484,1650.49,52942.86,5,15259.54,Received
PO003924,SUP00123,PART00736,PLT0011,2026-04-12 20:13:24,2026-06-11 20:13:24,2026-06-08 20:13:24,1266,958,897.7,40632.49,5,16722.96,Received
PO003925,SUP00001,PART01671,PLT0019,2026-01-19 22:07:55,2026-03-05 22:07:55,2026-03-07 22:07:55,4964,4964,488.73,95273.08,18,29898.09,Received
PO003926,SUP00030,PART00425,PLT0000,2026-05-16 13:51:00,2026-06-15 13:51:00,2026-06-12 13:51:00,756,756,4130.85,172107.99,0,61554.7,Received
PO003927,SUP00021,PART01792,PLT0021,2026-06-09 23:18:31,2026-07-09 23:18:31,2026-07-14 23:18:31,578,578,2403.56,74989.51,0,20534.95,Received
PO003928,SUP00033,PART00383,PLT0014,2026-04-26 16:37:19,2026-05-06 16:37:19,2026-05-06 16:37:19,2301,2301,1015.58,83648.82,18,14519.22,Received
PO003929,SUP00177,PART00145,PLT0017,2026-04-30 14:39:19,2026-05-21 14:39:19,2026-05-29 14:39:19,1374,1374,1076.78,59521.93,18,14074.11,Received
PO003930,SUP00153,PART01512,PLT0015,2026-02-22 12:23:12,2026-04-08 12:23:12,2026-04-08 12:23:12,411,411,3088.42,38662.36,0,16868.78,Received
PO003931,SUP00034,PART01597,PLT0016,2026-03-19 06:01:55,2026-04-18 06:01:55,2026-04-18 06:01:55,4090,4090,58.63,19000.87,0,3204.09,Received
PO003932,SUP00122,PART01355,PLT0000,2026-03-11 00:42:59,2026-04-25 00:42:59,2026-04-25 00:42:59,708,708,1457.06,51439.91,5,20081.44,Received
PO003933,SUP00099,PART01346,PLT0021,2026-03-04 11:41:52,2026-05-03 11:41:52,2026-05-02 11:41:52,1105,1105,107.46,9459.98,10,2149.09,Received
PO003934,SUP00101,PART00863,PLT0016,2026-01-05 18:08:15,2026-03-06 18:08:15,2026-03-04 18:08:15,3526,3526,1803.24,405242.36,0,41704.38,Received
PO003935,SUP00001,PART01422,PLT0020,2026-04-20 03:41:48,2026-06-04 03:41:48,2026-06-03 03:41:48,3164,1741,2246.44,222002.78,7.5,119202.64,Received
PO003936,SUP00012,PART01389,PLT0001,2026-01-01 21:45:29,2026-01-31 21:45:29,2026-01-29 21:45:29,1001,1001,1521.74,34101.53,15,28275.11,Received
PO003937,SUP00181,PART00631,PLT0022,2026-02-22 07:05:57,2026-03-08 07:05:57,2026-03-08 07:05:57,2995,2995,4606.35,667482.86,15,254717.19,Received
PO003938,SUP00173,PART01715,PLT0009,2026-04-14 10:22:00,2026-04-24 10:22:00,2026-04-22 10:22:00,3802,3802,1885.9,553242.99,0,137372.85,Received
PO003939,SUP00170,PART01088,PLT0006,2026-03-06 17:17:35,2026-03-20 17:17:35,2026-03-20 17:17:35,824,635,595.34,10898.88,12.5,4291.27,Received
PO003940,SUP00048,PART01312,PLT0014,2026-03-01 16:33:44,2026-03-15 16:33:44,2026-03-15 16:33:44,4186,4186,596.97,89584.64,0,14202.34,Received
PO003941,SUP00126,PART00315,PLT0005,2026-02-07 19:37:39,2026-02-28 19:37:39,2026-02-25 19:37:39,2870,2870,4721.39,445644.02,12.5,269515.04,Received
PO003942,SUP00073,PART01586,PLT0020,2026-02-06 08:34:35,2026-03-23 08:34:35,2026-04-06 08:34:35,3983,3983,2882.78,889323.93,10,182738.04,Received
PO003943,SUP00030,PART00710,PLT0004,2026-03-06 10:35:38,2026-04-05 10:35:38,2026-04-03 10:35:38,3197,1911,1814.3,368221.94,12.5,95317.04,Received
PO003944,SUP00107,PART00547,PLT0016,2026-04-03 14:45:49,2026-04-24 14:45:49,2026-04-21 14:45:49,2588,1761,4987.36,344547.22,0,74463.15,Received
PO003945,SUP00073,PART00359,PLT0010,2026-03-10 10:04:22,2026-04-24 10:04:22,2026-04-22 10:04:22,2839,2839,168.31,16399.26,15,6845.21,Received
PO003946,SUP00132,PART00715,PLT0004,2026-04-24 14:08:07,2026-05-08 14:08:07,2026-05-06 14:08:07,2407,2407,835.88,74842.37,0,30866.55,Received
PO003947,SUP00075,PART00637,PLT0011,2026-01-07 20:09:59,2026-03-08 20:09:59,2026-03-05 20:09:59,1786,1786,736.41,64371.15,12.5,18479.44,Received
PO003948,SUP00145,PART00685,PLT0020,2026-01-21 13:32:58,2026-03-22 13:32:58,2026-03-31 13:32:58,905,905,3468.82,184903.53,5,40880.53,Received
PO003949,SUP00085,PART00902,PLT0027,2026-03-12 16:13:55,2026-04-26 16:13:55,2026-04-24 16:13:55,2718,2718,1240.72,100534.06,18,64370.39,Received
PO003950,SUP00080,PART01362,PLT0006,2026-02-17 19:08:47,2026-03-03 19:08:47,2026-03-14 19:08:47,1293,1293,2084.18,153498.15,15,47718.12,Received
PO003951,SUP00077,PART01823,PLT0014,2026-05-20 13:51:13,2026-07-04 13:51:13,2026-07-04 13:51:13,934,934,3540.23,141011.16,15,31140.27,Received
PO003952,SUP00084,PART01675,PLT0006,2026-03-15 14:21:19,2026-03-22 14:21:19,2026-03-20 14:21:19,4518,4518,3055.99,278231.4,18,137760.5,Received
PO003953,SUP00084,PART00317,PLT0014,2026-01-20 07:03:30,2026-01-27 07:03:30,2026-01-31 07:03:30,3454,3454,4208.86,527391.45,7.5,290489.94,Received
PO003954,SUP00146,PART00420,PLT0020,2026-03-01 08:58:31,2026-03-22 08:58:31,2026-03-19 08:58:31,4283,4283,790.76,110864.57,18,38165.04,Received
PO003955,SUP00072,PART00800,PLT0020,2026-01-18 14:36:21,2026-03-19 14:36:21,2026-03-16 14:36:21,3813,3813,1550.31,461408.37,10,75975.9,Received
PO003956,SUP00159,PART00114,PLT0017,2026-02-26 21:04:47,2026-03-05 21:04:47,2026-03-02 21:04:47,2655,2655,243.51,15542.73,15,11351.85,Received
PO003957,SUP00148,PART01507,PLT0001,2026-05-05 07:31:06,2026-06-04 07:31:06,2026-06-02 07:31:06,1636,1636,3821.67,175374.91,12.5,33121.72,Received
PO003958,SUP00103,PART00652,PLT0022,2026-06-14 06:09:29,2026-06-28 06:09:29,2026-06-28 06:09:29,1196,1132,801.06,49715.54,7.5,18104.19,Received
PO003959,SUP00041,PART01272,PLT0011,2026-04-15 10:06:26,2026-04-25 10:06:26,2026-04-22 10:06:26,3518,3518,1338.34,199912.57,0,68767.98,Received
PO003960,SUP00125,PART00851,PLT0016,2026-01-18 13:36:32,2026-03-04 13:36:32,2026-03-01 13:36:32,4296,4296,4651.4,1438918.05,0,334093.57,Received
PO003961,SUP00148,PART01423,PLT0022,2026-02-16 22:43:37,2026-03-18 22:43:37,2026-03-16 22:43:37,943,943,4914.84,158305.17,7.5,45961.02,Received
PO003962,SUP00010,PART01468,PLT0005,2026-02-09 04:33:10,2026-04-10 04:33:10,2026-04-08 04:33:10,4279,4279,4806.95,1335924.85,7.5,210069.19,Received
PO003963,SUP00055,PART01713,PLT0015,2026-01-16 01:27:33,2026-01-26 01:27:33,2026-02-08 01:27:33,3189,2697,1458.95,222923.21,5,46498.65,Received
PO003964,SUP00126,PART01864,PLT0025,2026-02-24 22:50:49,2026-03-17 22:50:49,2026-03-14 22:50:49,1697,1697,2748.95,289461.48,0,37707.0,Received
PO003965,SUP00027,PART00951,PLT0008,2026-05-04 02:24:50,2026-05-11 02:24:50,2026-05-12 02:24:50,1112,1112,1658.9,45113.97,12.5,9303.13,Received
PO003966,SUP00100,PART01292,PLT0027,2026-04-05 02:22:43,2026-05-20 02:22:43,2026-05-18 02:22:43,2292,2292,1945.41,164042.62,12.5,22432.16,Received
PO003967,SUP00119,PART01330,PLT0028,2026-05-26 02:43:05,2026-06-16 02:43:05,2026-06-15 02:43:05,2062,2062,2353.89,213004.41,0,75986.23,Received
PO003968,SUP00165,PART01307,PLT0005,2026-04-26 00:52:10,2026-06-10 00:52:10,2026-06-21 00:52:10,4107,4107,4740.81,589242.07,0,124992.25,Received
PO003969,SUP00181,PART01476,PLT0023,2026-06-20 01:46:10,2026-07-04 01:46:10,2026-07-03 01:46:10,2925,1323,3177.67,258786.21,5,139682.79,Received
PO003970,SUP00011,PART01890,PLT0016,2026-03-13 01:00:42,2026-03-23 01:00:42,2026-03-21 01:00:42,4440,4440,2820.88,542414.99,0,217043.12,Received
PO003971,SUP00119,PART00503,PLT0010,2026-02-25 18:56:13,2026-03-18 18:56:13,2026-03-17 18:56:13,1430,1430,2231.65,234541.4,10,54383.84,Received
PO003972,SUP00126,PART01836,PLT0007,2026-01-09 19:51:06,2026-01-30 19:51:06,2026-01-30 19:51:06,999,736,745.93,15094.5,10,11058.79,Received
PO003973,SUP00035,PART01869,PLT0019,2026-01-27 06:05:56,2026-03-13 06:05:56,2026-03-12 06:05:56,1658,1658,4244.51,354648.71,0,114569.84,Received
PO003974,SUP00191,PART00857,PLT0017,2026-05-10 01:23:33,2026-07-09 01:23:33,2026-07-07 01:23:33,3048,1892,2794.33,430515.89,18,50673.42,Received
PO003975,SUP00017,PART01577,PLT0004,2026-04-19 01:40:58,2026-04-29 01:40:58,2026-04-28 01:40:58,4668,4668,1169.03,206413.8,12.5,74748.96,Received
PO003976,SUP00173,PART00086,PLT0001,2026-06-19 18:12:27,2026-06-29 18:12:27,2026-06-27 18:12:27,4050,4050,1940.15,255451.14,5,146242.62,Received
PO003977,SUP00065,PART00006,PLT0014,2026-05-02 02:52:33,2026-06-16 02:52:33,2026-06-19 02:52:33,3376,3376,4567.87,309319.32,7.5,79428.28,Received
PO003978,SUP00179,PART00515,PLT0014,2026-03-13 21:35:10,2026-04-12 21:35:10,2026-04-09 21:35:10,2627,2627,4586.22,539057.13,12.5,122951.64,Received
PO003979,SUP00197,PART00661,PLT0016,2026-04-26 14:04:52,2026-05-06 14:04:52,2026-05-06 14:04:52,3308,3308,416.32,104664.44,15,24762.08,Received
PO003980,SUP00072,PART01533,PLT0022,2026-01-26 20:08:56,2026-03-27 20:08:56,2026-03-26 20:08:56,2421,2421,4876.67,414682.11,0,69880.74,Received
PO003981,SUP00194,PART00489,PLT0022,2026-01-13 10:36:21,2026-02-03 10:36:21,2026-02-03 10:36:21,3569,2348,3944.71,996040.66,5,151022.21,Received
PO003982,SUP00048,PART00495,PLT0010,2026-04-25 21:41:09,2026-05-09 21:41:09,2026-05-09 21:41:09,2517,1210,510.78,29524.2,0,16988.11,Received
PO003983,SUP00103,PART00222,PLT0004,2026-06-08 09:34:02,2026-06-22 09:34:02,2026-06-21 09:34:02,4586,4586,881.6,288570.15,0,36563.17,Received
PO003984,SUP00032,PART01465,PLT0024,2026-01-26 13:18:27,2026-03-12 13:18:27,2026-03-10 13:18:27,2490,2490,1235.35,109736.66,0,23261.31,Received
PO003985,SUP00018,PART00491,PLT0000,2026-01-29 20:49:19,2026-02-19 20:49:19,2026-02-18 20:49:19,506,506,1596.99,20840.76,0,9465.69,Received
PO003986,SUP00194,PART01921,PLT0019,2026-02-03 06:18:49,2026-02-24 06:18:49,2026-02-23 06:18:49,2218,2218,275.12,24393.18,15,8242.57,Received
PO003987,SUP00015,PART01462,PLT0029,2026-02-15 07:25:14,2026-02-22 07:25:14,2026-02-21 07:25:14,4999,4999,1928.32,412943.72,15,192420.59,Received
PO003988,SUP00000,PART00376,PLT0018,2026-02-24 12:03:11,2026-03-03 12:03:11,2026-03-15 12:03:11,4305,4305,4751.52,1311494.5,12.5,189991.85,Received
PO003989,SUP00003,PART01842,PLT0024,2026-04-15 08:15:33,2026-04-25 08:15:33,2026-04-22 08:15:33,3804,3804,1892.49,300732.83,12.5,43458.55,Received
PO003990,SUP00022,PART00563,PLT0000,2026-04-18 03:42:02,2026-06-02 03:42:02,2026-05-30 03:42:02,375,375,2450.44,39997.31,5,9787.15,Received
PO003991,SUP00023,PART00263,PLT0015,2026-02-06 10:41:29,2026-02-20 10:41:29,2026-03-04 10:41:29,2789,2789,4611.52,905076.79,0,145604.76,Received
PO003992,SUP00182,PART01003,PLT0023,2026-06-01 14:24:51,2026-07-01 14:24:51,2026-06-30 14:24:51,4864,4864,2542.21,485648.38,18,167955.94,Received
PO003993,SUP00193,PART01449,PLT0014,2026-06-17 22:59:44,2026-06-27 22:59:44,2026-06-26 22:59:44,2513,2513,4776.07,601877.73,0,110306.19,Received
PO003994,SUP00173,PART00340,PLT0019,2026-02-01 01:33:21,2026-02-11 01:33:21,2026-02-10 01:33:21,4392,2232,4246.65,1179567.59,0,148328.59,Received
PO003995,SUP00021,PART01922,PLT0029,2026-03-05 04:37:15,2026-04-04 04:37:15,2026-04-03 04:37:15,1831,1831,1352.89,197337.73,12.5,17756.69,Received
PO003996,SUP00112,PART01395,PLT0000,2026-05-30 19:02:07,2026-06-29 19:02:07,2026-06-27 19:02:07,397,308,3533.49,112111.79,7.5,8579.71,Received
PO003997,SUP00075,PART00637,PLT0010,2026-02-01 03:31:46,2026-04-02 03:31:46,2026-04-01 03:31:46,2111,2111,736.41,67269.34,0,19954.4,Received
PO003998,SUP00054,PART01687,PLT0020,2026-04-21 03:48:29,2026-06-05 03:48:29,2026-06-04 03:48:29,2904,2904,3314.9,432218.76,0,148363.8,Received
PO003999,SUP00172,PART01256,PLT0022,2026-02-06 17:36:13,2026-02-16 17:36:13,2026-02-13 17:36:13,2330,2330,4042.59,710103.74,10,125202.83,Received
PO004000,SUP00095,PART01663,PLT0023,2026-06-17 17:45:57,2026-07-08 17:45:57,2026-07-05 17:45:57,4215,4215,3666.55,849235.02,0,246815.84,Received
PO004001,SUP00092,PART01651,PLT0029,2026-04-29 08:03:16,2026-06-13 08:03:16,2026-06-12 08:03:16,314,314,2391.24,48561.09,10,10077.07,Received
PO004002,SUP00001,PART00740,PLT0018,2026-03-09 02:27:12,2026-04-23 02:27:12,2026-04-22 02:27:12,2879,2879,807.89,113085.98,5,17975.98,Received
PO004003,SUP00103,PART01429,PLT0021,2026-02-07 02:32:10,2026-02-21 02:32:10,2026-02-18 02:32:10,86,86,394.97,2460.55,0,453.92,Received
PO004004,SUP00034,PART01234,PLT0026,2026-02-28 22:24:57,2026-03-30 22:24:57,2026-03-28 22:24:57,3276,3276,2449.26,297744.01,10,60361.38,Received
PO004005,SUP00037,PART01269,PLT0003,2026-02-22 05:03:30,2026-03-04 05:03:30,2026-03-02 05:03:30,3169,1339,2613.74,482742.31,12.5,112404.84,Received
PO004006,SUP00100,PART01361,PLT0026,2026-01-28 01:38:52,2026-03-14 01:38:52,2026-03-14 01:38:52,1464,1464,901.86,36719.84,10,22501.91,Received
PO004007,SUP00034,PART01300,PLT0021,2026-05-18 05:52:54,2026-06-17 05:52:54,2026-06-17 05:52:54,955,955,3152.63,71433.33,10,31090.03,Received
PO004008,SUP00119,PART00840,PLT0005,2026-05-07 20:48:08,2026-05-28 20:48:08,2026-05-28 20:48:08,1220,1220,2720.38,147654.33,12.5,61217.06,Received
PO004009,SUP00191,PART01039,PLT0000,2026-05-06 16:55:49,2026-07-05 16:55:49,2026-07-19 16:55:49,2223,1792,181.45,21824.16,7.5,4944.46,In Transit
PO004010,SUP00182,PART00508,PLT0006,2026-03-24 09:21:42,2026-04-23 09:21:42,2026-04-26 09:21:42,2417,2417,1497.77,142974.62,5,71229.99,Received
PO004011,SUP00177,PART00319,PLT0000,2026-03-25 12:45:46,2026-04-15 12:45:46,2026-04-14 12:45:46,1198,896,1505.67,67995.6,5,17091.97,Received
PO004012,SUP00162,PART00120,PLT0022,2026-05-10 06:37:31,2026-05-17 06:37:31,2026-05-31 06:37:31,1751,1751,1955.32,139394.5,7.5,26879.86,Received
PO004013,SUP00000,PART00245,PLT0001,2026-04-29 04:43:55,2026-05-06 04:43:55,2026-05-03 04:43:55,4420,4420,3640.65,1200777.29,10,138574.3,Received
PO004014,SUP00184,PART01982,PLT0002,2026-05-26 03:19:25,2026-06-09 03:19:25,2026-06-12 03:19:25,3027,3027,832.44,180403.74,12.5,23017.15,Received
PO004015,SUP00167,PART00909,PLT0009,2026-03-27 01:21:20,2026-04-10 01:21:20,2026-04-10 01:21:20,3612,3612,2248.6,467532.61,12.5,75997.64,Received
PO004016,SUP00197,PART00334,PLT0016,2026-03-22 07:24:35,2026-04-01 07:24:35,2026-03-31 07:24:35,353,353,2231.66,46906.33,0,9376.93,Received
PO004017,SUP00154,PART00162,PLT0023,2026-01-08 17:26:58,2026-01-18 17:26:58,2026-01-18 17:26:58,944,944,860.15,64936.24,7.5,10438.57,Received
PO004018,SUP00071,PART00018,PLT0011,2026-03-18 01:35:19,2026-05-17 01:35:19,2026-05-15 01:35:19,1105,1105,4169.3,296389.14,15,44277.95,Received
PO004019,SUP00041,PART01200,PLT0020,2026-01-04 20:01:45,2026-01-14 20:01:45,2026-01-12 20:01:45,4835,4835,3895.15,438408.78,0,218271.64,Received
PO004020,SUP00149,PART01430,PLT0006,2026-01-14 20:41:04,2026-03-15 20:41:04,2026-03-13 20:41:04,4719,4719,3895.23,401564.55,5,96395.71,Received
PO004021,SUP00039,PART01961,PLT0013,2026-02-26 03:35:53,2026-03-12 03:35:53,2026-03-10 03:35:53,751,751,62.63,1107.2,0,708.76,Received
PO004022,SUP00198,PART00562,PLT0021,2026-02-10 04:25:49,2026-03-12 04:25:49,2026-03-10 04:25:49,3084,3084,2263.01,230461.88,10,111101.36,Received
PO004023,SUP00192,PART01051,PLT0014,2026-04-17 17:28:52,2026-06-16 17:28:52,2026-06-13 17:28:52,3451,3451,2383.78,377092.48,10,121029.09,Received
PO004024,SUP00107,PART00547,PLT0003,2026-02-21 10:25:31,2026-03-14 10:25:31,2026-03-12 10:25:31,639,639,4987.36,67757.73,10,21692.13,Received
PO004025,SUP00101,PART01473,PLT0004,2026-03-30 21:37:50,2026-05-29 21:37:50,2026-05-28 21:37:50,582,582,2817.59,55459.37,12.5,11024.42,Received
PO004026,SUP00132,PART01975,PLT0010,2026-01-24 17:19:43,2026-02-07 17:19:43,2026-02-04 17:19:43,1476,972,3032.52,115359.47,5,72829.31,Received
PO004027,SUP00145,PART01262,PLT0006,2026-02-21 02:48:32,2026-04-22 02:48:32,2026-04-19 02:48:32,910,910,2961.36,122107.66,10,13895.29,Received
PO004028,SUP00176,PART00521,PLT0022,2026-04-07 21:04:38,2026-06-06 21:04:38,2026-06-04 21:04:38,2898,2898,1981.98,407587.13,0,71519.61,Received
PO004029,SUP00169,PART01022,PLT0028,2026-01-15 10:38:38,2026-03-16 10:38:38,2026-03-16 10:38:38,3643,3643,1910.92,445672.29,18,102467.88,Received
PO004030,SUP00075,PART00627,PLT0010,2026-02-04 07:56:39,2026-04-05 07:56:39,2026-04-05 07:56:39,4545,4545,1371.61,393691.45,0,100337.83,Received
PO004031,SUP00172,PART00877,PLT0021,2026-04-26 03:29:29,2026-05-06 03:29:29,2026-05-05 03:29:29,1973,1973,3490.35,178690.34,0,129750.11,Received
PO004032,SUP00014,PART01192,PLT0023,2026-05-08 03:59:58,2026-05-18 03:59:58,2026-05-17 03:59:58,659,659,4227.17,154458.59,0,53370.72,Received
PO004033,SUP00022,PART01444,PLT0026,2026-02-22 05:07:07,2026-04-08 05:07:07,2026-04-08 05:07:07,4924,4924,749.17,185567.57,0,64628.14,Received
PO004034,SUP00108,PART01764,PLT0019,2026-03-29 16:56:07,2026-05-28 16:56:07,2026-05-30 16:56:07,4860,4860,4042.69,1219092.86,0,250411.38,Received
PO004035,SUP00047,PART00916,PLT0027,2026-06-24 11:55:05,2026-07-08 11:55:05,2026-07-08 11:55:05,2797,2797,3896.64,782690.82,7.5,156283.02,Received
PO004036,SUP00005,PART01639,PLT0011,2026-02-21 09:32:15,2026-03-07 09:32:15,2026-03-05 09:32:15,2759,2759,4098.92,327042.11,12.5,100750.98,Received
PO004037,SUP00091,PART00355,PLT0015,2026-02-17 03:45:28,2026-03-03 03:45:28,2026-02-28 03:45:28,4926,4245,4210.72,1527734.37,18,123171.81,Received
PO004038,SUP00027,PART00170,PLT0001,2026-03-06 21:49:58,2026-03-13 21:49:58,2026-03-12 21:49:58,4682,4682,3804.52,501255.15,15,128718.65,Received
PO004039,SUP00118,PART00555,PLT0006,2026-01-04 17:37:07,2026-01-14 17:37:07,2026-01-11 17:37:07,3906,3906,1861.55,370826.73,12.5,86038.47,Received
PO004040,SUP00191,PART01039,PLT0002,2026-01-03 05:55:52,2026-03-04 05:55:52,2026-03-03 05:55:52,2109,1427,181.45,25847.17,10,2391.23,Received
PO004041,SUP00001,PART01422,PLT0027,2026-02-12 12:31:46,2026-03-29 12:31:46,2026-03-29 12:31:46,2961,2961,2246.44,204239.96,18,51247.17,Received
PO004042,SUP00146,PART00509,PLT0025,2026-03-25 22:32:09,2026-04-15 22:32:09,2026-04-12 22:32:09,1393,1393,2858.24,186228.02,0,55122.1,Received
PO004043,SUP00050,PART01980,PLT0010,2026-05-23 10:20:59,2026-06-22 10:20:59,2026-06-21 10:20:59,3174,3174,4612.13,1060326.23,0,266782.37,Received
PO004044,SUP00075,PART01151,PLT0029,2026-03-23 06:14:03,2026-05-22 06:14:03,2026-05-29 06:14:03,954,828,2605.83,52687.63,7.5,12491.17,Received
PO004045,SUP00008,PART00490,PLT0019,2026-01-06 05:40:12,2026-01-13 05:40:12,2026-01-12 05:40:12,3961,3961,817.47,158676.28,12.5,17192.4,Received
PO004046,SUP00027,PART01082,PLT0013,2026-02-14 09:00:38,2026-02-21 09:00:38,2026-02-25 09:00:38,1840,1840,1497.86,153599.87,10,15601.12,Received
PO004047,SUP00072,PART00800,PLT0022,2026-03-20 12:39:11,2026-05-19 12:39:11,2026-05-16 12:39:11,3557,3557,1550.31,347191.99,10,29210.08,Received
PO004048,SUP00143,PART01322,PLT0000,2026-05-06 22:43:13,2026-06-20 22:43:13,2026-06-20 22:43:13,486,486,3357.95,36854.75,0,16989.73,Received
PO004049,SUP00032,PART01416,PLT0022,2026-04-25 16:06:53,2026-06-09 16:06:53,2026-06-09 16:06:53,2929,2723,3626.87,780462.22,7.5,102772.57,Received
PO004050,SUP00072,PART00159,PLT0018,2026-04-22 10:37:51,2026-06-21 10:37:51,2026-06-21 10:37:51,1088,1088,1733.39,84992.77,12.5,10792.38,Received
PO004051,SUP00033,PART00026,PLT0022,2026-02-04 23:08:00,2026-02-14 23:08:00,2026-02-14 23:08:00,3656,3656,1389.99,278867.32,18,33760.35,Received
PO004052,SUP00100,PART01839,PLT0028,2026-03-02 07:00:46,2026-04-16 07:00:46,2026-04-15 07:00:46,3433,3433,818.78,100661.93,0,24047.44,Received
PO004053,SUP00173,PART01715,PLT0002,2026-03-29 08:46:22,2026-04-08 08:46:22,2026-04-08 08:46:22,1024,1024,1885.9,89079.09,10,20412.85,Received
PO004054,SUP00109,PART01984,PLT0022,2026-05-10 16:33:16,2026-05-20 16:33:16,2026-05-18 16:33:16,1592,1592,3116.44,200139.0,5,79715.16,Received
PO004055,SUP00009,PART00215,PLT0010,2026-06-08 22:36:08,2026-06-15 22:36:08,2026-06-14 22:36:08,1502,1502,4411.81,153379.4,18,57762.52,Received
PO004056,SUP00128,PART01144,PLT0012,2026-01-07 22:44:22,2026-01-28 22:44:22,2026-02-07 22:44:22,532,532,1605.72,42491.87,18,9772.72,Received
PO004057,SUP00186,PART01741,PLT0011,2026-03-18 19:47:37,2026-05-02 19:47:37,2026-04-30 19:47:37,1716,1716,2960.96,200696.97,0,93130.23,Received
PO004058,SUP00182,PART00508,PLT0008,2026-05-09 10:18:40,2026-06-08 10:18:40,2026-06-05 10:18:40,2380,2380,1497.77,271077.04,15,17879.02,Received
PO004059,SUP00009,PART00214,PLT0005,2026-01-12 00:20:22,2026-01-19 00:20:22,2026-01-19 00:20:22,261,261,3694.74,50517.63,0,6494.88,Received
PO004060,SUP00044,PART00510,PLT0020,2026-01-28 19:51:29,2026-03-29 19:51:29,2026-03-30 19:51:29,4168,4168,605.81,86759.55,0,43407.88,Received
PO004061,SUP00076,PART00829,PLT0000,2026-04-26 23:31:23,2026-05-10 23:31:23,2026-05-10 23:31:23,4775,4775,615.1,144928.18,18,38245.57,Received
PO004062,SUP00125,PART01631,PLT0011,2026-01-23 02:12:36,2026-03-09 02:12:36,2026-03-16 02:12:36,741,741,3150.76,116551.12,12.5,20804.55,Received
PO004063,SUP00066,PART00544,PLT0028,2026-04-27 08:35:02,2026-06-11 08:35:02,2026-06-10 08:35:02,4883,4883,3204.77,943371.85,12.5,246670.8,Received
PO004064,SUP00021,PART00889,PLT0020,2026-01-28 10:33:11,2026-02-27 10:33:11,2026-02-26 10:33:11,3869,3869,784.18,221156.06,0,34808.73,Received
PO004065,SUP00167,PART00038,PLT0010,2026-02-22 03:36:52,2026-03-08 03:36:52,2026-03-08 03:36:52,1437,1437,500.4,15215.37,0,9238.92,Received
PO004066,SUP00030,PART00619,PLT0027,2026-06-04 09:54:38,2026-07-04 09:54:38,2026-07-02 09:54:38,4840,4840,1275.18,157143.02,18,85272.29,Received
PO004067,SUP00015,PART00784,PLT0017,2026-04-09 11:27:20,2026-04-16 11:27:20,2026-05-01 11:27:20,2099,1560,1995.02,309290.95,5,62939.38,Received
PO004068,SUP00195,PART00921,PLT0008,2026-03-10 09:43:50,2026-03-24 09:43:50,2026-03-24 09:43:50,4410,4410,970.33,145477.19,7.5,57113.34,Received
PO004069,SUP00119,PART00840,PLT0002,2026-06-02 09:52:40,2026-06-23 09:52:40,2026-06-21 09:52:40,2139,2139,2720.38,366392.68,5,87541.65,Received
PO004070,SUP00084,PART01573,PLT0014,2026-06-25 12:55:55,2026-07-02 12:55:55,2026-07-02 12:55:55,557,557,1935.24,49909.61,5,17967.68,Received
PO004071,SUP00176,PART00958,PLT0019,2026-03-01 09:52:41,2026-04-30 09:52:41,2026-04-29 09:52:41,907,907,4936.01,148048.75,7.5,34453.9,Received
PO004072,SUP00173,PART01172,PLT0000,2026-01-03 12:43:03,2026-01-13 12:43:03,2026-01-12 12:43:03,4041,4041,422.53,115713.97,0,30228.99,Received
PO004073,SUP00156,PART00604,PLT0012,2026-05-21 16:09:35,2026-05-31 16:09:35,2026-06-02 16:09:35,2649,2649,747.53,155624.58,0,13208.82,Received
PO004074,SUP00075,PART01667,PLT0013,2026-04-06 12:36:11,2026-06-05 12:36:11,2026-06-05 12:36:11,4334,2708,4342.47,476481.54,12.5,360999.01,Received
PO004075,SUP00030,PART00874,PLT0027,2026-03-03 14:55:24,2026-04-02 14:55:24,2026-03-30 14:55:24,4162,4162,4399.56,1141521.38,0,293446.34,Received
PO004076,SUP00000,PART01735,PLT0013,2026-03-12 00:12:22,2026-03-19 00:12:22,2026-03-18 00:12:22,4611,4611,2118.14,342154.21,0,140829.64,Received
PO004077,SUP00194,PART00615,PLT0023,2026-02-27 04:50:31,2026-03-20 04:50:31,2026-03-20 04:50:31,1955,1373,3580.99,221354.61,5,113396.36,Received
PO004078,SUP00128,PART00772,PLT0012,2026-04-28 00:39:38,2026-05-19 00:39:38,2026-05-19 00:39:38,2159,2159,2394.21,268087.39,0,36502.58,Received
PO004079,SUP00022,PART01456,PLT0012,2026-03-06 05:21:57,2026-04-20 05:21:57,2026-04-23 05:21:57,4603,4603,724.45,111297.05,0,33907.65,Received
PO004080,SUP00087,PART01916,PLT0006,2026-01-05 07:16:15,2026-02-19 07:16:15,2026-02-16 07:16:15,4972,4972,2010.59,262554.89,0,169332.63,Received
PO004081,SUP00022,PART01444,PLT0016,2026-05-16 03:42:11,2026-06-30 03:42:11,2026-06-27 03:42:11,237,237,749.17,4212.79,5,3316.77,Received
PO004082,SUP00096,PART00488,PLT0029,2026-02-23 19:37:14,2026-03-05 19:37:14,2026-03-07 19:37:14,1519,1519,4409.44,193825.35,7.5,68358.74,Received
PO004083,SUP00032,PART01543,PLT0002,2026-04-09 15:13:44,2026-05-24 15:13:44,2026-05-21 15:13:44,4638,4638,271.03,48093.19,15,20478.95,Received
PO004084,SUP00004,PART01450,PLT0009,2026-01-29 02:22:36,2026-02-28 02:22:36,2026-03-01 02:22:36,3800,3800,951.03,139174.39,18,63830.4,Received
PO004085,SUP00054,PART00093,PLT0026,2026-02-08 20:03:52,2026-03-25 20:03:52,2026-03-25 20:03:52,504,504,1816.18,41802.59,15,16483.21,Received
PO004086,SUP00115,PART00684,PLT0000,2026-01-07 17:05:29,2026-01-21 17:05:29,2026-01-20 17:05:29,2660,2660,4501.09,891594.67,12.5,187911.0,Received
PO004087,SUP00054,PART01335,PLT0007,2026-03-18 04:59:58,2026-05-02 04:59:58,2026-05-06 04:59:58,1829,799,2818.42,159006.81,7.5,62252.73,Received
PO004088,SUP00083,PART00173,PLT0011,2026-01-19 02:07:29,2026-03-20 02:07:29,2026-04-01 02:07:29,1884,1884,4813.62,353316.51,12.5,141762.11,Received
PO004089,SUP00110,PART01313,PLT0008,2026-04-09 16:52:15,2026-04-23 16:52:15,2026-05-06 16:52:15,1330,725,3733.48,171433.0,7.5,65471.27,Received
PO004090,SUP00183,PART00153,PLT0014,2026-04-13 10:18:07,2026-05-13 10:18:07,2026-05-10 10:18:07,3012,3012,333.41,48649.31,0,16506.63,Received
PO004091,SUP00093,PART00139,PLT0008,2026-06-19 00:22:55,2026-06-26 00:22:55,2026-06-27 00:22:55,705,705,340.83,8480.86,0,3347.65,Received
PO004092,SUP00075,PART00627,PLT0000,2026-01-12 16:31:58,2026-03-13 16:31:58,2026-03-12 16:31:58,2732,2732,1371.61,189779.64,5,69600.75,Received
PO004093,SUP00159,PART01386,PLT0010,2026-06-30 01:08:48,2026-07-07 01:08:48,2026-07-04 01:08:48,1085,1085,3999.78,151737.03,18,52545.92,Received
PO004094,SUP00123,PART00980,PLT0012,2026-03-05 18:50:52,2026-05-04 18:50:52,2026-05-03 18:50:52,1888,1888,2221.65,334910.52,0,38785.47,Received
PO004095,SUP00133,PART00234,PLT0028,2026-02-07 12:40:36,2026-03-24 12:40:36,2026-03-24 12:40:36,1096,1096,753.51,55257.53,12.5,14267.95,Received
PO004096,SUP00052,PART01633,PLT0026,2026-05-06 05:18:17,2026-06-05 05:18:17,2026-06-03 05:18:17,1531,1531,872.51,99899.02,12.5,16270.43,Received
PO004097,SUP00047,PART00795,PLT0005,2026-03-30 05:04:34,2026-04-13 05:04:34,2026-04-11 05:04:34,2843,2843,4827.8,487355.52,5,229025.63,Received
PO004098,SUP00024,PART01196,PLT0020,2026-04-10 01:33:03,2026-05-10 01:33:03,2026-05-09 01:33:03,3727,3727,3833.38,592651.53,5,157009.26,Received
PO004099,SUP00023,PART00611,PLT0020,2026-02-02 21:58:33,2026-02-16 21:58:33,2026-02-16 21:58:33,4788,4788,2787.87,293897.81,7.5,244028.64,Received
PO004100,SUP00193,PART01013,PLT0027,2026-03-19 05:30:27,2026-03-29 05:30:27,2026-03-28 05:30:27,141,141,4086.08,30956.84,15,6208.66,Received
PO004101,SUP00137,PART01415,PLT0027,2026-04-28 19:20:14,2026-05-12 19:20:14,2026-05-09 19:20:14,561,561,4405.47,85018.03,18,24634.17,Received
PO004102,SUP00180,PART01480,PLT0004,2026-06-18 04:32:54,2026-07-02 04:32:54,2026-07-10 04:32:54,564,335,2068.75,71612.82,5,10584.15,Received
PO004103,SUP00145,PART01991,PLT0020,2026-02-21 18:02:34,2026-04-22 18:02:34,2026-04-21 18:02:34,4825,4825,3585.43,1033400.81,5,228991.36,Received
PO004104,SUP00073,PART00636,PLT0008,2026-02-04 07:39:54,2026-03-21 07:39:54,2026-03-22 07:39:54,1326,1326,1338.56,141510.63,7.5,30709.77,Received
PO004105,SUP00147,PART01096,PLT0024,2026-01-02 10:31:32,2026-01-09 10:31:32,2026-01-06 10:31:32,4273,4273,1624.55,431471.53,18,100960.56,Received
PO004106,SUP00197,PART00095,PLT0017,2026-05-19 06:58:37,2026-05-29 06:58:37,2026-05-28 06:58:37,2138,1059,4222.92,270257.38,15,154192.63,Received
PO004107,SUP00073,PART00212,PLT0003,2026-03-10 03:33:30,2026-04-24 03:33:30,2026-04-21 03:33:30,1635,1635,3780.78,473332.41,0,62561.62,Received
PO004108,SUP00010,PART00832,PLT0003,2026-03-20 09:10:43,2026-05-19 09:10:43,2026-05-16 09:10:43,1783,1783,1982.06,171127.06,0,30103.44,Received
PO004109,SUP00020,PART01080,PLT0023,2026-04-07 04:00:47,2026-06-06 04:00:47,2026-06-04 04:00:47,214,214,2675.46,45163.49,0,7750.86,Received
PO004110,SUP00137,PART01727,PLT0003,2026-03-19 05:53:24,2026-04-02 05:53:24,2026-04-02 05:53:24,3525,3525,501.71,114607.56,12.5,25219.09,Received
PO004111,SUP00105,PART01117,PLT0016,2026-05-21 09:19:53,2026-06-11 09:19:53,2026-06-08 09:19:53,3978,2451,1142.77,346140.27,0,56974.83,Received
PO004112,SUP00152,PART00368,PLT0009,2026-04-01 04:27:35,2026-04-22 04:27:35,2026-04-21 04:27:35,1081,1081,2852.52,136568.83,18,35011.26,Received
PO004113,SUP00173,PART00086,PLT0021,2026-03-30 12:23:39,2026-04-09 12:23:39,2026-04-06 12:23:39,803,803,1940.15,79655.58,10,18545.43,Received
PO004114,SUP00062,PART00288,PLT0010,2026-03-30 13:35:59,2026-04-13 13:35:59,2026-04-12 13:35:59,1625,1540,4796.69,435402.3,0,153681.03,Received
PO004115,SUP00007,PART00053,PLT0025,2026-05-01 10:28:36,2026-05-15 10:28:36,2026-05-15 10:28:36,1874,1874,352.58,22696.65,10,5973.57,Received
PO004116,SUP00028,PART00585,PLT0015,2026-06-11 14:49:25,2026-06-18 14:49:25,2026-07-01 14:49:25,835,492,18.68,606.46,0,278.61,Received
PO004117,SUP00176,PART01942,PLT0002,2026-04-19 05:32:23,2026-06-18 05:32:23,2026-06-16 05:32:23,740,740,1910.91,94645.73,0,16635.45,Received
PO004118,SUP00007,PART00053,PLT0013,2026-03-30 14:05:43,2026-04-13 14:05:43,2026-04-10 14:05:43,1667,1667,352.58,15879.94,0,9933.14,Received
PO004119,SUP00007,PART00801,PLT0028,2026-06-17 16:41:35,2026-07-01 16:41:35,2026-06-30 16:41:35,4584,4584,660.73,133311.61,7.5,22474.46,Received
PO004120,SUP00049,PART00660,PLT0000,2026-06-16 01:45:09,2026-06-23 01:45:09,2026-06-21 01:45:09,2055,2055,224.04,34574.13,0,7932.85,Received
PO004121,SUP00129,PART00181,PLT0001,2026-01-20 11:07:01,2026-03-21 11:07:01,2026-03-19 11:07:01,3355,3355,2768.35,614444.46,0,87152.29,Received
PO004122,SUP00181,PART01205,PLT0021,2026-04-28 12:55:02,2026-05-12 12:55:02,2026-05-09 12:55:02,3910,3910,3819.13,384035.17,15,75081.26,Received
PO004123,SUP00172,PART00877,PLT0017,2026-05-08 18:15:18,2026-05-18 18:15:18,2026-05-16 18:15:18,4570,4570,3490.35,358365.1,7.5,271551.02,Received
PO004124,SUP00030,PART00443,PLT0010,2026-03-01 12:56:06,2026-03-31 12:56:06,2026-03-30 12:56:06,3294,2433,2250.59,377618.86,5,85656.43,Received
PO004125,SUP00113,PART00887,PLT0007,2026-03-23 10:20:37,2026-05-22 10:20:37,2026-05-20 10:20:37,2605,2605,4938.32,950228.66,18,233427.9,Received
PO004126,SUP00127,PART00062,PLT0021,2026-03-20 09:52:09,2026-03-30 09:52:09,2026-04-03 09:52:09,1133,1133,1450.79,117636.45,5,22138.05,Received
PO004127,SUP00108,PART01297,PLT0000,2026-03-15 04:58:50,2026-05-14 04:58:50,2026-05-27 04:58:50,238,238,4632.85,79446.85,7.5,7941.41,Received
PO004128,SUP00189,PART01248,PLT0027,2026-01-28 05:05:07,2026-03-14 05:05:07,2026-03-14 05:05:07,1482,1482,645.35,34199.89,5,13996.51,Received
PO004129,SUP00128,PART01621,PLT0020,2026-03-08 06:05:57,2026-03-29 06:05:57,2026-03-26 06:05:57,4485,1941,2557.58,627926.86,5,143838.48,Received
PO004130,SUP00175,PART00275,PLT0027,2026-01-24 01:01:37,2026-02-07 01:01:37,2026-02-07 01:01:37,1815,1815,2499.01,287553.29,18,35739.28,Received
PO004131,SUP00115,PART01549,PLT0026,2026-04-26 16:41:24,2026-05-10 16:41:24,2026-05-25 16:41:24,385,385,1039.96,29358.7,10,5735.58,Received
PO004132,SUP00087,PART01925,PLT0009,2026-04-06 03:53:50,2026-05-21 03:53:50,2026-05-23 03:53:50,3610,3610,466.74,109720.8,12.5,21386.61,Received
PO004133,SUP00139,PART01945,PLT0007,2026-01-08 09:39:39,2026-01-22 09:39:39,2026-01-22 09:39:39,100,57,3750.97,29624.08,7.5,6771.46,Received
PO004134,SUP00070,PART01066,PLT0000,2026-01-16 09:18:24,2026-03-02 09:18:24,2026-03-15 09:18:24,1693,1693,3195.71,390360.39,7.5,44193.54,Received
PO004135,SUP00019,PART00492,PLT0013,2026-01-01 04:31:50,2026-03-02 04:31:50,2026-03-10 04:31:50,2196,2196,4440.22,254897.32,0,66263.5,Received
PO004136,SUP00096,PART00704,PLT0008,2026-04-22 12:30:34,2026-05-02 12:30:34,2026-05-01 12:30:34,4784,4784,2895.26,844958.69,0,193147.32,Received
PO004137,SUP00151,PART01725,PLT0028,2026-05-01 16:39:10,2026-05-22 16:39:10,2026-05-22 16:39:10,4983,2637,3470.16,649609.92,15,253353.21,Received
PO004138,SUP00198,PART00649,PLT0022,2026-04-21 11:39:08,2026-05-21 11:39:08,2026-05-19 11:39:08,4751,4751,4643.5,1281069.92,12.5,118598.75,Received
PO004139,SUP00113,PART01167,PLT0000,2026-01-15 11:19:23,2026-03-16 11:19:23,2026-03-16 11:19:23,929,929,3998.88,150157.4,5,73743.56,Received
PO004140,SUP00142,PART00852,PLT0000,2026-05-02 04:21:58,2026-05-16 04:21:58,2026-05-15 04:21:58,2502,2502,4006.09,708420.69,5,148627.9,Received
PO004141,SUP00199,PART01832,PLT0019,2026-04-06 17:05:11,2026-04-20 17:05:11,2026-04-20 17:05:11,74,46,3288.3,18677.18,10,1933.71,Received
PO004142,SUP00116,PART00412,PLT0025,2026-05-03 11:18:53,2026-05-24 11:18:53,2026-06-06 11:18:53,287,287,435.63,3843.8,10,2435.31,Received
PO004143,SUP00177,PART01525,PLT0005,2026-03-01 20:36:57,2026-03-22 20:36:57,2026-03-22 20:36:57,2511,1688,950.83,85673.6,7.5,31683.81,Received
PO004144,SUP00104,PART01435,PLT0010,2026-03-04 15:54:26,2026-03-14 15:54:26,2026-03-14 15:54:26,3363,3363,4608.88,505585.21,7.5,84842.73,Received
PO004145,SUP00171,PART00681,PLT0028,2026-05-05 00:12:16,2026-07-04 00:12:16,2026-07-17 00:12:16,2419,2419,3225.15,582779.24,5,82261.07,In Transit
PO004146,SUP00081,PART01160,PLT0003,2026-05-02 16:56:45,2026-05-23 16:56:45,2026-05-23 16:56:45,3297,3297,810.47,117633.75,15,40905.67,Received
PO004147,SUP00080,PART01278,PLT0027,2026-05-12 16:12:05,2026-05-26 16:12:05,2026-05-29 16:12:05,643,580,281.36,7225.03,18,3212.57,Received
PO004148,SUP00092,PART00775,PLT0016,2026-05-20 01:28:40,2026-07-04 01:28:40,2026-07-03 01:28:40,2183,2183,1900.24,86451.48,18,62859.93,Received
PO004149,SUP00184,PART01087,PLT0018,2026-01-28 18:05:34,2026-02-11 18:05:34,2026-02-09 18:05:34,4015,4015,1699.73,218338.76,18,38737.32,Received
PO004150,SUP00009,PART00979,PLT0000,2026-02-11 14:57:37,2026-02-18 14:57:37,2026-02-17 14:57:37,726,726,1515.08,46300.45,18,18535.96,Received
PO004151,SUP00010,PART00838,PLT0018,2026-05-05 18:04:30,2026-07-04 18:04:30,2026-07-02 18:04:30,1731,1731,1794.05,147246.61,18,36897.42,Received
PO004152,SUP00106,PART01128,PLT0002,2026-06-06 01:53:31,2026-06-16 01:53:31,2026-06-16 01:53:31,4903,4903,4569.2,1326913.21,7.5,116805.1,Received
PO004153,SUP00061,PART00117,PLT0023,2026-01-14 23:03:46,2026-01-24 23:03:46,2026-01-23 23:03:46,3214,3214,2149.05,502269.77,0,38389.78,Received
PO004154,SUP00095,PART00565,PLT0016,2026-06-09 04:19:03,2026-06-30 04:19:03,2026-06-30 04:19:03,1157,1157,193.44,13412.15,18,4225.23,Received
PO004155,SUP00039,PART00017,PLT0027,2026-05-21 19:22:36,2026-06-04 19:22:36,2026-06-02 19:22:36,1405,1405,2098.54,215370.05,12.5,21204.12,Received
PO004156,SUP00146,PART01724,PLT0011,2026-03-25 18:17:56,2026-04-15 18:17:56,2026-04-13 18:17:56,878,671,120.02,6637.78,18,1230.99,Received
PO004157,SUP00073,PART00128,PLT0029,2026-01-12 08:53:30,2026-02-26 08:53:30,2026-02-25 08:53:30,1042,1042,187.92,10834.08,0,2436.65,Received
PO004158,SUP00157,PART00883,PLT0003,2026-01-22 11:49:08,2026-03-08 11:49:08,2026-03-06 11:49:08,4269,2077,3262.98,905540.7,0,194787.85,Received
PO004159,SUP00086,PART01534,PLT0010,2026-05-28 00:29:48,2026-06-18 00:29:48,2026-06-15 00:29:48,675,675,4427.48,129346.0,12.5,59602.21,Received
PO004160,SUP00165,PART01154,PLT0009,2026-04-11 05:58:05,2026-05-26 05:58:05,2026-05-26 05:58:05,65,65,2061.4,4003.89,5,1110.62,Received
PO004161,SUP00063,PART01425,PLT0000,2026-01-24 19:10:56,2026-02-23 19:10:56,2026-02-20 19:10:56,2812,2092,3573.18,436192.24,15,186740.61,Received
PO004162,SUP00116,PART00382,PLT0007,2026-04-17 11:30:24,2026-05-08 11:30:24,2026-05-07 11:30:24,3230,3230,4647.52,389795.1,5,144248.86,Received
PO004163,SUP00079,PART00805,PLT0028,2026-02-02 23:38:01,2026-02-09 23:38:01,2026-02-09 23:38:01,4036,4036,2619.68,593834.48,0,102629.53,Received
PO004164,SUP00039,PART00409,PLT0016,2026-05-11 20:43:56,2026-05-25 20:43:56,2026-06-06 20:43:56,4730,4730,2558.97,251963.55,10,61864.67,Received
PO004165,SUP00101,PART01563,PLT0028,2026-02-22 11:48:52,2026-04-23 11:48:52,2026-04-23 11:48:52,3621,3621,4946.43,785132.77,10,345492.37,Received
PO004166,SUP00111,PART01007,PLT0005,2026-01-17 15:47:03,2026-01-27 15:47:03,2026-01-24 15:47:03,1565,1565,4070.51,491853.0,0,122956.48,Received
PO004167,SUP00183,PART01705,PLT0011,2026-04-24 05:00:36,2026-05-24 05:00:36,2026-05-22 05:00:36,3822,2732,4905.81,1216178.51,0,198691.75,Received
PO004168,SUP00122,PART00688,PLT0002,2026-04-18 03:37:10,2026-06-02 03:37:10,2026-05-31 03:37:10,3065,3065,3399.5,473570.45,5,150079.8,Received
PO004169,SUP00101,PART00287,PLT0004,2026-01-19 15:31:24,2026-03-20 15:31:24,2026-03-19 15:31:24,4569,4569,4077.0,668167.21,18,227132.3,Received
PO004170,SUP00082,PART01317,PLT0021,2026-02-03 07:34:33,2026-02-13 07:34:33,2026-02-13 07:34:33,1377,1377,433.26,17477.35,0,8742.13,Received
PO004171,SUP00130,PART00939,PLT0005,2026-03-16 13:22:35,2026-05-15 13:22:35,2026-05-15 13:22:35,2048,2048,2621.47,154280.02,7.5,77185.74,Received
PO004172,SUP00002,PART01722,PLT0015,2026-04-11 03:18:30,2026-04-18 03:18:30,2026-04-17 03:18:30,924,924,3163.51,226621.73,12.5,20630.51,Received
PO004173,SUP00146,PART00763,PLT0007,2026-01-12 18:12:58,2026-02-02 18:12:58,2026-02-01 18:12:58,2348,2348,2385.39,185817.17,0,37713.74,Received
PO004174,SUP00001,PART00431,PLT0002,2026-02-24 16:46:35,2026-04-10 16:46:35,2026-04-08 16:46:35,1564,1564,3803.61,207614.99,15,74554.47,Received
PO004175,SUP00152,PART01791,PLT0021,2026-01-06 09:29:42,2026-01-27 09:29:42,2026-02-02 09:29:42,2801,2801,3393.16,542026.76,0,174625.85,Received
PO004176,SUP00177,PART01977,PLT0015,2026-01-05 13:41:28,2026-01-26 13:41:28,2026-01-29 13:41:28,3551,3551,697.13,94927.2,15,27212.08,Received
PO004177,SUP00136,PART01914,PLT0020,2026-04-02 20:29:28,2026-04-16 20:29:28,2026-04-13 20:29:28,1555,1555,1747.95,163930.05,12.5,40008.49,Received
PO004178,SUP00155,PART00626,PLT0002,2026-01-13 08:34:34,2026-02-03 08:34:34,2026-02-03 08:34:34,3718,3718,2523.03,630149.78,12.5,110461.57,Received
PO004179,SUP00040,PART01434,PLT0014,2026-05-18 04:44:48,2026-05-25 04:44:48,2026-05-24 04:44:48,4676,4676,2279.88,230029.99,0,124126.91,Received
PO004180,SUP00148,PART01865,PLT0003,2026-04-30 14:33:48,2026-05-30 14:33:48,2026-06-07 14:33:48,2623,2623,4107.91,828908.51,10,156507.21,Received
PO004181,SUP00052,PART00262,PLT0001,2026-01-19 11:25:57,2026-02-18 11:25:57,2026-02-15 11:25:57,117,117,674.79,2253.51,10,1498.4,Received
PO004182,SUP00178,PART01484,PLT0007,2026-02-15 17:22:04,2026-04-16 17:22:04,2026-04-15 17:22:04,1772,1772,890.05,39654.4,7.5,13381.47,Received
PO004183,SUP00075,PART00228,PLT0013,2026-01-15 10:38:15,2026-03-16 10:38:15,2026-03-13 10:38:15,3913,3913,3453.0,519436.31,12.5,185557.66,Received
PO004184,SUP00166,PART00081,PLT0015,2026-01-23 05:29:34,2026-02-13 05:29:34,2026-02-11 05:29:34,606,606,2251.42,36922.65,15,17978.57,Received
PO004185,SUP00010,PART00929,PLT0004,2026-02-16 13:54:22,2026-04-17 13:54:22,2026-04-16 13:54:22,4102,4102,2691.66,649563.76,18,121560.75,Received
PO004186,SUP00037,PART00372,PLT0012,2026-02-28 12:44:26,2026-03-10 12:44:26,2026-03-07 12:44:26,1506,1506,3508.63,201532.93,18,69040.06,Received
PO004187,SUP00123,PART00584,PLT0022,2026-03-15 01:48:38,2026-05-14 01:48:38,2026-05-13 01:48:38,3703,3703,2484.29,339171.96,18,114558.99,Received
PO004188,SUP00034,PART01770,PLT0000,2026-04-11 19:27:33,2026-05-11 19:27:33,2026-05-09 19:27:33,3814,3814,878.2,80554.17,15,43305.98,Received
PO004189,SUP00112,PART01294,PLT0009,2026-02-24 04:40:10,2026-03-26 04:40:10,2026-03-25 04:40:10,4042,4042,4297.79,1154034.24,7.5,131152.21,Received
PO004190,SUP00191,PART00628,PLT0029,2026-02-14 20:48:46,2026-04-15 20:48:46,2026-04-14 20:48:46,3376,3376,695.21,181690.7,7.5,22633.28,Received
PO004191,SUP00126,PART01547,PLT0012,2026-06-02 14:10:12,2026-06-23 14:10:12,2026-07-01 14:10:12,1006,1006,3474.08,179784.26,12.5,21031.63,Received
PO004192,SUP00016,PART00345,PLT0023,2026-04-06 02:32:22,2026-04-27 02:32:22,2026-04-26 02:32:22,2473,2473,1395.33,165006.83,12.5,39932.03,Received
PO004193,SUP00114,PART01060,PLT0023,2026-02-26 15:20:48,2026-03-12 15:20:48,2026-03-11 15:20:48,3841,2997,493.01,65409.04,0,27664.01,Received
PO004194,SUP00173,PART01698,PLT0025,2026-06-25 11:09:33,2026-07-05 11:09:33,2026-07-03 11:09:33,3452,3452,1601.62,394190.36,0,95603.98,Received
PO004195,SUP00149,PART01620,PLT0010,2026-02-23 20:14:41,2026-04-24 20:14:41,2026-04-22 20:14:41,2864,2864,342.23,54721.92,0,15543.37,Received
PO004196,SUP00151,PART01231,PLT0025,2026-05-20 15:38:13,2026-06-10 15:38:13,2026-06-07 15:38:13,502,502,3825.26,111097.37,10,19319.67,Received
PO004197,SUP00001,PART00431,PLT0000,2026-01-04 19:50:46,2026-02-18 19:50:46,2026-02-17 19:50:46,900,900,3803.61,122317.42,0,41288.98,Received
PO004198,SUP00053,PART01969,PLT0011,2026-04-25 03:06:59,2026-06-09 03:06:59,2026-06-08 03:06:59,4757,4757,4223.89,832708.88,15,308624.87,Received
PO004199,SUP00051,PART00529,PLT0001,2026-03-13 05:04:44,2026-03-20 05:04:44,2026-03-19 05:04:44,2724,1246,872.82,114476.69,18,24556.09,Received
PO004200,SUP00164,PART00656,PLT0004,2026-06-29 05:57:54,2026-07-06 05:57:54,2026-07-04 05:57:54,1325,1325,3346.35,287899.85,5,51284.82,Received
PO004201,SUP00001,PART00316,PLT0016,2026-05-25 13:12:21,2026-07-09 13:12:21,2026-07-08 13:12:21,243,243,2292.02,12853.15,0,2814.28,Received
PO004202,SUP00105,PART00599,PLT0028,2026-04-21 20:17:21,2026-05-12 20:17:21,2026-05-09 20:17:21,1376,1376,4602.39,186079.78,0,122284.73,Received
PO004203,SUP00179,PART01794,PLT0021,2026-01-21 17:58:29,2026-02-20 17:58:29,2026-02-17 17:58:29,3485,3485,3834.8,597006.8,5,154849.43,Received
PO004204,SUP00067,PART00765,PLT0001,2026-01-11 16:03:55,2026-02-25 16:03:55,2026-02-24 16:03:55,1010,1010,1178.13,48248.86,5,20036.08,Received
PO004205,SUP00017,PART00121,PLT0011,2026-05-23 05:33:05,2026-06-02 05:33:05,2026-05-31 05:33:05,391,391,1271.98,26906.12,0,7507.61,Received
PO004206,SUP00100,PART01572,PLT0010,2026-04-16 01:16:49,2026-05-31 01:16:49,2026-05-29 01:16:49,2927,2927,4900.96,628533.92,7.5,87259.17,Received
PO004207,SUP00045,PART01854,PLT0023,2026-01-06 07:00:28,2026-01-27 07:00:28,2026-02-09 07:00:28,1447,1447,4478.45,351127.11,15,71663.68,Received
PO004208,SUP00134,PART00069,PLT0009,2026-01-12 08:31:08,2026-01-22 08:31:08,2026-01-29 08:31:08,1227,1227,1220.37,46703.82,10,10178.22,Received
PO004209,SUP00002,PART01972,PLT0026,2026-04-01 12:52:23,2026-04-08 12:52:23,2026-04-05 12:52:23,3922,3922,4043.7,487358.6,12.5,85830.07,Received
PO004210,SUP00113,PART01071,PLT0013,2026-03-10 16:06:28,2026-05-09 16:06:28,2026-05-07 16:06:28,1785,1785,1095.84,60028.45,0,24311.94,Received
PO004211,SUP00197,PART00095,PLT0028,2026-02-25 16:35:29,2026-03-07 16:35:29,2026-03-07 16:35:29,3780,3780,4222.92,478211.33,18,191579.43,Received
PO004212,SUP00159,PART01265,PLT0029,2026-04-27 00:19:12,2026-05-04 00:19:12,2026-05-19 00:19:12,4200,4200,1004.38,270113.78,15,80090.41,Received
PO004213,SUP00029,PART00336,PLT0017,2026-03-19 04:30:42,2026-05-18 04:30:42,2026-05-15 04:30:42,3260,2542,2082.8,327751.7,18,79803.87,Received
PO004214,SUP00148,PART00437,PLT0028,2026-04-08 14:34:39,2026-05-08 14:34:39,2026-05-08 14:34:39,1017,1017,2295.0,159630.01,0,34528.79,Received
PO004215,SUP00035,PART00352,PLT0021,2026-04-23 17:29:18,2026-06-07 17:29:18,2026-06-06 17:29:18,4388,4388,2556.57,846188.03,0,80986.51,Received
PO004216,SUP00092,PART00953,PLT0015,2026-03-07 03:11:46,2026-04-21 03:11:46,2026-04-19 03:11:46,4344,4344,4831.63,920391.65,5,303027.97,Received
PO004217,SUP00089,PART00540,PLT0008,2026-04-17 20:23:41,2026-05-08 20:23:41,2026-05-05 20:23:41,4546,4546,2121.91,212974.69,0,182255.46,Received
PO004218,SUP00013,PART01460,PLT0005,2026-03-23 04:35:02,2026-04-13 04:35:02,2026-04-11 04:35:02,2711,2711,4708.18,354680.19,5,101419.4,Received
PO004219,SUP00035,PART01204,PLT0018,2026-04-02 00:53:59,2026-05-17 00:53:59,2026-05-17 00:53:59,2489,2489,1744.31,106993.91,12.5,61606.5,Received
PO004220,SUP00051,PART01524,PLT0024,2026-01-07 18:08:54,2026-01-14 18:08:54,2026-01-11 18:08:54,646,646,981.06,49376.2,12.5,9462.07,Received
PO004221,SUP00168,PART01328,PLT0020,2026-03-13 05:08:49,2026-03-27 05:08:49,2026-03-27 05:08:49,4858,4858,3819.56,1214544.17,7.5,148000.56,Received
PO004222,SUP00169,PART00952,PLT0027,2026-01-07 10:21:11,2026-03-08 10:21:11,2026-03-05 10:21:11,3805,1590,810.87,63671.42,10,34566.22,Received
PO004223,SUP00188,PART01693,PLT0026,2026-02-02 16:41:35,2026-04-03 16:41:35,2026-03-31 16:41:35,1580,870,1888.17,179156.29,10,58867.94,Received
PO004224,SUP00020,PART01655,PLT0012,2026-01-02 20:46:59,2026-03-03 20:46:59,2026-03-01 20:46:59,757,757,3531.82,148624.17,12.5,26210.22,Received
PO004225,SUP00161,PART00804,PLT0023,2026-02-15 16:40:05,2026-03-17 16:40:05,2026-03-16 16:40:05,3361,3361,889.3,72562.31,0,18394.06,Received
PO004226,SUP00016,PART01006,PLT0016,2026-03-07 09:31:59,2026-03-28 09:31:59,2026-03-26 09:31:59,4987,4987,799.31,242733.95,0,67556.39,Received
PO004227,SUP00095,PART01191,PLT0002,2026-03-20 17:23:59,2026-04-10 17:23:59,2026-04-09 17:23:59,1244,1244,4871.42,429567.53,0,114297.28,Received
PO004228,SUP00138,PART00505,PLT0017,2026-02-19 22:51:30,2026-03-05 22:51:30,2026-03-02 22:51:30,2756,2756,433.11,58136.07,12.5,7519.5,Received
PO004229,SUP00076,PART00829,PLT0011,2026-05-12 23:20:02,2026-05-26 23:20:02,2026-05-25 23:20:02,2166,1973,615.1,93846.53,18,26183.7,Received
PO004230,SUP00026,PART01795,PLT0007,2026-03-26 15:53:44,2026-05-25 15:53:44,2026-05-22 15:53:44,4844,4844,996.07,164502.26,7.5,27573.54,Received
PO004231,SUP00061,PART00411,PLT0023,2026-06-07 23:50:45,2026-06-17 23:50:45,2026-06-25 23:50:45,4238,4238,1554.3,467797.14,0,67684.28,Received
PO004232,SUP00007,PART01299,PLT0018,2026-02-05 10:32:42,2026-02-19 10:32:42,2026-02-26 10:32:42,4329,4329,3690.24,937207.68,0,209775.0,Received
PO004233,SUP00192,PART00045,PLT0015,2026-04-25 08:11:58,2026-06-24 08:11:58,2026-06-22 08:11:58,2004,2004,2056.99,94677.6,0,50571.54,Received
PO004234,SUP00132,PART00746,PLT0000,2026-04-30 14:21:46,2026-05-14 14:21:46,2026-05-11 14:21:46,179,179,172.88,2241.18,0,414.82,Received
PO004235,SUP00045,PART00480,PLT0028,2026-02-13 03:08:06,2026-03-06 03:08:06,2026-03-06 03:08:06,2219,2219,3671.3,217414.15,15,76010.03,Received
PO004236,SUP00054,PART01687,PLT0005,2026-04-07 20:40:31,2026-05-22 20:40:31,2026-05-26 20:40:31,4791,4791,3314.9,454737.61,12.5,315099.21,Received
PO004237,SUP00031,PART01440,PLT0016,2026-05-01 19:12:13,2026-06-30 19:12:13,2026-06-28 19:12:13,2180,2180,4096.53,619715.22,0,126465.32,Received
PO004238,SUP00016,PART01492,PLT0023,2026-05-28 17:49:54,2026-06-18 17:49:54,2026-06-15 17:49:54,4753,3236,331.48,44868.66,7.5,8581.39,Received
PO004239,SUP00065,PART00965,PLT0005,2026-04-11 00:21:32,2026-05-26 00:21:32,2026-05-24 00:21:32,4165,4165,3204.89,995770.79,12.5,250983.02,Received
PO004240,SUP00100,PART01361,PLT0016,2026-01-05 22:37:49,2026-02-19 22:37:49,2026-02-19 22:37:49,4963,4963,901.86,283907.69,7.5,23683.02,Received
PO004241,SUP00030,PART00425,PLT0007,2026-03-18 12:20:35,2026-04-17 12:20:35,2026-04-14 12:20:35,1250,1034,4130.85,205295.91,0,40199.24,Received
PO004242,SUP00123,PART00736,PLT0019,2026-02-20 06:59:19,2026-04-21 06:59:19,2026-04-18 06:59:19,1955,1955,897.7,107705.08,15,13499.02,Received
PO004243,SUP00068,PART01834,PLT0004,2026-01-20 18:55:43,2026-02-19 18:55:43,2026-02-25 18:55:43,2000,2000,4085.15,188007.4,0,88935.94,Received
PO004244,SUP00097,PART01771,PLT0018,2026-02-06 10:15:52,2026-02-16 10:15:52,2026-02-15 10:15:52,4692,3018,4762.66,931610.1,0,347918.33,Received
PO004245,SUP00088,PART00808,PLT0010,2026-06-08 05:18:13,2026-07-08 05:18:13,2026-07-08 05:18:13,3507,3507,4077.82,628365.31,7.5,250246.78,Received
PO004246,SUP00133,PART01604,PLT0010,2026-01-21 15:06:48,2026-03-07 15:06:48,2026-03-04 15:06:48,3540,3540,3485.23,250198.85,10,214912.06,Received
PO004247,SUP00171,PART00662,PLT0027,2026-01-29 22:06:52,2026-03-30 22:06:52,2026-03-27 22:06:52,3286,3286,41.62,10175.96,15,818.59,Received
PO004248,SUP00142,PART01393,PLT0002,2026-04-10 10:15:43,2026-04-24 10:15:43,2026-04-23 10:15:43,81,81,3848.02,9848.93,0,4283.94,Received
PO004249,SUP00027,PART00178,PLT0017,2026-02-21 02:05:02,2026-02-28 02:05:02,2026-03-06 02:05:02,3039,2511,1432.31,331837.98,12.5,59652.72,Received
PO004250,SUP00004,PART01360,PLT0027,2026-04-09 18:11:05,2026-05-09 18:11:05,2026-05-09 18:11:05,3148,3148,2929.91,592553.28,12.5,135879.16,Received
PO004251,SUP00179,PART00738,PLT0011,2026-05-01 09:39:07,2026-05-31 09:39:07,2026-05-31 09:39:07,4940,4940,3740.33,1283880.36,15,204905.01,Received
PO004252,SUP00146,PART01516,PLT0005,2026-01-27 18:42:52,2026-02-17 18:42:52,2026-02-15 18:42:52,2559,2559,2966.47,412969.32,10,116101.55,Received
PO004253,SUP00000,PART01735,PLT0009,2026-02-15 12:49:58,2026-02-22 12:49:58,2026-02-22 12:49:58,2253,2253,2118.14,290110.34,0,45103.53,Received
PO004254,SUP00073,PART00212,PLT0027,2026-03-23 04:26:47,2026-05-07 04:26:47,2026-05-06 04:26:47,1030,1030,3780.78,187554.67,7.5,60839.28,Received
PO004255,SUP00117,PART00559,PLT0004,2026-02-05 04:01:01,2026-03-22 04:01:01,2026-03-21 04:01:01,2520,2520,1716.64,254116.15,15,34075.31,Received
PO004256,SUP00192,PART01051,PLT0002,2026-05-10 17:49:06,2026-07-09 17:49:06,2026-07-09 17:49:06,1955,1955,2383.78,150248.44,15,46136.62,Received
PO004257,SUP00010,PART00064,PLT0021,2026-02-04 07:16:49,2026-04-05 07:16:49,2026-04-03 07:16:49,4477,4477,365.02,87545.62,0,20577.37,Received
PO004258,SUP00011,PART00421,PLT0007,2026-02-02 16:17:44,2026-02-12 16:17:44,2026-02-12 16:17:44,2494,2494,1145.88,183366.12,10,18043.31,Received
PO004259,SUP00175,PART00445,PLT0010,2026-05-07 06:05:51,2026-05-21 06:05:51,2026-05-20 06:05:51,2464,1074,4263.15,487086.52,0,147919.67,Received
PO004260,SUP00088,PART01973,PLT0020,2026-01-13 12:37:35,2026-02-12 12:37:35,2026-02-19 12:37:35,1936,982,590.45,46746.62,15,16487.41,Received
PO004261,SUP00133,PART01436,PLT0011,2026-02-20 13:52:17,2026-04-06 13:52:17,2026-04-10 13:52:17,2041,1527,1851.08,289779.81,0,37231.6,Received
PO004262,SUP00183,PART00220,PLT0015,2026-06-05 12:03:20,2026-07-05 12:03:20,2026-07-04 12:03:20,1255,1255,3656.94,345965.95,0,62160.46,Received
PO004263,SUP00155,PART01320,PLT0018,2026-05-21 22:37:25,2026-06-11 22:37:25,2026-06-11 22:37:25,1473,1343,2357.31,141650.77,0,52481.37,Received
PO004264,SUP00185,PART00855,PLT0018,2026-01-20 09:56:13,2026-03-21 09:56:13,2026-03-21 09:56:13,3549,3549,4803.13,718482.07,7.5,237861.29,Received
PO004265,SUP00061,PART00400,PLT0003,2026-06-28 16:49:13,2026-07-08 16:49:13,2026-07-07 16:49:13,3476,3476,3232.62,359778.67,18,219060.16,Received
PO004266,SUP00175,PART00227,PLT0025,2026-02-13 07:25:35,2026-02-27 07:25:35,2026-02-25 07:25:35,3212,3212,2329.65,194763.41,0,73187.83,Received
PO004267,SUP00123,PART00493,PLT0007,2026-03-29 21:37:09,2026-05-28 21:37:09,2026-05-25 21:37:09,1990,1990,1693.06,83197.62,15,52262.62,Received
PO004268,SUP00069,PART00990,PLT0000,2026-03-23 02:10:37,2026-04-06 02:10:37,2026-04-04 02:10:37,2010,2010,2714.93,166137.46,15,91904.35,Received
PO004269,SUP00025,PART01669,PLT0024,2026-04-26 12:01:43,2026-05-26 12:01:43,2026-05-26 12:01:43,3227,3227,2392.1,363294.33,12.5,90273.94,Received
PO004270,SUP00062,PART00288,PLT0027,2026-01-11 05:14:42,2026-01-25 05:14:42,2026-01-22 05:14:42,1440,1440,4796.69,165159.01,0,101349.38,Received
PO004271,SUP00143,PART01820,PLT0014,2026-04-18 04:17:30,2026-06-02 04:17:30,2026-06-13 04:17:30,3754,3754,2191.54,504903.51,18,88662.01,Received
PO004272,SUP00034,PART00528,PLT0015,2026-02-20 04:38:15,2026-03-22 04:38:15,2026-03-22 04:38:15,1228,1228,1559.06,77866.08,0,22583.3,Received
PO004273,SUP00145,PART00685,PLT0010,2026-01-01 05:38:31,2026-03-02 05:38:31,2026-03-02 05:38:31,3609,3609,3468.82,780684.75,18,221400.0,Received
PO004274,SUP00139,PART01848,PLT0029,2026-02-22 18:55:42,2026-03-08 18:55:42,2026-03-05 18:55:42,1079,1079,110.93,5817.82,7.5,1219.13,Received
PO004275,SUP00168,PART00856,PLT0026,2026-04-25 08:44:01,2026-05-09 08:44:01,2026-05-07 08:44:01,779,779,1929.73,62155.36,0,21417.97,Received
PO004276,SUP00034,PART00803,PLT0006,2026-03-21 08:36:45,2026-04-20 08:36:45,2026-04-20 08:36:45,1836,1836,4674.61,504480.39,0,108195.24,Received
PO004277,SUP00036,PART01070,PLT0005,2026-02-06 20:40:05,2026-04-07 20:40:05,2026-04-06 20:40:05,1267,1267,896.32,90286.48,15,14395.5,Received
PO004278,SUP00002,PART01830,PLT0026,2026-06-16 22:08:42,2026-06-23 22:08:42,2026-06-21 22:08:42,4439,4439,4926.38,1317966.7,0,395196.69,Received
PO004279,SUP00158,PART00948,PLT0028,2026-05-31 12:47:43,2026-06-07 12:47:43,2026-06-06 12:47:43,4246,4246,1227.34,395382.07,0,37137.64,Received
PO004280,SUP00082,PART01459,PLT0020,2026-05-16 11:15:54,2026-05-26 11:15:54,2026-05-30 11:15:54,4045,4045,1603.61,206072.15,12.5,49619.46,Received
PO004281,SUP00032,PART01018,PLT0003,2026-01-15 22:02:24,2026-03-01 22:02:24,2026-03-01 22:02:24,3631,3631,3059.4,363597.13,10,155016.46,Received
PO004282,SUP00171,PART00681,PLT0011,2026-02-07 22:02:01,2026-04-08 22:02:01,2026-04-06 22:02:01,440,440,3225.15,76753.32,10,17792.66,Received
PO004283,SUP00099,PART01346,PLT0004,2026-04-28 20:26:08,2026-06-27 20:26:08,2026-06-24 20:26:08,1978,1978,107.46,5030.85,15,3306.98,Received
PO004284,SUP00070,PART01066,PLT0010,2026-03-05 03:52:21,2026-04-19 03:52:21,2026-04-17 03:52:21,1044,1044,3195.71,107638.16,7.5,62341.13,Received
PO004285,SUP00131,PART00174,PLT0009,2026-04-20 21:37:23,2026-05-11 21:37:23,2026-05-09 21:37:23,1351,805,953.22,49710.78,0,17638.88,Received
PO004286,SUP00153,PART00947,PLT0026,2026-03-17 14:37:26,2026-05-01 14:37:26,2026-04-30 14:37:26,4557,2726,2271.42,369547.39,7.5,55261.71,Received
PO004287,SUP00026,PART01593,PLT0011,2026-01-31 20:27:16,2026-04-01 20:27:16,2026-03-29 20:27:16,3861,3222,4976.61,616092.14,7.5,361496.62,Received
PO004288,SUP00050,PART00882,PLT0012,2026-06-07 23:12:47,2026-07-07 23:12:47,2026-07-06 23:12:47,459,382,3811.35,104149.43,15,23713.39,Received
PO004289,SUP00125,PART01244,PLT0015,2026-03-04 05:30:19,2026-04-18 05:30:19,2026-04-18 05:30:19,4824,4824,3821.24,1147303.44,10,304124.12,Received
PO004290,SUP00023,PART01978,PLT0029,2026-01-20 02:50:45,2026-02-03 02:50:45,2026-02-01 02:50:45,239,239,1371.96,22819.71,5,3019.08,Received
PO004291,SUP00065,PART01648,PLT0013,2026-01-20 21:53:40,2026-03-06 21:53:40,2026-03-06 21:53:40,2277,2277,975.17,143055.05,15,12763.39,Received
PO004292,SUP00042,PART00313,PLT0018,2026-01-30 10:15:07,2026-02-09 10:15:07,2026-02-08 10:15:07,2652,2652,1345.69,221262.42,0,18077.93,Received
PO004293,SUP00024,PART01198,PLT0022,2026-03-11 02:35:49,2026-04-10 02:35:49,2026-04-10 02:35:49,2539,2539,3428.79,645724.23,15,66574.82,Received
PO004294,SUP00071,PART01171,PLT0001,2026-03-09 11:09:56,2026-05-08 11:09:56,2026-05-14 11:09:56,1086,1086,1114.61,60815.16,0,10636.15,Received
PO004295,SUP00160,PART01966,PLT0029,2026-04-07 00:42:09,2026-04-14 00:42:09,2026-04-12 00:42:09,2616,2616,1378.45,189861.34,7.5,25408.2,Received
PO004296,SUP00132,PART00782,PLT0007,2026-02-07 23:28:12,2026-02-21 23:28:12,2026-02-20 23:28:12,4621,4621,4977.83,884501.67,12.5,233240.02,Received
PO004297,SUP00035,PART01168,PLT0029,2026-01-09 03:56:04,2026-02-23 03:56:04,2026-02-21 03:56:04,4649,4649,3659.54,394435.2,0,160244.38,Received
PO004298,SUP00011,PART00426,PLT0001,2026-01-23 19:37:56,2026-02-02 19:37:56,2026-02-02 19:37:56,3372,3372,900.83,204709.87,7.5,51846.2,Received
PO004299,SUP00181,PART00084,PLT0006,2026-03-13 02:20:15,2026-03-27 02:20:15,2026-03-26 02:20:15,2431,1131,3232.4,385979.07,15,126429.22,Received
PO004300,SUP00035,PART01280,PLT0006,2026-02-09 14:11:49,2026-03-26 14:11:49,2026-03-25 14:11:49,397,312,1987.49,59172.63,15,5259.27,Received
PO004301,SUP00101,PART01473,PLT0026,2026-01-30 11:43:03,2026-03-31 11:43:03,2026-04-02 11:43:03,4402,4402,2817.59,844031.62,0,226585.26,Received
PO004302,SUP00080,PART01362,PLT0006,2026-04-21 11:37:32,2026-05-05 11:37:32,2026-05-04 11:37:32,599,599,2084.18,53148.58,18,8367.4,Received
PO004303,SUP00083,PART00173,PLT0021,2026-01-06 07:06:07,2026-03-07 07:06:07,2026-03-07 07:06:07,1313,695,4813.62,331815.02,5,115723.41,Received
PO004304,SUP00193,PART01182,PLT0021,2026-04-04 03:22:01,2026-04-14 03:22:01,2026-04-27 03:22:01,1200,1200,2781.29,200946.01,10,39202.74,Received
PO004305,SUP00092,PART01807,PLT0010,2026-02-16 13:24:49,2026-04-02 13:24:49,2026-03-30 13:24:49,2586,2586,1659.4,102260.2,0,60445.37,Received
PO004306,SUP00112,PART01395,PLT0006,2026-03-09 16:57:53,2026-04-08 16:57:53,2026-04-05 16:57:53,1564,1564,3533.49,193096.1,12.5,41105.84,Received
PO004307,SUP00063,PART01653,PLT0000,2026-05-09 20:25:26,2026-06-08 20:25:26,2026-06-06 20:25:26,1228,1228,4721.6,140425.39,10,83177.6,Received
PO004308,SUP00041,PART00535,PLT0010,2026-01-02 22:41:43,2026-01-12 22:41:43,2026-01-12 22:41:43,1616,1616,1428.92,96782.79,15,16340.81,Received
PO004309,SUP00199,PART01832,PLT0012,2026-04-30 13:26:01,2026-05-14 13:26:01,2026-05-12 13:26:01,1979,1979,3288.3,379714.13,0,34934.97,Received
PO004310,SUP00186,PART01741,PLT0022,2026-04-04 08:49:46,2026-05-19 08:49:46,2026-05-18 08:49:46,4307,4307,2960.96,548882.0,10,220631.42,Received
PO004311,SUP00041,PART01941,PLT0024,2026-02-27 09:04:15,2026-03-09 09:04:15,2026-03-09 09:04:15,1508,1508,1868.74,153834.9,12.5,36119.13,Received
PO004312,SUP00189,PART01177,PLT0022,2026-02-03 06:10:29,2026-03-20 06:10:29,2026-03-18 06:10:29,4537,4537,1082.4,195805.37,0,26559.25,Received
PO004313,SUP00093,PART00003,PLT0021,2026-06-29 04:41:49,2026-07-06 04:41:49,2026-07-04 04:41:49,2590,2590,3944.11,393189.46,7.5,126355.53,Received
PO004314,SUP00020,PART00289,PLT0000,2026-03-28 17:13:44,2026-05-27 17:13:44,2026-05-25 17:13:44,908,908,1503.37,94759.38,18,24342.01,Received
PO004315,SUP00097,PART00954,PLT0000,2026-02-06 15:46:40,2026-02-16 15:46:40,2026-02-15 15:46:40,891,891,3843.72,161387.63,10,48734.76,Received
PO004316,SUP00157,PART00111,PLT0004,2026-03-08 21:00:07,2026-04-22 21:00:07,2026-04-21 21:00:07,4753,4753,3795.41,1401130.47,5,137807.91,Received
PO004317,SUP00137,PART01415,PLT0008,2026-01-21 13:11:25,2026-02-04 13:11:25,2026-02-03 13:11:25,4037,4037,4405.47,1168757.34,0,352300.82,Received
PO004318,SUP00046,PART01861,PLT0024,2026-06-21 03:19:42,2026-07-01 03:19:42,2026-06-30 03:19:42,4927,4927,456.78,157441.14,10,44793.48,Received
PO004319,SUP00019,PART01811,PLT0003,2026-01-31 05:54:05,2026-04-01 05:54:05,2026-03-29 05:54:05,507,507,3524.78,88695.95,12.5,29579.24,Received
PO004320,SUP00102,PART01908,PLT0020,2026-05-25 14:25:18,2026-06-15 14:25:18,2026-06-15 14:25:18,1530,1530,202.77,8130.88,12.5,3549.51,Received
PO004321,SUP00148,PART01711,PLT0017,2026-05-01 23:21:27,2026-05-31 23:21:27,2026-05-31 23:21:27,1395,1395,658.85,41426.95,0,16359.18,Received
PO004322,SUP00019,PART00438,PLT0009,2026-03-12 18:19:39,2026-05-11 18:19:39,2026-05-09 18:19:39,4651,4651,671.9,179230.99,10,60716.82,Received
PO004323,SUP00120,PART01918,PLT0011,2026-03-19 05:42:06,2026-05-18 05:42:06,2026-05-17 05:42:06,4948,2866,196.22,54269.04,7.5,17594.72,Received
PO004324,SUP00183,PART00153,PLT0024,2026-02-27 23:21:04,2026-03-29 23:21:04,2026-03-28 23:21:04,3646,3646,333.41,38605.69,15,19951.44,Received
PO004325,SUP00182,PART01857,PLT0022,2026-06-09 19:06:08,2026-07-09 19:06:08,2026-07-06 19:06:08,2442,2442,3310.35,333327.5,12.5,150733.53,Received
PO004326,SUP00013,PART01019,PLT0013,2026-03-23 02:35:29,2026-04-13 02:35:29,2026-04-11 02:35:29,4118,4118,1849.27,154350.85,0,102129.08,Received
PO004327,SUP00108,PART01764,PLT0011,2026-01-11 03:32:06,2026-03-12 03:32:06,2026-03-09 03:32:06,2344,1023,4042.69,402196.15,0,91872.63,Received
PO004328,SUP00129,PART00281,PLT0027,2026-03-06 08:19:48,2026-05-05 08:19:48,2026-05-02 08:19:48,72,72,3537.31,7625.69,7.5,2717.14,Received
PO004329,SUP00089,PART01250,PLT0015,2026-04-30 20:57:55,2026-05-21 20:57:55,2026-05-21 20:57:55,2502,2502,1728.99,192218.17,0,66573.25,Received
PO004330,SUP00028,PART01286,PLT0012,2026-02-12 19:00:29,2026-02-19 19:00:29,2026-02-18 19:00:29,4183,4183,2454.34,646395.09,0,115631.08,Received
PO004331,SUP00003,PART01562,PLT0014,2026-03-06 03:01:44,2026-03-16 03:01:44,2026-03-15 03:01:44,276,276,4110.2,33435.87,10,8646.19,Received
PO004332,SUP00016,PART00377,PLT0024,2026-05-31 13:40:36,2026-06-21 13:40:36,2026-06-30 13:40:36,152,152,3176.03,33320.32,7.5,4336.03,Received
PO004333,SUP00163,PART01679,PLT0012,2026-06-20 15:43:59,2026-06-27 15:43:59,2026-07-12 15:43:59,4085,4085,2068.57,333364.5,0,154661.78,Received
PO004334,SUP00144,PART00601,PLT0016,2026-04-01 02:33:44,2026-05-01 02:33:44,2026-04-28 02:33:44,800,800,3838.81,79394.9,10,28060.1,Received
PO004335,SUP00032,PART01543,PLT0025,2026-04-19 19:12:47,2026-06-03 19:12:47,2026-06-01 19:12:47,1881,1776,271.03,17141.28,18,9153.83,Received
PO004336,SUP00003,PART00600,PLT0018,2026-04-29 06:38:12,2026-05-09 06:38:12,2026-05-09 06:38:12,3599,3599,321.36,38595.41,10,21782.61,Received
PO004337,SUP00097,PART01321,PLT0020,2026-04-27 12:25:30,2026-05-07 12:25:30,2026-05-06 12:25:30,1143,1143,31.78,1758.43,10,224.76,Received
PO004338,SUP00011,PART00014,PLT0018,2026-05-15 13:37:52,2026-05-25 13:37:52,2026-05-25 13:37:52,4117,4117,3247.95,872428.4,15,116888.61,Received
PO004339,SUP00031,PART00129,PLT0003,2026-01-16 10:46:36,2026-03-17 10:46:36,2026-03-14 10:46:36,2006,2006,4329.66,616974.33,18,122917.83,Received
PO004340,SUP00169,PART00197,PLT0029,2026-01-11 10:43:11,2026-03-12 10:43:11,2026-03-12 10:43:11,2358,2358,1040.67,159702.62,12.5,35646.99,Received
PO004341,SUP00057,PART00208,PLT0019,2026-05-08 01:45:41,2026-06-07 01:45:41,2026-06-05 01:45:41,554,554,258.57,8923.05,15,1504.87,Received
PO004342,SUP00144,PART01064,PLT0006,2026-02-20 19:43:38,2026-03-22 19:43:38,2026-03-27 19:43:38,2979,2979,3283.69,355610.28,0,51328.49,Received
PO004343,SUP00013,PART00613,PLT0005,2026-01-04 05:48:24,2026-01-25 05:48:24,2026-01-23 05:48:24,785,394,4752.02,214982.86,12.5,36587.38,Received
PO004344,SUP00113,PART01167,PLT0001,2026-04-01 08:03:16,2026-05-31 08:03:16,2026-05-30 08:03:16,2707,2707,3998.88,675104.74,7.5,73517.35,Received
PO004345,SUP00128,PART01816,PLT0003,2026-04-28 17:10:32,2026-05-19 17:10:32,2026-05-18 17:10:32,3801,3801,2097.93,373708.74,15,157257.76,Received
PO004346,SUP00035,PART01712,PLT0027,2026-03-27 23:39:09,2026-05-11 23:39:09,2026-05-21 23:39:09,3155,3155,2290.37,157369.0,12.5,46175.91,Received
PO004347,SUP00115,PART01373,PLT0013,2026-04-24 23:26:09,2026-05-08 23:26:09,2026-05-07 23:26:09,3040,3040,4819.52,444084.07,18,130958.29,Received
PO004348,SUP00127,PART01765,PLT0017,2026-02-09 19:16:28,2026-02-19 19:16:28,2026-02-17 19:16:28,2999,2999,4662.54,585458.57,0,171510.35,Received
PO004349,SUP00113,PART01509,PLT0001,2026-03-21 11:08:22,2026-05-20 11:08:22,2026-05-19 11:08:22,1167,1167,3914.32,321260.37,0,79069.44,Received
PO004350,SUP00047,PART00795,PLT0018,2026-05-11 15:34:09,2026-05-25 15:34:09,2026-05-23 15:34:09,4949,4949,4827.8,1748594.77,18,350627.62,Received
PO004351,SUP00032,PART01018,PLT0013,2026-01-25 03:49:51,2026-03-11 03:49:51,2026-03-10 03:49:51,1895,1895,3059.4,142721.24,0,31346.73,Received
PO004352,SUP00184,PART01277,PLT0024,2026-06-18 13:08:20,2026-07-02 13:08:20,2026-06-29 13:08:20,4830,4830,3223.25,1200142.52,15,125829.56,Received
PO004353,SUP00066,PART00534,PLT0019,2026-02-20 17:59:51,2026-04-06 17:59:51,2026-04-15 17:59:51,2885,2201,1724.52,159338.47,15,51632.41,Received
PO004354,SUP00188,PART01774,PLT0016,2026-02-22 03:38:02,2026-04-23 03:38:02,2026-04-23 03:38:02,2038,2038,1471.26,192284.0,18,37390.95,Received
PO004355,SUP00093,PART00005,PLT0003,2026-04-19 23:12:14,2026-04-26 23:12:14,2026-04-26 23:12:14,1032,1032,665.14,23351.44,15,9713.99,Received
PO004356,SUP00151,PART01796,PLT0021,2026-02-01 00:53:23,2026-02-22 00:53:23,2026-02-22 00:53:23,2228,2228,3057.45,248836.29,15,35332.34,Received
PO004357,SUP00169,PART00952,PLT0028,2026-01-20 02:02:30,2026-03-21 02:02:30,2026-03-18 02:02:30,4979,4979,810.87,140261.08,18,49577.09,Received
PO004358,SUP00046,PART01665,PLT0019,2026-05-06 10:01:28,2026-05-16 10:01:28,2026-05-16 10:01:28,1622,1622,932.26,45863.19,0,26398.78,Received
PO004359,SUP00194,PART01921,PLT0004,2026-02-05 03:45:04,2026-02-26 03:45:04,2026-03-03 03:45:04,2359,2359,275.12,38634.5,5,11632.09,Received
PO004360,SUP00039,PART00229,PLT0019,2026-04-06 07:20:00,2026-04-20 07:20:00,2026-04-20 07:20:00,3452,2493,1099.55,184273.54,0,64595.16,Received
PO004361,SUP00145,PART01991,PLT0004,2026-05-10 19:58:34,2026-07-09 19:58:34,2026-07-19 19:58:34,4893,4893,3585.43,1091174.13,0,222243.92,In Transit
PO004362,SUP00029,PART00336,PLT0004,2026-02-23 09:33:44,2026-04-24 09:33:44,2026-04-21 09:33:44,408,408,2082.8,44486.54,5,15107.21,Received
PO004363,SUP00049,PART01608,PLT0003,2026-02-16 07:45:45,2026-02-23 07:45:45,2026-02-21 07:45:45,1767,1767,4946.51,292368.33,0,153783.66,Received
PO004364,SUP00109,PART01513,PLT0021,2026-04-02 20:18:26,2026-04-12 20:18:26,2026-04-10 20:18:26,794,794,2269.79,60154.04,10,23083.36,Received
PO004365,SUP00082,PART00476,PLT0013,2026-04-08 06:03:11,2026-04-18 06:03:11,2026-04-17 06:03:11,434,434,2932.15,92533.39,0,18067.69,Received
PO004366,SUP00033,PART01899,PLT0022,2026-04-05 11:17:33,2026-04-15 11:17:33,2026-04-13 11:17:33,2407,2407,4651.48,278559.17,12.5,216040.43,Received
PO004367,SUP00039,PART00017,PLT0020,2026-01-11 09:31:35,2026-01-25 09:31:35,2026-01-25 09:31:35,4261,4261,2098.54,235584.26,0,80632.69,Received
PO004368,SUP00051,PART00936,PLT0026,2026-05-31 11:57:09,2026-06-07 11:57:09,2026-06-04 11:57:09,2380,2380,2271.14,314417.09,5,58556.32,Received
PO004369,SUP00080,PART01696,PLT0018,2026-01-25 19:54:49,2026-02-08 19:54:49,2026-02-07 19:54:49,2775,2775,2866.33,566495.32,0,68383.67,Received
PO004370,SUP00076,PART00524,PLT0029,2026-04-28 14:57:39,2026-05-12 14:57:39,2026-05-10 14:57:39,271,271,4862.62,91177.84,0,23229.32,Received
PO004371,SUP00091,PART01078,PLT0009,2026-04-09 18:52:25,2026-04-23 18:52:25,2026-05-08 18:52:25,4911,4911,2838.38,505920.04,7.5,223436.92,Received
PO004372,SUP00181,PART00899,PLT0004,2026-03-10 07:30:37,2026-03-24 07:30:37,2026-03-23 07:30:37,501,501,4899.07,86009.21,7.5,48780.53,Received
PO004373,SUP00040,PART01390,PLT0003,2026-03-28 22:45:05,2026-04-04 22:45:05,2026-04-11 22:45:05,1941,1941,4405.13,472048.36,7.5,147063.01,Received
PO004374,SUP00064,PART00666,PLT0003,2026-02-25 01:12:49,2026-04-26 01:12:49,2026-04-24 01:12:49,3495,3495,442.17,64575.87,7.5,19707.0,Received
PO004375,SUP00079,PART01634,PLT0009,2026-05-24 13:07:14,2026-05-31 13:07:14,2026-05-29 13:07:14,1152,1152,395.43,23094.32,18,5927.48,Received
PO004376,SUP00052,PART01632,PLT0012,2026-02-27 20:44:19,2026-03-29 20:44:19,2026-03-29 20:44:19,4639,4639,265.27,90699.31,7.5,10550.39,Received
PO004377,SUP00155,PART00168,PLT0015,2026-04-19 08:57:32,2026-05-10 08:57:32,2026-05-10 08:57:32,1996,905,2423.83,322264.72,15,48880.34,Received
PO004378,SUP00165,PART01079,PLT0007,2026-04-30 11:15:25,2026-06-14 11:15:25,2026-06-11 11:15:25,4012,1897,2006.07,536276.08,15,129314.4,Received
PO004379,SUP00022,PART00741,PLT0008,2026-01-30 10:33:26,2026-03-16 10:33:26,2026-03-16 10:33:26,1394,1301,2360.98,260993.0,0,51832.13,Received
PO004380,SUP00052,PART01744,PLT0016,2026-05-12 12:54:43,2026-06-11 12:54:43,2026-06-11 12:54:43,1574,1574,4701.3,209021.01,5,145183.88,Received
PO004381,SUP00150,PART01752,PLT0014,2026-06-27 10:24:22,2026-07-04 10:24:22,2026-07-01 10:24:22,2487,1814,2634.75,266903.05,15,37608.48,Received
PO004382,SUP00073,PART01381,PLT0001,2026-03-25 10:03:56,2026-05-09 10:03:56,2026-05-08 10:03:56,4930,3610,3489.08,1029360.63,18,318908.17,Received
PO004383,SUP00194,PART01921,PLT0014,2026-02-10 17:26:46,2026-03-03 17:26:46,2026-03-01 17:26:46,1354,1354,275.12,7464.62,10,6981.26,Received
PO004384,SUP00000,PART00387,PLT0020,2026-03-31 07:56:25,2026-04-07 07:56:25,2026-04-06 07:56:25,3450,1681,3279.15,285729.15,7.5,192338.78,Received
PO004385,SUP00083,PART01578,PLT0024,2026-03-13 18:16:02,2026-05-12 18:16:02,2026-05-24 18:16:02,549,549,1846.42,41358.25,18,13643.0,Received
PO004386,SUP00088,PART01411,PLT0018,2026-04-11 04:14:15,2026-05-11 04:14:15,2026-05-22 04:14:15,814,814,3609.15,219502.79,7.5,22680.66,Received
PO004387,SUP00000,PART00245,PLT0015,2026-06-08 19:42:15,2026-06-15 19:42:15,2026-06-24 19:42:15,1976,1976,3640.65,480566.16,0,80399.84,Received
PO004388,SUP00132,PART00388,PLT0006,2026-05-08 18:36:34,2026-05-22 18:36:34,2026-06-03 18:36:34,2664,2664,394.3,72106.17,5,8207.74,Received
PO004389,SUP00165,PART01154,PLT0021,2026-03-30 02:35:50,2026-05-14 02:35:50,2026-05-11 02:35:50,1095,1095,2061.4,81764.47,5,17558.25,Received
PO004390,SUP00021,PART00303,PLT0008,2026-05-31 12:34:50,2026-06-30 12:34:50,2026-06-30 12:34:50,250,250,3400.08,21133.94,15,7118.56,Received
PO004391,SUP00130,PART00770,PLT0006,2026-02-13 00:29:54,2026-04-14 00:29:54,2026-04-13 00:29:54,81,81,918.44,4413.03,15,1225.53,Received
PO004392,SUP00044,PART00349,PLT0009,2026-02-19 10:01:11,2026-04-20 10:01:11,2026-04-19 10:01:11,4742,4742,1763.16,630140.41,0,154124.65,Received
PO004393,SUP00063,PART00171,PLT0029,2026-02-02 10:21:08,2026-03-04 10:21:08,2026-03-01 10:21:08,4966,2122,2335.03,442926.53,0,156931.49,Received
PO004394,SUP00060,PART01030,PLT0026,2026-05-08 23:22:14,2026-07-07 23:22:14,2026-07-06 23:22:14,2351,2351,2891.8,390303.36,0,135929.1,Received
PO004395,SUP00085,PART00902,PLT0012,2026-04-21 18:54:33,2026-06-05 18:54:33,2026-06-05 18:54:33,2963,2963,1240.72,273369.05,5,23082.83,Received
PO004396,SUP00096,PART01912,PLT0024,2026-04-20 19:18:11,2026-04-30 19:18:11,2026-04-28 19:18:11,924,924,777.04,29793.96,0,13618.98,Received
PO004397,SUP00015,PART01800,PLT0017,2026-01-10 09:10:16,2026-01-17 09:10:16,2026-01-15 09:10:16,2481,2017,1112.77,132534.76,12.5,16251.16,Received
PO004398,SUP00080,PART01362,PLT0027,2026-01-25 13:19:39,2026-02-08 13:19:39,2026-02-05 13:19:39,1177,1177,2084.18,118437.19,0,13167.04,Received
PO004399,SUP00022,PART00068,PLT0000,2026-02-11 20:47:59,2026-03-28 20:47:59,2026-03-25 20:47:59,4452,4452,4160.97,1327410.26,5,255339.85,Received
PO004400,SUP00031,PART01907,PLT0015,2026-05-05 20:07:58,2026-07-04 20:07:58,2026-07-02 20:07:58,3744,3180,3253.21,310160.31,18,110134.75,Received
PO004401,SUP00062,PART01863,PLT0011,2026-04-08 15:46:36,2026-04-22 15:46:36,2026-04-19 15:46:36,1908,1734,695.42,35068.02,0,17301.37,Received
PO004402,SUP00089,PART00393,PLT0013,2026-02-07 14:40:55,2026-02-28 14:40:55,2026-03-08 14:40:55,1148,1148,3053.54,93920.91,0,48853.21,Received
PO004403,SUP00070,PART01067,PLT0029,2026-01-07 01:48:06,2026-02-21 01:48:06,2026-02-20 01:48:06,758,758,1290.4,41901.8,5,11355.93,Received
PO004404,SUP00182,PART00743,PLT0001,2026-03-16 11:40:23,2026-04-15 11:40:23,2026-04-13 11:40:23,4612,4612,3071.76,431593.04,10,104850.16,Received
PO004405,SUP00035,PART00312,PLT0018,2026-02-01 00:23:01,2026-03-18 00:23:01,2026-03-15 00:23:01,2807,2289,852.07,144328.8,15,25450.46,Received
PO004406,SUP00134,PART01662,PLT0002,2026-03-25 23:34:52,2026-04-04 23:34:52,2026-04-02 23:34:52,3085,3085,353.86,60816.34,0,8836.47,Received
PO004407,SUP00161,PART00692,PLT0007,2026-03-10 22:25:04,2026-04-09 22:25:04,2026-04-24 22:25:04,2361,2361,4461.07,799193.1,15,77815.88,Received
PO004408,SUP00071,PART00523,PLT0013,2026-03-24 08:37:52,2026-05-23 08:37:52,2026-05-20 08:37:52,1079,1079,4087.84,329444.17,15,47846.41,Received
PO004409,SUP00124,PART01009,PLT0009,2026-05-06 01:19:57,2026-06-05 01:19:57,2026-06-05 01:19:57,2323,2323,3698.14,684705.13,10,164043.89,Received
PO004410,SUP00149,PART01548,PLT0004,2026-02-27 03:16:58,2026-04-28 03:16:58,2026-04-27 03:16:58,404,404,2908.03,78601.59,7.5,22969.78,Received
PO004411,SUP00162,PART00301,PLT0011,2026-02-26 02:43:08,2026-03-05 02:43:08,2026-03-05 02:43:08,3125,3125,4844.76,740902.98,12.5,84783.68,Received
PO004412,SUP00110,PART01324,PLT0006,2026-02-26 07:44:01,2026-03-12 07:44:01,2026-03-25 07:44:01,4240,4240,452.79,143510.92,5,11588.9,Received
PO004413,SUP00038,PART00876,PLT0001,2026-01-24 20:34:32,2026-03-25 20:34:32,2026-03-23 20:34:32,1971,1402,210.71,17539.05,0,2673.77,Received
PO004414,SUP00166,PART01519,PLT0020,2026-05-22 22:54:09,2026-06-12 22:54:09,2026-06-18 22:54:09,2343,2343,1561.78,129186.42,0,37358.65,Received
PO004415,SUP00188,PART01385,PLT0023,2026-02-20 16:52:37,2026-04-21 16:52:37,2026-04-18 16:52:37,548,548,4166.24,102633.44,18,12331.6,Received
PO004416,SUP00031,PART01647,PLT0016,2026-02-16 18:57:41,2026-04-17 18:57:41,2026-04-15 18:57:41,2935,2215,4425.57,999834.38,12.5,115770.21,Received
PO004417,SUP00044,PART00538,PLT0020,2026-04-20 02:20:48,2026-06-19 02:20:48,2026-06-16 02:20:48,4755,4755,2373.12,741068.81,15,100419.31,Received
PO004418,SUP00132,PART00715,PLT0023,2026-02-26 18:54:30,2026-03-12 18:54:30,2026-03-23 18:54:30,4808,4808,835.88,94322.15,7.5,32934.75,Received
PO004419,SUP00164,PART01085,PLT0005,2026-06-04 19:30:45,2026-06-11 19:30:45,2026-06-08 19:30:45,4269,4269,1946.89,654704.49,18,82423.25,Received
PO004420,SUP00066,PART01652,PLT0022,2026-03-29 23:42:39,2026-05-13 23:42:39,2026-05-10 23:42:39,3992,3271,3488.87,472898.66,18,91990.0,Received
PO004421,SUP00164,PART01085,PLT0000,2026-04-16 12:07:05,2026-04-23 12:07:05,2026-05-01 12:07:05,4329,4329,1946.89,636215.98,7.5,89312.33,Received
PO004422,SUP00183,PART00220,PLT0027,2026-04-27 23:37:00,2026-05-27 23:37:00,2026-06-07 23:37:00,1350,1350,3656.94,220992.47,0,72500.84,Received
PO004423,SUP00007,PART01315,PLT0018,2026-04-30 19:00:23,2026-05-14 19:00:23,2026-05-11 19:00:23,2804,2804,905.95,117732.67,0,13473.88,Received
PO004424,SUP00039,PART00017,PLT0023,2026-01-29 12:34:54,2026-02-12 12:34:54,2026-02-10 12:34:54,3209,3209,2098.54,164478.75,18,119255.39,Received
PO004425,SUP00149,PART00718,PLT0014,2026-01-11 19:03:32,2026-03-12 19:03:32,2026-03-11 19:03:32,390,390,4152.67,56264.67,0,13472.79,Received
PO004426,SUP00100,PART01292,PLT0000,2026-01-13 15:23:40,2026-02-27 15:23:40,2026-02-24 15:23:40,2291,2291,1945.41,118113.21,15,32828.52,Received
PO004427,SUP00140,PART01155,PLT0026,2026-05-08 11:32:03,2026-06-22 11:32:03,2026-06-22 11:32:03,1781,1781,2968.82,209840.85,0,57179.08,Received
PO004428,SUP00140,PART01598,PLT0023,2026-02-13 03:13:17,2026-03-30 03:13:17,2026-03-28 03:13:17,376,376,2426.37,23249.08,0,15953.76,Received
PO004429,SUP00019,PART01811,PLT0001,2026-02-18 05:44:46,2026-04-19 05:44:46,2026-04-27 05:44:46,279,279,3524.78,25647.91,7.5,10996.16,Received
PO004430,SUP00130,PART00939,PLT0018,2026-01-12 01:59:03,2026-03-13 01:59:03,2026-03-10 01:59:03,1967,1967,2621.47,403572.96,0,101171.94,Received
PO004431,SUP00143,PART01642,PLT0018,2026-01-28 19:18:29,2026-03-14 19:18:29,2026-03-13 19:18:29,4066,4066,1532.71,471068.06,0,35192.21,Received
PO004432,SUP00016,PART01985,PLT0012,2026-05-04 17:52:30,2026-05-25 17:52:30,2026-05-22 17:52:30,3905,3905,1872.93,146986.5,15,42607.92,Received
PO004433,SUP00192,PART01051,PLT0006,2026-01-26 16:24:00,2026-03-27 16:24:00,2026-03-24 16:24:00,3173,3173,2383.78,183653.7,0,80696.82,Received
PO004434,SUP00065,PART00006,PLT0016,2026-03-07 18:36:25,2026-04-21 18:36:25,2026-04-18 18:36:25,385,385,4567.87,41752.7,0,11437.31,Received
PO004435,SUP00032,PART01882,PLT0004,2026-01-28 06:37:37,2026-03-14 06:37:37,2026-03-14 06:37:37,1436,1436,2609.9,200793.67,5,67871.34,Received
PO004436,SUP00032,PART01933,PLT0019,2026-01-09 02:58:37,2026-02-23 02:58:37,2026-02-23 02:58:37,1048,898,3612.82,248688.17,18,70537.45,Received
PO004437,SUP00122,PART01503,PLT0012,2026-04-20 23:06:46,2026-06-04 23:06:46,2026-06-02 23:06:46,4867,4867,3131.84,1020861.2,15,175984.99,Received
PO004438,SUP00008,PART01061,PLT0028,2026-04-03 14:18:13,2026-04-10 14:18:13,2026-04-11 14:18:13,950,950,3627.63,131973.85,0,58145.9,Received
PO004439,SUP00087,PART01925,PLT0024,2026-03-24 15:11:15,2026-05-08 15:11:15,2026-05-07 15:11:15,4626,4626,466.74,62849.36,0,29172.77,Received
PO004440,SUP00104,PART00526,PLT0024,2026-01-27 05:41:53,2026-02-06 05:41:53,2026-02-21 05:41:53,4883,3314,2211.37,466141.31,12.5,126240.87,Received
PO004441,SUP00103,PART00222,PLT0002,2026-06-24 10:06:54,2026-07-08 10:06:54,2026-07-09 10:06:54,1327,1327,881.6,41169.52,7.5,19654.51,Received
PO004442,SUP00112,PART01218,PLT0012,2026-03-03 09:20:41,2026-04-02 09:20:41,2026-04-01 09:20:41,2306,1121,1835.48,266486.29,18,63280.3,Received
PO004443,SUP00158,PART01623,PLT0004,2026-06-27 20:33:45,2026-07-04 20:33:45,2026-07-02 20:33:45,4349,4349,3690.88,990690.43,10,228981.84,Received
PO004444,SUP00082,PART01988,PLT0010,2026-01-01 09:11:53,2026-01-11 09:11:53,2026-01-14 09:11:53,2461,2461,1994.54,172339.14,0,55388.0,Received
PO004445,SUP00067,PART00501,PLT0011,2026-02-04 20:14:20,2026-03-21 20:14:20,2026-03-18 20:14:20,2674,2674,2357.37,293482.87,0,111308.87,Received
PO004446,SUP00053,PART01969,PLT0006,2026-01-30 19:58:59,2026-03-16 19:58:59,2026-03-16 19:58:59,3331,3331,4223.89,455600.37,0,73376.65,Received
PO004447,SUP00074,PART00216,PLT0024,2026-04-12 18:04:03,2026-04-22 18:04:03,2026-04-19 18:04:03,3836,3836,935.63,183343.54,0,27522.12,Received
PO004448,SUP00085,PART01526,PLT0015,2026-04-18 16:48:25,2026-06-02 16:48:25,2026-06-01 16:48:25,556,556,4260.78,165934.8,7.5,33597.28,Received
PO004449,SUP00014,PART00471,PLT0001,2026-05-16 12:46:12,2026-05-26 12:46:12,2026-05-23 12:46:12,3469,3469,881.91,143626.38,12.5,23310.75,Received
PO004450,SUP00003,PART00774,PLT0001,2026-05-03 20:54:31,2026-05-13 20:54:31,2026-05-10 20:54:31,2604,2604,2303.05,335198.74,0,53106.36,Received
PO004451,SUP00007,PART01463,PLT0015,2026-01-24 21:15:45,2026-02-07 21:15:45,2026-02-12 21:15:45,4927,4927,2767.84,483053.68,10,198683.02,Received
PO004452,SUP00155,PART01738,PLT0008,2026-05-23 07:36:05,2026-06-13 07:36:05,2026-06-10 07:36:05,2869,2869,4554.36,823421.92,0,113374.54,Received
PO004453,SUP00025,PART01669,PLT0028,2026-05-03 23:17:54,2026-06-02 23:17:54,2026-05-31 23:17:54,1668,1668,2392.1,191263.34,5,57991.72,Received
PO004454,SUP00181,PART00357,PLT0016,2026-06-14 20:12:09,2026-06-28 20:12:09,2026-06-27 20:12:09,1246,1030,2048.63,174468.25,12.5,29083.6,Received
PO004455,SUP00164,PART00656,PLT0008,2026-05-27 20:04:29,2026-06-03 20:04:29,2026-06-01 20:04:29,1099,1099,3346.35,140879.82,7.5,72492.48,Received
PO004456,SUP00174,PART01410,PLT0009,2026-03-08 13:23:10,2026-04-22 13:23:10,2026-04-22 13:23:10,1599,666,4863.44,168557.47,0,138010.86,Received
PO004457,SUP00177,PART00478,PLT0012,2026-03-22 17:22:50,2026-04-12 17:22:50,2026-04-10 17:22:50,2991,1527,875.14,207843.3,0,51692.86,Received
PO004458,SUP00100,PART00440,PLT0004,2026-02-18 07:40:03,2026-04-04 07:40:03,2026-04-02 07:40:03,2054,2054,4255.31,378073.59,18,149774.37,Received
PO004459,SUP00025,PART00271,PLT0024,2026-05-28 20:14:47,2026-06-27 20:14:47,2026-06-24 20:14:47,3038,3038,2566.52,469779.9,7.5,109719.67,Received
PO004460,SUP00007,PART01299,PLT0004,2026-05-10 00:58:34,2026-05-24 00:58:34,2026-05-23 00:58:34,4532,4532,3690.24,537014.19,15,243879.22,Received
PO004461,SUP00163,PART00149,PLT0025,2026-04-29 17:44:59,2026-05-06 17:44:59,2026-05-04 17:44:59,3793,3793,3560.49,276604.65,7.5,245110.91,Received
PO004462,SUP00125,PART00235,PLT0029,2026-01-16 08:06:01,2026-03-02 08:06:01,2026-03-02 08:06:01,3166,3166,3403.07,352441.2,10,93198.7,Received
PO004463,SUP00117,PART00559,PLT0005,2026-04-17 13:39:27,2026-06-01 13:39:27,2026-05-30 13:39:27,4517,4517,1716.64,491183.4,12.5,78069.25,Received
PO004464,SUP00069,PART01181,PLT0024,2026-01-13 11:13:06,2026-01-27 11:13:06,2026-01-24 11:13:06,3034,3034,446.8,99255.02,0,9233.62,Received
PO004465,SUP00120,PART01643,PLT0011,2026-01-13 11:54:43,2026-03-14 11:54:43,2026-03-14 11:54:43,558,558,364.34,11119.56,7.5,1915.81,Received
PO004466,SUP00114,PART00030,PLT0001,2026-01-28 00:26:41,2026-02-11 00:26:41,2026-02-10 00:26:41,1183,1183,572.68,41082.48,10,7421.59,Received
PO004467,SUP00029,PART00592,PLT0004,2026-03-28 16:41:44,2026-05-27 16:41:44,2026-05-26 16:41:44,4585,4585,1866.25,496070.85,0,91897.19,Received
PO004468,SUP00197,PART00404,PLT0029,2026-02-02 00:46:29,2026-02-12 00:46:29,2026-02-25 00:46:29,3697,3697,3416.3,424112.44,0,79768.56,Received
PO004469,SUP00038,PART00504,PLT0002,2026-01-12 22:10:06,2026-03-13 22:10:06,2026-03-12 22:10:06,4938,4938,4186.21,1471691.51,15,411105.13,Received
PO004470,SUP00095,PART00565,PLT0003,2026-02-21 16:16:42,2026-03-14 16:16:42,2026-03-17 16:16:42,3587,3587,193.44,26027.26,5,3789.26,Received
PO004471,SUP00130,PART00770,PLT0021,2026-02-19 22:59:51,2026-04-20 22:59:51,2026-04-20 22:59:51,2354,1596,918.44,69414.91,18,39091.71,Received
PO004472,SUP00031,PART00129,PLT0013,2026-04-07 13:13:22,2026-06-06 13:13:22,2026-06-05 13:13:22,4475,4475,4329.66,1356003.5,7.5,350325.23,Received
PO004473,SUP00194,PART00728,PLT0017,2026-02-25 05:20:07,2026-03-18 05:20:07,2026-03-16 05:20:07,2066,2066,2947.3,335129.78,15,110559.08,Received
PO004474,SUP00141,PART00273,PLT0025,2026-04-09 16:50:53,2026-05-24 16:50:53,2026-06-01 16:50:53,1376,1376,3707.56,204185.51,15,95335.71,Received
PO004475,SUP00175,PART01138,PLT0018,2026-04-16 11:29:42,2026-04-30 11:29:42,2026-04-28 11:29:42,2834,2834,2878.27,307567.22,7.5,59307.02,Received
PO004476,SUP00033,PART00043,PLT0000,2026-01-22 21:31:26,2026-02-01 21:31:26,2026-01-29 21:31:26,1020,1020,3724.22,265069.93,15,44379.69,Received
PO004477,SUP00072,PART00658,PLT0025,2026-02-24 07:48:06,2026-04-25 07:48:06,2026-04-25 07:48:06,2887,2887,1932.45,319099.66,12.5,60058.06,Received
PO004478,SUP00052,PART00262,PLT0023,2026-03-25 17:08:53,2026-04-24 17:08:53,2026-04-23 17:08:53,1990,1990,674.79,91409.74,0,7369.38,Received
PO004479,SUP00182,PART01375,PLT0020,2026-01-25 19:49:38,2026-02-24 19:49:38,2026-02-22 19:49:38,1650,1650,44.33,5240.02,0,1316.26,Received
PO004480,SUP00144,PART00756,PLT0012,2026-05-15 14:30:53,2026-06-14 14:30:53,2026-06-11 14:30:53,1837,1837,3472.49,440329.51,0,61696.23,Received
PO004481,SUP00184,PART01087,PLT0023,2026-06-13 03:56:55,2026-06-27 03:56:55,2026-06-27 03:56:55,1057,1057,1699.73,46169.87,0,10667.69,Received
PO004482,SUP00149,PART00718,PLT0003,2026-04-06 06:02:59,2026-06-05 06:02:59,2026-06-04 06:02:59,3038,3038,4152.67,563616.02,7.5,220582.46,Received
PO004483,SUP00112,PART01294,PLT0005,2026-01-25 03:25:38,2026-02-24 03:25:38,2026-02-22 03:25:38,3562,3562,4297.79,592263.12,18,190319.32,Received
PO004484,SUP00032,PART01121,PLT0015,2026-01-14 13:50:06,2026-02-28 13:50:06,2026-02-28 13:50:06,1942,1942,4877.9,578278.89,5,96889.61,Received
PO004485,SUP00199,PART01426,PLT0021,2026-04-10 17:04:50,2026-04-24 17:04:50,2026-04-24 17:04:50,512,425,2584.68,48588.78,0,13183.2,Received
PO004486,SUP00017,PART00325,PLT0023,2026-06-26 10:26:53,2026-07-06 10:26:53,2026-07-03 10:26:53,2348,2348,3989.44,625023.92,0,107319.28,Received
PO004487,SUP00084,PART01571,PLT0004,2026-01-01 00:55:09,2026-01-08 00:55:09,2026-01-07 00:55:09,4550,4550,772.69,182860.56,15,47024.17,Received
PO004488,SUP00042,PART00313,PLT0021,2026-05-15 21:16:16,2026-05-25 21:16:16,2026-05-23 21:16:16,892,892,1345.69,52600.81,15,20229.31,Received
PO004489,SUP00196,PART00096,PLT0022,2026-04-25 13:14:22,2026-05-16 13:14:22,2026-05-14 13:14:22,345,345,193.55,2839.93,0,1019.05,Received
PO004490,SUP00173,PART01314,PLT0004,2026-05-23 07:10:48,2026-06-02 07:10:48,2026-05-30 07:10:48,4293,4293,4976.06,1531093.57,7.5,132036.04,Received
PO004491,SUP00123,PART00584,PLT0026,2026-04-22 01:03:03,2026-06-21 01:03:03,2026-06-21 01:03:03,736,736,2484.29,78423.96,18,17855.92,Received
PO004492,SUP00065,PART01974,PLT0000,2026-02-03 00:56:53,2026-03-20 00:56:53,2026-03-19 00:56:53,864,864,30.05,1131.76,0,408.57,Received
PO004493,SUP00167,PART01536,PLT0013,2026-02-18 12:15:34,2026-03-04 12:15:34,2026-03-02 12:15:34,1052,1052,4158.07,315028.21,0,60891.93,Received
PO004494,SUP00156,PART00182,PLT0013,2026-06-09 01:31:34,2026-06-19 01:31:34,2026-06-19 01:31:34,1682,1682,4127.43,164602.57,15,111217.29,Received
PO004495,SUP00019,PART00492,PLT0025,2026-05-01 09:58:03,2026-06-30 09:58:03,2026-06-27 09:58:03,693,693,4440.22,115263.06,7.5,46846.05,Received
PO004496,SUP00008,PART01952,PLT0008,2026-03-01 19:00:53,2026-03-08 19:00:53,2026-03-12 19:00:53,292,292,25.77,442.04,10,129.6,Received
PO004497,SUP00101,PART01563,PLT0028,2026-03-29 12:32:55,2026-05-28 12:32:55,2026-05-25 12:32:55,2433,2433,4946.43,882363.41,12.5,208529.92,Received
PO004498,SUP00195,PART01532,PLT0026,2026-06-03 16:22:11,2026-06-17 16:22:11,2026-06-17 16:22:11,4157,4157,2204.84,404039.19,5,150007.7,Received
PO004499,SUP00049,PART01813,PLT0011,2026-02-13 01:09:18,2026-02-20 01:09:18,2026-03-07 01:09:18,2034,2034,3605.24,233273.22,10,86906.86,Received
PO004500,SUP00192,PART00723,PLT0014,2026-04-09 04:29:05,2026-06-08 04:29:05,2026-06-15 04:29:05,506,506,4389.37,52197.09,10,11878.96,Received
PO004501,SUP00011,PART01472,PLT0012,2026-03-25 01:08:54,2026-04-04 01:08:54,2026-04-01 01:08:54,4765,4765,2927.87,577966.37,18,265736.57,Received
PO004502,SUP00015,PART01457,PLT0004,2026-03-24 19:48:28,2026-03-31 19:48:28,2026-03-31 19:48:28,3497,3497,4761.06,742321.57,10,297903.38,Received
PO004503,SUP00087,PART01505,PLT0006,2026-01-27 09:32:59,2026-03-13 09:32:59,2026-03-11 09:32:59,4116,4116,543.66,59159.79,7.5,13340.46,Received
PO004504,SUP00131,PART01377,PLT0008,2026-01-03 17:14:43,2026-01-24 17:14:43,2026-01-22 17:14:43,1651,1651,189.9,16059.74,18,5535.85,Received
PO004505,SUP00133,PART00651,PLT0018,2026-03-17 07:10:03,2026-05-01 07:10:03,2026-05-01 07:10:03,600,600,2629.35,96524.34,0,29225.43,Received
PO004506,SUP00157,PART00999,PLT0003,2026-03-17 05:46:35,2026-05-01 05:46:35,2026-05-01 05:46:35,4903,4903,1162.31,345462.48,0,69248.05,Received
PO004507,SUP00044,PART01159,PLT0003,2026-04-09 05:54:48,2026-06-08 05:54:48,2026-06-07 05:54:48,4629,4629,3560.5,434240.91,18,200549.56,Received
PO004508,SUP00173,PART01236,PLT0004,2026-01-19 16:54:08,2026-01-29 16:54:08,2026-01-29 16:54:08,847,847,4860.5,318256.25,15,66097.25,Received
PO004509,SUP00115,PART00935,PLT0013,2026-05-25 13:28:11,2026-06-08 13:28:11,2026-06-08 13:28:11,4309,4309,680.86,136047.86,10,47648.27,Received
PO004510,SUP00106,PART00258,PLT0013,2026-01-26 11:17:04,2026-02-05 11:17:04,2026-02-05 11:17:04,2784,2784,3930.09,559102.56,5,82288.18,Received
PO004511,SUP00028,PART00219,PLT0029,2026-06-04 13:36:33,2026-06-11 13:36:33,2026-06-18 13:36:33,3625,3625,2342.76,551740.03,15,163241.35,Received
PO004512,SUP00061,PART00411,PLT0002,2026-02-10 01:05:15,2026-02-20 01:05:15,2026-02-17 01:05:15,2422,2422,1554.3,101428.27,10,26593.85,Received
PO004513,SUP00168,PART01989,PLT0025,2026-05-25 10:30:34,2026-06-08 10:30:34,2026-06-05 10:30:34,1543,1543,1791.93,112472.12,5,53326.94,Received
PO004514,SUP00070,PART00866,PLT0021,2026-03-13 19:49:56,2026-04-27 19:49:56,2026-04-26 19:49:56,2675,2675,3858.76,749872.8,10,68681.3,Received
PO004515,SUP00060,PART00439,PLT0019,2026-01-22 07:17:37,2026-03-23 07:17:37,2026-03-20 07:17:37,833,833,2177.74,63691.48,5,20319.48,Received
PO004516,SUP00188,PART01095,PLT0002,2026-02-07 21:48:04,2026-04-08 21:48:04,2026-04-07 21:48:04,2784,2784,2133.93,190708.37,12.5,30807.1,Received
PO004517,SUP00165,PART00969,PLT0009,2026-04-26 02:26:29,2026-06-10 02:26:29,2026-06-07 02:26:29,2718,2718,4581.23,731458.95,7.5,142179.61,Received
PO004518,SUP00019,PART00645,PLT0009,2026-02-19 02:49:19,2026-04-20 02:49:19,2026-04-20 02:49:19,4271,4271,2246.83,684216.66,15,79313.3,Received
PO004519,SUP00138,PART01142,PLT0021,2026-02-04 08:22:58,2026-02-18 08:22:58,2026-02-17 08:22:58,2752,1872,696.34,146342.14,15,17615.71,Received
PO004520,SUP00166,PART00081,PLT0028,2026-06-01 06:22:12,2026-06-22 06:22:12,2026-06-21 06:22:12,583,583,2251.42,42632.34,12.5,13914.96,Received
PO004521,SUP00105,PART01117,PLT0022,2026-05-09 16:39:27,2026-05-30 16:39:27,2026-05-27 16:39:27,4659,3631,1142.77,176488.45,15,89648.53,Received
PO004522,SUP00003,PART00600,PLT0015,2026-06-21 18:28:05,2026-07-01 18:28:05,2026-06-30 18:28:05,2572,2572,321.36,33365.54,5,12082.43,Received
PO004523,SUP00055,PART01062,PLT0026,2026-05-16 03:59:45,2026-05-26 03:59:45,2026-06-08 03:59:45,2089,2089,289.13,42203.19,0,6860.75,Received
PO004524,SUP00061,PART01590,PLT0014,2026-06-10 14:08:36,2026-06-20 14:08:36,2026-06-30 14:08:36,3699,3699,1970.79,313078.63,12.5,120040.02,Received
PO004525,SUP00105,PART01944,PLT0022,2026-05-31 03:57:48,2026-06-21 03:57:48,2026-06-18 03:57:48,4136,4136,452.74,134860.92,5,15373.54,Received
PO004526,SUP00147,PART00769,PLT0014,2026-06-16 00:23:53,2026-06-23 00:23:53,2026-06-20 00:23:53,2146,2146,1859.13,102525.28,18,35025.13,Received
PO004527,SUP00024,PART01198,PLT0015,2026-01-24 16:34:41,2026-02-23 16:34:41,2026-02-23 16:34:41,4307,4307,3428.79,919691.96,0,122093.32,Received
PO004528,SUP00164,PART01878,PLT0029,2026-02-23 11:17:00,2026-03-02 11:17:00,2026-03-01 11:17:00,2797,2797,1437.41,203709.53,15,64488.15,Received
PO004529,SUP00019,PART00232,PLT0029,2026-04-05 07:11:33,2026-06-04 07:11:33,2026-06-03 07:11:33,484,484,2236.51,64795.31,12.5,11864.66,Received
PO004530,SUP00027,PART00576,PLT0028,2026-03-26 13:58:52,2026-04-02 13:58:52,2026-04-02 13:58:52,4158,2749,2971.65,833307.59,15,194512.25,Received
PO004531,SUP00007,PART01315,PLT0019,2026-04-01 16:23:29,2026-04-15 16:23:29,2026-04-13 16:23:29,2914,2168,905.95,167687.53,10,31622.88,Received
PO004532,SUP00153,PART01189,PLT0015,2026-01-17 13:32:13,2026-03-03 13:32:13,2026-03-03 13:32:13,3802,2778,2467.79,352994.68,0,138013.31,Received
PO004533,SUP00108,PART01253,PLT0001,2026-03-14 22:18:10,2026-05-13 22:18:10,2026-05-12 22:18:10,1895,1895,1633.95,168019.92,10,19960.55,Received
PO004534,SUP00197,PART01103,PLT0027,2026-05-07 01:56:16,2026-05-17 01:56:16,2026-05-29 01:56:16,1722,1410,2084.03,216171.01,12.5,39071.01,Received
PO004535,SUP00043,PART01754,PLT0013,2026-04-16 05:53:46,2026-06-15 05:53:46,2026-06-25 05:53:46,4730,4730,3039.3,413537.29,0,121255.58,Received
PO004536,SUP00157,PART01929,PLT0012,2026-03-06 06:22:51,2026-04-20 06:22:51,2026-04-19 06:22:51,457,413,393.65,6420.85,0,1635.04,Received
PO004537,SUP00001,PART00344,PLT0001,2026-05-23 14:14:34,2026-07-07 14:14:34,2026-07-04 14:14:34,3113,3113,2250.63,559846.73,5,57731.35,Received
PO004538,SUP00115,PART00364,PLT0026,2026-04-20 07:04:46,2026-05-04 07:04:46,2026-05-02 07:04:46,3952,3952,1492.06,205924.74,12.5,105804.4,Received
PO004539,SUP00067,PART00144,PLT0000,2026-04-15 20:18:48,2026-05-30 20:18:48,2026-05-29 20:18:48,4888,4888,1938.0,360553.59,10,76637.24,Received
PO004540,SUP00066,PART01959,PLT0013,2026-04-16 09:22:44,2026-05-31 09:22:44,2026-05-31 09:22:44,1225,1225,4215.94,279235.13,12.5,63852.7,Received
PO004541,SUP00062,PART00311,PLT0003,2026-05-04 15:08:12,2026-05-18 15:08:12,2026-05-22 15:08:12,2796,2796,3625.6,397904.02,0,201679.86,Received
PO004542,SUP00087,PART01477,PLT0007,2026-01-24 09:32:13,2026-03-10 09:32:13,2026-03-09 09:32:13,4245,4245,1233.41,319580.79,7.5,70040.08,Received
PO004543,SUP00135,PART01709,PLT0020,2026-04-22 22:07:56,2026-06-06 22:07:56,2026-06-18 22:07:56,3021,3021,3789.78,867663.37,0,206677.67,Received
PO004544,SUP00015,PART01868,PLT0001,2026-01-07 04:35:58,2026-01-14 04:35:58,2026-01-12 04:35:58,4776,2729,4788.29,1791608.11,0,411977.0,Received
PO004545,SUP00103,PART00572,PLT0003,2026-05-12 12:56:32,2026-05-26 12:56:32,2026-05-25 12:56:32,3363,3363,4740.68,494221.45,5,270603.6,Received
PO004546,SUP00180,PART01480,PLT0007,2026-02-12 06:41:29,2026-02-26 06:41:29,2026-02-24 06:41:29,1271,1271,2068.75,98710.43,15,18034.25,Received
PO004547,SUP00088,PART01049,PLT0018,2026-04-04 15:54:04,2026-05-04 15:54:04,2026-05-11 15:54:04,1380,1380,1058.23,95768.21,15,20566.42,Received
PO004548,SUP00186,PART01898,PLT0021,2026-05-23 11:15:48,2026-07-07 11:15:48,2026-07-05 11:15:48,1205,907,4967.12,183507.68,0,103156.26,Received
PO004549,SUP00193,PART01013,PLT0004,2026-04-07 06:16:02,2026-04-17 06:16:02,2026-04-26 06:16:02,1142,1142,4086.08,188701.37,0,86530.91,Received
PO004550,SUP00145,PART01570,PLT0010,2026-01-04 20:12:29,2026-03-05 20:12:29,2026-03-02 20:12:29,4698,4698,1501.69,175037.62,0,64255.6,Received
PO004551,SUP00086,PART00123,PLT0021,2026-06-18 05:29:08,2026-07-09 05:29:08,2026-07-07 05:29:08,4856,4856,671.38,80911.16,12.5,50489.21,Received
PO004552,SUP00174,PART01994,PLT0020,2026-03-03 22:35:05,2026-04-17 22:35:05,2026-04-14 22:35:05,3262,3262,2871.87,239019.53,10,114885.3,Received
PO004553,SUP00067,PART00868,PLT0010,2026-05-15 00:11:12,2026-06-29 00:11:12,2026-06-26 00:11:12,4206,4206,2304.55,679993.89,5,112685.29,Received
PO004554,SUP00063,PART00761,PLT0022,2026-05-26 18:51:49,2026-06-25 18:51:49,2026-06-25 18:51:49,3843,3843,53.57,4930.59,5,3667.37,Received
PO004555,SUP00145,PART01342,PLT0027,2026-04-28 11:44:30,2026-06-27 11:44:30,2026-06-24 11:44:30,3160,3160,4737.35,728988.31,15,217873.83,Received
PO004556,SUP00165,PART00002,PLT0004,2026-02-03 06:08:33,2026-03-20 06:08:33,2026-03-17 06:08:33,1367,1367,3143.1,164839.94,0,49998.97,Received
PO004557,SUP00075,PART01736,PLT0009,2026-02-08 01:12:41,2026-04-09 01:12:41,2026-04-09 01:12:41,1847,1847,235.6,21678.78,0,4917.52,Received
PO004558,SUP00136,PART01603,PLT0009,2026-03-24 06:16:34,2026-04-07 06:16:34,2026-04-13 06:16:34,4670,4670,3573.49,931337.54,18,187227.75,Received
PO004559,SUP00143,PART01322,PLT0023,2026-03-01 00:52:22,2026-04-15 00:52:22,2026-04-12 00:52:22,2276,2276,3357.95,241544.48,0,39097.22,Received
PO004560,SUP00177,PART01478,PLT0018,2026-01-28 10:07:56,2026-02-18 10:07:56,2026-02-15 10:07:56,4155,4155,4795.17,1173327.1,5,240214.13,Received
PO004561,SUP00087,PART00762,PLT0023,2026-04-06 08:46:50,2026-05-21 08:46:50,2026-05-19 08:46:50,2734,2734,1997.66,336538.96,12.5,99960.28,Received
PO004562,SUP00060,PART00439,PLT0000,2026-04-23 14:56:45,2026-06-22 14:56:45,2026-06-19 14:56:45,2408,2408,2177.74,391522.45,0,43721.81,Received
PO004563,SUP00022,PART00307,PLT0005,2026-03-09 04:31:52,2026-04-23 04:31:52,2026-04-29 04:31:52,206,206,3807.93,22189.6,12.5,8549.17,Received
PO004564,SUP00011,PART01541,PLT0007,2026-05-15 09:57:10,2026-05-25 09:57:10,2026-05-25 09:57:10,4735,4735,4885.02,1719940.02,10,451404.52,Received
PO004565,SUP00110,PART01324,PLT0020,2026-03-28 02:59:29,2026-04-11 02:59:29,2026-04-09 02:59:29,4720,4720,452.79,165487.37,12.5,16370.14,Received
PO004566,SUP00164,PART01654,PLT0021,2026-02-19 04:10:07,2026-02-26 04:10:07,2026-02-23 04:10:07,69,69,66.63,245.17,18,27.08,Received
PO004567,SUP00053,PART01969,PLT0002,2026-01-12 19:38:13,2026-02-26 19:38:13,2026-02-24 19:38:13,2639,2639,4223.89,788387.39,18,168926.47,Received
PO004568,SUP00172,PART00877,PLT0008,2026-01-22 23:34:36,2026-02-01 23:34:36,2026-01-31 23:34:36,4947,4947,3490.35,748487.78,15,242523.43,Received
PO004569,SUP00039,PART01347,PLT0027,2026-05-27 23:05:57,2026-06-10 23:05:57,2026-06-09 23:05:57,1713,1713,3237.6,176038.62,5,71569.77,Received
PO004570,SUP00071,PART01677,PLT0013,2026-04-18 13:26:02,2026-06-17 13:26:02,2026-06-14 13:26:02,4326,4326,3011.54,674315.45,10,165335.85,Received
PO004571,SUP00096,PART01965,PLT0014,2026-02-10 20:30:18,2026-02-20 20:30:18,2026-02-17 20:30:18,4461,4461,4203.08,1497593.99,10,144525.77,Received
PO004572,SUP00141,PART00290,PLT0007,2026-03-06 14:07:36,2026-04-20 14:07:36,2026-04-19 14:07:36,3981,3981,472.04,92887.11,10,13146.9,Received
PO004573,SUP00106,PART01187,PLT0019,2026-04-12 12:16:56,2026-04-22 12:16:56,2026-04-20 12:16:56,4939,4939,3270.8,969489.32,5,305925.01,Received
PO004574,SUP00198,PART00361,PLT0019,2026-06-01 10:59:54,2026-07-01 10:59:54,2026-06-29 10:59:54,521,521,570.49,14213.88,0,3306.6,Received
PO004575,SUP00100,PART01292,PLT0013,2026-02-05 22:37:40,2026-03-22 22:37:40,2026-03-22 22:37:40,3732,3732,1945.41,344241.89,15,124136.56,Received
PO004576,SUP00180,PART01102,PLT0027,2026-03-22 06:10:02,2026-04-05 06:10:02,2026-04-16 06:10:02,1925,1925,41.08,3869.26,18,1576.68,Received
PO004577,SUP00096,PART01246,PLT0001,2026-03-11 16:30:54,2026-03-21 16:30:54,2026-03-18 16:30:54,2218,1498,1959.97,292303.91,5,35899.82,Received
PO004578,SUP00001,PART00740,PLT0006,2026-05-15 09:39:20,2026-06-29 09:39:20,2026-06-29 09:39:20,3527,3527,807.89,100805.02,12.5,19262.79,Received
PO004579,SUP00082,PART01452,PLT0007,2026-02-16 21:59:45,2026-02-26 21:59:45,2026-02-23 21:59:45,4130,4130,427.82,72462.27,18,23054.8,Received
PO004580,SUP00034,PART01597,PLT0019,2026-01-22 13:26:23,2026-02-21 13:26:23,2026-02-18 13:26:23,3273,3273,58.63,5464.02,7.5,1021.19,Received
PO004581,SUP00042,PART00487,PLT0011,2026-04-02 18:15:25,2026-04-12 18:15:25,2026-04-09 18:15:25,3351,3351,1932.76,362467.97,10,78607.41,Received
PO004582,SUP00162,PART00301,PLT0025,2026-03-19 00:56:15,2026-03-26 00:56:15,2026-03-24 00:56:15,332,332,4844.76,45667.85,7.5,28393.12,Received
PO004583,SUP00043,PART01040,PLT0020,2026-03-10 21:59:46,2026-05-09 21:59:46,2026-05-09 21:59:46,271,271,311.78,5805.28,18,965.83,Received
PO004584,SUP00186,PART01841,PLT0021,2026-05-16 22:16:00,2026-06-30 22:16:00,2026-06-28 22:16:00,2614,2614,505.67,100176.33,0,23883.33,Received
PO004585,SUP00145,PART01262,PLT0000,2026-03-02 06:50:44,2026-05-01 06:50:44,2026-04-28 06:50:44,1880,1880,2961.36,314230.45,10,50653.24,Received
PO004586,SUP00035,PART01712,PLT0009,2026-03-04 10:44:00,2026-04-18 10:44:00,2026-04-15 10:44:00,2455,2455,2290.37,244622.9,0,69216.43,Received
PO004587,SUP00087,PART01477,PLT0029,2026-04-22 10:26:16,2026-06-06 10:26:16,2026-06-03 10:26:16,3789,3789,1233.41,138529.49,12.5,44921.25,Received
PO004588,SUP00199,PART01858,PLT0012,2026-05-22 20:11:54,2026-06-05 20:11:54,2026-06-03 20:11:54,2032,2032,4309.26,193065.5,0,109032.02,Received
PO004589,SUP00138,PART00278,PLT0014,2026-05-31 12:31:58,2026-06-14 12:31:58,2026-06-14 12:31:58,3951,3951,3602.97,972215.76,15,234310.3,Received
PO004590,SUP00198,PART01419,PLT0013,2026-05-15 17:18:45,2026-06-14 17:18:45,2026-06-14 17:18:45,2664,2664,2964.56,327755.47,18,84188.99,Received
PO004591,SUP00054,PART01217,PLT0021,2026-01-02 21:31:46,2026-02-16 21:31:46,2026-02-13 21:31:46,4274,1875,26.62,7474.99,0,1418.69,Received
PO004592,SUP00050,PART01786,PLT0000,2026-01-11 14:45:01,2026-02-10 14:45:01,2026-02-10 14:45:01,2900,2900,4505.48,954819.48,10,247195.3,Received
PO004593,SUP00007,PART00448,PLT0027,2026-04-24 16:15:46,2026-05-08 16:15:46,2026-05-11 16:15:46,1226,663,1304.53,66141.78,12.5,16122.73,Received
PO004594,SUP00107,PART00434,PLT0005,2026-01-25 16:39:03,2026-02-15 16:39:03,2026-02-13 16:39:03,2340,2340,1029.95,75609.47,10,35763.97,Received
PO004595,SUP00062,PART01863,PLT0014,2026-03-20 01:34:43,2026-04-03 01:34:43,2026-04-02 01:34:43,1758,933,695.42,30255.85,12.5,16818.58,Received
PO004596,SUP00179,PART01202,PLT0029,2026-01-09 01:50:01,2026-02-08 01:50:01,2026-02-06 01:50:01,3616,3616,4231.12,956275.01,0,269155.66,Received
PO004597,SUP00049,PART01683,PLT0026,2026-02-10 12:27:51,2026-02-17 12:27:51,2026-02-17 12:27:51,571,571,3672.72,107233.76,15,19648.03,Received
PO004598,SUP00117,PART01443,PLT0025,2026-04-08 13:46:28,2026-05-23 13:46:28,2026-05-23 13:46:28,3764,3764,3810.95,1131632.79,12.5,196068.06,Received
PO004599,SUP00151,PART01231,PLT0007,2026-06-11 17:13:19,2026-07-02 17:13:19,2026-07-02 17:13:19,2306,2306,3825.26,464988.59,18,121246.13,Received
PO004600,SUP00140,PART01551,PLT0018,2026-04-20 17:32:45,2026-06-04 17:32:45,2026-06-03 17:32:45,110,110,4677.82,16067.46,7.5,3008.18,Received
PO004601,SUP00080,PART00295,PLT0002,2026-04-08 13:37:33,2026-04-22 13:37:33,2026-04-20 13:37:33,3190,2257,2819.73,282323.99,0,122010.43,Received
PO004602,SUP00078,PART00306,PLT0020,2026-03-21 07:15:14,2026-05-20 07:15:14,2026-05-18 07:15:14,4377,4377,1806.7,312813.32,18,47601.2,Received
PO004603,SUP00183,PART01993,PLT0008,2026-02-22 21:11:48,2026-03-24 21:11:48,2026-04-03 21:11:48,2030,2030,1091.23,169299.58,12.5,22812.39,Received
PO004604,SUP00074,PART00630,PLT0014,2026-01-14 11:21:08,2026-01-24 11:21:08,2026-01-23 11:21:08,4142,4142,1008.44,319648.45,10,36766.91,Received
PO004605,SUP00051,PART00936,PLT0009,2026-04-13 19:35:46,2026-04-20 19:35:46,2026-04-18 19:35:46,3319,3319,2271.14,252537.61,0,131953.13,Received
PO004606,SUP00034,PART00803,PLT0000,2026-04-24 11:33:32,2026-05-24 11:33:32,2026-05-22 11:33:32,2279,2279,4674.61,770204.15,10,54947.21,Received
PO004607,SUP00184,PART00199,PLT0004,2026-06-13 02:55:58,2026-06-27 02:55:58,2026-07-10 02:55:58,1861,798,2733.63,222232.73,10,91043.71,Received
PO004608,SUP00006,PART00886,PLT0026,2026-01-11 17:41:31,2026-01-18 17:41:31,2026-02-01 17:41:31,2999,2999,1607.09,197290.15,0,84423.16,Received
PO004609,SUP00039,PART01746,PLT0011,2026-05-06 00:53:02,2026-05-20 00:53:02,2026-05-17 00:53:02,3557,3557,3026.7,562733.01,5,187233.17,Received
PO004610,SUP00146,PART00975,PLT0018,2026-05-16 20:07:00,2026-06-06 20:07:00,2026-06-16 20:07:00,838,477,3134.42,94541.18,15,19120.58,Received
PO004611,SUP00052,PART01161,PLT0026,2026-04-26 06:15:35,2026-05-26 06:15:35,2026-05-25 06:15:35,2717,1210,2207.24,404469.16,12.5,102672.31,Received
PO004612,SUP00116,PART00037,PLT0018,2026-01-25 05:22:28,2026-02-15 05:22:28,2026-02-12 05:22:28,3511,1929,4973.17,423857.04,7.5,136357.99,Received
PO004613,SUP00183,PART01383,PLT0020,2026-02-14 05:59:17,2026-03-16 05:59:17,2026-03-16 05:59:17,658,658,4609.07,166357.13,0,35037.04,Received
PO004614,SUP00157,PART00853,PLT0024,2026-05-11 19:51:18,2026-06-25 19:51:18,2026-06-22 19:51:18,3736,3736,3972.28,859916.21,18,98481.22,Received
PO004615,SUP00007,PART00448,PLT0027,2026-06-03 04:23:34,2026-06-17 04:23:34,2026-06-16 04:23:34,850,512,1304.53,32987.01,15,14426.33,Received
PO004616,SUP00084,PART01573,PLT0025,2026-01-03 12:52:37,2026-01-10 12:52:37,2026-01-07 12:52:37,1826,1826,1935.24,227108.32,0,44965.54,Received
PO004617,SUP00133,PART00541,PLT0020,2026-01-30 18:56:29,2026-03-16 18:56:29,2026-03-23 18:56:29,2670,2670,1094.95,216143.98,18,31837.94,Received
PO004618,SUP00070,PART01557,PLT0017,2026-01-07 14:47:20,2026-02-21 14:47:20,2026-02-19 14:47:20,4586,4586,2566.39,270429.79,10,219044.9,Received
PO004619,SUP00036,PART01179,PLT0021,2026-03-09 21:35:49,2026-05-08 21:35:49,2026-05-20 21:35:49,1813,1813,4178.38,300422.13,10,136185.87,Received
PO004620,SUP00095,PART00108,PLT0029,2026-01-18 23:13:10,2026-02-08 23:13:10,2026-02-13 23:13:10,1859,1859,1182.71,174240.52,10,25968.02,Received
PO004621,SUP00126,PART00218,PLT0017,2026-05-04 10:36:08,2026-05-25 10:36:08,2026-05-22 10:36:08,3769,3769,4945.55,1391450.49,7.5,266331.62,Received
PO004622,SUP00171,PART01482,PLT0029,2026-01-21 16:55:03,2026-03-22 16:55:03,2026-03-22 16:55:03,2897,2897,2695.55,551120.46,0,150928.83,Received
PO004623,SUP00118,PART00555,PLT0013,2026-03-20 21:41:42,2026-03-30 21:41:42,2026-03-28 21:41:42,2118,2118,1861.55,100903.95,0,71029.5,Received
PO004624,SUP00010,PART00832,PLT0029,2026-03-12 13:45:41,2026-05-11 13:45:41,2026-05-10 13:45:41,3290,3290,1982.06,340262.93,10,61019.51,Received
PO004625,SUP00013,PART01605,PLT0010,2026-05-10 12:39:50,2026-05-31 12:39:50,2026-05-28 12:39:50,1850,1850,1956.14,246662.7,12.5,41629.16,Received
PO004626,SUP00194,PART01237,PLT0019,2026-03-10 09:20:56,2026-03-31 09:20:56,2026-03-31 09:20:56,1431,1431,1517.25,79317.55,0,18443.95,Received
PO004627,SUP00143,PART01642,PLT0017,2026-01-20 20:40:12,2026-03-06 20:40:12,2026-03-09 20:40:12,1561,1561,1532.71,187455.58,18,42334.07,Received
PO004628,SUP00170,PART01257,PLT0020,2026-01-21 21:59:57,2026-02-04 21:59:57,2026-02-01 21:59:57,842,842,2486.17,153212.12,18,26692.14,Received
PO004629,SUP00099,PART00827,PLT0006,2026-03-07 01:55:11,2026-05-06 01:55:11,2026-05-06 01:55:11,3114,3114,3331.71,332473.78,10,64645.97,Received
PO004630,SUP00021,PART00408,PLT0002,2026-05-12 13:38:30,2026-06-11 13:38:30,2026-06-17 13:38:30,3580,3580,2690.59,255800.57,15,177720.38,Received
PO004631,SUP00123,PART00335,PLT0015,2026-04-09 09:39:09,2026-06-08 09:39:09,2026-06-07 09:39:09,2483,2483,757.97,148082.27,5,21990.16,Received
PO004632,SUP00195,PART01532,PLT0005,2026-02-14 00:19:26,2026-02-28 00:19:26,2026-02-28 00:19:26,4003,4003,2204.84,216841.67,12.5,117945.71,Received
PO004633,SUP00155,PART01804,PLT0005,2026-03-09 05:36:54,2026-03-30 05:36:54,2026-03-28 05:36:54,4331,3954,1430.16,225473.77,5,42130.52,Received
PO004634,SUP00007,PART01299,PLT0022,2026-05-26 21:11:57,2026-06-09 21:11:57,2026-06-06 21:11:57,2543,2543,3690.24,439612.78,15,85472.4,Received
PO004635,SUP00173,PART01772,PLT0014,2026-02-07 22:11:31,2026-02-17 22:11:31,2026-02-16 22:11:31,4757,4757,4848.79,605733.76,15,235459.07,Received
PO004636,SUP00091,PART00699,PLT0014,2026-04-05 04:45:09,2026-04-19 04:45:09,2026-04-19 04:45:09,3202,3202,3680.92,870921.38,7.5,105347.57,Received
PO004637,SUP00034,PART00673,PLT0003,2026-01-17 18:19:34,2026-02-16 18:19:34,2026-02-14 18:19:34,2185,2185,2372.57,127920.34,0,48423.8,Received
PO004638,SUP00065,PART00755,PLT0029,2026-01-26 02:52:45,2026-03-12 02:52:45,2026-03-09 02:52:45,1990,1990,4735.34,330439.49,0,183208.41,Received
PO004639,SUP00168,PART01730,PLT0024,2026-01-17 22:02:45,2026-01-31 22:02:45,2026-01-31 22:02:45,3168,3168,3768.77,890771.58,7.5,114488.23,Received
PO004640,SUP00107,PART00434,PLT0007,2026-04-06 14:04:15,2026-04-27 14:04:15,2026-04-25 14:04:15,1518,1518,1029.95,108097.75,12.5,22193.9,Received
PO004641,SUP00095,PART00565,PLT0013,2026-05-11 17:16:03,2026-06-01 17:16:03,2026-05-30 17:16:03,677,677,193.44,6343.92,5,1588.21,Received
PO004642,SUP00068,PART01834,PLT0016,2026-02-22 10:53:29,2026-03-24 10:53:29,2026-03-24 10:53:29,1701,1701,4085.15,401346.98,18,41915.29,Received
PO004643,SUP00004,PART01266,PLT0000,2026-04-05 13:24:46,2026-05-05 13:24:46,2026-05-03 13:24:46,3997,3997,3359.44,797862.57,7.5,249140.16,Received
PO004644,SUP00057,PART00208,PLT0009,2026-04-24 04:23:35,2026-05-24 04:23:35,2026-05-22 04:23:35,4821,3655,258.57,49380.85,5,16379.28,Received
PO004645,SUP00002,PART01756,PLT0006,2026-03-16 11:59:12,2026-03-23 11:59:12,2026-03-20 11:59:12,1482,1482,2386.93,161237.42,0,62518.98,Received
PO004646,SUP00017,PART01059,PLT0001,2026-04-14 21:44:19,2026-04-24 21:44:19,2026-04-24 21:44:19,3184,3184,57.84,7118.99,0,3289.87,Received
PO004647,SUP00126,PART01461,PLT0005,2026-02-07 22:31:22,2026-02-28 22:31:22,2026-02-28 22:31:22,4920,4920,3761.91,876206.06,0,311215.34,Received
PO004648,SUP00166,PART01481,PLT0029,2026-03-16 19:00:43,2026-04-06 19:00:43,2026-04-04 19:00:43,76,76,2692.97,12234.88,12.5,3085.03,Received
PO004649,SUP00041,PART00535,PLT0011,2026-05-19 11:47:05,2026-05-29 11:47:05,2026-05-29 11:47:05,4241,4241,1428.92,307818.45,5,49480.58,Received
PO004650,SUP00055,PART00058,PLT0005,2026-04-06 17:27:22,2026-04-16 17:27:22,2026-04-13 17:27:22,2009,2009,3037.34,172824.75,15,47291.58,Received
PO004651,SUP00189,PART00423,PLT0025,2026-04-07 08:40:22,2026-05-22 08:40:22,2026-05-19 08:40:22,2704,2704,2766.56,522673.86,0,140279.53,Received
PO004652,SUP00161,PART00790,PLT0028,2026-01-09 16:59:28,2026-02-08 16:59:28,2026-02-08 16:59:28,2182,2182,1908.45,172392.32,10,73500.02,Received
PO004653,SUP00029,PART00336,PLT0013,2026-05-08 13:22:54,2026-07-07 13:22:54,2026-07-12 13:22:54,4880,4880,2082.8,791983.18,10,182121.97,Received
PO004654,SUP00023,PART01968,PLT0018,2026-04-01 22:08:49,2026-04-15 22:08:49,2026-04-28 22:08:49,2550,2550,1415.9,93126.74,10,61885.81,Received
PO004655,SUP00033,PART01203,PLT0013,2026-02-27 11:21:30,2026-03-09 11:21:30,2026-03-09 11:21:30,3161,3161,2305.15,458332.24,18,104433.37,Received
PO004656,SUP00162,PART00938,PLT0005,2026-04-01 16:37:14,2026-04-08 16:37:14,2026-04-08 16:37:14,2624,2624,460.5,71635.35,5,8116.27,Received
PO004657,SUP00049,PART01745,PLT0012,2026-02-26 11:58:24,2026-03-05 11:58:24,2026-03-05 11:58:24,779,779,4976.82,178543.19,12.5,37439.87,Received
PO004658,SUP00112,PART00101,PLT0020,2026-05-28 19:27:41,2026-06-27 19:27:41,2026-06-25 19:27:41,2413,1195,3393.14,183758.12,12.5,56556.07,Received
PO004659,SUP00011,PART01541,PLT0020,2026-04-22 16:30:38,2026-05-02 16:30:38,2026-05-01 16:30:38,1601,1601,4885.02,251980.08,15,110574.08,Received
PO004660,SUP00183,PART01261,PLT0006,2026-04-15 10:12:13,2026-05-15 10:12:13,2026-05-13 10:12:13,4745,4745,3124.74,1075845.83,18,199844.02,Received
PO004661,SUP00166,PART00318,PLT0010,2026-01-13 09:18:47,2026-02-03 09:18:47,2026-02-01 09:18:47,4032,4032,2155.93,484959.44,15,103237.27,Received
PO004662,SUP00068,PART00815,PLT0011,2026-03-03 02:32:11,2026-04-02 02:32:11,2026-03-31 02:32:11,3618,3618,1426.96,161533.09,15,57397.38,Received
PO004663,SUP00030,PART00710,PLT0024,2026-03-30 04:05:32,2026-04-29 04:05:32,2026-04-29 04:05:32,76,76,1814.3,3813.56,0,1196.97,Received
PO004664,SUP00181,PART01318,PLT0024,2026-05-16 21:26:15,2026-05-30 21:26:15,2026-06-07 21:26:15,2969,2969,3435.83,596352.63,7.5,78326.34,Received
PO004665,SUP00011,PART00617,PLT0009,2026-05-24 03:06:14,2026-06-03 03:06:14,2026-06-01 03:06:14,2413,2413,2612.32,412695.77,15,58799.8,Received
PO004666,SUP00131,PART01037,PLT0016,2026-05-19 06:56:02,2026-06-09 06:56:02,2026-06-06 06:56:02,4312,3057,3893.74,463930.5,0,177547.56,Received
PO004667,SUP00130,PART00586,PLT0006,2026-01-07 23:23:21,2026-03-08 23:23:21,2026-03-07 23:23:21,2848,2848,749.98,162156.71,10,16218.62,Received
PO004668,SUP00132,PART00131,PLT0011,2026-01-13 06:23:59,2026-01-27 06:23:59,2026-01-25 06:23:59,3161,3161,2483.54,557306.63,12.5,151457.7,Received
PO004669,SUP00171,PART01482,PLT0018,2026-05-05 08:06:33,2026-07-04 08:06:33,2026-07-03 08:06:33,2145,2145,2695.55,449542.07,15,96516.77,Received
PO004670,SUP00183,PART00850,PLT0028,2026-01-21 11:11:37,2026-02-20 11:11:37,2026-02-20 11:11:37,679,679,250.18,5571.86,0,1263.0,Received
PO004671,SUP00077,PART01823,PLT0003,2026-05-19 23:35:47,2026-07-03 23:35:47,2026-07-01 23:35:47,3026,3026,3540.23,276303.77,12.5,149385.65,Received
PO004672,SUP00107,PART00459,PLT0004,2026-02-07 02:15:48,2026-02-28 02:15:48,2026-02-26 02:15:48,2174,2174,443.17,75699.16,0,10732.14,Received
PO004673,SUP00084,PART00472,PLT0020,2026-01-26 20:05:59,2026-02-02 20:05:59,2026-02-01 20:05:59,982,982,104.54,4020.68,15,677.14,Received
PO004674,SUP00086,PART01323,PLT0001,2026-02-21 18:46:53,2026-03-14 18:46:53,2026-03-11 18:46:53,4051,4051,1305.16,245513.61,18,66093.32,Received
PO004675,SUP00106,PART00066,PLT0024,2026-06-11 02:14:53,2026-06-21 02:14:53,2026-07-02 02:14:53,1071,1071,2869.13,201865.02,0,24953.94,Received
PO004676,SUP00054,PART00865,PLT0017,2026-02-27 23:10:20,2026-04-13 23:10:20,2026-04-12 23:10:20,3271,3271,37.81,5110.3,7.5,1387.38,Received
PO004677,SUP00142,PART01393,PLT0001,2026-02-10 07:35:40,2026-02-24 07:35:40,2026-02-21 07:35:40,4659,4659,3848.02,451662.86,10,209155.69,Received
PO004678,SUP00037,PART01162,PLT0014,2026-02-18 00:41:44,2026-02-28 00:41:44,2026-02-28 00:41:44,2950,2950,3329.44,395946.05,15,191578.36,Received
PO004679,SUP00182,PART01923,PLT0017,2026-05-22 16:05:21,2026-06-21 16:05:21,2026-06-20 16:05:21,3170,3170,1373.16,134631.68,5,43294.04,Received
PO004680,SUP00067,PART00582,PLT0000,2026-05-12 05:57:01,2026-06-26 05:57:01,2026-06-26 05:57:01,4425,4425,997.24,248978.45,0,61759.64,Received
PO004681,SUP00048,PART00764,PLT0000,2026-04-04 12:53:52,2026-04-18 12:53:52,2026-04-15 12:53:52,4108,3882,4735.85,1053874.31,5,292177.67,Received
PO004682,SUP00141,PART01947,PLT0003,2026-04-21 14:00:41,2026-06-05 14:00:41,2026-06-07 14:00:41,4704,4704,1063.3,391147.61,15,45481.48,Received
PO004683,SUP00196,PART00241,PLT0005,2026-02-15 12:46:05,2026-03-08 12:46:05,2026-03-10 12:46:05,4953,4953,2047.29,208146.04,0,94670.09,Received
PO004684,SUP00022,PART00741,PLT0010,2026-01-22 22:59:03,2026-03-08 22:59:03,2026-03-06 22:59:03,4307,4307,2360.98,756167.12,15,82988.48,Received
PO004685,SUP00019,PART00418,PLT0006,2026-02-02 04:46:43,2026-04-03 04:46:43,2026-04-04 04:46:43,1119,1119,3563.05,274693.31,12.5,44360.0,Received
PO004686,SUP00021,PART00889,PLT0016,2026-03-26 00:48:07,2026-04-25 00:48:07,2026-05-10 00:48:07,4416,4416,784.18,181320.32,7.5,28354.39,Received
PO004687,SUP00156,PART00182,PLT0012,2026-02-01 08:57:07,2026-02-11 08:57:07,2026-02-12 08:57:07,3368,3368,4127.43,985572.98,0,133040.58,Received
PO004688,SUP00183,PART01261,PLT0008,2026-03-31 15:28:51,2026-04-30 15:28:51,2026-04-27 15:28:51,3029,3029,3124.74,354087.12,5,58422.44,Received
PO004689,SUP00023,PART00696,PLT0011,2026-03-27 05:38:35,2026-04-10 05:38:35,2026-04-10 05:38:35,1728,1728,673.74,93018.19,0,13870.82,Received
PO004690,SUP00092,PART01174,PLT0013,2026-01-09 01:21:51,2026-02-23 01:21:51,2026-02-21 01:21:51,4539,4539,4717.29,1008107.46,5,424592.58,Received
PO004691,SUP00124,PART01776,PLT0016,2026-02-28 03:16:21,2026-03-30 03:16:21,2026-03-29 03:16:21,1592,1592,4677.39,402420.95,10,55892.88,Received
PO004692,SUP00150,PART00207,PLT0005,2026-03-09 02:41:23,2026-03-16 02:41:23,2026-03-13 02:41:23,421,421,690.68,17028.38,0,4753.88,Received
PO004693,SUP00167,PART01833,PLT0016,2026-01-21 20:55:21,2026-02-04 20:55:21,2026-02-02 20:55:21,441,441,3614.4,115351.14,0,15548.17,Received
PO004694,SUP00079,PART01634,PLT0009,2026-05-25 16:40:30,2026-06-01 16:40:30,2026-06-01 16:40:30,2984,2984,395.43,63129.62,0,17674.08,Received
PO004695,SUP00123,PART01441,PLT0007,2026-02-21 16:45:55,2026-04-22 16:45:55,2026-04-20 16:45:55,1373,1068,342.48,35047.02,12.5,4147.32,Received
PO004696,SUP00143,PART01820,PLT0005,2026-02-03 08:27:23,2026-03-20 08:27:23,2026-03-25 08:27:23,3754,3754,2191.54,506171.82,5,127440.31,Received
PO004697,SUP00026,PART01515,PLT0027,2026-02-04 14:57:52,2026-04-05 14:57:52,2026-04-04 14:57:52,4962,3070,1644.33,577954.51,0,71821.65,Received
PO004698,SUP00112,PART01099,PLT0002,2026-03-30 01:41:41,2026-04-29 01:41:41,2026-04-27 01:41:41,1182,1182,3483.0,140952.23,12.5,53185.64,Received
PO004699,SUP00160,PART00691,PLT0024,2026-05-02 12:10:13,2026-05-09 12:10:13,2026-05-06 12:10:13,4171,1712,986.18,106428.27,18,26866.78,Received
PO004700,SUP00035,PART00312,PLT0009,2026-03-16 14:22:34,2026-04-30 14:22:34,2026-04-28 14:22:34,1357,1357,852.07,60372.69,15,5809.06,Received
PO004701,SUP00190,PART00016,PLT0019,2026-04-01 21:15:22,2026-05-31 21:15:22,2026-05-31 21:15:22,3616,3616,1946.29,291905.48,0,122916.82,Received
PO004702,SUP00132,PART01405,PLT0010,2026-05-01 22:13:04,2026-05-15 22:13:04,2026-05-12 22:13:04,2848,2848,4490.84,436699.28,15,74477.38,Received
PO004703,SUP00115,PART01373,PLT0027,2026-03-10 00:27:06,2026-03-24 00:27:06,2026-03-28 00:27:06,4136,4136,4819.52,400708.94,12.5,115045.91,Received
PO004704,SUP00100,PART01839,PLT0020,2026-02-15 18:17:59,2026-04-01 18:17:59,2026-03-29 18:17:59,2881,2881,818.78,72664.33,10,18811.53,Received
PO004705,SUP00149,PART00176,PLT0015,2026-01-27 20:47:29,2026-03-28 20:47:29,2026-03-28 20:47:29,2698,2698,2288.87,207676.51,0,49375.07,Received
PO004706,SUP00050,PART01779,PLT0005,2026-03-07 08:58:15,2026-04-06 08:58:15,2026-04-16 08:58:15,3455,3455,49.27,11202.63,0,1338.44,Received
PO004707,SUP00108,PART01855,PLT0007,2026-01-14 13:59:02,2026-03-15 13:59:02,2026-03-21 13:59:02,799,799,1677.55,67271.66,7.5,26544.34,Received
PO004708,SUP00061,PART01537,PLT0025,2026-05-15 10:36:06,2026-05-25 10:36:06,2026-05-24 10:36:06,3427,3427,4680.89,510916.54,10,153026.98,Received
PO004709,SUP00107,PART00434,PLT0000,2026-04-26 03:36:42,2026-05-17 03:36:42,2026-05-27 03:36:42,290,218,1029.95,17678.73,7.5,4591.19,Received
PO004710,SUP00120,PART00240,PLT0007,2026-01-15 18:31:53,2026-03-16 18:31:53,2026-03-13 18:31:53,2856,2856,4673.24,923454.78,12.5,153241.58,Received
PO004711,SUP00143,PART00180,PLT0006,2026-03-19 20:30:45,2026-05-03 20:30:45,2026-05-02 20:30:45,2742,2742,230.99,47925.52,10,4770.24,Received
PO004712,SUP00174,PART01054,PLT0024,2026-05-05 01:32:47,2026-06-19 01:32:47,2026-06-18 01:32:47,2713,2713,3394.07,643125.04,18,137193.8,Received
PO004713,SUP00113,PART01485,PLT0005,2026-04-26 15:38:06,2026-06-25 15:38:06,2026-06-24 15:38:06,2144,2144,2316.15,220382.28,15,58801.02,Received
PO004714,SUP00125,PART01125,PLT0007,2026-05-05 12:41:39,2026-06-19 12:41:39,2026-06-18 12:41:39,1027,1027,436.94,22334.51,12.5,4223.97,Received
PO004715,SUP00013,PART01955,PLT0013,2026-02-26 00:09:13,2026-03-19 00:09:13,2026-03-18 00:09:13,675,675,967.34,14661.79,7.5,5823.93,Received
PO004716,SUP00107,PART00942,PLT0016,2026-02-09 16:26:35,2026-03-02 16:26:35,2026-02-27 16:26:35,2786,2786,898.44,110116.28,0,31192.39,Received
PO004717,SUP00023,PART00042,PLT0006,2026-05-07 08:40:29,2026-05-21 08:40:29,2026-05-21 08:40:29,2120,2120,340.33,15144.97,10,4964.31,Received
PO004718,SUP00176,PART01942,PLT0019,2026-05-03 01:11:13,2026-07-02 01:11:13,2026-06-29 01:11:13,2487,2487,1910.91,360964.93,0,37128.2,Received
PO004719,SUP00005,PART01789,PLT0012,2026-02-20 18:40:45,2026-03-06 18:40:45,2026-03-04 18:40:45,1710,1710,661.43,50999.66,15,16024.69,Received
PO004720,SUP00113,PART00887,PLT0015,2026-05-08 23:41:50,2026-07-07 23:41:50,2026-07-04 23:41:50,1573,1573,4938.32,394841.07,5,39395.27,Received
PO004721,SUP00099,PART01613,PLT0002,2026-02-15 03:21:49,2026-04-16 03:21:49,2026-04-15 03:21:49,4049,4049,2013.69,437484.96,18,156855.76,Received
PO004722,SUP00134,PART01662,PLT0003,2026-06-11 03:26:06,2026-06-21 03:26:06,2026-06-20 03:26:06,3466,3466,353.86,60142.86,12.5,7429.6,Received
PO004723,SUP00043,PART01754,PLT0019,2026-02-24 23:24:59,2026-04-25 23:24:59,2026-04-23 23:24:59,1029,1029,3039.3,148802.38,12.5,60244.54,Received
PO004724,SUP00030,PART01996,PLT0013,2026-05-24 12:03:58,2026-06-23 12:03:58,2026-06-22 12:03:58,4512,4512,238.73,82846.71,0,11821.63,Received
PO004725,SUP00071,PART01677,PLT0013,2026-04-11 02:06:04,2026-06-10 02:06:04,2026-06-24 02:06:04,1341,874,3011.54,156705.46,12.5,24531.6,Received
PO004726,SUP00053,PART01594,PLT0002,2026-01-03 02:12:27,2026-02-17 02:12:27,2026-02-14 02:12:27,3183,3183,2053.43,497643.05,0,93529.33,Received
PO004727,SUP00030,PART00389,PLT0005,2026-05-23 02:03:11,2026-06-22 02:03:11,2026-06-19 02:03:11,4373,4373,51.39,16779.59,18,2252.86,Received
PO004728,SUP00194,PART01812,PLT0001,2026-03-24 05:55:59,2026-04-14 05:55:59,2026-04-13 05:55:59,499,499,1510.87,54815.63,5,6999.47,Received
PO004729,SUP00195,PART01532,PLT0015,2026-05-24 01:19:06,2026-06-07 01:19:06,2026-06-19 01:19:06,633,633,2204.84,32038.82,15,11428.5,Received
PO004730,SUP00179,PART01702,PLT0026,2026-05-07 05:06:11,2026-06-06 05:06:11,2026-06-05 05:06:11,4376,4376,3736.56,1268491.71,10,253990.58,Received
PO004731,SUP00189,PART01681,PLT0003,2026-05-15 19:20:55,2026-06-29 19:20:55,2026-06-28 19:20:55,338,338,1171.63,11417.02,0,6669.21,Received
PO004732,SUP00060,PART00496,PLT0011,2026-04-18 11:15:35,2026-06-17 11:15:35,2026-06-16 11:15:35,4771,4771,1330.0,384182.54,0,41774.88,Received
PO004733,SUP00000,PART00245,PLT0007,2026-05-02 15:35:07,2026-05-09 15:35:07,2026-05-06 15:35:07,3896,2080,3640.65,984685.1,15,198918.78,Received
PO004734,SUP00181,PART00899,PLT0017,2026-04-01 20:00:35,2026-04-15 20:00:35,2026-04-12 20:00:35,4420,4420,4899.07,752512.48,0,314463.02,Received
PO004735,SUP00015,PART01462,PLT0009,2026-02-05 09:46:54,2026-02-12 09:46:54,2026-02-09 09:46:54,3393,3393,1928.32,250427.92,7.5,110859.1,Received
PO004736,SUP00013,PART00771,PLT0010,2026-03-31 05:28:05,2026-04-21 05:28:05,2026-04-21 05:28:05,3350,3350,1114.35,79863.02,18,22281.94,Received
PO004737,SUP00182,PART01384,PLT0021,2026-04-19 04:13:34,2026-05-19 04:13:34,2026-05-19 04:13:34,4863,4863,660.14,148771.75,0,24390.43,Received
PO004738,SUP00028,PART01208,PLT0016,2026-01-16 08:47:49,2026-01-23 08:47:49,2026-01-23 08:47:49,88,88,2126.9,6411.78,5,2578.26,Received
PO004739,SUP00098,PART00593,PLT0028,2026-01-17 08:15:25,2026-03-18 08:15:25,2026-03-18 08:15:25,668,668,4811.74,186356.7,12.5,28085.26,Received
PO004740,SUP00191,PART00399,PLT0000,2026-05-02 11:44:08,2026-07-01 11:44:08,2026-07-01 11:44:08,3773,3773,2591.16,359517.79,10,56624.8,Received
PO004741,SUP00039,PART00578,PLT0009,2026-02-16 10:02:24,2026-03-02 10:02:24,2026-03-05 10:02:24,3662,3662,2738.68,706339.88,0,135950.89,Received
PO004742,SUP00128,PART01816,PLT0020,2026-01-02 03:50:13,2026-01-23 03:50:13,2026-01-21 03:50:13,2210,2210,2097.93,123739.36,12.5,29195.77,Received
PO004743,SUP00117,PART00773,PLT0018,2026-02-11 09:08:00,2026-03-28 09:08:00,2026-04-04 09:08:00,1515,1515,4302.7,153141.4,18,107559.45,Received
PO004744,SUP00172,PART01769,PLT0003,2026-06-23 00:45:48,2026-07-03 00:45:48,2026-06-30 00:45:48,1955,1955,3038.83,299161.63,5,73371.57,Received
PO004745,SUP00068,PART01843,PLT0023,2026-03-04 03:56:16,2026-04-03 03:56:16,2026-04-01 03:56:16,676,676,665.23,21832.66,0,3430.36,Received
PO004746,SUP00039,PART01746,PLT0023,2026-03-06 23:21:37,2026-03-20 23:21:37,2026-03-20 23:21:37,2723,2723,3026.7,625272.97,18,67211.28,Received
PO004747,SUP00072,PART00716,PLT0002,2026-03-25 19:34:53,2026-05-24 19:34:53,2026-05-21 19:34:53,4285,4285,4393.15,1278891.99,12.5,173997.59,Received
PO004748,SUP00178,PART01589,PLT0008,2026-03-26 05:18:56,2026-05-25 05:18:56,2026-05-23 05:18:56,3972,3972,1926.4,240292.21,0,129194.87,Received
PO004749,SUP00088,PART00205,PLT0024,2026-01-12 10:14:50,2026-02-11 10:14:50,2026-02-25 10:14:50,4997,4997,1441.71,550360.36,18,119485.66,Received
PO004750,SUP00091,PART01891,PLT0027,2026-05-11 21:34:12,2026-05-25 21:34:12,2026-06-05 21:34:12,1039,1039,470.59,25940.78,18,3040.37,Received
PO004751,SUP00088,PART00247,PLT0026,2026-01-11 07:50:10,2026-02-10 07:50:10,2026-02-07 07:50:10,423,423,4117.69,114877.94,10,15240.15,Received
PO004752,SUP00160,PART00691,PLT0020,2026-06-02 12:22:11,2026-06-09 12:22:11,2026-06-06 12:22:11,4222,4222,986.18,231211.81,0,69819.72,Received
PO004753,SUP00053,PART01969,PLT0001,2026-04-15 10:33:58,2026-05-30 10:33:58,2026-05-29 10:33:58,2035,2035,4223.89,289400.23,0,94436.92,Received
PO004754,SUP00174,PART01673,PLT0012,2026-03-18 17:49:18,2026-05-02 17:49:18,2026-04-29 17:49:18,828,828,3023.84,137656.79,15,32373.72,Received
PO004755,SUP00125,PART01296,PLT0017,2026-04-18 23:07:21,2026-06-02 23:07:21,2026-05-30 23:07:21,4249,4249,4332.89,1241258.86,0,242635.52,Received
PO004756,SUP00140,PART01748,PLT0019,2026-02-08 14:16:43,2026-03-25 14:16:43,2026-04-03 14:16:43,1930,1930,627.48,72867.61,15,19627.96,Received
PO004757,SUP00165,PART00712,PLT0002,2026-01-03 10:49:49,2026-02-17 10:49:49,2026-02-15 10:49:49,3935,3935,2397.71,189647.74,18,51510.3,Received
PO004758,SUP00017,PART01059,PLT0005,2026-01-19 07:46:29,2026-01-29 07:46:29,2026-01-29 07:46:29,2491,2491,57.84,4374.53,0,2516.37,Received
PO004759,SUP00162,PART00616,PLT0023,2026-02-15 10:49:00,2026-02-22 10:49:00,2026-02-20 10:49:00,2582,2582,15.97,1973.75,7.5,296.9,Received
PO004760,SUP00175,PART00671,PLT0018,2026-03-22 03:18:54,2026-04-05 03:18:54,2026-04-05 03:18:54,224,162,4640.6,46972.29,5,9044.8,Received
PO004761,SUP00123,PART00736,PLT0000,2026-01-12 21:07:33,2026-03-13 21:07:33,2026-03-11 21:07:33,781,781,897.7,22355.73,0,5761.08,Received
PO004762,SUP00173,PART00907,PLT0024,2026-03-17 12:34:33,2026-03-27 12:34:33,2026-03-29 12:34:33,3955,3955,443.54,109059.5,0,18973.84,Received
PO004763,SUP00166,PART01481,PLT0012,2026-04-19 00:49:08,2026-05-10 00:49:08,2026-05-07 00:49:08,2596,2596,2692.97,365683.16,0,118417.61,Received
PO004764,SUP00174,PART01994,PLT0000,2026-04-27 09:00:26,2026-06-11 09:00:26,2026-06-10 09:00:26,4399,4399,2871.87,649300.05,0,160169.86,Received
PO004765,SUP00056,PART01094,PLT0012,2026-04-22 11:28:08,2026-06-21 11:28:08,2026-06-20 11:28:08,1904,1904,2488.23,167069.6,7.5,27649.94,Received
PO004766,SUP00117,PART00757,PLT0014,2026-01-28 14:37:39,2026-03-14 14:37:39,2026-03-19 14:37:39,4133,4133,3788.58,473938.96,5,261614.78,Received
PO004767,SUP00125,PART00839,PLT0027,2026-02-08 01:33:56,2026-03-25 01:33:56,2026-03-22 01:33:56,1301,1301,2797.33,285028.69,0,40478.37,Received
PO004768,SUP00170,PART01946,PLT0021,2026-02-22 21:58:03,2026-03-08 21:58:03,2026-03-06 21:58:03,947,947,2519.29,148036.58,5,14372.06,Received
PO004769,SUP00080,PART01278,PLT0000,2026-01-13 03:26:17,2026-01-27 03:26:17,2026-01-24 03:26:17,3519,2427,281.36,42132.94,15,6943.24,Received
PO004770,SUP00121,PART01428,PLT0017,2026-06-04 03:13:50,2026-06-11 03:13:50,2026-06-10 03:13:50,2882,2882,315.66,31851.04,0,15556.68,Received
PO004771,SUP00130,PART00624,PLT0015,2026-01-08 15:35:31,2026-03-09 15:35:31,2026-03-07 15:35:31,3790,3790,4194.89,1172865.37,0,277837.06,Received
PO004772,SUP00091,PART00650,PLT0012,2026-03-09 06:37:20,2026-03-23 06:37:20,2026-03-21 06:37:20,876,876,2455.3,83735.84,12.5,24291.4,Received
PO004773,SUP00107,PART00194,PLT0010,2026-03-31 00:13:56,2026-04-21 00:13:56,2026-04-21 00:13:56,731,731,957.97,19902.47,15,3689.92,Received
PO004774,SUP00051,PART01069,PLT0022,2026-05-08 14:28:26,2026-05-15 14:28:26,2026-05-13 14:28:26,4362,4362,2205.67,303121.52,10,130319.93,Received
PO004775,SUP00077,PART01004,PLT0020,2026-04-25 12:07:35,2026-06-09 12:07:35,2026-06-22 12:07:35,3402,3402,2782.97,599173.1,10,66829.57,Received
PO004776,SUP00107,PART00942,PLT0013,2026-01-16 04:21:03,2026-02-06 04:21:03,2026-02-05 04:21:03,1586,1586,898.44,99018.74,18,20923.88,Received
PO004777,SUP00147,PART01096,PLT0001,2026-06-13 04:54:33,2026-06-20 04:54:33,2026-06-20 04:54:33,4178,4178,1624.55,445251.13,18,109320.29,Received
PO004778,SUP00035,PART00391,PLT0024,2026-01-02 22:47:54,2026-02-16 22:47:54,2026-02-20 22:47:54,2345,1145,1570.19,206841.65,15,48245.73,Received
PO004779,SUP00078,PART00444,PLT0004,2026-01-25 01:17:20,2026-03-26 01:17:20,2026-03-26 01:17:20,578,578,4823.35,92390.73,18,37576.85,Received
PO004780,SUP00078,PART00444,PLT0000,2026-04-20 17:33:33,2026-06-19 17:33:33,2026-06-19 17:33:33,438,438,4823.35,160429.27,12.5,21486.33,Received
PO004781,SUP00170,PART00633,PLT0026,2026-05-23 19:03:18,2026-06-06 19:03:18,2026-06-17 19:03:18,4696,4696,2813.59,276854.24,7.5,74462.56,Received
PO004782,SUP00120,PART00694,PLT0013,2026-03-06 15:05:33,2026-05-05 15:05:33,2026-05-04 15:05:33,2933,2933,2719.63,393302.6,0,112952.82,Received
PO004783,SUP00089,PART01250,PLT0001,2026-01-28 18:31:23,2026-02-18 18:31:23,2026-02-15 18:31:23,4980,4980,1728.99,312332.99,5,94059.33,Received
PO004784,SUP00094,PART01758,PLT0002,2026-06-01 00:32:07,2026-06-22 00:32:07,2026-06-22 00:32:07,4279,4279,269.06,76103.45,12.5,20969.2,Received
PO004785,SUP00115,PART01086,PLT0024,2026-04-16 00:13:52,2026-04-30 00:13:52,2026-04-29 00:13:52,3396,3396,2672.03,698064.47,0,101587.84,Received
PO004786,SUP00153,PART00397,PLT0012,2026-03-28 10:12:14,2026-05-12 10:12:14,2026-05-09 10:12:14,594,594,3224.88,119842.57,10,14899.84,Received
PO004787,SUP00075,PART00841,PLT0022,2026-04-21 18:55:31,2026-06-20 18:55:31,2026-06-19 18:55:31,3201,3201,349.04,46312.17,7.5,17440.4,Received
PO004788,SUP00104,PART01295,PLT0019,2026-03-31 17:43:23,2026-04-10 17:43:23,2026-04-19 17:43:23,770,770,4397.94,121527.95,0,30028.48,Received
PO004789,SUP00074,PART01704,PLT0005,2026-06-04 08:36:59,2026-06-14 08:36:59,2026-06-11 08:36:59,340,340,3157.23,72517.86,15,10807.23,Received
PO004790,SUP00161,PART00692,PLT0001,2026-03-04 13:07:30,2026-04-03 13:07:30,2026-04-01 13:07:30,2469,2469,4461.07,573369.92,18,177794.09,Received
PO004791,SUP00063,PART01635,PLT0027,2026-05-25 19:59:09,2026-06-24 19:59:09,2026-07-03 19:59:09,4415,4415,1228.4,406076.6,15,69142.33,Received
PO004792,SUP00016,PART01211,PLT0022,2026-03-13 10:59:37,2026-04-03 10:59:37,2026-04-05 10:59:37,1899,877,599.02,62132.31,18,13558.91,Received
PO004793,SUP00168,PART00897,PLT0029,2026-02-24 01:20:42,2026-03-10 01:20:42,2026-03-12 01:20:42,2497,1028,3303.56,284141.37,18,147466.75,Received
PO004794,SUP00188,PART00433,PLT0017,2026-02-03 20:57:25,2026-04-04 20:57:25,2026-04-04 20:57:25,2594,2594,12.3,1385.52,7.5,386.75,Received
PO004795,SUP00072,PART00895,PLT0021,2026-02-08 01:31:00,2026-04-09 01:31:00,2026-04-06 01:31:00,1565,1565,222.19,20791.28,15,6514.76,Received
PO004796,SUP00082,PART00476,PLT0001,2026-04-08 09:23:45,2026-04-18 09:23:45,2026-04-18 09:23:45,2031,2031,2932.15,396580.83,7.5,65218.45,Received
PO004797,SUP00032,PART01024,PLT0009,2026-02-18 08:24:36,2026-04-04 08:24:36,2026-04-07 08:24:36,564,517,1445.91,18364.67,10,7697.22,Received
PO004798,SUP00151,PART01231,PLT0012,2026-04-20 03:42:06,2026-05-11 03:42:06,2026-05-08 03:42:06,3822,3822,3825.26,876007.38,0,244555.56,Received
PO004799,SUP00185,PART00967,PLT0018,2026-01-01 13:54:03,2026-03-02 13:54:03,2026-03-02 13:54:03,4728,4728,3430.75,1227220.42,18,286744.06,Received
PO004800,SUP00054,PART01687,PLT0029,2026-02-24 03:54:38,2026-04-10 03:54:38,2026-04-07 03:54:38,608,608,3314.9,112465.87,10,13647.75,Received
PO004801,SUP00081,PART01540,PLT0001,2026-02-11 19:46:21,2026-03-04 19:46:21,2026-03-02 19:46:21,3359,3359,2665.11,266587.91,15,137833.56,Received
PO004802,SUP00105,PART00272,PLT0002,2026-01-12 00:29:10,2026-02-02 00:29:10,2026-02-14 00:29:10,4924,4924,4572.08,1161675.47,10,265753.3,Received
PO004803,SUP00020,PART01874,PLT0027,2026-04-25 15:09:19,2026-06-24 15:09:19,2026-06-30 15:09:19,3110,3110,155.78,33064.92,7.5,4586.65,Received
PO004804,SUP00051,PART00150,PLT0011,2026-03-24 19:20:22,2026-03-31 19:20:22,2026-04-14 19:20:22,3181,3181,2546.23,182043.9,10,128831.91,Received
PO004805,SUP00068,PART01834,PLT0005,2026-04-07 11:35:58,2026-05-07 11:35:58,2026-05-06 11:35:58,1585,1585,4085.15,173637.8,10,84887.68,Received
PO004806,SUP00089,PART00366,PLT0026,2026-04-20 00:08:10,2026-05-11 00:08:10,2026-05-11 00:08:10,2674,2674,4054.46,235851.8,5,158624.26,Received
PO004807,SUP00052,PART01451,PLT0012,2026-05-17 09:27:47,2026-06-16 09:27:47,2026-06-13 09:27:47,1563,1563,902.82,98787.12,0,25915.83,Received
PO004808,SUP00192,PART00571,PLT0016,2026-04-29 00:43:52,2026-06-28 00:43:52,2026-06-27 00:43:52,1913,1913,4980.71,700029.92,15,178638.53,Received
PO004809,SUP00162,PART00861,PLT0015,2026-04-03 09:38:19,2026-04-10 09:38:19,2026-04-08 09:38:19,3129,3129,4225.05,696934.26,5,230842.4,Received
PO004810,SUP00177,PART00567,PLT0003,2026-05-29 01:01:49,2026-06-19 01:01:49,2026-06-17 01:01:49,1329,1329,3135.3,327596.94,18,81620.59,Received
PO004811,SUP00168,PART01491,PLT0001,2026-06-22 08:05:29,2026-07-06 08:05:29,2026-07-04 08:05:29,3951,3612,2472.59,451657.38,10,126460.7,Received
PO004812,SUP00188,PART01385,PLT0023,2026-03-27 05:50:07,2026-05-26 05:50:07,2026-05-23 05:50:07,2501,2501,4166.24,693370.19,0,95398.89,Received
PO004813,SUP00176,PART00918,PLT0018,2026-02-17 00:09:24,2026-04-18 00:09:24,2026-04-17 00:09:24,4633,2085,3438.45,649198.22,0,239040.89,Received
PO004814,SUP00077,PART01004,PLT0028,2026-02-10 08:25:06,2026-03-27 08:25:06,2026-03-27 08:25:06,4561,4561,2782.97,657728.57,5,112890.32,Received
PO004815,SUP00027,PART01284,PLT0002,2026-02-23 03:43:12,2026-03-02 03:43:12,2026-02-27 03:43:12,4024,4024,4677.82,878998.37,12.5,313663.1,Received
PO004816,SUP00024,PART01196,PLT0014,2026-05-08 22:51:49,2026-06-07 22:51:49,2026-06-07 22:51:49,1633,1633,3833.38,326848.07,0,77995.88,Received
PO004817,SUP00005,PART01789,PLT0018,2026-03-23 04:50:39,2026-04-06 04:50:39,2026-04-20 04:50:39,3407,3407,661.43,113420.46,18,33910.89,Received
PO004818,SUP00168,PART00897,PLT0021,2026-05-19 18:06:56,2026-06-02 18:06:56,2026-06-01 18:06:56,125,125,3303.56,25674.56,10,4980.11,Received
PO004819,SUP00184,PART01982,PLT0009,2026-03-20 08:09:57,2026-04-03 08:09:57,2026-04-03 08:09:57,3369,3369,832.44,185931.4,10,17919.71,Received
PO004820,SUP00087,PART01477,PLT0012,2026-03-03 17:56:37,2026-04-17 17:56:37,2026-04-15 17:56:37,1956,1956,1233.41,57468.92,0,36549.81,Received
PO004821,SUP00177,PART00478,PLT0022,2026-04-12 05:16:49,2026-05-03 05:16:49,2026-04-30 05:16:49,434,434,875.14,26530.11,12.5,5664.49,Received
PO004822,SUP00030,PART00874,PLT0010,2026-06-02 23:35:57,2026-07-02 23:35:57,2026-06-30 23:35:57,3627,3627,4399.56,1092530.22,0,198063.64,Received
PO004823,SUP00156,PART01638,PLT0024,2026-05-24 07:10:19,2026-06-03 07:10:19,2026-06-02 07:10:19,3447,3447,2356.21,214587.81,10,85635.87,Received
PO004824,SUP00164,PART01775,PLT0005,2026-02-05 17:23:41,2026-02-12 17:23:41,2026-02-12 17:23:41,1145,1145,1091.23,53914.86,10,12522.98,Received
PO004825,SUP00161,PART01409,PLT0021,2026-05-23 19:58:10,2026-06-22 19:58:10,2026-06-19 19:58:10,4647,4647,4513.04,1418445.78,5,394144.82,Received
PO004826,SUP00133,PART00234,PLT0012,2026-04-16 10:33:07,2026-05-31 10:33:07,2026-05-31 10:33:07,1523,1523,753.51,83795.27,0,7158.85,Received
PO004827,SUP00106,PART01336,PLT0002,2026-04-08 04:26:10,2026-04-18 04:26:10,2026-04-17 04:26:10,723,723,2632.45,106669.4,0,10426.3,Received
PO004828,SUP00106,PART01566,PLT0017,2026-02-19 07:47:52,2026-03-01 07:47:52,2026-02-27 07:47:52,2776,2776,2146.82,363929.28,5,55732.1,Received
PO004829,SUP00097,PART01321,PLT0006,2026-01-30 01:33:19,2026-02-09 01:33:19,2026-02-08 01:33:19,609,609,31.78,1541.64,0,256.38,Received
PO004830,SUP00114,PART01686,PLT0020,2026-02-16 19:21:03,2026-03-02 19:21:03,2026-02-28 19:21:03,4289,4289,4936.16,1169863.03,0,272379.66,Received
PO004831,SUP00101,PART00798,PLT0019,2026-04-11 04:29:24,2026-06-10 04:29:24,2026-06-18 04:29:24,1740,1740,2744.43,376436.46,15,87809.82,Received
PO004832,SUP00179,PART01045,PLT0008,2026-05-27 23:38:01,2026-06-26 23:38:01,2026-06-25 23:38:01,3934,3934,1851.99,428900.65,15,42257.1,Received
PO004833,SUP00175,PART00294,PLT0008,2026-02-28 00:46:34,2026-03-14 00:46:34,2026-03-12 00:46:34,2898,2898,1359.12,309769.16,0,55254.33,Received
PO004834,SUP00053,PART00777,PLT0012,2026-01-06 10:56:22,2026-02-20 10:56:22,2026-02-17 10:56:22,4346,4346,1832.79,185427.66,12.5,57395.33,Received
PO004835,SUP00149,PART01729,PLT0013,2026-02-26 12:13:36,2026-04-27 12:13:36,2026-04-25 12:13:36,4162,3775,2445.37,563996.03,15,77977.75,Received
PO004836,SUP00146,PART00548,PLT0008,2026-05-28 09:52:22,2026-06-18 09:52:22,2026-06-17 09:52:22,722,722,3684.98,137804.42,7.5,45097.39,Received
PO004837,SUP00080,PART01407,PLT0029,2026-01-09 07:49:49,2026-01-23 07:49:49,2026-01-22 07:49:49,3806,3806,4718.5,623882.39,0,248428.1,Received
PO004838,SUP00130,PART00188,PLT0021,2026-01-16 12:44:30,2026-03-17 12:44:30,2026-03-17 12:44:30,1538,677,2970.65,271159.47,0,67077.43,Received
PO004839,SUP00191,PART01039,PLT0011,2026-01-16 04:44:46,2026-03-17 04:44:46,2026-03-15 04:44:46,312,312,181.45,3986.25,12.5,851.35,Received
PO004840,SUP00184,PART00338,PLT0007,2026-04-05 20:49:51,2026-04-19 20:49:51,2026-04-16 20:49:51,4130,4130,1744.76,177541.21,0,117192.83,Received
PO004841,SUP00011,PART00421,PLT0005,2026-01-31 18:18:16,2026-02-10 18:18:16,2026-02-17 18:18:16,267,267,1145.88,11386.34,15,3867.87,Received
PO004842,SUP00116,PART00587,PLT0007,2026-02-01 05:13:00,2026-02-22 05:13:00,2026-02-20 05:13:00,4407,4407,4524.37,724378.27,5,122911.55,Received
PO004843,SUP00051,PART00126,PLT0026,2026-06-06 09:52:31,2026-06-13 09:52:31,2026-06-16 09:52:31,1838,1285,1470.75,161763.54,10,46401.16,Received
PO004844,SUP00125,PART00497,PLT0014,2026-05-19 21:18:32,2026-07-03 21:18:32,2026-06-30 21:18:32,1984,1984,1967.55,161342.41,10,51023.93,Received
PO004845,SUP00041,PART00158,PLT0019,2026-03-24 02:31:03,2026-04-03 02:31:03,2026-04-08 02:31:03,2845,2845,2592.92,418755.02,18,53318.35,Received
PO004846,SUP00118,PART00555,PLT0006,2026-01-19 02:13:24,2026-01-29 02:13:24,2026-02-09 02:13:24,704,704,1861.55,101119.11,10,25071.6,Received
PO004847,SUP00178,PART01027,PLT0019,2026-04-11 21:58:21,2026-06-10 21:58:21,2026-06-09 21:58:21,1737,1737,4301.46,393063.16,7.5,49806.05,Received
PO004848,SUP00011,PART01890,PLT0024,2026-05-30 04:49:12,2026-06-09 04:49:12,2026-06-09 04:49:12,3429,3429,2820.88,227403.93,15,169024.52,Received
PO004849,SUP00031,PART01440,PLT0021,2026-05-07 14:16:32,2026-07-06 14:16:32,2026-07-09 14:16:32,2508,2508,4096.53,644932.62,10,97672.38,Received
PO004850,SUP00177,PART01691,PLT0015,2026-03-05 06:42:36,2026-03-26 06:42:36,2026-03-23 06:42:36,618,618,3169.57,137857.86,10,33542.5,Received
PO004851,SUP00015,PART01420,PLT0013,2026-06-05 10:12:07,2026-06-12 10:12:07,2026-06-09 10:12:07,1777,1777,4934.84,197215.6,7.5,64538.78,Received
PO004852,SUP00031,PART01647,PLT0009,2026-03-03 14:41:36,2026-05-02 14:41:36,2026-04-29 14:41:36,1940,1940,4425.57,315825.31,12.5,110967.4,Received
PO004853,SUP00090,PART00760,PLT0016,2026-02-11 12:02:01,2026-03-04 12:02:01,2026-03-04 12:02:01,4740,4740,4001.81,1354612.01,18,288122.46,Received
PO004854,SUP00093,PART01031,PLT0022,2026-04-03 11:24:15,2026-04-10 11:24:15,2026-04-09 11:24:15,1585,1585,2057.13,157851.9,0,57309.51,Received
PO004855,SUP00158,PART01005,PLT0020,2026-01-14 18:37:43,2026-01-21 18:37:43,2026-01-18 18:37:43,2554,2554,2007.08,331934.71,0,43725.34,Received
PO004856,SUP00120,PART01599,PLT0014,2026-02-01 12:42:42,2026-04-02 12:42:42,2026-04-11 12:42:42,4533,4533,3569.34,565728.42,12.5,307522.89,Received
PO004857,SUP00043,PART01824,PLT0024,2026-05-04 18:58:17,2026-07-03 18:58:17,2026-06-30 18:58:17,392,392,3542.73,79852.28,10,19001.1,Received
PO004858,SUP00111,PART01270,PLT0000,2026-05-22 09:25:01,2026-06-01 09:25:01,2026-06-01 09:25:01,4663,4663,3733.44,1040742.51,7.5,144659.36,Received
PO004859,SUP00122,PART01355,PLT0022,2026-02-16 13:00:03,2026-04-02 13:00:03,2026-04-01 13:00:03,1597,1597,1457.06,156584.47,0,14187.62,Received
PO004860,SUP00041,PART00158,PLT0027,2026-01-24 10:38:02,2026-02-03 10:38:02,2026-02-12 10:38:02,3913,3913,2592.92,229800.67,0,56831.61,Received
PO004861,SUP00101,PART01785,PLT0004,2026-02-04 17:10:53,2026-04-05 17:10:53,2026-04-05 17:10:53,2990,2990,951.89,184965.65,0,37361.09,Received
PO004862,SUP00145,PART00481,PLT0018,2026-03-11 18:44:20,2026-05-10 18:44:20,2026-05-10 18:44:20,4384,4384,4254.53,406968.81,12.5,200406.49,Received
PO004863,SUP00011,PART01739,PLT0014,2026-01-23 15:05:51,2026-02-02 15:05:51,2026-02-03 15:05:51,804,804,1053.15,60795.25,0,7581.15,Received
PO004864,SUP00092,PART00953,PLT0026,2026-03-10 10:30:57,2026-04-24 10:30:57,2026-05-04 10:30:57,866,866,4831.63,310775.27,5,56553.22,Received
PO004865,SUP00176,PART01619,PLT0012,2026-03-23 07:21:01,2026-05-22 07:21:01,2026-05-19 07:21:01,4268,4268,880.78,239305.94,10,44849.61,Received
PO004866,SUP00033,PART00879,PLT0024,2026-01-08 12:29:46,2026-01-18 12:29:46,2026-01-17 12:29:46,1042,1042,1452.47,51938.58,10,8775.18,Received
PO004867,SUP00174,PART01410,PLT0009,2026-03-08 01:46:37,2026-04-22 01:46:37,2026-04-21 01:46:37,1087,1087,4863.44,354599.77,0,100432.03,Received
PO004868,SUP00148,PART01423,PLT0021,2026-03-09 20:39:17,2026-04-08 20:39:17,2026-04-06 20:39:17,771,771,4914.84,290353.54,7.5,63164.13,Received
PO004869,SUP00147,PART01301,PLT0023,2026-03-02 23:10:54,2026-03-09 23:10:54,2026-03-07 23:10:54,3175,3175,1004.38,136274.1,12.5,52931.84,Received
PO004870,SUP00159,PART01909,PLT0021,2026-05-23 03:31:46,2026-05-30 03:31:46,2026-05-27 03:31:46,1033,1033,2206.93,143298.9,7.5,11684.63,Received
PO004871,SUP00116,PART00010,PLT0029,2026-06-12 05:14:49,2026-07-03 05:14:49,2026-07-03 05:14:49,1784,1784,74.52,10342.25,7.5,1046.33,Received
PO004872,SUP00179,PART01045,PLT0008,2026-04-05 23:23:24,2026-05-05 23:23:24,2026-05-05 23:23:24,3938,3938,1851.99,501065.7,5,141359.12,Received
PO004873,SUP00162,PART00301,PLT0010,2026-06-14 11:40:54,2026-06-21 11:40:54,2026-06-20 11:40:54,1878,1878,4844.76,607991.97,0,133137.54,Received
PO004874,SUP00020,PART00289,PLT0027,2026-02-10 14:22:08,2026-04-11 14:22:08,2026-04-09 14:22:08,2749,2749,1503.37,167536.92,0,49844.12,Received
PO004875,SUP00076,PART00829,PLT0011,2026-03-31 16:14:08,2026-04-14 16:14:08,2026-04-11 16:14:08,3630,3630,615.1,138208.49,0,12361.06,Received
PO004876,SUP00128,PART01816,PLT0011,2026-04-27 05:00:33,2026-05-18 05:00:33,2026-05-18 05:00:33,4389,2148,2097.93,588414.99,15,130068.26,Received
PO004877,SUP00096,PART00488,PLT0019,2026-02-11 19:07:18,2026-02-21 19:07:18,2026-02-20 19:07:18,2518,2518,4409.44,607042.3,7.5,64856.74,Received
PO004878,SUP00088,PART00808,PLT0018,2026-05-05 16:37:01,2026-06-04 16:37:01,2026-06-03 16:37:01,756,705,4077.82,125959.9,10,46677.52,Received
PO004879,SUP00046,PART00097,PLT0020,2026-01-04 15:54:50,2026-01-14 15:54:50,2026-01-12 15:54:50,4131,4131,2988.25,588283.56,0,237062.89,Received
PO004880,SUP00107,PART00434,PLT0003,2026-04-09 19:57:20,2026-04-30 19:57:20,2026-05-04 19:57:20,4568,4568,1029.95,148459.51,0,70475.55,Received
PO004881,SUP00161,PART01100,PLT0008,2026-02-23 07:48:08,2026-03-25 07:48:08,2026-03-23 07:48:08,185,185,671.19,3958.84,18,784.08,Received
PO004882,SUP00131,PART01037,PLT0011,2026-05-19 19:43:17,2026-06-09 19:43:17,2026-06-20 19:43:17,2493,1750,3893.74,373937.86,5,71954.74,Received
PO004883,SUP00098,PART00825,PLT0023,2026-02-24 08:04:19,2026-04-25 08:04:19,2026-05-03 08:04:19,426,426,4873.12,148862.17,15,18152.21,Received
PO004884,SUP00002,PART01722,PLT0027,2026-04-05 14:18:13,2026-04-12 14:18:13,2026-04-12 14:18:13,436,436,3163.51,43524.26,0,14054.96,Received
PO004885,SUP00083,PART01617,PLT0023,2026-04-20 16:57:32,2026-06-19 16:57:32,2026-06-18 16:57:32,3924,3924,1263.44,122658.63,0,64500.39,Received
PO004886,SUP00157,PART01798,PLT0012,2026-02-02 01:05:17,2026-03-19 01:05:17,2026-03-16 01:05:17,3882,3882,4645.85,1279757.94,0,207659.39,Received
PO004887,SUP00192,PART00045,PLT0009,2026-01-23 11:48:03,2026-03-24 11:48:03,2026-03-21 11:48:03,137,137,2056.99,11713.38,12.5,5060.66,Received
PO004888,SUP00088,PART00205,PLT0002,2026-06-09 04:49:19,2026-07-09 04:49:19,2026-07-08 04:49:19,4560,4560,1441.71,472109.8,0,130202.36,Received
PO004889,SUP00080,PART00641,PLT0016,2026-03-25 15:32:41,2026-04-08 15:32:41,2026-04-06 15:32:41,4654,4654,4783.73,475139.74,15,218775.05,Received
PO004890,SUP00055,PART00405,PLT0022,2026-03-15 06:54:42,2026-03-25 06:54:42,2026-03-23 06:54:42,4787,4401,2938.88,704767.88,12.5,278939.85,Received
PO004891,SUP00008,PART00193,PLT0016,2026-05-14 05:11:38,2026-05-21 05:11:38,2026-05-18 05:11:38,2669,2669,743.14,104583.37,5,17365.2,Received
PO004892,SUP00198,PART00649,PLT0021,2026-02-23 08:56:28,2026-03-25 08:56:28,2026-03-22 08:56:28,2341,2341,4643.5,328013.53,0,122191.5,Received
PO004893,SUP00029,PART01694,PLT0024,2026-04-21 06:05:28,2026-06-20 06:05:28,2026-06-30 06:05:28,1304,1304,4043.2,213991.31,5,30669.47,Received
PO004894,SUP00055,PART00405,PLT0025,2026-06-11 18:30:31,2026-06-21 18:30:31,2026-06-21 18:30:31,4570,4570,2938.88,565355.78,5,118316.31,Received
PO004895,SUP00098,PART00593,PLT0019,2026-01-19 19:26:27,2026-03-20 19:26:27,2026-03-20 19:26:27,4202,4202,4811.74,1426825.12,7.5,398619.92,Received
PO004896,SUP00018,PART01873,PLT0017,2026-02-16 14:28:08,2026-03-09 14:28:08,2026-03-24 14:28:08,1577,1577,3508.5,438826.16,15,97849.14,Received
PO004897,SUP00088,PART01659,PLT0029,2026-03-27 22:08:15,2026-04-26 22:08:15,2026-04-25 22:08:15,2413,2413,3182.72,422216.02,5,54260.69,Received
PO004898,SUP00023,PART01960,PLT0016,2026-01-16 08:09:04,2026-01-30 08:09:04,2026-02-01 08:09:04,3213,3213,4743.76,383505.49,15,179528.46,Received
PO004899,SUP00043,PART00192,PLT0003,2026-01-02 07:32:06,2026-03-03 07:32:06,2026-03-03 07:32:06,1479,1479,3608.39,400176.93,5,61647.12,Received
PO004900,SUP00007,PART01020,PLT0009,2026-03-04 00:15:38,2026-03-18 00:15:38,2026-03-16 00:15:38,914,914,552.94,28706.28,18,4588.88,Received
PO004901,SUP00027,PART01082,PLT0000,2026-01-04 11:45:00,2026-01-11 11:45:00,2026-01-11 11:45:00,175,78,1497.86,8998.22,0,4147.23,Received
PO004902,SUP00095,PART00565,PLT0026,2026-04-17 07:47:09,2026-05-08 07:47:09,2026-05-06 07:47:09,115,115,193.44,1414.79,5,389.74,Received
PO004903,SUP00083,PART01578,PLT0020,2026-04-21 19:44:29,2026-06-20 19:44:29,2026-06-18 19:44:29,4625,4088,1846.42,468089.03,15,141057.86,Received
PO004904,SUP00182,PART01923,PLT0004,2026-02-21 18:17:29,2026-03-23 18:17:29,2026-03-20 18:17:29,3494,2016,1373.16,117690.54,7.5,54667.25,Received
PO004905,SUP00092,PART01174,PLT0028,2026-01-20 03:46:41,2026-03-06 03:46:41,2026-03-05 03:46:41,1740,1599,4717.29,470013.66,15,79154.96,Received
PO004906,SUP00167,PART01810,PLT0001,2026-05-03 05:50:15,2026-05-17 05:50:15,2026-05-19 05:50:15,2437,2437,209.99,33021.84,0,7189.44,Received
PO004907,SUP00121,PART01428,PLT0021,2026-04-29 06:00:51,2026-05-06 06:00:51,2026-05-05 06:00:51,1875,1665,315.66,41767.18,12.5,6044.78,Received
PO004908,SUP00195,PART00248,PLT0018,2026-04-02 06:51:07,2026-04-16 06:51:07,2026-04-13 06:51:07,4501,2136,946.46,188250.24,0,45903.92,Received
PO004909,SUP00032,PART01732,PLT0018,2026-04-21 00:12:57,2026-06-05 00:12:57,2026-06-17 00:12:57,3798,2927,4003.56,919998.99,18,261191.03,Received
PO004910,SUP00023,PART00869,PLT0022,2026-06-02 09:10:56,2026-06-16 09:10:56,2026-06-13 09:10:56,2478,1990,1168.81,122425.42,15,33697.83,Received
PO004911,SUP00008,PART01952,PLT0010,2026-04-27 14:21:40,2026-05-04 14:21:40,2026-05-12 14:21:40,4067,4067,25.77,3441.48,18,548.67,Received
PO004912,SUP00139,PART01848,PLT0014,2026-03-03 18:28:05,2026-03-17 18:28:05,2026-03-14 18:28:05,4346,4346,110.93,28607.61,5,8053.57,Received
PO004913,SUP00145,PART00481,PLT0026,2026-02-13 11:48:27,2026-04-14 11:48:27,2026-04-12 11:48:27,3880,3880,4254.53,1014765.61,0,190003.11,Received
PO004914,SUP00075,PART01151,PLT0016,2026-03-20 12:21:12,2026-05-19 12:21:12,2026-05-27 12:21:12,477,477,2605.83,72946.2,18,23082.89,Received
PO004915,SUP00066,PART00753,PLT0008,2026-03-20 04:26:01,2026-05-04 04:26:01,2026-05-02 04:26:01,1323,1323,4648.92,292731.41,5,43234.94,Received
PO004916,SUP00146,PART00509,PLT0006,2026-01-01 14:07:43,2026-01-22 14:07:43,2026-01-19 14:07:43,4641,4641,2858.24,901164.39,18,170845.22,Received
PO004917,SUP00114,PART00030,PLT0005,2026-05-19 16:39:21,2026-06-02 16:39:21,2026-06-01 16:39:21,4870,4870,572.68,113764.1,15,30609.48,Received
PO004918,SUP00115,PART01549,PLT0006,2026-01-11 17:03:47,2026-01-25 17:03:47,2026-01-24 17:03:47,4130,4130,1039.96,94116.91,0,75111.69,Received
PO004919,SUP00152,PART01376,PLT0019,2026-06-02 04:18:56,2026-06-23 04:18:56,2026-06-20 04:18:56,1093,1093,4243.84,277077.71,0,47252.23,Received
PO004920,SUP00113,PART00577,PLT0007,2026-03-01 12:40:58,2026-04-30 12:40:58,2026-04-30 12:40:58,4661,4661,245.93,44265.79,15,5783.88,Received
PO004921,SUP00149,PART01118,PLT0028,2026-02-25 09:26:48,2026-04-26 09:26:48,2026-04-23 09:26:48,4047,4047,4457.37,1121946.22,0,169515.56,Received
PO004922,SUP00027,PART01082,PLT0020,2026-03-03 09:35:01,2026-03-10 09:35:01,2026-03-17 09:35:01,2012,2012,1497.86,136669.91,0,58914.21,Received
PO004923,SUP00017,PART00513,PLT0003,2026-03-23 01:55:29,2026-04-02 01:55:29,2026-04-13 01:55:29,3259,1623,1602.15,107822.92,12.5,38948.0,Received
PO004924,SUP00100,PART01361,PLT0015,2026-01-12 00:44:13,2026-02-26 00:44:13,2026-02-25 00:44:13,1218,1218,901.86,46499.28,12.5,12476.03,Received
PO004925,SUP00051,PART00126,PLT0002,2026-05-12 10:39:42,2026-05-19 10:39:42,2026-05-21 10:39:42,4234,4234,1470.75,298193.76,0,56146.85,Received
PO004926,SUP00025,PART00683,PLT0022,2026-04-29 11:21:49,2026-05-29 11:21:49,2026-05-28 11:21:49,419,419,645.43,6682.61,18,4866.8,Received
PO004927,SUP00056,PART01127,PLT0029,2026-05-10 18:39:06,2026-07-09 18:39:06,2026-07-12 18:39:06,1462,1462,1242.92,47751.19,18,24966.42,Received
PO004928,SUP00156,PART00814,PLT0001,2026-03-02 19:31:28,2026-03-12 19:31:28,2026-03-10 19:31:28,3202,3202,2585.47,624282.83,0,100215.23,Received
PO004929,SUP00156,PART00604,PLT0002,2026-04-04 16:29:46,2026-04-14 16:29:46,2026-04-19 16:29:46,770,770,747.53,40363.78,10,6022.61,Received
PO004930,SUP00175,PART00671,PLT0002,2026-06-06 14:53:03,2026-06-20 14:53:03,2026-06-24 14:53:03,1741,1022,4640.6,446141.18,12.5,136598.06,Received
PO004931,SUP00082,PART01546,PLT0009,2026-05-25 20:36:01,2026-06-04 20:36:01,2026-06-02 20:36:01,3414,3414,2495.45,182405.06,5,91394.29,Received
PO004932,SUP00082,PART00476,PLT0016,2026-03-22 00:22:50,2026-04-01 00:22:50,2026-03-29 00:22:50,2776,2776,2932.15,380832.2,7.5,72676.07,Received
PO004933,SUP00064,PART00666,PLT0005,2026-03-03 13:40:06,2026-05-02 13:40:06,2026-05-03 13:40:06,576,258,442.17,10685.14,12.5,2265.4,Received
PO004934,SUP00080,PART00040,PLT0025,2026-03-18 06:44:13,2026-04-01 06:44:13,2026-03-29 06:44:13,3981,3981,1996.66,457081.17,5,71308.85,Received
PO004935,SUP00082,PART00632,PLT0025,2026-03-08 10:39:23,2026-03-18 10:39:23,2026-03-16 10:39:23,4535,2499,2521.95,629480.92,10,94253.7,Received
PO004936,SUP00164,PART01878,PLT0000,2026-04-21 19:50:37,2026-04-28 19:50:37,2026-04-26 19:50:37,1658,1333,1437.41,58517.21,18,21828.7,Received
PO004937,SUP00045,PART01940,PLT0028,2026-03-15 12:29:05,2026-04-05 12:29:05,2026-04-15 12:29:05,1306,1306,4870.48,225490.53,12.5,66533.52,Received
PO004938,SUP00049,PART01596,PLT0028,2026-02-09 16:49:39,2026-02-16 16:49:39,2026-02-13 16:49:39,752,752,1908.87,54481.37,0,25816.02,Received
PO004939,SUP00033,PART00879,PLT0024,2026-06-25 13:44:58,2026-07-05 13:44:58,2026-07-04 13:44:58,4280,4280,1452.47,300402.77,0,99423.29,Received
PO004940,SUP00022,PART01148,PLT0003,2026-04-22 19:41:58,2026-06-06 19:41:58,2026-06-17 19:41:58,190,190,945.83,13619.89,0,3577.49,Received
PO004941,SUP00094,PART01758,PLT0006,2026-02-16 10:27:04,2026-03-09 10:27:04,2026-03-08 10:27:04,2047,2047,269.06,37475.76,0,5379.59,Received
PO004942,SUP00003,PART00450,PLT0004,2026-06-19 04:01:11,2026-06-29 04:01:11,2026-06-27 04:01:11,4060,4060,4020.46,443716.42,0,255036.14,Received
PO004943,SUP00098,PART01175,PLT0023,2026-01-21 23:58:34,2026-03-22 23:58:34,2026-03-21 23:58:34,71,45,3581.24,18372.9,18,1701.08,Received
PO004944,SUP00188,PART00433,PLT0029,2026-05-08 07:31:26,2026-07-07 07:31:26,2026-07-05 07:31:26,3032,3032,12.3,1850.97,0,462.57,Received
PO004945,SUP00032,PART00819,PLT0003,2026-05-13 10:16:52,2026-06-27 10:16:52,2026-06-24 10:16:52,114,114,4861.8,38012.47,0,6698.18,Received
PO004946,SUP00099,PART01255,PLT0029,2026-01-29 23:57:48,2026-03-30 23:57:48,2026-03-28 23:57:48,4678,4678,4928.9,1473350.91,10,186623.68,Received
PO004947,SUP00045,PART01854,PLT0011,2026-02-18 00:12:29,2026-03-11 00:12:29,2026-03-10 00:12:29,4501,3581,4478.45,1271967.33,10,311853.62,Received
PO004948,SUP00108,PART01297,PLT0000,2026-02-22 22:41:16,2026-04-23 22:41:16,2026-04-23 22:41:16,4756,4756,4632.85,792943.13,15,329998.81,Received
PO004949,SUP00130,PART00184,PLT0024,2026-03-25 07:47:30,2026-05-24 07:47:30,2026-05-23 07:47:30,685,685,3776.05,71687.79,7.5,27915.78,Received
PO004950,SUP00179,PART00329,PLT0026,2026-01-19 18:55:02,2026-02-18 18:55:02,2026-02-15 18:55:02,1116,1116,188.64,4259.81,18,2414.73,Received
PO004951,SUP00007,PART01315,PLT0009,2026-05-06 00:35:30,2026-05-20 00:35:30,2026-06-04 00:35:30,3647,1742,905.95,208146.58,5,61431.96,Received
PO004952,SUP00039,PART01961,PLT0004,2026-02-18 23:20:24,2026-03-04 23:20:24,2026-03-01 23:20:24,1688,1688,62.63,7637.47,5,1151.41,Received
PO004953,SUP00057,PART01528,PLT0002,2026-01-31 18:56:52,2026-03-02 18:56:52,2026-03-02 18:56:52,2455,2455,1100.93,76170.46,18,45049.52,Received
PO004954,SUP00178,PART01927,PLT0026,2026-04-16 03:34:07,2026-06-15 03:34:07,2026-06-13 03:34:07,110,110,3445.71,18169.01,0,4412.54,Received
PO004955,SUP00060,PART00639,PLT0006,2026-02-23 00:41:09,2026-04-24 00:41:09,2026-04-24 00:41:09,2869,2869,3713.35,404547.44,0,115065.84,Received
PO004956,SUP00072,PART00658,PLT0005,2026-03-09 22:09:14,2026-05-08 22:09:14,2026-05-07 22:09:14,1100,1100,1932.45,149116.95,18,34695.36,Received
PO004957,SUP00150,PART00568,PLT0023,2026-03-14 15:56:30,2026-03-21 15:56:30,2026-03-19 15:56:30,2665,2170,649.01,102264.19,15,21174.49,Received
PO004958,SUP00079,PART01888,PLT0025,2026-02-21 05:34:11,2026-02-28 05:34:11,2026-02-28 05:34:11,2689,2689,1063.49,61928.29,12.5,32465.77,Received
PO004959,SUP00038,PART00709,PLT0025,2026-01-01 02:28:28,2026-03-02 02:28:28,2026-02-27 02:28:28,1469,1469,2575.13,143920.18,15,44082.33,Received
PO004960,SUP00133,PART00255,PLT0008,2026-04-29 23:04:06,2026-06-13 23:04:06,2026-06-22 23:04:06,3948,3948,4381.91,883666.18,0,197991.84,Received
PO004961,SUP00151,PART00713,PLT0005,2026-04-11 18:00:04,2026-05-02 18:00:04,2026-05-13 18:00:04,1997,1997,1222.13,158854.8,18,17090.59,Received
PO004962,SUP00069,PART00105,PLT0027,2026-04-19 16:16:13,2026-05-03 16:16:13,2026-05-12 16:16:13,1488,1488,1428.89,102983.83,18,37857.69,Received
PO004963,SUP00072,PART01216,PLT0016,2026-04-10 21:22:00,2026-06-09 21:22:00,2026-06-12 21:22:00,344,344,1088.91,10399.42,0,5390.93,Received
PO004964,SUP00173,PART00008,PLT0020,2026-05-17 14:05:11,2026-05-27 14:05:11,2026-06-01 14:05:11,1231,1231,708.08,35502.38,7.5,10779.4,Received
PO004965,SUP00040,PART00167,PLT0006,2026-01-10 15:20:18,2026-01-17 15:20:18,2026-01-14 15:20:18,4809,4809,2270.45,772516.32,0,82030.2,Received
PO004966,SUP00167,PART00177,PLT0000,2026-01-04 00:02:39,2026-01-18 00:02:39,2026-01-17 00:02:39,1437,1437,257.45,19861.4,0,6533.08,Received
PO004967,SUP00173,PART01715,PLT0014,2026-04-22 02:31:59,2026-05-02 02:31:59,2026-05-12 02:31:59,4248,2277,1885.9,539396.69,7.5,151617.68,Received
PO004968,SUP00016,PART00345,PLT0013,2026-06-03 09:04:54,2026-06-24 09:04:54,2026-06-23 09:04:54,1448,1448,1395.33,107198.35,15,24455.59,Received
PO004969,SUP00080,PART00065,PLT0000,2026-02-15 05:45:04,2026-03-01 05:45:04,2026-03-01 05:45:04,4069,4069,2301.47,382355.71,12.5,122971.43,Received
PO004970,SUP00021,PART00303,PLT0009,2026-03-16 00:38:41,2026-04-15 00:38:41,2026-04-13 00:38:41,4767,4767,3400.08,980256.92,18,160436.23,Received
PO004971,SUP00077,PART01937,PLT0011,2026-01-17 08:41:44,2026-03-03 08:41:44,2026-03-02 08:41:44,4229,4229,1854.43,337154.39,0,41745.32,Received
PO004972,SUP00173,PART01172,PLT0018,2026-05-02 00:16:50,2026-05-12 00:16:50,2026-05-10 00:16:50,4783,4783,422.53,53708.09,15,13438.79,Received
PO004973,SUP00091,PART01193,PLT0028,2026-01-13 03:00:47,2026-01-27 03:00:47,2026-01-25 03:00:47,4152,4152,2307.91,334295.47,0,148081.28,Received
PO004974,SUP00172,PART01256,PLT0021,2026-06-05 16:24:51,2026-06-15 16:24:51,2026-06-15 16:24:51,915,915,4042.59,207630.56,12.5,46577.79,Received
PO004975,SUP00070,PART01067,PLT0022,2026-02-09 13:35:44,2026-03-26 13:35:44,2026-03-25 13:35:44,1158,1056,1290.4,91543.91,18,28117.06,Received
PO004976,SUP00197,PART00873,PLT0020,2026-04-06 04:40:35,2026-04-16 04:40:35,2026-04-14 04:40:35,1558,1558,396.99,39541.13,10,9337.89,Received
PO004977,SUP00011,PART01890,PLT0028,2026-04-26 12:31:52,2026-05-06 12:31:52,2026-05-04 12:31:52,4022,4022,2820.88,622776.24,15,171006.35,Received
PO004978,SUP00159,PART01341,PLT0015,2026-01-11 00:32:04,2026-01-18 00:32:04,2026-01-18 00:32:04,4966,4966,1650.49,528685.85,0,69527.05,Received
PO004979,SUP00179,PART00386,PLT0007,2026-03-19 23:39:04,2026-04-18 23:39:04,2026-05-03 23:39:04,2911,2911,1984.73,155209.79,15,44447.28,Received
PO004980,SUP00066,PART00544,PLT0000,2026-03-07 17:06:00,2026-04-21 17:06:00,2026-04-21 17:06:00,3104,3104,3204.77,773301.43,18,146088.62,Received
PO004981,SUP00059,PART00888,PLT0013,2026-02-18 01:54:51,2026-03-04 01:54:51,2026-03-06 01:54:51,2278,2278,2205.11,263811.67,0,53400.79,Received
PO004982,SUP00132,PART00131,PLT0010,2026-03-01 00:16:28,2026-03-15 00:16:28,2026-03-15 00:16:28,970,970,2483.54,148902.26,18,34473.47,Received
PO004983,SUP00161,PART00692,PLT0019,2026-02-19 20:43:36,2026-03-21 20:43:36,2026-03-21 20:43:36,1261,1261,4461.07,242931.07,10,38049.63,Received
PO004984,SUP00146,PART00420,PLT0007,2026-03-18 11:46:49,2026-04-08 11:46:49,2026-04-05 11:46:49,2552,2552,790.76,74093.25,0,16689.1,Received
PO004985,SUP00171,PART00922,PLT0028,2026-02-21 05:40:51,2026-04-22 05:40:51,2026-04-22 05:40:51,810,810,4751.24,90384.4,0,66912.59,Received
PO004986,SUP00093,PART00009,PLT0028,2026-03-21 14:04:53,2026-03-28 14:04:53,2026-03-27 14:04:53,1534,1534,4836.51,269188.66,0,79879.47,Received
PO004987,SUP00051,PART01583,PLT0008,2026-06-28 14:04:30,2026-07-05 14:04:30,2026-07-03 14:04:30,707,707,3585.28,143143.01,18,17256.05,Received
PO004988,SUP00162,PART01186,PLT0015,2026-04-08 04:53:46,2026-04-15 04:53:46,2026-04-13 04:53:46,2718,2718,1317.07,168278.96,0,36497.18,Received
PO004989,SUP00050,PART01786,PLT0007,2026-03-19 19:25:28,2026-04-18 19:25:28,2026-04-18 19:25:28,1799,1799,4505.48,455091.43,7.5,105431.06,Received
PO004990,SUP00054,PART01217,PLT0006,2026-01-06 13:22:31,2026-02-20 13:22:31,2026-02-25 13:22:31,2284,2284,26.62,1386.31,0,334.52,Received
PO004991,SUP00095,PART00011,PLT0013,2026-04-24 21:33:22,2026-05-15 21:33:22,2026-05-15 21:33:22,4988,4988,2924.88,480815.76,5,91714.12,Received
PO004992,SUP00157,PART00963,PLT0018,2026-02-02 17:00:36,2026-03-19 17:00:36,2026-03-16 17:00:36,2409,2409,3688.65,665827.95,5,138747.41,Received
PO004993,SUP00163,PART00915,PLT0011,2026-01-01 13:34:51,2026-01-08 13:34:51,2026-01-08 13:34:51,3577,3577,3729.32,679708.88,0,141837.13,Received
PO004994,SUP00084,PART00225,PLT0001,2026-04-22 16:44:22,2026-04-29 16:44:22,2026-04-26 16:44:22,3077,3077,1181.43,248180.14,10,51183.14,Received
PO004995,SUP00027,PART01699,PLT0026,2026-01-05 22:44:07,2026-01-12 22:44:07,2026-01-10 22:44:07,1812,1812,3320.4,224768.03,7.5,62018.75,Received
PO004996,SUP00001,PART00731,PLT0022,2026-04-14 11:52:54,2026-05-29 11:52:54,2026-05-28 11:52:54,747,747,32.32,1739.81,12.5,260.22,Received
PO004997,SUP00010,PART01468,PLT0010,2026-02-19 17:26:37,2026-04-20 17:26:37,2026-04-24 17:26:37,2145,1985,4806.95,271792.57,0,170484.95,Received
PO004998,SUP00119,PART00840,PLT0016,2026-04-17 11:17:18,2026-05-08 11:17:18,2026-05-08 11:17:18,109,109,2720.38,22342.72,18,5366.38,Received
PO004999,SUP00117,PART01443,PLT0020,2026-05-11 09:59:41,2026-06-25 09:59:41,2026-06-25 09:59:41,712,712,3810.95,60750.22,5,14498.15,Received
