shipment_id,po_id,supplier_id,plant_id,ship_date,expected_arrival,actual_arrival,carrier,freight_cost,shipment_status
SHIP000000,PO004302,SUP00080,PLT0006,2026-04-22 11:37:32,2026-05-05 11:37:32,2026-05-04 11:37:32,FedEx Freight,53148.58,Delivered
SHIP000001,PO000988,SUP00034,PLT0002,2026-05-08 07:51:03,2026-06-02 07:51:03,2026-05-31 07:51:03,DB Schenker,487826.49,Delivered
SHIP000002,PO003803,SUP00166,PLT0018,2026-04-01 18:34:25,2026-04-18 18:34:25,2026-04-16 18:34:25,BlueDart Cargo,175410.19,Delivered
SHIP000003,PO003471,SUP00135,PLT0023,2026-02-27 16:48:37,2026-04-10 16:48:37,2026-04-08 16:48:37,Maersk,915728.85,Delivered
SHIP000004,PO001053,SUP00138,PLT0019,2026-03-28 12:51:07,2026-04-09 12:51:07,2026-04-08 12:51:07,Maersk,26838.04,Delivered
SHIP000005,PO002044,SUP00194,PLT0001,2026-05-20 17:20:19,2026-06-09 17:20:19,2026-06-12 17:20:19,Delhivery B2B,32801.04,Delivered Late
SHIP000006,PO001415,SUP00073,PLT0011,2026-04-10 20:39:37,2026-05-23 20:39:37,2026-05-23 20:39:37,BlueDart Cargo,14099.56,Delivered
SHIP000007,PO002679,SUP00084,PLT0022,2026-02-06 23:28:06,2026-02-12 23:28:06,2026-02-12 23:28:06,DHL,383495.76,Delivered
SHIP000008,PO002747,SUP00092,PLT0025,2026-02-13 08:51:00,2026-03-27 08:51:00,2026-03-26 08:51:00,DHL,847049.82,Delivered
SHIP000009,PO004350,SUP00047,PLT0018,2026-05-13 15:34:09,2026-05-25 15:34:09,2026-05-23 15:34:09,Maersk,1748594.77,Delivered
SHIP000010,PO004458,SUP00100,PLT0004,2026-02-21 07:40:03,2026-04-04 07:40:03,2026-04-02 07:40:03,Maersk,378073.59,Delivered
SHIP000011,PO000933,SUP00150,PLT0016,2026-01-12 20:24:21,2026-01-18 20:24:21,2026-01-16 20:24:21,Maersk,463673.55,Delivered
SHIP000012,PO000695,SUP00189,PLT0016,2026-04-20 11:41:14,2026-06-02 11:41:14,2026-06-02 11:41:14,BlueDart Cargo,88117.18,Delivered
SHIP000013,PO000952,SUP00162,PLT0024,2026-03-08 12:05:29,2026-03-10 12:05:29,2026-03-14 12:05:29,DB Schenker,362.4,Delivered Late
SHIP000014,PO001355,SUP00133,PLT0004,2026-05-16 22:15:43,2026-06-28 22:15:43,2026-06-26 22:15:43,Kuehne+Nagel,511951.06,Delivered
SHIP000015,PO003603,SUP00092,PLT0018,2026-04-19 21:30:10,2026-05-31 21:30:10,2026-05-29 21:30:10,FedEx Freight,262340.05,Delivered
SHIP000016,PO003795,SUP00002,PLT0019,2026-02-12 10:41:31,2026-02-17 10:41:31,2026-02-27 10:41:31,FedEx Freight,919175.68,Delivered Late
SHIP000017,PO003429,SUP00166,PLT0028,2026-02-15 09:49:00,2026-03-07 09:49:00,2026-03-06 09:49:00,Delhivery B2B,344304.61,Delivered
SHIP000018,PO000806,SUP00101,PLT0029,2026-02-25 01:30:56,2026-04-25 01:30:56,2026-04-22 01:30:56,Maersk,203220.02,Delivered
SHIP000019,PO002970,SUP00037,PLT0000,2026-03-26 22:01:59,2026-04-04 22:01:59,2026-04-01 22:01:59,FedEx Freight,6206.36,Delivered
SHIP000020,PO000781,SUP00112,PLT0013,2026-03-20 05:16:48,2026-04-15 05:16:48,2026-04-13 05:16:48,Maersk,186897.5,Delivered
SHIP000021,PO004468,SUP00197,PLT0029,2026-02-07 00:46:29,2026-02-12 00:46:29,2026-02-25 00:46:29,Maersk,424112.44,Delivered Late
SHIP000022,PO000241,SUP00115,PLT0005,2026-04-09 16:17:22,2026-04-19 16:17:22,2026-04-16 16:17:22,DB Schenker,102322.6,Delivered
SHIP000023,PO003685,SUP00151,PLT0015,2026-04-25 16:22:03,2026-05-12 16:22:03,2026-05-18 16:22:03,Kuehne+Nagel,35495.86,Delivered Late
SHIP000024,PO004119,SUP00007,PLT0028,2026-06-20 16:41:35,2026-07-01 16:41:35,2026-06-30 16:41:35,BlueDart Cargo,133311.61,Delivered
SHIP000025,PO002179,SUP00191,PLT0020,2026-04-25 04:35:23,2026-06-22 04:35:23,2026-07-02 04:35:23,DB Schenker,27498.51,Delivered Late
SHIP000026,PO002548,SUP00175,PLT0019,2026-05-19 11:50:23,2026-05-30 11:50:23,2026-05-29 11:50:23,Kuehne+Nagel,197850.45,Delivered
SHIP000027,PO001038,SUP00158,PLT0019,2026-05-17 15:33:14,2026-05-20 15:33:14,2026-05-18 15:33:14,BlueDart Cargo,46782.39,Delivered
SHIP000028,PO002156,SUP00033,PLT0006,2026-03-28 05:36:47,2026-04-02 05:36:47,2026-03-30 05:36:47,FedEx Freight,62984.82,Delivered
SHIP000029,PO003186,SUP00163,PLT0015,2026-05-24 04:09:23,2026-05-26 04:09:23,2026-05-24 04:09:23,DHL,528819.46,Delivered
SHIP000030,PO003836,SUP00056,PLT0024,2026-03-14 03:23:35,2026-05-08 03:23:35,2026-05-06 03:23:35,Kuehne+Nagel,68703.44,Delivered
SHIP000031,PO003561,SUP00165,PLT0012,2026-01-31 23:23:18,2026-03-13 23:23:18,2026-03-10 23:23:18,Kuehne+Nagel,439577.92,Delivered
SHIP000032,PO000159,SUP00086,PLT0016,2026-02-10 20:14:48,2026-02-28 20:14:48,2026-02-26 20:14:48,Delhivery B2B,124240.78,Delivered
SHIP000033,PO000500,SUP00107,PLT0011,2026-01-11 07:35:46,2026-01-31 07:35:46,2026-01-31 07:35:46,Delhivery B2B,197266.73,Delivered
SHIP000034,PO002080,SUP00121,PLT0006,2026-01-05 13:28:04,2026-01-10 13:28:04,2026-01-08 13:28:04,BlueDart Cargo,595754.7,Delivered
SHIP000035,PO001138,SUP00038,PLT0006,2026-05-13 23:03:55,2026-07-09 23:03:55,2026-07-09 23:03:55,FedEx Freight,164354.67,Delivered
SHIP000036,PO002827,SUP00143,PLT0005,2026-03-04 04:13:09,2026-04-15 04:13:09,2026-04-27 04:13:09,BlueDart Cargo,275783.43,Delivered Late
SHIP000037,PO003635,SUP00063,PLT0007,2026-01-06 08:54:12,2026-02-02 08:54:12,2026-02-03 08:54:12,Maersk,402712.79,Delivered Late
SHIP000038,PO003369,SUP00182,PLT0003,2026-04-21 05:48:12,2026-05-19 05:48:12,2026-05-28 05:48:12,Kuehne+Nagel,188568.76,Delivered Late
SHIP000039,PO002585,SUP00108,PLT0010,2026-01-21 01:58:43,2026-03-18 01:58:43,2026-03-18 01:58:43,DB Schenker,1466395.46,Delivered
SHIP000040,PO004071,SUP00176,PLT0019,2026-03-05 09:52:41,2026-04-30 09:52:41,2026-04-29 09:52:41,Maersk,148048.75,Delivered
SHIP000041,PO000757,SUP00149,PLT0011,2026-03-19 21:14:17,2026-05-14 21:14:17,2026-05-16 21:14:17,Delhivery B2B,7164.69,Delivered Late
SHIP000042,PO001504,SUP00120,PLT0029,2026-02-13 06:06:23,2026-04-11 06:06:23,2026-04-08 06:06:23,Kuehne+Nagel,713896.63,Delivered
SHIP000043,PO002773,SUP00097,PLT0019,2026-05-08 21:26:17,2026-05-15 21:26:17,2026-05-12 21:26:17,Delhivery B2B,22700.46,Delivered
SHIP000044,PO002102,SUP00194,PLT0007,2026-02-19 22:47:15,2026-03-10 22:47:15,2026-03-09 22:47:15,Kuehne+Nagel,396578.86,Delivered
SHIP000045,PO002443,SUP00100,PLT0006,2026-03-03 21:26:29,2026-04-15 21:26:29,2026-04-14 21:26:29,DHL,487796.47,Delivered
SHIP000046,PO002867,SUP00007,PLT0005,2026-04-10 17:30:24,2026-04-19 17:30:24,2026-04-17 17:30:24,BlueDart Cargo,121396.12,Delivered
SHIP000047,PO004465,SUP00120,PLT0011,2026-01-18 11:54:43,2026-03-14 11:54:43,2026-03-14 11:54:43,Kuehne+Nagel,11119.56,Delivered
SHIP000048,PO002468,SUP00146,PLT0019,2026-04-05 18:15:24,2026-04-22 18:15:24,2026-04-22 18:15:24,DHL,3435.45,Delivered
SHIP000049,PO003608,SUP00064,PLT0004,2026-01-26 20:33:54,2026-03-23 20:33:54,2026-04-05 20:33:54,DB Schenker,26341.2,Delivered Late
SHIP000050,PO004654,SUP00023,PLT0018,2026-04-05 22:08:49,2026-04-15 22:08:49,2026-04-28 22:08:49,Maersk,93126.74,Delivered Late
SHIP000051,PO002890,SUP00171,PLT0003,2026-01-24 22:20:14,2026-03-23 22:20:14,2026-04-07 22:20:14,Delhivery B2B,592922.52,Delivered Late
SHIP000052,PO000718,SUP00103,PLT0009,2026-06-20 11:58:23,2026-07-01 11:58:23,2026-06-28 11:58:23,Maersk,1054861.4,Delivered
SHIP000053,PO004874,SUP00020,PLT0027,2026-02-15 14:22:08,2026-04-11 14:22:08,2026-04-09 14:22:08,Delhivery B2B,167536.92,Delivered
SHIP000054,PO003202,SUP00023,PLT0003,2026-02-20 04:44:03,2026-03-05 04:44:03,2026-03-18 04:44:03,Kuehne+Nagel,11818.02,Delivered Late
SHIP000055,PO000522,SUP00095,PLT0029,2026-02-11 21:32:29,2026-03-03 21:32:29,2026-03-03 21:32:29,DHL,253478.38,Delivered
SHIP000056,PO002082,SUP00174,PLT0022,2026-02-26 23:28:45,2026-04-09 23:28:45,2026-04-06 23:28:45,FedEx Freight,325792.22,Delivered
SHIP000057,PO004699,SUP00160,PLT0024,2026-05-03 12:10:13,2026-05-09 12:10:13,2026-05-06 12:10:13,DB Schenker,106428.27,Delivered
SHIP000058,PO000146,SUP00128,PLT0019,2026-05-24 17:41:38,2026-06-09 17:41:38,2026-06-07 17:41:38,Maersk,1366839.94,Delivered
SHIP000059,PO000546,SUP00185,PLT0001,2026-01-05 18:59:32,2026-03-03 18:59:32,2026-03-01 18:59:32,Kuehne+Nagel,391870.41,Delivered
SHIP000060,PO002167,SUP00118,PLT0023,2026-01-16 02:52:43,2026-01-22 02:52:43,2026-02-05 02:52:43,DB Schenker,210750.71,Delivered Late
SHIP000061,PO000229,SUP00179,PLT0027,2026-04-09 07:16:23,2026-05-08 07:16:23,2026-05-06 07:16:23,Delhivery B2B,401293.2,Delivered
SHIP000062,PO004812,SUP00188,PLT0023,2026-03-30 05:50:07,2026-05-26 05:50:07,2026-05-23 05:50:07,BlueDart Cargo,693370.19,Delivered
SHIP000063,PO000175,SUP00009,PLT0020,2026-03-14 16:31:16,2026-03-18 16:31:16,2026-03-19 16:31:16,BlueDart Cargo,199928.7,Delivered Late
SHIP000064,PO002742,SUP00046,PLT0016,2026-04-16 13:27:23,2026-04-21 13:27:23,2026-04-21 13:27:23,DHL,176643.13,Delivered
SHIP000065,PO002486,SUP00188,PLT0015,2026-03-20 14:57:56,2026-05-18 14:57:56,2026-05-15 14:57:56,BlueDart Cargo,234303.45,Delivered
SHIP000066,PO002463,SUP00121,PLT0006,2026-05-23 04:26:58,2026-05-27 04:26:58,2026-06-05 04:26:58,DHL,136868.48,Delivered Late
SHIP000067,PO002549,SUP00015,PLT0004,2026-05-13 22:41:02,2026-05-16 22:41:02,2026-05-13 22:41:02,FedEx Freight,865210.86,Delivered
SHIP000068,PO004681,SUP00048,PLT0000,2026-04-07 12:53:52,2026-04-18 12:53:52,2026-04-15 12:53:52,DB Schenker,1053874.31,Delivered
SHIP000069,PO003463,SUP00098,PLT0029,2026-03-02 07:52:32,2026-04-27 07:52:32,2026-05-06 07:52:32,FedEx Freight,259975.75,Delivered Late
SHIP000070,PO001392,SUP00132,PLT0019,2026-04-02 23:00:29,2026-04-15 23:00:29,2026-04-15 23:00:29,Maersk,108093.37,Delivered
SHIP000071,PO003064,SUP00077,PLT0007,2026-02-01 02:06:26,2026-03-14 02:06:26,2026-03-14 02:06:26,DB Schenker,208815.22,Delivered
SHIP000072,PO001185,SUP00069,PLT0020,2026-03-16 17:26:08,2026-03-27 17:26:08,2026-03-25 17:26:08,Kuehne+Nagel,38075.12,Delivered
SHIP000073,PO000897,SUP00077,PLT0019,2026-03-08 23:30:34,2026-04-21 23:30:34,2026-04-19 23:30:34,DB Schenker,95418.87,Delivered
SHIP000074,PO003448,SUP00065,PLT0022,2026-03-09 20:23:16,2026-04-20 20:23:16,2026-04-18 20:23:16,Delhivery B2B,507530.23,Delivered
SHIP000075,PO002861,SUP00073,PLT0025,2026-03-27 23:40:46,2026-05-09 23:40:46,2026-05-07 23:40:46,FedEx Freight,459897.58,Delivered
SHIP000076,PO002016,SUP00087,PLT0012,2026-01-12 18:11:34,2026-02-25 18:11:34,2026-02-23 18:11:34,Maersk,228858.15,Delivered
SHIP000077,PO004519,SUP00138,PLT0021,2026-02-09 08:22:58,2026-02-18 08:22:58,2026-02-17 08:22:58,Maersk,146342.14,Delivered
SHIP000078,PO003741,SUP00125,PLT0023,2026-03-28 18:43:21,2026-05-09 18:43:21,2026-05-07 18:43:21,FedEx Freight,158878.76,Delivered
SHIP000079,PO001778,SUP00197,PLT0018,2026-03-21 05:52:37,2026-03-27 05:52:37,2026-03-24 05:52:37,Maersk,25217.81,Delivered
SHIP000080,PO004768,SUP00170,PLT0021,2026-02-27 21:58:03,2026-03-08 21:58:03,2026-03-06 21:58:03,Maersk,148036.58,Delivered
SHIP000081,PO000394,SUP00007,PLT0011,2026-05-25 19:24:48,2026-06-06 19:24:48,2026-06-06 19:24:48,FedEx Freight,33316.25,Delivered
SHIP000082,PO003747,SUP00185,PLT0027,2026-03-06 06:53:21,2026-04-30 06:53:21,2026-04-29 06:53:21,FedEx Freight,184550.1,Delivered
SHIP000083,PO003307,SUP00006,PLT0005,2026-04-02 15:13:11,2026-04-05 15:13:11,2026-04-04 15:13:11,Delhivery B2B,780520.33,Delivered
SHIP000084,PO003197,SUP00154,PLT0003,2026-05-22 07:45:18,2026-05-29 07:45:18,2026-05-26 07:45:18,DHL,308979.0,Delivered
SHIP000085,PO003295,SUP00141,PLT0024,2026-04-10 07:41:41,2026-05-22 07:41:41,2026-05-19 07:41:41,BlueDart Cargo,48104.26,Delivered
SHIP000086,PO003981,SUP00194,PLT0022,2026-01-18 10:36:21,2026-02-03 10:36:21,2026-02-03 10:36:21,Maersk,996040.66,Delivered
SHIP000087,PO002921,SUP00016,PLT0028,2026-04-24 19:43:07,2026-05-13 19:43:07,2026-05-11 19:43:07,BlueDart Cargo,177993.06,Delivered
SHIP000088,PO001243,SUP00073,PLT0006,2026-01-14 20:57:41,2026-02-26 20:57:41,2026-03-06 20:57:41,Delhivery B2B,262780.42,Delivered Late
SHIP000089,PO002103,SUP00170,PLT0020,2026-03-21 13:12:07,2026-04-03 13:12:07,2026-04-05 13:12:07,Kuehne+Nagel,2383.05,Delivered Late
SHIP000090,PO002437,SUP00068,PLT0013,2026-04-29 08:48:16,2026-05-26 08:48:16,2026-05-24 08:48:16,DB Schenker,332326.84,Delivered
SHIP000091,PO001488,SUP00154,PLT0018,2026-04-22 17:43:39,2026-04-28 17:43:39,2026-04-27 17:43:39,DHL,136877.71,Delivered
SHIP000092,PO000115,SUP00051,PLT0025,2026-02-16 04:39:13,2026-02-20 04:39:13,2026-02-18 04:39:13,Kuehne+Nagel,47819.93,Delivered
SHIP000093,PO001971,SUP00194,PLT0014,2026-05-17 13:30:20,2026-06-03 13:30:20,2026-06-03 13:30:20,DB Schenker,208098.32,Delivered
SHIP000094,PO000850,SUP00015,PLT0018,2026-04-23 04:01:18,2026-04-26 04:01:18,2026-04-29 04:01:18,BlueDart Cargo,408181.22,Delivered Late
SHIP000095,PO002627,SUP00013,PLT0016,2026-06-04 22:24:53,2026-06-22 22:24:53,2026-06-21 22:24:53,BlueDart Cargo,467669.81,Delivered
SHIP000096,PO003938,SUP00173,PLT0009,2026-04-18 10:22:00,2026-04-24 10:22:00,2026-04-22 10:22:00,DHL,553242.99,Delivered
SHIP000097,PO004826,SUP00133,PLT0012,2026-04-18 10:33:07,2026-05-31 10:33:07,2026-05-31 10:33:07,FedEx Freight,83795.27,Delivered
SHIP000098,PO004863,SUP00011,PLT0014,2026-01-28 15:05:51,2026-02-02 15:05:51,2026-02-03 15:05:51,Kuehne+Nagel,60795.25,Delivered Late
SHIP000099,PO004045,SUP00008,PLT0019,2026-01-08 05:40:12,2026-01-13 05:40:12,2026-01-12 05:40:12,Maersk,158676.28,Delivered
SHIP000100,PO000074,SUP00199,PLT0008,2026-04-19 13:34:29,2026-04-30 13:34:29,2026-04-28 13:34:29,FedEx Freight,122111.57,Delivered
SHIP000101,PO003312,SUP00100,PLT0007,2026-03-21 12:21:00,2026-05-04 12:21:00,2026-05-01 12:21:00,FedEx Freight,27714.5,Delivered
SHIP000102,PO002843,SUP00087,PLT0021,2026-03-09 03:33:13,2026-04-19 03:33:13,2026-04-19 03:33:13,DB Schenker,6998.39,Delivered
SHIP000103,PO004566,SUP00164,PLT0021,2026-02-24 04:10:07,2026-02-26 04:10:07,2026-02-23 04:10:07,Delhivery B2B,245.17,Delivered
SHIP000104,PO000538,SUP00075,PLT0009,2026-05-11 21:28:53,2026-07-06 21:28:53,2026-07-03 21:28:53,Kuehne+Nagel,162521.35,Delivered
SHIP000105,PO000839,SUP00058,PLT0016,2026-06-13 02:53:06,2026-06-25 02:53:06,2026-06-24 02:53:06,Kuehne+Nagel,751758.49,Delivered
SHIP000106,PO001072,SUP00059,PLT0005,2026-05-04 18:25:41,2026-05-13 18:25:41,2026-05-23 18:25:41,Maersk,139292.37,Delivered Late
SHIP000107,PO002272,SUP00002,PLT0007,2026-02-02 00:55:19,2026-02-06 00:55:19,2026-02-03 00:55:19,BlueDart Cargo,792950.37,Delivered
SHIP000108,PO003020,SUP00141,PLT0006,2026-04-22 13:55:32,2026-06-04 13:55:32,2026-06-02 13:55:32,Delhivery B2B,99336.61,Delivered
SHIP000109,PO000478,SUP00145,PLT0020,2026-01-18 05:17:43,2026-03-14 05:17:43,2026-03-12 05:17:43,DHL,226542.42,Delivered
SHIP000110,PO003873,SUP00045,PLT0010,2026-01-19 15:56:31,2026-02-06 15:56:31,2026-02-05 15:56:31,BlueDart Cargo,489828.42,Delivered
SHIP000111,PO003585,SUP00170,PLT0011,2026-05-17 20:51:35,2026-05-26 20:51:35,2026-05-23 20:51:35,Maersk,743461.38,Delivered
SHIP000112,PO004511,SUP00028,PLT0029,2026-06-08 13:36:33,2026-06-11 13:36:33,2026-06-18 13:36:33,Maersk,551740.03,Delivered Late
SHIP000113,PO001915,SUP00137,PLT0020,2026-05-18 19:00:36,2026-05-29 19:00:36,2026-05-29 19:00:36,BlueDart Cargo,33658.33,Delivered
SHIP000114,PO003568,SUP00056,PLT0017,2026-03-04 14:45:13,2026-05-01 14:45:13,2026-05-01 14:45:13,Kuehne+Nagel,103546.52,Delivered
SHIP000115,PO001832,SUP00177,PLT0000,2026-05-07 09:14:26,2026-05-27 09:14:26,2026-05-24 09:14:26,Kuehne+Nagel,417857.64,Delivered
SHIP000116,PO002681,SUP00026,PLT0029,2026-01-10 17:09:45,2026-03-09 17:09:45,2026-03-08 17:09:45,DHL,529365.98,Delivered
SHIP000117,PO000349,SUP00132,PLT0026,2026-06-02 07:27:11,2026-06-15 07:27:11,2026-06-15 07:27:11,BlueDart Cargo,85628.07,Delivered
SHIP000118,PO003453,SUP00068,PLT0025,2026-01-24 22:11:58,2026-02-19 22:11:58,2026-02-18 22:11:58,BlueDart Cargo,378453.73,Delivered
SHIP000119,PO004190,SUP00191,PLT0029,2026-02-19 20:48:46,2026-04-15 20:48:46,2026-04-14 20:48:46,DB Schenker,181690.7,Delivered
SHIP000120,PO000399,SUP00027,PLT0014,2026-02-03 15:33:46,2026-02-06 15:33:46,2026-02-03 15:33:46,BlueDart Cargo,389278.91,Delivered
SHIP000121,PO000843,SUP00192,PLT0003,2026-01-07 00:33:34,2026-03-05 00:33:34,2026-03-03 00:33:34,Delhivery B2B,137408.55,Delivered
SHIP000122,PO004659,SUP00011,PLT0020,2026-04-25 16:30:38,2026-05-02 16:30:38,2026-05-01 16:30:38,Delhivery B2B,251980.08,Delivered
SHIP000123,PO001139,SUP00129,PLT0006,2026-03-27 23:41:27,2026-05-22 23:41:27,2026-05-22 23:41:27,Kuehne+Nagel,529711.9,Delivered
SHIP000124,PO001198,SUP00117,PLT0007,2026-05-26 20:26:17,2026-07-06 20:26:17,,Delhivery B2B,514486.44,Delayed
SHIP000125,PO003764,SUP00046,PLT0003,2026-02-28 04:26:33,2026-03-05 04:26:33,2026-03-03 04:26:33,DB Schenker,189376.79,Delivered
SHIP000126,PO000981,SUP00148,PLT0000,2026-04-23 14:24:50,2026-05-21 14:24:50,2026-05-23 14:24:50,Maersk,72363.71,Delivered Late
SHIP000127,PO003427,SUP00045,PLT0029,2026-06-16 02:44:18,2026-07-06 02:44:18,2026-07-03 02:44:18,DB Schenker,47978.62,Delivered
SHIP000128,PO003400,SUP00056,PLT0000,2026-03-05 07:22:36,2026-05-03 07:22:36,2026-05-18 07:22:36,Kuehne+Nagel,674848.82,Delivered Late
SHIP000129,PO001403,SUP00191,PLT0029,2026-01-12 01:33:46,2026-03-12 01:33:46,2026-03-12 01:33:46,DHL,718306.75,Delivered
SHIP000130,PO001690,SUP00043,PLT0006,2026-01-16 01:43:57,2026-03-13 01:43:57,2026-03-25 01:43:57,Kuehne+Nagel,77415.39,Delivered Late
SHIP000131,PO001875,SUP00174,PLT0010,2026-02-03 01:07:46,2026-03-17 01:07:46,2026-03-16 01:07:46,FedEx Freight,211335.38,Delivered
SHIP000132,PO002933,SUP00052,PLT0010,2026-01-02 10:22:17,2026-01-31 10:22:17,2026-01-30 10:22:17,BlueDart Cargo,22491.22,Delivered
SHIP000133,PO001476,SUP00111,PLT0012,2026-06-14 20:59:23,2026-06-19 20:59:23,2026-06-17 20:59:23,Maersk,600634.8,Delivered
SHIP000134,PO003436,SUP00005,PLT0016,2026-04-10 23:45:05,2026-04-20 23:45:05,2026-04-17 23:45:05,Delhivery B2B,503379.48,Delivered
SHIP000135,PO000010,SUP00026,PLT0022,2026-04-04 03:53:44,2026-05-29 03:53:44,2026-05-29 03:53:44,DB Schenker,7757.46,Delivered
SHIP000136,PO004987,SUP00051,PLT0008,2026-06-29 14:04:30,2026-07-05 14:04:30,2026-07-03 14:04:30,Kuehne+Nagel,143143.01,Delivered
SHIP000137,PO003777,SUP00101,PLT0015,2026-05-09 08:37:41,2026-07-04 08:37:41,2026-07-04 08:37:41,BlueDart Cargo,331623.61,Delivered
SHIP000138,PO003665,SUP00175,PLT0017,2026-01-27 19:43:35,2026-02-09 19:43:35,2026-02-12 19:43:35,BlueDart Cargo,292368.68,Delivered Late
SHIP000139,PO001420,SUP00170,PLT0012,2026-03-27 09:58:32,2026-04-09 09:58:32,2026-04-24 09:58:32,FedEx Freight,66163.19,Delivered Late
SHIP000140,PO003413,SUP00075,PLT0014,2026-02-02 20:33:33,2026-04-01 20:33:33,2026-04-13 20:33:33,BlueDart Cargo,69646.19,Delivered Late
SHIP000141,PO002812,SUP00182,PLT0013,2026-05-03 22:20:10,2026-05-28 22:20:10,2026-05-25 22:20:10,Kuehne+Nagel,363259.47,Delivered
SHIP000142,PO002750,SUP00112,PLT0023,2026-02-23 02:28:13,2026-03-21 02:28:13,2026-03-18 02:28:13,FedEx Freight,1547096.13,Delivered
SHIP000143,PO004136,SUP00096,PLT0008,2026-04-23 12:30:34,2026-05-02 12:30:34,2026-05-01 12:30:34,FedEx Freight,844958.69,Delivered
SHIP000144,PO000551,SUP00115,PLT0007,2026-01-11 20:56:57,2026-01-22 20:56:57,2026-01-19 20:56:57,DHL,245618.06,Delivered
SHIP000145,PO001671,SUP00140,PLT0029,2026-04-07 15:13:11,2026-05-17 15:13:11,2026-05-17 15:13:11,DHL,376198.52,Delivered
SHIP000146,PO001041,SUP00018,PLT0029,2026-03-16 15:37:45,2026-04-01 15:37:45,2026-04-01 15:37:45,Delhivery B2B,546859.3,Delivered
SHIP000147,PO003560,SUP00138,PLT0029,2026-04-01 13:01:26,2026-04-10 13:01:26,2026-04-07 13:01:26,Kuehne+Nagel,12298.23,Delivered
SHIP000148,PO000807,SUP00010,PLT0027,2026-02-10 12:36:13,2026-04-08 12:36:13,2026-04-06 12:36:13,BlueDart Cargo,4613.98,Delivered
SHIP000149,PO001555,SUP00098,PLT0022,2026-01-09 17:00:27,2026-03-05 17:00:27,2026-03-04 17:00:27,Kuehne+Nagel,198442.2,Delivered
SHIP000150,PO002748,SUP00053,PLT0000,2026-04-27 04:05:22,2026-06-08 04:05:22,2026-06-08 04:05:22,BlueDart Cargo,20350.47,Delivered
SHIP000151,PO002129,SUP00197,PLT0028,2026-06-28 07:50:46,2026-07-07 07:50:46,2026-07-04 07:50:46,Delhivery B2B,1130999.11,Delivered
SHIP000152,PO001118,SUP00167,PLT0016,2026-04-16 22:40:11,2026-04-29 22:40:11,2026-04-26 22:40:11,DB Schenker,242534.75,Delivered
SHIP000153,PO003706,SUP00094,PLT0009,2026-05-08 19:49:05,2026-05-26 19:49:05,2026-05-26 19:49:05,Maersk,378138.76,Delivered
SHIP000154,PO000044,SUP00133,PLT0006,2026-01-25 02:50:37,2026-03-07 02:50:37,2026-03-04 02:50:37,DHL,245867.74,Delivered
SHIP000155,PO000673,SUP00182,PLT0028,2026-01-31 03:11:28,2026-02-27 03:11:28,2026-02-24 03:11:28,Maersk,114015.96,Delivered
SHIP000156,PO004512,SUP00061,PLT0002,2026-02-12 01:05:15,2026-02-20 01:05:15,2026-02-17 01:05:15,DB Schenker,101428.27,Delivered
SHIP000157,PO001048,SUP00008,PLT0026,2026-02-06 13:45:09,2026-02-10 13:45:09,2026-02-08 13:45:09,DHL,137396.88,Delivered
SHIP000158,PO001751,SUP00179,PLT0004,2026-05-16 16:30:06,2026-06-12 16:30:06,2026-06-09 16:30:06,FedEx Freight,22067.84,Delivered
SHIP000159,PO001656,SUP00140,PLT0023,2026-05-24 18:44:11,2026-07-07 18:44:11,2026-07-05 18:44:11,Maersk,67366.12,Delivered
SHIP000160,PO001086,SUP00131,PLT0027,2026-06-03 04:19:33,2026-06-22 04:19:33,2026-06-21 04:19:33,Kuehne+Nagel,20464.48,Delivered
SHIP000161,PO000470,SUP00019,PLT0003,2026-02-06 11:31:33,2026-04-04 11:31:33,2026-04-04 11:31:33,Delhivery B2B,59834.4,Delivered
SHIP000162,PO000422,SUP00111,PLT0022,2026-02-18 18:59:55,2026-02-23 18:59:55,2026-02-23 18:59:55,Kuehne+Nagel,344104.49,Delivered
SHIP000163,PO001360,SUP00171,PLT0018,2026-04-07 02:24:30,2026-06-04 02:24:30,2026-06-18 02:24:30,BlueDart Cargo,4460.78,Delivered Late
SHIP000164,PO002656,SUP00132,PLT0010,2026-01-30 21:58:35,2026-02-09 21:58:35,2026-02-09 21:58:35,DHL,17901.84,Delivered
SHIP000165,PO001824,SUP00157,PLT0012,2026-03-10 17:13:50,2026-04-19 17:13:50,2026-04-16 17:13:50,DHL,202797.41,Delivered
SHIP000166,PO000352,SUP00100,PLT0012,2026-02-10 05:58:33,2026-03-26 05:58:33,2026-04-04 05:58:33,BlueDart Cargo,126066.47,Delivered Late
SHIP000167,PO002256,SUP00132,PLT0022,2026-04-25 21:38:43,2026-05-07 21:38:43,2026-05-04 21:38:43,FedEx Freight,112341.54,Delivered
SHIP000168,PO003269,SUP00092,PLT0017,2026-02-21 01:20:56,2026-04-03 01:20:56,2026-04-03 01:20:56,BlueDart Cargo,161585.88,Delivered
SHIP000169,PO003858,SUP00125,PLT0007,2026-03-12 07:07:22,2026-04-23 07:07:22,2026-04-21 07:07:22,Maersk,1351868.2,Delivered
SHIP000170,PO002530,SUP00076,PLT0007,2026-05-25 13:39:14,2026-06-07 13:39:14,2026-06-14 13:39:14,Kuehne+Nagel,785169.3,Delivered Late
SHIP000171,PO000139,SUP00063,PLT0004,2026-03-25 07:01:30,2026-04-19 07:01:30,2026-04-16 07:01:30,DHL,546842.67,Delivered
SHIP000172,PO003712,SUP00048,PLT0017,2026-04-06 09:43:29,2026-04-19 09:43:29,2026-04-19 09:43:29,DHL,125292.39,Delivered
SHIP000173,PO000769,SUP00184,PLT0025,2026-05-25 02:57:40,2026-06-05 02:57:40,2026-06-02 02:57:40,BlueDart Cargo,55435.47,Delivered
SHIP000174,PO004460,SUP00007,PLT0004,2026-05-15 00:58:34,2026-05-24 00:58:34,2026-05-23 00:58:34,Maersk,537014.19,Delivered
SHIP000175,PO003049,SUP00091,PLT0024,2026-06-23 23:10:09,2026-07-04 23:10:09,2026-07-03 23:10:09,DB Schenker,873389.99,Delivered
SHIP000176,PO001802,SUP00080,PLT0017,2026-05-27 11:47:48,2026-06-09 11:47:48,2026-06-08 11:47:48,Delhivery B2B,124624.18,Delivered
SHIP000177,PO001904,SUP00048,PLT0006,2026-01-10 02:29:47,2026-01-23 02:29:47,2026-01-21 02:29:47,Delhivery B2B,636516.17,Delivered
SHIP000178,PO000927,SUP00121,PLT0007,2026-03-16 09:58:59,2026-03-21 09:58:59,2026-03-21 09:58:59,Kuehne+Nagel,164893.48,Delivered
SHIP000179,PO000635,SUP00199,PLT0006,2026-02-19 19:35:25,2026-03-02 19:35:25,2026-03-01 19:35:25,FedEx Freight,30606.47,Delivered
SHIP000180,PO002786,SUP00083,PLT0010,2026-02-17 01:33:06,2026-04-13 01:33:06,2026-04-13 01:33:06,Kuehne+Nagel,66686.51,Delivered
SHIP000181,PO003306,SUP00146,PLT0009,2026-01-11 08:00:57,2026-01-28 08:00:57,2026-01-27 08:00:57,Maersk,107525.58,Delivered
SHIP000182,PO002416,SUP00086,PLT0000,2026-06-02 19:46:35,2026-06-19 19:46:35,2026-06-22 19:46:35,Delhivery B2B,1530823.78,Delivered Late
SHIP000183,PO004154,SUP00095,PLT0016,2026-06-11 04:19:03,2026-06-30 04:19:03,2026-06-30 04:19:03,DHL,13412.15,Delivered
SHIP000184,PO001801,SUP00049,PLT0001,2026-05-10 08:04:21,2026-05-14 08:04:21,2026-05-12 08:04:21,DHL,293725.27,Delivered
SHIP000185,PO002652,SUP00091,PLT0022,2026-02-23 16:09:44,2026-03-04 16:09:44,2026-03-03 16:09:44,DHL,245287.88,Delivered
SHIP000186,PO003397,SUP00182,PLT0026,2026-04-17 12:41:25,2026-05-16 12:41:25,2026-05-15 12:41:25,Kuehne+Nagel,525024.7,Delivered
SHIP000187,PO001455,SUP00023,PLT0005,2026-02-23 11:17:39,2026-03-05 11:17:39,2026-03-03 11:17:39,DB Schenker,5687.8,Delivered
SHIP000188,PO004551,SUP00086,PLT0021,2026-06-22 05:29:08,2026-07-09 05:29:08,2026-07-07 05:29:08,Delhivery B2B,80911.16,Delivered
SHIP000189,PO003774,SUP00032,PLT0010,2026-04-05 13:35:39,2026-05-19 13:35:39,2026-05-16 13:35:39,FedEx Freight,122068.01,Delivered
SHIP000190,PO002781,SUP00167,PLT0024,2026-05-11 13:44:57,2026-05-23 13:44:57,2026-05-23 13:44:57,BlueDart Cargo,506415.63,Delivered
SHIP000191,PO001583,SUP00099,PLT0004,2026-05-12 21:06:43,2026-07-06 21:06:43,2026-07-04 21:06:43,FedEx Freight,63231.61,Delivered
SHIP000192,PO000872,SUP00020,PLT0004,2026-03-17 07:07:51,2026-05-12 07:07:51,2026-05-12 07:07:51,Kuehne+Nagel,458023.91,Delivered
SHIP000193,PO004170,SUP00082,PLT0021,2026-02-04 07:34:33,2026-02-13 07:34:33,2026-02-13 07:34:33,Maersk,17477.35,Delivered
SHIP000194,PO002118,SUP00075,PLT0026,2026-05-04 17:29:27,2026-06-30 17:29:27,2026-06-27 17:29:27,FedEx Freight,349035.65,Delivered
SHIP000195,PO004447,SUP00074,PLT0024,2026-04-13 18:04:03,2026-04-22 18:04:03,2026-04-19 18:04:03,Delhivery B2B,183343.54,Delivered
SHIP000196,PO001939,SUP00194,PLT0000,2026-04-05 07:07:20,2026-04-22 07:07:20,2026-04-19 07:07:20,FedEx Freight,1106662.47,Delivered
SHIP000197,PO001947,SUP00054,PLT0013,2026-01-11 19:55:51,2026-02-23 19:55:51,2026-02-20 19:55:51,BlueDart Cargo,1530.05,Delivered
SHIP000198,PO003102,SUP00084,PLT0009,2026-06-20 06:53:08,2026-06-22 06:53:08,2026-06-30 06:53:08,Maersk,34790.04,Delivered Late
SHIP000199,PO002356,SUP00036,PLT0020,2026-03-09 08:07:09,2026-05-06 08:07:09,2026-05-09 08:07:09,Delhivery B2B,457273.79,Delivered Late
SHIP000200,PO004609,SUP00039,PLT0011,2026-05-09 00:53:02,2026-05-20 00:53:02,2026-05-17 00:53:02,Kuehne+Nagel,562733.01,Delivered
SHIP000201,PO001234,SUP00097,PLT0002,2026-06-13 01:44:09,2026-06-18 01:44:09,2026-06-17 01:44:09,FedEx Freight,45675.6,Delivered
SHIP000202,PO000907,SUP00080,PLT0000,2026-01-20 03:38:18,2026-01-29 03:38:18,2026-01-26 03:38:18,Kuehne+Nagel,553931.7,Delivered
SHIP000203,PO002823,SUP00079,PLT0025,2026-06-25 21:54:54,2026-06-28 21:54:54,2026-06-26 21:54:54,DB Schenker,220394.76,Delivered
SHIP000204,PO001229,SUP00030,PLT0021,2026-03-16 05:26:40,2026-04-10 05:26:40,2026-04-10 05:26:40,BlueDart Cargo,413748.97,Delivered
SHIP000205,PO003399,SUP00037,PLT0018,2026-02-22 18:21:54,2026-03-03 18:21:54,2026-03-01 18:21:54,Kuehne+Nagel,67611.27,Delivered
SHIP000206,PO002075,SUP00176,PLT0006,2026-02-20 15:32:10,2026-04-17 15:32:10,2026-04-14 15:32:10,FedEx Freight,74339.36,Delivered
SHIP000207,PO002980,SUP00038,PLT0024,2026-01-14 17:57:26,2026-03-10 17:57:26,2026-03-08 17:57:26,BlueDart Cargo,182117.89,Delivered
SHIP000208,PO004267,SUP00123,PLT0007,2026-04-01 21:37:09,2026-05-28 21:37:09,2026-05-25 21:37:09,DHL,83197.62,Delivered
SHIP000209,PO003824,SUP00181,PLT0015,2026-03-31 04:47:42,2026-04-12 04:47:42,2026-04-24 04:47:42,DHL,308147.27,Delivered Late
SHIP000210,PO000517,SUP00070,PLT0006,2026-05-05 11:09:22,2026-06-17 11:09:22,2026-06-17 11:09:22,Maersk,319490.56,Delivered
SHIP000211,PO003098,SUP00009,PLT0001,2026-05-03 06:47:39,2026-05-07 06:47:39,2026-05-05 06:47:39,Kuehne+Nagel,485094.77,Delivered
SHIP000212,PO003145,SUP00158,PLT0018,2026-02-27 21:26:04,2026-03-02 21:26:04,2026-03-01 21:26:04,DHL,239167.94,Delivered
SHIP000213,PO001590,SUP00159,PLT0017,2026-02-25 00:51:41,2026-03-01 00:51:41,2026-03-01 00:51:41,Kuehne+Nagel,424492.47,Delivered
SHIP000214,PO001714,SUP00172,PLT0018,2026-05-29 10:59:28,2026-06-06 10:59:28,2026-06-13 10:59:28,Delhivery B2B,1820654.76,Delivered Late
SHIP000215,PO000386,SUP00068,PLT0003,2026-01-09 11:13:21,2026-02-04 11:13:21,2026-02-17 11:13:21,DHL,115855.17,Delivered Late
SHIP000216,PO001699,SUP00051,PLT0014,2026-05-05 03:30:31,2026-05-08 03:30:31,2026-05-07 03:30:31,Maersk,250987.66,Delivered
SHIP000217,PO004839,SUP00191,PLT0011,2026-01-20 04:44:46,2026-03-17 04:44:46,2026-03-15 04:44:46,Maersk,3986.25,Delivered
SHIP000218,PO001318,SUP00175,PLT0007,2026-03-06 09:18:22,2026-03-18 09:18:22,2026-03-18 09:18:22,FedEx Freight,31325.56,Delivered
SHIP000219,PO000787,SUP00051,PLT0002,2026-02-17 16:09:41,2026-02-22 16:09:41,2026-02-19 16:09:41,DB Schenker,168249.43,Delivered
SHIP000220,PO003555,SUP00079,PLT0020,2026-06-03 16:08:56,2026-06-07 16:08:56,2026-06-06 16:08:56,BlueDart Cargo,174763.49,Delivered
SHIP000221,PO004522,SUP00003,PLT0015,2026-06-23 18:28:05,2026-07-01 18:28:05,2026-06-30 18:28:05,DB Schenker,33365.54,Delivered
SHIP000222,PO004206,SUP00100,PLT0010,2026-04-17 01:16:49,2026-05-31 01:16:49,2026-05-29 01:16:49,DHL,628533.92,Delivered
SHIP000223,PO000379,SUP00113,PLT0004,2026-01-24 13:09:58,2026-03-23 13:09:58,2026-04-05 13:09:58,Delhivery B2B,245493.81,Delivered Late
SHIP000224,PO003820,SUP00071,PLT0029,2026-01-10 13:49:58,2026-03-06 13:49:58,2026-03-05 13:49:58,Delhivery B2B,60523.37,Delivered
SHIP000225,PO000025,SUP00119,PLT0027,2026-02-17 18:27:55,2026-03-05 18:27:55,2026-03-04 18:27:55,DB Schenker,280618.94,Delivered
SHIP000226,PO000783,SUP00001,PLT0023,2026-05-15 18:25:58,2026-06-28 18:25:58,2026-07-09 18:25:58,BlueDart Cargo,1022666.17,Delivered Late
SHIP000227,PO004193,SUP00114,PLT0023,2026-03-01 15:20:48,2026-03-12 15:20:48,2026-03-11 15:20:48,DB Schenker,65409.04,Delivered
SHIP000228,PO001277,SUP00133,PLT0006,2026-05-03 03:01:59,2026-06-16 03:01:59,2026-06-15 03:01:59,Delhivery B2B,197325.31,Delivered
SHIP000229,PO000685,SUP00197,PLT0019,2026-03-31 00:54:23,2026-04-06 00:54:23,2026-04-03 00:54:23,Maersk,667025.19,Delivered
SHIP000230,PO002739,SUP00188,PLT0010,2026-03-08 02:03:56,2026-05-02 02:03:56,2026-04-30 02:03:56,Kuehne+Nagel,231417.64,Delivered
SHIP000231,PO002754,SUP00169,PLT0018,2026-02-24 09:06:12,2026-04-22 09:06:12,2026-04-20 09:06:12,DB Schenker,331657.05,Delivered
SHIP000232,PO004008,SUP00119,PLT0005,2026-05-10 20:48:08,2026-05-28 20:48:08,2026-05-28 20:48:08,FedEx Freight,147654.33,Delivered
SHIP000233,PO002153,SUP00166,PLT0013,2026-05-18 09:47:01,2026-06-03 09:47:01,2026-05-31 09:47:01,DB Schenker,308083.6,Delivered
SHIP000234,PO000717,SUP00035,PLT0025,2026-03-26 03:19:54,2026-05-09 03:19:54,2026-05-07 03:19:54,BlueDart Cargo,1384589.99,Delivered
SHIP000235,PO001096,SUP00016,PLT0004,2026-02-26 19:42:23,2026-03-18 19:42:23,2026-03-16 19:42:23,Kuehne+Nagel,213628.61,Delivered
SHIP000236,PO003012,SUP00029,PLT0027,2026-05-05 21:27:28,2026-06-30 21:27:28,2026-06-30 21:27:28,FedEx Freight,1013970.11,Delivered
SHIP000237,PO000822,SUP00141,PLT0022,2026-03-02 03:43:30,2026-04-12 03:43:30,2026-04-09 03:43:30,DHL,204359.78,Delivered
SHIP000238,PO001461,SUP00015,PLT0010,2026-05-26 00:12:27,2026-05-30 00:12:27,2026-05-29 00:12:27,DB Schenker,54119.93,Delivered
SHIP000239,PO004905,SUP00092,PLT0028,2026-01-25 03:46:41,2026-03-06 03:46:41,2026-03-05 03:46:41,Kuehne+Nagel,470013.66,Delivered
SHIP000240,PO004462,SUP00125,PLT0029,2026-01-19 08:06:01,2026-03-02 08:06:01,2026-03-02 08:06:01,Kuehne+Nagel,352441.2,Delivered
SHIP000241,PO004474,SUP00141,PLT0025,2026-04-11 16:50:53,2026-05-24 16:50:53,2026-06-01 16:50:53,Delhivery B2B,204185.51,Delivered Late
SHIP000242,PO001560,SUP00052,PLT0014,2026-01-23 04:07:09,2026-02-17 04:07:09,2026-02-14 04:07:09,Delhivery B2B,41926.89,Delivered
SHIP000243,PO001597,SUP00167,PLT0019,2026-02-16 08:31:33,2026-02-27 08:31:33,2026-02-26 08:31:33,DB Schenker,948961.99,Delivered
SHIP000244,PO002378,SUP00198,PLT0018,2026-03-03 14:55:47,2026-04-01 14:55:47,2026-03-31 14:55:47,DHL,403220.23,Delivered
SHIP000245,PO000124,SUP00069,PLT0026,2026-06-10 06:16:23,2026-06-20 06:16:23,2026-06-30 06:16:23,Delhivery B2B,202131.43,Delivered Late
SHIP000246,PO000638,SUP00054,PLT0006,2026-01-10 03:49:18,2026-02-20 03:49:18,2026-02-21 03:49:18,Kuehne+Nagel,353767.69,Delivered Late
SHIP000247,PO003843,SUP00002,PLT0010,2026-05-16 07:21:06,2026-05-20 07:21:06,2026-05-18 07:21:06,Kuehne+Nagel,610706.17,Delivered
SHIP000248,PO004710,SUP00120,PLT0007,2026-01-19 18:31:53,2026-03-16 18:31:53,2026-03-13 18:31:53,DB Schenker,923454.78,Delivered
SHIP000249,PO000592,SUP00019,PLT0008,2026-02-26 19:20:22,2026-04-23 19:20:22,2026-04-20 19:20:22,Kuehne+Nagel,587022.7,Delivered
SHIP000250,PO002491,SUP00102,PLT0013,2026-02-23 18:16:38,2026-03-11 18:16:38,2026-03-10 18:16:38,FedEx Freight,139741.17,Delivered
SHIP000251,PO002180,SUP00139,PLT0003,2026-05-26 18:51:25,2026-06-07 18:51:25,2026-06-06 18:51:25,BlueDart Cargo,30657.85,Delivered
SHIP000252,PO002800,SUP00095,PLT0011,2026-06-13 19:38:46,2026-07-02 19:38:46,2026-06-29 19:38:46,FedEx Freight,146309.11,Delivered
SHIP000253,PO002995,SUP00029,PLT0026,2026-04-25 09:37:43,2026-06-19 09:37:43,2026-06-16 09:37:43,DB Schenker,88365.22,Delivered
SHIP000254,PO003878,SUP00061,PLT0003,2026-01-04 03:41:10,2026-01-11 03:41:10,2026-01-11 03:41:10,Delhivery B2B,682319.77,Delivered
SHIP000255,PO003579,SUP00165,PLT0021,2026-03-13 03:41:45,2026-04-25 03:41:45,2026-04-23 03:41:45,Kuehne+Nagel,330083.53,Delivered
SHIP000256,PO003180,SUP00140,PLT0002,2026-04-01 05:25:32,2026-05-14 05:25:32,2026-05-14 05:25:32,DHL,181954.6,Delivered
SHIP000257,PO003086,SUP00178,PLT0003,2026-04-10 00:22:45,2026-06-07 00:22:45,2026-06-05 00:22:45,BlueDart Cargo,283893.22,Delivered
SHIP000258,PO001233,SUP00026,PLT0009,2026-04-12 17:57:49,2026-06-07 17:57:49,2026-06-07 17:57:49,DHL,17214.59,Delivered
SHIP000259,PO002816,SUP00137,PLT0010,2026-03-13 15:08:22,2026-03-22 15:08:22,2026-03-20 15:08:22,Kuehne+Nagel,543381.44,Delivered
SHIP000260,PO001651,SUP00137,PLT0017,2026-05-03 12:40:43,2026-05-12 12:40:43,2026-05-12 12:40:43,Maersk,546342.52,Delivered
SHIP000261,PO003366,SUP00171,PLT0020,2026-02-27 22:08:34,2026-04-26 22:08:34,2026-04-25 22:08:34,DB Schenker,4312.78,Delivered
SHIP000262,PO003697,SUP00031,PLT0006,2026-03-13 08:59:55,2026-05-11 08:59:55,2026-05-08 08:59:55,Maersk,35028.24,Delivered
SHIP000263,PO000845,SUP00084,PLT0028,2026-06-27 04:26:13,2026-06-29 04:26:13,2026-06-29 04:26:13,BlueDart Cargo,588969.72,Delivered
SHIP000264,PO004894,SUP00055,PLT0025,2026-06-15 18:30:31,2026-06-21 18:30:31,2026-06-21 18:30:31,DHL,565355.78,Delivered
SHIP000265,PO003977,SUP00065,PLT0014,2026-05-05 02:52:33,2026-06-16 02:52:33,2026-06-19 02:52:33,BlueDart Cargo,309319.32,Delivered Late
SHIP000266,PO001006,SUP00165,PLT0001,2026-03-04 14:21:21,2026-04-14 14:21:21,2026-04-11 14:21:21,BlueDart Cargo,297415.92,Delivered
SHIP000267,PO001116,SUP00056,PLT0026,2026-04-09 04:51:44,2026-06-05 04:51:44,2026-06-03 04:51:44,Maersk,75397.8,Delivered
SHIP000268,PO000353,SUP00024,PLT0003,2026-02-16 09:33:47,2026-03-16 09:33:47,2026-03-13 09:33:47,Delhivery B2B,158029.59,Delivered
SHIP000269,PO001869,SUP00066,PLT0019,2026-01-16 05:46:03,2026-02-26 05:46:03,2026-03-07 05:46:03,Kuehne+Nagel,536573.26,Delivered Late
SHIP000270,PO002499,SUP00041,PLT0013,2026-04-11 15:20:30,2026-04-19 15:20:30,2026-04-16 15:20:30,DB Schenker,143611.81,Delivered
SHIP000271,PO003004,SUP00141,PLT0004,2026-05-14 09:57:27,2026-06-23 09:57:27,2026-06-21 09:57:27,DHL,320678.99,Delivered
SHIP000272,PO003928,SUP00033,PLT0014,2026-04-28 16:37:19,2026-05-06 16:37:19,2026-05-06 16:37:19,DB Schenker,83648.82,Delivered
SHIP000273,PO002198,SUP00148,PLT0014,2026-01-10 03:16:32,2026-02-08 03:16:32,2026-02-11 03:16:32,DB Schenker,46254.94,Delivered Late
SHIP000274,PO001000,SUP00009,PLT0027,2026-02-21 04:35:52,2026-02-27 04:35:52,2026-02-24 04:35:52,Kuehne+Nagel,555402.48,Delivered
SHIP000275,PO003640,SUP00067,PLT0029,2026-04-25 16:40:12,2026-06-05 16:40:12,2026-06-04 16:40:12,FedEx Freight,153016.66,Delivered
SHIP000276,PO002791,SUP00069,PLT0005,2026-01-20 01:14:49,2026-01-29 01:14:49,2026-01-28 01:14:49,Kuehne+Nagel,16147.01,Delivered
SHIP000277,PO003118,SUP00119,PLT0007,2026-03-02 20:19:44,2026-03-22 20:19:44,2026-03-22 20:19:44,DB Schenker,60720.78,Delivered
SHIP000278,PO002822,SUP00135,PLT0023,2026-03-28 22:02:05,2026-05-09 22:02:05,2026-05-06 22:02:05,DB Schenker,565601.6,Delivered
SHIP000279,PO001414,SUP00127,PLT0014,2026-01-04 00:51:49,2026-01-13 00:51:49,2026-01-12 00:51:49,BlueDart Cargo,141612.74,Delivered
SHIP000280,PO001705,SUP00125,PLT0026,2026-03-07 01:58:44,2026-04-19 01:58:44,2026-04-19 01:58:44,DHL,567127.67,Delivered
SHIP000281,PO000047,SUP00098,PLT0009,2026-05-13 14:56:27,2026-07-09 14:56:27,2026-07-06 14:56:27,Delhivery B2B,639859.75,Delivered
SHIP000282,PO000387,SUP00065,PLT0007,2026-01-21 23:15:11,2026-03-03 23:15:11,2026-03-04 23:15:11,FedEx Freight,4974.21,Delivered Late
SHIP000283,PO001068,SUP00166,PLT0011,2026-06-13 07:12:37,2026-07-01 07:12:37,2026-07-01 07:12:37,FedEx Freight,857104.12,Delivered
SHIP000284,PO001514,SUP00198,PLT0023,2026-03-30 23:54:51,2026-04-25 23:54:51,2026-05-04 23:54:51,FedEx Freight,464717.45,Delivered Late
SHIP000285,PO002396,SUP00177,PLT0006,2026-03-01 08:34:25,2026-03-18 08:34:25,2026-03-26 08:34:25,DB Schenker,531783.08,Delivered Late
SHIP000286,PO001460,SUP00054,PLT0028,2026-05-03 19:42:47,2026-06-15 19:42:47,2026-06-13 19:42:47,BlueDart Cargo,106285.18,Delivered
SHIP000287,PO001057,SUP00091,PLT0003,2026-05-11 13:05:05,2026-05-21 13:05:05,2026-05-20 13:05:05,BlueDart Cargo,57630.44,Delivered
SHIP000288,PO001892,SUP00002,PLT0023,2026-04-26 11:36:41,2026-05-01 11:36:41,2026-04-28 11:36:41,DB Schenker,52627.21,Delivered
SHIP000289,PO003687,SUP00100,PLT0022,2026-05-17 11:18:15,2026-06-29 11:18:15,2026-07-01 11:18:15,BlueDart Cargo,212593.44,Delivered Late
SHIP000290,PO000750,SUP00152,PLT0023,2026-02-04 11:22:49,2026-02-20 11:22:49,2026-02-19 11:22:49,BlueDart Cargo,35725.92,Delivered
SHIP000291,PO003296,SUP00186,PLT0024,2026-02-20 00:36:48,2026-04-05 00:36:48,2026-04-02 00:36:48,Maersk,56842.04,Delivered
SHIP000292,PO003154,SUP00055,PLT0008,2026-06-03 14:14:09,2026-06-08 14:14:09,2026-06-21 14:14:09,Maersk,173652.13,Delivered Late
SHIP000293,PO004973,SUP00091,PLT0028,2026-01-15 03:00:47,2026-01-27 03:00:47,2026-01-25 03:00:47,Maersk,334295.47,Delivered
SHIP000294,PO001867,SUP00121,PLT0011,2026-02-09 23:32:25,2026-02-14 23:32:25,2026-02-11 23:32:25,Delhivery B2B,124891.92,Delivered
SHIP000295,PO001779,SUP00074,PLT0017,2026-02-13 16:45:30,2026-02-22 16:45:30,2026-02-21 16:45:30,FedEx Freight,67888.7,Delivered
SHIP000296,PO001577,SUP00155,PLT0029,2026-03-09 03:36:54,2026-03-28 03:36:54,2026-03-28 03:36:54,DHL,380875.49,Delivered
SHIP000297,PO002913,SUP00178,PLT0007,2026-04-23 17:12:52,2026-06-21 17:12:52,2026-06-18 17:12:52,Maersk,506012.35,Delivered
SHIP000298,PO000692,SUP00013,PLT0001,2026-04-23 06:15:41,2026-05-10 06:15:41,2026-05-08 06:15:41,Kuehne+Nagel,108069.72,Delivered
SHIP000299,PO003699,SUP00088,PLT0023,2026-03-12 14:51:04,2026-04-06 14:51:04,2026-04-05 14:51:04,Kuehne+Nagel,150099.4,Delivered
SHIP000300,PO001309,SUP00072,PLT0006,2026-04-02 06:40:05,2026-05-30 06:40:05,2026-05-27 06:40:05,DHL,765712.19,Delivered
SHIP000301,PO000536,SUP00178,PLT0009,2026-01-30 21:59:50,2026-03-28 21:59:50,2026-03-26 21:59:50,BlueDart Cargo,374186.22,Delivered
SHIP000302,PO000541,SUP00112,PLT0029,2026-05-11 02:42:25,2026-06-05 02:42:25,2026-06-03 02:42:25,DB Schenker,90825.56,Delivered
SHIP000303,PO000562,SUP00097,PLT0006,2026-02-07 12:42:49,2026-02-12 12:42:49,2026-02-09 12:42:49,BlueDart Cargo,112461.2,Delivered
SHIP000304,PO002594,SUP00015,PLT0013,2026-01-17 21:57:49,2026-01-22 21:57:49,2026-01-21 21:57:49,DB Schenker,191823.27,Delivered
SHIP000305,PO001093,SUP00026,PLT0005,2026-01-26 06:00:08,2026-03-26 06:00:08,2026-03-24 06:00:08,Delhivery B2B,564088.95,Delivered
SHIP000306,PO001324,SUP00042,PLT0007,2026-03-13 13:17:29,2026-03-22 13:17:29,2026-03-19 13:17:29,Maersk,28584.68,Delivered
SHIP000307,PO003620,SUP00041,PLT0019,2026-03-23 06:15:58,2026-03-31 06:15:58,2026-04-12 06:15:58,Maersk,669697.44,Delivered Late
SHIP000308,PO000071,SUP00010,PLT0013,2026-01-15 05:56:18,2026-03-13 05:56:18,2026-03-13 05:56:18,Delhivery B2B,1001256.71,Delivered
SHIP000309,PO001739,SUP00037,PLT0012,2026-01-23 12:54:53,2026-01-29 12:54:53,2026-02-01 12:54:53,Delhivery B2B,53860.74,Delivered Late
SHIP000310,PO000455,SUP00115,PLT0024,2026-04-20 16:00:09,2026-04-29 16:00:09,2026-04-26 16:00:09,Delhivery B2B,475932.68,Delivered
SHIP000311,PO003454,SUP00074,PLT0015,2026-01-23 14:47:32,2026-01-31 14:47:32,2026-01-29 14:47:32,BlueDart Cargo,67099.51,Delivered
SHIP000312,PO003859,SUP00085,PLT0021,2026-02-11 10:23:49,2026-03-24 10:23:49,2026-03-24 10:23:49,BlueDart Cargo,24703.6,Delivered
SHIP000313,PO003514,SUP00117,PLT0026,2026-04-19 01:05:14,2026-05-30 01:05:14,2026-06-10 01:05:14,BlueDart Cargo,358268.77,Delivered Late
SHIP000314,PO004955,SUP00060,PLT0006,2026-02-26 00:41:09,2026-04-24 00:41:09,2026-04-24 00:41:09,Kuehne+Nagel,404547.44,Delivered
SHIP000315,PO001029,SUP00018,PLT0016,2026-05-22 17:22:47,2026-06-11 17:22:47,2026-06-10 17:22:47,DHL,441520.35,Delivered
SHIP000316,PO000388,SUP00060,PLT0027,2026-04-02 11:18:40,2026-05-30 11:18:40,2026-05-28 11:18:40,Kuehne+Nagel,27032.21,Delivered
SHIP000317,PO000955,SUP00158,PLT0008,2026-03-05 19:33:05,2026-03-10 19:33:05,2026-03-08 19:33:05,Kuehne+Nagel,39977.27,Delivered
SHIP000318,PO000765,SUP00083,PLT0025,2026-03-06 20:35:33,2026-04-30 20:35:33,2026-04-28 20:35:33,Maersk,776329.05,Delivered
SHIP000319,PO004085,SUP00054,PLT0026,2026-02-13 20:03:52,2026-03-25 20:03:52,2026-03-25 20:03:52,Maersk,41802.59,Delivered
SHIP000320,PO002011,SUP00160,PLT0017,2026-04-10 08:43:59,2026-04-16 08:43:59,2026-04-16 08:43:59,DHL,32808.24,Delivered
SHIP000321,PO000615,SUP00192,PLT0010,2026-03-17 14:28:40,2026-05-14 14:28:40,2026-05-12 14:28:40,Maersk,269179.11,Delivered
SHIP000322,PO000328,SUP00050,PLT0022,2026-04-07 02:53:58,2026-05-03 02:53:58,2026-05-01 02:53:58,DHL,177818.33,Delivered
SHIP000323,PO000637,SUP00053,PLT0010,2026-03-20 14:27:32,2026-05-01 14:27:32,2026-04-28 14:27:32,FedEx Freight,994808.89,Delivered
SHIP000324,PO004677,SUP00142,PLT0001,2026-02-14 07:35:40,2026-02-24 07:35:40,2026-02-21 07:35:40,FedEx Freight,451662.86,Delivered
SHIP000325,PO000939,SUP00061,PLT0021,2026-01-31 09:08:06,2026-02-09 09:08:06,2026-02-09 09:08:06,BlueDart Cargo,321844.72,Delivered
SHIP000326,PO000252,SUP00175,PLT0028,2026-05-31 14:26:36,2026-06-09 14:26:36,2026-06-06 14:26:36,FedEx Freight,175924.7,Delivered
SHIP000327,PO002149,SUP00156,PLT0007,2026-01-08 05:28:21,2026-01-17 05:28:21,2026-01-16 05:28:21,BlueDart Cargo,985432.16,Delivered
SHIP000328,PO003214,SUP00066,PLT0017,2026-04-01 12:07:49,2026-05-12 12:07:49,2026-05-09 12:07:49,BlueDart Cargo,744714.0,Delivered
SHIP000329,PO000293,SUP00004,PLT0017,2026-05-13 17:39:56,2026-06-09 17:39:56,2026-06-09 17:39:56,Kuehne+Nagel,14459.21,Delivered
SHIP000330,PO000393,SUP00149,PLT0007,2026-02-02 12:56:55,2026-04-02 12:56:55,2026-03-31 12:56:55,DHL,845755.37,Delivered
SHIP000331,PO002716,SUP00033,PLT0024,2026-03-12 22:57:29,2026-03-20 22:57:29,2026-03-18 22:57:29,Kuehne+Nagel,271140.25,Delivered
SHIP000332,PO001523,SUP00109,PLT0022,2026-01-19 06:01:59,2026-01-27 06:01:59,2026-01-24 06:01:59,Kuehne+Nagel,176913.44,Delivered
SHIP000333,PO000383,SUP00105,PLT0009,2026-03-17 22:03:21,2026-04-05 22:03:21,2026-04-02 22:03:21,Maersk,420330.07,Delivered
SHIP000334,PO002550,SUP00096,PLT0015,2026-02-26 17:19:31,2026-03-04 17:19:31,2026-03-03 17:19:31,Kuehne+Nagel,149537.99,Delivered
SHIP000335,PO002788,SUP00093,PLT0009,2026-01-12 15:02:47,2026-01-15 15:02:47,2026-01-14 15:02:47,BlueDart Cargo,146595.28,Delivered
SHIP000336,PO003170,SUP00032,PLT0012,2026-03-01 10:46:05,2026-04-12 10:46:05,2026-04-09 10:46:05,Kuehne+Nagel,31766.87,Delivered
SHIP000337,PO003420,SUP00163,PLT0015,2026-01-06 17:02:06,2026-01-11 17:02:06,2026-01-09 17:02:06,Kuehne+Nagel,147689.56,Delivered
SHIP000338,PO004381,SUP00150,PLT0014,2026-06-29 10:24:22,2026-07-04 10:24:22,2026-07-01 10:24:22,Delhivery B2B,266903.05,Delivered
SHIP000339,PO003280,SUP00149,PLT0020,2026-03-20 06:08:39,2026-05-15 06:08:39,2026-05-17 06:08:39,Kuehne+Nagel,148113.89,Delivered Late
SHIP000340,PO002837,SUP00163,PLT0021,2026-02-19 23:23:51,2026-02-24 23:23:51,2026-02-23 23:23:51,DHL,372130.79,Delivered
SHIP000341,PO000728,SUP00080,PLT0002,2026-01-14 10:53:15,2026-01-26 10:53:15,2026-01-26 10:53:15,Kuehne+Nagel,9934.47,Delivered
SHIP000342,PO000170,SUP00101,PLT0018,2026-03-04 06:31:39,2026-05-02 06:31:39,2026-05-01 06:31:39,BlueDart Cargo,351019.62,Delivered
SHIP000343,PO001640,SUP00152,PLT0001,2026-06-19 05:34:03,2026-07-09 05:34:03,2026-07-08 05:34:03,BlueDart Cargo,484817.83,Delivered
SHIP000344,PO004491,SUP00123,PLT0026,2026-04-24 01:03:03,2026-06-21 01:03:03,2026-06-21 01:03:03,Maersk,78423.96,Delivered
SHIP000345,PO002935,SUP00072,PLT0028,2026-01-21 12:35:10,2026-03-17 12:35:10,2026-03-15 12:35:10,Maersk,132689.11,Delivered
SHIP000346,PO001724,SUP00040,PLT0007,2026-02-02 21:18:39,2026-02-07 21:18:39,2026-02-04 21:18:39,DB Schenker,1127961.25,Delivered
SHIP000347,PO003868,SUP00051,PLT0027,2026-05-26 09:47:55,2026-05-29 09:47:55,2026-05-27 09:47:55,BlueDart Cargo,168191.1,Delivered
SHIP000348,PO001487,SUP00170,PLT0000,2026-03-22 00:28:37,2026-04-03 00:28:37,2026-04-03 00:28:37,BlueDart Cargo,110484.68,Delivered
SHIP000349,PO001109,SUP00112,PLT0018,2026-01-25 20:25:36,2026-02-20 20:25:36,2026-02-17 20:25:36,DHL,442079.02,Delivered
SHIP000350,PO003763,SUP00022,PLT0010,2026-05-07 03:35:55,2026-06-18 03:35:55,2026-06-18 03:35:55,BlueDart Cargo,1116452.36,Delivered
SHIP000351,PO004336,SUP00003,PLT0018,2026-04-30 06:38:12,2026-05-09 06:38:12,2026-05-09 06:38:12,FedEx Freight,38595.41,Delivered
SHIP000352,PO001884,SUP00146,PLT0012,2026-02-07 02:35:02,2026-02-24 02:35:02,2026-02-21 02:35:02,BlueDart Cargo,716595.64,Delivered
SHIP000353,PO001496,SUP00079,PLT0026,2026-07-05 10:35:27,2026-07-08 10:35:27,2026-07-08 10:35:27,DHL,43156.01,Delivered
SHIP000354,PO000066,SUP00184,PLT0026,2026-05-28 12:05:40,2026-06-06 12:05:40,2026-06-06 12:05:40,FedEx Freight,262467.31,Delivered
SHIP000355,PO001364,SUP00147,PLT0022,2026-04-10 04:52:53,2026-04-14 04:52:53,2026-04-13 04:52:53,DB Schenker,86224.47,Delivered
SHIP000356,PO002789,SUP00083,PLT0018,2026-02-05 15:33:49,2026-04-05 15:33:49,2026-04-20 15:33:49,BlueDart Cargo,25242.34,Delivered Late
SHIP000357,PO001756,SUP00092,PLT0001,2026-02-22 09:06:11,2026-04-05 09:06:11,2026-04-05 09:06:11,Kuehne+Nagel,18255.61,Delivered
SHIP000358,PO001485,SUP00083,PLT0021,2026-04-29 00:26:47,2026-06-27 00:26:47,2026-06-25 00:26:47,Kuehne+Nagel,11879.02,Delivered
SHIP000359,PO002519,SUP00026,PLT0010,2026-01-06 10:50:49,2026-03-06 10:50:49,2026-03-21 10:50:49,BlueDart Cargo,928293.61,Delivered Late
SHIP000360,PO002194,SUP00124,PLT0021,2026-05-30 17:00:54,2026-06-28 17:00:54,2026-06-27 17:00:54,DHL,74746.01,Delivered
SHIP000361,PO004331,SUP00003,PLT0014,2026-03-10 03:01:44,2026-03-16 03:01:44,2026-03-15 03:01:44,BlueDart Cargo,33435.87,Delivered
SHIP000362,PO004454,SUP00181,PLT0016,2026-06-19 20:12:09,2026-06-28 20:12:09,2026-06-27 20:12:09,Kuehne+Nagel,174468.25,Delivered
SHIP000363,PO004459,SUP00025,PLT0024,2026-05-31 20:14:47,2026-06-27 20:14:47,2026-06-24 20:14:47,BlueDart Cargo,469779.9,Delivered
SHIP000364,PO000182,SUP00153,PLT0007,2026-02-01 22:20:05,2026-03-16 22:20:05,2026-03-14 22:20:05,Delhivery B2B,6474.2,Delivered
SHIP000365,PO004028,SUP00176,PLT0022,2026-04-12 21:04:38,2026-06-06 21:04:38,2026-06-04 21:04:38,Maersk,407587.13,Delivered
SHIP000366,PO003352,SUP00105,PLT0022,2026-06-08 12:04:28,2026-06-27 12:04:28,2026-06-25 12:04:28,Maersk,287198.37,Delivered
SHIP000367,PO003569,SUP00036,PLT0020,2026-03-13 23:58:15,2026-05-11 23:58:15,2026-05-08 23:58:15,BlueDart Cargo,865.37,Delivered
SHIP000368,PO002923,SUP00080,PLT0003,2026-01-29 21:17:52,2026-02-07 21:17:52,2026-02-14 21:17:52,DB Schenker,37643.58,Delivered Late
SHIP000369,PO003790,SUP00049,PLT0000,2026-03-21 15:55:32,2026-03-23 15:55:32,2026-03-21 15:55:32,Kuehne+Nagel,320402.78,Delivered
SHIP000370,PO003875,SUP00095,PLT0025,2026-05-29 09:06:37,2026-06-16 09:06:37,2026-06-25 09:06:37,BlueDart Cargo,11343.69,Delivered Late
SHIP000371,PO003267,SUP00149,PLT0015,2026-02-02 13:27:57,2026-03-29 13:27:57,2026-03-28 13:27:57,Kuehne+Nagel,563717.83,Delivered
SHIP000372,PO002576,SUP00048,PLT0003,2026-05-11 09:49:34,2026-05-23 09:49:34,2026-05-26 09:49:34,BlueDart Cargo,74510.05,Delivered Late
SHIP000373,PO002554,SUP00094,PLT0027,2026-04-07 20:56:34,2026-04-26 20:56:34,2026-04-24 20:56:34,DHL,221441.81,Delivered
SHIP000374,PO001747,SUP00023,PLT0001,2026-06-17 19:19:41,2026-06-30 19:19:41,2026-06-29 19:19:41,Delhivery B2B,259731.97,Delivered
SHIP000375,PO002887,SUP00103,PLT0002,2026-04-18 02:20:10,2026-05-01 02:20:10,2026-04-29 02:20:10,BlueDart Cargo,26890.48,Delivered
SHIP000376,PO001345,SUP00074,PLT0027,2026-01-18 17:40:17,2026-01-23 17:40:17,2026-01-20 17:40:17,Kuehne+Nagel,305180.44,Delivered
SHIP000377,PO004539,SUP00067,PLT0000,2026-04-20 20:18:48,2026-05-30 20:18:48,2026-05-29 20:18:48,BlueDart Cargo,360553.59,Delivered
SHIP000378,PO000819,SUP00189,PLT0026,2026-03-03 08:09:47,2026-04-16 08:09:47,2026-04-14 08:09:47,DHL,143703.74,Delivered
SHIP000379,PO002099,SUP00010,PLT0026,2026-04-12 17:40:52,2026-06-07 17:40:52,2026-06-06 17:40:52,Maersk,35175.35,Delivered
SHIP000380,PO003470,SUP00140,PLT0014,2026-03-17 16:07:52,2026-04-29 16:07:52,2026-04-28 16:07:52,Maersk,389672.83,Delivered
SHIP000381,PO001933,SUP00115,PLT0026,2026-06-25 16:21:02,2026-07-07 16:21:02,2026-07-04 16:21:02,BlueDart Cargo,54038.88,Delivered
SHIP000382,PO000597,SUP00167,PLT0025,2026-02-22 14:33:36,2026-03-04 14:33:36,2026-03-03 14:33:36,FedEx Freight,44956.18,Delivered
SHIP000383,PO001361,SUP00068,PLT0012,2026-02-09 19:55:13,2026-03-07 19:55:13,2026-03-04 19:55:13,Kuehne+Nagel,449885.06,Delivered
SHIP000384,PO002420,SUP00085,PLT0013,2026-04-16 08:29:13,2026-05-29 08:29:13,2026-05-26 08:29:13,Delhivery B2B,198579.37,Delivered
SHIP000385,PO002805,SUP00140,PLT0011,2026-03-24 12:55:12,2026-05-07 12:55:12,2026-05-04 12:55:12,DHL,106817.7,Delivered
SHIP000386,PO001937,SUP00109,PLT0009,2026-06-16 17:25:45,2026-06-21 17:25:45,2026-06-21 17:25:45,Delhivery B2B,112915.67,Delivered
SHIP000387,PO002123,SUP00116,PLT0027,2026-02-17 19:29:47,2026-03-07 19:29:47,2026-03-06 19:29:47,FedEx Freight,7601.19,Delivered
SHIP000388,PO003715,SUP00023,PLT0017,2026-01-11 21:19:08,2026-01-24 21:19:08,2026-01-24 21:19:08,DHL,689380.03,Delivered
SHIP000389,PO002143,SUP00111,PLT0023,2026-03-24 01:23:39,2026-03-29 01:23:39,2026-03-29 01:23:39,Kuehne+Nagel,161337.41,Delivered
SHIP000390,PO000539,SUP00001,PLT0007,2026-04-02 13:45:07,2026-05-15 13:45:07,2026-05-14 13:45:07,FedEx Freight,73777.12,Delivered
SHIP000391,PO000624,SUP00003,PLT0022,2026-06-01 07:48:43,2026-06-08 07:48:43,2026-06-08 07:48:43,FedEx Freight,224237.53,Delivered
SHIP000392,PO003327,SUP00056,PLT0010,2026-05-12 02:56:54,2026-07-09 02:56:54,2026-07-06 02:56:54,FedEx Freight,16059.99,Delivered
SHIP000393,PO000279,SUP00172,PLT0021,2026-05-22 02:16:16,2026-05-30 02:16:16,2026-05-27 02:16:16,DB Schenker,633907.78,Delivered
SHIP000394,PO004172,SUP00002,PLT0015,2026-04-14 03:18:30,2026-04-18 03:18:30,2026-04-17 03:18:30,Maersk,226621.73,Delivered
SHIP000395,PO002173,SUP00150,PLT0010,2026-05-18 09:35:22,2026-05-22 09:35:22,2026-05-20 09:35:22,Kuehne+Nagel,45842.23,Delivered
SHIP000396,PO003813,SUP00135,PLT0024,2026-05-15 08:44:07,2026-06-26 08:44:07,2026-07-10 08:44:07,DHL,109914.36,Delivered Late
SHIP000397,PO004457,SUP00177,PLT0012,2026-03-26 17:22:50,2026-04-12 17:22:50,2026-04-10 17:22:50,Kuehne+Nagel,207843.3,Delivered
SHIP000398,PO000987,SUP00084,PLT0020,2026-04-19 18:28:12,2026-04-23 18:28:12,2026-04-22 18:28:12,Kuehne+Nagel,12778.75,Delivered
SHIP000399,PO004571,SUP00096,PLT0014,2026-02-13 20:30:18,2026-02-20 20:30:18,2026-02-17 20:30:18,DB Schenker,1497593.99,Delivered
SHIP000400,PO001295,SUP00100,PLT0006,2026-05-08 19:39:17,2026-06-18 19:39:17,2026-06-30 19:39:17,DHL,428883.2,Delivered Late
SHIP000401,PO001187,SUP00075,PLT0000,2026-03-30 16:44:12,2026-05-27 16:44:12,2026-05-25 16:44:12,Maersk,51510.86,Delivered
SHIP000402,PO001338,SUP00172,PLT0005,2026-01-18 07:58:30,2026-01-23 07:58:30,2026-01-20 07:58:30,Maersk,3924.9,Delivered
SHIP000403,PO001748,SUP00056,PLT0014,2026-03-20 12:23:19,2026-05-14 12:23:19,2026-05-14 12:23:19,BlueDart Cargo,12247.01,Delivered
SHIP000404,PO002183,SUP00109,PLT0018,2026-04-03 18:17:45,2026-04-11 18:17:45,2026-04-10 18:17:45,DHL,107856.18,Delivered
SHIP000405,PO002220,SUP00029,PLT0025,2026-04-29 16:08:42,2026-06-27 16:08:42,2026-06-25 16:08:42,Kuehne+Nagel,986198.46,Delivered
SHIP000406,PO002372,SUP00010,PLT0004,2026-05-07 16:37:06,2026-07-05 16:37:06,2026-07-02 16:37:06,FedEx Freight,642097.96,Delivered
SHIP000407,PO002280,SUP00171,PLT0025,2026-03-12 15:45:09,2026-05-07 15:45:09,2026-05-07 15:45:09,DHL,62521.73,Delivered
SHIP000408,PO003719,SUP00051,PLT0013,2026-01-08 11:26:18,2026-01-10 11:26:18,2026-01-08 11:26:18,Delhivery B2B,26608.3,Delivered
SHIP000409,PO002474,SUP00065,PLT0023,2026-04-08 09:14:58,2026-05-22 09:14:58,2026-05-19 09:14:58,DHL,27211.61,Delivered
SHIP000410,PO004389,SUP00165,PLT0021,2026-04-02 02:35:50,2026-05-14 02:35:50,2026-05-11 02:35:50,BlueDart Cargo,81764.47,Delivered
SHIP000411,PO002488,SUP00003,PLT0024,2026-06-10 01:38:03,2026-06-18 01:38:03,2026-06-19 01:38:03,BlueDart Cargo,1239498.13,Delivered Late
SHIP000412,PO004999,SUP00117,PLT0020,2026-05-16 09:59:41,2026-06-25 09:59:41,2026-06-25 09:59:41,DB Schenker,60750.22,Delivered
SHIP000413,PO002908,SUP00131,PLT0027,2026-04-06 14:59:07,2026-04-22 14:59:07,2026-04-22 14:59:07,BlueDart Cargo,4787.95,Delivered
SHIP000414,PO003236,SUP00025,PLT0011,2026-05-23 23:17:09,2026-06-20 23:17:09,2026-06-20 23:17:09,Maersk,626877.77,Delivered
SHIP000415,PO002542,SUP00050,PLT0004,2026-05-15 17:59:54,2026-06-11 17:59:54,2026-06-10 17:59:54,DHL,617322.71,Delivered
SHIP000416,PO002467,SUP00008,PLT0021,2026-06-16 07:18:51,2026-06-22 07:18:51,2026-06-21 07:18:51,BlueDart Cargo,160307.42,Delivered
SHIP000417,PO002691,SUP00066,PLT0004,2026-03-25 12:27:08,2026-05-07 12:27:08,2026-05-15 12:27:08,Delhivery B2B,344531.25,Delivered Late
SHIP000418,PO000658,SUP00077,PLT0006,2026-01-25 00:58:13,2026-03-08 00:58:13,2026-03-07 00:58:13,Maersk,580044.91,Delivered
SHIP000419,PO002150,SUP00120,PLT0007,2026-02-06 06:14:21,2026-04-04 06:14:21,2026-04-04 06:14:21,DHL,846825.52,Delivered
SHIP000420,PO001450,SUP00189,PLT0019,2026-04-18 04:10:43,2026-05-30 04:10:43,2026-06-04 04:10:43,Kuehne+Nagel,214160.41,Delivered Late
SHIP000421,PO000967,SUP00139,PLT0004,2026-02-18 00:12:20,2026-02-28 00:12:20,2026-02-28 00:12:20,Maersk,363182.16,Delivered
SHIP000422,PO003014,SUP00033,PLT0008,2026-04-23 12:38:16,2026-05-02 12:38:16,2026-04-29 12:38:16,DHL,100983.07,Delivered
SHIP000423,PO003796,SUP00083,PLT0025,2026-02-12 07:28:22,2026-04-09 07:28:22,2026-04-07 07:28:22,Delhivery B2B,748215.12,Delivered
SHIP000424,PO001150,SUP00058,PLT0000,2026-02-24 03:26:41,2026-03-08 03:26:41,2026-03-08 03:26:41,DB Schenker,19170.03,Delivered
SHIP000425,PO000762,SUP00010,PLT0000,2026-03-27 01:38:56,2026-05-21 01:38:56,2026-05-20 01:38:56,FedEx Freight,699944.84,Delivered
SHIP000426,PO004910,SUP00023,PLT0022,2026-06-05 09:10:56,2026-06-16 09:10:56,2026-06-13 09:10:56,DHL,122425.42,Delivered
SHIP000427,PO001085,SUP00020,PLT0000,2026-01-15 04:10:11,2026-03-11 04:10:11,2026-03-11 04:10:11,DB Schenker,29373.99,Delivered
SHIP000428,PO003108,SUP00027,PLT0028,2026-04-15 00:44:22,2026-04-18 00:44:22,2026-04-17 00:44:22,Delhivery B2B,27276.87,Delivered
SHIP000429,PO000454,SUP00148,PLT0001,2026-05-16 20:54:59,2026-06-11 20:54:59,2026-06-11 20:54:59,Delhivery B2B,228997.86,Delivered
SHIP000430,PO003929,SUP00177,PLT0017,2026-05-05 14:39:19,2026-05-21 14:39:19,2026-05-29 14:39:19,Kuehne+Nagel,59521.93,Delivered Late
SHIP000431,PO000526,SUP00154,PLT0023,2026-03-24 14:04:51,2026-03-30 14:04:51,2026-03-28 14:04:51,DHL,175304.17,Delivered
SHIP000432,PO001797,SUP00169,PLT0028,2026-01-17 23:09:55,2026-03-14 23:09:55,2026-03-12 23:09:55,DB Schenker,277517.87,Delivered
SHIP000433,PO001662,SUP00152,PLT0002,2026-04-26 10:34:05,2026-05-12 10:34:05,2026-05-09 10:34:05,DB Schenker,890269.34,Delivered
SHIP000434,PO000698,SUP00098,PLT0023,2026-05-04 21:50:54,2026-07-01 21:50:54,2026-06-28 21:50:54,Kuehne+Nagel,904481.43,Delivered
SHIP000435,PO002210,SUP00043,PLT0014,2026-03-30 17:52:53,2026-05-25 17:52:53,2026-05-24 17:52:53,Maersk,127616.06,Delivered
SHIP000436,PO001919,SUP00157,PLT0015,2026-01-28 09:57:35,2026-03-13 09:57:35,2026-03-11 09:57:35,FedEx Freight,32991.09,Delivered
SHIP000437,PO004383,SUP00194,PLT0014,2026-02-12 17:26:46,2026-03-03 17:26:46,2026-03-01 17:26:46,Delhivery B2B,7464.62,Delivered
SHIP000438,PO001062,SUP00121,PLT0013,2026-02-06 20:21:39,2026-02-08 20:21:39,2026-02-21 20:21:39,DB Schenker,35029.77,Delivered Late
SHIP000439,PO003610,SUP00168,PLT0016,2026-06-27 06:32:10,2026-07-08 06:32:10,2026-07-05 06:32:10,Delhivery B2B,493155.38,Delivered
SHIP000440,PO003303,SUP00179,PLT0002,2026-02-15 08:31:10,2026-03-12 08:31:10,2026-03-12 08:31:10,BlueDart Cargo,790556.35,Delivered
SHIP000441,PO002307,SUP00050,PLT0018,2026-01-09 00:14:23,2026-02-07 00:14:23,2026-02-07 00:14:23,DHL,3920.51,Delivered
SHIP000442,PO003248,SUP00199,PLT0008,2026-06-04 21:59:51,2026-06-17 21:59:51,2026-06-14 21:59:51,BlueDart Cargo,101494.73,Delivered
SHIP000443,PO000944,SUP00011,PLT0008,2026-03-16 19:22:09,2026-03-23 19:22:09,2026-04-05 19:22:09,DHL,343431.99,Delivered Late
SHIP000444,PO001083,SUP00067,PLT0025,2026-01-09 23:46:05,2026-02-22 23:46:05,2026-02-20 23:46:05,BlueDart Cargo,969526.11,Delivered
SHIP000445,PO001733,SUP00194,PLT0021,2026-03-11 11:12:06,2026-03-31 11:12:06,2026-03-29 11:12:06,Kuehne+Nagel,173598.45,Delivered
SHIP000446,PO002880,SUP00176,PLT0007,2026-01-21 23:14:12,2026-03-20 23:14:12,2026-03-17 23:14:12,FedEx Freight,338312.57,Delivered
SHIP000447,PO002642,SUP00100,PLT0015,2026-03-15 07:07:35,2026-04-24 07:07:35,2026-04-23 07:07:35,BlueDart Cargo,46546.29,Delivered
SHIP000448,PO002162,SUP00109,PLT0017,2026-02-27 19:21:16,2026-03-07 19:21:16,2026-03-05 19:21:16,Maersk,715870.69,Delivered
SHIP000449,PO003005,SUP00075,PLT0005,2026-04-09 13:53:49,2026-06-07 13:53:49,2026-06-04 13:53:49,DB Schenker,199438.74,Delivered
SHIP000450,PO001206,SUP00141,PLT0029,2026-01-25 03:17:31,2026-03-08 03:17:31,2026-03-13 03:17:31,DHL,866450.35,Delivered Late
SHIP000451,PO002744,SUP00109,PLT0005,2026-02-25 11:13:08,2026-03-06 11:13:08,2026-03-03 11:13:08,DB Schenker,294112.99,Delivered
SHIP000452,PO000915,SUP00106,PLT0000,2026-06-30 04:28:06,2026-07-06 04:28:06,2026-07-06 04:28:06,Kuehne+Nagel,378298.24,Delivered
SHIP000453,PO001703,SUP00016,PLT0020,2026-03-20 23:52:51,2026-04-08 23:52:51,2026-04-21 23:52:51,Delhivery B2B,20052.21,Delivered Late
SHIP000454,PO003616,SUP00023,PLT0018,2026-05-23 03:29:02,2026-06-03 03:29:02,2026-06-16 03:29:02,DHL,335979.56,Delivered Late
SHIP000455,PO004993,SUP00163,PLT0011,2026-01-04 13:34:51,2026-01-08 13:34:51,2026-01-08 13:34:51,Maersk,679708.88,Delivered
SHIP000456,PO000085,SUP00001,PLT0008,2026-05-14 00:14:03,2026-06-23 00:14:03,2026-06-23 00:14:03,Kuehne+Nagel,51464.66,Delivered
SHIP000457,PO003385,SUP00181,PLT0019,2026-02-17 07:18:12,2026-03-02 07:18:12,2026-03-07 07:18:12,DHL,238949.2,Delivered Late
SHIP000458,PO003838,SUP00012,PLT0006,2026-05-08 02:46:52,2026-06-04 02:46:52,2026-06-02 02:46:52,Kuehne+Nagel,175420.11,Delivered
SHIP000459,PO003615,SUP00078,PLT0012,2026-05-13 02:42:08,2026-07-08 02:42:08,2026-07-05 02:42:08,DHL,136571.6,Delivered
SHIP000460,PO001783,SUP00105,PLT0022,2026-04-27 06:47:22,2026-05-15 06:47:22,2026-05-12 06:47:22,FedEx Freight,104657.55,Delivered
SHIP000461,PO000493,SUP00109,PLT0028,2026-03-20 15:47:08,2026-03-26 15:47:08,2026-04-08 15:47:08,Kuehne+Nagel,473292.53,Delivered Late
SHIP000462,PO003775,SUP00156,PLT0007,2026-03-23 09:22:22,2026-04-01 09:22:22,2026-03-31 09:22:22,FedEx Freight,446051.38,Delivered
SHIP000463,PO000216,SUP00180,PLT0027,2026-02-17 11:17:24,2026-03-02 11:17:24,2026-03-01 11:17:24,Kuehne+Nagel,133087.77,Delivered
SHIP000464,PO001975,SUP00020,PLT0027,2026-05-01 04:26:24,2026-06-27 04:26:24,2026-06-25 04:26:24,BlueDart Cargo,340880.81,Delivered
SHIP000465,PO004841,SUP00011,PLT0005,2026-02-05 18:18:16,2026-02-10 18:18:16,2026-02-17 18:18:16,BlueDart Cargo,11386.34,Delivered Late
SHIP000466,PO002091,SUP00128,PLT0009,2026-03-16 06:18:11,2026-04-03 06:18:11,2026-04-03 06:18:11,BlueDart Cargo,106341.05,Delivered
SHIP000467,PO003279,SUP00016,PLT0012,2026-03-16 14:09:07,2026-04-05 14:09:07,2026-04-05 14:09:07,DB Schenker,57019.0,Delivered
SHIP000468,PO004585,SUP00145,PLT0000,2026-03-03 06:50:44,2026-05-01 06:50:44,2026-04-28 06:50:44,FedEx Freight,314230.45,Delivered
SHIP000469,PO004781,SUP00170,PLT0026,2026-05-25 19:03:18,2026-06-06 19:03:18,2026-06-17 19:03:18,Delhivery B2B,276854.24,Delivered Late
SHIP000470,PO000416,SUP00048,PLT0004,2026-03-05 16:22:27,2026-03-18 16:22:27,2026-03-20 16:22:27,Delhivery B2B,15679.82,Delivered Late
SHIP000471,PO003922,SUP00052,PLT0007,2026-03-04 11:42:03,2026-03-31 11:42:03,2026-03-28 11:42:03,DB Schenker,526619.69,Delivered
SHIP000472,PO002815,SUP00080,PLT0028,2026-01-18 08:04:23,2026-01-30 08:04:23,2026-01-30 08:04:23,Delhivery B2B,179108.36,Delivered
SHIP000473,PO001737,SUP00160,PLT0029,2026-03-02 02:46:35,2026-03-08 02:46:35,2026-03-06 02:46:35,Kuehne+Nagel,24623.68,Delivered
SHIP000474,PO000948,SUP00007,PLT0010,2026-02-09 23:51:44,2026-02-19 23:51:44,2026-02-18 23:51:44,Kuehne+Nagel,71546.74,Delivered
SHIP000475,PO000714,SUP00096,PLT0019,2026-02-26 14:30:19,2026-03-03 14:30:19,2026-03-06 14:30:19,Delhivery B2B,262326.77,Delivered Late
SHIP000476,PO001558,SUP00107,PLT0004,2026-05-30 06:10:16,2026-06-16 06:10:16,2026-06-30 06:10:16,FedEx Freight,166484.65,Delivered Late
SHIP000477,PO004497,SUP00101,PLT0028,2026-03-31 12:32:55,2026-05-28 12:32:55,2026-05-25 12:32:55,DB Schenker,882363.41,Delivered
SHIP000478,PO004599,SUP00151,PLT0007,2026-06-13 17:13:19,2026-07-02 17:13:19,2026-07-02 17:13:19,Maersk,464988.59,Delivered
SHIP000479,PO004235,SUP00045,PLT0028,2026-02-15 03:08:06,2026-03-06 03:08:06,2026-03-06 03:08:06,Delhivery B2B,217414.15,Delivered
SHIP000480,PO000686,SUP00112,PLT0010,2026-03-26 07:23:57,2026-04-20 07:23:57,2026-04-19 07:23:57,Delhivery B2B,1299194.52,Delivered
SHIP000481,PO004178,SUP00155,PLT0002,2026-01-16 08:34:34,2026-02-03 08:34:34,2026-02-03 08:34:34,FedEx Freight,630149.78,Delivered
SHIP000482,PO001726,SUP00197,PLT0011,2026-05-21 22:50:59,2026-05-30 22:50:59,2026-05-29 22:50:59,Maersk,772586.69,Delivered
SHIP000483,PO002625,SUP00133,PLT0019,2026-03-14 07:07:17,2026-04-26 07:07:17,2026-04-26 07:07:17,BlueDart Cargo,373543.56,Delivered
SHIP000484,PO000107,SUP00166,PLT0005,2026-04-11 18:33:39,2026-04-30 18:33:39,2026-04-28 18:33:39,FedEx Freight,4193.62,Delivered
SHIP000485,PO003624,SUP00111,PLT0000,2026-06-08 20:15:35,2026-06-13 20:15:35,2026-06-12 20:15:35,BlueDart Cargo,353469.9,Delivered
SHIP000486,PO001935,SUP00079,PLT0017,2026-03-06 20:18:51,2026-03-12 20:18:51,2026-03-18 20:18:51,Delhivery B2B,608961.75,Delivered Late
SHIP000487,PO004098,SUP00024,PLT0020,2026-04-12 01:33:03,2026-05-10 01:33:03,2026-05-09 01:33:03,BlueDart Cargo,592651.53,Delivered
SHIP000488,PO002485,SUP00092,PLT0018,2026-02-09 07:38:27,2026-03-25 07:38:27,2026-03-29 07:38:27,DHL,146352.18,Delivered Late
SHIP000489,PO004359,SUP00194,PLT0004,2026-02-07 03:45:04,2026-02-26 03:45:04,2026-03-03 03:45:04,DB Schenker,38634.5,Delivered Late
SHIP000490,PO002636,SUP00182,PLT0004,2026-05-01 03:55:15,2026-05-27 03:55:15,2026-05-24 03:55:15,DHL,93176.39,Delivered
SHIP000491,PO002783,SUP00191,PLT0001,2026-03-28 18:05:50,2026-05-26 18:05:50,2026-05-23 18:05:50,Maersk,1443059.03,Delivered
SHIP000492,PO000089,SUP00019,PLT0014,2026-04-25 14:29:11,2026-06-22 14:29:11,2026-06-21 14:29:11,Delhivery B2B,181876.33,Delivered
SHIP000493,PO002975,SUP00133,PLT0016,2026-04-21 14:42:36,2026-06-03 14:42:36,2026-06-03 14:42:36,FedEx Freight,373380.53,Delivered
SHIP000494,PO000301,SUP00150,PLT0022,2026-06-11 12:11:33,2026-06-13 12:11:33,2026-06-10 12:11:33,Maersk,77124.06,Delivered
SHIP000495,PO003204,SUP00069,PLT0028,2026-02-07 14:40:19,2026-02-19 14:40:19,2026-02-18 14:40:19,FedEx Freight,409433.44,Delivered
SHIP000496,PO004173,SUP00146,PLT0007,2026-01-13 18:12:58,2026-02-02 18:12:58,2026-02-01 18:12:58,DB Schenker,185817.17,Delivered
SHIP000497,PO000974,SUP00097,PLT0011,2026-03-22 15:33:51,2026-03-30 15:33:51,2026-03-29 15:33:51,DB Schenker,769285.52,Delivered
SHIP000498,PO002832,SUP00138,PLT0005,2026-04-14 02:21:50,2026-04-25 02:21:50,2026-04-22 02:21:50,BlueDart Cargo,3918.54,Delivered
SHIP000499,PO004902,SUP00095,PLT0026,2026-04-18 07:47:09,2026-05-08 07:47:09,2026-05-06 07:47:09,BlueDart Cargo,1414.79,Delivered
SHIP000500,PO000709,SUP00044,PLT0026,2026-02-23 19:38:35,2026-04-21 19:38:35,2026-04-20 19:38:35,DB Schenker,161884.92,Delivered
SHIP000501,PO002171,SUP00088,PLT0011,2026-06-06 19:10:59,2026-07-05 19:10:59,,Kuehne+Nagel,162837.5,Delayed
SHIP000502,PO003395,SUP00159,PLT0005,2026-01-30 01:23:13,2026-02-01 01:23:13,2026-02-01 01:23:13,Maersk,228132.47,Delivered
SHIP000503,PO001090,SUP00038,PLT0004,2026-04-29 18:58:26,2026-06-26 18:58:26,2026-06-26 18:58:26,Kuehne+Nagel,766441.28,Delivered
SHIP000504,PO003773,SUP00004,PLT0007,2026-05-16 03:51:13,2026-06-11 03:51:13,2026-06-09 03:51:13,Delhivery B2B,244795.23,Delivered
SHIP000505,PO004114,SUP00062,PLT0010,2026-03-31 13:35:59,2026-04-13 13:35:59,2026-04-12 13:35:59,FedEx Freight,435402.3,Delivered
SHIP000506,PO002733,SUP00157,PLT0010,2026-01-19 17:59:58,2026-03-04 17:59:58,2026-03-15 17:59:58,DB Schenker,9864.13,Delivered Late
SHIP000507,PO003238,SUP00093,PLT0017,2026-06-26 15:10:53,2026-07-02 15:10:53,2026-06-29 15:10:53,FedEx Freight,1085732.86,Delivered
SHIP000508,PO003333,SUP00185,PLT0024,2026-03-27 04:58:14,2026-05-24 04:58:14,2026-05-21 04:58:14,FedEx Freight,403125.96,Delivered
SHIP000509,PO001319,SUP00152,PLT0013,2026-01-13 16:36:06,2026-01-31 16:36:06,2026-01-28 16:36:06,Maersk,164327.31,Delivered
SHIP000510,PO000584,SUP00025,PLT0008,2026-03-29 22:40:06,2026-04-25 22:40:06,2026-04-25 22:40:06,Kuehne+Nagel,270411.9,Delivered
SHIP000511,PO003845,SUP00027,PLT0018,2026-06-01 01:52:53,2026-06-07 01:52:53,2026-06-07 01:52:53,BlueDart Cargo,16707.19,Delivered
SHIP000512,PO003216,SUP00002,PLT0012,2026-02-27 01:06:28,2026-03-01 01:06:28,2026-03-08 01:06:28,Kuehne+Nagel,86383.32,Delivered Late
SHIP000513,PO001327,SUP00084,PLT0029,2026-04-24 13:59:53,2026-04-29 13:59:53,2026-04-29 13:59:53,Delhivery B2B,844.85,Delivered
SHIP000514,PO003785,SUP00154,PLT0015,2026-05-14 00:44:26,2026-05-21 00:44:26,2026-05-21 00:44:26,Delhivery B2B,217619.91,Delivered
SHIP000515,PO001451,SUP00109,PLT0019,2026-02-25 07:12:47,2026-03-04 07:12:47,2026-03-01 07:12:47,BlueDart Cargo,266404.55,Delivered
SHIP000516,PO002537,SUP00030,PLT0020,2026-05-02 07:20:52,2026-05-29 07:20:52,2026-05-29 07:20:52,DB Schenker,23534.33,Delivered
SHIP000517,PO004647,SUP00126,PLT0005,2026-02-10 22:31:22,2026-02-28 22:31:22,2026-02-28 22:31:22,BlueDart Cargo,876206.06,Delivered
SHIP000518,PO004140,SUP00142,PLT0000,2026-05-06 04:21:58,2026-05-16 04:21:58,2026-05-15 04:21:58,BlueDart Cargo,708420.69,Delivered
SHIP000519,PO001008,SUP00127,PLT0010,2026-06-19 16:46:04,2026-06-26 16:46:04,2026-06-24 16:46:04,BlueDart Cargo,12572.99,Delivered
SHIP000520,PO002498,SUP00004,PLT0003,2026-04-03 14:15:22,2026-05-01 14:15:22,2026-04-30 14:15:22,Maersk,369244.2,Delivered
SHIP000521,PO002204,SUP00171,PLT0013,2026-01-04 06:50:14,2026-03-03 06:50:14,2026-02-28 06:50:14,DHL,868573.09,Delivered
SHIP000522,PO004980,SUP00066,PLT0000,2026-03-10 17:06:00,2026-04-21 17:06:00,2026-04-21 17:06:00,Delhivery B2B,773301.43,Delivered
SHIP000523,PO003354,SUP00139,PLT0019,2026-03-05 08:47:26,2026-03-18 08:47:26,2026-03-16 08:47:26,Maersk,31647.87,Delivered
SHIP000524,PO002874,SUP00185,PLT0006,2026-02-23 00:17:44,2026-04-23 00:17:44,2026-04-23 00:17:44,BlueDart Cargo,100217.03,Delivered
SHIP000525,PO000682,SUP00068,PLT0015,2026-04-17 17:28:03,2026-05-14 17:28:03,2026-05-13 17:28:03,Kuehne+Nagel,274149.26,Delivered
SHIP000526,PO002199,SUP00168,PLT0009,2026-02-22 13:10:29,2026-03-07 13:10:29,2026-03-20 13:10:29,Kuehne+Nagel,393691.24,Delivered Late
SHIP000527,PO003705,SUP00071,PLT0024,2026-05-04 22:34:35,2026-07-02 22:34:35,2026-07-08 22:34:35,FedEx Freight,743562.08,Delivered Late
SHIP000528,PO002809,SUP00197,PLT0017,2026-03-15 12:06:50,2026-03-20 12:06:50,2026-03-18 12:06:50,FedEx Freight,194885.11,Delivered
SHIP000529,PO001667,SUP00038,PLT0017,2026-04-07 03:41:32,2026-06-04 03:41:32,2026-06-03 03:41:32,FedEx Freight,1192.51,Delivered
SHIP000530,PO000286,SUP00199,PLT0021,2026-01-20 17:44:18,2026-02-02 17:44:18,2026-01-31 17:44:18,Delhivery B2B,1040569.71,Delivered
SHIP000531,PO000570,SUP00030,PLT0008,2026-06-03 03:08:01,2026-06-29 03:08:01,2026-06-29 03:08:01,Maersk,20274.74,Delivered
SHIP000532,PO002425,SUP00182,PLT0002,2026-04-07 11:52:46,2026-05-02 11:52:46,2026-04-30 11:52:46,Maersk,99339.89,Delivered
SHIP000533,PO002126,SUP00067,PLT0001,2026-01-20 03:34:23,2026-03-03 03:34:23,2026-03-10 03:34:23,Delhivery B2B,41504.81,Delivered Late
SHIP000534,PO003153,SUP00182,PLT0002,2026-04-29 14:26:18,2026-05-24 14:26:18,2026-05-22 14:26:18,BlueDart Cargo,358956.95,Delivered
SHIP000535,PO001740,SUP00011,PLT0023,2026-05-30 01:29:28,2026-06-08 01:29:28,2026-06-11 01:29:28,BlueDart Cargo,269957.91,Delivered Late
SHIP000536,PO001999,SUP00068,PLT0000,2026-06-07 22:00:25,2026-07-02 22:00:25,2026-07-02 22:00:25,Delhivery B2B,231905.51,Delivered
SHIP000537,PO004602,SUP00078,PLT0020,2026-03-26 07:15:14,2026-05-20 07:15:14,2026-05-18 07:15:14,FedEx Freight,312813.32,Delivered
SHIP000538,PO004610,SUP00146,PLT0018,2026-05-21 20:07:00,2026-06-06 20:07:00,2026-06-16 20:07:00,DHL,94541.18,Delivered Late
SHIP000539,PO002633,SUP00156,PLT0018,2026-03-28 14:24:27,2026-04-02 14:24:27,2026-04-12 14:24:27,BlueDart Cargo,226626.07,Delivered Late
SHIP000540,PO004835,SUP00149,PLT0013,2026-03-01 12:13:36,2026-04-27 12:13:36,2026-04-25 12:13:36,Delhivery B2B,563996.03,Delivered
SHIP000541,PO002325,SUP00148,PLT0007,2026-03-23 20:18:19,2026-04-20 20:18:19,2026-04-18 20:18:19,DB Schenker,956632.52,Delivered
SHIP000542,PO004493,SUP00167,PLT0013,2026-02-20 12:15:34,2026-03-04 12:15:34,2026-03-02 12:15:34,Maersk,315028.21,Delivered
SHIP000543,PO000027,SUP00179,PLT0016,2026-02-05 23:20:11,2026-03-05 23:20:11,2026-03-03 23:20:11,DHL,477198.86,Delivered
SHIP000544,PO000731,SUP00068,PLT0004,2026-04-23 22:04:21,2026-05-21 22:04:21,2026-05-27 22:04:21,Delhivery B2B,57891.01,Delivered Late
SHIP000545,PO001024,SUP00025,PLT0009,2026-01-16 02:53:34,2026-02-10 02:53:34,2026-02-11 02:53:34,Delhivery B2B,593125.77,Delivered Late
SHIP000546,PO001165,SUP00191,PLT0018,2026-02-24 09:43:23,2026-04-23 09:43:23,2026-04-22 09:43:23,BlueDart Cargo,20933.61,Delivered
SHIP000547,PO001145,SUP00138,PLT0006,2026-04-30 16:37:02,2026-05-09 16:37:02,2026-05-09 16:37:02,DB Schenker,461194.63,Delivered
SHIP000548,PO000601,SUP00152,PLT0026,2026-02-13 14:20:28,2026-03-03 14:20:28,2026-03-01 14:20:28,FedEx Freight,102069.67,Delivered
SHIP000549,PO004269,SUP00025,PLT0024,2026-04-30 12:01:43,2026-05-26 12:01:43,2026-05-26 12:01:43,Delhivery B2B,363294.33,Delivered
SHIP000550,PO004118,SUP00007,PLT0013,2026-04-04 14:05:43,2026-04-13 14:05:43,2026-04-10 14:05:43,FedEx Freight,15879.94,Delivered
SHIP000551,PO002432,SUP00192,PLT0009,2026-03-12 18:30:24,2026-05-10 18:30:24,2026-05-09 18:30:24,Delhivery B2B,246511.03,Delivered
SHIP000552,PO000820,SUP00091,PLT0009,2026-06-01 03:09:52,2026-06-13 03:09:52,2026-06-12 03:09:52,Maersk,376171.9,Delivered
SHIP000553,PO001675,SUP00131,PLT0021,2026-01-12 01:32:27,2026-02-01 01:32:27,2026-01-29 01:32:27,BlueDart Cargo,525542.72,Delivered
SHIP000554,PO000646,SUP00015,PLT0003,2026-05-30 22:12:36,2026-06-01 22:12:36,2026-06-01 22:12:36,DHL,40210.78,Delivered
SHIP000555,PO001049,SUP00180,PLT0004,2026-06-21 21:14:11,2026-07-02 21:14:11,2026-06-29 21:14:11,Maersk,8039.59,Delivered
SHIP000556,PO000439,SUP00196,PLT0021,2026-02-27 19:26:12,2026-03-15 19:26:12,2026-03-19 19:26:12,BlueDart Cargo,546577.69,Delivered Late
SHIP000557,PO002931,SUP00186,PLT0029,2026-03-05 02:25:41,2026-04-16 02:25:41,2026-04-15 02:25:41,Delhivery B2B,45105.82,Delivered
SHIP000558,PO002007,SUP00186,PLT0002,2026-05-05 16:05:00,2026-06-15 16:05:00,2026-06-30 16:05:00,Delhivery B2B,107100.68,Delivered Late
SHIP000559,PO000458,SUP00170,PLT0022,2026-06-20 22:55:16,2026-06-29 22:55:16,2026-06-26 22:55:16,BlueDart Cargo,101112.17,Delivered
SHIP000560,PO004263,SUP00155,PLT0018,2026-05-23 22:37:25,2026-06-11 22:37:25,2026-06-11 22:37:25,DB Schenker,141650.77,Delivered
SHIP000561,PO001918,SUP00126,PLT0028,2026-03-23 07:17:02,2026-04-08 07:17:02,2026-04-05 07:17:02,FedEx Freight,1318434.23,Delivered
SHIP000562,PO000194,SUP00107,PLT0028,2026-04-28 09:04:19,2026-05-18 09:04:19,2026-05-16 09:04:19,Maersk,519887.56,Delivered
SHIP000563,PO001245,SUP00178,PLT0005,2026-03-29 21:16:10,2026-05-26 21:16:10,2026-05-26 21:16:10,Delhivery B2B,191631.11,Delivered
SHIP000564,PO001518,SUP00053,PLT0006,2026-01-16 21:50:22,2026-02-27 21:50:22,2026-02-25 21:50:22,DB Schenker,240607.76,Delivered
SHIP000565,PO001241,SUP00095,PLT0019,2026-04-03 16:25:21,2026-04-21 16:25:21,2026-04-18 16:25:21,DHL,50268.54,Delivered
SHIP000566,PO000324,SUP00100,PLT0021,2026-04-03 18:59:36,2026-05-13 18:59:36,2026-05-11 18:59:36,Maersk,796653.74,Delivered
SHIP000567,PO001351,SUP00000,PLT0020,2026-02-22 03:26:47,2026-02-26 03:26:47,2026-02-23 03:26:47,Kuehne+Nagel,9618.97,Delivered
SHIP000568,PO002529,SUP00165,PLT0006,2026-01-24 20:26:51,2026-03-09 20:26:51,2026-03-18 20:26:51,FedEx Freight,1230265.89,Delivered Late
SHIP000569,PO000565,SUP00131,PLT0004,2026-06-17 16:46:08,2026-07-04 16:46:08,2026-07-04 16:46:08,DHL,232238.25,Delivered
SHIP000570,PO004094,SUP00123,PLT0012,2026-03-07 18:50:52,2026-05-04 18:50:52,2026-05-03 18:50:52,DHL,334910.52,Delivered
SHIP000571,PO003495,SUP00059,PLT0021,2026-04-10 01:02:52,2026-04-23 01:02:52,2026-04-22 01:02:52,BlueDart Cargo,5958.88,Delivered
SHIP000572,PO003338,SUP00055,PLT0000,2026-01-21 14:23:24,2026-01-28 14:23:24,2026-02-08 14:23:24,DHL,296586.13,Delivered Late
SHIP000573,PO003593,SUP00062,PLT0027,2026-04-05 18:13:59,2026-04-15 18:13:59,2026-04-15 18:13:59,Kuehne+Nagel,491943.93,Delivered
SHIP000574,PO000373,SUP00130,PLT0010,2026-03-16 06:19:31,2026-05-10 06:19:31,2026-05-09 06:19:31,Maersk,162320.02,Delivered
SHIP000575,PO003308,SUP00021,PLT0028,2026-05-03 07:20:34,2026-05-30 07:20:34,2026-05-30 07:20:34,DHL,141607.0,Delivered
SHIP000576,PO004345,SUP00128,PLT0003,2026-04-29 17:10:32,2026-05-19 17:10:32,2026-05-18 17:10:32,DB Schenker,373708.74,Delivered
SHIP000577,PO001649,SUP00071,PLT0021,2026-04-15 14:01:09,2026-06-10 14:01:09,2026-06-08 14:01:09,Delhivery B2B,158714.79,Delivered
SHIP000578,PO001301,SUP00140,PLT0002,2026-04-04 15:58:43,2026-05-18 15:58:43,2026-05-29 15:58:43,Delhivery B2B,20398.19,Delivered Late
SHIP000579,PO001348,SUP00109,PLT0017,2026-01-05 10:10:11,2026-01-11 10:10:11,2026-01-11 10:10:11,BlueDart Cargo,445612.72,Delivered
SHIP000580,PO003097,SUP00165,PLT0003,2026-03-07 23:15:19,2026-04-20 23:15:19,2026-04-18 23:15:19,DHL,368872.61,Delivered
SHIP000581,PO003348,SUP00023,PLT0015,2026-03-08 11:08:39,2026-03-21 11:08:39,2026-03-20 11:08:39,Kuehne+Nagel,1032193.15,Delivered
SHIP000582,PO003673,SUP00052,PLT0013,2026-02-21 18:51:56,2026-03-21 18:51:56,2026-03-20 18:51:56,Delhivery B2B,1158305.0,Delivered
SHIP000583,PO002371,SUP00127,PLT0024,2026-06-01 13:02:42,2026-06-10 13:02:42,2026-06-23 13:02:42,Delhivery B2B,823.12,Delivered Late
SHIP000584,PO000494,SUP00016,PLT0013,2026-06-07 07:44:44,2026-06-24 07:44:44,2026-06-30 07:44:44,Delhivery B2B,108401.76,Delivered Late
SHIP000585,PO000150,SUP00155,PLT0011,2026-05-04 06:23:07,2026-05-23 06:23:07,2026-05-21 06:23:07,FedEx Freight,698186.24,Delivered
SHIP000586,PO000058,SUP00059,PLT0026,2026-04-18 15:07:32,2026-04-27 15:07:32,2026-05-01 15:07:32,BlueDart Cargo,96013.12,Delivered Late
SHIP000587,PO003939,SUP00170,PLT0006,2026-03-11 17:17:35,2026-03-20 17:17:35,2026-03-20 17:17:35,DB Schenker,10898.88,Delivered
SHIP000588,PO003995,SUP00021,PLT0029,2026-03-07 04:37:15,2026-04-04 04:37:15,2026-04-03 04:37:15,Maersk,197337.73,Delivered
SHIP000589,PO001813,SUP00021,PLT0010,2026-03-17 10:27:04,2026-04-15 10:27:04,2026-04-13 10:27:04,FedEx Freight,229555.54,Delivered
SHIP000590,PO002684,SUP00020,PLT0000,2026-04-22 11:13:01,2026-06-18 11:13:01,2026-06-16 11:13:01,Maersk,998717.83,Delivered
SHIP000591,PO002405,SUP00148,PLT0016,2026-05-29 08:16:15,2026-06-26 08:16:15,2026-06-25 08:16:15,Delhivery B2B,643504.12,Delivered
SHIP000592,PO004476,SUP00033,PLT0000,2026-01-27 21:31:26,2026-02-01 21:31:26,2026-01-29 21:31:26,Delhivery B2B,265069.93,Delivered
SHIP000593,PO001517,SUP00080,PLT0004,2026-06-22 15:45:13,2026-07-02 15:45:13,,Delhivery B2B,87069.72,Delayed
SHIP000594,PO002992,SUP00013,PLT0009,2026-04-22 08:40:07,2026-05-10 08:40:07,2026-05-22 08:40:07,Maersk,796095.95,Delivered Late
SHIP000595,PO004953,SUP00057,PLT0002,2026-02-01 18:56:52,2026-03-02 18:56:52,2026-03-02 18:56:52,DB Schenker,76170.46,Delivered
SHIP000596,PO000149,SUP00081,PLT0017,2026-02-16 21:22:25,2026-03-06 21:22:25,2026-03-06 21:22:25,Maersk,477481.28,Delivered
SHIP000597,PO004556,SUP00165,PLT0004,2026-02-08 06:08:33,2026-03-20 06:08:33,2026-03-17 06:08:33,DB Schenker,164839.94,Delivered
SHIP000598,PO001156,SUP00107,PLT0006,2026-01-11 18:13:51,2026-01-31 18:13:51,2026-01-30 18:13:51,Delhivery B2B,660513.76,Delivered
SHIP000599,PO000743,SUP00118,PLT0015,2026-04-30 18:52:03,2026-05-08 18:52:03,2026-05-19 18:52:03,BlueDart Cargo,768623.28,Delivered Late
SHIP000600,PO001780,SUP00085,PLT0005,2026-01-31 03:35:40,2026-03-15 03:35:40,2026-03-15 03:35:40,FedEx Freight,79305.88,Delivered
SHIP000601,PO002983,SUP00039,PLT0001,2026-05-12 16:02:17,2026-05-25 16:02:17,2026-05-22 16:02:17,BlueDart Cargo,89644.08,Delivered
SHIP000602,PO002723,SUP00104,PLT0008,2026-01-30 22:05:12,2026-02-08 22:05:12,2026-02-11 22:05:12,DHL,415250.82,Delivered Late
SHIP000603,PO001547,SUP00007,PLT0022,2026-05-16 20:50:08,2026-05-28 20:50:08,2026-05-25 20:50:08,FedEx Freight,360683.12,Delivered
SHIP000604,PO000424,SUP00105,PLT0013,2026-04-22 19:19:50,2026-05-08 19:19:50,2026-05-07 19:19:50,Maersk,81485.04,Delivered
SHIP000605,PO000968,SUP00120,PLT0017,2026-04-04 03:37:46,2026-05-30 03:37:46,2026-05-29 03:37:46,Delhivery B2B,581961.85,Delivered
SHIP000606,PO001325,SUP00018,PLT0013,2026-04-28 23:34:22,2026-05-16 23:34:22,2026-05-15 23:34:22,Delhivery B2B,55790.04,Delivered
SHIP000607,PO002769,SUP00055,PLT0026,2026-06-30 15:33:00,2026-07-05 15:33:00,2026-07-04 15:33:00,DHL,136267.32,Delivered
SHIP000608,PO001816,SUP00035,PLT0026,2026-04-21 04:48:44,2026-05-31 04:48:44,2026-05-30 04:48:44,Maersk,24580.65,Delivered
SHIP000609,PO002068,SUP00112,PLT0006,2026-04-02 22:54:26,2026-04-29 22:54:26,2026-04-26 22:54:26,DHL,518047.03,Delivered
SHIP000610,PO001626,SUP00104,PLT0001,2026-02-01 06:27:06,2026-02-10 06:27:06,2026-02-10 06:27:06,Maersk,245133.36,Delivered
SHIP000611,PO003536,SUP00169,PLT0017,2026-04-25 10:02:46,2026-06-22 10:02:46,2026-06-19 10:02:46,Kuehne+Nagel,292876.72,Delivered
SHIP000612,PO002117,SUP00152,PLT0025,2026-05-29 21:46:08,2026-06-15 21:46:08,2026-06-29 21:46:08,BlueDart Cargo,70328.27,Delivered Late
SHIP000613,PO003185,SUP00129,PLT0007,2026-04-12 21:29:43,2026-06-08 21:29:43,2026-06-05 21:29:43,DHL,482383.57,Delivered
SHIP000614,PO003518,SUP00014,PLT0028,2026-05-04 13:36:26,2026-05-09 13:36:26,2026-05-20 13:36:26,Kuehne+Nagel,191840.11,Delivered Late
SHIP000615,PO001823,SUP00030,PLT0025,2026-05-02 11:44:00,2026-05-28 11:44:00,2026-06-04 11:44:00,FedEx Freight,410609.04,Delivered Late
SHIP000616,PO003809,SUP00182,PLT0027,2026-05-04 03:47:04,2026-05-30 03:47:04,2026-05-30 03:47:04,BlueDart Cargo,8920.06,Delivered
SHIP000617,PO000504,SUP00136,PLT0005,2026-04-19 16:24:10,2026-04-28 16:24:10,2026-04-25 16:24:10,BlueDart Cargo,1038198.45,Delivered
SHIP000618,PO003491,SUP00107,PLT0027,2026-03-08 07:43:54,2026-03-26 07:43:54,2026-03-31 07:43:54,Delhivery B2B,136842.88,Delivered Late
SHIP000619,PO003895,SUP00152,PLT0005,2026-04-21 18:29:30,2026-05-10 18:29:30,2026-05-10 18:29:30,Maersk,701827.37,Delivered
SHIP000620,PO002689,SUP00013,PLT0009,2026-03-11 12:44:51,2026-03-29 12:44:51,2026-03-28 12:44:51,DHL,430776.19,Delivered
SHIP000621,PO004852,SUP00031,PLT0009,2026-03-08 14:41:36,2026-05-02 14:41:36,2026-04-29 14:41:36,BlueDart Cargo,315825.31,Delivered
SHIP000622,PO002444,SUP00100,PLT0025,2026-05-13 02:17:59,2026-06-26 02:17:59,2026-06-26 02:17:59,BlueDart Cargo,89151.28,Delivered
SHIP000623,PO002379,SUP00035,PLT0007,2026-02-10 04:28:08,2026-03-25 04:28:08,2026-03-24 04:28:08,Delhivery B2B,304728.47,Delivered
SHIP000624,PO000187,SUP00184,PLT0013,2026-01-23 00:42:50,2026-02-02 00:42:50,2026-02-01 00:42:50,FedEx Freight,96626.38,Delivered
SHIP000625,PO004653,SUP00029,PLT0013,2026-05-10 13:22:54,2026-07-07 13:22:54,2026-07-12 13:22:54,DHL,791983.18,Delivered Late
SHIP000626,PO000707,SUP00025,PLT0021,2026-03-16 20:34:00,2026-04-12 20:34:00,2026-04-12 20:34:00,Kuehne+Nagel,167497.17,Delivered
SHIP000627,PO004639,SUP00168,PLT0024,2026-01-19 22:02:45,2026-01-31 22:02:45,2026-01-31 22:02:45,Delhivery B2B,890771.58,Delivered
SHIP000628,PO004219,SUP00035,PLT0018,2026-04-07 00:53:59,2026-05-17 00:53:59,2026-05-17 00:53:59,BlueDart Cargo,106993.91,Delivered
SHIP000629,PO001437,SUP00159,PLT0011,2026-04-14 07:42:48,2026-04-16 07:42:48,2026-04-13 07:42:48,FedEx Freight,552510.33,Delivered
SHIP000630,PO001503,SUP00096,PLT0011,2026-01-15 09:26:07,2026-01-24 09:26:07,2026-01-22 09:26:07,DB Schenker,997510.75,Delivered
SHIP000631,PO000979,SUP00158,PLT0023,2026-02-25 18:12:32,2026-03-02 18:12:32,2026-03-02 18:12:32,BlueDart Cargo,11367.89,Delivered
SHIP000632,PO000606,SUP00019,PLT0014,2026-03-27 12:06:49,2026-05-23 12:06:49,2026-05-20 12:06:49,FedEx Freight,209974.38,Delivered
SHIP000633,PO002132,SUP00023,PLT0013,2026-02-15 10:09:24,2026-02-25 10:09:24,2026-02-22 10:09:24,DB Schenker,35233.27,Delivered
SHIP000634,PO002707,SUP00118,PLT0015,2026-05-24 21:36:22,2026-05-29 21:36:22,2026-05-26 21:36:22,Maersk,1031882.92,Delivered
SHIP000635,PO004900,SUP00007,PLT0009,2026-03-08 00:15:38,2026-03-18 00:15:38,2026-03-16 00:15:38,BlueDart Cargo,28706.28,Delivered
SHIP000636,PO001479,SUP00038,PLT0027,2026-04-21 06:36:55,2026-06-15 06:36:55,2026-06-12 06:36:55,DB Schenker,71144.35,Delivered
SHIP000637,PO000154,SUP00063,PLT0014,2026-03-29 14:32:03,2026-04-23 14:32:03,2026-04-21 14:32:03,Delhivery B2B,322728.6,Delivered
SHIP000638,PO002842,SUP00195,PLT0009,2026-06-07 17:46:58,2026-06-19 17:46:58,2026-06-19 17:46:58,Kuehne+Nagel,473452.82,Delivered
SHIP000639,PO003071,SUP00037,PLT0017,2026-02-05 22:48:31,2026-02-13 22:48:31,2026-02-12 22:48:31,DHL,69785.47,Delivered
SHIP000640,PO002623,SUP00100,PLT0018,2026-04-04 03:04:35,2026-05-16 03:04:35,2026-05-13 03:04:35,FedEx Freight,329032.32,Delivered
SHIP000641,PO001860,SUP00074,PLT0018,2026-05-18 18:36:35,2026-05-27 18:36:35,2026-05-24 18:36:35,Delhivery B2B,272542.15,Delivered
SHIP000642,PO001333,SUP00104,PLT0025,2026-04-26 16:00:19,2026-05-03 16:00:19,2026-05-03 16:00:19,BlueDart Cargo,203636.37,Delivered
SHIP000643,PO000825,SUP00073,PLT0002,2026-02-08 08:18:32,2026-03-21 08:18:32,2026-03-21 08:18:32,DHL,238740.58,Delivered
SHIP000644,PO003249,SUP00017,PLT0015,2026-04-06 13:43:34,2026-04-13 13:43:34,2026-04-12 13:43:34,Delhivery B2B,144484.29,Delivered
SHIP000645,PO002657,SUP00181,PLT0010,2026-03-22 13:09:09,2026-04-02 13:09:09,2026-04-02 13:09:09,Delhivery B2B,384212.61,Delivered
SHIP000646,PO002881,SUP00095,PLT0022,2026-01-23 10:15:43,2026-02-11 10:15:43,2026-02-11 10:15:43,BlueDart Cargo,455847.15,Delivered
SHIP000647,PO002598,SUP00066,PLT0010,2026-03-09 16:55:41,2026-04-21 16:55:41,2026-04-18 16:55:41,DHL,151318.69,Delivered
SHIP000648,PO000006,SUP00038,PLT0018,2026-03-25 06:05:21,2026-05-21 06:05:21,2026-05-21 06:05:21,Maersk,1010140.96,Delivered
SHIP000649,PO001262,SUP00149,PLT0000,2026-01-17 20:59:40,2026-03-15 20:59:40,2026-03-15 20:59:40,Kuehne+Nagel,201264.64,Delivered
SHIP000650,PO003174,SUP00006,PLT0022,2026-03-07 16:52:44,2026-03-11 16:52:44,2026-03-15 16:52:44,Kuehne+Nagel,1392827.43,Delivered Late
SHIP000651,PO002335,SUP00158,PLT0004,2026-02-13 19:49:16,2026-02-19 19:49:16,2026-02-26 19:49:16,FedEx Freight,363760.99,Delivered Late
SHIP000652,PO003009,SUP00174,PLT0006,2026-05-15 09:09:29,2026-06-24 09:09:29,2026-06-23 09:09:29,Kuehne+Nagel,413918.62,Delivered
SHIP000653,PO000112,SUP00139,PLT0001,2026-06-27 22:42:14,2026-07-06 22:42:14,2026-07-05 22:42:14,Delhivery B2B,800.0,Delivered
SHIP000654,PO002888,SUP00050,PLT0001,2026-02-03 20:24:56,2026-03-03 20:24:56,2026-03-03 20:24:56,BlueDart Cargo,2276.01,Delivered
SHIP000655,PO004283,SUP00099,PLT0004,2026-05-02 20:26:08,2026-06-27 20:26:08,2026-06-24 20:26:08,Kuehne+Nagel,5030.85,Delivered
SHIP000656,PO001708,SUP00178,PLT0029,2026-03-02 11:43:59,2026-04-27 11:43:59,2026-04-24 11:43:59,FedEx Freight,129530.45,Delivered
SHIP000657,PO003209,SUP00032,PLT0018,2026-03-29 23:22:45,2026-05-10 23:22:45,2026-05-08 23:22:45,Maersk,1660.7,Delivered
SHIP000658,PO000440,SUP00140,PLT0027,2026-03-28 12:51:08,2026-05-10 12:51:08,2026-05-07 12:51:08,BlueDart Cargo,437575.41,Delivered
SHIP000659,PO003789,SUP00003,PLT0006,2026-02-18 16:32:41,2026-02-24 16:32:41,2026-02-21 16:32:41,Maersk,48123.66,Delivered
SHIP000660,PO001302,SUP00070,PLT0002,2026-04-23 15:19:30,2026-06-06 15:19:30,2026-06-04 15:19:30,FedEx Freight,133285.41,Delivered
SHIP000661,PO001218,SUP00173,PLT0023,2026-01-21 04:54:50,2026-01-30 04:54:50,2026-01-27 04:54:50,Maersk,461266.99,Delivered
SHIP000662,PO004975,SUP00070,PLT0022,2026-02-14 13:35:44,2026-03-26 13:35:44,2026-03-25 13:35:44,DHL,91543.91,Delivered
SHIP000663,PO002309,SUP00194,PLT0029,2026-05-21 03:56:45,2026-06-09 03:56:45,2026-06-11 03:56:45,DHL,1028450.45,Delivered Late
SHIP000664,PO001632,SUP00115,PLT0019,2026-02-11 12:34:27,2026-02-24 12:34:27,2026-02-21 12:34:27,Kuehne+Nagel,212447.97,Delivered
SHIP000665,PO001227,SUP00100,PLT0004,2026-02-12 09:59:26,2026-03-28 09:59:26,2026-03-31 09:59:26,Delhivery B2B,372421.67,Delivered Late
SHIP000666,PO003328,SUP00192,PLT0026,2026-03-06 08:58:37,2026-05-04 08:58:37,2026-05-12 08:58:37,Maersk,729760.41,Delivered Late
SHIP000667,PO003179,SUP00034,PLT0015,2026-04-24 22:33:35,2026-05-19 22:33:35,2026-06-01 22:33:35,DHL,77911.12,Delivered Late
SHIP000668,PO004481,SUP00184,PLT0023,2026-06-14 03:56:55,2026-06-27 03:56:55,2026-06-27 03:56:55,DHL,46169.87,Delivered
SHIP000669,PO004328,SUP00129,PLT0027,2026-03-09 08:19:48,2026-05-05 08:19:48,2026-05-02 08:19:48,DHL,7625.69,Delivered
SHIP000670,PO000119,SUP00034,PLT0028,2026-01-22 05:25:35,2026-02-17 05:25:35,2026-03-03 05:25:35,FedEx Freight,136699.17,Delivered Late
SHIP000671,PO000802,SUP00011,PLT0016,2026-03-31 10:39:45,2026-04-07 10:39:45,2026-04-07 10:39:45,Kuehne+Nagel,1206764.89,Delivered
SHIP000672,PO000255,SUP00073,PLT0011,2026-03-10 15:56:55,2026-04-20 15:56:55,2026-04-18 15:56:55,Kuehne+Nagel,593958.94,Delivered
SHIP000673,PO003276,SUP00161,PLT0026,2026-06-09 22:34:47,2026-07-05 22:34:47,2026-07-05 22:34:47,Maersk,88009.06,Delivered
SHIP000674,PO004643,SUP00004,PLT0000,2026-04-06 13:24:46,2026-05-05 13:24:46,2026-05-03 13:24:46,Delhivery B2B,797862.57,Delivered
SHIP000675,PO001474,SUP00011,PLT0014,2026-02-11 08:58:27,2026-02-17 08:58:27,2026-02-14 08:58:27,Maersk,195529.36,Delivered
SHIP000676,PO004721,SUP00099,PLT0002,2026-02-18 03:21:49,2026-04-16 03:21:49,2026-04-15 03:21:49,Kuehne+Nagel,437484.96,Delivered
SHIP000677,PO004348,SUP00127,PLT0017,2026-02-12 19:16:28,2026-02-19 19:16:28,2026-02-17 19:16:28,BlueDart Cargo,585458.57,Delivered
SHIP000678,PO002552,SUP00138,PLT0009,2026-06-22 17:54:29,2026-07-03 17:54:29,2026-07-01 17:54:29,Maersk,88133.67,Delivered
SHIP000679,PO001602,SUP00014,PLT0023,2026-01-11 09:53:27,2026-01-20 09:53:27,2026-01-17 09:53:27,FedEx Freight,247534.88,Delivered
SHIP000680,PO000262,SUP00139,PLT0010,2026-03-26 22:39:41,2026-04-07 22:39:41,2026-04-06 22:39:41,FedEx Freight,749016.28,Delivered
SHIP000681,PO002572,SUP00081,PLT0005,2026-03-05 09:49:53,2026-03-23 09:49:53,2026-03-20 09:49:53,Delhivery B2B,48235.2,Delivered
SHIP000682,PO001430,SUP00097,PLT0026,2026-02-26 04:22:04,2026-03-04 04:22:04,2026-03-03 04:22:04,FedEx Freight,345045.43,Delivered
SHIP000683,PO001731,SUP00159,PLT0010,2026-02-17 01:47:02,2026-02-21 01:47:02,2026-02-24 01:47:02,DHL,720388.03,Delivered Late
SHIP000684,PO003483,SUP00048,PLT0015,2026-01-22 04:57:13,2026-01-31 04:57:13,2026-01-31 04:57:13,Maersk,12291.14,Delivered
SHIP000685,PO004736,SUP00013,PLT0010,2026-04-02 05:28:05,2026-04-21 05:28:05,2026-04-21 05:28:05,Kuehne+Nagel,79863.02,Delivered
SHIP000686,PO002085,SUP00014,PLT0014,2026-03-31 16:38:43,2026-04-08 16:38:43,2026-04-10 16:38:43,Kuehne+Nagel,272797.87,Delivered Late
SHIP000687,PO004773,SUP00107,PLT0010,2026-04-05 00:13:56,2026-04-21 00:13:56,2026-04-21 00:13:56,Kuehne+Nagel,19902.47,Delivered
SHIP000688,PO003540,SUP00134,PLT0015,2026-05-08 16:01:06,2026-05-17 16:01:06,2026-05-17 16:01:06,DB Schenker,23422.12,Delivered
SHIP000689,PO001913,SUP00179,PLT0018,2026-04-04 07:31:28,2026-05-03 07:31:28,2026-05-02 07:31:28,Maersk,284655.2,Delivered
SHIP000690,PO003646,SUP00074,PLT0013,2026-06-28 01:53:56,2026-07-04 01:53:56,2026-07-01 01:53:56,BlueDart Cargo,136608.64,Delivered
SHIP000691,PO004941,SUP00094,PLT0006,2026-02-17 10:27:04,2026-03-09 10:27:04,2026-03-08 10:27:04,Kuehne+Nagel,37475.76,Delivered
SHIP000692,PO003772,SUP00150,PLT0015,2026-03-01 15:46:54,2026-03-05 15:46:54,2026-03-02 15:46:54,BlueDart Cargo,870580.09,Delivered
SHIP000693,PO001326,SUP00186,PLT0015,2026-05-22 02:09:55,2026-07-01 02:09:55,2026-07-01 02:09:55,Kuehne+Nagel,658812.89,Delivered
SHIP000694,PO004068,SUP00195,PLT0008,2026-03-11 09:43:50,2026-03-24 09:43:50,2026-03-24 09:43:50,DB Schenker,145477.19,Delivered
SHIP000695,PO002135,SUP00193,PLT0021,2026-01-16 03:35:49,2026-01-24 03:35:49,2026-01-23 03:35:49,Delhivery B2B,312968.98,Delivered
SHIP000696,PO001141,SUP00139,PLT0008,2026-05-17 23:44:19,2026-05-29 23:44:19,2026-05-29 23:44:19,DB Schenker,317212.19,Delivered
SHIP000697,PO000239,SUP00179,PLT0024,2026-03-22 01:32:40,2026-04-20 01:32:40,2026-04-17 01:32:40,FedEx Freight,336166.17,Delivered
SHIP000698,PO000369,SUP00121,PLT0012,2026-07-05 23:18:17,2026-07-08 23:18:17,2026-07-07 23:18:17,Maersk,291924.08,Delivered
SHIP000699,PO002863,SUP00168,PLT0016,2026-02-03 06:12:57,2026-02-14 06:12:57,2026-02-11 06:12:57,FedEx Freight,455524.35,Delivered
SHIP000700,PO000433,SUP00016,PLT0018,2026-02-03 23:15:51,2026-02-21 23:15:51,2026-02-19 23:15:51,Maersk,47030.01,Delivered
SHIP000701,PO001500,SUP00047,PLT0003,2026-03-15 22:43:59,2026-03-24 22:43:59,2026-03-21 22:43:59,FedEx Freight,7031.3,Delivered
SHIP000702,PO002406,SUP00168,PLT0012,2026-04-13 15:58:11,2026-04-23 15:58:11,2026-04-22 15:58:11,Delhivery B2B,226891.2,Delivered
SHIP000703,PO000038,SUP00015,PLT0017,2026-01-11 03:08:09,2026-01-13 03:08:09,2026-01-20 03:08:09,Delhivery B2B,210925.54,Delivered Late
SHIP000704,PO003625,SUP00187,PLT0024,2026-05-21 10:36:38,2026-06-07 10:36:38,2026-06-05 10:36:38,Maersk,861025.17,Delivered
SHIP000705,PO001857,SUP00179,PLT0020,2026-06-03 09:01:58,2026-06-28 09:01:58,2026-06-25 09:01:58,DB Schenker,4416.39,Delivered
SHIP000706,PO003627,SUP00021,PLT0027,2026-03-01 13:02:03,2026-03-29 13:02:03,2026-03-29 13:02:03,DHL,236913.41,Delivered
SHIP000707,PO003880,SUP00016,PLT0013,2026-04-15 03:14:32,2026-05-04 03:14:32,2026-05-02 03:14:32,Delhivery B2B,277475.83,Delivered
SHIP000708,PO004199,SUP00051,PLT0001,2026-03-15 05:04:44,2026-03-20 05:04:44,2026-03-19 05:04:44,Maersk,114476.69,Delivered
SHIP000709,PO004758,SUP00017,PLT0005,2026-01-24 07:46:29,2026-01-29 07:46:29,2026-01-29 07:46:29,Maersk,4374.53,Delivered
SHIP000710,PO004784,SUP00094,PLT0002,2026-06-03 00:32:07,2026-06-22 00:32:07,2026-06-22 00:32:07,Delhivery B2B,76103.45,Delivered
SHIP000711,PO002151,SUP00081,PLT0014,2026-02-16 13:40:36,2026-03-07 13:40:36,2026-03-05 13:40:36,DB Schenker,298076.68,Delivered
SHIP000712,PO004160,SUP00165,PLT0009,2026-04-12 05:58:05,2026-05-26 05:58:05,2026-05-26 05:58:05,FedEx Freight,4003.89,Delivered
SHIP000713,PO003026,SUP00121,PLT0027,2026-03-10 07:09:40,2026-03-12 07:09:40,2026-03-10 07:09:40,FedEx Freight,197968.12,Delivered
SHIP000714,PO000821,SUP00060,PLT0027,2026-03-15 18:07:59,2026-05-12 18:07:59,2026-05-09 18:07:59,Maersk,300712.19,Delivered
SHIP000715,PO002851,SUP00015,PLT0009,2026-06-13 05:41:18,2026-06-16 05:41:18,2026-06-13 05:41:18,BlueDart Cargo,1445292.28,Delivered
SHIP000716,PO000202,SUP00025,PLT0009,2026-02-25 22:46:41,2026-03-24 22:46:41,2026-03-23 22:46:41,DHL,12081.98,Delivered
SHIP000717,PO002939,SUP00052,PLT0027,2026-04-29 10:26:34,2026-05-27 10:26:34,2026-05-25 10:26:34,DB Schenker,115608.61,Delivered
SHIP000718,PO002172,SUP00137,PLT0013,2026-01-17 02:08:21,2026-01-28 02:08:21,2026-01-26 02:08:21,FedEx Freight,19798.59,Delivered
SHIP000719,PO001398,SUP00061,PLT0015,2026-05-27 01:18:49,2026-06-01 01:18:49,2026-06-01 01:18:49,FedEx Freight,101405.91,Delivered
SHIP000720,PO002424,SUP00185,PLT0001,2026-04-25 05:36:54,2026-06-19 05:36:54,2026-07-03 05:36:54,Maersk,196222.75,Delivered Late
SHIP000721,PO003662,SUP00130,PLT0025,2026-04-14 16:29:51,2026-06-10 16:29:51,2026-06-08 16:29:51,FedEx Freight,99600.21,Delivered
SHIP000722,PO002314,SUP00007,PLT0026,2026-02-13 00:42:34,2026-02-22 00:42:34,2026-02-22 00:42:34,DHL,20324.45,Delivered
SHIP000723,PO000360,SUP00029,PLT0018,2026-01-14 08:14:43,2026-03-13 08:14:43,2026-03-26 08:14:43,Maersk,586670.38,Delivered Late
SHIP000724,PO002525,SUP00163,PLT0003,2026-06-24 03:08:44,2026-06-29 03:08:44,2026-06-26 03:08:44,DHL,234508.72,Delivered
SHIP000725,PO000858,SUP00088,PLT0001,2026-03-27 15:29:44,2026-04-25 15:29:44,2026-04-22 15:29:44,Kuehne+Nagel,309211.81,Delivered
SHIP000726,PO002517,SUP00127,PLT0015,2026-04-21 20:43:57,2026-04-30 20:43:57,2026-04-29 20:43:57,Kuehne+Nagel,9683.66,Delivered
SHIP000727,PO004091,SUP00093,PLT0008,2026-06-22 00:22:55,2026-06-26 00:22:55,2026-06-27 00:22:55,BlueDart Cargo,8480.86,Delivered Late
SHIP000728,PO000855,SUP00136,PLT0024,2026-06-01 19:50:34,2026-06-12 19:50:34,2026-06-23 19:50:34,BlueDart Cargo,162871.4,Delivered Late
SHIP000729,PO004366,SUP00033,PLT0022,2026-04-10 11:17:33,2026-04-15 11:17:33,2026-04-13 11:17:33,BlueDart Cargo,278559.17,Delivered
SHIP000730,PO000051,SUP00181,PLT0020,2026-01-31 09:35:16,2026-02-13 09:35:16,2026-02-11 09:35:16,Delhivery B2B,525079.67,Delivered
SHIP000731,PO004196,SUP00151,PLT0025,2026-05-23 15:38:13,2026-06-10 15:38:13,2026-06-07 15:38:13,BlueDart Cargo,111097.37,Delivered
SHIP000732,PO004245,SUP00088,PLT0010,2026-06-09 05:18:13,2026-07-08 05:18:13,2026-07-08 05:18:13,FedEx Freight,628365.31,Delivered
SHIP000733,PO003792,SUP00002,PLT0029,2026-05-23 22:53:37,2026-05-28 22:53:37,2026-05-30 22:53:37,BlueDart Cargo,725644.87,Delivered Late
SHIP000734,PO003997,SUP00075,PLT0010,2026-02-06 03:31:46,2026-04-02 03:31:46,2026-04-01 03:31:46,Kuehne+Nagel,67269.34,Delivered
SHIP000735,PO004924,SUP00100,PLT0015,2026-01-14 00:44:13,2026-02-26 00:44:13,2026-02-25 00:44:13,DB Schenker,46499.28,Delivered
SHIP000736,PO004820,SUP00087,PLT0012,2026-03-05 17:56:37,2026-04-17 17:56:37,2026-04-15 17:56:37,DB Schenker,57468.92,Delivered
SHIP000737,PO002648,SUP00151,PLT0020,2026-05-03 09:53:13,2026-05-21 09:53:13,2026-05-21 09:53:13,Kuehne+Nagel,395800.01,Delivered
SHIP000738,PO003281,SUP00152,PLT0011,2026-01-10 17:53:45,2026-01-30 17:53:45,2026-01-28 17:53:45,Kuehne+Nagel,140240.22,Delivered
SHIP000739,PO001315,SUP00175,PLT0009,2026-06-05 01:05:37,2026-06-14 01:05:37,2026-06-13 01:05:37,FedEx Freight,153180.74,Delivered
SHIP000740,PO004764,SUP00174,PLT0000,2026-04-30 09:00:26,2026-06-11 09:00:26,2026-06-10 09:00:26,DB Schenker,649300.05,Delivered
SHIP000741,PO004674,SUP00086,PLT0001,2026-02-22 18:46:53,2026-03-14 18:46:53,2026-03-11 18:46:53,Kuehne+Nagel,245513.61,Delivered
SHIP000742,PO001634,SUP00198,PLT0021,2026-01-07 21:21:57,2026-02-05 21:21:57,2026-02-18 21:21:57,BlueDart Cargo,304115.31,Delivered Late
SHIP000743,PO003736,SUP00052,PLT0022,2026-05-06 01:25:22,2026-06-03 01:25:22,2026-06-01 01:25:22,Delhivery B2B,721137.77,Delivered
SHIP000744,PO000277,SUP00048,PLT0007,2026-01-20 21:19:42,2026-02-01 21:19:42,2026-02-01 21:19:42,FedEx Freight,40474.04,Delivered
SHIP000745,PO000516,SUP00131,PLT0006,2026-03-03 06:17:50,2026-03-23 06:17:50,2026-03-26 06:17:50,DB Schenker,18127.44,Delivered Late
SHIP000746,PO003260,SUP00081,PLT0016,2026-06-09 08:48:03,2026-06-28 08:48:03,2026-06-26 08:48:03,DHL,32314.23,Delivered
SHIP000747,PO004648,SUP00166,PLT0029,2026-03-19 19:00:43,2026-04-06 19:00:43,2026-04-04 19:00:43,DB Schenker,12234.88,Delivered
SHIP000748,PO004346,SUP00035,PLT0027,2026-03-28 23:39:09,2026-05-11 23:39:09,2026-05-21 23:39:09,Maersk,157369.0,Delivered Late
SHIP000749,PO002524,SUP00113,PLT0022,2026-04-11 01:35:01,2026-06-08 01:35:01,2026-06-08 01:35:01,FedEx Freight,625668.99,Delivered
SHIP000750,PO003913,SUP00067,PLT0014,2026-03-26 16:59:08,2026-05-07 16:59:08,2026-05-06 16:59:08,DB Schenker,434412.12,Delivered
SHIP000751,PO004916,SUP00146,PLT0006,2026-01-03 14:07:43,2026-01-22 14:07:43,2026-01-19 14:07:43,Delhivery B2B,901164.39,Delivered
SHIP000752,PO001930,SUP00174,PLT0000,2026-04-26 01:32:25,2026-06-08 01:32:25,2026-06-08 01:32:25,DB Schenker,1155230.16,Delivered
SHIP000753,PO001882,SUP00025,PLT0022,2026-05-01 14:06:47,2026-05-30 14:06:47,2026-05-30 14:06:47,Maersk,632256.5,Delivered
SHIP000754,PO000093,SUP00084,PLT0009,2026-07-03 15:33:06,2026-07-07 15:33:06,2026-07-07 15:33:06,FedEx Freight,97741.09,Delivered
SHIP000755,PO002538,SUP00004,PLT0017,2026-01-31 04:35:38,2026-02-27 04:35:38,2026-02-24 04:35:38,Delhivery B2B,935715.79,Delivered
SHIP000756,PO003857,SUP00088,PLT0020,2026-06-04 19:20:27,2026-06-30 19:20:27,2026-07-07 19:20:27,Maersk,360810.53,Delivered Late
SHIP000757,PO004621,SUP00126,PLT0017,2026-05-07 10:36:08,2026-05-25 10:36:08,2026-05-22 10:36:08,BlueDart Cargo,1391450.49,Delivered
SHIP000758,PO002496,SUP00063,PLT0012,2026-04-26 05:16:19,2026-05-21 05:16:19,2026-05-20 05:16:19,DHL,132221.71,Delivered
SHIP000759,PO004735,SUP00015,PLT0009,2026-02-08 09:46:54,2026-02-12 09:46:54,2026-02-09 09:46:54,DHL,250427.92,Delivered
SHIP000760,PO002575,SUP00021,PLT0018,2026-06-09 08:31:19,2026-07-06 08:31:19,2026-07-03 08:31:19,DB Schenker,350480.25,Delivered
SHIP000761,PO004667,SUP00130,PLT0006,2026-01-11 23:23:21,2026-03-08 23:23:21,2026-03-07 23:23:21,BlueDart Cargo,162156.71,Delivered
SHIP000762,PO004106,SUP00197,PLT0017,2026-05-20 06:58:37,2026-05-29 06:58:37,2026-05-28 06:58:37,Kuehne+Nagel,270257.38,Delivered
SHIP000763,PO002473,SUP00171,PLT0006,2026-01-24 20:19:56,2026-03-24 20:19:56,2026-04-05 20:19:56,BlueDart Cargo,905476.22,Delivered Late
SHIP000764,PO001135,SUP00010,PLT0012,2026-03-25 14:04:56,2026-05-20 14:04:56,2026-05-19 14:04:56,FedEx Freight,305942.84,Delivered
SHIP000765,PO003827,SUP00025,PLT0009,2026-01-18 16:27:20,2026-02-12 16:27:20,2026-02-12 16:27:20,Maersk,261379.86,Delivered
SHIP000766,PO003113,SUP00128,PLT0012,2026-06-19 00:45:53,2026-07-08 00:45:53,2026-07-05 00:45:53,Delhivery B2B,412456.03,Delivered
SHIP000767,PO004016,SUP00197,PLT0016,2026-03-24 07:24:35,2026-04-01 07:24:35,2026-03-31 07:24:35,Kuehne+Nagel,46906.33,Delivered
SHIP000768,PO004921,SUP00149,PLT0028,2026-03-01 09:26:48,2026-04-26 09:26:48,2026-04-23 09:26:48,DB Schenker,1121946.22,Delivered
SHIP000769,PO002278,SUP00170,PLT0014,2026-06-26 06:45:35,2026-07-07 06:45:35,,Maersk,25919.36,Delayed
SHIP000770,PO004240,SUP00100,PLT0016,2026-01-10 22:37:49,2026-02-19 22:37:49,2026-02-19 22:37:49,BlueDart Cargo,283907.69,Delivered
SHIP000771,PO003550,SUP00133,PLT0017,2026-05-24 18:11:17,2026-07-05 18:11:17,2026-07-03 18:11:17,BlueDart Cargo,123009.52,Delivered
SHIP000772,PO002753,SUP00051,PLT0008,2026-07-03 02:36:32,2026-07-09 02:36:32,2026-07-07 02:36:32,BlueDart Cargo,39886.75,Delivered
SHIP000773,PO001982,SUP00149,PLT0012,2026-02-22 04:47:23,2026-04-20 04:47:23,2026-04-19 04:47:23,DHL,504160.05,Delivered
SHIP000774,PO003642,SUP00168,PLT0013,2026-05-28 11:06:07,2026-06-06 11:06:07,2026-06-04 11:06:07,DHL,127322.8,Delivered
SHIP000775,PO002293,SUP00154,PLT0016,2026-05-11 07:01:32,2026-05-16 07:01:32,2026-05-19 07:01:32,Delhivery B2B,56969.45,Delivered Late
SHIP000776,PO003343,SUP00109,PLT0028,2026-05-20 19:40:52,2026-05-28 19:40:52,2026-05-26 19:40:52,Delhivery B2B,264063.68,Delivered
SHIP000777,PO003072,SUP00115,PLT0028,2026-05-14 00:14:01,2026-05-24 00:14:01,2026-05-23 00:14:01,FedEx Freight,10074.33,Delivered
SHIP000778,PO004560,SUP00177,PLT0018,2026-01-31 10:07:56,2026-02-18 10:07:56,2026-02-15 10:07:56,BlueDart Cargo,1173327.1,Delivered
SHIP000779,PO002814,SUP00195,PLT0008,2026-02-21 23:54:13,2026-03-03 23:54:13,2026-03-03 23:54:13,FedEx Freight,1590542.13,Delivered
SHIP000780,PO003433,SUP00189,PLT0022,2026-04-29 16:08:52,2026-06-10 16:08:52,2026-06-13 16:08:52,DB Schenker,936732.63,Delivered Late
SHIP000781,PO001687,SUP00197,PLT0010,2026-02-24 05:43:17,2026-03-03 05:43:17,2026-03-13 05:43:17,Delhivery B2B,81604.9,Delivered Late
SHIP000782,PO003631,SUP00041,PLT0013,2026-04-02 01:17:44,2026-04-07 01:17:44,2026-04-04 01:17:44,BlueDart Cargo,29130.42,Delivered
SHIP000783,PO000830,SUP00070,PLT0007,2026-05-28 19:17:09,2026-07-07 19:17:09,2026-07-04 19:17:09,Maersk,323503.99,Delivered
SHIP000784,PO003095,SUP00036,PLT0013,2026-05-08 09:15:09,2026-07-04 09:15:09,2026-07-04 09:15:09,DHL,127876.67,Delivered
SHIP000785,PO002429,SUP00138,PLT0020,2026-06-05 10:39:37,2026-06-15 10:39:37,2026-06-14 10:39:37,DB Schenker,29974.63,Delivered
SHIP000786,PO004613,SUP00183,PLT0020,2026-02-16 05:59:17,2026-03-16 05:59:17,2026-03-16 05:59:17,Maersk,166357.13,Delivered
SHIP000787,PO003252,SUP00055,PLT0029,2026-01-16 14:23:20,2026-01-22 14:23:20,2026-01-22 14:23:20,Delhivery B2B,521600.45,Delivered
SHIP000788,PO000557,SUP00050,PLT0002,2026-01-17 19:14:16,2026-02-14 19:14:16,2026-02-28 19:14:16,DB Schenker,162729.62,Delivered Late
SHIP000789,PO000930,SUP00086,PLT0013,2026-05-16 13:18:55,2026-06-03 13:18:55,2026-06-14 13:18:55,Delhivery B2B,136528.81,Delivered Late
SHIP000790,PO000773,SUP00163,PLT0013,2026-05-19 14:07:03,2026-05-24 14:07:03,2026-05-22 14:07:03,FedEx Freight,417770.83,Delivered
SHIP000791,PO003316,SUP00091,PLT0019,2026-02-15 02:58:30,2026-02-27 02:58:30,2026-02-25 02:58:30,DB Schenker,119627.51,Delivered
SHIP000792,PO003023,SUP00036,PLT0007,2026-05-05 02:07:33,2026-07-03 02:07:33,2026-07-03 02:07:33,Maersk,99944.82,Delivered
SHIP000793,PO003043,SUP00074,PLT0012,2026-05-28 01:05:21,2026-06-06 01:05:21,2026-06-05 01:05:21,FedEx Freight,5703.3,Delivered
SHIP000794,PO001132,SUP00149,PLT0020,2026-03-10 22:00:28,2026-05-05 22:00:28,2026-05-19 22:00:28,Maersk,352316.9,Delivered Late
SHIP000795,PO002545,SUP00173,PLT0023,2026-04-09 10:35:40,2026-04-18 10:35:40,2026-04-18 10:35:40,DB Schenker,756457.74,Delivered
SHIP000796,PO000580,SUP00146,PLT0004,2026-05-20 01:49:04,2026-06-09 01:49:04,2026-06-08 01:49:04,BlueDart Cargo,75200.3,Delivered
SHIP000797,PO004048,SUP00143,PLT0000,2026-05-07 22:43:13,2026-06-20 22:43:13,2026-06-20 22:43:13,Kuehne+Nagel,36854.75,Delivered
SHIP000798,PO000963,SUP00029,PLT0029,2026-01-10 19:29:43,2026-03-08 19:29:43,2026-03-07 19:29:43,Kuehne+Nagel,269156.05,Delivered
SHIP000799,PO003524,SUP00158,PLT0026,2026-03-15 19:21:54,2026-03-20 19:21:54,2026-03-22 19:21:54,Delhivery B2B,82496.39,Delivered Late
SHIP000800,PO004046,SUP00027,PLT0013,2026-02-15 09:00:38,2026-02-21 09:00:38,2026-02-25 09:00:38,FedEx Freight,153599.87,Delivered Late
SHIP000801,PO002464,SUP00198,PLT0021,2026-05-10 03:46:28,2026-06-07 03:46:28,2026-06-05 03:46:28,Delhivery B2B,192993.92,Delivered
SHIP000802,PO004019,SUP00041,PLT0020,2026-01-09 20:01:45,2026-01-14 20:01:45,2026-01-12 20:01:45,DB Schenker,438408.78,Delivered
SHIP000803,PO001342,SUP00126,PLT0024,2026-01-13 01:25:44,2026-02-01 01:25:44,2026-01-30 01:25:44,Maersk,1237305.14,Delivered
SHIP000804,PO004627,SUP00143,PLT0017,2026-01-22 20:40:12,2026-03-06 20:40:12,2026-03-09 20:40:12,DHL,187455.58,Delivered Late
SHIP000805,PO003332,SUP00075,PLT0011,2026-04-28 12:55:13,2026-06-26 12:55:13,2026-06-26 12:55:13,Maersk,22114.56,Delivered
SHIP000806,PO002031,SUP00188,PLT0021,2026-05-10 17:59:08,2026-07-05 17:59:08,2026-07-04 17:59:08,FedEx Freight,475755.04,Delivered
SHIP000807,PO002235,SUP00076,PLT0019,2026-03-26 23:52:43,2026-04-06 23:52:43,2026-04-03 23:52:43,DB Schenker,5834.43,Delivered
SHIP000808,PO004854,SUP00093,PLT0022,2026-04-06 11:24:15,2026-04-10 11:24:15,2026-04-09 11:24:15,DB Schenker,157851.9,Delivered
SHIP000809,PO001419,SUP00108,PLT0014,2026-04-27 07:25:18,2026-06-23 07:25:18,2026-06-20 07:25:18,BlueDart Cargo,170884.65,Delivered
SHIP000810,PO002659,SUP00198,PLT0004,2026-04-14 13:32:08,2026-05-11 13:32:08,2026-05-11 13:32:08,Kuehne+Nagel,811491.56,Delivered
SHIP000811,PO000719,SUP00197,PLT0023,2026-04-27 05:46:32,2026-05-05 05:46:32,2026-05-03 05:46:32,DB Schenker,342156.5,Delivered
SHIP000812,PO000082,SUP00091,PLT0023,2026-05-27 19:16:47,2026-06-06 19:16:47,2026-06-06 19:16:47,DB Schenker,982466.93,Delivered
SHIP000813,PO001004,SUP00125,PLT0027,2026-04-05 23:04:37,2026-05-18 23:04:37,2026-05-15 23:04:37,FedEx Freight,659797.39,Delivered
SHIP000814,PO000670,SUP00042,PLT0008,2026-01-18 13:18:49,2026-01-26 13:18:49,2026-01-26 13:18:49,DHL,308563.5,Delivered
SHIP000815,PO000221,SUP00080,PLT0026,2026-05-25 19:26:47,2026-06-04 19:26:47,2026-06-02 19:26:47,DHL,482701.66,Delivered
SHIP000816,PO001356,SUP00154,PLT0022,2026-04-19 10:58:27,2026-04-24 10:58:27,2026-05-07 10:58:27,Maersk,96541.01,Delivered Late
SHIP000817,PO001663,SUP00102,PLT0005,2026-03-25 08:33:21,2026-04-12 08:33:21,2026-04-12 08:33:21,DHL,809055.75,Delivered
SHIP000818,PO000960,SUP00029,PLT0011,2026-03-07 04:51:49,2026-05-04 04:51:49,2026-05-04 04:51:49,Delhivery B2B,10782.39,Delivered
SHIP000819,PO004372,SUP00181,PLT0004,2026-03-15 07:30:37,2026-03-24 07:30:37,2026-03-23 07:30:37,Kuehne+Nagel,86009.21,Delivered
SHIP000820,PO000553,SUP00105,PLT0001,2026-04-11 10:29:22,2026-04-28 10:29:22,2026-05-02 10:29:22,Delhivery B2B,423574.53,Delivered Late
SHIP000821,PO004564,SUP00011,PLT0007,2026-05-18 09:57:10,2026-05-25 09:57:10,2026-05-25 09:57:10,Delhivery B2B,1719940.02,Delivered
SHIP000822,PO000627,SUP00146,PLT0009,2026-06-02 03:07:00,2026-06-22 03:07:00,2026-06-19 03:07:00,Kuehne+Nagel,65373.83,Delivered
SHIP000823,PO000436,SUP00111,PLT0018,2026-05-17 22:33:19,2026-05-25 22:33:19,2026-05-23 22:33:19,Delhivery B2B,25629.38,Delivered
SHIP000824,PO000694,SUP00038,PLT0013,2026-05-02 03:55:14,2026-06-26 03:55:14,2026-06-24 03:55:14,Maersk,220830.24,Delivered
SHIP000825,PO000735,SUP00093,PLT0005,2026-01-23 13:48:31,2026-01-27 13:48:31,2026-01-25 13:48:31,Kuehne+Nagel,171697.86,Delivered
SHIP000826,PO001058,SUP00132,PLT0013,2026-01-09 01:34:20,2026-01-19 01:34:20,2026-01-18 01:34:20,FedEx Freight,13458.38,Delivered
SHIP000827,PO000372,SUP00047,PLT0001,2026-05-16 07:16:15,2026-05-26 07:16:15,2026-05-26 07:16:15,Delhivery B2B,174763.56,Delivered
SHIP000828,PO000669,SUP00183,PLT0002,2026-05-15 18:34:25,2026-06-09 18:34:25,2026-06-07 18:34:25,Maersk,2062.18,Delivered
SHIP000829,PO003713,SUP00013,PLT0024,2026-03-02 08:27:01,2026-03-20 08:27:01,2026-03-18 08:27:01,Maersk,85022.2,Delivered
SHIP000830,PO002502,SUP00039,PLT0013,2026-06-26 20:29:45,2026-07-05 20:29:45,,BlueDart Cargo,648108.86,Delayed
SHIP000831,PO003829,SUP00072,PLT0011,2026-02-27 15:37:05,2026-04-25 15:37:05,2026-04-25 15:37:05,Delhivery B2B,350976.09,Delivered
SHIP000832,PO002115,SUP00099,PLT0011,2026-02-15 15:22:25,2026-04-12 15:22:25,2026-04-12 15:22:25,Maersk,625449.85,Delivered
SHIP000833,PO000763,SUP00066,PLT0027,2026-02-01 19:07:20,2026-03-17 19:07:20,2026-03-28 19:07:20,BlueDart Cargo,12094.8,Delivered Late
SHIP000834,PO002566,SUP00106,PLT0021,2026-05-13 22:17:03,2026-05-20 22:17:03,2026-05-29 22:17:03,FedEx Freight,1079261.69,Delivered Late
SHIP000835,PO003891,SUP00145,PLT0013,2026-02-20 11:35:12,2026-04-19 11:35:12,2026-04-19 11:35:12,BlueDart Cargo,629896.62,Delivered
SHIP000836,PO003573,SUP00085,PLT0020,2026-05-27 18:14:53,2026-07-07 18:14:53,,Maersk,175662.02,Delayed
SHIP000837,PO000790,SUP00026,PLT0029,2026-02-19 06:30:03,2026-04-16 06:30:03,2026-04-13 06:30:03,DB Schenker,975188.13,Delivered
SHIP000838,PO002245,SUP00034,PLT0023,2026-03-05 10:19:52,2026-04-03 10:19:52,2026-04-02 10:19:52,Kuehne+Nagel,189070.01,Delivered
SHIP000839,PO001060,SUP00167,PLT0007,2026-06-27 02:26:18,2026-07-06 02:26:18,2026-07-05 02:26:18,Kuehne+Nagel,1641328.01,Delivered
SHIP000840,PO001546,SUP00157,PLT0014,2026-02-24 13:59:44,2026-04-08 13:59:44,2026-04-15 13:59:44,DB Schenker,1005712.94,Delivered Late
SHIP000841,PO004101,SUP00137,PLT0027,2026-05-02 19:20:14,2026-05-12 19:20:14,2026-05-09 19:20:14,DHL,85018.03,Delivered
SHIP000842,PO000462,SUP00036,PLT0009,2026-02-06 11:20:24,2026-04-06 11:20:24,2026-04-03 11:20:24,Maersk,220016.44,Delivered
SHIP000843,PO001524,SUP00150,PLT0022,2026-06-05 18:50:07,2026-06-08 18:50:07,2026-06-05 18:50:07,DHL,142866.23,Delivered
SHIP000844,PO000554,SUP00009,PLT0012,2026-04-24 21:18:22,2026-04-26 21:18:22,2026-04-25 21:18:22,DHL,224771.48,Delivered
SHIP000845,PO004544,SUP00015,PLT0001,2026-01-11 04:35:58,2026-01-14 04:35:58,2026-01-12 04:35:58,DB Schenker,1791608.11,Delivered
SHIP000846,PO002109,SUP00105,PLT0024,2026-06-21 07:27:08,2026-07-08 07:27:08,2026-07-05 07:27:08,Maersk,45695.03,Delivered
SHIP000847,PO002638,SUP00129,PLT0018,2026-02-14 22:03:59,2026-04-13 22:03:59,2026-04-10 22:03:59,Delhivery B2B,1113123.93,Delivered
SHIP000848,PO004990,SUP00054,PLT0006,2026-01-08 13:22:31,2026-02-20 13:22:31,2026-02-25 13:22:31,DHL,1386.31,Delivered Late
SHIP000849,PO004288,SUP00050,PLT0012,2026-06-11 23:12:47,2026-07-07 23:12:47,2026-07-06 23:12:47,BlueDart Cargo,104149.43,Delivered
SHIP000850,PO003914,SUP00024,PLT0005,2026-02-20 05:10:23,2026-03-18 05:10:23,2026-03-15 05:10:23,FedEx Freight,602358.74,Delivered
SHIP000851,PO004691,SUP00124,PLT0016,2026-03-05 03:16:21,2026-03-30 03:16:21,2026-03-29 03:16:21,FedEx Freight,402420.95,Delivered
SHIP000852,PO000205,SUP00138,PLT0000,2026-03-09 14:15:58,2026-03-22 14:15:58,2026-03-20 14:15:58,FedEx Freight,183105.68,Delivered
SHIP000853,PO004080,SUP00087,PLT0006,2026-01-08 07:16:15,2026-02-19 07:16:15,2026-02-16 07:16:15,DB Schenker,262554.89,Delivered
SHIP000854,PO004731,SUP00189,PLT0003,2026-05-19 19:20:55,2026-06-29 19:20:55,2026-06-28 19:20:55,BlueDart Cargo,11417.02,Delivered
SHIP000855,PO001478,SUP00145,PLT0004,2026-02-05 06:08:33,2026-04-04 06:08:33,2026-04-04 06:08:33,DHL,36419.29,Delivered
SHIP000856,PO003779,SUP00075,PLT0006,2026-02-04 10:16:05,2026-04-02 10:16:05,2026-04-02 10:16:05,FedEx Freight,33033.82,Delivered
SHIP000857,PO002973,SUP00081,PLT0010,2026-06-12 05:01:30,2026-07-01 05:01:30,2026-06-30 05:01:30,Maersk,51296.33,Delivered
SHIP000858,PO003675,SUP00044,PLT0010,2026-01-19 09:58:34,2026-03-16 09:58:34,2026-03-13 09:58:34,BlueDart Cargo,657943.34,Delivered
SHIP000859,PO002205,SUP00161,PLT0015,2026-03-25 14:28:14,2026-04-20 14:28:14,2026-04-24 14:28:14,Kuehne+Nagel,432497.91,Delivered Late
SHIP000860,PO001581,SUP00127,PLT0011,2026-01-25 13:50:29,2026-01-31 13:50:29,2026-01-29 13:50:29,Kuehne+Nagel,398072.45,Delivered
SHIP000861,PO003356,SUP00146,PLT0006,2026-05-08 06:23:26,2026-05-28 06:23:26,2026-05-30 06:23:26,BlueDart Cargo,192094.88,Delivered Late
SHIP000862,PO002360,SUP00198,PLT0011,2026-05-24 14:25:50,2026-06-19 14:25:50,2026-06-28 14:25:50,Maersk,45782.42,Delivered Late
SHIP000863,PO001340,SUP00136,PLT0027,2026-05-19 17:03:09,2026-05-29 17:03:09,2026-05-29 17:03:09,DB Schenker,368846.41,Delivered
SHIP000864,PO002703,SUP00158,PLT0026,2026-03-20 17:17:29,2026-03-25 17:17:29,2026-03-25 17:17:29,Delhivery B2B,173446.26,Delivered
SHIP000865,PO002248,SUP00058,PLT0000,2026-03-10 00:57:49,2026-03-21 00:57:49,2026-03-26 00:57:49,Maersk,464639.36,Delivered Late
SHIP000866,PO004761,SUP00123,PLT0000,2026-01-17 21:07:33,2026-03-13 21:07:33,2026-03-11 21:07:33,DB Schenker,22355.73,Delivered
SHIP000867,PO002536,SUP00022,PLT0025,2026-01-13 16:11:09,2026-02-26 16:11:09,2026-03-09 16:11:09,Delhivery B2B,280565.57,Delivered Late
SHIP000868,PO003783,SUP00163,PLT0025,2026-03-17 07:00:20,2026-03-20 07:00:20,2026-03-19 07:00:20,Maersk,53069.35,Delivered
SHIP000869,PO000497,SUP00156,PLT0000,2026-05-15 07:17:07,2026-05-24 07:17:07,2026-05-28 07:17:07,DHL,97062.96,Delivered Late
SHIP000870,PO001410,SUP00027,PLT0022,2026-03-01 09:39:22,2026-03-04 09:39:22,2026-03-08 09:39:22,Kuehne+Nagel,676429.83,Delivered Late
SHIP000871,PO003163,SUP00039,PLT0003,2026-03-26 19:04:57,2026-04-04 19:04:57,2026-04-02 19:04:57,Maersk,465531.81,Delivered
SHIP000872,PO000885,SUP00098,PLT0007,2026-02-07 13:39:41,2026-04-06 13:39:41,2026-04-04 13:39:41,BlueDart Cargo,557841.02,Delivered
SHIP000873,PO002608,SUP00128,PLT0022,2026-03-02 18:28:29,2026-03-21 18:28:29,2026-03-21 18:28:29,BlueDart Cargo,9694.63,Delivered
SHIP000874,PO002393,SUP00028,PLT0013,2026-03-17 08:24:42,2026-03-19 08:24:42,2026-03-17 08:24:42,Kuehne+Nagel,735.06,Delivered
SHIP000875,PO003264,SUP00007,PLT0010,2026-02-10 11:25:53,2026-02-23 11:25:53,2026-02-20 11:25:53,DB Schenker,254956.89,Delivered
SHIP000876,PO003323,SUP00019,PLT0028,2026-04-17 15:28:10,2026-06-11 15:28:10,2026-06-08 15:28:10,DB Schenker,725012.09,Delivered
SHIP000877,PO003574,SUP00185,PLT0005,2026-01-28 08:19:51,2026-03-27 08:19:51,2026-03-24 08:19:51,BlueDart Cargo,408981.99,Delivered
SHIP000878,PO001078,SUP00120,PLT0013,2026-04-03 17:16:40,2026-05-30 17:16:40,2026-05-27 17:16:40,Delhivery B2B,393318.68,Delivered
SHIP000879,PO000012,SUP00179,PLT0003,2026-05-29 16:04:22,2026-06-24 16:04:22,2026-06-24 16:04:22,Maersk,318520.58,Delivered
SHIP000880,PO003963,SUP00055,PLT0015,2026-01-21 01:27:33,2026-01-26 01:27:33,2026-02-08 01:27:33,Maersk,222923.21,Delivered Late
SHIP000881,PO001427,SUP00082,PLT0005,2026-02-14 11:08:37,2026-02-23 11:08:37,2026-02-21 11:08:37,DHL,17637.34,Delivered
SHIP000882,PO003761,SUP00189,PLT0015,2026-02-06 01:01:15,2026-03-18 01:01:15,2026-03-16 01:01:15,DB Schenker,77856.88,Delivered
SHIP000883,PO001221,SUP00160,PLT0016,2026-02-07 03:58:40,2026-02-09 03:58:40,2026-02-09 03:58:40,Delhivery B2B,234173.13,Delivered
SHIP000884,PO001077,SUP00159,PLT0027,2026-04-22 20:57:10,2026-04-28 20:57:10,2026-04-26 20:57:10,BlueDart Cargo,37790.98,Delivered
SHIP000885,PO001929,SUP00127,PLT0013,2026-04-19 06:48:14,2026-04-25 06:48:14,2026-04-22 06:48:14,Maersk,60417.65,Delivered
SHIP000886,PO000951,SUP00157,PLT0008,2026-05-11 08:19:09,2026-06-21 08:19:09,2026-06-20 08:19:09,BlueDart Cargo,92938.92,Delivered
SHIP000887,PO004888,SUP00088,PLT0002,2026-06-14 04:49:19,2026-07-09 04:49:19,2026-07-08 04:49:19,Kuehne+Nagel,472109.8,Delivered
SHIP000888,PO000208,SUP00104,PLT0018,2026-02-06 09:02:17,2026-02-12 09:02:17,2026-02-09 09:02:17,DB Schenker,1173643.21,Delivered
SHIP000889,PO003360,SUP00054,PLT0027,2026-02-26 09:38:20,2026-04-10 09:38:20,2026-04-09 09:38:20,FedEx Freight,543492.39,Delivered
SHIP000890,PO001972,SUP00021,PLT0018,2026-03-18 23:24:10,2026-04-16 23:24:10,2026-04-16 23:24:10,DHL,330900.17,Delivered
SHIP000891,PO001704,SUP00093,PLT0013,2026-03-31 04:30:21,2026-04-04 04:30:21,2026-04-04 04:30:21,Delhivery B2B,84768.77,Delivered
SHIP000892,PO002478,SUP00152,PLT0029,2026-03-05 03:08:20,2026-03-21 03:08:20,2026-03-19 03:08:20,DB Schenker,482061.35,Delivered
SHIP000893,PO002266,SUP00045,PLT0002,2026-02-05 06:34:33,2026-02-24 06:34:33,2026-03-05 06:34:33,FedEx Freight,1001872.89,Delivered Late
SHIP000894,PO002870,SUP00092,PLT0027,2026-04-13 15:41:39,2026-05-25 15:41:39,2026-05-22 15:41:39,Delhivery B2B,633300.87,Delivered
SHIP000895,PO001888,SUP00035,PLT0017,2026-04-04 22:06:43,2026-05-15 22:06:43,2026-05-18 22:06:43,Kuehne+Nagel,183390.26,Delivered Late
SHIP000896,PO003600,SUP00050,PLT0019,2026-04-15 23:57:46,2026-05-12 23:57:46,2026-05-09 23:57:46,Delhivery B2B,42293.09,Delivered
SHIP000897,PO002948,SUP00199,PLT0020,2026-02-16 11:08:18,2026-03-01 11:08:18,2026-02-27 11:08:18,DHL,23242.8,Delivered
SHIP000898,PO004666,SUP00131,PLT0016,2026-05-24 06:56:02,2026-06-09 06:56:02,2026-06-06 06:56:02,FedEx Freight,463930.5,Delivered
SHIP000899,PO001412,SUP00068,PLT0012,2026-02-04 11:12:29,2026-03-02 11:12:29,2026-03-12 11:12:29,Kuehne+Nagel,218628.21,Delivered Late
SHIP000900,PO000166,SUP00109,PLT0001,2026-02-26 12:02:30,2026-03-05 12:02:30,2026-03-02 12:02:30,DB Schenker,216048.42,Delivered
SHIP000901,PO001647,SUP00197,PLT0000,2026-03-23 18:48:36,2026-03-28 18:48:36,2026-03-27 18:48:36,Maersk,366146.24,Delivered
SHIP000902,PO002639,SUP00037,PLT0020,2026-02-28 18:27:41,2026-03-05 18:27:41,2026-03-02 18:27:41,Maersk,607101.79,Delivered
SHIP000903,PO003189,SUP00070,PLT0016,2026-03-12 20:26:15,2026-04-22 20:26:15,2026-04-22 20:26:15,Delhivery B2B,139778.55,Delivered
SHIP000904,PO000376,SUP00037,PLT0007,2026-01-24 00:17:52,2026-02-02 00:17:52,2026-02-01 00:17:52,DB Schenker,10316.06,Delivered
SHIP000905,PO003917,SUP00013,PLT0005,2026-06-06 14:54:59,2026-06-23 14:54:59,2026-06-22 14:54:59,Delhivery B2B,40579.59,Delivered
SHIP000906,PO000566,SUP00157,PLT0003,2026-05-04 08:27:43,2026-06-16 08:27:43,2026-06-29 08:27:43,BlueDart Cargo,347440.95,Delivered Late
SHIP000907,PO002281,SUP00157,PLT0015,2026-05-30 21:07:42,2026-07-09 21:07:42,2026-07-08 21:07:42,DHL,119399.33,Delivered
SHIP000908,PO004434,SUP00065,PLT0016,2026-03-12 18:36:25,2026-04-21 18:36:25,2026-04-18 18:36:25,DB Schenker,41752.7,Delivered
SHIP000909,PO001140,SUP00082,PLT0018,2026-02-19 15:29:22,2026-02-24 15:29:22,2026-02-23 15:29:22,Maersk,30876.97,Delivered
SHIP000910,PO000007,SUP00130,PLT0024,2026-04-09 17:34:28,2026-06-03 17:34:28,2026-06-01 17:34:28,DB Schenker,419214.23,Delivered
SHIP000911,PO003823,SUP00106,PLT0014,2026-03-10 12:10:58,2026-03-15 12:10:58,2026-03-13 12:10:58,DB Schenker,253258.07,Delivered
SHIP000912,PO003781,SUP00056,PLT0016,2026-03-24 05:40:07,2026-05-21 05:40:07,2026-05-21 05:40:07,BlueDart Cargo,1150290.05,Delivered
SHIP000913,PO000629,SUP00165,PLT0005,2026-03-03 01:21:41,2026-04-13 01:21:41,2026-04-13 01:21:41,BlueDart Cargo,104714.77,Delivered
SHIP000914,PO001846,SUP00121,PLT0009,2026-05-11 05:30:51,2026-05-14 05:30:51,2026-05-12 05:30:51,DB Schenker,453477.27,Delivered
SHIP000915,PO002119,SUP00009,PLT0007,2026-02-27 02:30:25,2026-03-02 02:30:25,2026-03-02 02:30:25,Maersk,727083.68,Delivered
SHIP000916,PO004242,SUP00123,PLT0019,2026-02-25 06:59:19,2026-04-21 06:59:19,2026-04-18 06:59:19,DB Schenker,107705.08,Delivered
SHIP000917,PO001719,SUP00012,PLT0024,2026-04-11 07:42:13,2026-05-07 07:42:13,2026-05-04 07:42:13,Maersk,285391.14,Delivered
SHIP000918,PO002835,SUP00010,PLT0008,2026-03-30 14:26:41,2026-05-26 14:26:41,2026-05-23 14:26:41,Maersk,243336.52,Delivered
SHIP000919,PO000540,SUP00182,PLT0004,2026-02-02 23:54:48,2026-02-28 23:54:48,2026-02-26 23:54:48,Maersk,382015.26,Delivered
SHIP000920,PO002699,SUP00025,PLT0000,2026-04-20 15:05:58,2026-05-16 15:05:58,2026-05-16 15:05:58,DHL,417817.79,Delivered
SHIP000921,PO001550,SUP00071,PLT0021,2026-02-26 15:44:32,2026-04-26 15:44:32,2026-04-24 15:44:32,Delhivery B2B,701414.72,Delivered
SHIP000922,PO002261,SUP00095,PLT0006,2026-06-16 12:41:14,2026-07-03 12:41:14,2026-07-02 12:41:14,FedEx Freight,216331.9,Delivered
SHIP000923,PO003971,SUP00119,PLT0010,2026-02-28 18:56:13,2026-03-18 18:56:13,2026-03-17 18:56:13,DHL,234541.4,Delivered
SHIP000924,PO003717,SUP00133,PLT0019,2026-01-08 19:35:53,2026-02-19 19:35:53,2026-02-18 19:35:53,DHL,447617.27,Delivered
SHIP000925,PO004282,SUP00171,PLT0011,2026-02-12 22:02:01,2026-04-08 22:02:01,2026-04-06 22:02:01,FedEx Freight,76753.32,Delivered
SHIP000926,PO004591,SUP00054,PLT0021,2026-01-03 21:31:46,2026-02-16 21:31:46,2026-02-13 21:31:46,BlueDart Cargo,7474.99,Delivered
SHIP000927,PO001130,SUP00070,PLT0023,2026-04-29 10:15:47,2026-06-11 10:15:47,2026-06-10 10:15:47,Kuehne+Nagel,151243.0,Delivered
SHIP000928,PO002531,SUP00041,PLT0008,2026-02-23 21:00:53,2026-03-03 21:00:53,2026-03-12 21:00:53,Delhivery B2B,643970.05,Delivered Late
SHIP000929,PO004417,SUP00044,PLT0020,2026-04-25 02:20:48,2026-06-19 02:20:48,2026-06-16 02:20:48,Kuehne+Nagel,741068.81,Delivered
SHIP000930,PO001212,SUP00108,PLT0025,2026-02-05 17:07:44,2026-04-05 17:07:44,2026-04-03 17:07:44,DHL,488470.9,Delivered
SHIP000931,PO000445,SUP00162,PLT0016,2026-06-29 07:34:55,2026-07-05 07:34:55,,DB Schenker,33780.76,Delayed
SHIP000932,PO002804,SUP00049,PLT0003,2026-02-14 02:13:44,2026-02-18 02:13:44,2026-02-21 02:13:44,Maersk,14031.84,Delivered Late
SHIP000933,PO004112,SUP00152,PLT0009,2026-04-06 04:27:35,2026-04-22 04:27:35,2026-04-21 04:27:35,BlueDart Cargo,136568.83,Delivered
SHIP000934,PO002779,SUP00072,PLT0013,2026-05-03 18:50:40,2026-06-30 18:50:40,2026-06-27 18:50:40,DHL,85286.16,Delivered
SHIP000935,PO003611,SUP00128,PLT0015,2026-06-16 01:54:49,2026-07-03 01:54:49,2026-07-13 01:54:49,Kuehne+Nagel,196528.19,Delivered Late
SHIP000936,PO001201,SUP00023,PLT0013,2026-01-18 03:09:13,2026-01-31 03:09:13,2026-01-28 03:09:13,DB Schenker,479289.93,Delivered
SHIP000937,PO004424,SUP00039,PLT0023,2026-02-02 12:34:54,2026-02-12 12:34:54,2026-02-10 12:34:54,Delhivery B2B,164478.75,Delivered
SHIP000938,PO003993,SUP00193,PLT0014,2026-06-22 22:59:44,2026-06-27 22:59:44,2026-06-26 22:59:44,BlueDart Cargo,601877.73,Delivered
SHIP000939,PO004868,SUP00148,PLT0021,2026-03-14 20:39:17,2026-04-08 20:39:17,2026-04-06 20:39:17,BlueDart Cargo,290353.54,Delivered
SHIP000940,PO002455,SUP00081,PLT0012,2026-02-04 05:51:52,2026-02-20 05:51:52,2026-02-23 05:51:52,BlueDart Cargo,131495.94,Delivered Late
SHIP000941,PO000226,SUP00126,PLT0009,2026-03-05 13:09:06,2026-03-22 13:09:06,2026-03-25 13:09:06,DHL,857829.56,Delivered Late
SHIP000942,PO001081,SUP00045,PLT0014,2026-01-13 14:08:49,2026-01-29 14:08:49,2026-01-27 14:08:49,Maersk,440815.72,Delivered
SHIP000943,PO001172,SUP00032,PLT0016,2026-02-25 06:43:21,2026-04-08 06:43:21,2026-04-06 06:43:21,DB Schenker,11891.04,Delivered
SHIP000944,PO001866,SUP00198,PLT0006,2026-01-19 12:14:04,2026-02-17 12:14:04,2026-03-04 12:14:04,DB Schenker,637343.89,Delivered Late
SHIP000945,PO001336,SUP00016,PLT0017,2026-05-18 09:28:50,2026-06-04 09:28:50,2026-06-08 09:28:50,FedEx Freight,15651.44,Delivered Late
SHIP000946,PO000335,SUP00183,PLT0011,2026-05-14 15:09:36,2026-06-12 15:09:36,2026-06-11 15:09:36,Maersk,178012.65,Delivered
SHIP000947,PO001418,SUP00152,PLT0022,2026-03-19 21:22:47,2026-04-04 21:22:47,2026-04-16 21:22:47,BlueDart Cargo,103375.91,Delivered Late
SHIP000948,PO004181,SUP00052,PLT0001,2026-01-20 11:25:57,2026-02-18 11:25:57,2026-02-15 11:25:57,Maersk,2253.51,Delivered
SHIP000949,PO003668,SUP00083,PLT0016,2026-03-28 20:00:16,2026-05-22 20:00:16,2026-05-19 20:00:16,DHL,131361.48,Delivered
SHIP000950,PO002009,SUP00153,PLT0025,2026-05-18 20:41:18,2026-06-30 20:41:18,2026-06-29 20:41:18,Maersk,817612.45,Delivered
SHIP000951,PO002592,SUP00111,PLT0013,2026-01-21 13:54:46,2026-01-29 13:54:46,2026-02-11 13:54:46,BlueDart Cargo,671902.86,Delivered Late
SHIP000952,PO002480,SUP00100,PLT0029,2026-02-24 09:14:12,2026-04-07 09:14:12,2026-04-05 09:14:12,FedEx Freight,539019.39,Delivered
SHIP000953,PO004290,SUP00023,PLT0029,2026-01-24 02:50:45,2026-02-03 02:50:45,2026-02-01 02:50:45,DB Schenker,22819.71,Delivered
SHIP000954,PO001641,SUP00150,PLT0000,2026-05-01 04:55:47,2026-05-07 04:55:47,2026-05-06 04:55:47,BlueDart Cargo,11294.52,Delivered
SHIP000955,PO003661,SUP00067,PLT0000,2026-01-07 09:23:44,2026-02-17 09:23:44,2026-02-15 09:23:44,FedEx Freight,202459.22,Delivered
SHIP000956,PO002613,SUP00162,PLT0022,2026-06-01 08:10:35,2026-06-07 08:10:35,2026-06-07 08:10:35,DB Schenker,67707.15,Delivered
SHIP000957,PO000073,SUP00072,PLT0019,2026-05-11 05:29:42,2026-07-07 05:29:42,2026-07-12 05:29:42,Kuehne+Nagel,238016.28,Delivered Late
SHIP000958,PO003426,SUP00120,PLT0011,2026-04-24 22:25:22,2026-06-19 22:25:22,2026-06-19 22:25:22,DB Schenker,484856.32,Delivered
SHIP000959,PO003110,SUP00026,PLT0025,2026-04-23 12:26:54,2026-06-18 12:26:54,2026-07-03 12:26:54,Maersk,282758.43,Delivered Late
SHIP000960,PO001766,SUP00023,PLT0022,2026-03-05 11:15:32,2026-03-15 11:15:32,2026-03-12 11:15:32,FedEx Freight,83737.6,Delivered
SHIP000961,PO000086,SUP00109,PLT0014,2026-01-08 08:28:06,2026-01-14 08:28:06,2026-01-11 08:28:06,Delhivery B2B,52120.0,Delivered
SHIP000962,PO003669,SUP00131,PLT0000,2026-06-18 07:55:46,2026-07-08 07:55:46,,FedEx Freight,390016.16,Delayed
SHIP000963,PO002211,SUP00109,PLT0007,2026-05-29 14:07:54,2026-06-06 14:07:54,2026-06-05 14:07:54,Kuehne+Nagel,1366729.21,Delivered
SHIP000964,PO003155,SUP00169,PLT0013,2026-02-05 23:20:26,2026-04-01 23:20:26,2026-03-30 23:20:26,Maersk,413576.58,Delivered
SHIP000965,PO003274,SUP00096,PLT0011,2026-04-22 12:59:53,2026-04-30 12:59:53,2026-04-29 12:59:53,Delhivery B2B,145581.65,Delivered
SHIP000966,PO003539,SUP00051,PLT0000,2026-01-10 17:01:01,2026-01-12 17:01:01,2026-01-11 17:01:01,Maersk,180589.32,Delivered
SHIP000967,PO000529,SUP00160,PLT0028,2026-01-14 01:11:14,2026-01-19 01:11:14,2026-01-16 01:11:14,BlueDart Cargo,78614.18,Delivered
SHIP000968,PO001020,SUP00038,PLT0025,2026-04-04 14:29:07,2026-05-29 14:29:07,2026-05-29 14:29:07,FedEx Freight,37293.09,Delivered
SHIP000969,PO002799,SUP00126,PLT0022,2026-04-01 00:26:46,2026-04-21 00:26:46,2026-04-21 00:26:46,Kuehne+Nagel,557042.67,Delivered
SHIP000970,PO004084,SUP00004,PLT0009,2026-02-03 02:22:36,2026-02-28 02:22:36,2026-03-01 02:22:36,BlueDart Cargo,139174.39,Delivered Late
SHIP000971,PO000600,SUP00184,PLT0020,2026-04-23 00:20:05,2026-05-06 00:20:05,2026-05-04 00:20:05,Maersk,130836.63,Delivered
SHIP000972,PO000046,SUP00196,PLT0000,2026-02-09 21:16:01,2026-02-26 21:16:01,2026-02-25 21:16:01,Kuehne+Nagel,71195.5,Delivered
SHIP000973,PO003923,SUP00159,PLT0008,2026-05-01 13:40:33,2026-05-07 13:40:33,2026-05-07 13:40:33,DB Schenker,52942.86,Delivered
SHIP000974,PO002797,SUP00074,PLT0025,2026-02-20 12:40:45,2026-02-26 12:40:45,2026-02-23 12:40:45,Delhivery B2B,6505.18,Delivered
SHIP000975,PO004645,SUP00002,PLT0006,2026-03-19 11:59:12,2026-03-23 11:59:12,2026-03-20 11:59:12,Kuehne+Nagel,161237.42,Delivered
SHIP000976,PO000056,SUP00163,PLT0014,2026-06-03 05:28:40,2026-06-05 05:28:40,2026-06-05 05:28:40,FedEx Freight,325205.28,Delivered
SHIP000977,PO002793,SUP00047,PLT0012,2026-01-08 19:54:22,2026-01-18 19:54:22,2026-01-18 19:54:22,DB Schenker,440309.5,Delivered
SHIP000978,PO002607,SUP00092,PLT0023,2026-02-21 02:53:32,2026-04-04 02:53:32,2026-04-01 02:53:32,Maersk,107508.23,Delivered
SHIP000979,PO000705,SUP00029,PLT0008,2026-01-20 10:59:42,2026-03-17 10:59:42,2026-03-15 10:59:42,Maersk,132364.5,Delivered
SHIP000980,PO002433,SUP00143,PLT0016,2026-01-27 18:39:15,2026-03-10 18:39:15,2026-03-08 18:39:15,Kuehne+Nagel,139662.04,Delivered
SHIP000981,PO004513,SUP00168,PLT0025,2026-05-30 10:30:34,2026-06-08 10:30:34,2026-06-05 10:30:34,FedEx Freight,112472.12,Delivered
SHIP000982,PO002196,SUP00041,PLT0019,2026-03-30 11:26:13,2026-04-08 11:26:13,2026-04-08 11:26:13,BlueDart Cargo,79046.0,Delivered
SHIP000983,PO000035,SUP00049,PLT0025,2026-04-27 06:27:19,2026-04-30 06:27:19,2026-04-29 06:27:19,DHL,25032.72,Delivered
SHIP000984,PO001725,SUP00091,PLT0023,2026-03-28 14:51:04,2026-04-08 14:51:04,2026-04-20 14:51:04,FedEx Freight,106761.77,Delivered Late
SHIP000985,PO002612,SUP00112,PLT0003,2026-04-03 03:51:19,2026-04-29 03:51:19,2026-04-26 03:51:19,Maersk,427559.01,Delivered
SHIP000986,PO001973,SUP00173,PLT0019,2026-02-19 08:16:33,2026-02-28 08:16:33,2026-02-25 08:16:33,Delhivery B2B,87164.7,Delivered
SHIP000987,PO002993,SUP00032,PLT0026,2026-04-14 12:58:16,2026-05-24 12:58:16,2026-05-21 12:58:16,Maersk,20627.33,Delivered
SHIP000988,PO003245,SUP00103,PLT0013,2026-03-19 07:58:21,2026-03-29 07:58:21,2026-03-27 07:58:21,FedEx Freight,365810.89,Delivered
SHIP000989,PO002262,SUP00115,PLT0027,2026-06-23 18:42:33,2026-07-03 18:42:33,2026-07-02 18:42:33,BlueDart Cargo,10084.64,Delivered
SHIP000990,PO000569,SUP00041,PLT0010,2026-02-08 21:07:09,2026-02-15 21:07:09,2026-02-14 21:07:09,Delhivery B2B,554447.05,Delivered
SHIP000991,PO002563,SUP00034,PLT0021,2026-03-25 14:25:56,2026-04-22 14:25:56,2026-04-20 14:25:56,Kuehne+Nagel,42564.09,Delivered
SHIP000992,PO001098,SUP00158,PLT0015,2026-02-04 11:55:11,2026-02-07 11:55:11,2026-02-05 11:55:11,DB Schenker,348242.01,Delivered
SHIP000993,PO001728,SUP00018,PLT0023,2026-04-11 03:40:10,2026-04-27 03:40:10,2026-05-11 03:40:10,Delhivery B2B,995711.62,Delivered Late
SHIP000994,PO001286,SUP00137,PLT0007,2026-06-20 00:10:09,2026-07-01 00:10:09,2026-07-01 00:10:09,DB Schenker,380937.87,Delivered
SHIP000995,PO002586,SUP00049,PLT0011,2026-05-03 19:39:38,2026-05-09 19:39:38,2026-05-08 19:39:38,Kuehne+Nagel,244678.68,Delivered
SHIP000996,PO001284,SUP00074,PLT0008,2026-03-21 09:21:09,2026-03-26 09:21:09,2026-03-25 09:21:09,Delhivery B2B,51660.91,Delivered
SHIP000997,PO000829,SUP00039,PLT0005,2026-05-06 00:03:50,2026-05-19 00:03:50,2026-05-21 00:03:50,BlueDart Cargo,285766.36,Delivered Late
SHIP000998,PO000019,SUP00039,PLT0029,2026-05-18 14:00:49,2026-05-28 14:00:49,2026-05-26 14:00:49,DB Schenker,74687.82,Delivered
SHIP000999,PO004241,SUP00030,PLT0007,2026-03-23 12:20:35,2026-04-17 12:20:35,2026-04-14 12:20:35,DHL,205295.91,Delivered
SHIP001000,PO000603,SUP00060,PLT0005,2026-03-18 17:27:45,2026-05-13 17:27:45,2026-05-12 17:27:45,Maersk,1145653.61,Delivered
SHIP001001,PO000611,SUP00077,PLT0027,2026-02-10 20:46:08,2026-03-26 20:46:08,2026-03-25 20:46:08,BlueDart Cargo,125115.36,Delivered
SHIP001002,PO000741,SUP00031,PLT0017,2026-04-12 18:27:30,2026-06-10 18:27:30,2026-06-09 18:27:30,DHL,17914.47,Delivered
SHIP001003,PO003901,SUP00057,PLT0011,2026-06-07 10:15:33,2026-07-06 10:15:33,2026-07-11 10:15:33,DB Schenker,228931.63,Delivered Late
SHIP001004,PO000696,SUP00088,PLT0024,2026-01-12 22:50:15,2026-02-06 22:50:15,2026-02-03 22:50:15,DB Schenker,78275.91,Delivered
SHIP001005,PO000495,SUP00199,PLT0006,2026-03-18 10:07:28,2026-03-28 10:07:28,2026-03-28 10:07:28,DB Schenker,51303.32,Delivered
SHIP001006,PO000523,SUP00020,PLT0005,2026-04-10 19:47:38,2026-06-05 19:47:38,2026-06-02 19:47:38,BlueDart Cargo,35056.53,Delivered
SHIP001007,PO002105,SUP00192,PLT0026,2026-01-09 00:43:50,2026-03-09 00:43:50,2026-03-06 00:43:50,DHL,586672.68,Delivered
SHIP001008,PO002242,SUP00172,PLT0009,2026-05-25 14:53:05,2026-06-02 14:53:05,2026-05-31 14:53:05,Maersk,675004.52,Delivered
SHIP001009,PO000423,SUP00197,PLT0012,2026-05-28 19:02:35,2026-06-06 19:02:35,2026-06-03 19:02:35,DHL,3221.2,Delivered
SHIP001010,PO001633,SUP00113,PLT0015,2026-03-24 03:28:56,2026-05-21 03:28:56,2026-05-21 03:28:56,BlueDart Cargo,63640.52,Delivered
SHIP001011,PO002553,SUP00016,PLT0029,2026-05-24 17:42:31,2026-06-10 17:42:31,2026-06-12 17:42:31,FedEx Freight,172655.04,Delivered Late
SHIP001012,PO004543,SUP00135,PLT0020,2026-04-24 22:07:56,2026-06-06 22:07:56,2026-06-18 22:07:56,Maersk,867663.37,Delivered Late
SHIP001013,PO000838,SUP00041,PLT0007,2026-06-15 12:42:30,2026-06-20 12:42:30,2026-06-18 12:42:30,Maersk,394074.48,Delivered
SHIP001014,PO003255,SUP00161,PLT0029,2026-01-13 17:49:53,2026-02-10 17:49:53,2026-02-07 17:49:53,Maersk,52287.73,Delivered
SHIP001015,PO003896,SUP00168,PLT0015,2026-06-28 21:14:11,2026-07-09 21:14:11,2026-07-09 21:14:11,FedEx Freight,134768.41,Delivered
SHIP001016,PO001311,SUP00063,PLT0013,2026-06-09 01:31:24,2026-07-07 01:31:24,2026-07-05 01:31:24,Maersk,709128.64,Delivered
SHIP001017,PO003357,SUP00182,PLT0021,2026-04-13 10:18:54,2026-05-12 10:18:54,2026-05-12 10:18:54,Kuehne+Nagel,59348.48,Delivered
SHIP001018,PO002197,SUP00183,PLT0009,2026-03-27 07:25:41,2026-04-23 07:25:41,2026-04-21 07:25:41,DHL,6743.82,Delivered
SHIP001019,PO003355,SUP00060,PLT0028,2026-01-26 17:42:27,2026-03-25 17:42:27,2026-03-25 17:42:27,FedEx Freight,1514170.65,Delivered
SHIP001020,PO000889,SUP00167,PLT0029,2026-02-26 17:30:59,2026-03-09 17:30:59,2026-03-06 17:30:59,BlueDart Cargo,270644.43,Delivered
SHIP001021,PO003168,SUP00122,PLT0027,2026-01-28 07:09:44,2026-03-10 07:09:44,2026-03-07 07:09:44,Maersk,862732.69,Delivered
SHIP001022,PO004734,SUP00181,PLT0017,2026-04-02 20:00:35,2026-04-15 20:00:35,2026-04-12 20:00:35,Maersk,752512.48,Delivered
SHIP001023,PO003707,SUP00093,PLT0000,2026-01-20 10:22:12,2026-01-26 10:22:12,2026-01-24 10:22:12,Maersk,192524.0,Delivered
SHIP001024,PO004524,SUP00061,PLT0014,2026-06-13 14:08:36,2026-06-20 14:08:36,2026-06-30 14:08:36,FedEx Freight,313078.63,Delivered Late
SHIP001025,PO002936,SUP00159,PLT0019,2026-06-09 03:26:39,2026-06-15 03:26:39,2026-06-12 03:26:39,Kuehne+Nagel,319279.26,Delivered
SHIP001026,PO003670,SUP00147,PLT0025,2026-02-07 03:27:27,2026-02-11 03:27:27,2026-02-10 03:27:27,DHL,265855.07,Delivered
SHIP001027,PO000612,SUP00090,PLT0017,2026-01-17 13:33:29,2026-02-06 13:33:29,2026-02-04 13:33:29,Maersk,488846.35,Delivered
SHIP001028,PO000932,SUP00014,PLT0019,2026-03-22 04:00:49,2026-03-27 04:00:49,2026-03-26 04:00:49,Delhivery B2B,466338.99,Delivered
SHIP001029,PO000681,SUP00064,PLT0026,2026-01-23 08:28:39,2026-03-20 08:28:39,2026-03-18 08:28:39,FedEx Freight,43549.31,Delivered
SHIP001030,PO002027,SUP00011,PLT0016,2026-07-02 17:57:48,2026-07-09 17:57:48,2026-07-09 17:57:48,FedEx Freight,338775.78,Delivered
SHIP001031,PO000588,SUP00176,PLT0017,2026-04-11 23:21:48,2026-06-08 23:21:48,2026-06-07 23:21:48,FedEx Freight,76618.5,Delivered
SHIP001032,PO000923,SUP00035,PLT0029,2026-02-17 09:31:56,2026-03-31 09:31:56,2026-03-30 09:31:56,DHL,38892.55,Delivered
SHIP001033,PO001249,SUP00075,PLT0029,2026-03-23 20:16:03,2026-05-18 20:16:03,2026-05-17 20:16:03,Delhivery B2B,84860.35,Delivered
SHIP001034,PO001061,SUP00006,PLT0013,2026-06-17 14:06:27,2026-06-20 14:06:27,2026-06-23 14:06:27,FedEx Freight,278966.1,Delivered Late
SHIP001035,PO004093,SUP00159,PLT0010,2026-07-04 01:08:48,2026-07-07 01:08:48,2026-07-04 01:08:48,BlueDart Cargo,151737.03,Delivered
SHIP001036,PO001097,SUP00044,PLT0012,2026-01-30 19:14:43,2026-03-26 19:14:43,2026-03-26 19:14:43,Kuehne+Nagel,12559.1,Delivered
SHIP001037,PO000292,SUP00035,PLT0016,2026-03-25 19:13:59,2026-05-07 19:13:59,2026-05-15 19:13:59,DB Schenker,874136.26,Delivered Late
SHIP001038,PO003680,SUP00131,PLT0002,2026-01-21 19:38:33,2026-02-08 19:38:33,2026-02-09 19:38:33,Delhivery B2B,963618.3,Delivered Late
SHIP001039,PO003151,SUP00072,PLT0005,2026-03-08 17:49:06,2026-05-02 17:49:06,2026-05-01 17:49:06,FedEx Freight,657001.53,Delivered
SHIP001040,PO004950,SUP00179,PLT0026,2026-01-20 18:55:02,2026-02-18 18:55:02,2026-02-15 18:55:02,Delhivery B2B,4259.81,Delivered
SHIP001041,PO001605,SUP00123,PLT0023,2026-03-24 08:59:48,2026-05-18 08:59:48,2026-05-17 08:59:48,BlueDart Cargo,279840.88,Delivered
SHIP001042,PO003480,SUP00033,PLT0005,2026-01-17 21:40:37,2026-01-25 21:40:37,2026-02-03 21:40:37,DB Schenker,281566.55,Delivered Late
SHIP001043,PO000237,SUP00000,PLT0014,2026-01-19 04:36:28,2026-01-24 04:36:28,2026-01-24 04:36:28,Kuehne+Nagel,908598.34,Delivered
SHIP001044,PO002112,SUP00154,PLT0013,2026-04-02 22:36:52,2026-04-07 22:36:52,2026-04-06 22:36:52,Delhivery B2B,378468.0,Delivered
SHIP001045,PO000877,SUP00110,PLT0022,2026-05-31 05:30:18,2026-06-10 05:30:18,2026-06-12 05:30:18,FedEx Freight,293309.5,Delivered Late
SHIP001046,PO004230,SUP00026,PLT0007,2026-03-30 15:53:44,2026-05-25 15:53:44,2026-05-22 15:53:44,Maersk,164502.26,Delivered
SHIP001047,PO004580,SUP00034,PLT0019,2026-01-23 13:26:23,2026-02-21 13:26:23,2026-02-18 13:26:23,BlueDart Cargo,5464.02,Delivered
SHIP001048,PO003826,SUP00047,PLT0012,2026-03-17 10:34:00,2026-03-29 10:34:00,2026-03-28 10:34:00,BlueDart Cargo,1388641.89,Delivered
SHIP001049,PO004152,SUP00106,PLT0002,2026-06-07 01:53:31,2026-06-16 01:53:31,2026-06-16 01:53:31,FedEx Freight,1326913.21,Delivered
SHIP001050,PO002734,SUP00044,PLT0002,2026-01-25 01:08:49,2026-03-24 01:08:49,2026-03-24 01:08:49,Delhivery B2B,106308.37,Delivered
SHIP001051,PO000333,SUP00035,PLT0004,2026-04-28 10:53:23,2026-06-11 10:53:23,2026-06-10 10:53:23,DB Schenker,1130635.42,Delivered
SHIP001052,PO004853,SUP00090,PLT0016,2026-02-12 12:02:01,2026-03-04 12:02:01,2026-03-04 12:02:01,FedEx Freight,1354612.01,Delivered
SHIP001053,PO004801,SUP00081,PLT0001,2026-02-13 19:46:21,2026-03-04 19:46:21,2026-03-02 19:46:21,Delhivery B2B,266587.91,Delivered
SHIP001054,PO002225,SUP00196,PLT0027,2026-04-25 02:04:47,2026-05-14 02:04:47,2026-05-25 02:04:47,Kuehne+Nagel,47556.75,Delivered Late
SHIP001055,PO002392,SUP00173,PLT0008,2026-05-05 10:30:42,2026-05-10 10:30:42,2026-05-08 10:30:42,FedEx Freight,28488.6,Delivered
SHIP001056,PO002654,SUP00065,PLT0019,2026-03-13 02:56:32,2026-04-22 02:56:32,2026-04-27 02:56:32,Kuehne+Nagel,190361.33,Delivered Late
SHIP001057,PO002436,SUP00099,PLT0000,2026-04-30 16:30:02,2026-06-24 16:30:02,2026-06-22 16:30:02,FedEx Freight,965041.6,Delivered
SHIP001058,PO001110,SUP00187,PLT0014,2026-05-29 03:24:00,2026-06-15 03:24:00,2026-06-14 03:24:00,DHL,259109.87,Delivered
SHIP001059,PO002219,SUP00051,PLT0006,2026-04-03 23:21:33,2026-04-05 23:21:33,2026-04-03 23:21:33,BlueDart Cargo,171489.76,Delivered
SHIP001060,PO003840,SUP00009,PLT0010,2026-02-24 08:32:33,2026-02-26 08:32:33,2026-02-26 08:32:33,Delhivery B2B,671495.56,Delivered
SHIP001061,PO002741,SUP00123,PLT0018,2026-02-15 15:49:49,2026-04-15 15:49:49,2026-04-24 15:49:49,DB Schenker,175226.7,Delivered Late
SHIP001062,PO000683,SUP00116,PLT0002,2026-01-08 17:18:27,2026-01-24 17:18:27,2026-02-04 17:18:27,Kuehne+Nagel,207039.42,Delivered Late
SHIP001063,PO002746,SUP00077,PLT0017,2026-04-15 05:35:29,2026-05-25 05:35:29,2026-06-01 05:35:29,DHL,185210.89,Delivered Late
SHIP001064,PO000672,SUP00054,PLT0008,2026-01-09 06:22:37,2026-02-18 06:22:37,2026-02-26 06:22:37,Kuehne+Nagel,179742.07,Delivered Late
SHIP001065,PO000879,SUP00168,PLT0026,2026-06-19 10:07:05,2026-07-01 10:07:05,2026-07-01 10:07:05,Maersk,519657.56,Delivered
SHIP001066,PO002808,SUP00136,PLT0029,2026-03-18 07:42:32,2026-03-28 07:42:32,2026-04-09 07:42:32,DHL,414237.65,Delivered Late
SHIP001067,PO004249,SUP00027,PLT0017,2026-02-22 02:05:02,2026-02-28 02:05:02,2026-03-06 02:05:02,FedEx Freight,331837.98,Delivered Late
SHIP001068,PO000784,SUP00186,PLT0025,2026-01-06 20:19:22,2026-02-17 20:19:22,2026-02-15 20:19:22,Kuehne+Nagel,172568.33,Delivered
SHIP001069,PO000519,SUP00049,PLT0017,2026-05-23 11:49:20,2026-05-29 11:49:20,2026-05-29 11:49:20,DB Schenker,148674.04,Delivered
SHIP001070,PO000722,SUP00151,PLT0026,2026-06-11 14:27:16,2026-07-01 14:27:16,2026-06-29 14:27:16,BlueDart Cargo,164690.31,Delivered
SHIP001071,PO002056,SUP00177,PLT0029,2026-05-29 23:36:16,2026-06-18 23:36:16,2026-06-28 23:36:16,Maersk,173732.15,Delivered Late
SHIP001072,PO003847,SUP00174,PLT0027,2026-04-13 23:33:37,2026-05-24 23:33:37,2026-05-21 23:33:37,FedEx Freight,972900.93,Delivered
SHIP001073,PO002978,SUP00143,PLT0000,2026-02-24 01:33:48,2026-04-06 01:33:48,2026-04-04 01:33:48,Kuehne+Nagel,99890.64,Delivered
SHIP001074,PO004741,SUP00039,PLT0009,2026-02-21 10:02:24,2026-03-02 10:02:24,2026-03-05 10:02:24,DHL,706339.88,Delivered Late
SHIP001075,PO004464,SUP00069,PLT0024,2026-01-17 11:13:06,2026-01-27 11:13:06,2026-01-24 11:13:06,BlueDart Cargo,99255.02,Delivered
SHIP001076,PO003089,SUP00066,PLT0011,2026-02-01 22:21:00,2026-03-13 22:21:00,2026-03-10 22:21:00,Kuehne+Nagel,54004.66,Delivered
SHIP001077,PO003513,SUP00181,PLT0017,2026-06-09 11:47:47,2026-06-19 11:47:47,2026-07-03 11:47:47,Kuehne+Nagel,627685.47,Delivered Late
SHIP001078,PO001618,SUP00099,PLT0015,2026-05-01 07:45:15,2026-06-27 07:45:15,2026-06-27 07:45:15,Kuehne+Nagel,6416.04,Delivered
SHIP001079,PO000489,SUP00154,PLT0026,2026-02-16 21:31:41,2026-02-25 21:31:41,2026-02-23 21:31:41,Maersk,348426.61,Delivered
SHIP001080,PO004198,SUP00053,PLT0011,2026-04-30 03:06:59,2026-06-09 03:06:59,2026-06-08 03:06:59,DHL,832708.88,Delivered
SHIP001081,PO002390,SUP00168,PLT0007,2026-04-15 11:26:00,2026-04-27 11:26:00,2026-04-25 11:26:00,BlueDart Cargo,123689.53,Delivered
SHIP001082,PO002322,SUP00160,PLT0023,2026-02-27 06:33:10,2026-03-02 06:33:10,2026-03-02 06:33:10,Delhivery B2B,47228.96,Delivered
SHIP001083,PO001821,SUP00129,PLT0006,2026-03-12 00:38:06,2026-05-07 00:38:06,2026-05-08 00:38:06,Kuehne+Nagel,1420585.91,Delivered Late
SHIP001084,PO000332,SUP00111,PLT0005,2026-02-07 14:23:24,2026-02-16 14:23:24,2026-02-13 14:23:24,FedEx Freight,546553.17,Delivered
SHIP001085,PO000185,SUP00016,PLT0002,2026-03-11 08:31:05,2026-03-30 08:31:05,2026-03-30 08:31:05,BlueDart Cargo,194640.78,Delivered
SHIP001086,PO004943,SUP00098,PLT0023,2026-01-26 23:58:34,2026-03-22 23:58:34,2026-03-21 23:58:34,BlueDart Cargo,18372.9,Delivered
SHIP001087,PO002896,SUP00140,PLT0014,2026-05-03 10:40:25,2026-06-13 10:40:25,2026-06-13 10:40:25,FedEx Freight,425805.28,Delivered
SHIP001088,PO000384,SUP00070,PLT0011,2026-04-11 12:48:56,2026-05-25 12:48:56,2026-06-07 12:48:56,BlueDart Cargo,509218.28,Delivered Late
SHIP001089,PO003137,SUP00102,PLT0025,2026-06-02 18:52:11,2026-06-18 18:52:11,2026-06-15 18:52:11,BlueDart Cargo,122947.28,Delivered
SHIP001090,PO002084,SUP00159,PLT0000,2026-02-07 05:18:23,2026-02-09 05:18:23,2026-02-09 05:18:23,FedEx Freight,20914.04,Delivered
SHIP001091,PO001638,SUP00175,PLT0026,2026-06-07 18:22:52,2026-06-19 18:22:52,2026-06-17 18:22:52,BlueDart Cargo,137144.73,Delivered
SHIP001092,PO004981,SUP00059,PLT0013,2026-02-21 01:54:51,2026-03-04 01:54:51,2026-03-06 01:54:51,Maersk,263811.67,Delivered Late
SHIP001093,PO004634,SUP00007,PLT0022,2026-05-31 21:11:57,2026-06-09 21:11:57,2026-06-06 21:11:57,DB Schenker,439612.78,Delivered
SHIP001094,PO004969,SUP00080,PLT0000,2026-02-16 05:45:04,2026-03-01 05:45:04,2026-03-01 05:45:04,Maersk,382355.71,Delivered
SHIP001095,PO003751,SUP00043,PLT0021,2026-05-06 13:14:07,2026-06-30 13:14:07,2026-06-29 13:14:07,BlueDart Cargo,32387.46,Delivered
SHIP001096,PO004611,SUP00052,PLT0026,2026-04-30 06:15:35,2026-05-26 06:15:35,2026-05-25 06:15:35,BlueDart Cargo,404469.16,Delivered
SHIP001097,PO004570,SUP00071,PLT0013,2026-04-22 13:26:02,2026-06-17 13:26:02,2026-06-14 13:26:02,Maersk,674315.45,Delivered
SHIP001098,PO000982,SUP00112,PLT0017,2026-04-09 10:33:43,2026-05-07 10:33:43,2026-05-06 10:33:43,Kuehne+Nagel,3647.67,Delivered
SHIP001099,PO002634,SUP00199,PLT0007,2026-05-30 11:33:09,2026-06-12 11:33:09,2026-06-11 11:33:09,Delhivery B2B,28141.69,Delivered
SHIP001100,PO000928,SUP00074,PLT0006,2026-01-02 13:26:56,2026-01-11 13:26:56,2026-01-11 13:26:56,FedEx Freight,8093.76,Delivered
SHIP001101,PO001827,SUP00142,PLT0022,2026-01-22 16:17:14,2026-02-04 16:17:14,2026-02-04 16:17:14,FedEx Freight,57228.55,Delivered
SHIP001102,PO003837,SUP00019,PLT0000,2026-05-11 12:32:53,2026-07-08 12:32:53,2026-07-05 12:32:53,Maersk,154389.98,Delivered
SHIP001103,PO003083,SUP00038,PLT0008,2026-02-23 08:51:44,2026-04-20 08:51:44,2026-04-21 08:51:44,BlueDart Cargo,236990.75,Delivered Late
SHIP001104,PO004877,SUP00096,PLT0019,2026-02-16 19:07:18,2026-02-21 19:07:18,2026-02-20 19:07:18,FedEx Freight,607042.3,Delivered
SHIP001105,PO004339,SUP00031,PLT0003,2026-01-19 10:46:36,2026-03-17 10:46:36,2026-03-14 10:46:36,DHL,616974.33,Delivered
SHIP001106,PO004442,SUP00112,PLT0012,2026-03-04 09:20:41,2026-04-02 09:20:41,2026-04-01 09:20:41,Delhivery B2B,266486.29,Delivered
SHIP001107,PO003870,SUP00078,PLT0024,2026-01-12 08:19:01,2026-03-10 08:19:01,2026-03-08 08:19:01,Delhivery B2B,402126.75,Delivered
SHIP001108,PO004325,SUP00182,PLT0022,2026-06-11 19:06:08,2026-07-09 19:06:08,2026-07-06 19:06:08,Maersk,333327.5,Delivered
SHIP001109,PO003503,SUP00181,PLT0014,2026-02-06 07:30:29,2026-02-18 07:30:29,2026-02-15 07:30:29,DHL,957754.34,Delivered
SHIP001110,PO004455,SUP00164,PLT0008,2026-05-28 20:04:29,2026-06-03 20:04:29,2026-06-01 20:04:29,BlueDart Cargo,140879.82,Delivered
SHIP001111,PO000330,SUP00033,PLT0003,2026-04-17 17:23:54,2026-04-22 17:23:54,2026-04-22 17:23:54,DB Schenker,116711.73,Delivered
SHIP001112,PO003191,SUP00013,PLT0000,2026-05-31 05:05:48,2026-06-18 05:05:48,2026-06-16 05:05:48,Kuehne+Nagel,459737.66,Delivered
SHIP001113,PO001064,SUP00034,PLT0003,2026-05-07 13:10:00,2026-06-02 13:10:00,2026-06-17 13:10:00,Maersk,499023.99,Delivered Late
SHIP001114,PO004100,SUP00193,PLT0027,2026-03-21 05:30:27,2026-03-29 05:30:27,2026-03-28 05:30:27,Maersk,30956.84,Delivered
SHIP001115,PO002711,SUP00157,PLT0008,2026-01-26 00:48:17,2026-03-09 00:48:17,2026-03-09 00:48:17,Kuehne+Nagel,407660.19,Delivered
SHIP001116,PO001463,SUP00032,PLT0026,2026-04-26 19:41:07,2026-06-06 19:41:07,2026-06-09 19:41:07,Kuehne+Nagel,173891.02,Delivered Late
SHIP001117,PO003380,SUP00157,PLT0026,2026-01-24 20:45:16,2026-03-09 20:45:16,2026-03-07 20:45:16,Kuehne+Nagel,403091.72,Delivered
SHIP001118,PO001236,SUP00087,PLT0019,2026-03-08 01:53:14,2026-04-20 01:53:14,2026-04-20 01:53:14,FedEx Freight,34451.49,Delivered
SHIP001119,PO001054,SUP00140,PLT0025,2026-01-31 02:57:33,2026-03-15 02:57:33,2026-03-14 02:57:33,DHL,260108.99,Delivered
SHIP001120,PO001829,SUP00034,PLT0015,2026-03-12 14:42:54,2026-04-10 14:42:54,2026-04-08 14:42:54,FedEx Freight,5748.46,Delivered
SHIP001121,PO000537,SUP00140,PLT0022,2026-03-01 02:07:26,2026-04-11 02:07:26,2026-04-09 02:07:26,BlueDart Cargo,307289.31,Delivered
SHIP001122,PO000632,SUP00023,PLT0001,2026-03-01 06:04:55,2026-03-12 06:04:55,2026-03-12 06:04:55,DB Schenker,123074.5,Delivered
SHIP001123,PO001958,SUP00132,PLT0026,2026-03-07 13:26:46,2026-03-17 13:26:46,2026-03-17 13:26:46,FedEx Freight,288196.64,Delivered
SHIP001124,PO000114,SUP00093,PLT0015,2026-02-25 01:55:56,2026-02-28 01:55:56,2026-02-27 01:55:56,Maersk,35674.76,Delivered
SHIP001125,PO002926,SUP00085,PLT0000,2026-01-14 21:00:15,2026-02-26 21:00:15,2026-02-26 21:00:15,BlueDart Cargo,276680.99,Delivered
SHIP001126,PO000210,SUP00030,PLT0027,2026-02-03 21:32:28,2026-03-02 21:32:28,2026-02-27 21:32:28,DHL,1278373.63,Delivered
SHIP001127,PO003577,SUP00154,PLT0011,2026-01-10 12:14:16,2026-01-17 12:14:16,2026-01-24 12:14:16,DHL,207104.4,Delivered Late
SHIP001128,PO004057,SUP00186,PLT0011,2026-03-21 19:47:37,2026-05-02 19:47:37,2026-04-30 19:47:37,DB Schenker,200696.97,Delivered
SHIP001129,PO002113,SUP00009,PLT0010,2026-03-15 15:05:08,2026-03-21 15:05:08,2026-03-25 15:05:08,DB Schenker,681874.68,Delivered Late
SHIP001130,PO004073,SUP00156,PLT0012,2026-05-23 16:09:35,2026-05-31 16:09:35,2026-06-02 16:09:35,Delhivery B2B,155624.58,Delivered Late
SHIP001131,PO002500,SUP00190,PLT0006,2026-03-10 08:03:36,2026-05-08 08:03:36,2026-05-05 08:03:36,Maersk,628243.87,Delivered
SHIP001132,PO004117,SUP00176,PLT0002,2026-04-22 05:32:23,2026-06-18 05:32:23,2026-06-16 05:32:23,Maersk,94645.73,Delivered
SHIP001133,PO002790,SUP00176,PLT0023,2026-02-02 21:09:31,2026-04-01 21:09:31,2026-03-31 21:09:31,DHL,147624.97,Delivered
SHIP001134,PO002609,SUP00137,PLT0008,2026-02-20 07:11:50,2026-03-01 07:11:50,2026-02-26 07:11:50,DB Schenker,7275.86,Delivered
SHIP001135,PO002532,SUP00117,PLT0020,2026-01-12 12:56:01,2026-02-21 12:56:01,2026-02-19 12:56:01,Maersk,53286.57,Delivered
SHIP001136,PO004923,SUP00017,PLT0003,2026-03-26 01:55:29,2026-04-02 01:55:29,2026-04-13 01:55:29,DB Schenker,107822.92,Delivered Late
SHIP001137,PO003285,SUP00167,PLT0023,2026-02-16 21:36:49,2026-02-26 21:36:49,2026-02-26 21:36:49,DHL,8729.52,Delivered
SHIP001138,PO004121,SUP00129,PLT0001,2026-01-24 11:07:01,2026-03-21 11:07:01,2026-03-19 11:07:01,FedEx Freight,614444.46,Delivered
SHIP001139,PO004128,SUP00189,PLT0027,2026-01-29 05:05:07,2026-03-14 05:05:07,2026-03-14 05:05:07,Maersk,34199.89,Delivered
SHIP001140,PO003947,SUP00075,PLT0011,2026-01-10 20:09:59,2026-03-08 20:09:59,2026-03-05 20:09:59,BlueDart Cargo,64371.15,Delivered
SHIP001141,PO000677,SUP00127,PLT0003,2026-04-03 17:16:34,2026-04-11 17:16:34,2026-04-11 17:16:34,BlueDart Cargo,575385.56,Delivered
SHIP001142,PO003721,SUP00038,PLT0009,2026-01-15 10:47:34,2026-03-15 10:47:34,2026-03-13 10:47:34,DHL,27632.56,Delivered
SHIP001143,PO004765,SUP00056,PLT0012,2026-04-25 11:28:08,2026-06-21 11:28:08,2026-06-20 11:28:08,DB Schenker,167069.6,Delivered
SHIP001144,PO002693,SUP00020,PLT0023,2026-04-26 17:20:14,2026-06-20 17:20:14,2026-06-18 17:20:14,FedEx Freight,692799.33,Delivered
SHIP001145,PO001405,SUP00152,PLT0027,2026-02-13 00:17:24,2026-03-05 00:17:24,2026-03-05 00:17:24,Delhivery B2B,299145.4,Delivered
SHIP001146,PO002512,SUP00160,PLT0013,2026-02-13 23:54:54,2026-02-16 23:54:54,2026-02-14 23:54:54,Maersk,546733.93,Delivered
SHIP001147,PO004025,SUP00101,PLT0004,2026-04-03 21:37:50,2026-05-29 21:37:50,2026-05-28 21:37:50,Maersk,55459.37,Delivered
SHIP001148,PO003523,SUP00035,PLT0005,2026-03-11 21:22:00,2026-04-22 21:22:00,2026-04-21 21:22:00,DHL,15258.35,Delivered
SHIP001149,PO001853,SUP00020,PLT0029,2026-01-07 14:48:56,2026-03-04 14:48:56,2026-03-05 14:48:56,Kuehne+Nagel,24234.14,Delivered Late
SHIP001150,PO004285,SUP00131,PLT0009,2026-04-24 21:37:23,2026-05-11 21:37:23,2026-05-09 21:37:23,Delhivery B2B,49710.78,Delivered
SHIP001151,PO000130,SUP00075,PLT0023,2026-02-21 07:02:36,2026-04-19 07:02:36,2026-04-20 07:02:36,FedEx Freight,52443.73,Delivered Late
SHIP001152,PO000894,SUP00047,PLT0029,2026-02-23 01:12:00,2026-03-08 01:12:00,2026-03-08 01:12:00,Maersk,278980.94,Delivered
SHIP001153,PO002013,SUP00033,PLT0015,2026-03-14 01:41:37,2026-03-22 01:41:37,2026-03-20 01:41:37,DB Schenker,92686.29,Delivered
SHIP001154,PO001036,SUP00026,PLT0023,2026-01-03 07:01:35,2026-03-02 07:01:35,2026-03-01 07:01:35,BlueDart Cargo,130713.52,Delivered
SHIP001155,PO004153,SUP00061,PLT0023,2026-01-15 23:03:46,2026-01-24 23:03:46,2026-01-23 23:03:46,Delhivery B2B,502269.77,Delivered
SHIP001156,PO003521,SUP00105,PLT0029,2026-03-06 15:31:46,2026-03-26 15:31:46,2026-04-01 15:31:46,Delhivery B2B,211655.82,Delivered Late
SHIP001157,PO003300,SUP00148,PLT0005,2026-03-05 16:09:41,2026-04-01 16:09:41,2026-04-15 16:09:41,DHL,303574.54,Delivered Late
SHIP001158,PO001493,SUP00183,PLT0028,2026-05-29 12:41:30,2026-06-23 12:41:30,2026-06-21 12:41:30,BlueDart Cargo,417964.18,Delivered
SHIP001159,PO002653,SUP00078,PLT0002,2026-04-02 09:01:42,2026-05-27 09:01:42,2026-05-25 09:01:42,Maersk,263247.89,Delivered
SHIP001160,PO000213,SUP00072,PLT0005,2026-01-22 02:13:07,2026-03-21 02:13:07,2026-03-18 02:13:07,Kuehne+Nagel,873134.19,Delivered
SHIP001161,PO004672,SUP00107,PLT0004,2026-02-12 02:15:48,2026-02-28 02:15:48,2026-02-26 02:15:48,Maersk,75699.16,Delivered
SHIP001162,PO000868,SUP00157,PLT0015,2026-02-28 15:10:41,2026-04-13 15:10:41,2026-04-12 15:10:41,Kuehne+Nagel,12250.42,Delivered
SHIP001163,PO003208,SUP00183,PLT0024,2026-03-09 00:18:39,2026-04-06 00:18:39,2026-04-03 00:18:39,Maersk,791847.78,Delivered
SHIP001164,PO001793,SUP00149,PLT0001,2026-01-10 19:37:16,2026-03-10 19:37:16,2026-03-10 19:37:16,Delhivery B2B,249788.37,Delivered
SHIP001165,PO003439,SUP00078,PLT0025,2026-04-01 21:10:51,2026-05-29 21:10:51,2026-05-26 21:10:51,Maersk,22220.27,Delivered
SHIP001166,PO001101,SUP00135,PLT0001,2026-04-17 17:45:07,2026-05-28 17:45:07,2026-05-29 17:45:07,DHL,181847.23,Delivered Late
SHIP001167,PO003467,SUP00035,PLT0008,2026-05-11 02:48:51,2026-06-22 02:48:51,2026-06-21 02:48:51,BlueDart Cargo,496351.81,Delivered
SHIP001168,PO000910,SUP00029,PLT0013,2026-01-13 00:12:56,2026-03-11 00:12:56,2026-03-11 00:12:56,Delhivery B2B,994143.73,Delivered
SHIP001169,PO000594,SUP00050,PLT0017,2026-01-05 04:34:32,2026-02-03 04:34:32,2026-02-03 04:34:32,Maersk,1283874.91,Delivered
SHIP001170,PO003007,SUP00031,PLT0027,2026-03-10 08:59:27,2026-05-04 08:59:27,2026-05-02 08:59:27,DB Schenker,88270.44,Delivered
SHIP001171,PO000206,SUP00121,PLT0005,2026-05-12 16:20:30,2026-05-18 16:20:30,2026-05-15 16:20:30,DB Schenker,5379.96,Delivered
SHIP001172,PO003079,SUP00026,PLT0021,2026-01-14 16:14:44,2026-03-13 16:14:44,2026-03-10 16:14:44,Kuehne+Nagel,9120.81,Delivered
SHIP001173,PO004472,SUP00031,PLT0013,2026-04-10 13:13:22,2026-06-06 13:13:22,2026-06-05 13:13:22,Maersk,1356003.5,Delivered
SHIP001174,PO003639,SUP00121,PLT0002,2026-03-24 13:59:45,2026-03-30 13:59:45,2026-03-30 13:59:45,DB Schenker,253683.89,Delivered
SHIP001175,PO003839,SUP00092,PLT0009,2026-02-16 06:05:33,2026-03-31 06:05:33,2026-04-10 06:05:33,Kuehne+Nagel,279477.07,Delivered Late
SHIP001176,PO001639,SUP00199,PLT0013,2026-04-27 08:26:44,2026-05-07 08:26:44,2026-05-04 08:26:44,Maersk,1015821.75,Delivered
SHIP001177,PO002698,SUP00180,PLT0011,2026-05-22 21:22:07,2026-06-02 21:22:07,2026-06-02 21:22:07,FedEx Freight,42840.61,Delivered
SHIP001178,PO000018,SUP00109,PLT0022,2026-04-27 19:01:18,2026-05-06 19:01:18,2026-05-06 19:01:18,Maersk,110442.67,Delivered
SHIP001179,PO003402,SUP00078,PLT0020,2026-02-20 02:47:30,2026-04-16 02:47:30,2026-04-14 02:47:30,FedEx Freight,22499.76,Delivered
SHIP001180,PO003943,SUP00030,PLT0004,2026-03-07 10:35:38,2026-04-05 10:35:38,2026-04-03 10:35:38,Kuehne+Nagel,368221.94,Delivered
SHIP001181,PO004945,SUP00032,PLT0003,2026-05-17 10:16:52,2026-06-27 10:16:52,2026-06-24 10:16:52,BlueDart Cargo,38012.47,Delivered
SHIP001182,PO002255,SUP00160,PLT0022,2026-02-13 08:47:09,2026-02-18 08:47:09,2026-02-18 08:47:09,Kuehne+Nagel,478444.47,Delivered
SHIP001183,PO001009,SUP00028,PLT0021,2026-06-16 00:44:23,2026-06-20 00:44:23,2026-06-20 00:44:23,FedEx Freight,279172.6,Delivered
SHIP001184,PO000008,SUP00087,PLT0027,2026-02-14 23:31:21,2026-03-26 23:31:21,2026-03-26 23:31:21,DB Schenker,46347.18,Delivered
SHIP001185,PO002617,SUP00032,PLT0027,2026-03-20 05:10:10,2026-04-30 05:10:10,2026-05-01 05:10:10,Kuehne+Nagel,449693.19,Delivered Late
SHIP001186,PO001862,SUP00106,PLT0009,2026-04-07 02:10:58,2026-04-15 02:10:58,2026-04-14 02:10:58,DHL,362152.48,Delivered
SHIP001187,PO001996,SUP00164,PLT0024,2026-07-03 04:33:04,2026-07-06 04:33:04,2026-07-06 04:33:04,Delhivery B2B,2647.21,Delivered
SHIP001188,PO000996,SUP00084,PLT0005,2026-04-14 17:23:39,2026-04-20 17:23:39,2026-04-17 17:23:39,BlueDart Cargo,70070.69,Delivered
SHIP001189,PO004399,SUP00022,PLT0000,2026-02-13 20:47:59,2026-03-28 20:47:59,2026-03-25 20:47:59,DB Schenker,1327410.26,Delivered
SHIP001190,PO003058,SUP00039,PLT0027,2026-06-26 00:02:22,2026-07-05 00:02:22,,DB Schenker,376805.57,Delayed
SHIP001191,PO002720,SUP00158,PLT0021,2026-05-12 08:10:38,2026-05-17 08:10:38,2026-05-15 08:10:38,BlueDart Cargo,34023.28,Delivered
SHIP001192,PO001563,SUP00030,PLT0008,2026-02-14 20:02:33,2026-03-13 20:02:33,2026-03-10 20:02:33,Kuehne+Nagel,305309.7,Delivered
SHIP001193,PO001978,SUP00179,PLT0005,2026-05-27 14:34:25,2026-06-22 14:34:25,2026-06-22 14:34:25,Delhivery B2B,156078.76,Delivered
SHIP001194,PO003114,SUP00051,PLT0021,2026-02-22 16:53:48,2026-02-25 16:53:48,2026-02-22 16:53:48,Delhivery B2B,461517.85,Delivered
SHIP001195,PO004908,SUP00195,PLT0018,2026-04-05 06:51:07,2026-04-16 06:51:07,2026-04-13 06:51:07,BlueDart Cargo,188250.24,Delivered
SHIP001196,PO002079,SUP00077,PLT0027,2026-04-11 07:24:47,2026-05-22 07:24:47,2026-05-19 07:24:47,BlueDart Cargo,261815.66,Delivered
SHIP001197,PO001457,SUP00157,PLT0008,2026-03-06 03:03:27,2026-04-19 03:03:27,2026-04-18 03:03:27,Maersk,431531.62,Delivered
SHIP001198,PO002382,SUP00106,PLT0020,2026-03-21 23:38:53,2026-03-26 23:38:53,2026-03-24 23:38:53,Delhivery B2B,472299.78,Delivered
SHIP001199,PO002125,SUP00041,PLT0029,2026-02-04 17:11:44,2026-02-13 17:11:44,2026-02-13 17:11:44,DB Schenker,3586.38,Delivered
SHIP001200,PO001809,SUP00185,PLT0009,2026-04-01 06:54:19,2026-05-26 06:54:19,2026-05-26 06:54:19,Delhivery B2B,31960.57,Delivered
SHIP001201,PO004846,SUP00118,PLT0006,2026-01-22 02:13:24,2026-01-29 02:13:24,2026-02-09 02:13:24,FedEx Freight,101119.11,Delivered Late
SHIP001202,PO001992,SUP00034,PLT0021,2026-03-17 19:58:46,2026-04-14 19:58:46,2026-04-12 19:58:46,DHL,248601.81,Delivered
SHIP001203,PO004158,SUP00157,PLT0003,2026-01-23 11:49:08,2026-03-08 11:49:08,2026-03-06 11:49:08,DHL,905540.7,Delivered
SHIP001204,PO003926,SUP00030,PLT0000,2026-05-21 13:51:00,2026-06-15 13:51:00,2026-06-12 13:51:00,Delhivery B2B,172107.99,Delivered
SHIP001205,PO004728,SUP00194,PLT0001,2026-03-27 05:55:59,2026-04-14 05:55:59,2026-04-13 05:55:59,Maersk,54815.63,Delivered
SHIP001206,PO003734,SUP00135,PLT0019,2026-03-11 17:44:19,2026-04-24 17:44:19,2026-04-29 17:44:19,DB Schenker,61766.65,Delivered Late
SHIP001207,PO003010,SUP00152,PLT0022,2026-03-07 02:00:56,2026-03-27 02:00:56,2026-03-27 02:00:56,FedEx Freight,333519.69,Delivered
SHIP001208,PO001299,SUP00099,PLT0000,2026-05-02 13:45:44,2026-06-27 13:45:44,2026-06-24 13:45:44,Delhivery B2B,407101.33,Delivered
SHIP001209,PO001916,SUP00041,PLT0000,2026-01-18 23:29:42,2026-01-24 23:29:42,2026-01-30 23:29:42,DB Schenker,5386.31,Delivered Late
SHIP001210,PO003442,SUP00016,PLT0000,2026-05-08 00:19:35,2026-05-24 00:19:35,2026-05-21 00:19:35,BlueDart Cargo,26512.11,Delivered
SHIP001211,PO000959,SUP00051,PLT0020,2026-06-13 16:01:59,2026-06-17 16:01:59,2026-06-15 16:01:59,Kuehne+Nagel,145094.66,Delivered
SHIP001212,PO000926,SUP00007,PLT0022,2026-02-02 23:38:16,2026-02-12 23:38:16,2026-02-11 23:38:16,Delhivery B2B,154494.0,Delivered
SHIP001213,PO004986,SUP00093,PLT0028,2026-03-22 14:04:53,2026-03-28 14:04:53,2026-03-27 14:04:53,Maersk,269188.66,Delivered
SHIP001214,PO004616,SUP00084,PLT0025,2026-01-06 12:52:37,2026-01-10 12:52:37,2026-01-07 12:52:37,DHL,227108.32,Delivered
SHIP001215,PO003831,SUP00103,PLT0026,2026-05-28 08:22:32,2026-06-10 08:22:32,2026-06-09 08:22:32,Delhivery B2B,286680.35,Delivered
SHIP001216,PO002054,SUP00087,PLT0027,2026-01-20 00:15:07,2026-03-04 00:15:07,2026-03-03 00:15:07,Kuehne+Nagel,187180.73,Delivered
SHIP001217,PO000867,SUP00123,PLT0002,2026-04-02 12:20:53,2026-05-30 12:20:53,2026-05-28 12:20:53,BlueDart Cargo,47936.11,Delivered
SHIP001218,PO002043,SUP00155,PLT0009,2026-03-05 11:15:20,2026-03-21 11:15:20,2026-03-18 11:15:20,BlueDart Cargo,307575.67,Delivered
SHIP001219,PO003136,SUP00155,PLT0014,2026-04-27 18:44:18,2026-05-13 18:44:18,2026-05-25 18:44:18,DHL,254726.15,Delivered Late
SHIP001220,PO002415,SUP00032,PLT0006,2026-02-13 01:46:43,2026-03-29 01:46:43,2026-03-26 01:46:43,FedEx Freight,228102.48,Delivered
SHIP001221,PO000152,SUP00170,PLT0027,2026-04-27 23:42:43,2026-05-09 23:42:43,2026-05-06 23:42:43,Delhivery B2B,183461.33,Delivered
SHIP001222,PO000755,SUP00130,PLT0009,2026-01-07 09:50:01,2026-03-06 09:50:01,2026-03-03 09:50:01,Kuehne+Nagel,660647.85,Delivered
SHIP001223,PO001010,SUP00066,PLT0022,2026-03-15 00:02:02,2026-04-26 00:02:02,2026-04-25 00:02:02,BlueDart Cargo,164184.34,Delivered
SHIP001224,PO002187,SUP00077,PLT0003,2026-05-16 20:41:37,2026-06-28 20:41:37,2026-06-26 20:41:37,FedEx Freight,334382.74,Delivered
SHIP001225,PO002962,SUP00025,PLT0011,2026-03-02 16:14:17,2026-03-28 16:14:17,2026-03-26 16:14:17,Kuehne+Nagel,342246.92,Delivered
SHIP001226,PO004928,SUP00156,PLT0001,2026-03-06 19:31:28,2026-03-12 19:31:28,2026-03-10 19:31:28,FedEx Freight,624282.83,Delivered
SHIP001227,PO004467,SUP00029,PLT0004,2026-03-31 16:41:44,2026-05-27 16:41:44,2026-05-26 16:41:44,FedEx Freight,496070.85,Delivered
SHIP001228,PO003745,SUP00116,PLT0014,2026-03-19 03:05:36,2026-04-06 03:05:36,2026-04-09 03:05:36,DHL,40909.35,Delivered Late
SHIP001229,PO001192,SUP00012,PLT0000,2026-01-07 15:14:45,2026-02-01 15:14:45,2026-01-31 15:14:45,FedEx Freight,60455.55,Delivered
SHIP001230,PO003200,SUP00060,PLT0004,2026-01-30 05:49:23,2026-03-28 05:49:23,2026-03-28 05:49:23,FedEx Freight,2827.24,Delivered
SHIP001231,PO002764,SUP00039,PLT0019,2026-03-28 05:05:45,2026-04-06 05:05:45,2026-04-05 05:05:45,Kuehne+Nagel,111562.5,Delivered
SHIP001232,PO004938,SUP00049,PLT0028,2026-02-12 16:49:39,2026-02-16 16:49:39,2026-02-13 16:49:39,Kuehne+Nagel,54481.37,Delivered
SHIP001233,PO001337,SUP00145,PLT0019,2026-01-09 17:50:25,2026-03-05 17:50:25,2026-03-03 17:50:25,Delhivery B2B,95038.9,Delivered
SHIP001234,PO001789,SUP00083,PLT0009,2026-04-30 05:13:29,2026-06-28 05:13:29,2026-06-25 05:13:29,DB Schenker,327683.85,Delivered
SHIP001235,PO004197,SUP00001,PLT0000,2026-01-09 19:50:46,2026-02-18 19:50:46,2026-02-17 19:50:46,DHL,122317.42,Delivered
SHIP001236,PO004746,SUP00039,PLT0023,2026-03-09 23:21:37,2026-03-20 23:21:37,2026-03-20 23:21:37,Maersk,625272.97,Delivered
SHIP001237,PO004927,SUP00056,PLT0029,2026-05-15 18:39:06,2026-07-09 18:39:06,2026-07-12 18:39:06,Delhivery B2B,47751.19,Delivered Late
SHIP001238,PO004809,SUP00162,PLT0015,2026-04-08 09:38:19,2026-04-10 09:38:19,2026-04-08 09:38:19,DB Schenker,696934.26,Delivered
SHIP001239,PO003406,SUP00195,PLT0022,2026-03-30 15:26:08,2026-04-08 15:26:08,2026-04-08 15:26:08,Kuehne+Nagel,1497505.31,Delivered
SHIP001240,PO001878,SUP00145,PLT0028,2026-03-26 02:00:08,2026-05-20 02:00:08,2026-05-18 02:00:08,Kuehne+Nagel,343488.52,Delivered
SHIP001241,PO004850,SUP00177,PLT0015,2026-03-10 06:42:36,2026-03-26 06:42:36,2026-03-23 06:42:36,Kuehne+Nagel,137857.86,Delivered
SHIP001242,PO003121,SUP00075,PLT0017,2026-04-12 19:36:17,2026-06-08 19:36:17,2026-06-07 19:36:17,Kuehne+Nagel,30821.84,Delivered
SHIP001243,PO000429,SUP00165,PLT0006,2026-05-01 04:47:00,2026-06-10 04:47:00,2026-06-16 04:47:00,Delhivery B2B,130534.62,Delivered Late
SHIP001244,PO002506,SUP00038,PLT0021,2026-04-15 19:02:03,2026-06-11 19:02:03,2026-06-09 19:02:03,Delhivery B2B,179804.37,Delivered
SHIP001245,PO000691,SUP00076,PLT0018,2026-02-02 04:38:15,2026-02-13 04:38:15,2026-02-12 04:38:15,Delhivery B2B,21452.51,Delivered
SHIP001246,PO001897,SUP00182,PLT0006,2026-03-06 22:30:50,2026-04-04 22:30:50,2026-04-02 22:30:50,DB Schenker,731904.08,Delivered
SHIP001247,PO003024,SUP00192,PLT0013,2026-02-13 16:31:35,2026-04-13 16:31:35,2026-04-13 16:31:35,Maersk,52913.56,Delivered
SHIP001248,PO003629,SUP00064,PLT0013,2026-03-23 07:11:00,2026-05-18 07:11:00,2026-05-18 07:11:00,Kuehne+Nagel,536439.28,Delivered
SHIP001249,PO002148,SUP00041,PLT0017,2026-02-27 15:15:03,2026-03-08 15:15:03,2026-03-07 15:15:03,Kuehne+Nagel,219282.98,Delivered
SHIP001250,PO000490,SUP00145,PLT0000,2026-02-04 03:29:54,2026-04-02 03:29:54,2026-03-31 03:29:54,Kuehne+Nagel,415282.68,Delivered
SHIP001251,PO000628,SUP00077,PLT0024,2026-03-17 13:24:17,2026-04-28 13:24:17,2026-04-28 13:24:17,DHL,98746.92,Delivered
SHIP001252,PO004777,SUP00147,PLT0001,2026-06-16 04:54:33,2026-06-20 04:54:33,2026-06-20 04:54:33,BlueDart Cargo,445251.13,Delivered
SHIP001253,PO002771,SUP00173,PLT0028,2026-05-18 06:57:33,2026-05-26 06:57:33,2026-05-25 06:57:33,DHL,115778.4,Delivered
SHIP001254,PO003692,SUP00139,PLT0003,2026-01-14 06:10:04,2026-01-23 06:10:04,2026-01-23 06:10:04,Kuehne+Nagel,1049337.92,Delivered
SHIP001255,PO000179,SUP00123,PLT0016,2026-02-07 07:24:32,2026-04-03 07:24:32,2026-04-18 07:24:32,Kuehne+Nagel,119450.21,Delivered Late
SHIP001256,PO001889,SUP00112,PLT0028,2026-06-06 21:30:49,2026-07-05 21:30:49,2026-07-04 21:30:49,Maersk,1126534.2,Delivered
SHIP001257,PO004047,SUP00072,PLT0022,2026-03-21 12:39:11,2026-05-19 12:39:11,2026-05-16 12:39:11,Delhivery B2B,347191.99,Delivered
SHIP001258,PO002588,SUP00145,PLT0005,2026-04-10 03:25:07,2026-06-05 03:25:07,2026-06-05 03:25:07,DB Schenker,192689.33,Delivered
SHIP001259,PO004364,SUP00109,PLT0021,2026-04-06 20:18:26,2026-04-12 20:18:26,2026-04-10 20:18:26,Maersk,60154.04,Delivered
SHIP001260,PO000633,SUP00054,PLT0011,2026-02-08 17:38:18,2026-03-24 17:38:18,2026-03-29 17:38:18,Kuehne+Nagel,1007220.13,Delivered Late
SHIP001261,PO001146,SUP00052,PLT0016,2026-02-18 04:40:02,2026-03-15 04:40:02,2026-03-14 04:40:02,DHL,809222.3,Delivered
SHIP001262,PO002215,SUP00147,PLT0028,2026-03-31 09:24:18,2026-04-04 09:24:18,2026-04-03 09:24:18,Maersk,26375.13,Delivered
SHIP001263,PO000147,SUP00141,PLT0026,2026-04-04 00:23:46,2026-05-18 00:23:46,2026-05-15 00:23:46,Maersk,166620.51,Delivered
SHIP001264,PO003601,SUP00104,PLT0016,2026-04-12 20:22:44,2026-04-17 20:22:44,2026-04-15 20:22:44,Maersk,287725.72,Delivered
SHIP001265,PO002352,SUP00088,PLT0010,2026-04-13 12:26:08,2026-05-11 12:26:08,2026-05-11 12:26:08,Maersk,1453339.73,Delivered
SHIP001266,PO003266,SUP00193,PLT0010,2026-05-23 05:24:53,2026-05-29 05:24:53,2026-05-28 05:24:53,Delhivery B2B,780217.94,Delivered
SHIP001267,PO002513,SUP00105,PLT0028,2026-03-22 12:37:08,2026-04-08 12:37:08,2026-04-20 12:37:08,DB Schenker,5661.67,Delivered Late
SHIP001268,PO001446,SUP00031,PLT0026,2026-04-26 20:57:18,2026-06-24 20:57:18,2026-07-06 20:57:18,FedEx Freight,792949.81,Delivered Late
SHIP001269,PO000648,SUP00071,PLT0003,2026-02-06 01:55:38,2026-04-05 01:55:38,2026-04-03 01:55:38,Kuehne+Nagel,953209.76,Delivered
SHIP001270,PO000654,SUP00007,PLT0014,2026-02-23 13:31:23,2026-03-05 13:31:23,2026-03-04 13:31:23,Kuehne+Nagel,578308.31,Delivered
SHIP001271,PO001073,SUP00041,PLT0018,2026-06-25 00:52:10,2026-07-03 00:52:10,2026-07-09 00:52:10,FedEx Freight,469496.59,Delivered Late
SHIP001272,PO004582,SUP00162,PLT0025,2026-03-21 00:56:15,2026-03-26 00:56:15,2026-03-24 00:56:15,Kuehne+Nagel,45667.85,Delivered
SHIP001273,PO000544,SUP00097,PLT0029,2026-05-29 22:18:34,2026-06-05 22:18:34,2026-06-04 22:18:34,DHL,17741.22,Delivered
SHIP001274,PO004026,SUP00132,PLT0010,2026-01-26 17:19:43,2026-02-07 17:19:43,2026-02-04 17:19:43,Delhivery B2B,115359.47,Delivered
SHIP001275,PO001861,SUP00132,PLT0005,2026-02-04 04:59:25,2026-02-14 04:59:25,2026-02-14 04:59:25,Kuehne+Nagel,1053177.3,Delivered
SHIP001276,PO004268,SUP00069,PLT0000,2026-03-24 02:10:37,2026-04-06 02:10:37,2026-04-04 02:10:37,Delhivery B2B,166137.46,Delivered
SHIP001277,PO004625,SUP00013,PLT0010,2026-05-12 12:39:50,2026-05-31 12:39:50,2026-05-28 12:39:50,Maersk,246662.7,Delivered
SHIP001278,PO000474,SUP00126,PLT0020,2026-02-03 13:00:06,2026-02-21 13:00:06,2026-02-19 13:00:06,Maersk,658218.77,Delivered
SHIP001279,PO003563,SUP00181,PLT0019,2026-02-06 16:35:43,2026-02-18 16:35:43,2026-02-18 16:35:43,Maersk,621809.28,Delivered
SHIP001280,PO001842,SUP00089,PLT0007,2026-02-18 04:07:49,2026-03-08 04:07:49,2026-03-08 04:07:49,Kuehne+Nagel,227556.93,Delivered
SHIP001281,PO004949,SUP00130,PLT0024,2026-03-30 07:47:30,2026-05-24 07:47:30,2026-05-23 07:47:30,Kuehne+Nagel,71687.79,Delivered
SHIP001282,PO001005,SUP00163,PLT0022,2026-06-05 07:25:28,2026-06-09 07:25:28,2026-06-07 07:25:28,Delhivery B2B,138858.24,Delivered
SHIP001283,PO003678,SUP00173,PLT0010,2026-05-08 11:28:14,2026-05-17 11:28:14,2026-05-30 11:28:14,FedEx Freight,340836.09,Delivered Late
SHIP001284,PO003879,SUP00025,PLT0004,2026-03-24 05:02:54,2026-04-22 05:02:54,2026-04-19 05:02:54,DB Schenker,30047.71,Delivered
SHIP001285,PO000619,SUP00117,PLT0018,2026-01-26 20:57:10,2026-03-10 20:57:10,2026-03-09 20:57:10,DB Schenker,771457.75,Delivered
SHIP001286,PO000222,SUP00082,PLT0003,2026-02-01 08:20:00,2026-02-08 08:20:00,2026-02-21 08:20:00,Maersk,370337.29,Delivered Late
SHIP001287,PO000323,SUP00083,PLT0023,2026-02-25 14:40:27,2026-04-24 14:40:27,2026-04-24 14:40:27,DHL,453345.06,Delivered
SHIP001288,PO001949,SUP00196,PLT0019,2026-04-03 21:28:59,2026-04-22 21:28:59,2026-04-27 21:28:59,BlueDart Cargo,10462.94,Delivered Late
SHIP001289,PO003486,SUP00108,PLT0026,2026-03-07 12:34:09,2026-05-05 12:34:09,2026-05-03 12:34:09,DHL,858153.88,Delivered
SHIP001290,PO002977,SUP00124,PLT0012,2026-05-11 12:57:45,2026-06-07 12:57:45,2026-06-12 12:57:45,FedEx Freight,696530.56,Delivered Late
SHIP001291,PO002839,SUP00054,PLT0027,2026-05-27 20:38:01,2026-07-08 20:38:01,2026-07-06 20:38:01,FedEx Freight,672313.0,Delivered
SHIP001292,PO004871,SUP00116,PLT0029,2026-06-17 05:14:49,2026-07-03 05:14:49,2026-07-03 05:14:49,Delhivery B2B,10342.25,Delivered
SHIP001293,PO004791,SUP00063,PLT0027,2026-05-28 19:59:09,2026-06-24 19:59:09,2026-07-03 19:59:09,DHL,406076.6,Delivered Late
SHIP001294,PO000260,SUP00000,PLT0028,2026-05-26 11:41:38,2026-05-31 11:41:38,2026-05-29 11:41:38,BlueDart Cargo,107318.56,Delivered
SHIP001295,PO000460,SUP00120,PLT0022,2026-04-14 08:09:56,2026-06-10 08:09:56,2026-06-07 08:09:56,Delhivery B2B,642724.22,Delivered
SHIP001296,PO003898,SUP00014,PLT0013,2026-03-12 05:31:45,2026-03-18 05:31:45,2026-03-17 05:31:45,BlueDart Cargo,151248.55,Delivered
SHIP001297,PO004260,SUP00088,PLT0020,2026-01-14 12:37:35,2026-02-12 12:37:35,2026-02-19 12:37:35,DHL,46746.62,Delivered Late
SHIP001298,PO004043,SUP00050,PLT0010,2026-05-24 10:20:59,2026-06-22 10:20:59,2026-06-21 10:20:59,DB Schenker,1060326.23,Delivered
SHIP001299,PO001352,SUP00022,PLT0021,2026-02-02 16:35:01,2026-03-14 16:35:01,2026-03-12 16:35:01,DHL,53663.11,Delivered
SHIP001300,PO001363,SUP00113,PLT0019,2026-04-18 10:37:05,2026-06-16 10:37:05,2026-06-14 10:37:05,DB Schenker,1288603.97,Delivered
SHIP001301,PO002840,SUP00100,PLT0022,2026-04-21 16:57:34,2026-06-04 16:57:34,2026-06-03 16:57:34,Maersk,706161.45,Delivered
SHIP001302,PO001603,SUP00002,PLT0001,2026-01-21 02:46:54,2026-01-24 02:46:54,2026-01-23 02:46:54,DB Schenker,1373294.51,Delivered
SHIP001303,PO004603,SUP00183,PLT0008,2026-02-27 21:11:48,2026-03-24 21:11:48,2026-04-03 21:11:48,Delhivery B2B,169299.58,Delivered Late
SHIP001304,PO004246,SUP00133,PLT0010,2026-01-25 15:06:48,2026-03-07 15:06:48,2026-03-04 15:06:48,Maersk,250198.85,Delivered
SHIP001305,PO004163,SUP00079,PLT0028,2026-02-03 23:38:01,2026-02-09 23:38:01,2026-02-09 23:38:01,Kuehne+Nagel,593834.48,Delivered
SHIP001306,PO001205,SUP00003,PLT0015,2026-04-04 16:45:27,2026-04-11 16:45:27,2026-04-22 16:45:27,DHL,25444.16,Delivered Late
SHIP001307,PO001965,SUP00063,PLT0024,2026-04-04 07:12:24,2026-05-01 07:12:24,2026-04-29 07:12:24,BlueDart Cargo,9406.33,Delivered
SHIP001308,PO001014,SUP00022,PLT0026,2026-01-10 10:35:04,2026-02-20 10:35:04,2026-02-18 10:35:04,DHL,158966.2,Delivered
SHIP001309,PO001508,SUP00107,PLT0022,2026-01-16 08:58:22,2026-02-02 08:58:22,2026-01-31 08:58:22,Maersk,734442.18,Delivered
SHIP001310,PO004440,SUP00104,PLT0024,2026-01-31 05:41:53,2026-02-06 05:41:53,2026-02-21 05:41:53,Maersk,466141.31,Delivered Late
SHIP001311,PO000176,SUP00109,PLT0009,2026-02-02 14:26:58,2026-02-11 14:26:58,2026-02-10 14:26:58,FedEx Freight,26603.63,Delivered
SHIP001312,PO003645,SUP00184,PLT0027,2026-03-25 17:04:49,2026-04-07 17:04:49,2026-04-08 17:04:49,Maersk,65559.67,Delivered Late
SHIP001313,PO004785,SUP00115,PLT0024,2026-04-18 00:13:52,2026-04-30 00:13:52,2026-04-29 00:13:52,BlueDart Cargo,698064.47,Delivered
SHIP001314,PO001856,SUP00072,PLT0014,2026-02-26 17:25:50,2026-04-24 17:25:50,2026-04-24 17:25:50,DHL,612612.13,Delivered
SHIP001315,PO002930,SUP00112,PLT0013,2026-01-06 13:43:55,2026-02-02 13:43:55,2026-01-30 13:43:55,FedEx Freight,180581.68,Delivered
SHIP001316,PO004911,SUP00008,PLT0010,2026-04-28 14:21:40,2026-05-04 14:21:40,2026-05-12 14:21:40,DHL,3441.48,Delivered Late
SHIP001317,PO003549,SUP00189,PLT0025,2026-04-01 14:42:05,2026-05-14 14:42:05,2026-05-22 14:42:05,DHL,1711.67,Delivered Late
SHIP001318,PO001216,SUP00129,PLT0006,2026-02-05 16:21:37,2026-04-02 16:21:37,2026-04-01 16:21:37,Kuehne+Nagel,230121.97,Delivered
SHIP001319,PO001066,SUP00099,PLT0022,2026-05-02 05:05:29,2026-06-28 05:05:29,2026-06-27 05:05:29,DB Schenker,744044.73,Delivered
SHIP001320,PO002833,SUP00002,PLT0002,2026-01-07 16:04:27,2026-01-12 16:04:27,2026-01-13 16:04:27,BlueDart Cargo,15948.8,Delivered Late
SHIP001321,PO002477,SUP00177,PLT0008,2026-06-01 01:46:32,2026-06-19 01:46:32,2026-06-16 01:46:32,Maersk,244664.54,Delivered
SHIP001322,PO003233,SUP00013,PLT0003,2026-03-18 17:35:46,2026-04-04 17:35:46,2026-04-03 17:35:46,DHL,302257.94,Delivered
SHIP001323,PO003742,SUP00146,PLT0005,2026-06-21 02:26:42,2026-07-09 02:26:42,2026-07-08 02:26:42,FedEx Freight,806428.58,Delivered
SHIP001324,PO004531,SUP00007,PLT0019,2026-04-04 16:23:29,2026-04-15 16:23:29,2026-04-13 16:23:29,Delhivery B2B,167687.53,Delivered
SHIP001325,PO002081,SUP00007,PLT0002,2026-02-27 12:23:23,2026-03-12 12:23:23,2026-03-11 12:23:23,DHL,390500.0,Delivered
SHIP001326,PO002308,SUP00063,PLT0006,2026-01-21 06:32:19,2026-02-18 06:32:19,2026-02-17 06:32:19,Kuehne+Nagel,510791.44,Delivered
SHIP001327,PO000173,SUP00071,PLT0008,2026-01-19 14:57:38,2026-03-19 14:57:38,2026-03-18 14:57:38,FedEx Freight,285393.59,Delivered
SHIP001328,PO003217,SUP00050,PLT0025,2026-04-30 23:07:38,2026-05-28 23:07:38,2026-05-25 23:07:38,DHL,490046.94,Delivered
SHIP001329,PO002905,SUP00099,PLT0016,2026-01-26 09:25:56,2026-03-25 09:25:56,2026-03-25 09:25:56,Kuehne+Nagel,3397.13,Delivered
SHIP001330,PO002010,SUP00152,PLT0015,2026-05-14 10:16:08,2026-05-31 10:16:08,2026-05-29 10:16:08,Kuehne+Nagel,196151.84,Delivered
SHIP001331,PO000509,SUP00032,PLT0016,2026-03-14 17:27:32,2026-04-24 17:27:32,2026-04-21 17:27:32,DB Schenker,55194.43,Delivered
SHIP001332,PO002871,SUP00017,PLT0019,2026-06-27 14:57:50,2026-07-03 14:57:50,,DB Schenker,19972.76,Delayed
SHIP001333,PO004335,SUP00032,PLT0025,2026-04-22 19:12:47,2026-06-03 19:12:47,2026-06-01 19:12:47,DB Schenker,17141.28,Delivered
SHIP001334,PO004463,SUP00117,PLT0005,2026-04-20 13:39:27,2026-06-01 13:39:27,2026-05-30 13:39:27,DB Schenker,491183.4,Delivered
SHIP001335,PO002571,SUP00007,PLT0019,2026-06-07 09:52:42,2026-06-16 09:52:42,2026-06-16 09:52:42,Delhivery B2B,990301.32,Delivered
SHIP001336,PO003846,SUP00192,PLT0024,2026-04-02 09:28:37,2026-05-27 09:28:37,2026-05-26 09:28:37,Delhivery B2B,1362812.29,Delivered
SHIP001337,PO002127,SUP00034,PLT0025,2026-02-21 00:10:08,2026-03-21 00:10:08,2026-04-02 00:10:08,DB Schenker,510669.7,Delivered Late
SHIP001338,PO004688,SUP00183,PLT0008,2026-04-02 15:28:51,2026-04-30 15:28:51,2026-04-27 15:28:51,Maersk,354087.12,Delivered
SHIP001339,PO003025,SUP00068,PLT0012,2026-03-14 05:09:54,2026-04-11 05:09:54,2026-04-11 05:09:54,DHL,854071.03,Delivered
SHIP001340,PO002915,SUP00030,PLT0004,2026-05-23 21:21:54,2026-06-17 21:21:54,2026-06-17 21:21:54,FedEx Freight,373748.38,Delivered
SHIP001341,PO002110,SUP00170,PLT0029,2026-01-13 04:18:11,2026-01-22 04:18:11,2026-01-22 04:18:11,BlueDart Cargo,33666.0,Delivered
SHIP001342,PO000214,SUP00037,PLT0016,2026-01-17 15:11:03,2026-01-26 15:11:03,2026-01-23 15:11:03,DB Schenker,21678.77,Delivered
SHIP001343,PO000962,SUP00141,PLT0025,2026-01-29 23:10:08,2026-03-10 23:10:08,2026-03-09 23:10:08,Delhivery B2B,271594.13,Delivered
SHIP001344,PO004899,SUP00043,PLT0003,2026-01-05 07:32:06,2026-03-03 07:32:06,2026-03-03 07:32:06,Maersk,400176.93,Delivered
SHIP001345,PO003318,SUP00117,PLT0024,2026-03-25 18:44:04,2026-05-08 18:44:04,2026-05-05 18:44:04,Kuehne+Nagel,285831.84,Delivered
SHIP001346,PO000678,SUP00070,PLT0019,2026-02-06 17:25:08,2026-03-18 17:25:08,2026-03-18 17:25:08,BlueDart Cargo,62227.13,Delivered
SHIP001347,PO004056,SUP00128,PLT0012,2026-01-12 22:44:22,2026-01-28 22:44:22,2026-02-07 22:44:22,DHL,42491.87,Delivered Late
SHIP001348,PO003077,SUP00167,PLT0000,2026-04-19 13:55:33,2026-04-28 13:55:33,2026-04-25 13:55:33,DB Schenker,965060.98,Delivered
SHIP001349,PO002357,SUP00088,PLT0021,2026-05-23 08:46:04,2026-06-21 08:46:04,2026-06-21 08:46:04,DHL,38149.69,Delivered
SHIP001350,PO003476,SUP00137,PLT0007,2026-06-22 23:06:40,2026-07-03 23:06:40,2026-07-02 23:06:40,DB Schenker,45234.39,Delivered
SHIP001351,PO000555,SUP00110,PLT0007,2026-04-05 04:19:50,2026-04-18 04:19:50,2026-04-17 04:19:50,Kuehne+Nagel,36799.12,Delivered
SHIP001352,PO004926,SUP00025,PLT0022,2026-05-03 11:21:49,2026-05-29 11:21:49,2026-05-28 11:21:49,DHL,6682.61,Delivered
SHIP001353,PO002762,SUP00031,PLT0028,2026-03-25 13:20:13,2026-05-22 13:20:13,2026-05-20 13:20:13,DB Schenker,163913.46,Delivered
SHIP001354,PO002770,SUP00017,PLT0010,2026-01-13 00:48:20,2026-01-21 00:48:20,2026-02-03 00:48:20,Kuehne+Nagel,3712.66,Delivered Late
SHIP001355,PO002991,SUP00048,PLT0012,2026-04-30 20:47:07,2026-05-12 20:47:07,2026-05-11 20:47:07,FedEx Freight,155448.73,Delivered
SHIP001356,PO004089,SUP00110,PLT0008,2026-04-13 16:52:15,2026-04-23 16:52:15,2026-05-06 16:52:15,DB Schenker,171433.0,Delivered Late
SHIP001357,PO000039,SUP00007,PLT0016,2026-03-19 10:49:26,2026-03-28 10:49:26,2026-03-26 10:49:26,Delhivery B2B,96388.67,Delivered
SHIP001358,PO002294,SUP00087,PLT0005,2026-01-20 23:13:38,2026-03-04 23:13:38,2026-03-02 23:13:38,DHL,378421.98,Delivered
SHIP001359,PO000878,SUP00143,PLT0025,2026-01-25 04:56:34,2026-03-08 04:56:34,2026-03-19 04:56:34,BlueDart Cargo,153645.4,Delivered Late
SHIP001360,PO000918,SUP00188,PLT0017,2026-03-18 02:58:54,2026-05-13 02:58:54,2026-05-13 02:58:54,FedEx Freight,2865.35,Delivered
SHIP001361,PO001239,SUP00017,PLT0002,2026-06-27 21:29:13,2026-07-05 21:29:13,2026-07-02 21:29:13,FedEx Freight,90108.5,Delivered
SHIP001362,PO004415,SUP00188,PLT0023,2026-02-21 16:52:37,2026-04-21 16:52:37,2026-04-18 16:52:37,Kuehne+Nagel,102633.44,Delivered
SHIP001363,PO002184,SUP00157,PLT0007,2026-04-12 09:35:05,2026-05-22 09:35:05,2026-05-20 09:35:05,BlueDart Cargo,521454.84,Delivered
SHIP001364,PO003771,SUP00166,PLT0019,2026-05-09 05:57:56,2026-05-28 05:57:56,2026-05-28 05:57:56,Maersk,137123.5,Delivered
SHIP001365,PO003298,SUP00028,PLT0023,2026-03-15 16:10:47,2026-03-20 16:10:47,2026-03-20 16:10:47,Delhivery B2B,1842.56,Delivered
SHIP001366,PO004538,SUP00115,PLT0026,2026-04-23 07:04:46,2026-05-04 07:04:46,2026-05-02 07:04:46,BlueDart Cargo,205924.74,Delivered
SHIP001367,PO003192,SUP00105,PLT0016,2026-06-05 17:06:11,2026-06-24 17:06:11,2026-06-21 17:06:11,Kuehne+Nagel,435207.05,Delivered
SHIP001368,PO003983,SUP00103,PLT0004,2026-06-12 09:34:02,2026-06-22 09:34:02,2026-06-21 09:34:02,Delhivery B2B,288570.15,Delivered
SHIP001369,PO002895,SUP00178,PLT0010,2026-02-06 19:26:27,2026-04-02 19:26:27,2026-03-30 19:26:27,DB Schenker,592947.98,Delivered
SHIP001370,PO001281,SUP00109,PLT0029,2026-01-06 21:22:50,2026-01-13 21:22:50,2026-01-11 21:22:50,BlueDart Cargo,92304.59,Delivered
SHIP001371,PO003235,SUP00198,PLT0021,2026-02-03 07:12:03,2026-03-01 07:12:03,2026-03-05 07:12:03,BlueDart Cargo,147833.6,Delivered Late
SHIP001372,PO004067,SUP00015,PLT0017,2026-04-13 11:27:20,2026-04-16 11:27:20,2026-05-01 11:27:20,Maersk,309290.95,Delivered Late
SHIP001373,PO003655,SUP00089,PLT0006,2026-05-17 18:51:21,2026-06-05 18:51:21,2026-06-04 18:51:21,Maersk,98236.43,Delivered
SHIP001374,PO003313,SUP00014,PLT0028,2026-05-23 11:35:20,2026-05-29 11:35:20,2026-05-28 11:35:20,Maersk,56529.65,Delivered
SHIP001375,PO004330,SUP00028,PLT0012,2026-02-15 19:00:29,2026-02-19 19:00:29,2026-02-18 19:00:29,Delhivery B2B,646395.09,Delivered
SHIP001376,PO002527,SUP00188,PLT0008,2026-04-16 11:55:57,2026-06-10 11:55:57,2026-06-16 11:55:57,BlueDart Cargo,776797.78,Delivered Late
SHIP001377,PO002561,SUP00137,PLT0002,2026-03-15 22:55:11,2026-03-27 22:55:11,2026-04-07 22:55:11,Kuehne+Nagel,201556.88,Delivered Late
SHIP001378,PO000795,SUP00051,PLT0028,2026-06-05 11:51:40,2026-06-10 11:51:40,2026-06-07 11:51:40,BlueDart Cargo,19188.66,Delivered
SHIP001379,PO000224,SUP00082,PLT0015,2026-05-28 02:54:56,2026-06-06 02:54:56,2026-06-04 02:54:56,Maersk,57016.57,Delivered
SHIP001380,PO003183,SUP00187,PLT0026,2026-04-15 15:23:56,2026-05-04 15:23:56,2026-05-01 15:23:56,Maersk,1416158.23,Delivered
SHIP001381,PO003441,SUP00078,PLT0027,2026-04-26 12:03:48,2026-06-22 12:03:48,2026-06-22 12:03:48,DHL,342133.19,Delivered
SHIP001382,PO000941,SUP00061,PLT0017,2026-03-11 19:05:15,2026-03-17 19:05:15,2026-04-01 19:05:15,DHL,138601.22,Delivered Late
SHIP001383,PO002087,SUP00087,PLT0017,2026-01-28 06:48:47,2026-03-09 06:48:47,2026-03-13 06:48:47,DB Schenker,608889.4,Delivered Late
SHIP001384,PO003506,SUP00198,PLT0021,2026-06-05 08:04:19,2026-06-30 08:04:19,2026-06-27 08:04:19,BlueDart Cargo,20822.07,Delivered
SHIP001385,PO000040,SUP00153,PLT0025,2026-04-14 14:05:36,2026-05-26 14:05:36,2026-05-26 14:05:36,DB Schenker,117788.32,Delivered
SHIP001386,PO000779,SUP00035,PLT0001,2026-02-20 14:49:02,2026-04-05 14:49:02,2026-04-05 14:49:02,FedEx Freight,870927.13,Delivered
SHIP001387,PO003078,SUP00173,PLT0003,2026-05-08 01:58:39,2026-05-14 01:58:39,2026-05-12 01:58:39,Kuehne+Nagel,182693.97,Delivered
SHIP001388,PO001512,SUP00033,PLT0013,2026-01-18 03:19:03,2026-01-26 03:19:03,2026-01-24 03:19:03,DB Schenker,742057.92,Delivered
SHIP001389,PO001103,SUP00063,PLT0023,2026-03-02 10:30:43,2026-03-29 10:30:43,2026-03-26 10:30:43,FedEx Freight,73952.41,Delivered
SHIP001390,PO000842,SUP00013,PLT0001,2026-06-11 08:44:54,2026-07-01 08:44:54,2026-06-29 08:44:54,FedEx Freight,106972.5,Delivered
SHIP001391,PO000431,SUP00182,PLT0012,2026-05-01 20:39:06,2026-05-27 20:39:06,2026-05-24 20:39:06,Kuehne+Nagel,185428.99,Delivered
SHIP001392,PO003386,SUP00145,PLT0009,2026-01-31 20:38:14,2026-03-29 20:38:14,2026-03-27 20:38:14,BlueDart Cargo,1077378.15,Delivered
SHIP001393,PO001021,SUP00019,PLT0007,2026-01-17 00:04:49,2026-03-13 00:04:49,2026-03-11 00:04:49,Maersk,305066.41,Delivered
SHIP001394,PO001806,SUP00198,PLT0013,2026-05-15 19:42:47,2026-06-10 19:42:47,2026-06-13 19:42:47,DHL,308223.91,Delivered Late
SHIP001395,PO003013,SUP00108,PLT0028,2026-02-06 20:45:15,2026-04-03 20:45:15,2026-04-18 20:45:15,BlueDart Cargo,46107.27,Delivered Late
SHIP001396,PO000901,SUP00145,PLT0024,2026-03-02 04:31:15,2026-04-26 04:31:15,2026-04-24 04:31:15,DHL,117927.2,Delivered
SHIP001397,PO000447,SUP00144,PLT0003,2026-04-24 17:51:33,2026-05-22 17:51:33,2026-05-21 17:51:33,FedEx Freight,421203.54,Delivered
SHIP001398,PO000618,SUP00143,PLT0007,2026-03-17 09:07:18,2026-04-29 09:07:18,2026-04-27 09:07:18,BlueDart Cargo,176287.72,Delivered
SHIP001399,PO004702,SUP00132,PLT0010,2026-05-06 22:13:04,2026-05-15 22:13:04,2026-05-12 22:13:04,BlueDart Cargo,436699.28,Delivered
SHIP001400,PO002339,SUP00032,PLT0024,2026-01-05 17:45:37,2026-02-18 17:45:37,2026-02-16 17:45:37,Maersk,91173.06,Delivered
SHIP001401,PO004064,SUP00021,PLT0020,2026-01-31 10:33:11,2026-02-27 10:33:11,2026-02-26 10:33:11,Kuehne+Nagel,221156.06,Delivered
SHIP001402,PO004253,SUP00000,PLT0009,2026-02-16 12:49:58,2026-02-22 12:49:58,2026-02-22 12:49:58,Maersk,290110.34,Delivered
SHIP001403,PO002844,SUP00026,PLT0006,2026-03-21 04:13:54,2026-05-17 04:13:54,2026-05-15 04:13:54,Delhivery B2B,114594.83,Delivered
SHIP001404,PO000118,SUP00003,PLT0021,2026-02-11 23:55:37,2026-02-17 23:55:37,2026-02-16 23:55:37,Maersk,1034347.06,Delivered
SHIP001405,PO003985,SUP00018,PLT0000,2026-01-30 20:49:19,2026-02-19 20:49:19,2026-02-18 20:49:19,Kuehne+Nagel,20840.76,Delivered
SHIP001406,PO004349,SUP00113,PLT0001,2026-03-25 11:08:22,2026-05-20 11:08:22,2026-05-19 11:08:22,FedEx Freight,321260.37,Delivered
SHIP001407,PO001108,SUP00032,PLT0009,2026-03-25 08:11:04,2026-05-05 08:11:04,2026-05-04 08:11:04,DB Schenker,485104.24,Delivered
SHIP001408,PO004832,SUP00179,PLT0008,2026-05-28 23:38:01,2026-06-26 23:38:01,2026-06-25 23:38:01,FedEx Freight,428900.65,Delivered
SHIP001409,PO002108,SUP00038,PLT0012,2026-01-24 16:26:10,2026-03-22 16:26:10,2026-03-22 16:26:10,DHL,320631.08,Delivered
SHIP001410,PO002567,SUP00019,PLT0006,2026-04-16 13:39:09,2026-06-12 13:39:09,2026-06-09 13:39:09,Maersk,894852.42,Delivered
SHIP001411,PO003515,SUP00049,PLT0017,2026-03-01 20:53:15,2026-03-05 20:53:15,2026-03-04 20:53:15,DHL,22621.01,Delivered
SHIP001412,PO003000,SUP00154,PLT0000,2026-06-08 04:49:06,2026-06-15 04:49:06,2026-06-15 04:49:06,Maersk,79728.83,Delivered
SHIP001413,PO002234,SUP00049,PLT0015,2026-03-16 18:34:25,2026-03-19 18:34:25,2026-04-01 18:34:25,FedEx Freight,1059715.65,Delivered Late
SHIP001414,PO000443,SUP00096,PLT0026,2026-05-15 14:48:47,2026-05-21 14:48:47,2026-05-18 14:48:47,Maersk,856874.7,Delivered
SHIP001415,PO003158,SUP00081,PLT0014,2026-01-19 00:57:01,2026-02-05 00:57:01,2026-02-03 00:57:01,DHL,66133.03,Delivered
SHIP001416,PO004250,SUP00004,PLT0027,2026-04-13 18:11:05,2026-05-09 18:11:05,2026-05-09 18:11:05,DHL,592553.28,Delivered
SHIP001417,PO002216,SUP00001,PLT0023,2026-01-09 00:11:59,2026-02-20 00:11:59,2026-02-23 00:11:59,DB Schenker,267400.34,Delivered Late
SHIP001418,PO002042,SUP00107,PLT0000,2026-04-25 14:03:36,2026-05-13 14:03:36,2026-05-13 14:03:36,Maersk,789618.76,Delivered
SHIP001419,PO004475,SUP00175,PLT0018,2026-04-17 11:29:42,2026-04-30 11:29:42,2026-04-28 11:29:42,BlueDart Cargo,307567.22,Delivered
SHIP001420,PO001494,SUP00009,PLT0002,2026-03-03 11:03:29,2026-03-09 11:03:29,2026-03-06 11:03:29,DB Schenker,108056.76,Delivered
SHIP001421,PO004277,SUP00036,PLT0005,2026-02-08 20:40:05,2026-04-07 20:40:05,2026-04-06 20:40:05,FedEx Freight,90286.48,Delivered
SHIP001422,PO003472,SUP00028,PLT0000,2026-02-25 05:44:06,2026-02-28 05:44:06,2026-02-28 05:44:06,DB Schenker,3852.78,Delivered
SHIP001423,PO002318,SUP00145,PLT0023,2026-03-07 19:16:18,2026-05-02 19:16:18,2026-05-02 19:16:18,BlueDart Cargo,70562.71,Delivered
SHIP001424,PO001894,SUP00063,PLT0012,2026-03-10 11:54:31,2026-04-08 11:54:31,2026-04-07 11:54:31,FedEx Freight,184170.89,Delivered
SHIP001425,PO000935,SUP00086,PLT0009,2026-04-25 20:39:04,2026-05-14 20:39:04,2026-05-12 20:39:04,DHL,78321.4,Delivered
SHIP001426,PO004430,SUP00130,PLT0018,2026-01-14 01:59:03,2026-03-13 01:59:03,2026-03-10 01:59:03,Kuehne+Nagel,403572.96,Delivered
SHIP001427,PO004897,SUP00088,PLT0029,2026-03-31 22:08:15,2026-04-26 22:08:15,2026-04-25 22:08:15,Delhivery B2B,422216.02,Delivered
SHIP001428,PO000726,SUP00153,PLT0022,2026-02-07 13:34:49,2026-03-19 13:34:49,2026-03-24 13:34:49,Maersk,180260.08,Delivered Late
SHIP001429,PO002630,SUP00170,PLT0029,2026-05-05 23:09:50,2026-05-15 23:09:50,2026-05-13 23:09:50,FedEx Freight,591527.37,Delivered
SHIP001430,PO002389,SUP00163,PLT0002,2026-06-23 02:22:25,2026-06-26 02:22:25,2026-06-23 02:22:25,DB Schenker,26446.36,Delivered
SHIP001431,PO000545,SUP00145,PLT0004,2026-01-13 03:51:10,2026-03-10 03:51:10,2026-03-14 03:51:10,Delhivery B2B,1141418.57,Delivered Late
SHIP001432,PO003414,SUP00158,PLT0022,2026-05-22 06:14:22,2026-05-24 06:14:22,2026-05-24 06:14:22,Delhivery B2B,22367.64,Delivered
SHIP001433,PO001970,SUP00101,PLT0022,2026-04-07 11:27:12,2026-06-04 11:27:12,2026-06-03 11:27:12,DB Schenker,483891.34,Delivered
SHIP001434,PO004150,SUP00009,PLT0000,2026-02-15 14:57:37,2026-02-18 14:57:37,2026-02-17 14:57:37,BlueDart Cargo,46300.45,Delivered
SHIP001435,PO004967,SUP00173,PLT0014,2026-04-26 02:31:59,2026-05-02 02:31:59,2026-05-12 02:31:59,Delhivery B2B,539396.69,Delivered Late
SHIP001436,PO002547,SUP00015,PLT0009,2026-01-10 23:24:18,2026-01-15 23:24:18,2026-01-13 23:24:18,FedEx Freight,90983.26,Delivered
SHIP001437,PO002418,SUP00137,PLT0023,2026-05-10 00:12:47,2026-05-22 00:12:47,2026-06-01 00:12:47,FedEx Freight,471891.4,Delivered Late
SHIP001438,PO000586,SUP00088,PLT0016,2026-01-15 16:17:48,2026-02-12 16:17:48,2026-02-10 16:17:48,DB Schenker,5665.64,Delivered
SHIP001439,PO002137,SUP00125,PLT0019,2026-05-07 06:55:44,2026-06-16 06:55:44,2026-06-15 06:55:44,FedEx Freight,399901.02,Delivered
SHIP001440,PO004201,SUP00001,PLT0016,2026-05-26 13:12:21,2026-07-09 13:12:21,2026-07-08 13:12:21,Maersk,12853.15,Delivered
SHIP001441,PO003282,SUP00085,PLT0020,2026-04-08 17:34:48,2026-05-18 17:34:48,2026-05-18 17:34:48,BlueDart Cargo,517208.47,Delivered
SHIP001442,PO002869,SUP00009,PLT0001,2026-03-14 15:08:26,2026-03-17 15:08:26,2026-03-15 15:08:26,BlueDart Cargo,945082.6,Delivered
SHIP001443,PO002714,SUP00185,PLT0006,2026-02-19 17:41:16,2026-04-16 17:41:16,2026-04-13 17:41:16,Delhivery B2B,17202.04,Delivered
SHIP001444,PO002355,SUP00085,PLT0014,2026-03-13 12:49:30,2026-04-26 12:49:30,2026-04-29 12:49:30,Maersk,464987.09,Delivered Late
SHIP001445,PO003456,SUP00141,PLT0011,2026-03-29 22:23:30,2026-05-08 22:23:30,2026-05-08 22:23:30,Maersk,449184.89,Delivered
SHIP001446,PO002209,SUP00173,PLT0010,2026-05-16 16:42:43,2026-05-22 16:42:43,2026-05-22 16:42:43,DHL,65413.48,Delivered
SHIP001447,PO001622,SUP00013,PLT0009,2026-03-29 15:38:18,2026-04-17 15:38:18,2026-04-16 15:38:18,FedEx Freight,264544.81,Delivered
SHIP001448,PO000862,SUP00199,PLT0014,2026-06-07 09:57:12,2026-06-16 09:57:12,2026-06-15 09:57:12,Kuehne+Nagel,40341.54,Delivered
SHIP001449,PO002367,SUP00179,PLT0021,2026-02-28 15:04:35,2026-03-25 15:04:35,2026-03-24 15:04:35,DB Schenker,1243750.87,Delivered
SHIP001450,PO000385,SUP00192,PLT0006,2026-04-09 22:06:53,2026-06-04 22:06:53,2026-06-04 22:06:53,Kuehne+Nagel,555286.0,Delivered
SHIP001451,PO004195,SUP00149,PLT0010,2026-02-28 20:14:41,2026-04-24 20:14:41,2026-04-22 20:14:41,Kuehne+Nagel,54721.92,Delivered
SHIP001452,PO003564,SUP00118,PLT0001,2026-03-29 04:02:44,2026-04-05 04:02:44,2026-04-05 04:02:44,BlueDart Cargo,164481.3,Delivered
SHIP001453,PO001718,SUP00080,PLT0015,2026-06-26 16:20:32,2026-07-05 16:20:32,2026-07-05 16:20:32,DHL,402016.06,Delivered
SHIP001454,PO003889,SUP00032,PLT0023,2026-04-14 19:26:15,2026-05-24 19:26:15,2026-05-21 19:26:15,FedEx Freight,1124351.58,Delivered
SHIP001455,PO000127,SUP00173,PLT0028,2026-02-03 08:06:36,2026-02-12 08:06:36,2026-02-12 08:06:36,DB Schenker,60870.35,Delivered
SHIP001456,PO004205,SUP00017,PLT0011,2026-05-28 05:33:05,2026-06-02 05:33:05,2026-05-31 05:33:05,DHL,26906.12,Delivered
SHIP001457,PO004642,SUP00068,PLT0016,2026-02-24 10:53:29,2026-03-24 10:53:29,2026-03-24 10:53:29,Delhivery B2B,401346.98,Delivered
SHIP001458,PO003401,SUP00019,PLT0029,2026-02-25 05:24:05,2026-04-22 05:24:05,2026-04-22 05:24:05,FedEx Freight,82370.39,Delivered
SHIP001459,PO004482,SUP00149,PLT0003,2026-04-10 06:02:59,2026-06-05 06:02:59,2026-06-04 06:02:59,DHL,563616.02,Delivered
SHIP001460,PO002301,SUP00010,PLT0000,2026-01-18 18:23:30,2026-03-18 18:23:30,2026-03-18 18:23:30,FedEx Freight,74266.72,Delivered
SHIP001461,PO001698,SUP00146,PLT0021,2026-04-18 12:06:09,2026-05-08 12:06:09,2026-05-19 12:06:09,Kuehne+Nagel,367091.67,Delivered Late
SHIP001462,PO000804,SUP00102,PLT0006,2026-05-23 18:54:19,2026-06-09 18:54:19,2026-06-08 18:54:19,DB Schenker,130047.26,Delivered
SHIP001463,PO000165,SUP00098,PLT0013,2026-05-12 15:48:43,2026-07-09 15:48:43,2026-07-09 15:48:43,Maersk,397886.41,Delivered
SHIP001464,PO003147,SUP00118,PLT0007,2026-03-18 10:22:18,2026-03-25 10:22:18,2026-03-22 10:22:18,Delhivery B2B,789779.11,Delivered
SHIP001465,PO000911,SUP00105,PLT0028,2026-01-28 15:37:13,2026-02-13 15:37:13,2026-02-10 15:37:13,DB Schenker,448529.66,Delivered
SHIP001466,PO002223,SUP00002,PLT0000,2026-01-06 06:06:14,2026-01-08 06:06:14,2026-01-05 06:06:14,FedEx Freight,13638.66,Delivered
SHIP001467,PO003951,SUP00077,PLT0014,2026-05-25 13:51:13,2026-07-04 13:51:13,2026-07-04 13:51:13,DHL,141011.16,Delivered
SHIP001468,PO003488,SUP00140,PLT0023,2026-04-07 13:00:35,2026-05-21 13:00:35,2026-05-19 13:00:35,DB Schenker,65774.03,Delivered
SHIP001469,PO001587,SUP00060,PLT0015,2026-03-23 03:45:28,2026-05-20 03:45:28,2026-05-20 03:45:28,FedEx Freight,352261.91,Delivered
SHIP001470,PO002370,SUP00098,PLT0008,2026-03-13 01:16:35,2026-05-08 01:16:35,2026-05-06 01:16:35,DHL,85963.1,Delivered
SHIP001471,PO000276,SUP00080,PLT0029,2026-03-25 03:48:24,2026-04-04 03:48:24,2026-04-01 03:48:24,FedEx Freight,421474.12,Delivered
SHIP001472,PO002340,SUP00134,PLT0000,2026-05-19 04:25:15,2026-05-25 04:25:15,2026-05-22 04:25:15,Kuehne+Nagel,343715.19,Delivered
SHIP001473,PO003090,SUP00140,PLT0005,2026-03-08 21:19:08,2026-04-20 21:19:08,2026-05-04 21:19:08,BlueDart Cargo,316590.33,Delivered Late
SHIP001474,PO004292,SUP00042,PLT0018,2026-02-04 10:15:07,2026-02-09 10:15:07,2026-02-08 10:15:07,BlueDart Cargo,221262.42,Delivered
SHIP001475,PO002233,SUP00080,PLT0009,2026-04-24 18:42:12,2026-05-04 18:42:12,2026-05-03 18:42:12,FedEx Freight,64249.76,Delivered
SHIP001476,PO001609,SUP00032,PLT0018,2026-01-07 14:11:27,2026-02-20 14:11:27,2026-02-17 14:11:27,Maersk,390029.94,Delivered
SHIP001477,PO001964,SUP00066,PLT0029,2026-04-05 18:29:54,2026-05-19 18:29:54,2026-05-19 18:29:54,FedEx Freight,367139.01,Delivered
SHIP001478,PO000160,SUP00033,PLT0019,2026-02-26 00:24:06,2026-03-05 00:24:06,2026-03-03 00:24:06,DHL,440160.49,Delivered
SHIP001479,PO004886,SUP00157,PLT0012,2026-02-05 01:05:17,2026-03-19 01:05:17,2026-03-16 01:05:17,Delhivery B2B,1279757.94,Delivered
SHIP001480,PO002658,SUP00110,PLT0029,2026-03-09 04:49:47,2026-03-21 04:49:47,2026-03-20 04:49:47,Kuehne+Nagel,142199.02,Delivered
SHIP001481,PO003758,SUP00183,PLT0011,2026-03-10 01:28:20,2026-04-08 01:28:20,2026-04-19 01:28:20,BlueDart Cargo,98065.69,Delivered Late
SHIP001482,PO004264,SUP00185,PLT0018,2026-01-24 09:56:13,2026-03-21 09:56:13,2026-03-21 09:56:13,Kuehne+Nagel,718482.07,Delivered
SHIP001483,PO002508,SUP00133,PLT0017,2026-03-18 05:03:21,2026-04-28 05:03:21,2026-05-08 05:03:21,Delhivery B2B,419895.56,Delivered Late
SHIP001484,PO002202,SUP00072,PLT0022,2026-05-06 18:49:36,2026-07-02 18:49:36,2026-06-29 18:49:36,DB Schenker,571073.71,Delivered
SHIP001485,PO004360,SUP00039,PLT0019,2026-04-10 07:20:00,2026-04-20 07:20:00,2026-04-20 07:20:00,DHL,184273.54,Delivered
SHIP001486,PO001666,SUP00045,PLT0024,2026-05-18 00:05:46,2026-06-07 00:05:46,2026-06-07 00:05:46,DB Schenker,139537.32,Delivered
SHIP001487,PO003468,SUP00181,PLT0018,2026-06-26 20:38:45,2026-07-05 20:38:45,2026-07-03 20:38:45,DB Schenker,339854.06,Delivered
SHIP001488,PO003980,SUP00072,PLT0022,2026-01-28 20:08:56,2026-03-27 20:08:56,2026-03-26 20:08:56,DHL,414682.11,Delivered
SHIP001489,PO001050,SUP00091,PLT0003,2026-04-16 01:53:08,2026-04-28 01:53:08,2026-04-28 01:53:08,BlueDart Cargo,286659.99,Delivered
SHIP001490,PO004732,SUP00060,PLT0011,2026-04-20 11:15:35,2026-06-17 11:15:35,2026-06-16 11:15:35,Maersk,384182.54,Delivered
SHIP001491,PO003882,SUP00087,PLT0010,2026-02-07 11:24:59,2026-03-20 11:24:59,2026-03-17 11:24:59,Maersk,627510.91,Delivered
SHIP001492,PO001122,SUP00011,PLT0008,2026-07-01 22:53:57,2026-07-07 22:53:57,2026-07-07 22:53:57,DHL,55312.72,Delivered
SHIP001493,PO002402,SUP00032,PLT0008,2026-03-27 06:11:49,2026-05-07 06:11:49,2026-05-05 06:11:49,FedEx Freight,161956.97,Delivered
SHIP001494,PO000263,SUP00166,PLT0024,2026-06-11 12:34:58,2026-06-30 12:34:58,2026-06-28 12:34:58,BlueDart Cargo,620199.95,Delivered
SHIP001495,PO000491,SUP00038,PLT0019,2026-02-07 03:57:00,2026-04-03 03:57:00,2026-04-18 03:57:00,DHL,105977.11,Delivered Late
SHIP001496,PO004192,SUP00016,PLT0023,2026-04-08 02:32:22,2026-04-27 02:32:22,2026-04-26 02:32:22,Delhivery B2B,165006.83,Delivered
SHIP001497,PO004370,SUP00076,PLT0029,2026-05-02 14:57:39,2026-05-12 14:57:39,2026-05-10 14:57:39,Kuehne+Nagel,91177.84,Delivered
SHIP001498,PO004053,SUP00173,PLT0002,2026-04-03 08:46:22,2026-04-08 08:46:22,2026-04-08 08:46:22,FedEx Freight,89079.09,Delivered
SHIP001499,PO003672,SUP00186,PLT0012,2026-02-04 00:53:39,2026-03-17 00:53:39,2026-03-20 00:53:39,BlueDart Cargo,53375.35,Delivered Late
SHIP001500,PO004299,SUP00181,PLT0006,2026-03-15 02:20:15,2026-03-27 02:20:15,2026-03-26 02:20:15,Maersk,385979.07,Delivered
SHIP001501,PO003854,SUP00071,PLT0026,2026-02-25 05:14:20,2026-04-23 05:14:20,2026-04-20 05:14:20,FedEx Freight,440486.97,Delivered
SHIP001502,PO001076,SUP00075,PLT0000,2026-04-20 10:18:44,2026-06-17 10:18:44,2026-06-14 10:18:44,FedEx Freight,333277.88,Delivered
SHIP001503,PO004769,SUP00080,PLT0000,2026-01-14 03:26:17,2026-01-27 03:26:17,2026-01-24 03:26:17,Maersk,42132.94,Delivered
SHIP001504,PO003970,SUP00011,PLT0016,2026-03-18 01:00:42,2026-03-23 01:00:42,2026-03-21 01:00:42,DHL,542414.99,Delivered
SHIP001505,PO001803,SUP00048,PLT0024,2026-01-22 01:10:02,2026-02-02 01:10:02,2026-02-02 01:10:02,FedEx Freight,36979.44,Delivered
SHIP001506,PO003187,SUP00189,PLT0006,2026-04-30 20:27:47,2026-06-09 20:27:47,2026-06-08 20:27:47,Delhivery B2B,197784.21,Delivered
SHIP001507,PO003856,SUP00152,PLT0019,2026-05-18 06:17:45,2026-06-03 06:17:45,2026-06-05 06:17:45,Delhivery B2B,541563.11,Delivered Late
SHIP001508,PO001322,SUP00113,PLT0028,2026-01-21 22:02:43,2026-03-18 22:02:43,2026-03-18 22:02:43,Maersk,106875.36,Delivered
SHIP001509,PO001369,SUP00182,PLT0006,2026-04-16 07:27:58,2026-05-11 07:27:58,2026-05-19 07:27:58,FedEx Freight,332761.24,Delivered Late
SHIP001510,PO001881,SUP00155,PLT0029,2026-05-06 00:39:53,2026-05-22 00:39:53,2026-06-04 00:39:53,FedEx Freight,169482.99,Delivered Late
SHIP001511,PO000936,SUP00092,PLT0021,2026-03-03 10:51:12,2026-04-15 10:51:12,2026-04-14 10:51:12,FedEx Freight,341249.81,Delivered
SHIP001512,PO000060,SUP00039,PLT0029,2026-05-23 10:02:49,2026-06-05 10:02:49,2026-06-02 10:02:49,FedEx Freight,5457.27,Delivered
SHIP001513,PO003016,SUP00004,PLT0029,2026-04-21 10:20:58,2026-05-20 10:20:58,2026-05-20 10:20:58,DHL,57366.84,Delivered
SHIP001514,PO000419,SUP00036,PLT0005,2026-02-18 15:14:33,2026-04-16 15:14:33,2026-04-14 15:14:33,Delhivery B2B,119350.89,Delivered
SHIP001515,PO002064,SUP00161,PLT0007,2026-04-21 17:50:49,2026-05-18 17:50:49,2026-05-15 17:50:49,Delhivery B2B,419216.46,Delivered
SHIP001516,PO003059,SUP00137,PLT0000,2026-06-10 23:35:36,2026-06-23 23:35:36,2026-06-22 23:35:36,BlueDart Cargo,37196.02,Delivered
SHIP001517,PO000190,SUP00096,PLT0021,2026-03-21 00:04:24,2026-03-30 00:04:24,2026-03-30 00:04:24,BlueDart Cargo,686404.96,Delivered
SHIP001518,PO002152,SUP00118,PLT0002,2026-05-04 20:16:47,2026-05-10 20:16:47,2026-05-10 20:16:47,BlueDart Cargo,778070.37,Delivered
SHIP001519,PO002024,SUP00110,PLT0020,2026-03-18 05:25:52,2026-03-28 05:25:52,2026-04-10 05:25:52,Delhivery B2B,354420.12,Delivered Late
SHIP001520,PO003648,SUP00019,PLT0017,2026-02-03 19:43:15,2026-03-31 19:43:15,2026-03-31 19:43:15,DHL,190807.2,Delivered
SHIP001521,PO001382,SUP00096,PLT0019,2026-01-17 20:14:48,2026-01-24 20:14:48,2026-01-24 20:14:48,Kuehne+Nagel,128525.26,Delivered
SHIP001522,PO002060,SUP00029,PLT0004,2026-01-16 15:05:00,2026-03-12 15:05:00,2026-03-09 15:05:00,DHL,465486.96,Delivered
SHIP001523,PO004798,SUP00151,PLT0012,2026-04-25 03:42:06,2026-05-11 03:42:06,2026-05-08 03:42:06,FedEx Freight,876007.38,Delivered
SHIP001524,PO004947,SUP00045,PLT0011,2026-02-23 00:12:29,2026-03-11 00:12:29,2026-03-10 00:12:29,Maersk,1271967.33,Delivered
SHIP001525,PO003825,SUP00048,PLT0010,2026-03-29 15:23:32,2026-04-09 15:23:32,2026-04-19 15:23:32,Maersk,214544.65,Delivered Late
SHIP001526,PO000067,SUP00067,PLT0013,2026-05-02 03:34:11,2026-06-11 03:34:11,2026-06-11 03:34:11,BlueDart Cargo,245769.18,Delivered
SHIP001527,PO004745,SUP00068,PLT0023,2026-03-09 03:56:16,2026-04-03 03:56:16,2026-04-01 03:56:16,DHL,21832.66,Delivered
SHIP001528,PO000660,SUP00185,PLT0028,2026-01-09 22:14:06,2026-03-07 22:14:06,2026-03-06 22:14:06,Kuehne+Nagel,668719.99,Delivered
SHIP001529,PO002624,SUP00030,PLT0020,2026-05-13 09:21:30,2026-06-07 09:21:30,2026-06-04 09:21:30,Maersk,875427.02,Delivered
SHIP001530,PO002997,SUP00182,PLT0018,2026-04-10 13:23:53,2026-05-08 13:23:53,2026-05-12 13:23:53,Maersk,56036.27,Delivered Late
SHIP001531,PO004802,SUP00105,PLT0002,2026-01-15 00:29:10,2026-02-02 00:29:10,2026-02-14 00:29:10,Delhivery B2B,1161675.47,Delivered Late
SHIP001532,PO003286,SUP00146,PLT0021,2026-05-02 23:00:31,2026-05-19 23:00:31,2026-05-19 23:00:31,DHL,37653.13,Delivered
SHIP001533,PO000736,SUP00162,PLT0028,2026-02-04 08:14:37,2026-02-09 08:14:37,2026-02-07 08:14:37,DHL,254456.57,Delivered
SHIP001534,PO001985,SUP00084,PLT0007,2026-02-14 20:17:46,2026-02-20 20:17:46,2026-02-17 20:17:46,DB Schenker,379459.68,Delivered
SHIP001535,PO002831,SUP00169,PLT0016,2026-03-04 18:34:14,2026-04-28 18:34:14,2026-04-26 18:34:14,BlueDart Cargo,28810.44,Delivered
SHIP001536,PO003405,SUP00142,PLT0021,2026-06-27 03:37:52,2026-07-07 03:37:52,2026-07-04 03:37:52,DB Schenker,244452.89,Delivered
SHIP001537,PO001525,SUP00190,PLT0009,2026-01-04 17:04:37,2026-03-04 17:04:37,2026-03-02 17:04:37,Maersk,235210.24,Delivered
SHIP001538,PO003730,SUP00107,PLT0025,2026-06-20 21:44:05,2026-07-06 21:44:05,2026-07-04 21:44:05,Kuehne+Nagel,236479.78,Delivered
SHIP001539,PO000469,SUP00071,PLT0009,2026-01-29 14:45:15,2026-03-28 14:45:15,2026-03-27 14:45:15,Kuehne+Nagel,520371.51,Delivered
SHIP001540,PO004220,SUP00051,PLT0024,2026-01-08 18:08:54,2026-01-14 18:08:54,2026-01-11 18:08:54,FedEx Freight,49376.2,Delivered
SHIP001541,PO001408,SUP00071,PLT0022,2026-04-19 14:02:21,2026-06-13 14:02:21,2026-06-12 14:02:21,Kuehne+Nagel,181864.12,Delivered
SHIP001542,PO003451,SUP00090,PLT0007,2026-03-26 13:33:56,2026-04-11 13:33:56,2026-04-24 13:33:56,DB Schenker,1260816.36,Delivered Late
SHIP001543,PO000688,SUP00198,PLT0012,2026-04-10 09:41:30,2026-05-07 09:41:30,2026-05-04 09:41:30,DB Schenker,501883.45,Delivered
SHIP001544,PO001995,SUP00146,PLT0018,2026-04-25 17:05:40,2026-05-11 17:05:40,2026-05-18 17:05:40,BlueDart Cargo,48535.6,Delivered Late
SHIP001545,PO004096,SUP00052,PLT0026,2026-05-07 05:18:17,2026-06-05 05:18:17,2026-06-03 05:18:17,Delhivery B2B,99899.02,Delivered
SHIP001546,PO002988,SUP00054,PLT0013,2026-04-23 16:17:17,2026-06-03 16:17:17,2026-06-18 16:17:17,Kuehne+Nagel,346991.99,Delivered Late
SHIP001547,PO002731,SUP00155,PLT0019,2026-01-17 15:58:01,2026-02-06 15:58:01,2026-02-14 15:58:01,Delhivery B2B,89978.9,Delivered Late
SHIP001548,PO000602,SUP00174,PLT0029,2026-05-24 14:22:22,2026-07-05 14:22:22,2026-07-03 14:22:22,FedEx Freight,317271.09,Delivered
SHIP001549,PO004998,SUP00119,PLT0016,2026-04-22 11:17:18,2026-05-08 11:17:18,2026-05-08 11:17:18,BlueDart Cargo,22342.72,Delivered
SHIP001550,PO000282,SUP00198,PLT0010,2026-03-25 22:45:36,2026-04-22 22:45:36,2026-04-21 22:45:36,DB Schenker,1559207.17,Delivered
SHIP001551,PO003633,SUP00076,PLT0015,2026-03-30 19:57:26,2026-04-12 19:57:26,2026-04-21 19:57:26,BlueDart Cargo,256076.14,Delivered Late
SHIP001552,PO003667,SUP00158,PLT0006,2026-06-13 05:55:15,2026-06-19 05:55:15,2026-06-19 05:55:15,FedEx Freight,374804.34,Delivered
SHIP001553,PO001091,SUP00024,PLT0012,2026-06-10 22:29:14,2026-07-08 22:29:14,2026-07-11 22:29:14,Kuehne+Nagel,479541.98,Delivered Late
SHIP001554,PO004797,SUP00032,PLT0009,2026-02-20 08:24:36,2026-04-04 08:24:36,2026-04-07 08:24:36,Maersk,18364.67,Delivered Late
SHIP001555,PO001176,SUP00120,PLT0007,2026-04-26 11:25:35,2026-06-21 11:25:35,2026-06-28 11:25:35,DB Schenker,388310.82,Delivered Late
SHIP001556,PO004255,SUP00117,PLT0004,2026-02-08 04:01:01,2026-03-22 04:01:01,2026-03-21 04:01:01,FedEx Freight,254116.15,Delivered
SHIP001557,PO002982,SUP00137,PLT0009,2026-05-15 07:55:51,2026-05-24 07:55:51,2026-05-21 07:55:51,Maersk,68993.73,Delivered
SHIP001558,PO004139,SUP00113,PLT0000,2026-01-18 11:19:23,2026-03-16 11:19:23,2026-03-16 11:19:23,DB Schenker,150157.4,Delivered
SHIP001559,PO001571,SUP00077,PLT0028,2026-01-20 18:42:05,2026-03-03 18:42:05,2026-03-03 18:42:05,Maersk,82530.17,Delivered
SHIP001560,PO000957,SUP00096,PLT0026,2026-05-13 09:40:33,2026-05-22 09:40:33,2026-05-19 09:40:33,Maersk,73786.51,Delivered
SHIP001561,PO004594,SUP00107,PLT0005,2026-01-28 16:39:03,2026-02-15 16:39:03,2026-02-13 16:39:03,BlueDart Cargo,75609.47,Delivered
SHIP001562,PO000649,SUP00140,PLT0018,2026-01-24 02:55:19,2026-03-08 02:55:19,2026-03-05 02:55:19,DB Schenker,565622.85,Delivered
SHIP001563,PO001711,SUP00173,PLT0022,2026-05-02 04:22:10,2026-05-08 04:22:10,2026-05-06 04:22:10,Kuehne+Nagel,107475.72,Delivered
SHIP001564,PO004711,SUP00143,PLT0006,2026-03-22 20:30:45,2026-05-03 20:30:45,2026-05-02 20:30:45,Delhivery B2B,47925.52,Delivered
SHIP001565,PO001798,SUP00125,PLT0022,2026-02-09 11:32:09,2026-03-23 11:32:09,2026-03-23 11:32:09,Delhivery B2B,173963.0,Delivered
SHIP001566,PO003101,SUP00140,PLT0008,2026-05-01 06:57:43,2026-06-11 06:57:43,2026-06-08 06:57:43,DB Schenker,7238.49,Delivered
SHIP001567,PO004646,SUP00017,PLT0001,2026-04-15 21:44:19,2026-04-24 21:44:19,2026-04-24 21:44:19,DHL,7118.99,Delivered
SHIP001568,PO003254,SUP00042,PLT0013,2026-01-28 09:44:05,2026-02-04 09:44:05,2026-02-16 09:44:05,FedEx Freight,437488.96,Delivered Late
SHIP001569,PO002386,SUP00159,PLT0021,2026-04-15 13:30:11,2026-04-18 13:30:11,2026-04-29 13:30:11,Kuehne+Nagel,301427.61,Delivered Late
SHIP001570,PO003434,SUP00061,PLT0029,2026-06-13 00:41:30,2026-06-22 00:41:30,2026-06-20 00:41:30,DB Schenker,7771.06,Delivered
SHIP001571,PO004146,SUP00081,PLT0003,2026-05-03 16:56:45,2026-05-23 16:56:45,2026-05-23 16:56:45,Kuehne+Nagel,117633.75,Delivered
SHIP001572,PO001905,SUP00010,PLT0020,2026-04-11 03:50:29,2026-06-06 03:50:29,2026-06-03 03:50:29,FedEx Freight,222059.86,Delivered
SHIP001573,PO001805,SUP00074,PLT0009,2026-01-27 17:58:47,2026-02-05 17:58:47,2026-02-04 17:58:47,FedEx Freight,209284.5,Delivered
SHIP001574,PO001909,SUP00197,PLT0024,2026-01-28 08:38:24,2026-02-03 08:38:24,2026-02-14 08:38:24,Kuehne+Nagel,24140.75,Delivered Late
SHIP001575,PO000448,SUP00194,PLT0026,2026-06-08 17:53:01,2026-06-25 17:53:01,2026-06-22 17:53:01,Delhivery B2B,441118.25,Delivered
SHIP001576,PO002676,SUP00167,PLT0022,2026-05-15 17:24:20,2026-05-25 17:24:20,2026-06-07 17:24:20,DB Schenker,122840.39,Delivered Late
SHIP001577,PO002342,SUP00144,PLT0004,2026-01-18 10:00:04,2026-02-16 10:00:04,2026-03-01 10:00:04,Delhivery B2B,938216.4,Delivered Late
SHIP001578,PO003909,SUP00182,PLT0022,2026-01-22 09:50:56,2026-02-20 09:50:56,2026-02-27 09:50:56,DB Schenker,740766.43,Delivered Late
SHIP001579,PO002868,SUP00038,PLT0023,2026-02-27 12:32:13,2026-04-23 12:32:13,2026-04-22 12:32:13,Maersk,7091.88,Delivered
SHIP001580,PO001126,SUP00082,PLT0018,2026-01-21 11:59:21,2026-01-26 11:59:21,2026-01-25 11:59:21,DB Schenker,325377.47,Delivered
SHIP001581,PO001668,SUP00110,PLT0010,2026-02-10 17:04:44,2026-02-23 17:04:44,2026-02-20 17:04:44,Delhivery B2B,299132.69,Delivered
SHIP001582,PO000108,SUP00048,PLT0016,2026-04-26 14:11:43,2026-05-07 14:11:43,2026-05-04 14:11:43,BlueDart Cargo,86721.0,Delivered
SHIP001583,PO001443,SUP00157,PLT0024,2026-03-30 18:19:26,2026-05-10 18:19:26,2026-05-09 18:19:26,Maersk,352146.05,Delivered
SHIP001584,PO000772,SUP00194,PLT0003,2026-05-18 17:10:46,2026-06-07 17:10:46,2026-06-07 17:10:46,DB Schenker,160975.63,Delivered
SHIP001585,PO002877,SUP00132,PLT0004,2026-02-14 23:47:37,2026-02-25 23:47:37,2026-02-24 23:47:37,Kuehne+Nagel,5202.22,Delivered
SHIP001586,PO003925,SUP00001,PLT0019,2026-01-20 22:07:55,2026-03-05 22:07:55,2026-03-07 22:07:55,Maersk,95273.08,Delivered Late
SHIP001587,PO001614,SUP00160,PLT0029,2026-06-03 08:15:33,2026-06-06 08:15:33,2026-06-06 08:15:33,Kuehne+Nagel,421205.63,Delivered
SHIP001588,PO004012,SUP00162,PLT0022,2026-05-14 06:37:31,2026-05-17 06:37:31,2026-05-31 06:37:31,BlueDart Cargo,139394.5,Delivered Late
SHIP001589,PO001357,SUP00005,PLT0012,2026-06-12 14:25:16,2026-06-24 14:25:16,2026-06-23 14:25:16,DB Schenker,42635.93,Delivered
SHIP001590,PO002614,SUP00199,PLT0024,2026-04-19 10:46:46,2026-05-01 10:46:46,2026-05-01 10:46:46,DHL,54566.72,Delivered
SHIP001591,PO003494,SUP00083,PLT0028,2026-02-05 07:51:01,2026-04-05 07:51:01,2026-04-03 07:51:01,Delhivery B2B,194662.69,Delivered
SHIP001592,PO001173,SUP00078,PLT0003,2026-04-27 01:11:12,2026-06-21 01:11:12,2026-06-19 01:11:12,Kuehne+Nagel,330837.65,Delivered
SHIP001593,PO003111,SUP00157,PLT0025,2026-05-01 23:26:12,2026-06-11 23:26:12,2026-06-09 23:26:12,Kuehne+Nagel,250608.89,Delivered
SHIP001594,PO004234,SUP00132,PLT0000,2026-05-05 14:21:46,2026-05-14 14:21:46,2026-05-11 14:21:46,FedEx Freight,2241.18,Delivered
SHIP001595,PO000249,SUP00021,PLT0025,2026-02-15 17:52:43,2026-03-13 17:52:43,2026-03-10 17:52:43,Delhivery B2B,213486.18,Delivered
SHIP001596,PO003732,SUP00035,PLT0016,2026-03-01 05:12:37,2026-04-12 05:12:37,2026-04-09 05:12:37,Delhivery B2B,740940.78,Delivered
SHIP001597,PO004757,SUP00165,PLT0002,2026-01-05 10:49:49,2026-02-17 10:49:49,2026-02-15 10:49:49,DHL,189647.74,Delivered
SHIP001598,PO004011,SUP00177,PLT0000,2026-03-29 12:45:46,2026-04-15 12:45:46,2026-04-14 12:45:46,FedEx Freight,67995.6,Delivered
SHIP001599,PO004478,SUP00052,PLT0023,2026-03-28 17:08:53,2026-04-24 17:08:53,2026-04-23 17:08:53,BlueDart Cargo,91409.74,Delivered
SHIP001600,PO004113,SUP00173,PLT0021,2026-04-03 12:23:39,2026-04-09 12:23:39,2026-04-06 12:23:39,FedEx Freight,79655.58,Delivered
SHIP001601,PO001063,SUP00189,PLT0028,2026-04-13 09:37:59,2026-05-23 09:37:59,2026-05-20 09:37:59,Kuehne+Nagel,233121.1,Delivered
SHIP001602,PO002828,SUP00141,PLT0013,2026-03-26 05:34:39,2026-05-05 05:34:39,2026-05-04 05:34:39,Kuehne+Nagel,542844.53,Delivered
SHIP001603,PO002649,SUP00082,PLT0010,2026-02-13 19:18:37,2026-02-20 19:18:37,2026-02-20 19:18:37,Maersk,109946.18,Delivered
SHIP001604,PO004537,SUP00001,PLT0001,2026-05-28 14:14:34,2026-07-07 14:14:34,2026-07-04 14:14:34,DB Schenker,559846.73,Delivered
SHIP001605,PO001788,SUP00043,PLT0005,2026-05-01 19:19:17,2026-06-25 19:19:17,2026-06-23 19:19:17,FedEx Freight,325036.46,Delivered
SHIP001606,PO003769,SUP00080,PLT0016,2026-03-09 00:38:11,2026-03-20 00:38:11,2026-03-19 00:38:11,Delhivery B2B,1233009.19,Delivered
SHIP001607,PO002562,SUP00006,PLT0014,2026-04-26 05:18:27,2026-05-01 05:18:27,2026-04-28 05:18:27,BlueDart Cargo,293432.66,Delivered
SHIP001608,PO002439,SUP00089,PLT0010,2026-06-19 15:50:09,2026-07-05 15:50:09,2026-07-03 15:50:09,DHL,663872.76,Delivered
SHIP001609,PO003484,SUP00068,PLT0002,2026-05-22 10:16:06,2026-06-17 10:16:06,2026-06-15 10:16:06,Kuehne+Nagel,840105.4,Delivered
SHIP001610,PO002005,SUP00005,PLT0000,2026-04-07 03:25:48,2026-04-18 03:25:48,2026-04-15 03:25:48,DHL,1451083.79,Delivered
SHIP001611,PO003911,SUP00055,PLT0025,2026-06-08 18:07:22,2026-06-15 18:07:22,2026-06-28 18:07:22,FedEx Freight,400596.82,Delivered Late
SHIP001612,PO001749,SUP00071,PLT0008,2026-02-11 16:29:24,2026-04-08 16:29:24,2026-04-17 16:29:24,Kuehne+Nagel,126935.31,Delivered Late
SHIP001613,PO002846,SUP00032,PLT0007,2026-03-06 23:18:02,2026-04-17 23:18:02,2026-04-17 23:18:02,FedEx Freight,457854.89,Delivered
SHIP001614,PO001189,SUP00174,PLT0016,2026-02-03 13:20:18,2026-03-16 13:20:18,2026-03-27 13:20:18,Maersk,507912.29,Delivered Late
SHIP001615,PO003099,SUP00032,PLT0002,2026-04-07 14:07:14,2026-05-17 14:07:14,2026-05-15 14:07:14,Delhivery B2B,29516.18,Delivered
SHIP001616,PO004656,SUP00162,PLT0005,2026-04-02 16:37:14,2026-04-08 16:37:14,2026-04-08 16:37:14,FedEx Freight,71635.35,Delivered
SHIP001617,PO003230,SUP00154,PLT0029,2026-03-16 19:06:02,2026-03-22 19:06:02,2026-03-21 19:06:02,BlueDart Cargo,58889.36,Delivered
SHIP001618,PO003461,SUP00018,PLT0011,2026-04-29 14:10:29,2026-05-16 14:10:29,2026-05-16 14:10:29,Kuehne+Nagel,136012.84,Delivered
SHIP001619,PO002515,SUP00132,PLT0018,2026-03-02 02:01:52,2026-03-11 02:01:52,2026-03-13 02:01:52,DB Schenker,105632.37,Delivered Late
SHIP001620,PO000515,SUP00050,PLT0013,2026-01-18 04:04:54,2026-02-15 04:04:54,2026-02-13 04:04:54,Kuehne+Nagel,429322.07,Delivered
SHIP001621,PO002313,SUP00031,PLT0004,2026-03-12 12:53:41,2026-05-10 12:53:41,2026-05-07 12:53:41,FedEx Freight,368860.14,Delivered
SHIP001622,PO000382,SUP00006,PLT0010,2026-01-12 20:32:14,2026-01-15 20:32:14,2026-01-12 20:32:14,DHL,24863.09,Delivered
SHIP001623,PO003126,SUP00035,PLT0011,2026-03-23 16:07:29,2026-05-05 16:07:29,2026-05-04 16:07:29,BlueDart Cargo,164091.77,Delivered
SHIP001624,PO002037,SUP00051,PLT0015,2026-06-19 05:10:25,2026-06-25 05:10:25,2026-06-25 05:10:25,Maersk,6447.97,Delivered
SHIP001625,PO001967,SUP00013,PLT0003,2026-04-10 06:50:50,2026-04-29 06:50:50,2026-04-28 06:50:50,Delhivery B2B,137640.69,Delivered
SHIP001626,PO004930,SUP00175,PLT0002,2026-06-08 14:53:03,2026-06-20 14:53:03,2026-06-24 14:53:03,Delhivery B2B,446141.18,Delivered Late
SHIP001627,PO004162,SUP00116,PLT0007,2026-04-21 11:30:24,2026-05-08 11:30:24,2026-05-07 11:30:24,Delhivery B2B,389795.1,Delivered
SHIP001628,PO001595,SUP00041,PLT0019,2026-03-10 15:30:09,2026-03-16 15:30:09,2026-03-19 15:30:09,Maersk,282411.8,Delivered Late
SHIP001629,PO003535,SUP00019,PLT0010,2026-01-27 03:20:16,2026-03-23 03:20:16,2026-03-30 03:20:16,DHL,216585.71,Delivered Late
SHIP001630,PO000079,SUP00002,PLT0019,2026-03-20 13:16:21,2026-03-23 13:16:21,2026-03-20 13:16:21,BlueDart Cargo,465461.79,Delivered
SHIP001631,PO004357,SUP00169,PLT0028,2026-01-25 02:02:30,2026-03-21 02:02:30,2026-03-18 02:02:30,FedEx Freight,140261.08,Delivered
SHIP001632,PO003450,SUP00013,PLT0001,2026-05-25 07:16:23,2026-06-10 07:16:23,2026-06-08 07:16:23,DB Schenker,145476.83,Delivered
SHIP001633,PO004419,SUP00164,PLT0005,2026-06-06 19:30:45,2026-06-11 19:30:45,2026-06-08 19:30:45,Delhivery B2B,654704.49,Delivered
SHIP001634,PO002445,SUP00121,PLT0021,2026-03-04 08:26:30,2026-03-06 08:26:30,2026-03-06 08:26:30,DB Schenker,263568.41,Delivered
SHIP001635,PO003815,SUP00095,PLT0017,2026-03-22 04:22:59,2026-04-08 04:22:59,2026-04-08 04:22:59,Kuehne+Nagel,145748.72,Delivered
SHIP001636,PO002227,SUP00167,PLT0002,2026-06-16 19:28:59,2026-06-26 19:28:59,2026-06-26 19:28:59,BlueDart Cargo,88547.84,Delivered
SHIP001637,PO003505,SUP00161,PLT0014,2026-05-06 22:55:31,2026-06-01 22:55:31,2026-06-08 22:55:31,FedEx Freight,1147670.12,Delivered Late
SHIP001638,PO004882,SUP00131,PLT0011,2026-05-24 19:43:17,2026-06-09 19:43:17,2026-06-20 19:43:17,DB Schenker,373937.86,Delivered Late
SHIP001639,PO003203,SUP00051,PLT0021,2026-06-09 05:33:00,2026-06-13 05:33:00,2026-06-13 05:33:00,Delhivery B2B,890.09,Delivered
SHIP001640,PO000052,SUP00079,PLT0009,2026-07-03 07:42:52,2026-07-06 07:42:52,2026-07-03 07:42:52,DHL,237318.15,Delivered
SHIP001641,PO000095,SUP00058,PLT0002,2026-01-21 00:17:50,2026-01-30 00:17:50,2026-02-03 00:17:50,Delhivery B2B,69052.56,Delivered Late
SHIP001642,PO003848,SUP00075,PLT0013,2026-03-13 04:05:12,2026-05-11 04:05:12,2026-05-09 04:05:12,BlueDart Cargo,508870.92,Delivered
SHIP001643,PO001974,SUP00029,PLT0004,2026-02-07 19:58:51,2026-04-04 19:58:51,2026-04-04 19:58:51,FedEx Freight,805544.78,Delivered
SHIP001644,PO002879,SUP00112,PLT0029,2026-03-26 19:23:16,2026-04-23 19:23:16,2026-04-23 19:23:16,FedEx Freight,72749.61,Delivered
SHIP001645,PO001928,SUP00148,PLT0015,2026-01-05 15:20:39,2026-02-03 15:20:39,2026-02-01 15:20:39,Kuehne+Nagel,320362.12,Delivered
SHIP001646,PO002213,SUP00064,PLT0005,2026-03-27 03:34:09,2026-05-22 03:34:09,2026-05-22 03:34:09,DHL,93125.17,Delivered
SHIP001647,PO004394,SUP00060,PLT0026,2026-05-13 23:22:14,2026-07-07 23:22:14,2026-07-06 23:22:14,BlueDart Cargo,390303.36,Delivered
SHIP001648,PO004890,SUP00055,PLT0022,2026-03-20 06:54:42,2026-03-25 06:54:42,2026-03-23 06:54:42,DB Schenker,704767.88,Delivered
SHIP001649,PO004612,SUP00116,PLT0018,2026-01-28 05:22:28,2026-02-15 05:22:28,2026-02-12 05:22:28,DHL,423857.04,Delivered
SHIP001650,PO000640,SUP00107,PLT0026,2026-04-27 17:53:50,2026-05-17 17:53:50,2026-05-14 17:53:50,Delhivery B2B,10166.85,Delivered
SHIP001651,PO003587,SUP00175,PLT0004,2026-06-06 20:08:17,2026-06-16 20:08:17,2026-06-28 20:08:17,FedEx Freight,7167.0,Delivered Late
SHIP001652,PO001673,SUP00175,PLT0020,2026-04-12 20:35:50,2026-04-22 20:35:50,2026-04-26 20:35:50,Maersk,35.08,Delivered Late
SHIP001653,PO000832,SUP00180,PLT0022,2026-05-29 20:44:44,2026-06-09 20:44:44,2026-06-07 20:44:44,Delhivery B2B,253952.02,Delivered
SHIP001654,PO001952,SUP00096,PLT0026,2026-03-15 19:53:34,2026-03-22 19:53:34,2026-03-21 19:53:34,DHL,573021.68,Delivered
SHIP001655,PO002618,SUP00169,PLT0020,2026-03-08 04:52:58,2026-05-03 04:52:58,2026-05-02 04:52:58,DHL,203649.97,Delivered
SHIP001656,PO004637,SUP00034,PLT0003,2026-01-19 18:19:34,2026-02-16 18:19:34,2026-02-14 18:19:34,DHL,127920.34,Delivered
SHIP001657,PO000289,SUP00171,PLT0021,2026-02-14 01:55:44,2026-04-14 01:55:44,2026-04-13 01:55:44,Kuehne+Nagel,764363.72,Delivered
SHIP001658,PO002403,SUP00084,PLT0017,2026-06-22 07:16:16,2026-06-28 07:16:16,2026-06-26 07:16:16,DB Schenker,117920.13,Delivered
SHIP001659,PO004036,SUP00005,PLT0011,2026-02-23 09:32:15,2026-03-07 09:32:15,2026-03-05 09:32:15,DB Schenker,327042.11,Delivered
SHIP001660,PO003465,SUP00075,PLT0000,2026-02-09 19:38:52,2026-04-05 19:38:52,2026-04-13 19:38:52,DB Schenker,52310.9,Delivered Late
SHIP001661,PO002780,SUP00191,PLT0003,2026-03-02 22:19:45,2026-04-26 22:19:45,2026-04-25 22:19:45,DB Schenker,83962.7,Delivered
SHIP001662,PO003051,SUP00011,PLT0009,2026-06-10 15:47:00,2026-06-16 15:47:00,2026-06-15 15:47:00,Maersk,356570.09,Delivered
SHIP001663,PO000195,SUP00089,PLT0009,2026-03-15 07:12:22,2026-04-01 07:12:22,2026-03-29 07:12:22,Delhivery B2B,243141.4,Delivered
SHIP001664,PO000851,SUP00073,PLT0028,2026-01-06 09:50:43,2026-02-15 09:50:43,2026-02-12 09:50:43,BlueDart Cargo,17321.03,Delivered
SHIP001665,PO000751,SUP00010,PLT0004,2026-01-13 09:20:39,2026-03-12 09:20:39,2026-03-12 09:20:39,Maersk,95883.46,Delivered
SHIP001666,PO000761,SUP00180,PLT0015,2026-02-25 23:15:04,2026-03-09 23:15:04,2026-03-09 23:15:04,Delhivery B2B,525587.2,Delivered
SHIP001667,PO004421,SUP00164,PLT0000,2026-04-18 12:07:05,2026-04-23 12:07:05,2026-05-01 12:07:05,DB Schenker,636215.98,Delivered Late
SHIP001668,PO000231,SUP00026,PLT0023,2026-01-26 05:20:11,2026-03-25 05:20:11,2026-03-23 05:20:11,DB Schenker,1538848.7,Delivered
SHIP001669,PO003002,SUP00185,PLT0010,2026-01-27 17:22:34,2026-03-26 17:22:34,2026-03-25 17:22:34,DHL,72585.62,Delivered
SHIP001670,PO003658,SUP00028,PLT0024,2026-02-16 21:16:22,2026-02-18 21:16:22,2026-02-17 21:16:22,DB Schenker,212211.47,Delivered
SHIP001671,PO000362,SUP00195,PLT0007,2026-05-18 14:27:24,2026-05-27 14:27:24,2026-05-25 14:27:24,Maersk,309222.77,Delivered
SHIP001672,PO002557,SUP00173,PLT0029,2026-05-07 16:29:34,2026-05-14 16:29:34,2026-05-15 16:29:34,Maersk,177754.31,Delivered Late
SHIP001673,PO000814,SUP00024,PLT0012,2026-05-19 21:50:50,2026-06-14 21:50:50,2026-06-14 21:50:50,Kuehne+Nagel,80528.61,Delivered
SHIP001674,PO000945,SUP00020,PLT0018,2026-02-27 02:08:27,2026-04-23 02:08:27,2026-04-21 02:08:27,DHL,201808.73,Delivered
SHIP001675,PO002559,SUP00030,PLT0021,2026-02-13 16:31:34,2026-03-13 16:31:34,2026-03-10 16:31:34,DHL,284404.51,Delivered
SHIP001676,PO002760,SUP00112,PLT0000,2026-03-11 00:07:13,2026-04-09 00:07:13,2026-04-08 00:07:13,DB Schenker,77586.28,Delivered
SHIP001677,PO000614,SUP00030,PLT0015,2026-06-10 09:18:41,2026-07-06 09:18:41,2026-07-04 09:18:41,Kuehne+Nagel,1727.86,Delivered
SHIP001678,PO000659,SUP00120,PLT0001,2026-03-26 04:34:29,2026-05-20 04:34:29,2026-05-20 04:34:29,DB Schenker,508784.22,Delivered
SHIP001679,PO001944,SUP00093,PLT0022,2026-04-29 00:00:14,2026-05-04 00:00:14,2026-05-02 00:00:14,DB Schenker,65184.12,Delivered
SHIP001680,PO004712,SUP00174,PLT0024,2026-05-09 01:32:47,2026-06-19 01:32:47,2026-06-18 01:32:47,DHL,643125.04,Delivered
SHIP001681,PO004636,SUP00091,PLT0014,2026-04-08 04:45:09,2026-04-19 04:45:09,2026-04-19 04:45:09,DB Schenker,870921.38,Delivered
SHIP001682,PO003770,SUP00025,PLT0029,2026-02-17 23:38:12,2026-03-14 23:38:12,2026-03-17 23:38:12,DHL,646825.14,Delivered Late
SHIP001683,PO003598,SUP00049,PLT0011,2026-05-09 07:23:01,2026-05-13 07:23:01,2026-05-10 07:23:01,BlueDart Cargo,74933.48,Delivered
SHIP001684,PO004572,SUP00141,PLT0007,2026-03-10 14:07:36,2026-04-20 14:07:36,2026-04-19 14:07:36,Delhivery B2B,92887.11,Delivered
SHIP001685,PO002702,SUP00153,PLT0006,2026-03-02 13:43:49,2026-04-15 13:43:49,2026-04-15 13:43:49,DHL,17173.11,Delivered
SHIP001686,PO003698,SUP00111,PLT0026,2026-04-24 21:14:54,2026-05-02 21:14:54,2026-05-02 21:14:54,Kuehne+Nagel,709259.55,Delivered
SHIP001687,PO001433,SUP00147,PLT0013,2026-06-27 04:20:04,2026-06-29 04:20:04,2026-06-29 04:20:04,Maersk,258437.79,Delivered
SHIP001688,PO004506,SUP00157,PLT0003,2026-03-22 05:46:35,2026-05-01 05:46:35,2026-05-01 05:46:35,BlueDart Cargo,345462.48,Delivered
SHIP001689,PO001161,SUP00014,PLT0016,2026-04-05 18:32:27,2026-04-12 18:32:27,2026-04-23 18:32:27,BlueDart Cargo,296306.74,Delivered Late
SHIP001690,PO003148,SUP00104,PLT0010,2026-06-14 14:08:28,2026-06-21 14:08:28,2026-06-18 14:08:28,FedEx Freight,29482.43,Delivered
SHIP001691,PO001159,SUP00015,PLT0015,2026-02-18 06:18:10,2026-02-24 06:18:10,2026-02-24 06:18:10,Delhivery B2B,37704.52,Delivered
SHIP001692,PO004535,SUP00043,PLT0013,2026-04-20 05:53:46,2026-06-15 05:53:46,2026-06-25 05:53:46,FedEx Freight,413537.29,Delivered Late
SHIP001693,PO000656,SUP00051,PLT0009,2026-02-02 04:35:33,2026-02-05 04:35:33,2026-02-03 04:35:33,DHL,815594.44,Delivered
SHIP001694,PO001817,SUP00100,PLT0020,2026-02-02 21:26:27,2026-03-15 21:26:27,2026-03-12 21:26:27,BlueDart Cargo,610136.11,Delivered
SHIP001695,PO002124,SUP00125,PLT0012,2026-04-25 05:52:04,2026-06-08 05:52:04,2026-06-14 05:52:04,FedEx Freight,504226.5,Delivered Late
SHIP001696,PO003957,SUP00148,PLT0001,2026-05-06 07:31:06,2026-06-04 07:31:06,2026-06-02 07:31:06,DHL,175374.91,Delivered
SHIP001697,PO002904,SUP00152,PLT0023,2026-05-13 04:57:41,2026-05-30 04:57:41,2026-05-28 04:57:41,BlueDart Cargo,187145.91,Delivered
SHIP001698,PO002456,SUP00110,PLT0010,2026-03-16 05:16:48,2026-03-26 05:16:48,2026-03-23 05:16:48,FedEx Freight,28107.65,Delivered
SHIP001699,PO000715,SUP00154,PLT0005,2026-04-01 16:03:50,2026-04-09 16:03:50,2026-04-09 16:03:50,Kuehne+Nagel,634623.28,Delivered
SHIP001700,PO001188,SUP00021,PLT0022,2026-01-14 10:06:48,2026-02-10 10:06:48,2026-02-09 10:06:48,Maersk,521821.87,Delivered
SHIP001701,PO001157,SUP00075,PLT0004,2026-01-08 19:48:04,2026-03-08 19:48:04,2026-03-06 19:48:04,DHL,308175.26,Delivered
SHIP001702,PO004124,SUP00030,PLT0010,2026-03-04 12:56:06,2026-03-31 12:56:06,2026-03-30 12:56:06,FedEx Freight,377618.86,Delivered
SHIP001703,PO003835,SUP00117,PLT0019,2026-01-21 03:05:16,2026-03-04 03:05:16,2026-03-02 03:05:16,DB Schenker,25055.85,Delivered
SHIP001704,PO002772,SUP00137,PLT0000,2026-04-24 21:24:04,2026-05-03 21:24:04,2026-04-30 21:24:04,DB Schenker,43269.12,Delivered
SHIP001705,PO002985,SUP00159,PLT0020,2026-02-09 19:02:58,2026-02-11 19:02:58,2026-02-10 19:02:58,Delhivery B2B,115854.69,Delivered
SHIP001706,PO002810,SUP00067,PLT0015,2026-03-15 15:13:46,2026-04-26 15:13:46,2026-04-23 15:13:46,Kuehne+Nagel,454638.91,Delivered
SHIP001707,PO003695,SUP00181,PLT0002,2026-06-20 00:37:07,2026-07-02 00:37:07,2026-06-29 00:37:07,Maersk,39692.71,Delivered
SHIP001708,PO000310,SUP00097,PLT0019,2026-04-09 13:05:09,2026-04-17 13:05:09,2026-04-14 13:05:09,Delhivery B2B,369253.17,Delivered
SHIP001709,PO004055,SUP00009,PLT0010,2026-06-10 22:36:08,2026-06-15 22:36:08,2026-06-14 22:36:08,Delhivery B2B,153379.4,Delivered
SHIP001710,PO004771,SUP00130,PLT0015,2026-01-09 15:35:31,2026-03-09 15:35:31,2026-03-07 15:35:31,DHL,1172865.37,Delivered
SHIP001711,PO000097,SUP00046,PLT0006,2026-06-16 08:05:02,2026-06-22 08:05:02,2026-06-21 08:05:02,Delhivery B2B,761480.04,Delivered
SHIP001712,PO004191,SUP00126,PLT0012,2026-06-05 14:10:12,2026-06-23 14:10:12,2026-07-01 14:10:12,BlueDart Cargo,179784.26,Delivered Late
SHIP001713,PO003958,SUP00103,PLT0022,2026-06-19 06:09:29,2026-06-28 06:09:29,2026-06-28 06:09:29,DB Schenker,49715.54,Delivered
SHIP001714,PO002285,SUP00173,PLT0022,2026-01-27 18:47:21,2026-02-02 18:47:21,2026-01-30 18:47:21,FedEx Freight,72478.38,Delivered
SHIP001715,PO003530,SUP00104,PLT0021,2026-03-14 18:36:45,2026-03-23 18:36:45,2026-03-22 18:36:45,FedEx Freight,882170.8,Delivered
SHIP001716,PO001840,SUP00167,PLT0012,2026-05-31 09:08:03,2026-06-11 09:08:03,2026-06-10 09:08:03,Maersk,9161.79,Delivered
SHIP001717,PO002328,SUP00192,PLT0009,2026-01-02 22:41:59,2026-03-02 22:41:59,2026-03-02 22:41:59,DHL,133198.99,Delivered
SHIP001718,PO003156,SUP00021,PLT0022,2026-06-11 05:23:30,2026-07-06 05:23:30,,BlueDart Cargo,767438.4,Delayed
SHIP001719,PO002366,SUP00029,PLT0001,2026-04-04 04:35:51,2026-06-02 04:35:51,2026-05-31 04:35:51,Maersk,273858.16,Delivered
SHIP001720,PO003054,SUP00148,PLT0020,2026-03-16 12:15:34,2026-04-12 12:15:34,2026-04-09 12:15:34,Maersk,578525.43,Delivered
SHIP001721,PO004716,SUP00107,PLT0016,2026-02-10 16:26:35,2026-03-02 16:26:35,2026-02-27 16:26:35,BlueDart Cargo,110116.28,Delivered
SHIP001722,PO000514,SUP00035,PLT0028,2026-05-09 06:43:21,2026-06-19 06:43:21,2026-06-24 06:43:21,BlueDart Cargo,247931.19,Delivered Late
SHIP001723,PO000023,SUP00149,PLT0017,2026-02-24 23:17:20,2026-04-20 23:17:20,2026-04-18 23:17:20,DB Schenker,877722.93,Delivered
SHIP001724,PO004164,SUP00039,PLT0016,2026-05-13 20:43:56,2026-05-25 20:43:56,2026-06-06 20:43:56,DHL,251963.55,Delivered Late
SHIP001725,PO003161,SUP00168,PLT0006,2026-02-16 01:34:14,2026-02-26 01:34:14,2026-02-26 01:34:14,DHL,664558.24,Delivered
SHIP001726,PO001539,SUP00181,PLT0007,2026-05-26 07:44:09,2026-06-06 07:44:09,2026-06-04 07:44:09,Delhivery B2B,652193.68,Delivered
SHIP001727,PO003637,SUP00002,PLT0004,2026-05-26 03:14:30,2026-05-29 03:14:30,2026-05-29 03:14:30,DB Schenker,429786.78,Delivered
SHIP001728,PO000895,SUP00158,PLT0025,2026-06-09 03:46:41,2026-06-11 03:46:41,2026-06-17 03:46:41,DB Schenker,2682.06,Delivered Late
SHIP001729,PO001934,SUP00141,PLT0012,2026-02-20 10:20:47,2026-04-05 10:20:47,2026-04-03 10:20:47,BlueDart Cargo,259851.38,Delivered
SHIP001730,PO001757,SUP00128,PLT0023,2026-06-11 16:30:14,2026-06-27 16:30:14,2026-06-24 16:30:14,DHL,805733.33,Delivered
SHIP001731,PO002495,SUP00076,PLT0005,2026-06-01 21:39:53,2026-06-11 21:39:53,2026-06-10 21:39:53,Kuehne+Nagel,927541.74,Delivered
SHIP001732,PO002178,SUP00112,PLT0024,2026-03-19 00:06:19,2026-04-14 00:06:19,2026-04-13 00:06:19,Maersk,254632.09,Delivered
SHIP001733,PO004830,SUP00114,PLT0020,2026-02-17 19:21:03,2026-03-02 19:21:03,2026-02-28 19:21:03,DHL,1169863.03,Delivered
SHIP001734,PO000782,SUP00109,PLT0009,2026-01-14 12:50:31,2026-01-20 12:50:31,2026-01-18 12:50:31,DB Schenker,33878.47,Delivered
SHIP001735,PO001854,SUP00018,PLT0007,2026-06-09 05:51:42,2026-06-29 05:51:42,2026-06-27 05:51:42,Maersk,510048.01,Delivered
SHIP001736,PO003273,SUP00165,PLT0006,2026-04-17 00:41:01,2026-05-30 00:41:01,2026-05-28 00:41:01,DHL,489166.18,Delivered
SHIP001737,PO003361,SUP00086,PLT0010,2026-03-01 15:08:52,2026-03-19 15:08:52,2026-03-16 15:08:52,DB Schenker,334378.28,Delivered
SHIP001738,PO002297,SUP00067,PLT0028,2026-02-28 11:36:08,2026-04-11 11:36:08,2026-04-10 11:36:08,Kuehne+Nagel,319239.34,Delivered
SHIP001739,PO004698,SUP00112,PLT0002,2026-04-01 01:41:41,2026-04-29 01:41:41,2026-04-27 01:41:41,DB Schenker,140952.23,Delivered
SHIP001740,PO003791,SUP00156,PLT0005,2026-06-10 20:15:13,2026-06-17 20:15:13,2026-06-14 20:15:13,Kuehne+Nagel,1378281.18,Delivered
SHIP001741,PO002951,SUP00051,PLT0017,2026-06-16 01:30:57,2026-06-18 01:30:57,2026-06-15 01:30:57,Kuehne+Nagel,111053.64,Delivered
SHIP001742,PO004107,SUP00073,PLT0003,2026-03-11 03:33:30,2026-04-24 03:33:30,2026-04-21 03:33:30,BlueDart Cargo,473332.41,Delivered
SHIP001743,PO000836,SUP00144,PLT0020,2026-05-06 13:40:46,2026-06-04 13:40:46,2026-06-03 13:40:46,DB Schenker,490667.57,Delivered
SHIP001744,PO000121,SUP00197,PLT0005,2026-06-24 11:15:44,2026-06-30 11:15:44,2026-06-29 11:15:44,FedEx Freight,241107.54,Delivered
SHIP001745,PO002230,SUP00123,PLT0001,2026-03-02 08:06:32,2026-04-26 08:06:32,2026-04-23 08:06:32,Delhivery B2B,720621.85,Delivered
SHIP001746,PO003863,SUP00006,PLT0008,2026-02-25 12:29:40,2026-03-03 12:29:40,2026-03-03 12:29:40,Delhivery B2B,235116.39,Delivered
SHIP001747,PO002120,SUP00132,PLT0017,2026-05-07 11:40:03,2026-05-19 11:40:03,2026-05-18 11:40:03,DB Schenker,4291.69,Delivered
SHIP001748,PO003159,SUP00100,PLT0025,2026-03-04 15:36:43,2026-04-14 15:36:43,2026-04-14 15:36:43,BlueDart Cargo,280486.05,Delivered
SHIP001749,PO002022,SUP00157,PLT0004,2026-02-18 06:26:30,2026-04-02 06:26:30,2026-04-01 06:26:30,Maersk,286693.56,Delivered
SHIP001750,PO004252,SUP00146,PLT0005,2026-01-29 18:42:52,2026-02-17 18:42:52,2026-02-15 18:42:52,Delhivery B2B,412969.32,Delivered
SHIP001751,PO004329,SUP00089,PLT0015,2026-05-01 20:57:55,2026-05-21 20:57:55,2026-05-21 20:57:55,Kuehne+Nagel,192218.17,Delivered
SHIP001752,PO002458,SUP00120,PLT0023,2026-02-10 01:19:43,2026-04-07 01:19:43,2026-04-05 01:19:43,Delhivery B2B,132332.32,Delivered
SHIP001753,PO004469,SUP00038,PLT0002,2026-01-13 22:10:06,2026-03-13 22:10:06,2026-03-12 22:10:06,BlueDart Cargo,1471691.51,Delivered
SHIP001754,PO000724,SUP00015,PLT0012,2026-04-25 20:58:41,2026-05-01 20:58:41,2026-04-28 20:58:41,Maersk,174275.46,Delivered
SHIP001755,PO002049,SUP00014,PLT0013,2026-03-03 05:45:31,2026-03-12 05:45:31,2026-03-11 05:45:31,Maersk,55606.55,Delivered
SHIP001756,PO000314,SUP00137,PLT0003,2026-06-15 02:01:46,2026-06-28 02:01:46,2026-07-12 02:01:46,BlueDart Cargo,554898.67,Delivered Late
SHIP001757,PO000721,SUP00016,PLT0004,2026-06-08 15:49:36,2026-06-26 15:49:36,2026-06-25 15:49:36,DHL,649864.73,Delivered
SHIP001758,PO000337,SUP00008,PLT0026,2026-04-11 07:08:43,2026-04-13 07:08:43,2026-04-10 07:08:43,DB Schenker,23909.92,Delivered
SHIP001759,PO004996,SUP00001,PLT0022,2026-04-16 11:52:54,2026-05-29 11:52:54,2026-05-28 11:52:54,Kuehne+Nagel,1739.81,Delivered
SHIP001760,PO004896,SUP00018,PLT0017,2026-02-21 14:28:08,2026-03-09 14:28:08,2026-03-24 14:28:08,FedEx Freight,438826.16,Delivered Late
SHIP001761,PO003979,SUP00197,PLT0016,2026-04-30 14:04:52,2026-05-06 14:04:52,2026-05-06 14:04:52,Kuehne+Nagel,104664.44,Delivered
SHIP001762,PO001294,SUP00071,PLT0005,2026-01-06 11:50:13,2026-03-05 11:50:13,2026-03-03 11:50:13,FedEx Freight,217464.65,Delivered
SHIP001763,PO002927,SUP00095,PLT0027,2026-02-28 23:23:00,2026-03-16 23:23:00,2026-03-15 23:23:00,Kuehne+Nagel,100462.15,Delivered
SHIP001764,PO003226,SUP00123,PLT0015,2026-01-03 20:06:45,2026-03-03 20:06:45,2026-03-02 20:06:45,BlueDart Cargo,315267.57,Delivered
SHIP001765,PO002274,SUP00067,PLT0028,2026-03-27 13:57:41,2026-05-08 13:57:41,2026-05-07 13:57:41,DB Schenker,899738.1,Delivered
SHIP001766,PO000457,SUP00032,PLT0020,2026-01-20 06:05:52,2026-03-05 06:05:52,2026-03-03 06:05:52,Delhivery B2B,120587.17,Delivered
SHIP001767,PO003432,SUP00188,PLT0028,2026-01-19 01:41:23,2026-03-15 01:41:23,2026-03-29 01:41:23,Maersk,242378.04,Delivered Late
SHIP001768,PO004704,SUP00100,PLT0020,2026-02-18 18:17:59,2026-04-01 18:17:59,2026-03-29 18:17:59,BlueDart Cargo,72664.33,Delivered
SHIP001769,PO003876,SUP00164,PLT0003,2026-02-06 06:51:23,2026-02-09 06:51:23,2026-02-09 06:51:23,FedEx Freight,565626.6,Delivered
SHIP001770,PO000307,SUP00146,PLT0008,2026-03-29 14:32:35,2026-04-18 14:32:35,2026-04-16 14:32:35,BlueDart Cargo,631414.76,Delivered
SHIP001771,PO000137,SUP00003,PLT0017,2026-05-23 18:10:41,2026-05-29 18:10:41,2026-05-28 18:10:41,Kuehne+Nagel,666972.51,Delivered
SHIP001772,PO000708,SUP00072,PLT0016,2026-02-24 00:58:00,2026-04-22 00:58:00,2026-05-06 00:58:00,Maersk,627237.24,Delivered Late
SHIP001773,PO001592,SUP00052,PLT0024,2026-05-08 21:11:45,2026-06-04 21:11:45,2026-06-03 21:11:45,FedEx Freight,8087.16,Delivered
SHIP001774,PO000701,SUP00076,PLT0008,2026-06-24 11:10:25,2026-07-05 11:10:25,2026-07-03 11:10:25,Delhivery B2B,783758.7,Delivered
SHIP001775,PO004565,SUP00110,PLT0020,2026-03-29 02:59:29,2026-04-11 02:59:29,2026-04-09 02:59:29,BlueDart Cargo,165487.37,Delivered
SHIP001776,PO003973,SUP00035,PLT0019,2026-01-31 06:05:56,2026-03-13 06:05:56,2026-03-12 06:05:56,Delhivery B2B,354648.71,Delivered
SHIP001777,PO001329,SUP00066,PLT0026,2026-02-05 20:20:33,2026-03-19 20:20:33,2026-03-16 20:20:33,DB Schenker,142748.19,Delivered
SHIP001778,PO003096,SUP00197,PLT0016,2026-03-08 00:09:17,2026-03-14 00:09:17,2026-03-20 00:09:17,Delhivery B2B,79499.14,Delivered Late
SHIP001779,PO003015,SUP00129,PLT0016,2026-02-06 08:03:20,2026-04-03 08:03:20,2026-04-15 08:03:20,DHL,615252.42,Delivered Late
SHIP001780,PO000418,SUP00026,PLT0018,2026-04-26 09:32:24,2026-06-20 09:32:24,2026-06-20 09:32:24,DB Schenker,369595.55,Delivered
SHIP001781,PO002489,SUP00016,PLT0027,2026-01-28 07:08:10,2026-02-16 07:08:10,2026-02-16 07:08:10,DHL,87378.24,Delivered
SHIP001782,PO000818,SUP00146,PLT0027,2026-04-21 02:39:14,2026-05-10 02:39:14,2026-05-07 02:39:14,Maersk,484725.46,Delivered
SHIP001783,PO000786,SUP00121,PLT0000,2026-05-05 11:51:21,2026-05-10 11:51:21,2026-05-21 11:51:21,Kuehne+Nagel,404313.97,Delivered Late
SHIP001784,PO001298,SUP00182,PLT0027,2026-02-04 22:03:12,2026-03-04 22:03:12,2026-03-03 22:03:12,Kuehne+Nagel,25569.4,Delivered
SHIP001785,PO001717,SUP00077,PLT0025,2026-04-25 12:02:54,2026-06-06 12:02:54,2026-06-05 12:02:54,DHL,270343.41,Delivered
SHIP001786,PO000534,SUP00195,PLT0001,2026-02-03 01:59:17,2026-02-16 01:59:17,2026-02-22 01:59:17,BlueDart Cargo,210562.44,Delivered Late
SHIP001787,PO003165,SUP00192,PLT0023,2026-03-14 07:48:55,2026-05-08 07:48:55,2026-05-07 07:48:55,DB Schenker,239849.18,Delivered
SHIP001788,PO002078,SUP00134,PLT0010,2026-03-03 10:28:09,2026-03-09 10:28:09,2026-03-09 10:28:09,DHL,237117.17,Delivered
SHIP001789,PO001180,SUP00013,PLT0027,2026-06-16 03:07:36,2026-07-06 03:07:36,2026-07-05 03:07:36,Delhivery B2B,94891.17,Delivered
SHIP001790,PO001190,SUP00039,PLT0028,2026-03-19 22:34:27,2026-03-31 22:34:27,2026-03-29 22:34:27,Maersk,484606.57,Delivered
SHIP001791,PO003617,SUP00091,PLT0007,2026-05-11 06:41:02,2026-05-24 06:41:02,2026-05-22 06:41:02,DB Schenker,1051.82,Delivered
SHIP001792,PO003455,SUP00084,PLT0027,2026-06-15 09:41:43,2026-06-19 09:41:43,2026-06-18 09:41:43,Delhivery B2B,341200.51,Delivered
SHIP001793,PO004919,SUP00152,PLT0019,2026-06-07 04:18:56,2026-06-23 04:18:56,2026-06-20 04:18:56,BlueDart Cargo,277077.71,Delivered
SHIP001794,PO004709,SUP00107,PLT0000,2026-04-27 03:36:42,2026-05-17 03:36:42,2026-05-27 03:36:42,Kuehne+Nagel,17678.73,Delivered Late
SHIP001795,PO003582,SUP00166,PLT0021,2026-03-12 20:23:28,2026-03-29 20:23:28,2026-04-01 20:23:28,Maersk,818510.49,Delivered Late
SHIP001796,PO000752,SUP00093,PLT0003,2026-05-04 21:47:44,2026-05-07 21:47:44,2026-05-04 21:47:44,BlueDart Cargo,182264.25,Delivered
SHIP001797,PO002048,SUP00038,PLT0000,2026-04-08 11:29:43,2026-06-03 11:29:43,2026-06-01 11:29:43,BlueDart Cargo,613850.24,Delivered
SHIP001798,PO001040,SUP00109,PLT0023,2026-03-04 11:08:52,2026-03-13 11:08:52,2026-03-11 11:08:52,Delhivery B2B,88464.07,Delivered
SHIP001799,PO004629,SUP00099,PLT0006,2026-03-10 01:55:11,2026-05-06 01:55:11,2026-05-06 01:55:11,BlueDart Cargo,332473.78,Delivered
SHIP001800,PO002965,SUP00182,PLT0025,2026-04-02 01:21:31,2026-05-01 01:21:31,2026-04-28 01:21:31,BlueDart Cargo,169430.39,Delivered
SHIP001801,PO000406,SUP00080,PLT0022,2026-02-16 07:54:05,2026-03-01 07:54:05,2026-03-16 07:54:05,Kuehne+Nagel,436832.31,Delivered Late
SHIP001802,PO000687,SUP00072,PLT0018,2026-04-18 18:00:44,2026-06-15 18:00:44,2026-06-12 18:00:44,Delhivery B2B,1249842.31,Delivered
SHIP001803,PO001453,SUP00191,PLT0010,2026-03-16 04:36:42,2026-05-10 04:36:42,2026-05-22 04:36:42,Kuehne+Nagel,462949.87,Delivered Late
SHIP001804,PO002855,SUP00074,PLT0026,2026-03-20 17:35:10,2026-03-28 17:35:10,2026-03-26 17:35:10,BlueDart Cargo,208142.66,Delivered
SHIP001805,PO000543,SUP00156,PLT0025,2026-05-19 16:50:23,2026-05-28 16:50:23,2026-06-05 16:50:23,Kuehne+Nagel,190414.19,Delivered Late
SHIP001806,PO004587,SUP00087,PLT0029,2026-04-23 10:26:16,2026-06-06 10:26:16,2026-06-03 10:26:16,FedEx Freight,138529.49,Delivered
SHIP001807,PO003688,SUP00060,PLT0006,2026-01-15 02:51:34,2026-03-13 02:51:34,2026-03-12 02:51:34,BlueDart Cargo,227357.99,Delivered
SHIP001808,PO004782,SUP00120,PLT0013,2026-03-11 15:05:33,2026-05-05 15:05:33,2026-05-04 15:05:33,DHL,393302.6,Delivered
SHIP001809,PO004075,SUP00030,PLT0027,2026-03-07 14:55:24,2026-04-02 14:55:24,2026-03-30 14:55:24,BlueDart Cargo,1141521.38,Delivered
SHIP001810,PO004574,SUP00198,PLT0019,2026-06-05 10:59:54,2026-07-01 10:59:54,2026-06-29 10:59:54,Delhivery B2B,14213.88,Delivered
SHIP001811,PO003482,SUP00095,PLT0005,2026-05-09 06:44:54,2026-05-28 06:44:54,2026-05-28 06:44:54,Kuehne+Nagel,140957.05,Delivered
SHIP001812,PO002304,SUP00000,PLT0004,2026-01-07 00:47:43,2026-01-13 00:47:43,2026-01-13 00:47:43,Kuehne+Nagel,495252.92,Delivered
SHIP001813,PO000284,SUP00096,PLT0006,2026-05-05 02:00:52,2026-05-13 02:00:52,2026-05-23 02:00:52,DHL,321195.94,Delivered Late
SHIP001814,PO003737,SUP00059,PLT0012,2026-02-07 23:07:25,2026-02-18 23:07:25,2026-02-17 23:07:25,Maersk,67431.63,Delivered
SHIP001815,PO000641,SUP00134,PLT0002,2026-03-03 10:25:36,2026-03-12 10:25:36,2026-03-12 10:25:36,DHL,223416.91,Delivered
SHIP001816,PO003244,SUP00034,PLT0029,2026-05-10 14:03:10,2026-06-04 14:03:10,2026-06-03 14:03:10,FedEx Freight,178732.61,Delivered
SHIP001817,PO003120,SUP00014,PLT0017,2026-02-02 21:05:15,2026-02-07 21:05:15,2026-02-17 21:05:15,DHL,68923.59,Delivered Late
SHIP001818,PO002661,SUP00128,PLT0009,2026-04-29 01:56:35,2026-05-17 01:56:35,2026-05-17 01:56:35,Maersk,580120.43,Delivered
SHIP001819,PO000482,SUP00083,PLT0020,2026-03-11 12:16:04,2026-05-06 12:16:04,2026-05-03 12:16:04,Maersk,193455.57,Delivered
SHIP001820,PO003748,SUP00023,PLT0005,2026-03-21 13:13:22,2026-04-03 13:13:22,2026-03-31 13:13:22,DHL,13647.47,Delivered
SHIP001821,PO001194,SUP00116,PLT0021,2026-06-23 05:08:45,2026-07-09 05:08:45,2026-07-11 05:08:45,DB Schenker,78425.17,Delivered Late
SHIP001822,PO004109,SUP00020,PLT0023,2026-04-11 04:00:47,2026-06-06 04:00:47,2026-06-04 04:00:47,FedEx Freight,45163.49,Delivered
SHIP001823,PO004829,SUP00097,PLT0006,2026-02-03 01:33:19,2026-02-09 01:33:19,2026-02-08 01:33:19,DB Schenker,1541.64,Delivered
SHIP001824,PO001627,SUP00078,PLT0026,2026-04-05 18:49:05,2026-06-02 18:49:05,2026-06-01 18:49:05,Maersk,193343.29,Delivered
SHIP001825,PO002697,SUP00007,PLT0000,2026-02-18 14:36:11,2026-03-01 14:36:11,2026-03-10 14:36:11,DHL,6196.29,Delivered Late
SHIP001826,PO001715,SUP00000,PLT0013,2026-04-30 10:14:14,2026-05-05 10:14:14,2026-05-05 10:14:14,Kuehne+Nagel,458204.85,Delivered
SHIP001827,PO001765,SUP00157,PLT0021,2026-01-21 16:34:23,2026-03-03 16:34:23,2026-02-28 16:34:23,FedEx Freight,175186.29,Delivered
SHIP001828,PO004365,SUP00082,PLT0013,2026-04-09 06:03:11,2026-04-18 06:03:11,2026-04-17 06:03:11,BlueDart Cargo,92533.39,Delivered
SHIP001829,PO001910,SUP00140,PLT0008,2026-05-02 01:23:10,2026-06-14 01:23:10,2026-06-12 01:23:10,Delhivery B2B,138053.87,Delivered
SHIP001830,PO002101,SUP00198,PLT0023,2026-02-26 23:42:28,2026-03-23 23:42:28,2026-03-22 23:42:28,FedEx Freight,469139.06,Delivered
SHIP001831,PO000844,SUP00108,PLT0016,2026-05-10 08:48:42,2026-07-08 08:48:42,2026-07-05 08:48:42,DHL,1162510.84,Delivered
SHIP001832,PO000106,SUP00084,PLT0005,2026-05-22 12:43:16,2026-05-28 12:43:16,2026-05-28 12:43:16,BlueDart Cargo,250928.99,Delivered
SHIP001833,PO000789,SUP00110,PLT0012,2026-06-28 15:06:15,2026-07-07 15:06:15,2026-07-06 15:06:15,FedEx Freight,116061.5,Delivered
SHIP001834,PO004879,SUP00046,PLT0020,2026-01-09 15:54:50,2026-01-14 15:54:50,2026-01-12 15:54:50,Kuehne+Nagel,588283.56,Delivered
SHIP001835,PO004441,SUP00103,PLT0002,2026-06-26 10:06:54,2026-07-08 10:06:54,2026-07-09 10:06:54,Maersk,41169.52,Delivered Late
SHIP001836,PO004175,SUP00152,PLT0021,2026-01-08 09:29:42,2026-01-27 09:29:42,2026-02-02 09:29:42,FedEx Freight,542026.76,Delivered Late
SHIP001837,PO004377,SUP00155,PLT0015,2026-04-24 08:57:32,2026-05-10 08:57:32,2026-05-10 08:57:32,Maersk,322264.72,Delivered
SHIP001838,PO004532,SUP00153,PLT0015,2026-01-20 13:32:13,2026-03-03 13:32:13,2026-03-03 13:32:13,FedEx Freight,352994.68,Delivered
SHIP001839,PO003446,SUP00163,PLT0006,2026-04-09 06:24:54,2026-04-13 06:24:54,2026-04-11 06:24:54,DHL,232138.8,Delivered
SHIP001840,PO004147,SUP00080,PLT0027,2026-05-16 16:12:05,2026-05-26 16:12:05,2026-05-29 16:12:05,DB Schenker,7225.03,Delivered Late
SHIP001841,PO004640,SUP00107,PLT0007,2026-04-07 14:04:15,2026-04-27 14:04:15,2026-04-25 14:04:15,Delhivery B2B,108097.75,Delivered
SHIP001842,PO004000,SUP00095,PLT0023,2026-06-20 17:45:57,2026-07-08 17:45:57,2026-07-05 17:45:57,Kuehne+Nagel,849235.02,Delivered
SHIP001843,PO000884,SUP00122,PLT0024,2026-05-23 20:23:21,2026-07-05 20:23:21,2026-07-05 20:23:21,BlueDart Cargo,257670.91,Delivered
SHIP001844,PO003512,SUP00115,PLT0010,2026-06-21 12:54:09,2026-07-03 12:54:09,2026-07-03 12:54:09,Maersk,293629.78,Delivered
SHIP001845,PO001434,SUP00120,PLT0014,2026-01-02 16:04:24,2026-03-02 16:04:24,2026-02-28 16:04:24,Kuehne+Nagel,11817.12,Delivered
SHIP001846,PO000329,SUP00092,PLT0002,2026-02-09 20:08:30,2026-03-22 20:08:30,2026-03-21 20:08:30,Delhivery B2B,78456.43,Delivered
SHIP001847,PO004807,SUP00052,PLT0012,2026-05-21 09:27:47,2026-06-16 09:27:47,2026-06-13 09:27:47,BlueDart Cargo,98787.12,Delivered
SHIP001848,PO001994,SUP00104,PLT0024,2026-06-20 10:37:09,2026-06-27 10:37:09,2026-06-24 10:37:09,Delhivery B2B,697543.36,Delivered
SHIP001849,PO004546,SUP00180,PLT0007,2026-02-17 06:41:29,2026-02-26 06:41:29,2026-02-24 06:41:29,DB Schenker,98710.43,Delivered
SHIP001850,PO002794,SUP00146,PLT0000,2026-02-10 06:14:55,2026-03-02 06:14:55,2026-03-07 06:14:55,Kuehne+Nagel,40303.0,Delivered Late
SHIP001851,PO002191,SUP00100,PLT0020,2026-05-13 02:04:19,2026-06-25 02:04:19,2026-06-22 02:04:19,BlueDart Cargo,329183.8,Delivered
SHIP001852,PO001056,SUP00157,PLT0019,2026-04-02 16:54:13,2026-05-12 16:54:13,2026-05-09 16:54:13,Maersk,1335537.64,Delivered
SHIP001853,PO004281,SUP00032,PLT0003,2026-01-18 22:02:24,2026-03-01 22:02:24,2026-03-01 22:02:24,Delhivery B2B,363597.13,Delivered
SHIP001854,PO003704,SUP00036,PLT0002,2026-03-05 05:04:40,2026-05-01 05:04:40,2026-04-30 05:04:40,BlueDart Cargo,72749.97,Delivered
SHIP001855,PO004272,SUP00034,PLT0015,2026-02-25 04:38:15,2026-03-22 04:38:15,2026-03-22 04:38:15,DHL,77866.08,Delivered
SHIP001856,PO003017,SUP00164,PLT0006,2026-05-14 06:38:03,2026-05-18 06:38:03,2026-06-01 06:38:03,Maersk,21582.36,Delivered Late
SHIP001857,PO002674,SUP00062,PLT0015,2026-03-02 17:12:40,2026-03-14 17:12:40,2026-03-11 17:12:40,Delhivery B2B,131749.75,Delivered
SHIP001858,PO004529,SUP00019,PLT0029,2026-04-06 07:11:33,2026-06-04 07:11:33,2026-06-03 07:11:33,Delhivery B2B,64795.31,Delivered
SHIP001859,PO002920,SUP00120,PLT0023,2026-05-08 16:25:43,2026-07-06 16:25:43,2026-07-10 16:25:43,BlueDart Cargo,265547.22,Delivered Late
SHIP001860,PO003391,SUP00070,PLT0011,2026-05-16 08:14:15,2026-06-26 08:14:15,2026-06-24 08:14:15,Maersk,138606.34,Delivered
SHIP001861,PO003220,SUP00145,PLT0022,2026-01-26 22:28:48,2026-03-24 22:28:48,2026-03-24 22:28:48,FedEx Freight,194192.83,Delivered
SHIP001862,PO001559,SUP00173,PLT0008,2026-04-13 04:23:35,2026-04-19 04:23:35,2026-04-21 04:23:35,BlueDart Cargo,17970.64,Delivered Late
SHIP001863,PO002026,SUP00002,PLT0009,2026-06-28 14:59:55,2026-07-04 14:59:55,2026-07-01 14:59:55,Delhivery B2B,238754.87,Delivered
SHIP001864,PO004558,SUP00136,PLT0009,2026-03-27 06:16:34,2026-04-07 06:16:34,2026-04-13 06:16:34,DHL,931337.54,Delivered Late
SHIP001865,PO004273,SUP00145,PLT0010,2026-01-06 05:38:31,2026-03-02 05:38:31,2026-03-02 05:38:31,Maersk,780684.75,Delivered
SHIP001866,PO000408,SUP00189,PLT0007,2026-02-19 08:53:08,2026-04-04 08:53:08,2026-04-01 08:53:08,Kuehne+Nagel,9778.01,Delivered
SHIP001867,PO002279,SUP00161,PLT0027,2026-01-15 10:15:53,2026-02-13 10:15:53,2026-02-10 10:15:53,Kuehne+Nagel,94077.1,Delivered
SHIP001868,PO004342,SUP00144,PLT0006,2026-02-24 19:43:38,2026-03-22 19:43:38,2026-03-27 19:43:38,DHL,355610.28,Delivered Late
SHIP001869,PO004054,SUP00109,PLT0022,2026-05-14 16:33:16,2026-05-20 16:33:16,2026-05-18 16:33:16,Kuehne+Nagel,200139.0,Delivered
SHIP001870,PO004606,SUP00034,PLT0000,2026-04-25 11:33:32,2026-05-24 11:33:32,2026-05-22 11:33:32,Kuehne+Nagel,770204.15,Delivered
SHIP001871,PO004626,SUP00194,PLT0019,2026-03-14 09:20:56,2026-03-31 09:20:56,2026-03-31 09:20:56,DHL,79317.55,Delivered
SHIP001872,PO004332,SUP00016,PLT0024,2026-06-02 13:40:36,2026-06-21 13:40:36,2026-06-30 13:40:36,FedEx Freight,33320.32,Delivered Late
SHIP001873,PO000011,SUP00192,PLT0006,2026-03-21 17:05:24,2026-05-18 17:05:24,2026-05-16 17:05:24,Kuehne+Nagel,321994.46,Delivered
SHIP001874,PO002083,SUP00198,PLT0006,2026-03-14 18:06:57,2026-04-10 18:06:57,2026-04-07 18:06:57,DB Schenker,115921.53,Delivered
SHIP001875,PO002956,SUP00179,PLT0018,2026-05-26 15:41:52,2026-06-23 15:41:52,2026-06-21 15:41:52,Maersk,322537.95,Delivered
SHIP001876,PO001113,SUP00193,PLT0000,2026-04-17 03:59:55,2026-04-24 03:59:55,2026-05-08 03:59:55,Maersk,491407.75,Delivered Late
SHIP001877,PO004204,SUP00067,PLT0001,2026-01-12 16:03:55,2026-02-25 16:03:55,2026-02-24 16:03:55,BlueDart Cargo,48248.86,Delivered
SHIP001878,PO003069,SUP00096,PLT0020,2026-01-31 01:05:59,2026-02-07 01:05:59,2026-02-06 01:05:59,DB Schenker,478409.71,Delivered
SHIP001879,PO003722,SUP00149,PLT0024,2026-04-18 16:13:31,2026-06-16 16:13:31,2026-06-15 16:13:31,BlueDart Cargo,595488.95,Delivered
SHIP001880,PO004707,SUP00108,PLT0007,2026-01-16 13:59:02,2026-03-15 13:59:02,2026-03-21 13:59:02,DB Schenker,67271.66,Delivered Late
SHIP001881,PO001022,SUP00085,PLT0018,2026-04-21 23:44:49,2026-06-02 23:44:49,2026-05-30 23:44:49,Kuehne+Nagel,141597.32,Delivered
SHIP001882,PO002100,SUP00101,PLT0008,2026-03-06 02:37:11,2026-05-02 02:37:11,2026-05-01 02:37:11,Kuehne+Nagel,819521.93,Delivered
SHIP001883,PO001376,SUP00108,PLT0022,2026-02-03 17:20:40,2026-04-02 17:20:40,2026-04-02 17:20:40,FedEx Freight,217116.12,Delivered
SHIP001884,PO004425,SUP00149,PLT0014,2026-01-15 19:03:32,2026-03-12 19:03:32,2026-03-11 19:03:32,DHL,56264.67,Delivered
SHIP001885,PO002334,SUP00055,PLT0000,2026-02-18 19:55:11,2026-02-24 19:55:11,2026-03-10 19:55:11,BlueDart Cargo,177537.23,Delivered Late
SHIP001886,PO001074,SUP00071,PLT0024,2026-03-30 06:45:48,2026-05-27 06:45:48,2026-05-26 06:45:48,Delhivery B2B,721444.34,Delivered
SHIP001887,PO004752,SUP00160,PLT0020,2026-06-06 12:22:11,2026-06-09 12:22:11,2026-06-06 12:22:11,Delhivery B2B,231211.81,Delivered
SHIP001888,PO001528,SUP00188,PLT0013,2026-02-08 04:07:35,2026-04-04 04:07:35,2026-04-04 04:07:35,Maersk,212043.52,Delivered
SHIP001889,PO004739,SUP00098,PLT0028,2026-01-22 08:15:25,2026-03-18 08:15:25,2026-03-18 08:15:25,DHL,186356.7,Delivered
SHIP001890,PO004518,SUP00019,PLT0009,2026-02-22 02:49:19,2026-04-20 02:49:19,2026-04-20 02:49:19,BlueDart Cargo,684216.66,Delivered
SHIP001891,PO004598,SUP00117,PLT0025,2026-04-12 13:46:28,2026-05-23 13:46:28,2026-05-23 13:46:28,BlueDart Cargo,1131632.79,Delivered
SHIP001892,PO003087,SUP00090,PLT0005,2026-04-25 07:20:08,2026-05-11 07:20:08,2026-05-25 07:20:08,BlueDart Cargo,302620.92,Delivered Late
SHIP001893,PO004030,SUP00075,PLT0010,2026-02-09 07:56:39,2026-04-05 07:56:39,2026-04-05 07:56:39,Kuehne+Nagel,393691.45,Delivered
SHIP001894,PO001421,SUP00047,PLT0028,2026-01-25 21:28:46,2026-02-07 21:28:46,2026-02-06 21:28:46,Delhivery B2B,645362.15,Delivered
SHIP001895,PO002596,SUP00088,PLT0019,2026-01-26 12:24:33,2026-02-24 12:24:33,2026-02-23 12:24:33,BlueDart Cargo,149363.89,Delivered
SHIP001896,PO002383,SUP00072,PLT0021,2026-04-19 17:41:24,2026-06-14 17:41:24,2026-06-11 17:41:24,Maersk,69906.28,Delivered
SHIP001897,PO000876,SUP00002,PLT0029,2026-04-17 07:02:40,2026-04-23 07:02:40,2026-05-06 07:02:40,BlueDart Cargo,339533.75,Delivered Late
SHIP001898,PO004361,SUP00145,PLT0004,2026-05-12 19:58:34,2026-07-09 19:58:34,,DB Schenker,1091174.13,Delayed
SHIP001899,PO001032,SUP00050,PLT0025,2026-05-04 04:39:18,2026-06-02 04:39:18,2026-06-12 04:39:18,Maersk,84296.39,Delivered Late
SHIP001900,PO000223,SUP00154,PLT0010,2026-02-01 13:32:07,2026-02-07 13:32:07,2026-02-20 13:32:07,BlueDart Cargo,384631.01,Delivered Late
SHIP001901,PO003198,SUP00136,PLT0014,2026-02-12 12:12:47,2026-02-25 12:12:47,2026-02-22 12:12:47,DB Schenker,164073.24,Delivered
SHIP001902,PO000192,SUP00067,PLT0017,2026-03-20 11:06:29,2026-04-30 11:06:29,2026-05-02 11:06:29,DHL,226995.28,Delivered Late
SHIP001903,PO001891,SUP00078,PLT0014,2026-03-23 12:07:27,2026-05-18 12:07:27,2026-05-16 12:07:27,BlueDart Cargo,9393.29,Delivered
SHIP001904,PO001489,SUP00125,PLT0028,2026-04-03 04:21:33,2026-05-14 04:21:33,2026-05-18 04:21:33,Maersk,498853.1,Delivered Late
SHIP001905,PO003842,SUP00095,PLT0000,2026-06-18 21:14:35,2026-07-05 21:14:35,2026-07-03 21:14:35,DHL,253728.93,Delivered
SHIP001906,PO002247,SUP00113,PLT0001,2026-02-02 07:55:44,2026-04-01 07:55:44,2026-03-29 07:55:44,Maersk,172957.99,Delivered
SHIP001907,PO003297,SUP00140,PLT0008,2026-02-28 03:12:16,2026-04-11 03:12:16,2026-04-22 03:12:16,DHL,282562.03,Delivered Late
SHIP001908,PO002899,SUP00037,PLT0017,2026-06-27 06:32:16,2026-07-06 06:32:16,2026-07-06 06:32:16,Delhivery B2B,880990.8,Delivered
SHIP001909,PO004749,SUP00088,PLT0024,2026-01-14 10:14:50,2026-02-11 10:14:50,2026-02-25 10:14:50,DB Schenker,550360.36,Delivered Late
SHIP001910,PO002528,SUP00139,PLT0021,2026-01-04 09:44:08,2026-01-16 09:44:08,2026-01-31 09:44:08,DHL,239360.04,Delivered Late
SHIP001911,PO001940,SUP00124,PLT0021,2026-04-26 12:58:49,2026-05-25 12:58:49,2026-05-24 12:58:49,Kuehne+Nagel,368370.91,Delivered
SHIP001912,PO000674,SUP00116,PLT0027,2026-04-08 13:19:29,2026-04-27 13:19:29,2026-04-24 13:19:29,DHL,361640.18,Delivered
SHIP001913,PO004978,SUP00159,PLT0015,2026-01-16 00:32:04,2026-01-18 00:32:04,2026-01-18 00:32:04,Maersk,528685.85,Delivered
SHIP001914,PO001391,SUP00072,PLT0022,2026-04-29 13:39:43,2026-06-26 13:39:43,2026-06-25 13:39:43,DHL,19909.84,Delivered
SHIP001915,PO004018,SUP00071,PLT0011,2026-03-23 01:35:19,2026-05-17 01:35:19,2026-05-15 01:35:19,DHL,296389.14,Delivered
SHIP001916,PO002984,SUP00106,PLT0025,2026-05-17 01:24:34,2026-05-24 01:24:34,2026-05-21 01:24:34,BlueDart Cargo,405128.83,Delivered
SHIP001917,PO004426,SUP00100,PLT0000,2026-01-15 15:23:40,2026-02-27 15:23:40,2026-02-24 15:23:40,BlueDart Cargo,118113.21,Delivered
SHIP001918,PO003630,SUP00162,PLT0008,2026-01-24 23:50:48,2026-01-30 23:50:48,2026-01-27 23:50:48,Delhivery B2B,435098.91,Delivered
SHIP001919,PO001314,SUP00120,PLT0010,2026-02-13 03:09:12,2026-04-09 03:09:12,2026-04-06 03:09:12,Maersk,917268.73,Delivered
SHIP001920,PO000193,SUP00028,PLT0019,2026-05-27 06:59:44,2026-05-29 06:59:44,2026-06-05 06:59:44,Delhivery B2B,9949.68,Delivered Late
SHIP001921,PO000527,SUP00007,PLT0028,2026-02-21 07:12:11,2026-03-04 07:12:11,2026-03-03 07:12:11,Delhivery B2B,56291.1,Delivered
SHIP001922,PO003094,SUP00154,PLT0008,2026-01-31 23:22:08,2026-02-09 23:22:08,2026-02-18 23:22:08,Delhivery B2B,236978.59,Delivered Late
SHIP001923,PO001377,SUP00056,PLT0015,2026-04-09 04:27:36,2026-06-05 04:27:36,2026-06-04 04:27:36,Delhivery B2B,37685.24,Delivered
SHIP001924,PO003623,SUP00035,PLT0020,2026-04-05 13:09:02,2026-05-18 13:09:02,2026-05-16 13:09:02,DHL,51537.81,Delivered
SHIP001925,PO001017,SUP00161,PLT0005,2026-03-30 01:57:17,2026-04-28 01:57:17,2026-04-27 01:57:17,BlueDart Cargo,383636.09,Delivered
SHIP001926,PO002940,SUP00096,PLT0016,2026-02-08 02:17:30,2026-02-13 02:17:30,2026-02-13 02:17:30,Kuehne+Nagel,270444.62,Delivered
SHIP001927,PO000481,SUP00019,PLT0025,2026-04-02 20:17:37,2026-05-30 20:17:37,2026-05-29 20:17:37,Maersk,261151.71,Delivered
SHIP001928,PO003884,SUP00179,PLT0021,2026-05-08 09:00:37,2026-06-06 09:00:37,2026-06-03 09:00:37,DB Schenker,3382.7,Delivered
SHIP001929,PO003184,SUP00096,PLT0023,2026-02-21 21:44:31,2026-03-01 21:44:31,2026-02-28 21:44:31,DHL,51402.35,Delivered
SHIP001930,PO000756,SUP00080,PLT0004,2026-02-01 03:38:51,2026-02-13 03:38:51,2026-02-10 03:38:51,Kuehne+Nagel,173173.37,Delivered
SHIP001931,PO001945,SUP00079,PLT0011,2026-04-27 07:04:38,2026-04-30 07:04:38,2026-05-04 07:04:38,Maersk,135721.23,Delivered Late
SHIP001932,PO003754,SUP00063,PLT0029,2026-01-31 23:04:14,2026-02-25 23:04:14,2026-02-24 23:04:14,Kuehne+Nagel,302754.87,Delivered
SHIP001933,PO001527,SUP00075,PLT0002,2026-03-07 14:07:04,2026-05-01 14:07:04,2026-05-01 14:07:04,DB Schenker,116950.58,Delivered
SHIP001934,PO001102,SUP00046,PLT0015,2026-02-16 17:22:26,2026-02-24 17:22:26,2026-02-23 17:22:26,Kuehne+Nagel,472795.85,Delivered
SHIP001935,PO001169,SUP00074,PLT0003,2026-04-26 15:33:57,2026-05-02 15:33:57,2026-04-30 15:33:57,DB Schenker,293446.33,Delivered
SHIP001936,PO002774,SUP00182,PLT0024,2026-05-03 03:17:31,2026-06-01 03:17:31,2026-05-29 03:17:31,Maersk,402979.9,Delivered
SHIP001937,PO004322,SUP00019,PLT0009,2026-03-13 18:19:39,2026-05-11 18:19:39,2026-05-09 18:19:39,FedEx Freight,179230.99,Delivered
SHIP001938,PO001498,SUP00086,PLT0018,2026-06-09 07:49:48,2026-06-28 07:49:48,2026-06-27 07:49:48,Delhivery B2B,667861.59,Delivered
SHIP001939,PO001289,SUP00185,PLT0008,2026-05-05 00:00:32,2026-07-02 00:00:32,2026-06-30 00:00:32,Kuehne+Nagel,566981.57,Delivered
SHIP001940,PO002560,SUP00011,PLT0025,2026-05-29 10:26:36,2026-06-04 10:26:36,2026-06-04 10:26:36,BlueDart Cargo,686523.56,Delivered
SHIP001941,PO000048,SUP00112,PLT0013,2026-02-02 18:30:21,2026-02-28 18:30:21,2026-02-25 18:30:21,Kuehne+Nagel,104998.54,Delivered
SHIP001942,PO001012,SUP00115,PLT0023,2026-01-28 08:33:22,2026-02-10 08:33:22,2026-02-09 08:33:22,BlueDart Cargo,298002.94,Delivered
SHIP001943,PO003275,SUP00096,PLT0020,2026-05-15 22:10:49,2026-05-20 22:10:49,2026-05-28 22:10:49,DHL,25472.81,Delivered Late
SHIP001944,PO000054,SUP00020,PLT0005,2026-02-15 23:49:13,2026-04-15 23:49:13,2026-04-15 23:49:13,BlueDart Cargo,8357.96,Delivered
SHIP001945,PO001855,SUP00018,PLT0012,2026-06-15 20:36:56,2026-07-02 20:36:56,2026-07-02 20:36:56,Delhivery B2B,120514.52,Delivered
SHIP001946,PO002361,SUP00125,PLT0009,2026-03-24 03:50:14,2026-05-04 03:50:14,2026-05-03 03:50:14,Kuehne+Nagel,52661.14,Delivered
SHIP001947,PO003259,SUP00102,PLT0015,2026-04-03 11:30:46,2026-04-20 11:30:46,2026-04-19 11:30:46,FedEx Freight,32930.76,Delivered
SHIP001948,PO003890,SUP00075,PLT0018,2026-04-16 21:57:49,2026-06-13 21:57:49,2026-06-13 21:57:49,BlueDart Cargo,747202.48,Delivered
SHIP001949,PO000542,SUP00090,PLT0001,2026-01-11 02:14:20,2026-01-28 02:14:20,2026-02-10 02:14:20,DB Schenker,256061.7,Delivered Late
SHIP001950,PO003700,SUP00097,PLT0029,2026-04-25 21:14:44,2026-05-04 21:14:44,2026-05-18 21:14:44,Kuehne+Nagel,121682.32,Delivered Late
SHIP001951,PO004684,SUP00022,PLT0010,2026-01-26 22:59:03,2026-03-08 22:59:03,2026-03-06 22:59:03,Kuehne+Nagel,756167.12,Delivered
SHIP001952,PO001752,SUP00062,PLT0014,2026-02-14 11:35:07,2026-02-25 11:35:07,2026-03-06 11:35:07,Maersk,19069.59,Delivered Late
SHIP001953,PO001922,SUP00190,PLT0000,2026-04-10 12:46:54,2026-06-06 12:46:54,2026-06-04 12:46:54,Maersk,282400.5,Delivered
SHIP001954,PO003408,SUP00145,PLT0014,2026-01-07 15:14:45,2026-03-03 15:14:45,2026-03-02 15:14:45,Kuehne+Nagel,853930.73,Delivered
SHIP001955,PO000608,SUP00040,PLT0017,2026-06-17 10:43:43,2026-06-23 10:43:43,2026-06-20 10:43:43,Maersk,480805.28,Delivered
SHIP001956,PO000973,SUP00126,PLT0011,2026-04-24 18:46:56,2026-05-10 18:46:56,2026-05-24 18:46:56,FedEx Freight,1525610.67,Delivered Late
SHIP001957,PO002534,SUP00183,PLT0019,2026-05-11 20:20:59,2026-06-07 20:20:59,2026-06-04 20:20:59,DHL,315586.52,Delivered
SHIP001958,PO001536,SUP00179,PLT0004,2026-02-07 18:23:02,2026-03-07 18:23:02,2026-03-07 18:23:02,DHL,778069.54,Delivered
SHIP001959,PO003799,SUP00159,PLT0015,2026-04-03 10:27:56,2026-04-06 10:27:56,2026-04-03 10:27:56,BlueDart Cargo,851597.64,Delivered
SHIP001960,PO003452,SUP00021,PLT0009,2026-02-24 07:16:28,2026-03-23 07:16:28,2026-03-21 07:16:28,FedEx Freight,90854.22,Delivered
SHIP001961,PO001986,SUP00089,PLT0027,2026-03-13 01:50:49,2026-03-29 01:50:49,2026-03-29 01:50:49,BlueDart Cargo,395483.95,Delivered
SHIP001962,PO002130,SUP00089,PLT0021,2026-02-23 22:52:11,2026-03-13 22:52:11,2026-03-10 22:52:11,Delhivery B2B,652761.99,Delivered
SHIP001963,PO004312,SUP00189,PLT0022,2026-02-04 06:10:29,2026-03-20 06:10:29,2026-03-18 06:10:29,Delhivery B2B,195805.37,Delivered
SHIP001964,PO004070,SUP00084,PLT0014,2026-06-30 12:55:55,2026-07-02 12:55:55,2026-07-02 12:55:55,FedEx Freight,49909.61,Delivered
SHIP001965,PO004845,SUP00041,PLT0019,2026-03-27 02:31:03,2026-04-03 02:31:03,2026-04-08 02:31:03,FedEx Freight,418755.02,Delivered Late
SHIP001966,PO003305,SUP00051,PLT0016,2026-06-27 16:22:59,2026-07-02 16:22:59,2026-07-01 16:22:59,BlueDart Cargo,11211.98,Delivered
SHIP001967,PO001308,SUP00149,PLT0013,2026-03-02 04:33:53,2026-04-29 04:33:53,2026-04-28 04:33:53,Maersk,106229.2,Delivered
SHIP001968,PO004952,SUP00039,PLT0004,2026-02-21 23:20:24,2026-03-04 23:20:24,2026-03-01 23:20:24,FedEx Freight,7637.47,Delivered
SHIP001969,PO004470,SUP00095,PLT0003,2026-02-22 16:16:42,2026-03-14 16:16:42,2026-03-17 16:16:42,Maersk,26027.26,Delivered Late
SHIP001970,PO004356,SUP00151,PLT0021,2026-02-04 00:53:23,2026-02-22 00:53:23,2026-02-22 00:53:23,BlueDart Cargo,248836.29,Delivered
SHIP001971,PO002226,SUP00063,PLT0005,2026-06-02 18:22:29,2026-06-27 18:22:29,2026-06-25 18:22:29,BlueDart Cargo,224517.55,Delivered
SHIP001972,PO003821,SUP00125,PLT0011,2026-03-24 13:16:39,2026-05-03 13:16:39,2026-04-30 13:16:39,FedEx Freight,1623691.95,Delivered
SHIP001973,PO003740,SUP00176,PLT0012,2026-04-14 15:44:54,2026-06-10 15:44:54,2026-06-09 15:44:54,DHL,205421.94,Delivered
SHIP001974,PO001745,SUP00100,PLT0008,2026-02-15 11:55:28,2026-03-31 11:55:28,2026-04-09 11:55:28,Kuehne+Nagel,437154.61,Delivered Late
SHIP001975,PO004265,SUP00061,PLT0003,2026-07-03 16:49:13,2026-07-08 16:49:13,2026-07-07 16:49:13,Kuehne+Nagel,359778.67,Delivered
SHIP001976,PO004840,SUP00184,PLT0007,2026-04-07 20:49:51,2026-04-19 20:49:51,2026-04-16 20:49:51,BlueDart Cargo,177541.21,Delivered
SHIP001977,PO001977,SUP00099,PLT0009,2026-03-08 15:31:45,2026-05-06 15:31:45,2026-05-13 15:31:45,DB Schenker,300515.08,Delivered Late
SHIP001978,PO003122,SUP00186,PLT0000,2026-05-05 22:06:54,2026-06-18 22:06:54,2026-06-18 22:06:54,DHL,727386.07,Delivered
SHIP001979,PO001224,SUP00077,PLT0024,2026-01-29 10:06:14,2026-03-10 10:06:14,2026-03-07 10:06:14,BlueDart Cargo,176256.53,Delivered
SHIP001980,PO000053,SUP00199,PLT0008,2026-01-30 03:09:00,2026-02-09 03:09:00,2026-02-07 03:09:00,FedEx Freight,467114.53,Delivered
SHIP001981,PO002493,SUP00123,PLT0019,2026-01-09 14:26:26,2026-03-05 14:26:26,2026-03-05 14:26:26,FedEx Freight,50685.29,Delivered
SHIP001982,PO003596,SUP00125,PLT0012,2026-03-03 22:01:41,2026-04-15 22:01:41,2026-04-15 22:01:41,DHL,570356.97,Delivered
SHIP001983,PO002368,SUP00193,PLT0011,2026-01-04 16:16:32,2026-01-11 16:16:32,2026-01-24 16:16:32,Kuehne+Nagel,42308.01,Delivered Late
SHIP001984,PO000157,SUP00138,PLT0028,2026-03-31 13:10:24,2026-04-09 13:10:24,2026-04-08 13:10:24,DB Schenker,11855.11,Delivered
SHIP001985,PO001880,SUP00076,PLT0004,2026-03-23 22:56:17,2026-04-03 22:56:17,2026-04-17 22:56:17,BlueDart Cargo,162793.76,Delivered Late
SHIP001986,PO000854,SUP00084,PLT0020,2026-02-21 08:58:34,2026-02-24 08:58:34,2026-02-24 08:58:34,BlueDart Cargo,123716.52,Delivered
SHIP001987,PO001911,SUP00075,PLT0019,2026-03-21 07:31:34,2026-05-19 07:31:34,2026-05-16 07:31:34,Kuehne+Nagel,472367.39,Delivered
SHIP001988,PO002950,SUP00157,PLT0015,2026-02-22 22:26:20,2026-04-04 22:26:20,2026-04-02 22:26:20,BlueDart Cargo,88889.0,Delivered
SHIP001989,PO004211,SUP00197,PLT0028,2026-02-27 16:35:29,2026-03-07 16:35:29,2026-03-07 16:35:29,Delhivery B2B,478211.33,Delivered
SHIP001990,PO004901,SUP00027,PLT0000,2026-01-07 11:45:00,2026-01-11 11:45:00,2026-01-11 11:45:00,FedEx Freight,8998.22,Delivered
SHIP001991,PO003725,SUP00150,PLT0023,2026-03-25 09:06:52,2026-03-28 09:06:52,2026-04-05 09:06:52,Delhivery B2B,108274.15,Delivered Late
SHIP001992,PO003199,SUP00192,PLT0009,2026-04-24 06:29:15,2026-06-19 06:29:15,2026-07-04 06:29:15,DB Schenker,973709.82,Delivered Late
SHIP001993,PO000456,SUP00115,PLT0001,2026-04-08 15:40:27,2026-04-19 15:40:27,2026-04-19 15:40:27,Maersk,183880.63,Delivered
SHIP001994,PO002046,SUP00032,PLT0018,2026-01-09 17:35:37,2026-02-18 17:35:37,2026-02-17 17:35:37,Delhivery B2B,1455766.59,Delivered
SHIP001995,PO001598,SUP00168,PLT0014,2026-04-24 09:55:06,2026-05-03 09:55:06,2026-05-03 09:55:06,DHL,420994.04,Delivered
SHIP001996,PO001123,SUP00197,PLT0014,2026-04-27 01:26:40,2026-05-03 01:26:40,2026-05-01 01:26:40,Delhivery B2B,260829.84,Delivered
SHIP001997,PO002182,SUP00188,PLT0011,2026-02-02 06:14:12,2026-03-30 06:14:12,2026-03-27 06:14:12,Kuehne+Nagel,933860.67,Delivered
SHIP001998,PO000061,SUP00104,PLT0019,2026-06-26 17:09:56,2026-07-04 17:09:56,2026-07-03 17:09:56,FedEx Freight,49011.3,Delivered
SHIP001999,PO000890,SUP00020,PLT0005,2026-02-11 23:58:58,2026-04-10 23:58:58,2026-04-10 23:58:58,Maersk,1552267.06,Delivered
SHIP002000,PO003908,SUP00080,PLT0016,2026-02-21 14:57:09,2026-03-04 14:57:09,2026-03-04 14:57:09,DB Schenker,199718.36,Delivered
SHIP002001,PO003449,SUP00084,PLT0015,2026-01-31 09:17:50,2026-02-02 09:17:50,2026-02-01 09:17:50,DHL,715593.97,Delivered
SHIP002002,PO001170,SUP00022,PLT0028,2026-03-21 13:35:18,2026-05-04 13:35:18,2026-05-16 13:35:18,DHL,583981.99,Delivered Late
SHIP002003,PO004352,SUP00184,PLT0024,2026-06-19 13:08:20,2026-07-02 13:08:20,2026-06-29 13:08:20,Delhivery B2B,1200142.52,Delivered
SHIP002004,PO002735,SUP00139,PLT0020,2026-04-28 05:14:43,2026-05-08 05:14:43,2026-05-08 05:14:43,Maersk,315654.5,Delivered
SHIP002005,PO003802,SUP00195,PLT0029,2026-02-02 16:44:22,2026-02-15 16:44:22,2026-02-13 16:44:22,Kuehne+Nagel,795897.27,Delivered
SHIP002006,PO003683,SUP00177,PLT0022,2026-05-24 00:45:36,2026-06-09 00:45:36,2026-06-06 00:45:36,Kuehne+Nagel,628790.71,Delivered
SHIP002007,PO001027,SUP00050,PLT0029,2026-03-31 13:50:23,2026-04-26 13:50:23,2026-04-23 13:50:23,FedEx Freight,412254.7,Delivered
SHIP002008,PO000103,SUP00025,PLT0016,2026-04-16 18:45:42,2026-05-13 18:45:42,2026-05-28 18:45:42,DB Schenker,397512.7,Delivered Late
SHIP002009,PO004427,SUP00140,PLT0026,2026-05-13 11:32:03,2026-06-22 11:32:03,2026-06-22 11:32:03,Delhivery B2B,209840.85,Delivered
SHIP002010,PO003073,SUP00093,PLT0003,2026-04-04 02:06:55,2026-04-09 02:06:55,2026-04-06 02:06:55,DHL,70948.21,Delivered
SHIP002011,PO000746,SUP00026,PLT0025,2026-04-26 10:20:44,2026-06-21 10:20:44,2026-06-18 10:20:44,Kuehne+Nagel,210357.98,Delivered
SHIP002012,PO004909,SUP00032,PLT0018,2026-04-22 00:12:57,2026-06-05 00:12:57,2026-06-17 00:12:57,Delhivery B2B,919998.99,Delivered Late
SHIP002013,PO000327,SUP00056,PLT0020,2026-04-10 02:45:03,2026-06-06 02:45:03,2026-06-04 02:45:03,BlueDart Cargo,90825.39,Delivered
SHIP002014,PO002504,SUP00146,PLT0011,2026-06-14 11:48:52,2026-07-04 11:48:52,2026-07-03 11:48:52,DB Schenker,520882.59,Delivered
SHIP002015,PO001483,SUP00188,PLT0017,2026-02-13 19:07:37,2026-04-11 19:07:37,2026-04-08 19:07:37,Kuehne+Nagel,137884.66,Delivered
SHIP002016,PO001566,SUP00081,PLT0018,2026-05-10 17:24:57,2026-05-30 17:24:57,2026-05-30 17:24:57,BlueDart Cargo,54149.12,Delivered
SHIP002017,PO004700,SUP00035,PLT0009,2026-03-21 14:22:34,2026-04-30 14:22:34,2026-04-28 14:22:34,DHL,60372.69,Delivered
SHIP002018,PO004961,SUP00151,PLT0005,2026-04-15 18:00:04,2026-05-02 18:00:04,2026-05-13 18:00:04,DHL,158854.8,Delivered Late
SHIP002019,PO002725,SUP00053,PLT0000,2026-02-17 20:12:50,2026-03-31 20:12:50,2026-03-29 20:12:50,FedEx Freight,486045.35,Delivered
SHIP002020,PO001330,SUP00142,PLT0021,2026-05-07 15:42:21,2026-05-18 15:42:21,2026-05-17 15:42:21,DHL,297829.62,Delivered
SHIP002021,PO002140,SUP00127,PLT0015,2026-04-08 23:50:55,2026-04-13 23:50:55,2026-04-11 23:50:55,BlueDart Cargo,203852.61,Delivered
SHIP002022,PO004575,SUP00100,PLT0013,2026-02-09 22:37:40,2026-03-22 22:37:40,2026-03-22 22:37:40,FedEx Freight,344241.89,Delivered
SHIP002023,PO002295,SUP00019,PLT0001,2026-05-15 02:14:38,2026-07-09 02:14:38,2026-07-06 02:14:38,Delhivery B2B,168564.16,Delivered
SHIP002024,PO001231,SUP00093,PLT0015,2026-07-02 03:35:55,2026-07-07 03:35:55,2026-07-06 03:35:55,Maersk,1120877.37,Delivered
SHIP002025,PO000290,SUP00156,PLT0017,2026-03-13 10:06:00,2026-03-22 10:06:00,2026-03-21 10:06:00,DB Schenker,446708.74,Delivered
SHIP002026,PO003344,SUP00029,PLT0025,2026-03-27 00:16:23,2026-05-22 00:16:23,2026-05-28 00:16:23,DHL,976293.38,Delivered Late
SHIP002027,PO001111,SUP00107,PLT0006,2026-06-12 23:48:10,2026-06-28 23:48:10,2026-06-26 23:48:10,DHL,63531.16,Delivered
SHIP002028,PO002337,SUP00152,PLT0001,2026-04-24 19:19:44,2026-05-14 19:19:44,2026-05-11 19:19:44,DB Schenker,27116.81,Delivered
SHIP002029,PO004174,SUP00001,PLT0002,2026-02-27 16:46:35,2026-04-10 16:46:35,2026-04-08 16:46:35,Delhivery B2B,207614.99,Delivered
SHIP002030,PO003930,SUP00153,PLT0015,2026-02-27 12:23:12,2026-04-08 12:23:12,2026-04-08 12:23:12,Delhivery B2B,38662.36,Delivered
SHIP002031,PO003588,SUP00165,PLT0013,2026-04-01 12:19:53,2026-05-13 12:19:53,2026-05-13 12:19:53,Maersk,60765.4,Delivered
SHIP002032,PO000917,SUP00051,PLT0018,2026-06-29 16:15:31,2026-07-03 16:15:31,2026-07-03 16:15:31,Maersk,309414.54,Delivered
SHIP002033,PO001343,SUP00093,PLT0006,2026-07-05 10:18:18,2026-07-09 10:18:18,2026-07-09 10:18:18,Delhivery B2B,296692.33,Delivered
SHIP002034,PO003140,SUP00103,PLT0016,2026-03-05 23:57:14,2026-03-15 23:57:14,2026-03-20 23:57:14,Delhivery B2B,144623.56,Delivered Late
SHIP002035,PO001644,SUP00161,PLT0011,2026-01-27 13:36:44,2026-02-22 13:36:44,2026-02-27 13:36:44,DHL,58501.14,Delivered Late
SHIP002036,PO004828,SUP00106,PLT0017,2026-02-24 07:47:52,2026-03-01 07:47:52,2026-02-27 07:47:52,Maersk,363929.28,Delivered
SHIP002037,PO003302,SUP00035,PLT0009,2026-02-01 01:59:27,2026-03-17 01:59:27,2026-03-15 01:59:27,DB Schenker,160370.86,Delivered
SHIP002038,PO000547,SUP00096,PLT0010,2026-05-16 02:41:14,2026-05-23 02:41:14,2026-05-21 02:41:14,Delhivery B2B,558597.26,Delivered
SHIP002039,PO000552,SUP00020,PLT0017,2026-04-21 03:05:19,2026-06-16 03:05:19,2026-06-17 03:05:19,Maersk,1184205.12,Delivered Late
SHIP002040,PO002430,SUP00153,PLT0023,2026-02-01 08:12:44,2026-03-13 08:12:44,2026-03-12 08:12:44,DHL,170243.05,Delivered
SHIP002041,PO000958,SUP00078,PLT0018,2026-03-30 11:49:38,2026-05-24 11:49:38,2026-05-22 11:49:38,DB Schenker,379412.97,Delivered
SHIP002042,PO004713,SUP00113,PLT0005,2026-04-29 15:38:06,2026-06-25 15:38:06,2026-06-24 15:38:06,Maersk,220382.28,Delivered
SHIP002043,PO004319,SUP00019,PLT0003,2026-02-03 05:54:05,2026-04-01 05:54:05,2026-03-29 05:54:05,Kuehne+Nagel,88695.95,Delivered
SHIP002044,PO003501,SUP00136,PLT0025,2026-01-14 21:10:02,2026-01-23 21:10:02,2026-01-20 21:10:02,Kuehne+Nagel,63705.96,Delivered
SHIP002045,PO004668,SUP00132,PLT0011,2026-01-15 06:23:59,2026-01-27 06:23:59,2026-01-25 06:23:59,Maersk,557306.63,Delivered
SHIP002046,PO001997,SUP00083,PLT0013,2026-02-06 11:24:05,2026-04-04 11:24:05,2026-04-04 11:24:05,Maersk,698490.35,Delivered
SHIP002047,PO004795,SUP00072,PLT0021,2026-02-11 01:31:00,2026-04-09 01:31:00,2026-04-06 01:31:00,BlueDart Cargo,20791.28,Delivered
SHIP002048,PO002093,SUP00121,PLT0025,2026-06-08 00:08:30,2026-06-10 00:08:30,2026-06-10 00:08:30,BlueDart Cargo,214722.89,Delivered
SHIP002049,PO002599,SUP00175,PLT0014,2026-05-24 14:11:34,2026-06-04 14:11:34,2026-06-04 14:11:34,DHL,9967.31,Delivered
SHIP002050,PO004182,SUP00178,PLT0007,2026-02-17 17:22:04,2026-04-16 17:22:04,2026-04-15 17:22:04,Maersk,39654.4,Delivered
SHIP002051,PO000775,SUP00164,PLT0011,2026-04-26 14:59:00,2026-05-01 14:59:00,2026-04-30 14:59:00,DHL,176227.95,Delivered
SHIP002052,PO001701,SUP00161,PLT0013,2026-04-08 00:00:16,2026-05-04 00:00:16,2026-05-04 00:00:16,BlueDart Cargo,652825.68,Delivered
SHIP002053,PO002546,SUP00027,PLT0018,2026-05-29 14:05:29,2026-05-31 14:05:29,2026-05-29 14:05:29,FedEx Freight,25033.09,Delivered
SHIP002054,PO000993,SUP00043,PLT0000,2026-03-23 23:23:15,2026-05-19 23:23:15,2026-05-17 23:23:15,Maersk,83829.71,Delivered
SHIP002055,PO003353,SUP00011,PLT0023,2026-04-04 06:11:10,2026-04-12 06:11:10,2026-04-27 06:11:10,Maersk,458093.15,Delivered Late
SHIP002056,PO000189,SUP00186,PLT0025,2026-01-05 08:58:12,2026-02-17 08:58:12,2026-02-16 08:58:12,FedEx Freight,1362396.76,Delivered
SHIP002057,PO003119,SUP00164,PLT0022,2026-03-27 11:22:52,2026-03-30 11:22:52,2026-03-30 11:22:52,Kuehne+Nagel,122286.63,Delivered
SHIP002058,PO002207,SUP00067,PLT0028,2026-04-22 06:51:55,2026-06-04 06:51:55,2026-06-03 06:51:55,FedEx Freight,137171.49,Delivered
SHIP002059,PO001037,SUP00166,PLT0016,2026-04-10 21:57:17,2026-04-28 21:57:17,2026-04-26 21:57:17,DHL,12067.2,Delivered
SHIP002060,PO001604,SUP00195,PLT0009,2026-04-29 03:05:39,2026-05-09 03:05:39,2026-05-10 03:05:39,Kuehne+Nagel,329681.11,Delivered Late
SHIP002061,PO000136,SUP00022,PLT0008,2026-04-08 20:34:19,2026-05-19 20:34:19,2026-05-18 20:34:19,Kuehne+Nagel,149946.12,Delivered
SHIP002062,PO001943,SUP00168,PLT0023,2026-01-12 20:21:03,2026-01-21 20:21:03,2026-01-29 20:21:03,Delhivery B2B,566818.15,Delivered Late
SHIP002063,PO000024,SUP00163,PLT0016,2026-06-02 09:33:14,2026-06-07 09:33:14,2026-06-04 09:33:14,BlueDart Cargo,132913.23,Delivered
SHIP002064,PO003171,SUP00188,PLT0029,2026-04-24 10:16:55,2026-06-19 10:16:55,2026-06-23 10:16:55,Delhivery B2B,378632.81,Delivered Late
SHIP002065,PO003497,SUP00102,PLT0007,2026-04-30 17:24:50,2026-05-17 17:24:50,2026-05-14 17:24:50,DB Schenker,17354.75,Delivered
SHIP002066,PO000937,SUP00013,PLT0005,2026-04-01 02:00:02,2026-04-20 02:00:02,2026-04-19 02:00:02,Delhivery B2B,260528.2,Delivered
SHIP002067,PO001381,SUP00023,PLT0024,2026-02-14 18:52:19,2026-02-27 18:52:19,2026-02-27 18:52:19,FedEx Freight,20460.42,Delivered
SHIP002068,PO003936,SUP00012,PLT0001,2026-01-03 21:45:29,2026-01-31 21:45:29,2026-01-29 21:45:29,Kuehne+Nagel,34101.53,Delivered
SHIP002069,PO002859,SUP00010,PLT0017,2026-02-01 17:13:59,2026-03-29 17:13:59,2026-03-28 17:13:59,Delhivery B2B,337572.85,Delivered
SHIP002070,PO003756,SUP00182,PLT0013,2026-02-20 12:43:13,2026-03-21 12:43:13,2026-03-18 12:43:13,Kuehne+Nagel,332585.28,Delivered
SHIP002071,PO003960,SUP00125,PLT0016,2026-01-23 13:36:32,2026-03-04 13:36:32,2026-03-01 13:36:32,Kuehne+Nagel,1438918.05,Delivered
SHIP002072,PO001534,SUP00076,PLT0010,2026-05-27 09:49:26,2026-06-07 09:49:26,2026-06-06 09:49:26,Maersk,71716.67,Delivered
SHIP002073,PO002483,SUP00110,PLT0007,2026-06-07 06:19:58,2026-06-17 06:19:58,2026-06-17 06:19:58,Delhivery B2B,217691.15,Delivered
SHIP002074,PO003931,SUP00034,PLT0016,2026-03-20 06:01:55,2026-04-18 06:01:55,2026-04-18 06:01:55,BlueDart Cargo,19000.87,Delivered
SHIP002075,PO003031,SUP00199,PLT0001,2026-05-18 06:57:08,2026-05-28 06:57:08,2026-05-26 06:57:08,BlueDart Cargo,292998.44,Delivered
SHIP002076,PO001792,SUP00012,PLT0025,2026-05-20 04:32:27,2026-06-14 04:32:27,2026-06-14 04:32:27,DB Schenker,71295.34,Delivered
SHIP002077,PO000657,SUP00073,PLT0003,2026-03-02 04:02:18,2026-04-13 04:02:18,2026-04-11 04:02:18,DB Schenker,421076.59,Delivered
SHIP002078,PO004006,SUP00100,PLT0026,2026-01-31 01:38:52,2026-03-14 01:38:52,2026-03-14 01:38:52,FedEx Freight,36719.84,Delivered
SHIP002079,PO000268,SUP00149,PLT0023,2026-04-14 07:02:48,2026-06-10 07:02:48,2026-06-09 07:02:48,BlueDart Cargo,176758.95,Delivered
SHIP002080,PO002938,SUP00022,PLT0027,2026-04-16 13:10:20,2026-05-29 13:10:20,2026-05-31 13:10:20,Delhivery B2B,66675.49,Delivered Late
SHIP002081,PO004504,SUP00131,PLT0008,2026-01-08 17:14:43,2026-01-24 17:14:43,2026-01-22 17:14:43,Delhivery B2B,16059.74,Delivered
SHIP002082,PO002758,SUP00183,PLT0014,2026-03-23 08:28:13,2026-04-20 08:28:13,2026-04-25 08:28:13,Kuehne+Nagel,2924.48,Delivered Late
SHIP002083,PO002934,SUP00033,PLT0029,2026-04-07 07:44:52,2026-04-14 07:44:52,2026-04-11 07:44:52,DHL,115242.6,Delivered
SHIP002084,PO003766,SUP00025,PLT0003,2026-05-14 20:55:10,2026-06-11 20:55:10,2026-06-08 20:55:10,FedEx Freight,31753.47,Delivered
SHIP002085,PO004589,SUP00138,PLT0014,2026-06-04 12:31:58,2026-06-14 12:31:58,2026-06-14 12:31:58,DB Schenker,972215.76,Delivered
SHIP002086,PO000823,SUP00102,PLT0021,2026-03-29 14:57:12,2026-04-14 14:57:12,2026-04-13 14:57:12,DB Schenker,7786.3,Delivered
SHIP002087,PO002641,SUP00061,PLT0009,2026-02-14 02:30:49,2026-02-21 02:30:49,2026-02-19 02:30:49,BlueDart Cargo,210241.84,Delivered
SHIP002088,PO000312,SUP00040,PLT0020,2026-04-22 20:03:02,2026-04-26 20:03:02,2026-04-25 20:03:02,BlueDart Cargo,185310.38,Delivered
SHIP002089,PO004405,SUP00035,PLT0018,2026-02-04 00:23:01,2026-03-18 00:23:01,2026-03-15 00:23:01,Delhivery B2B,144328.8,Delivered
SHIP002090,PO001830,SUP00080,PLT0021,2026-01-22 15:01:42,2026-02-02 15:01:42,2026-01-31 15:01:42,DHL,276688.16,Delivered
SHIP002091,PO003149,SUP00165,PLT0021,2026-03-16 22:52:16,2026-04-26 22:52:16,2026-04-27 22:52:16,DB Schenker,558334.42,Delivered Late
SHIP002092,PO002423,SUP00063,PLT0004,2026-04-30 18:13:13,2026-05-25 18:13:13,2026-05-24 18:13:13,Kuehne+Nagel,56490.51,Delivered
SHIP002093,PO002914,SUP00130,PLT0017,2026-03-02 12:50:44,2026-04-26 12:50:44,2026-04-23 12:50:44,BlueDart Cargo,53089.65,Delivered
SHIP002094,PO000425,SUP00077,PLT0002,2026-04-26 22:22:27,2026-06-07 22:22:27,2026-06-16 22:22:27,Maersk,75562.8,Delivered Late
SHIP002095,PO004477,SUP00072,PLT0025,2026-02-27 07:48:06,2026-04-25 07:48:06,2026-04-25 07:48:06,Maersk,319099.66,Delivered
SHIP002096,PO001727,SUP00107,PLT0008,2026-02-05 10:34:53,2026-02-24 10:34:53,2026-03-09 10:34:53,Kuehne+Nagel,522605.27,Delivered Late
SHIP002097,PO001375,SUP00124,PLT0015,2026-02-01 16:43:46,2026-03-01 16:43:46,2026-02-27 16:43:46,DB Schenker,3523.66,Delivered
SHIP002098,PO003251,SUP00124,PLT0018,2026-05-15 20:53:51,2026-06-09 20:53:51,2026-06-08 20:53:51,Maersk,277231.71,Delivered
SHIP002099,PO002160,SUP00035,PLT0017,2026-04-03 12:09:46,2026-05-17 12:09:46,2026-05-15 12:09:46,Delhivery B2B,20466.66,Delivered
SHIP002100,PO002193,SUP00035,PLT0010,2026-03-01 20:38:39,2026-04-10 20:38:39,2026-04-09 20:38:39,DHL,931644.34,Delivered
SHIP002101,PO003018,SUP00010,PLT0027,2026-03-19 17:14:35,2026-05-17 17:14:35,2026-05-16 17:14:35,DHL,372446.94,Delivered
SHIP002102,PO002479,SUP00127,PLT0021,2026-03-24 02:35:08,2026-03-29 02:35:08,2026-03-27 02:35:08,DB Schenker,320808.9,Delivered
SHIP002103,PO003797,SUP00084,PLT0005,2026-03-10 12:48:38,2026-03-15 12:48:38,2026-03-12 12:48:38,DHL,6469.92,Delivered
SHIP002104,PO001475,SUP00134,PLT0016,2026-07-01 06:59:48,2026-07-09 06:59:48,,Kuehne+Nagel,13970.71,Delayed
SHIP002105,PO001372,SUP00058,PLT0018,2026-04-10 01:50:13,2026-04-19 01:50:13,2026-04-26 01:50:13,BlueDart Cargo,20592.47,Delivered Late
SHIP002106,PO002071,SUP00140,PLT0001,2026-03-28 10:13:43,2026-05-10 10:13:43,2026-05-07 10:13:43,BlueDart Cargo,798670.24,Delivered
SHIP002107,PO001310,SUP00081,PLT0001,2026-03-24 22:36:54,2026-04-13 22:36:54,2026-04-17 22:36:54,Maersk,172892.29,Delivered Late
SHIP002108,PO000796,SUP00194,PLT0015,2026-02-26 04:05:00,2026-03-18 04:05:00,2026-03-17 04:05:00,BlueDart Cargo,311000.94,Delivered
SHIP002109,PO001936,SUP00182,PLT0017,2026-03-14 05:01:56,2026-04-12 05:01:56,2026-04-18 05:01:56,Delhivery B2B,894211.48,Delivered Late
SHIP002110,PO003562,SUP00149,PLT0028,2026-03-11 17:18:19,2026-05-07 17:18:19,2026-05-05 17:18:19,DB Schenker,190963.18,Delivered
SHIP002111,PO002462,SUP00151,PLT0016,2026-03-31 17:59:15,2026-04-18 17:59:15,2026-04-17 17:59:15,DB Schenker,11000.52,Delivered
SHIP002112,PO002730,SUP00133,PLT0002,2026-02-23 07:40:15,2026-04-07 07:40:15,2026-04-19 07:40:15,BlueDart Cargo,225544.23,Delivered Late
SHIP002113,PO001953,SUP00061,PLT0013,2026-02-18 01:49:34,2026-02-26 01:49:34,2026-03-06 01:49:34,Kuehne+Nagel,801202.23,Delivered Late
SHIP002114,PO002941,SUP00185,PLT0020,2026-04-18 19:36:46,2026-06-13 19:36:46,2026-06-17 19:36:46,BlueDart Cargo,42018.29,Delivered Late
SHIP002115,PO002095,SUP00177,PLT0009,2026-01-14 07:25:16,2026-02-03 07:25:16,2026-02-07 07:25:16,DB Schenker,65633.49,Delivered Late
SHIP002116,PO003948,SUP00145,PLT0020,2026-01-22 13:32:58,2026-03-22 13:32:58,2026-03-31 13:32:58,DHL,184903.53,Delivered Late
SHIP002117,PO001744,SUP00189,PLT0004,2026-05-17 11:53:08,2026-06-26 11:53:08,2026-06-23 11:53:08,Delhivery B2B,292580.44,Delivered
SHIP002118,PO004671,SUP00077,PLT0003,2026-05-23 23:35:47,2026-07-03 23:35:47,2026-07-01 23:35:47,DHL,276303.77,Delivered
SHIP002119,PO003844,SUP00011,PLT0019,2026-04-12 16:02:09,2026-04-17 16:02:09,2026-04-15 16:02:09,DHL,318521.9,Delivered
SHIP002120,PO002600,SUP00093,PLT0013,2026-04-25 10:33:21,2026-04-30 10:33:21,2026-04-27 10:33:21,Delhivery B2B,137980.57,Delivered
SHIP002121,PO003632,SUP00191,PLT0004,2026-02-03 01:04:03,2026-03-31 01:04:03,2026-03-30 01:04:03,BlueDart Cargo,46480.11,Delivered
SHIP002122,PO002555,SUP00061,PLT0014,2026-03-28 16:15:34,2026-04-04 16:15:34,2026-04-04 16:15:34,DHL,412361.49,Delivered
SHIP002123,PO001657,SUP00055,PLT0012,2026-06-27 12:35:36,2026-07-03 12:35:36,2026-07-03 12:35:36,Kuehne+Nagel,251152.01,Delivered
SHIP002124,PO004432,SUP00016,PLT0012,2026-05-07 17:52:30,2026-05-25 17:52:30,2026-05-22 17:52:30,Kuehne+Nagel,146986.5,Delivered
SHIP002125,PO000319,SUP00001,PLT0002,2026-05-16 14:32:30,2026-06-29 14:32:30,2026-06-28 14:32:30,Delhivery B2B,3717.77,Delivered
SHIP002126,PO002929,SUP00096,PLT0023,2026-04-06 21:30:34,2026-04-13 21:30:34,2026-04-10 21:30:34,BlueDart Cargo,406740.56,Delivered
SHIP002127,PO003793,SUP00145,PLT0009,2026-05-06 03:56:08,2026-07-04 03:56:08,2026-07-01 03:56:08,Kuehne+Nagel,246238.62,Delivered
SHIP002128,PO002249,SUP00186,PLT0015,2026-04-20 10:08:55,2026-06-01 10:08:55,2026-06-13 10:08:55,DHL,408234.47,Delivered Late
SHIP002129,PO003211,SUP00137,PLT0019,2026-06-01 03:35:01,2026-06-12 03:35:01,2026-06-10 03:35:01,BlueDart Cargo,447145.64,Delivered
SHIP002130,PO002267,SUP00172,PLT0008,2026-03-21 18:03:34,2026-03-27 18:03:34,2026-03-25 18:03:34,DB Schenker,441731.04,Delivered
SHIP002131,PO004834,SUP00053,PLT0012,2026-01-08 10:56:22,2026-02-20 10:56:22,2026-02-17 10:56:22,FedEx Freight,185427.66,Delivered
SHIP002132,PO003469,SUP00100,PLT0005,2026-04-10 08:06:49,2026-05-24 08:06:49,2026-05-22 08:06:49,Maersk,200957.96,Delivered
SHIP002133,PO002637,SUP00098,PLT0018,2026-05-11 00:34:37,2026-07-09 00:34:37,2026-07-07 00:34:37,Kuehne+Nagel,505850.01,Delivered
SHIP002134,PO001240,SUP00013,PLT0016,2026-01-25 02:52:04,2026-02-10 02:52:04,2026-02-08 02:52:04,FedEx Freight,185908.87,Delivered
SHIP002135,PO003320,SUP00087,PLT0004,2026-02-03 01:55:09,2026-03-15 01:55:09,2026-03-21 01:55:09,DB Schenker,118121.74,Delivered Late
SHIP002136,PO003621,SUP00157,PLT0022,2026-02-25 11:46:11,2026-04-08 11:46:11,2026-04-08 11:46:11,DHL,84338.58,Delivered
SHIP002137,PO000740,SUP00165,PLT0001,2026-03-10 07:04:59,2026-04-20 07:04:59,2026-04-17 07:04:59,Maersk,464392.3,Delivered
SHIP002138,PO000342,SUP00166,PLT0002,2026-03-03 15:16:55,2026-03-22 15:16:55,2026-04-03 15:16:55,Maersk,347120.64,Delivered Late
SHIP002139,PO002864,SUP00022,PLT0021,2026-01-06 22:42:48,2026-02-15 22:42:48,2026-02-13 22:42:48,FedEx Freight,342039.84,Delivered
SHIP002140,PO004510,SUP00106,PLT0013,2026-01-29 11:17:04,2026-02-05 11:17:04,2026-02-05 11:17:04,DB Schenker,559102.56,Delivered
SHIP002141,PO003850,SUP00094,PLT0029,2026-02-02 09:32:33,2026-02-21 09:32:33,2026-02-18 09:32:33,Delhivery B2B,89938.69,Delivered
SHIP002142,PO003421,SUP00006,PLT0001,2026-06-24 17:11:02,2026-06-29 17:11:02,2026-06-29 17:11:02,DB Schenker,345167.52,Delivered
SHIP002143,PO004661,SUP00166,PLT0010,2026-01-17 09:18:47,2026-02-03 09:18:47,2026-02-01 09:18:47,Delhivery B2B,484959.44,Delivered
SHIP002144,PO004063,SUP00066,PLT0028,2026-04-28 08:35:02,2026-06-11 08:35:02,2026-06-10 08:35:02,Delhivery B2B,943371.85,Delivered
SHIP002145,PO003894,SUP00010,PLT0007,2026-03-02 14:39:11,2026-04-29 14:39:11,2026-04-29 14:39:11,Maersk,944349.64,Delivered
SHIP002146,PO003743,SUP00130,PLT0002,2026-02-15 07:16:36,2026-04-13 07:16:36,2026-04-22 07:16:36,Maersk,25457.56,Delivered Late
SHIP002147,PO001168,SUP00165,PLT0021,2026-01-28 00:11:22,2026-03-13 00:11:22,2026-03-11 00:11:22,DB Schenker,180577.38,Delivered
SHIP002148,PO002886,SUP00145,PLT0005,2026-01-27 23:48:39,2026-03-23 23:48:39,2026-03-23 23:48:39,BlueDart Cargo,36373.49,Delivered
SHIP002149,PO002792,SUP00157,PLT0018,2026-03-11 18:06:53,2026-04-23 18:06:53,2026-04-23 18:06:53,DHL,665694.15,Delivered
SHIP002150,PO003435,SUP00172,PLT0017,2026-02-20 12:42:21,2026-03-01 12:42:21,2026-03-05 12:42:21,Delhivery B2B,947241.08,Delivered Late
SHIP002151,PO003358,SUP00025,PLT0011,2026-03-28 22:09:07,2026-04-22 22:09:07,2026-04-22 22:09:07,Maersk,167591.54,Delivered
SHIP002152,PO001625,SUP00013,PLT0018,2026-02-06 02:13:04,2026-02-22 02:13:04,2026-02-20 02:13:04,Kuehne+Nagel,343554.45,Delivered
SHIP002153,PO000162,SUP00118,PLT0011,2026-01-07 14:23:24,2026-01-16 14:23:24,2026-01-15 14:23:24,Maersk,119380.55,Delivered
SHIP002154,PO002133,SUP00166,PLT0006,2026-03-23 06:51:47,2026-04-12 06:51:47,2026-04-12 06:51:47,Delhivery B2B,354820.82,Delivered
SHIP002155,PO004014,SUP00184,PLT0002,2026-05-29 03:19:25,2026-06-09 03:19:25,2026-06-12 03:19:25,DHL,180403.74,Delivered Late
SHIP002156,PO001400,SUP00085,PLT0008,2026-03-24 19:02:55,2026-05-07 19:02:55,2026-05-15 19:02:55,Maersk,340427.34,Delivered Late
SHIP002157,PO001389,SUP00063,PLT0029,2026-06-13 09:03:17,2026-07-09 09:03:17,2026-07-06 09:03:17,DHL,7698.99,Delivered
SHIP002158,PO004077,SUP00194,PLT0023,2026-03-04 04:50:31,2026-03-20 04:50:31,2026-03-20 04:50:31,DHL,221354.61,Delivered
SHIP002159,PO004105,SUP00147,PLT0024,2026-01-05 10:31:32,2026-01-09 10:31:32,2026-01-06 10:31:32,BlueDart Cargo,431471.53,Delivered
SHIP002160,PO002743,SUP00132,PLT0028,2026-06-28 03:45:47,2026-07-07 03:45:47,2026-07-04 03:45:47,DHL,539500.92,Delivered
SHIP002161,PO004979,SUP00179,PLT0007,2026-03-22 23:39:04,2026-04-18 23:39:04,2026-05-03 23:39:04,DB Schenker,155209.79,Delivered Late
SHIP002162,PO001278,SUP00078,PLT0000,2026-04-20 08:28:56,2026-06-14 08:28:56,2026-06-13 08:28:56,DB Schenker,191583.8,Delivered
SHIP002163,PO002944,SUP00129,PLT0020,2026-03-22 13:52:32,2026-05-20 13:52:32,2026-05-17 13:52:32,BlueDart Cargo,1248814.74,Delivered
SHIP002164,PO003760,SUP00074,PLT0029,2026-05-24 23:16:37,2026-05-31 23:16:37,2026-05-28 23:16:37,DB Schenker,603337.19,Delivered
SHIP002165,PO001696,SUP00101,PLT0002,2026-01-30 05:59:15,2026-03-29 05:59:15,2026-04-09 05:59:15,Maersk,546405.61,Delivered Late
SHIP002166,PO003310,SUP00089,PLT0006,2026-06-04 21:23:17,2026-06-23 21:23:17,2026-06-20 21:23:17,DHL,512434.76,Delivered
SHIP002167,PO004525,SUP00105,PLT0022,2026-06-05 03:57:48,2026-06-21 03:57:48,2026-06-18 03:57:48,FedEx Freight,134860.92,Delivered
SHIP002168,PO004291,SUP00065,PLT0013,2026-01-24 21:53:40,2026-03-06 21:53:40,2026-03-06 21:53:40,Kuehne+Nagel,143055.05,Delivered
SHIP002169,PO004663,SUP00030,PLT0024,2026-04-03 04:05:32,2026-04-29 04:05:32,2026-04-29 04:05:32,DB Schenker,3813.56,Delivered
SHIP002170,PO001495,SUP00042,PLT0025,2026-03-09 15:54:36,2026-03-14 15:54:36,2026-03-18 15:54:36,Kuehne+Nagel,401938.51,Delivered Late
SHIP002171,PO004151,SUP00010,PLT0018,2026-05-08 18:04:30,2026-07-04 18:04:30,2026-07-02 18:04:30,BlueDart Cargo,147246.61,Delivered
SHIP002172,PO003241,SUP00025,PLT0018,2026-02-01 17:15:00,2026-02-28 17:15:00,2026-02-25 17:15:00,Maersk,319075.68,Delivered
SHIP002173,PO002974,SUP00076,PLT0011,2026-04-12 11:56:37,2026-04-23 11:56:37,2026-04-20 11:56:37,Delhivery B2B,197520.71,Delivered
SHIP002174,PO001317,SUP00168,PLT0016,2026-06-23 18:59:06,2026-07-03 18:59:06,2026-07-01 18:59:06,Delhivery B2B,702042.84,Delivered
SHIP002175,PO002882,SUP00143,PLT0009,2026-03-04 23:36:46,2026-04-15 23:36:46,2026-04-13 23:36:46,FedEx Freight,64020.03,Delivered
SHIP002176,PO001490,SUP00033,PLT0027,2026-04-16 16:41:06,2026-04-21 16:41:06,2026-04-20 16:41:06,Maersk,326813.17,Delivered
SHIP002177,PO004678,SUP00037,PLT0014,2026-02-23 00:41:44,2026-02-28 00:41:44,2026-02-28 00:41:44,FedEx Freight,395946.05,Delivered
SHIP002178,PO004948,SUP00108,PLT0000,2026-02-25 22:41:16,2026-04-23 22:41:16,2026-04-23 22:41:16,DB Schenker,792943.13,Delivered
SHIP002179,PO001859,SUP00051,PLT0018,2026-03-16 19:17:15,2026-03-21 19:17:15,2026-03-21 19:17:15,Delhivery B2B,261483.72,Delivered
SHIP002180,PO000209,SUP00045,PLT0012,2026-04-19 09:21:49,2026-05-06 09:21:49,2026-05-06 09:21:49,Maersk,101256.27,Delivered
SHIP002181,PO000345,SUP00115,PLT0006,2026-04-23 21:43:48,2026-05-05 21:43:48,2026-05-05 21:43:48,Maersk,97590.59,Delivered
SHIP002182,PO002631,SUP00006,PLT0018,2026-04-03 04:50:51,2026-04-09 04:50:51,2026-04-08 04:50:51,DHL,181261.61,Delivered
SHIP002183,PO004129,SUP00128,PLT0020,2026-03-10 06:05:57,2026-03-29 06:05:57,2026-03-26 06:05:57,BlueDart Cargo,627926.86,Delivered
SHIP002184,PO001568,SUP00074,PLT0028,2026-05-02 13:20:41,2026-05-11 13:20:41,2026-05-10 13:20:41,FedEx Freight,669568.69,Delivered
SHIP002185,PO000662,SUP00035,PLT0026,2026-03-01 06:48:17,2026-04-11 06:48:17,2026-04-26 06:48:17,DHL,178115.83,Delivered Late
SHIP002186,PO001596,SUP00175,PLT0013,2026-06-09 07:39:08,2026-06-19 07:39:08,2026-06-18 07:39:08,BlueDart Cargo,329437.2,Delivered
SHIP002187,PO001642,SUP00108,PLT0003,2026-03-04 11:30:56,2026-04-29 11:30:56,2026-04-27 11:30:56,Delhivery B2B,8269.3,Delivered
SHIP002188,PO003567,SUP00137,PLT0028,2026-03-27 15:20:45,2026-04-08 15:20:45,2026-04-09 15:20:45,Maersk,129783.26,Delivered Late
SHIP002189,PO002312,SUP00199,PLT0008,2026-06-26 16:02:49,2026-07-07 16:02:49,2026-07-04 16:02:49,BlueDart Cargo,312264.59,Delivered
SHIP002190,PO002968,SUP00145,PLT0026,2026-01-12 13:49:49,2026-03-11 13:49:49,2026-03-10 13:49:49,FedEx Freight,216370.21,Delivered
SHIP002191,PO003915,SUP00118,PLT0000,2026-03-14 21:17:00,2026-03-22 21:17:00,2026-03-22 21:17:00,BlueDart Cargo,207040.59,Delivered
SHIP002192,PO003340,SUP00189,PLT0024,2026-03-18 00:25:29,2026-05-01 00:25:29,2026-04-30 00:25:29,DHL,53016.93,Delivered
SHIP002193,PO000232,SUP00032,PLT0026,2026-04-14 18:34:06,2026-05-27 18:34:06,2026-06-08 18:34:06,BlueDart Cargo,150323.54,Delivered Late
SHIP002194,PO001505,SUP00112,PLT0018,2026-03-16 06:30:46,2026-04-10 06:30:46,2026-04-10 06:30:46,Delhivery B2B,1317764.85,Delivered
SHIP002195,PO003379,SUP00011,PLT0023,2026-05-26 16:32:48,2026-06-04 16:32:48,2026-06-01 16:32:48,Kuehne+Nagel,248901.87,Delivered
SHIP002196,PO001845,SUP00199,PLT0001,2026-04-12 22:09:49,2026-04-23 22:09:49,2026-04-20 22:09:49,DHL,528728.88,Delivered
SHIP002197,PO002407,SUP00008,PLT0001,2026-04-11 07:46:52,2026-04-17 07:46:52,2026-04-28 07:46:52,DHL,173721.0,Delivered Late
SHIP002198,PO003972,SUP00126,PLT0007,2026-01-10 19:51:06,2026-01-30 19:51:06,2026-01-30 19:51:06,Maersk,15094.5,Delivered
SHIP002199,PO003417,SUP00174,PLT0028,2026-03-18 19:52:36,2026-04-27 19:52:36,2026-05-08 19:52:36,FedEx Freight,529844.71,Delivered Late
SHIP002200,PO000184,SUP00133,PLT0024,2026-01-28 22:16:39,2026-03-12 22:16:39,2026-03-10 22:16:39,DHL,397544.81,Delivered
SHIP002201,PO002286,SUP00125,PLT0019,2026-01-15 08:35:14,2026-02-25 08:35:14,2026-02-25 08:35:14,BlueDart Cargo,3323.91,Delivered
SHIP002202,PO001334,SUP00126,PLT0013,2026-05-22 09:33:05,2026-06-07 09:33:05,2026-06-06 09:33:05,DHL,439345.6,Delivered
SHIP002203,PO001043,SUP00049,PLT0029,2026-06-22 21:43:33,2026-06-24 21:43:33,2026-07-07 21:43:33,DB Schenker,22243.29,Delivered Late
SHIP002204,PO001630,SUP00015,PLT0000,2026-07-05 07:52:09,2026-07-09 07:52:09,2026-07-06 07:52:09,DHL,295174.1,Delivered
SHIP002205,PO000975,SUP00048,PLT0020,2026-06-06 11:19:29,2026-06-17 11:19:29,2026-06-16 11:19:29,DB Schenker,12917.77,Delivered
SHIP002206,PO000417,SUP00138,PLT0017,2026-01-08 22:40:36,2026-01-19 22:40:36,2026-01-17 22:40:36,DB Schenker,573744.66,Delivered
SHIP002207,PO001730,SUP00118,PLT0021,2026-01-30 18:13:05,2026-02-05 18:13:05,2026-02-05 18:13:05,BlueDart Cargo,137396.05,Delivered
SHIP002208,PO001136,SUP00174,PLT0022,2026-05-15 14:48:48,2026-06-27 14:48:48,2026-06-27 14:48:48,DB Schenker,169664.69,Delivered
SHIP002209,PO004446,SUP00053,PLT0006,2026-01-31 19:58:59,2026-03-16 19:58:59,2026-03-16 19:58:59,DB Schenker,455600.37,Delivered
SHIP002210,PO003112,SUP00148,PLT0008,2026-05-29 17:49:23,2026-06-27 17:49:23,2026-06-27 17:49:23,BlueDart Cargo,266494.33,Delivered
SHIP002211,PO001637,SUP00159,PLT0012,2026-05-03 03:33:36,2026-05-07 03:33:36,2026-05-04 03:33:36,Delhivery B2B,365438.49,Delivered
SHIP002212,PO001645,SUP00105,PLT0014,2026-04-20 20:49:13,2026-05-09 20:49:13,2026-05-08 20:49:13,BlueDart Cargo,551187.66,Delivered
SHIP002213,PO003011,SUP00097,PLT0016,2026-04-03 07:24:15,2026-04-09 07:24:15,2026-04-06 07:24:15,Maersk,41322.23,Delivered
SHIP002214,PO001265,SUP00111,PLT0029,2026-04-22 19:27:08,2026-04-28 19:27:08,2026-04-27 19:27:08,BlueDart Cargo,963218.55,Delivered
SHIP002215,PO002310,SUP00160,PLT0018,2026-01-21 21:52:39,2026-01-25 21:52:39,2026-01-22 21:52:39,DHL,47488.98,Delivered
SHIP002216,PO004103,SUP00145,PLT0020,2026-02-24 18:02:34,2026-04-22 18:02:34,2026-04-21 18:02:34,Maersk,1033400.81,Delivered
SHIP002217,PO004581,SUP00042,PLT0011,2026-04-05 18:15:25,2026-04-12 18:15:25,2026-04-09 18:15:25,Maersk,362467.97,Delivered
SHIP002218,PO000977,SUP00170,PLT0003,2026-05-10 20:08:16,2026-05-21 20:08:16,2026-05-20 20:08:16,FedEx Freight,16615.58,Delivered
SHIP002219,PO003339,SUP00037,PLT0005,2026-02-06 19:35:42,2026-02-13 19:35:42,2026-02-20 19:35:42,DB Schenker,19604.84,Delivered Late
SHIP002220,PO001371,SUP00032,PLT0010,2026-05-03 14:27:52,2026-06-15 14:27:52,2026-06-26 14:27:52,Maersk,157032.74,Delivered Late
SHIP002221,PO001347,SUP00061,PLT0016,2026-05-11 02:45:21,2026-05-19 02:45:21,2026-05-17 02:45:21,BlueDart Cargo,635035.36,Delivered
SHIP002222,PO002206,SUP00144,PLT0005,2026-05-20 19:35:00,2026-06-14 19:35:00,2026-06-13 19:35:00,BlueDart Cargo,691437.13,Delivered
SHIP002223,PO003551,SUP00084,PLT0026,2026-06-08 00:31:06,2026-06-12 00:31:06,2026-06-27 00:31:06,DB Schenker,242262.39,Delivered Late
SHIP002224,PO003329,SUP00001,PLT0014,2026-02-18 08:28:39,2026-03-31 08:28:39,2026-03-29 08:28:39,DB Schenker,222835.76,Delivered
SHIP002225,PO004270,SUP00062,PLT0027,2026-01-12 05:14:42,2026-01-25 05:14:42,2026-01-22 05:14:42,DHL,165159.01,Delivered
SHIP002226,PO003029,SUP00107,PLT0024,2026-03-15 16:45:58,2026-03-31 16:45:58,2026-03-28 16:45:58,DB Schenker,1221684.85,Delivered
SHIP002227,PO000921,SUP00095,PLT0015,2026-02-06 11:20:27,2026-02-24 11:20:27,2026-03-01 11:20:27,Delhivery B2B,312788.34,Delivered Late
SHIP002228,PO003899,SUP00087,PLT0024,2026-01-28 07:07:05,2026-03-09 07:07:05,2026-03-08 07:07:05,DHL,6756.42,Delivered
SHIP002229,PO002678,SUP00154,PLT0017,2026-05-01 01:45:57,2026-05-06 01:45:57,2026-05-05 01:45:57,DHL,270531.7,Delivered
SHIP002230,PO000364,SUP00153,PLT0004,2026-01-11 06:19:12,2026-02-23 06:19:12,2026-02-22 06:19:12,DB Schenker,320396.41,Delivered
SHIP002231,PO003861,SUP00153,PLT0012,2026-03-16 07:30:39,2026-04-29 07:30:39,2026-04-27 07:30:39,Kuehne+Nagel,117665.25,Delivered
SHIP002232,PO002381,SUP00173,PLT0020,2026-03-16 04:10:31,2026-03-24 04:10:31,2026-03-24 04:10:31,FedEx Freight,850268.18,Delivered
SHIP002233,PO001019,SUP00126,PLT0000,2026-02-17 14:45:20,2026-03-05 14:45:20,2026-03-02 14:45:20,DHL,701440.71,Delivered
SHIP002234,PO002665,SUP00157,PLT0028,2026-04-12 06:32:40,2026-05-24 06:32:40,2026-05-22 06:32:40,DHL,244077.18,Delivered
SHIP002235,PO003739,SUP00082,PLT0021,2026-06-09 11:05:38,2026-06-16 11:05:38,2026-07-01 11:05:38,DHL,362872.02,Delivered Late
SHIP002236,PO001464,SUP00009,PLT0012,2026-05-04 07:58:36,2026-05-06 07:58:36,2026-05-06 07:58:36,Delhivery B2B,62611.66,Delivered
SHIP002237,PO004495,SUP00019,PLT0025,2026-05-04 09:58:03,2026-06-30 09:58:03,2026-06-27 09:58:03,Kuehne+Nagel,115263.06,Delivered
SHIP002238,PO003258,SUP00028,PLT0020,2026-06-19 21:51:32,2026-06-23 21:51:32,2026-06-20 21:51:32,DHL,349320.94,Delivered
SHIP002239,PO003222,SUP00020,PLT0011,2026-02-08 22:40:58,2026-04-08 22:40:58,2026-04-20 22:40:58,FedEx Freight,1317001.06,Delivered Late
SHIP002240,PO004228,SUP00138,PLT0017,2026-02-24 22:51:30,2026-03-05 22:51:30,2026-03-02 22:51:30,Kuehne+Nagel,58136.07,Delivered
SHIP002241,PO003107,SUP00078,PLT0008,2026-05-10 17:41:12,2026-07-05 17:41:12,2026-07-04 17:41:12,FedEx Freight,219812.66,Delivered
SHIP002242,PO004131,SUP00115,PLT0026,2026-04-30 16:41:24,2026-05-10 16:41:24,2026-05-25 16:41:24,DHL,29358.7,Delivered Late
SHIP002243,PO002581,SUP00107,PLT0016,2026-03-21 19:58:06,2026-04-06 19:58:06,2026-04-06 19:58:06,FedEx Freight,31440.91,Delivered
SHIP002244,PO000712,SUP00144,PLT0014,2026-01-25 21:05:30,2026-02-20 21:05:30,2026-02-18 21:05:30,Kuehne+Nagel,417652.02,Delivered
SHIP002245,PO000032,SUP00134,PLT0009,2026-06-05 11:35:31,2026-06-12 11:35:31,2026-06-23 11:35:31,FedEx Freight,504941.28,Delivered Late
SHIP002246,PO001613,SUP00139,PLT0015,2026-03-02 09:05:12,2026-03-13 09:05:12,2026-03-23 09:05:12,Kuehne+Nagel,36961.8,Delivered Late
SHIP002247,PO001759,SUP00051,PLT0024,2026-05-23 13:58:28,2026-05-27 13:58:28,2026-05-25 13:58:28,DB Schenker,619432.47,Delivered
SHIP002248,PO003810,SUP00128,PLT0028,2026-01-12 00:25:35,2026-01-28 00:25:35,2026-01-25 00:25:35,Delhivery B2B,187351.1,Delivered
SHIP002249,PO004530,SUP00027,PLT0028,2026-03-30 13:58:52,2026-04-02 13:58:52,2026-04-02 13:58:52,DB Schenker,833307.59,Delivered
SHIP002250,PO004760,SUP00175,PLT0018,2026-03-25 03:18:54,2026-04-05 03:18:54,2026-04-05 03:18:54,FedEx Freight,46972.29,Delivered
SHIP002251,PO001059,SUP00133,PLT0010,2026-02-11 13:16:15,2026-03-24 13:16:15,2026-03-23 13:16:15,Delhivery B2B,50274.54,Delivered
SHIP002252,PO002047,SUP00138,PLT0022,2026-02-14 04:36:31,2026-02-27 04:36:31,2026-02-26 04:36:31,Maersk,100846.29,Delivered
SHIP002253,PO004652,SUP00161,PLT0028,2026-01-11 16:59:28,2026-02-08 16:59:28,2026-02-08 16:59:28,FedEx Freight,172392.32,Delivered
SHIP002254,PO001836,SUP00162,PLT0016,2026-06-04 07:44:06,2026-06-10 07:44:06,2026-06-07 07:44:06,DHL,1244.54,Delivered
SHIP002255,PO000359,SUP00081,PLT0005,2026-05-22 14:27:15,2026-06-11 14:27:15,2026-06-17 14:27:15,Delhivery B2B,29157.64,Delivered Late
SHIP002256,PO000143,SUP00165,PLT0016,2026-01-27 14:07:37,2026-03-10 14:07:37,2026-03-07 14:07:37,Maersk,144318.6,Delivered
SHIP002257,PO002324,SUP00121,PLT0006,2026-03-20 23:15:40,2026-03-25 23:15:40,2026-04-08 23:15:40,Kuehne+Nagel,127116.93,Delivered Late
SHIP002258,PO000087,SUP00162,PLT0002,2026-02-24 16:19:48,2026-03-02 16:19:48,2026-03-11 16:19:48,FedEx Freight,122526.57,Delivered Late
SHIP002259,PO004903,SUP00083,PLT0020,2026-04-22 19:44:29,2026-06-20 19:44:29,2026-06-18 19:44:29,BlueDart Cargo,468089.03,Delivered
SHIP002260,PO000621,SUP00030,PLT0007,2026-03-22 15:35:36,2026-04-20 15:35:36,2026-04-17 15:35:36,FedEx Freight,256840.39,Delivered
SHIP002261,PO004473,SUP00194,PLT0017,2026-02-26 05:20:07,2026-03-18 05:20:07,2026-03-16 05:20:07,DB Schenker,335129.78,Delivered
SHIP002262,PO004963,SUP00072,PLT0016,2026-04-14 21:22:00,2026-06-09 21:22:00,2026-06-12 21:22:00,Maersk,10399.42,Delivered Late
SHIP002263,PO000000,SUP00148,PLT0028,2026-04-19 14:08:11,2026-05-14 14:08:11,2026-05-15 14:08:11,BlueDart Cargo,157885.88,Delivered Late
SHIP002264,PO003056,SUP00106,PLT0013,2026-01-14 00:34:10,2026-01-21 00:34:10,2026-01-19 00:34:10,Maersk,773179.55,Delivered
SHIP002265,PO000080,SUP00050,PLT0017,2026-01-12 03:32:51,2026-02-10 03:32:51,2026-02-10 03:32:51,DHL,1303417.6,Delivered
SHIP002266,PO000840,SUP00095,PLT0027,2026-05-18 22:15:29,2026-06-06 22:15:29,2026-06-06 22:15:29,BlueDart Cargo,1276996.99,Delivered
SHIP002267,PO004915,SUP00066,PLT0008,2026-03-21 04:26:01,2026-05-04 04:26:01,2026-05-02 04:26:01,DB Schenker,292731.41,Delivered
SHIP002268,PO001712,SUP00143,PLT0015,2026-03-11 21:09:52,2026-04-23 21:09:52,2026-04-23 21:09:52,Delhivery B2B,285081.31,Delivered
SHIP002269,PO001635,SUP00197,PLT0027,2026-06-05 23:43:23,2026-06-13 23:43:23,2026-06-27 23:43:23,DHL,400454.95,Delivered Late
SHIP002270,PO001676,SUP00025,PLT0018,2026-04-29 02:56:45,2026-05-24 02:56:45,2026-05-24 02:56:45,FedEx Freight,177450.05,Delivered
SHIP002271,PO000368,SUP00152,PLT0009,2026-06-13 17:32:20,2026-07-02 17:32:20,,FedEx Freight,346219.23,Delayed
SHIP002272,PO002830,SUP00182,PLT0020,2026-04-09 00:36:41,2026-05-07 00:36:41,2026-05-05 00:36:41,Maersk,68906.3,Delivered
SHIP002273,PO002296,SUP00141,PLT0001,2026-02-07 14:43:11,2026-03-23 14:43:11,2026-03-29 14:43:11,Kuehne+Nagel,164707.79,Delivered Late
SHIP002274,PO003019,SUP00096,PLT0028,2026-06-29 19:09:10,2026-07-07 19:09:10,2026-07-07 19:09:10,FedEx Freight,942588.05,Delivered
SHIP002275,PO003674,SUP00183,PLT0014,2026-01-16 14:19:33,2026-02-14 14:19:33,2026-02-11 14:19:33,BlueDart Cargo,72543.64,Delivered
SHIP002276,PO002094,SUP00093,PLT0012,2026-05-13 17:27:55,2026-05-15 17:27:55,2026-05-14 17:27:55,Kuehne+Nagel,554033.37,Delivered
SHIP002277,PO002949,SUP00010,PLT0024,2026-04-28 16:54:24,2026-06-24 16:54:24,2026-06-21 16:54:24,DB Schenker,520654.56,Delivered
SHIP002278,PO001051,SUP00165,PLT0000,2026-01-13 06:26:17,2026-02-23 06:26:17,2026-02-22 06:26:17,BlueDart Cargo,651527.37,Delivered
SHIP002279,PO001263,SUP00053,PLT0001,2026-03-13 11:51:18,2026-04-22 11:51:18,2026-04-22 11:51:18,DB Schenker,162606.89,Delivered
SHIP002280,PO003324,SUP00115,PLT0011,2026-01-12 15:14:04,2026-01-24 15:14:04,2026-01-28 15:14:04,FedEx Freight,96593.43,Delivered Late
SHIP002281,PO002377,SUP00030,PLT0003,2026-01-08 20:43:11,2026-02-06 20:43:11,2026-02-05 20:43:11,BlueDart Cargo,1034247.92,Delivered
SHIP002282,PO004970,SUP00021,PLT0009,2026-03-18 00:38:41,2026-04-15 00:38:41,2026-04-13 00:38:41,DB Schenker,980256.92,Delivered
SHIP002283,PO004737,SUP00182,PLT0021,2026-04-21 04:13:34,2026-05-19 04:13:34,2026-05-19 04:13:34,Maersk,148771.75,Delivered
SHIP002284,PO003968,SUP00165,PLT0005,2026-04-27 00:52:10,2026-06-10 00:52:10,2026-06-21 00:52:10,BlueDart Cargo,589242.07,Delivered Late
SHIP002285,PO004559,SUP00143,PLT0023,2026-03-05 00:52:22,2026-04-15 00:52:22,2026-04-12 00:52:22,Maersk,241544.48,Delivered
SHIP002286,PO001991,SUP00181,PLT0021,2026-04-25 23:13:17,2026-05-06 23:13:17,2026-05-04 23:13:17,DB Schenker,231271.01,Delivered
SHIP002287,PO001695,SUP00108,PLT0014,2026-03-24 00:06:07,2026-05-22 00:06:07,2026-05-21 00:06:07,BlueDart Cargo,836391.54,Delivered
SHIP002288,PO004816,SUP00024,PLT0014,2026-05-10 22:51:49,2026-06-07 22:51:49,2026-06-07 22:51:49,DB Schenker,326848.07,Delivered
SHIP002289,PO000014,SUP00175,PLT0008,2026-03-14 19:18:10,2026-03-27 19:18:10,2026-03-24 19:18:10,Kuehne+Nagel,410037.31,Delivered
SHIP002290,PO000605,SUP00102,PLT0018,2026-04-28 17:11:21,2026-05-15 17:11:21,2026-05-30 17:11:21,DB Schenker,60882.13,Delivered Late
SHIP002291,PO002494,SUP00099,PLT0018,2026-03-18 23:04:34,2026-05-14 23:04:34,2026-05-13 23:04:34,Kuehne+Nagel,1248940.03,Delivered
SHIP002292,PO001208,SUP00045,PLT0003,2026-02-03 06:51:10,2026-02-20 06:51:10,2026-02-17 06:51:10,Kuehne+Nagel,671901.75,Delivered
SHIP002293,PO003459,SUP00029,PLT0002,2026-03-20 15:49:41,2026-05-14 15:49:41,2026-05-12 15:49:41,FedEx Freight,233680.3,Delivered
SHIP002294,PO004484,SUP00032,PLT0015,2026-01-16 13:50:06,2026-02-28 13:50:06,2026-02-28 13:50:06,BlueDart Cargo,578278.89,Delivered
SHIP002295,PO004327,SUP00108,PLT0011,2026-01-14 03:32:06,2026-03-12 03:32:06,2026-03-09 03:32:06,Maersk,402196.15,Delivered
SHIP002296,PO000348,SUP00134,PLT0020,2026-05-27 00:57:40,2026-06-03 00:57:40,2026-06-10 00:57:40,Kuehne+Nagel,25765.34,Delivered Late
SHIP002297,PO000631,SUP00055,PLT0005,2026-06-14 06:01:02,2026-06-21 06:01:02,2026-06-27 06:01:02,Delhivery B2B,23223.23,Delivered Late
SHIP002298,PO004885,SUP00083,PLT0023,2026-04-22 16:57:32,2026-06-19 16:57:32,2026-06-18 16:57:32,Delhivery B2B,122658.63,Delivered
SHIP002299,PO002350,SUP00133,PLT0015,2026-02-05 19:30:47,2026-03-19 19:30:47,2026-03-16 19:30:47,FedEx Freight,750187.99,Delivered
SHIP002300,PO000476,SUP00164,PLT0010,2026-03-05 22:23:52,2026-03-07 22:23:52,2026-03-17 22:23:52,Kuehne+Nagel,189053.01,Delivered Late
SHIP002301,PO001480,SUP00153,PLT0010,2026-05-20 13:27:41,2026-07-01 13:27:41,2026-06-28 13:27:41,DHL,335023.03,Delivered
SHIP002302,PO000824,SUP00093,PLT0015,2026-05-18 18:02:22,2026-05-22 18:02:22,2026-05-20 18:02:22,FedEx Freight,120650.05,Delivered
SHIP002303,PO001509,SUP00148,PLT0004,2026-04-26 20:32:57,2026-05-25 20:32:57,2026-06-08 20:32:57,FedEx Freight,153594.2,Delivered Late
SHIP002304,PO004216,SUP00092,PLT0015,2026-03-09 03:11:46,2026-04-21 03:11:46,2026-04-19 03:11:46,DB Schenker,920391.65,Delivered
SHIP002305,PO004730,SUP00179,PLT0026,2026-05-08 05:06:11,2026-06-06 05:06:11,2026-06-05 05:06:11,FedEx Freight,1268491.71,Delivered
SHIP002306,PO003723,SUP00075,PLT0019,2026-03-22 20:34:43,2026-05-19 20:34:43,2026-05-19 20:34:43,Kuehne+Nagel,4843.26,Delivered
SHIP002307,PO002398,SUP00071,PLT0023,2026-01-09 10:44:48,2026-03-06 10:44:48,2026-03-05 10:44:48,Maersk,208603.21,Delivered
SHIP002308,PO003349,SUP00123,PLT0024,2026-03-12 13:13:06,2026-05-08 13:13:06,2026-05-08 13:13:06,Maersk,698193.81,Delivered
SHIP002309,PO003566,SUP00110,PLT0016,2026-03-18 18:49:21,2026-03-31 18:49:21,2026-03-29 18:49:21,Kuehne+Nagel,9902.01,Delivered
SHIP002310,PO000299,SUP00055,PLT0021,2026-04-12 00:41:06,2026-04-17 00:41:06,2026-04-24 00:41:06,FedEx Freight,87071.88,Delivered Late
SHIP002311,PO002426,SUP00136,PLT0003,2026-01-19 06:16:11,2026-01-28 06:16:11,2026-01-27 06:16:11,Delhivery B2B,356659.5,Delivered
SHIP002312,PO001900,SUP00023,PLT0023,2026-03-25 09:19:46,2026-04-04 09:19:46,2026-04-04 09:19:46,BlueDart Cargo,737377.42,Delivered
SHIP002313,PO003921,SUP00058,PLT0019,2026-05-10 18:31:06,2026-05-23 18:31:06,2026-05-21 18:31:06,DB Schenker,86773.92,Delivered
SHIP002314,PO001615,SUP00159,PLT0015,2026-06-19 16:36:37,2026-06-23 16:36:37,2026-06-24 16:36:37,BlueDart Cargo,256307.26,Delivered Late
SHIP002315,PO004079,SUP00022,PLT0012,2026-03-07 05:21:57,2026-04-20 05:21:57,2026-04-23 05:21:57,FedEx Freight,111297.05,Delivered Late
SHIP002316,PO003263,SUP00098,PLT0012,2026-02-19 03:18:16,2026-04-17 03:18:16,2026-04-15 03:18:16,BlueDart Cargo,151573.38,Delivered
SHIP002317,PO000684,SUP00035,PLT0008,2026-04-13 20:41:36,2026-05-26 20:41:36,2026-06-02 20:41:36,FedEx Freight,103531.55,Delivered Late
SHIP002318,PO001182,SUP00087,PLT0023,2026-03-08 09:46:50,2026-04-21 09:46:50,2026-04-21 09:46:50,Kuehne+Nagel,416908.62,Delivered
SHIP002319,PO000558,SUP00019,PLT0024,2026-04-02 15:10:16,2026-05-28 15:10:16,2026-05-25 15:10:16,Kuehne+Nagel,568919.63,Delivered
SHIP002320,PO002482,SUP00126,PLT0012,2026-05-28 12:16:39,2026-06-16 12:16:39,2026-06-16 12:16:39,Maersk,49722.11,Delivered
SHIP002321,PO000777,SUP00064,PLT0014,2026-04-29 06:40:31,2026-06-24 06:40:31,2026-06-21 06:40:31,FedEx Freight,277935.11,Delivered
SHIP002322,PO000870,SUP00033,PLT0002,2026-04-02 05:47:32,2026-04-08 05:47:32,2026-04-06 05:47:32,Kuehne+Nagel,196315.44,Delivered
SHIP002323,PO004604,SUP00074,PLT0014,2026-01-15 11:21:08,2026-01-24 11:21:08,2026-01-23 11:21:08,DHL,319648.45,Delivered
SHIP002324,PO000101,SUP00054,PLT0016,2026-02-01 19:35:14,2026-03-15 19:35:14,2026-03-14 19:35:14,FedEx Freight,126319.78,Delivered
SHIP002325,PO003424,SUP00027,PLT0006,2026-04-14 23:35:00,2026-04-20 23:35:00,2026-04-17 23:35:00,Kuehne+Nagel,469343.68,Delivered
SHIP002326,PO000198,SUP00182,PLT0002,2026-03-10 10:00:45,2026-04-04 10:00:45,2026-04-03 10:00:45,DHL,280661.75,Delivered
SHIP002327,PO002937,SUP00074,PLT0026,2026-02-26 08:49:47,2026-03-04 08:49:47,2026-03-01 08:49:47,Maersk,1801.02,Delivered
SHIP002328,PO004635,SUP00173,PLT0014,2026-02-12 22:11:31,2026-02-17 22:11:31,2026-02-16 22:11:31,FedEx Freight,605733.76,Delivered
SHIP002329,PO000473,SUP00113,PLT0026,2026-02-18 15:16:33,2026-04-14 15:16:33,2026-04-13 15:16:33,FedEx Freight,604104.14,Delivered
SHIP002330,PO001796,SUP00126,PLT0004,2026-03-07 13:21:31,2026-03-25 13:21:31,2026-03-23 13:21:31,FedEx Freight,157333.45,Delivered
SHIP002331,PO004104,SUP00073,PLT0008,2026-02-07 07:39:54,2026-03-21 07:39:54,2026-03-22 07:39:54,DHL,141510.63,Delivered Late
SHIP002332,PO001202,SUP00106,PLT0026,2026-04-03 02:23:00,2026-04-10 02:23:00,2026-04-09 02:23:00,BlueDart Cargo,260668.34,Delivered
SHIP002333,PO003808,SUP00103,PLT0010,2026-02-21 00:56:40,2026-03-05 00:56:40,2026-03-04 00:56:40,Kuehne+Nagel,603192.51,Delivered
SHIP002334,PO001623,SUP00157,PLT0006,2026-05-16 14:12:49,2026-06-26 14:12:49,2026-06-26 14:12:49,FedEx Freight,168013.38,Delivered
SHIP002335,PO003949,SUP00085,PLT0027,2026-03-14 16:13:55,2026-04-26 16:13:55,2026-04-24 16:13:55,DB Schenker,100534.06,Delivered
SHIP002336,PO002208,SUP00126,PLT0003,2026-03-31 22:01:21,2026-04-20 22:01:21,2026-04-20 22:01:21,Delhivery B2B,313938.49,Delivered
SHIP002337,PO000905,SUP00001,PLT0021,2026-01-28 07:58:12,2026-03-11 07:58:12,2026-03-10 07:58:12,DB Schenker,137309.66,Delivered
SHIP002338,PO004069,SUP00119,PLT0002,2026-06-06 09:52:40,2026-06-23 09:52:40,2026-06-21 09:52:40,BlueDart Cargo,366392.68,Delivered
SHIP002339,PO002290,SUP00144,PLT0028,2026-03-13 12:38:49,2026-04-07 12:38:49,2026-04-06 12:38:49,DHL,7151.87,Delivered
SHIP002340,PO001537,SUP00109,PLT0019,2026-06-02 02:14:41,2026-06-07 02:14:41,2026-06-07 02:14:41,Kuehne+Nagel,78818.57,Delivered
SHIP002341,PO003887,SUP00016,PLT0004,2026-03-10 09:32:59,2026-03-28 09:32:59,2026-03-25 09:32:59,Delhivery B2B,22190.02,Delivered
SHIP002342,PO002353,SUP00150,PLT0002,2026-07-05 01:06:44,2026-07-08 01:06:44,2026-07-08 01:06:44,Kuehne+Nagel,71518.35,Delivered
SHIP002343,PO000479,SUP00044,PLT0006,2026-03-11 16:11:21,2026-05-08 16:11:21,2026-05-12 16:11:21,FedEx Freight,444601.2,Delivered Late
SHIP002344,PO003812,SUP00152,PLT0019,2026-02-12 20:16:05,2026-03-04 20:16:05,2026-03-14 20:16:05,FedEx Freight,479829.16,Delivered Late
SHIP002345,PO004693,SUP00167,PLT0016,2026-01-22 20:55:21,2026-02-04 20:55:21,2026-02-02 20:55:21,Delhivery B2B,115351.14,Delivered
SHIP002346,PO004225,SUP00161,PLT0023,2026-02-20 16:40:05,2026-03-17 16:40:05,2026-03-16 16:40:05,Maersk,72562.31,Delivered
SHIP002347,PO003290,SUP00156,PLT0000,2026-02-17 15:03:05,2026-02-24 15:03:05,2026-03-05 15:03:05,FedEx Freight,86281.45,Delivered Late
SHIP002348,PO003991,SUP00023,PLT0015,2026-02-07 10:41:29,2026-02-20 10:41:29,2026-03-04 10:41:29,Maersk,905076.79,Delivered Late
SHIP002349,PO000828,SUP00092,PLT0011,2026-04-01 05:36:05,2026-05-12 05:36:05,2026-05-27 05:36:05,FedEx Freight,7505.85,Delivered Late
SHIP002350,PO000389,SUP00116,PLT0029,2026-01-19 18:12:45,2026-02-06 18:12:45,2026-02-06 18:12:45,FedEx Freight,10381.32,Delivered
SHIP002351,PO003428,SUP00150,PLT0015,2026-06-20 08:46:28,2026-06-23 08:46:28,2026-06-20 08:46:28,BlueDart Cargo,273534.55,Delivered
SHIP002352,PO004229,SUP00076,PLT0011,2026-05-13 23:20:02,2026-05-26 23:20:02,2026-05-25 23:20:02,DHL,93846.53,Delivered
SHIP002353,PO003534,SUP00075,PLT0028,2026-03-06 04:33:10,2026-05-02 04:33:10,2026-04-30 04:33:10,Maersk,115124.08,Delivered
SHIP002354,PO000472,SUP00001,PLT0007,2026-02-25 23:11:29,2026-04-06 23:11:29,2026-04-03 23:11:29,FedEx Freight,7017.03,Delivered
SHIP002355,PO001306,SUP00173,PLT0010,2026-02-15 07:48:41,2026-02-24 07:48:41,2026-02-23 07:48:41,Maersk,44833.48,Delivered
SHIP002356,PO003787,SUP00110,PLT0012,2026-06-12 18:59:00,2026-06-24 18:59:00,2026-06-24 18:59:00,DB Schenker,127699.08,Delivered
SHIP002357,PO001117,SUP00069,PLT0005,2026-02-02 20:34:06,2026-02-11 20:34:06,2026-02-08 20:34:06,Maersk,470834.42,Delivered
SHIP002358,PO002451,SUP00143,PLT0023,2026-02-17 22:15:55,2026-03-30 22:15:55,2026-03-28 22:15:55,Kuehne+Nagel,31855.47,Delivered
SHIP002359,PO003581,SUP00007,PLT0010,2026-03-13 17:45:41,2026-03-25 17:45:41,2026-03-22 17:45:41,FedEx Freight,93972.54,Delivered
SHIP002360,PO001545,SUP00009,PLT0008,2026-04-03 19:05:35,2026-04-09 19:05:35,2026-04-07 19:05:35,Maersk,577434.72,Delivered
SHIP002361,PO003227,SUP00023,PLT0012,2026-04-10 21:34:39,2026-04-23 21:34:39,2026-04-20 21:34:39,DHL,297421.6,Delivered
SHIP002362,PO004837,SUP00080,PLT0029,2026-01-10 07:49:49,2026-01-23 07:49:49,2026-01-22 07:49:49,FedEx Freight,623882.39,Delivered
SHIP002363,PO003164,SUP00111,PLT0028,2026-03-01 10:21:02,2026-03-08 10:21:02,2026-03-16 10:21:02,FedEx Freight,454303.14,Delivered Late
SHIP002364,PO001174,SUP00056,PLT0023,2026-04-18 17:43:18,2026-06-12 17:43:18,2026-06-25 17:43:18,Kuehne+Nagel,204094.04,Delivered Late
SHIP002365,PO003962,SUP00010,PLT0005,2026-02-10 04:33:10,2026-04-10 04:33:10,2026-04-08 04:33:10,BlueDart Cargo,1335924.85,Delivered
SHIP002366,PO003409,SUP00101,PLT0017,2026-04-26 18:18:14,2026-06-22 18:18:14,2026-06-22 18:18:14,DB Schenker,47575.91,Delivered
SHIP002367,PO000122,SUP00085,PLT0015,2026-02-28 08:44:38,2026-04-13 08:44:38,2026-04-13 08:44:38,DB Schenker,160798.96,Delivered
SHIP002368,PO002610,SUP00111,PLT0023,2026-02-25 08:12:54,2026-03-04 08:12:54,2026-03-04 08:12:54,Maersk,225555.46,Delivered
SHIP002369,PO000906,SUP00023,PLT0000,2026-03-21 05:47:26,2026-04-01 05:47:26,2026-03-29 05:47:26,BlueDart Cargo,9320.2,Delivered
SHIP002370,PO002858,SUP00033,PLT0009,2026-02-16 13:19:47,2026-02-21 13:19:47,2026-02-18 13:19:47,Maersk,20664.35,Delivered
SHIP002371,PO004449,SUP00014,PLT0001,2026-05-17 12:46:12,2026-05-26 12:46:12,2026-05-23 12:46:12,Kuehne+Nagel,143626.38,Delivered
SHIP002372,PO000428,SUP00145,PLT0005,2026-01-26 21:11:23,2026-03-23 21:11:23,2026-03-23 21:11:23,DB Schenker,240308.92,Delivered
SHIP002373,PO004116,SUP00028,PLT0015,2026-06-15 14:49:25,2026-06-18 14:49:25,2026-07-01 14:49:25,Maersk,606.46,Delivered Late
SHIP002374,PO004176,SUP00177,PLT0015,2026-01-08 13:41:28,2026-01-26 13:41:28,2026-01-29 13:41:28,Kuehne+Nagel,94927.2,Delivered Late
SHIP002375,PO004385,SUP00083,PLT0024,2026-03-14 18:16:02,2026-05-12 18:16:02,2026-05-24 18:16:02,DB Schenker,41358.25,Delivered Late
SHIP002376,PO001147,SUP00008,PLT0007,2026-05-24 07:36:23,2026-05-27 07:36:23,2026-05-27 07:36:23,Delhivery B2B,36702.62,Delivered
SHIP002377,PO002298,SUP00148,PLT0025,2026-06-03 14:57:52,2026-07-02 14:57:52,2026-06-30 14:57:52,FedEx Freight,32745.8,Delivered
SHIP002378,PO001672,SUP00051,PLT0015,2026-04-05 02:21:48,2026-04-09 02:21:48,2026-04-09 02:21:48,DB Schenker,20450.58,Delivered
SHIP002379,PO001574,SUP00125,PLT0006,2026-03-30 16:33:31,2026-05-10 16:33:31,2026-05-08 16:33:31,Maersk,1114002.68,Delivered
SHIP002380,PO002163,SUP00013,PLT0004,2026-04-28 15:29:37,2026-05-14 15:29:37,2026-05-28 15:29:37,DHL,378122.39,Delivered Late
SHIP002381,PO004660,SUP00183,PLT0006,2026-04-18 10:12:13,2026-05-15 10:12:13,2026-05-13 10:12:13,FedEx Freight,1075845.83,Delivered
SHIP002382,PO002292,SUP00180,PLT0023,2026-06-18 16:23:17,2026-06-29 16:23:17,2026-06-27 16:23:17,BlueDart Cargo,132658.7,Delivered
SHIP002383,PO004931,SUP00082,PLT0009,2026-05-28 20:36:01,2026-06-04 20:36:01,2026-06-02 20:36:01,Maersk,182405.06,Delivered
SHIP002384,PO000776,SUP00066,PLT0012,2026-03-26 13:07:36,2026-05-06 13:07:36,2026-05-04 13:07:36,Maersk,189860.14,Delivered
SHIP002385,PO003157,SUP00176,PLT0008,2026-03-31 07:31:51,2026-05-28 07:31:51,2026-05-28 07:31:51,Maersk,3140.88,Delivered
SHIP002386,PO002820,SUP00189,PLT0011,2026-05-19 23:35:35,2026-07-02 23:35:35,2026-07-11 23:35:35,Kuehne+Nagel,94733.96,Delivered Late
SHIP002387,PO003166,SUP00114,PLT0017,2026-06-04 03:00:28,2026-06-16 03:00:28,2026-06-26 03:00:28,DHL,936708.27,Delivered Late
SHIP002388,PO000535,SUP00121,PLT0029,2026-02-09 07:56:28,2026-02-14 07:56:28,2026-02-11 07:56:28,BlueDart Cargo,394588.32,Delivered
SHIP002389,PO004384,SUP00000,PLT0020,2026-04-01 07:56:25,2026-04-07 07:56:25,2026-04-06 07:56:25,BlueDart Cargo,285729.15,Delivered
SHIP002390,PO004939,SUP00033,PLT0024,2026-06-26 13:44:58,2026-07-05 13:44:58,2026-07-04 13:44:58,Kuehne+Nagel,300402.77,Delivered
SHIP002391,PO001610,SUP00152,PLT0001,2026-02-17 10:34:29,2026-03-09 10:34:29,2026-03-13 10:34:29,DHL,326577.6,Delivered Late
SHIP002392,PO000131,SUP00109,PLT0001,2026-02-01 11:25:08,2026-02-10 11:25:08,2026-02-10 11:25:08,Maersk,63303.48,Delivered
SHIP002393,PO000652,SUP00039,PLT0006,2026-02-20 09:20:31,2026-03-01 09:20:31,2026-03-01 09:20:31,DB Schenker,19828.84,Delivered
SHIP002394,PO004766,SUP00117,PLT0014,2026-02-01 14:37:39,2026-03-14 14:37:39,2026-03-19 14:37:39,Maersk,473938.96,Delivered Late
SHIP002395,PO004600,SUP00140,PLT0018,2026-04-25 17:32:45,2026-06-04 17:32:45,2026-06-03 17:32:45,DHL,16067.46,Delivered
SHIP002396,PO004607,SUP00184,PLT0004,2026-06-14 02:55:58,2026-06-27 02:55:58,2026-07-10 02:55:58,DB Schenker,222232.73,Delivered Late
SHIP002397,PO001692,SUP00176,PLT0026,2026-04-30 13:46:48,2026-06-25 13:46:48,2026-06-25 13:46:48,Delhivery B2B,139275.75,Delivered
SHIP002398,PO000882,SUP00041,PLT0017,2026-04-27 06:45:59,2026-05-02 06:45:59,2026-04-29 06:45:59,Kuehne+Nagel,482852.97,Delivered
SHIP002399,PO001473,SUP00013,PLT0022,2026-05-06 22:02:29,2026-05-22 22:02:29,2026-05-21 22:02:29,DHL,207441.77,Delivered
SHIP002400,PO004298,SUP00011,PLT0001,2026-01-28 19:37:56,2026-02-02 19:37:56,2026-02-02 19:37:56,BlueDart Cargo,204709.87,Delivered
SHIP002401,PO002994,SUP00165,PLT0015,2026-05-06 17:54:46,2026-06-16 17:54:46,2026-06-15 17:54:46,Kuehne+Nagel,731132.91,Delivered
SHIP002402,PO000068,SUP00022,PLT0016,2026-02-17 17:43:04,2026-03-30 17:43:04,2026-03-27 17:43:04,DHL,1009836.16,Delivered
SHIP002403,PO000278,SUP00043,PLT0019,2026-05-08 15:57:37,2026-07-03 15:57:37,2026-06-30 15:57:37,Delhivery B2B,466215.25,Delivered
SHIP002404,PO000578,SUP00010,PLT0013,2026-04-27 07:13:15,2026-06-22 07:13:15,2026-06-21 07:13:15,DB Schenker,146483.73,Delivered
SHIP002405,PO000271,SUP00075,PLT0020,2026-03-05 09:20:15,2026-04-29 09:20:15,2026-04-29 09:20:15,BlueDart Cargo,59466.12,Delivered
SHIP002406,PO003247,SUP00171,PLT0025,2026-03-05 03:29:10,2026-04-29 03:29:10,2026-04-27 03:29:10,FedEx Freight,497183.47,Delivered
SHIP002407,PO002321,SUP00124,PLT0005,2026-01-30 14:25:24,2026-02-27 14:25:24,2026-02-25 14:25:24,Delhivery B2B,472624.19,Delivered
SHIP002408,PO000331,SUP00112,PLT0000,2026-01-03 21:43:19,2026-01-31 21:43:19,2026-01-29 21:43:19,DHL,36349.52,Delivered
SHIP002409,PO001075,SUP00169,PLT0013,2026-03-28 03:33:44,2026-05-23 03:33:44,2026-05-21 03:33:44,FedEx Freight,77694.15,Delivered
SHIP002410,PO004307,SUP00063,PLT0000,2026-05-10 20:25:26,2026-06-08 20:25:26,2026-06-06 20:25:26,Kuehne+Nagel,140425.39,Delivered
SHIP002411,PO004143,SUP00177,PLT0005,2026-03-06 20:36:57,2026-03-22 20:36:57,2026-03-22 20:36:57,Maersk,85673.6,Delivered
SHIP002412,PO001425,SUP00019,PLT0012,2026-02-28 03:17:03,2026-04-27 03:17:03,2026-04-26 03:17:03,Kuehne+Nagel,1291097.65,Delivered
SHIP002413,PO004032,SUP00014,PLT0023,2026-05-09 03:59:58,2026-05-18 03:59:58,2026-05-17 03:59:58,BlueDart Cargo,154458.59,Delivered
SHIP002414,PO002825,SUP00199,PLT0024,2026-01-14 06:53:49,2026-01-26 06:53:49,2026-01-24 06:53:49,DB Schenker,5775.69,Delivered
SHIP002415,PO003036,SUP00061,PLT0000,2026-03-11 23:49:49,2026-03-19 23:49:49,2026-03-17 23:49:49,Delhivery B2B,55509.81,Delivered
SHIP002416,PO001379,SUP00025,PLT0015,2026-02-10 13:11:54,2026-03-09 13:11:54,2026-03-09 13:11:54,Kuehne+Nagel,83580.1,Delivered
SHIP002417,PO002362,SUP00177,PLT0015,2026-01-03 20:51:41,2026-01-23 20:51:41,2026-02-04 20:51:41,DHL,99363.6,Delivered Late
SHIP002418,PO003232,SUP00057,PLT0022,2026-02-07 10:26:41,2026-03-06 10:26:41,2026-03-05 10:26:41,DHL,44317.56,Delivered
SHIP002419,PO000969,SUP00066,PLT0005,2026-02-11 19:37:00,2026-03-25 19:37:00,2026-03-25 19:37:00,FedEx Freight,16900.48,Delivered
SHIP002420,PO000030,SUP00004,PLT0005,2026-03-02 23:05:27,2026-03-30 23:05:27,2026-03-30 23:05:27,Kuehne+Nagel,162125.12,Delivered
SHIP002421,PO000343,SUP00196,PLT0009,2026-03-18 17:46:13,2026-04-06 17:46:13,2026-04-06 17:46:13,FedEx Freight,35871.58,Delivered
SHIP002422,PO002344,SUP00163,PLT0006,2026-02-26 14:29:43,2026-03-01 14:29:43,2026-02-27 14:29:43,Kuehne+Nagel,338070.31,Delivered
SHIP002423,PO003284,SUP00105,PLT0015,2026-02-02 04:56:06,2026-02-18 04:56:06,2026-02-23 04:56:06,Kuehne+Nagel,703755.46,Delivered Late
SHIP002424,PO004744,SUP00172,PLT0003,2026-06-28 00:45:48,2026-07-03 00:45:48,2026-06-30 00:45:48,FedEx Freight,299161.63,Delivered
SHIP002425,PO001112,SUP00033,PLT0018,2026-04-28 18:11:57,2026-05-04 18:11:57,2026-05-04 18:11:57,BlueDart Cargo,124365.46,Delivered
SHIP002426,PO002331,SUP00195,PLT0000,2026-06-03 23:37:08,2026-06-15 23:37:08,2026-06-13 23:37:08,Kuehne+Nagel,204309.11,Delivered
SHIP002427,PO001998,SUP00123,PLT0007,2026-02-10 09:32:43,2026-04-08 09:32:43,2026-04-07 09:32:43,Maersk,11859.76,Delivered
SHIP002428,PO003956,SUP00159,PLT0017,2026-03-03 21:04:47,2026-03-05 21:04:47,2026-03-02 21:04:47,FedEx Freight,15542.73,Delivered
SHIP002429,PO002583,SUP00045,PLT0011,2026-03-23 19:48:12,2026-04-11 19:48:12,2026-04-08 19:48:12,Delhivery B2B,394667.72,Delivered
SHIP002430,PO003128,SUP00099,PLT0004,2026-04-03 01:14:24,2026-05-29 01:14:24,2026-06-10 01:14:24,Maersk,452781.32,Delivered Late
SHIP002431,PO002604,SUP00168,PLT0001,2026-02-01 17:17:25,2026-02-12 17:17:25,2026-02-09 17:17:25,BlueDart Cargo,559196.34,Delivered
SHIP002432,PO004444,SUP00082,PLT0010,2026-01-06 09:11:53,2026-01-11 09:11:53,2026-01-14 09:11:53,DHL,172339.14,Delivered Late
SHIP002433,PO001477,SUP00110,PLT0004,2026-02-16 17:49:11,2026-03-01 17:49:11,2026-02-28 17:49:11,Delhivery B2B,90723.61,Delivered
SHIP002434,PO004297,SUP00035,PLT0029,2026-01-12 03:56:04,2026-02-23 03:56:04,2026-02-21 03:56:04,Delhivery B2B,394435.2,Delivered
SHIP002435,PO004935,SUP00082,PLT0025,2026-03-10 10:39:23,2026-03-18 10:39:23,2026-03-16 10:39:23,BlueDart Cargo,629480.92,Delivered
SHIP002436,PO000410,SUP00195,PLT0006,2026-06-06 15:38:21,2026-06-17 15:38:21,2026-06-16 15:38:21,Kuehne+Nagel,324133.8,Delivered
SHIP002437,PO003886,SUP00100,PLT0003,2026-05-04 13:59:59,2026-06-15 13:59:59,2026-06-12 13:59:59,Kuehne+Nagel,215394.52,Delivered
SHIP002438,PO001282,SUP00125,PLT0003,2026-04-28 18:45:24,2026-06-08 18:45:24,2026-06-05 18:45:24,Maersk,394028.47,Delivered
SHIP002439,PO002709,SUP00098,PLT0007,2026-05-01 08:49:19,2026-06-29 08:49:19,2026-06-28 08:49:19,DHL,68043.2,Delivered
SHIP002440,PO000288,SUP00191,PLT0014,2026-03-28 16:40:19,2026-05-25 16:40:19,2026-05-25 16:40:19,Maersk,201290.74,Delivered
SHIP002441,PO003027,SUP00072,PLT0026,2026-03-31 11:54:28,2026-05-28 11:54:28,2026-05-27 11:54:28,DHL,66106.51,Delivered
SHIP002442,PO000560,SUP00111,PLT0025,2026-06-06 01:05:30,2026-06-14 01:05:30,2026-06-14 01:05:30,DHL,152498.02,Delivered
SHIP002443,PO000153,SUP00101,PLT0019,2026-01-30 10:42:02,2026-03-30 10:42:02,2026-03-27 10:42:02,BlueDart Cargo,7769.51,Delivered
SHIP002444,PO003986,SUP00194,PLT0019,2026-02-08 06:18:49,2026-02-24 06:18:49,2026-02-23 06:18:49,Maersk,24393.18,Delivered
SHIP002445,PO002065,SUP00174,PLT0021,2026-03-14 14:07:47,2026-04-24 14:07:47,2026-05-09 14:07:47,BlueDart Cargo,611795.6,Delivered Late
SHIP002446,PO004200,SUP00164,PLT0004,2026-07-04 05:57:54,2026-07-06 05:57:54,2026-07-04 05:57:54,Delhivery B2B,287899.85,Delivered
SHIP002447,PO001951,SUP00146,PLT0016,2026-01-09 08:08:35,2026-01-26 08:08:35,2026-01-26 08:08:35,DHL,58614.14,Delivered
SHIP002448,PO004351,SUP00032,PLT0013,2026-01-26 03:49:51,2026-03-11 03:49:51,2026-03-10 03:49:51,DB Schenker,142721.24,Delivered
SHIP002449,PO001851,SUP00022,PLT0007,2026-05-27 15:19:24,2026-07-09 15:19:24,2026-07-07 15:19:24,Kuehne+Nagel,861173.05,Delivered
SHIP002450,PO000298,SUP00120,PLT0013,2026-04-27 14:11:51,2026-06-23 14:11:51,2026-06-20 14:11:51,FedEx Freight,268768.11,Delivered
SHIP002451,PO001011,SUP00047,PLT0029,2026-04-19 06:05:18,2026-04-30 06:05:18,2026-04-30 06:05:18,FedEx Freight,46473.33,Delivered
SHIP002452,PO002752,SUP00063,PLT0001,2026-05-10 00:57:16,2026-06-06 00:57:16,2026-06-18 00:57:16,DHL,15664.13,Delivered Late
SHIP002453,PO000090,SUP00002,PLT0027,2026-03-13 14:39:38,2026-03-17 14:39:38,2026-03-17 14:39:38,DHL,314898.13,Delivered
SHIP002454,PO001179,SUP00148,PLT0003,2026-05-04 20:59:44,2026-05-29 20:59:44,2026-05-29 20:59:44,DHL,116949.49,Delivered
SHIP002455,PO004895,SUP00098,PLT0019,2026-01-23 19:26:27,2026-03-20 19:26:27,2026-03-20 19:26:27,Delhivery B2B,1426825.12,Delivered
SHIP002456,PO000273,SUP00120,PLT0006,2026-05-13 08:15:37,2026-07-08 08:15:37,2026-07-05 08:15:37,Delhivery B2B,14879.96,Delivered
SHIP002457,PO002595,SUP00101,PLT0029,2026-02-10 01:30:10,2026-04-10 01:30:10,2026-04-12 01:30:10,FedEx Freight,335519.79,Delivered Late
SHIP002458,PO004788,SUP00104,PLT0019,2026-04-02 17:43:23,2026-04-10 17:43:23,2026-04-19 17:43:23,DB Schenker,121527.95,Delivered Late
SHIP002459,PO004774,SUP00051,PLT0022,2026-05-12 14:28:26,2026-05-15 14:28:26,2026-05-13 14:28:26,Maersk,303121.52,Delivered
SHIP002460,PO000138,SUP00024,PLT0020,2026-03-05 07:32:48,2026-04-01 07:32:48,2026-04-01 07:32:48,FedEx Freight,44319.68,Delivered
SHIP002461,PO003652,SUP00173,PLT0011,2026-01-17 14:50:44,2026-01-25 14:50:44,2026-01-25 14:50:44,DB Schenker,248071.41,Delivered
SHIP002462,PO003418,SUP00101,PLT0005,2026-01-14 10:02:29,2026-03-11 10:02:29,2026-03-08 10:02:29,DB Schenker,724429.72,Delivered
SHIP002463,PO002217,SUP00109,PLT0011,2026-04-09 17:24:19,2026-04-18 17:24:19,2026-04-17 17:24:19,Delhivery B2B,159012.2,Delivered
SHIP002464,PO001987,SUP00104,PLT0027,2026-03-30 04:54:19,2026-04-06 04:54:19,2026-04-05 04:54:19,BlueDart Cargo,369469.38,Delivered
SHIP002465,PO002898,SUP00139,PLT0005,2026-03-28 19:14:40,2026-04-10 19:14:40,2026-04-07 19:14:40,DHL,7053.08,Delivered
SHIP002466,PO001931,SUP00120,PLT0011,2026-02-11 21:02:35,2026-04-11 21:02:35,2026-04-08 21:02:35,Kuehne+Nagel,185889.04,Delivered
SHIP002467,PO001448,SUP00055,PLT0004,2026-02-10 19:30:24,2026-02-19 19:30:24,2026-02-16 19:30:24,DHL,29973.67,Delivered
SHIP002468,PO000590,SUP00169,PLT0008,2026-02-19 10:29:36,2026-04-18 10:29:36,2026-04-17 10:29:36,BlueDart Cargo,482073.73,Delivered
SHIP002469,PO002591,SUP00145,PLT0013,2026-03-16 06:20:27,2026-05-11 06:20:27,2026-05-11 06:20:27,FedEx Freight,202282.96,Delivered
SHIP002470,PO004388,SUP00132,PLT0006,2026-05-13 18:36:34,2026-05-22 18:36:34,2026-06-03 18:36:34,DHL,72106.17,Delivered Late
SHIP002471,PO000247,SUP00087,PLT0012,2026-01-13 17:45:04,2026-02-25 17:45:04,2026-03-03 17:45:04,FedEx Freight,11816.86,Delivered Late
SHIP002472,PO002155,SUP00125,PLT0019,2026-03-05 22:45:36,2026-04-14 22:45:36,2026-04-12 22:45:36,DB Schenker,273105.29,Delivered
SHIP002473,PO001164,SUP00083,PLT0029,2026-01-29 13:58:28,2026-03-27 13:58:28,2026-03-26 13:58:28,Delhivery B2B,3810.65,Delivered
SHIP002474,PO002257,SUP00171,PLT0016,2026-03-02 14:27:14,2026-04-26 14:27:14,2026-04-23 14:27:14,Kuehne+Nagel,131808.04,Delivered
SHIP002475,PO001767,SUP00104,PLT0022,2026-05-23 06:43:36,2026-05-30 06:43:36,2026-05-30 06:43:36,DB Schenker,400167.05,Delivered
SHIP002476,PO004003,SUP00103,PLT0021,2026-02-10 02:32:10,2026-02-21 02:32:10,2026-02-18 02:32:10,Maersk,2460.55,Delivered
SHIP002477,PO004334,SUP00144,PLT0016,2026-04-04 02:33:44,2026-05-01 02:33:44,2026-04-28 02:33:44,Maersk,79394.9,Delivered
SHIP002478,PO003475,SUP00117,PLT0006,2026-01-17 06:04:05,2026-02-27 06:04:05,2026-02-27 06:04:05,FedEx Freight,188509.85,Delivered
SHIP002479,PO003105,SUP00074,PLT0019,2026-06-02 07:49:26,2026-06-10 07:49:26,2026-06-07 07:49:26,DHL,11384.2,Delivered
SHIP002480,PO004183,SUP00075,PLT0013,2026-01-19 10:38:15,2026-03-16 10:38:15,2026-03-13 10:38:15,DB Schenker,519436.31,Delivered
SHIP002481,PO001775,SUP00067,PLT0006,2026-05-27 06:29:40,2026-07-06 06:29:40,2026-07-04 06:29:40,DHL,104265.2,Delivered
SHIP002482,PO004805,SUP00068,PLT0005,2026-04-08 11:35:58,2026-05-07 11:35:58,2026-05-06 11:35:58,FedEx Freight,173637.8,Delivered
SHIP002483,PO003440,SUP00065,PLT0011,2026-02-03 18:48:45,2026-03-18 18:48:45,2026-03-16 18:48:45,DB Schenker,235319.26,Delivered
SHIP002484,PO000582,SUP00163,PLT0004,2026-01-31 13:00:41,2026-02-05 13:00:41,2026-02-05 13:00:41,FedEx Freight,511400.03,Delivered
SHIP002485,PO000748,SUP00004,PLT0009,2026-02-12 14:39:33,2026-03-10 14:39:33,2026-03-09 14:39:33,FedEx Freight,57909.83,Delivered
SHIP002486,PO003733,SUP00112,PLT0002,2026-04-27 22:48:15,2026-05-23 22:48:15,2026-05-25 22:48:15,Maersk,7435.29,Delivered Late
SHIP002487,PO000225,SUP00077,PLT0008,2026-04-28 10:14:09,2026-06-10 10:14:09,2026-06-09 10:14:09,DB Schenker,73495.72,Delivered
SHIP002488,PO004490,SUP00173,PLT0004,2026-05-25 07:10:48,2026-06-02 07:10:48,2026-05-30 07:10:48,FedEx Freight,1531093.57,Delivered
SHIP002489,PO004496,SUP00008,PLT0008,2026-03-03 19:00:53,2026-03-08 19:00:53,2026-03-12 19:00:53,Delhivery B2B,442.04,Delivered Late
SHIP002490,PO001160,SUP00011,PLT0024,2026-01-10 17:16:53,2026-01-17 17:16:53,2026-01-16 17:16:53,Kuehne+Nagel,214582.92,Delivered
SHIP002491,PO004717,SUP00023,PLT0006,2026-05-12 08:40:29,2026-05-21 08:40:29,2026-05-21 08:40:29,Kuehne+Nagel,15144.97,Delivered
SHIP002492,PO004311,SUP00041,PLT0024,2026-02-28 09:04:15,2026-03-09 09:04:15,2026-03-09 09:04:15,Kuehne+Nagel,153834.9,Delivered
SHIP002493,PO004333,SUP00163,PLT0012,2026-06-21 15:43:59,2026-06-27 15:43:59,2026-07-12 15:43:59,DHL,333364.5,Delivered Late
SHIP002494,PO000072,SUP00143,PLT0000,2026-05-21 18:38:10,2026-07-04 18:38:10,2026-07-04 18:38:10,DHL,48056.8,Delivered
SHIP002495,PO001422,SUP00184,PLT0000,2026-03-16 16:09:22,2026-03-28 16:09:22,2026-03-28 16:09:22,FedEx Freight,187846.49,Delivered
SHIP002496,PO001567,SUP00019,PLT0004,2026-04-15 20:17:11,2026-06-12 20:17:11,2026-06-09 20:17:11,DHL,52776.65,Delivered
SHIP002497,PO002039,SUP00197,PLT0020,2026-02-18 01:27:57,2026-02-27 01:27:57,2026-03-12 01:27:57,Delhivery B2B,343088.09,Delivered Late
SHIP002498,PO003934,SUP00101,PLT0016,2026-01-07 18:08:15,2026-03-06 18:08:15,2026-03-04 18:08:15,DB Schenker,405242.36,Delivered
SHIP002499,PO002459,SUP00110,PLT0017,2026-06-01 00:56:01,2026-06-11 00:56:01,2026-06-11 00:56:01,DB Schenker,15907.7,Delivered
SHIP002500,PO002715,SUP00188,PLT0016,2026-03-03 23:24:30,2026-05-01 23:24:30,2026-05-16 23:24:30,DB Schenker,795045.38,Delivered Late
SHIP002501,PO000886,SUP00059,PLT0028,2026-06-13 23:26:56,2026-06-23 23:26:56,2026-06-22 23:26:56,Maersk,560818.4,Delivered
SHIP002502,PO001685,SUP00131,PLT0026,2026-02-21 23:06:00,2026-03-11 23:06:00,2026-03-08 23:06:00,BlueDart Cargo,288194.75,Delivered
SHIP002503,PO002348,SUP00078,PLT0027,2026-04-25 23:02:57,2026-06-19 23:02:57,2026-06-17 23:02:57,FedEx Freight,99582.1,Delivered
SHIP002504,PO000134,SUP00035,PLT0025,2026-03-21 22:46:10,2026-05-01 22:46:10,2026-04-29 22:46:10,Kuehne+Nagel,304397.64,Delivered
SHIP002505,PO001907,SUP00077,PLT0010,2026-03-12 22:00:45,2026-04-22 22:00:45,2026-04-20 22:00:45,FedEx Freight,696526.92,Delivered
SHIP002506,PO000037,SUP00007,PLT0022,2026-03-05 19:53:58,2026-03-16 19:53:58,2026-03-14 19:53:58,DHL,583904.16,Delivered
SHIP002507,PO001556,SUP00008,PLT0009,2026-03-20 07:53:42,2026-03-26 07:53:42,2026-03-24 07:53:42,Maersk,149605.8,Delivered
SHIP002508,PO001028,SUP00039,PLT0019,2026-01-13 18:53:40,2026-01-22 18:53:40,2026-02-01 18:53:40,FedEx Freight,310333.08,Delivered Late
SHIP002509,PO002114,SUP00101,PLT0007,2026-01-06 05:52:57,2026-03-02 05:52:57,2026-03-15 05:52:57,FedEx Freight,89679.53,Delivered Late
SHIP002510,PO002017,SUP00125,PLT0011,2026-04-11 14:00:01,2026-05-24 14:00:01,2026-05-27 14:00:01,DHL,321421.04,Delivered Late
SHIP002511,PO004203,SUP00179,PLT0021,2026-01-25 17:58:29,2026-02-20 17:58:29,2026-02-17 17:58:29,BlueDart Cargo,597006.8,Delivered
SHIP002512,PO000984,SUP00051,PLT0006,2026-04-23 23:43:34,2026-04-28 23:43:34,2026-04-25 23:43:34,Delhivery B2B,461230.18,Delivered
SHIP002513,PO003490,SUP00037,PLT0015,2026-05-15 07:51:08,2026-05-21 07:51:08,2026-05-19 07:51:08,FedEx Freight,296857.83,Delivered
SHIP002514,PO003750,SUP00131,PLT0003,2026-03-22 13:34:36,2026-04-10 13:34:36,2026-04-07 13:34:36,DHL,30071.08,Delivered
SHIP002515,PO004500,SUP00192,PLT0014,2026-04-14 04:29:05,2026-06-08 04:29:05,2026-06-15 04:29:05,FedEx Freight,52197.09,Delivered Late
SHIP002516,PO002300,SUP00174,PLT0015,2026-04-30 00:28:12,2026-06-13 00:28:12,2026-06-15 00:28:12,BlueDart Cargo,209166.05,Delivered Late
SHIP002517,PO002358,SUP00157,PLT0007,2026-02-06 12:17:23,2026-03-20 12:17:23,2026-03-20 12:17:23,Delhivery B2B,197774.2,Delivered
SHIP002518,PO001367,SUP00112,PLT0020,2026-05-12 19:32:52,2026-06-07 19:32:52,2026-06-04 19:32:52,Kuehne+Nagel,269602.54,Delivered
SHIP002519,PO000338,SUP00062,PLT0021,2026-05-23 09:49:46,2026-06-01 09:49:46,2026-06-01 09:49:46,Delhivery B2B,177619.85,Delivered
SHIP002520,PO002849,SUP00007,PLT0029,2026-03-29 14:15:05,2026-04-11 14:15:05,2026-04-16 14:15:05,Maersk,726827.64,Delivered Late
SHIP002521,PO001492,SUP00100,PLT0010,2026-03-31 10:26:50,2026-05-11 10:26:50,2026-05-11 10:26:50,DB Schenker,373879.42,Delivered
SHIP002522,PO000568,SUP00055,PLT0013,2026-01-16 10:42:58,2026-01-25 10:42:58,2026-01-31 10:42:58,DB Schenker,40394.47,Delivered Late
SHIP002523,PO004806,SUP00089,PLT0026,2026-04-21 00:08:10,2026-05-11 00:08:10,2026-05-11 00:08:10,BlueDart Cargo,235851.8,Delivered
SHIP002524,PO004436,SUP00032,PLT0019,2026-01-13 02:58:37,2026-02-23 02:58:37,2026-02-23 02:58:37,Kuehne+Nagel,248688.17,Delivered
SHIP002525,PO001903,SUP00126,PLT0028,2026-02-03 20:17:45,2026-02-21 20:17:45,2026-02-20 20:17:45,Delhivery B2B,70874.44,Delivered
SHIP002526,PO003806,SUP00116,PLT0023,2026-05-07 00:25:56,2026-05-23 00:25:56,2026-05-23 00:25:56,BlueDart Cargo,175878.36,Delivered
SHIP002527,PO002848,SUP00064,PLT0028,2026-01-17 15:36:23,2026-03-13 15:36:23,2026-03-12 15:36:23,BlueDart Cargo,214113.86,Delivered
SHIP002528,PO000163,SUP00106,PLT0022,2026-01-18 02:27:27,2026-01-23 02:27:27,2026-01-21 02:27:27,Kuehne+Nagel,421319.51,Delivered
SHIP002529,PO001254,SUP00134,PLT0023,2026-04-03 23:33:19,2026-04-12 23:33:19,2026-04-09 23:33:19,BlueDart Cargo,158474.78,Delivered
SHIP002530,PO002134,SUP00030,PLT0019,2026-04-27 18:30:56,2026-05-25 18:30:56,2026-05-22 18:30:56,DB Schenker,723788.09,Delivered
SHIP002531,PO000800,SUP00125,PLT0026,2026-05-05 09:29:10,2026-06-17 09:29:10,2026-06-16 09:29:10,BlueDart Cargo,5569.1,Delivered
SHIP002532,PO000029,SUP00016,PLT0000,2026-04-12 21:10:06,2026-04-28 21:10:06,2026-05-01 21:10:06,BlueDart Cargo,372495.49,Delivered Late
SHIP002533,PO003903,SUP00197,PLT0015,2026-04-17 00:53:30,2026-04-25 00:53:30,2026-04-24 00:53:30,DB Schenker,646184.68,Delivered
SHIP002534,PO001600,SUP00039,PLT0011,2026-04-11 17:29:05,2026-04-20 17:29:05,2026-04-18 17:29:05,FedEx Freight,505.61,Delivered
SHIP002535,PO000531,SUP00089,PLT0025,2026-02-03 00:27:49,2026-02-23 00:27:49,2026-02-21 00:27:49,FedEx Freight,212044.96,Delivered
SHIP002536,PO002897,SUP00161,PLT0008,2026-05-12 03:15:38,2026-06-08 03:15:38,2026-06-08 03:15:38,BlueDart Cargo,99919.85,Delivered
SHIP002537,PO001018,SUP00177,PLT0000,2026-01-30 11:10:03,2026-02-17 11:10:03,2026-02-15 11:10:03,DHL,77296.87,Delivered
SHIP002538,PO004411,SUP00162,PLT0011,2026-03-03 02:43:08,2026-03-05 02:43:08,2026-03-05 02:43:08,DB Schenker,740902.98,Delivered
SHIP002539,PO001482,SUP00154,PLT0010,2026-04-08 22:43:52,2026-04-16 22:43:52,2026-04-14 22:43:52,Delhivery B2B,632382.64,Delivered
SHIP002540,PO001404,SUP00154,PLT0023,2026-04-16 02:10:54,2026-04-24 02:10:54,2026-04-26 02:10:54,Maersk,19150.38,Delivered Late
SHIP002541,PO000873,SUP00024,PLT0029,2026-05-18 17:28:06,2026-06-16 17:28:06,2026-06-23 17:28:06,Kuehne+Nagel,209354.71,Delivered Late
SHIP002542,PO002237,SUP00053,PLT0023,2026-02-16 00:12:46,2026-03-28 00:12:46,2026-03-28 00:12:46,DB Schenker,462886.11,Delivered
SHIP002543,PO000645,SUP00136,PLT0000,2026-06-02 01:49:43,2026-06-15 01:49:43,2026-06-14 01:49:43,Maersk,1437895.49,Delivered
SHIP002544,PO002507,SUP00065,PLT0026,2026-03-14 20:18:39,2026-04-23 20:18:39,2026-04-23 20:18:39,Maersk,165601.86,Delivered
SHIP002545,PO001257,SUP00085,PLT0024,2026-01-18 13:34:40,2026-03-01 13:34:40,2026-03-15 13:34:40,Delhivery B2B,228230.18,Delivered Late
SHIP002546,PO004261,SUP00133,PLT0011,2026-02-22 13:52:17,2026-04-06 13:52:17,2026-04-10 13:52:17,Kuehne+Nagel,289779.81,Delivered Late
SHIP002547,PO002287,SUP00012,PLT0006,2026-04-04 17:56:03,2026-04-29 17:56:03,2026-04-28 17:56:03,FedEx Freight,280250.51,Delivered
SHIP002548,PO003788,SUP00031,PLT0022,2026-02-03 22:44:11,2026-04-02 22:44:11,2026-03-31 22:44:11,DB Schenker,862179.57,Delivered
SHIP002549,PO004753,SUP00053,PLT0001,2026-04-16 10:33:58,2026-05-30 10:33:58,2026-05-29 10:33:58,FedEx Freight,289400.23,Delivered
SHIP002550,PO001616,SUP00082,PLT0006,2026-01-29 12:24:48,2026-02-03 12:24:48,2026-02-13 12:24:48,DB Schenker,101513.78,Delivered Late
SHIP002551,PO003240,SUP00100,PLT0007,2026-02-14 13:48:58,2026-03-29 13:48:58,2026-03-26 13:48:58,FedEx Freight,42761.51,Delivered
SHIP002552,PO004944,SUP00188,PLT0029,2026-05-11 07:31:26,2026-07-07 07:31:26,2026-07-05 07:31:26,FedEx Freight,1850.97,Delivered
SHIP002553,PO002932,SUP00071,PLT0013,2026-01-20 01:18:00,2026-03-17 01:18:00,2026-03-22 01:18:00,Maersk,831934.71,Delivered Late
SHIP002554,PO003193,SUP00188,PLT0016,2026-03-11 02:04:00,2026-05-07 02:04:00,2026-05-07 02:04:00,DB Schenker,54222.78,Delivered
SHIP002555,PO001743,SUP00137,PLT0023,2026-04-09 22:32:29,2026-04-20 22:32:29,2026-04-25 22:32:29,DB Schenker,13214.01,Delivered Late
SHIP002556,PO000852,SUP00060,PLT0019,2026-04-22 08:58:25,2026-06-18 08:58:25,2026-06-29 08:58:25,Kuehne+Nagel,49640.42,Delivered Late
SHIP002557,PO002475,SUP00029,PLT0021,2026-04-02 05:48:00,2026-05-28 05:48:00,2026-05-27 05:48:00,Delhivery B2B,150548.36,Delivered
SHIP002558,PO002168,SUP00188,PLT0006,2026-04-29 16:41:46,2026-06-25 16:41:46,2026-06-25 16:41:46,Kuehne+Nagel,126278.17,Delivered
SHIP002559,PO000863,SUP00156,PLT0021,2026-05-06 10:31:29,2026-05-15 10:31:29,2026-05-15 10:31:29,Maersk,1007311.71,Delivered
SHIP002560,PO001865,SUP00155,PLT0017,2026-05-27 04:37:20,2026-06-16 04:37:20,2026-06-13 04:37:20,DHL,600183.88,Delivered
SHIP002561,PO000965,SUP00011,PLT0011,2026-05-01 11:49:59,2026-05-10 11:49:59,2026-05-09 11:49:59,DHL,167707.96,Delivered
SHIP002562,PO002603,SUP00112,PLT0027,2026-03-26 06:50:00,2026-04-22 06:50:00,2026-04-22 06:50:00,Maersk,62994.18,Delivered
SHIP002563,PO000949,SUP00149,PLT0014,2026-02-07 06:53:40,2026-04-06 06:53:40,2026-04-05 06:53:40,BlueDart Cargo,30850.88,Delivered
SHIP002564,PO003376,SUP00115,PLT0008,2026-03-29 18:45:48,2026-04-11 18:45:48,2026-04-08 18:45:48,Delhivery B2B,387652.3,Delivered
SHIP002565,PO003900,SUP00009,PLT0021,2026-02-02 21:08:38,2026-02-04 21:08:38,2026-02-02 21:08:38,DHL,280775.64,Delivered
SHIP002566,PO001065,SUP00130,PLT0024,2026-01-25 02:23:35,2026-03-23 02:23:35,2026-03-23 02:23:35,Delhivery B2B,338999.7,Delivered
SHIP002567,PO001682,SUP00052,PLT0026,2026-02-04 09:32:17,2026-03-01 09:32:17,2026-03-01 09:32:17,FedEx Freight,166267.24,Delivered
SHIP002568,PO002721,SUP00093,PLT0003,2026-06-06 21:44:27,2026-06-08 21:44:27,2026-06-05 21:44:27,Kuehne+Nagel,13105.48,Delivered
SHIP002569,PO001736,SUP00157,PLT0001,2026-04-29 05:06:45,2026-06-12 05:06:45,2026-06-23 05:06:45,Maersk,91653.6,Delivered Late
SHIP002570,PO003022,SUP00125,PLT0001,2026-05-19 23:44:36,2026-07-01 23:44:36,2026-07-01 23:44:36,DB Schenker,612326.51,Delivered
SHIP002571,PO003804,SUP00149,PLT0016,2026-03-29 19:19:28,2026-05-23 19:19:28,2026-06-02 19:19:28,Kuehne+Nagel,1555195.74,Delivered Late
SHIP002572,PO002632,SUP00051,PLT0022,2026-03-19 18:46:14,2026-03-22 18:46:14,2026-03-29 18:46:14,DB Schenker,301786.94,Delivered Late
SHIP002573,PO002766,SUP00105,PLT0016,2026-03-17 19:56:11,2026-04-06 19:56:11,2026-04-16 19:56:11,Kuehne+Nagel,63911.41,Delivered Late
SHIP002574,PO004498,SUP00195,PLT0026,2026-06-08 16:22:11,2026-06-17 16:22:11,2026-06-17 16:22:11,Maersk,404039.19,Delivered
SHIP002575,PO000230,SUP00079,PLT0028,2026-03-17 18:20:00,2026-03-22 18:20:00,2026-03-22 18:20:00,Maersk,265505.85,Delivered
SHIP002576,PO004597,SUP00049,PLT0026,2026-02-12 12:27:51,2026-02-17 12:27:51,2026-02-17 12:27:51,FedEx Freight,107233.76,Delivered
SHIP002577,PO003718,SUP00198,PLT0021,2026-02-28 16:42:52,2026-03-29 16:42:52,2026-03-28 16:42:52,DHL,33344.06,Delivered
SHIP002578,PO004135,SUP00019,PLT0013,2026-01-03 04:31:50,2026-03-02 04:31:50,2026-03-10 04:31:50,BlueDart Cargo,254897.32,Delivered Late
SHIP002579,PO004132,SUP00087,PLT0009,2026-04-11 03:53:50,2026-05-21 03:53:50,2026-05-23 03:53:50,FedEx Freight,109720.8,Delivered Late
SHIP002580,PO001291,SUP00140,PLT0005,2026-04-27 08:31:38,2026-06-09 08:31:38,2026-06-06 08:31:38,Maersk,999164.42,Delivered
SHIP002581,PO003403,SUP00026,PLT0018,2026-04-21 10:43:16,2026-06-17 10:43:16,2026-06-15 10:43:16,BlueDart Cargo,294222.97,Delivered
SHIP002582,PO004673,SUP00084,PLT0020,2026-01-29 20:05:59,2026-02-02 20:05:59,2026-02-01 20:05:59,Kuehne+Nagel,4020.68,Delivered
SHIP002583,PO003897,SUP00079,PLT0012,2026-02-16 06:58:49,2026-02-20 06:58:49,2026-02-18 06:58:49,FedEx Freight,185864.56,Delivered
SHIP002584,PO002395,SUP00130,PLT0007,2026-02-06 13:44:51,2026-04-03 13:44:51,2026-03-31 13:44:51,DHL,218923.26,Delivered
SHIP002585,PO003969,SUP00181,PLT0023,2026-06-22 01:46:10,2026-07-04 01:46:10,2026-07-03 01:46:10,DHL,258786.21,Delivered
SHIP002586,PO000430,SUP00195,PLT0009,2026-01-07 09:36:12,2026-01-17 09:36:12,2026-01-16 09:36:12,DB Schenker,904332.18,Delivered
SHIP002587,PO000178,SUP00024,PLT0028,2026-02-20 11:55:52,2026-03-17 11:55:52,2026-03-17 11:55:52,BlueDart Cargo,358820.27,Delivered
SHIP002588,PO003994,SUP00173,PLT0019,2026-02-02 01:33:21,2026-02-11 01:33:21,2026-02-10 01:33:21,DHL,1179567.59,Delivered
SHIP002589,PO002664,SUP00126,PLT0000,2026-01-25 10:31:55,2026-02-14 10:31:55,2026-02-28 10:31:55,Delhivery B2B,53991.33,Delivered Late
SHIP002590,PO001131,SUP00149,PLT0010,2026-04-18 17:47:57,2026-06-15 17:47:57,2026-06-12 17:47:57,Delhivery B2B,236266.4,Delivered
SHIP002591,PO001107,SUP00092,PLT0000,2026-02-27 09:19:10,2026-04-11 09:19:10,2026-04-18 09:19:10,FedEx Freight,164274.04,Delivered Late
SHIP002592,PO004479,SUP00182,PLT0020,2026-01-29 19:49:38,2026-02-24 19:49:38,2026-02-22 19:49:38,DHL,5240.02,Delivered
SHIP002593,PO000892,SUP00191,PLT0012,2026-01-23 09:35:20,2026-03-20 09:35:20,2026-03-20 09:35:20,Maersk,8310.51,Delivered
SHIP002594,PO004308,SUP00041,PLT0010,2026-01-03 22:41:43,2026-01-12 22:41:43,2026-01-12 22:41:43,Kuehne+Nagel,96782.79,Delivered
SHIP002595,PO004215,SUP00035,PLT0021,2026-04-24 17:29:18,2026-06-07 17:29:18,2026-06-06 17:29:18,FedEx Freight,846188.03,Delivered
SHIP002596,PO000177,SUP00165,PLT0026,2026-02-18 07:12:20,2026-04-03 07:12:20,2026-04-01 07:12:20,FedEx Freight,1382921.14,Delivered
SHIP002597,PO002391,SUP00113,PLT0012,2026-02-18 23:51:51,2026-04-17 23:51:51,2026-04-25 23:51:51,Maersk,204542.0,Delivered Late
SHIP002598,PO003553,SUP00028,PLT0022,2026-01-10 17:43:27,2026-01-13 17:43:27,2026-01-10 17:43:27,FedEx Freight,384467.5,Delivered
SHIP002599,PO000218,SUP00101,PLT0019,2026-03-10 07:46:47,2026-05-05 07:46:47,2026-05-20 07:46:47,FedEx Freight,173685.86,Delivered Late
SHIP002600,PO004376,SUP00052,PLT0012,2026-03-02 20:44:19,2026-03-29 20:44:19,2026-03-29 20:44:19,BlueDart Cargo,90699.31,Delivered
SHIP002601,PO003367,SUP00040,PLT0020,2026-03-27 14:00:14,2026-03-31 14:00:14,2026-03-30 14:00:14,Delhivery B2B,65710.44,Delivered
SHIP002602,PO004687,SUP00156,PLT0012,2026-02-04 08:57:07,2026-02-11 08:57:07,2026-02-12 08:57:07,Delhivery B2B,985572.98,Delivered Late
SHIP002603,PO000168,SUP00087,PLT0010,2026-04-26 18:57:06,2026-06-09 18:57:06,2026-06-09 18:57:06,DB Schenker,134547.86,Delivered
SHIP002604,PO002375,SUP00194,PLT0004,2026-04-16 10:58:56,2026-05-05 10:58:56,2026-05-17 10:58:56,Delhivery B2B,1116432.6,Delivered Late
SHIP002605,PO001674,SUP00013,PLT0002,2026-01-12 07:55:44,2026-01-31 07:55:44,2026-02-12 07:55:44,DHL,220430.23,Delivered Late
SHIP002606,PO002410,SUP00098,PLT0000,2026-04-13 04:33:45,2026-06-11 04:33:45,2026-06-10 04:33:45,DB Schenker,458683.16,Delivered
SHIP002607,PO004692,SUP00150,PLT0005,2026-03-12 02:41:23,2026-03-16 02:41:23,2026-03-13 02:41:23,BlueDart Cargo,17028.38,Delivered
SHIP002608,PO002166,SUP00051,PLT0017,2026-07-04 15:30:20,2026-07-08 15:30:20,2026-07-07 15:30:20,Delhivery B2B,152347.52,Delivered
SHIP002609,PO001969,SUP00197,PLT0022,2026-06-30 23:13:56,2026-07-05 23:13:56,2026-07-04 23:13:56,DB Schenker,6748.81,Delivered
SHIP002610,PO001655,SUP00132,PLT0025,2026-06-28 16:34:51,2026-07-08 16:34:51,2026-07-08 16:34:51,FedEx Freight,434306.02,Delivered
SHIP002611,PO002063,SUP00161,PLT0026,2026-04-14 16:49:25,2026-05-10 16:49:25,2026-05-10 16:49:25,Kuehne+Nagel,350196.62,Delivered
SHIP002612,PO003178,SUP00190,PLT0002,2026-02-04 18:58:44,2026-04-04 18:58:44,2026-04-03 18:58:44,Delhivery B2B,323207.56,Delivered
SHIP002613,PO002157,SUP00112,PLT0007,2026-01-04 13:08:41,2026-01-31 13:08:41,2026-01-30 13:08:41,BlueDart Cargo,402354.06,Delivered
SHIP002614,PO001606,SUP00074,PLT0010,2026-06-10 20:53:14,2026-06-15 20:53:14,2026-06-16 20:53:14,DHL,221759.39,Delivered Late
SHIP002615,PO001530,SUP00010,PLT0020,2026-04-21 09:28:23,2026-06-16 09:28:23,2026-06-16 09:28:23,DB Schenker,143500.65,Delivered
SHIP002616,PO004856,SUP00120,PLT0014,2026-02-04 12:42:42,2026-04-02 12:42:42,2026-04-11 12:42:42,FedEx Freight,565728.42,Delivered Late
SHIP002617,PO004304,SUP00193,PLT0021,2026-04-05 03:22:01,2026-04-14 03:22:01,2026-04-27 03:22:01,Delhivery B2B,200946.01,Delivered Late
SHIP002618,PO003144,SUP00173,PLT0010,2026-02-19 11:58:18,2026-02-25 11:58:18,2026-02-24 11:58:18,Maersk,128901.05,Delivered
SHIP002619,PO000636,SUP00118,PLT0028,2026-03-25 23:06:43,2026-03-30 23:06:43,2026-04-11 23:06:43,DB Schenker,118487.33,Delivered Late
SHIP002620,PO000666,SUP00167,PLT0003,2026-02-21 22:04:53,2026-03-04 22:04:53,2026-03-17 22:04:53,Maersk,269161.61,Delivered Late
SHIP002621,PO001439,SUP00104,PLT0020,2026-06-15 11:04:14,2026-06-24 11:04:14,2026-06-21 11:04:14,Delhivery B2B,115414.89,Delivered
SHIP002622,PO000758,SUP00001,PLT0018,2026-04-09 10:07:41,2026-05-22 10:07:41,2026-06-04 10:07:41,DB Schenker,89748.77,Delivered Late
SHIP002623,PO001902,SUP00064,PLT0012,2026-05-10 07:41:19,2026-07-08 07:41:19,2026-07-07 07:41:19,DHL,215970.96,Delivered
SHIP002624,PO004815,SUP00027,PLT0002,2026-02-27 03:43:12,2026-03-02 03:43:12,2026-02-27 03:43:12,Delhivery B2B,878998.37,Delivered
SHIP002625,PO003794,SUP00094,PLT0012,2026-01-25 11:37:12,2026-02-14 11:37:12,2026-03-01 11:37:12,FedEx Freight,225392.01,Delivered Late
SHIP002626,PO004983,SUP00161,PLT0019,2026-02-23 20:43:36,2026-03-21 20:43:36,2026-03-21 20:43:36,Delhivery B2B,242931.07,Delivered
SHIP002627,PO001440,SUP00112,PLT0015,2026-05-08 09:07:41,2026-06-05 09:07:41,2026-06-05 09:07:41,Maersk,492495.29,Delivered
SHIP002628,PO003520,SUP00166,PLT0000,2026-05-16 03:15:44,2026-06-04 03:15:44,2026-06-05 03:15:44,Kuehne+Nagel,248073.2,Delivered Late
SHIP002629,PO001374,SUP00094,PLT0011,2026-02-20 18:27:57,2026-03-10 18:27:57,2026-03-10 18:27:57,FedEx Freight,298316.25,Delivered
SHIP002630,PO004819,SUP00184,PLT0009,2026-03-22 08:09:57,2026-04-03 08:09:57,2026-04-03 08:09:57,DHL,185931.4,Delivered
SHIP002631,PO002751,SUP00083,PLT0025,2026-01-26 05:23:14,2026-03-22 05:23:14,2026-03-20 05:23:14,DB Schenker,234625.3,Delivered
SHIP002632,PO003195,SUP00051,PLT0002,2026-04-14 22:31:30,2026-04-18 22:31:30,2026-04-28 22:31:30,DHL,97567.22,Delivered Late
SHIP002633,PO001276,SUP00133,PLT0007,2026-03-11 13:32:16,2026-04-21 13:32:16,2026-04-21 13:32:16,FedEx Freight,610449.12,Delivered
SHIP002634,PO000579,SUP00133,PLT0012,2026-04-28 17:02:08,2026-06-09 17:02:08,2026-06-07 17:02:08,Delhivery B2B,57080.98,Delivered
SHIP002635,PO002521,SUP00131,PLT0020,2026-06-15 07:17:29,2026-07-05 07:17:29,2026-07-14 07:17:29,Kuehne+Nagel,33724.74,Delivered Late
SHIP002636,PO003556,SUP00057,PLT0009,2026-01-17 14:12:16,2026-02-15 14:12:16,2026-02-13 14:12:16,Delhivery B2B,250764.88,Delivered
SHIP002637,PO003250,SUP00110,PLT0014,2026-03-31 06:56:24,2026-04-11 06:56:24,2026-04-11 06:56:24,FedEx Freight,229855.87,Delivered
SHIP002638,PO001397,SUP00158,PLT0007,2026-04-28 15:05:26,2026-05-04 15:05:26,2026-05-15 15:05:26,DHL,575.64,Delivered Late
SHIP002639,PO000094,SUP00166,PLT0016,2026-06-07 03:13:17,2026-06-23 03:13:17,2026-06-21 03:13:17,FedEx Freight,155365.45,Delivered
SHIP002640,PO000354,SUP00146,PLT0011,2026-03-29 01:44:01,2026-04-17 01:44:01,2026-04-14 01:44:01,Kuehne+Nagel,425298.8,Delivered
SHIP002641,PO000860,SUP00170,PLT0026,2026-04-26 20:30:09,2026-05-09 20:30:09,2026-05-06 20:30:09,BlueDart Cargo,20423.26,Delivered
SHIP002642,PO000599,SUP00091,PLT0007,2026-04-27 18:50:20,2026-05-06 18:50:20,2026-05-03 18:50:20,FedEx Freight,358235.94,Delivered
SHIP002643,PO001472,SUP00090,PLT0005,2026-02-19 12:21:00,2026-03-10 12:21:00,2026-03-09 12:21:00,DHL,244984.05,Delivered
SHIP002644,PO003213,SUP00087,PLT0001,2026-02-16 08:03:52,2026-03-29 08:03:52,2026-03-28 08:03:52,Delhivery B2B,95148.53,Delivered
SHIP002645,PO001670,SUP00153,PLT0013,2026-01-26 16:18:15,2026-03-07 16:18:15,2026-03-08 16:18:15,DB Schenker,235679.7,Delivered Late
SHIP002646,PO001807,SUP00029,PLT0003,2026-05-07 23:41:24,2026-07-05 23:41:24,2026-07-03 23:41:24,BlueDart Cargo,580006.4,Delivered
SHIP002647,PO004380,SUP00052,PLT0016,2026-05-17 12:54:43,2026-06-11 12:54:43,2026-06-11 12:54:43,Kuehne+Nagel,209021.01,Delivered
SHIP002648,PO001144,SUP00096,PLT0017,2026-01-25 06:23:34,2026-02-03 06:23:34,2026-01-31 06:23:34,Delhivery B2B,628855.8,Delivered
SHIP002649,PO000563,SUP00096,PLT0029,2026-06-06 14:37:51,2026-06-11 14:37:51,2026-06-08 14:37:51,DB Schenker,105483.26,Delivered
SHIP002650,PO000766,SUP00019,PLT0026,2026-02-08 11:49:36,2026-04-04 11:49:36,2026-04-09 11:49:36,Kuehne+Nagel,319559.99,Delivered Late
SHIP002651,PO003950,SUP00080,PLT0006,2026-02-22 19:08:47,2026-03-03 19:08:47,2026-03-14 19:08:47,DB Schenker,153498.15,Delivered Late
SHIP002652,PO004301,SUP00101,PLT0026,2026-02-02 11:43:03,2026-03-31 11:43:03,2026-04-02 11:43:03,BlueDart Cargo,844031.62,Delivered Late
SHIP002653,PO001738,SUP00091,PLT0024,2026-03-28 03:27:26,2026-04-06 03:27:26,2026-04-05 03:27:26,BlueDart Cargo,95260.46,Delivered
SHIP002654,PO001578,SUP00010,PLT0017,2026-02-20 04:19:40,2026-04-20 04:19:40,2026-04-26 04:19:40,Maersk,166950.54,Delivered Late
SHIP002655,PO003664,SUP00038,PLT0028,2026-02-01 12:43:46,2026-04-01 12:43:46,2026-03-30 12:43:46,DHL,37905.34,Delivered
SHIP002656,PO004937,SUP00045,PLT0028,2026-03-20 12:29:05,2026-04-05 12:29:05,2026-04-15 12:29:05,DB Schenker,225490.53,Delivered Late
SHIP002657,PO003651,SUP00176,PLT0013,2026-02-22 06:10:54,2026-04-22 06:10:54,2026-04-22 06:10:54,Delhivery B2B,788960.13,Delivered
SHIP002658,PO002838,SUP00042,PLT0001,2026-05-10 14:23:28,2026-05-15 14:23:28,2026-05-13 14:23:28,DB Schenker,254806.17,Delivered
SHIP002659,PO004313,SUP00093,PLT0021,2026-07-04 04:41:49,2026-07-06 04:41:49,2026-07-04 04:41:49,BlueDart Cargo,393189.46,Delivered
SHIP002660,PO003485,SUP00140,PLT0006,2026-05-18 11:12:19,2026-07-01 11:12:19,2026-07-14 11:12:19,FedEx Freight,447947.35,Delivered Late
SHIP002661,PO001124,SUP00019,PLT0026,2026-03-18 13:25:22,2026-05-13 13:25:22,2026-05-11 13:25:22,FedEx Freight,258874.79,Delivered
SHIP002662,PO002651,SUP00184,PLT0026,2026-03-11 22:03:29,2026-03-20 22:03:29,2026-03-25 22:03:29,BlueDart Cargo,74960.27,Delivered Late
SHIP002663,PO001843,SUP00015,PLT0026,2026-05-26 05:37:37,2026-06-01 05:37:37,2026-06-09 05:37:37,DB Schenker,260970.88,Delivered Late
SHIP002664,PO003291,SUP00092,PLT0001,2026-01-24 15:23:00,2026-03-06 15:23:00,2026-03-04 15:23:00,DHL,196786.86,Delivered
SHIP002665,PO001178,SUP00106,PLT0001,2026-01-09 00:06:06,2026-01-15 00:06:06,2026-01-12 00:06:06,FedEx Freight,613494.36,Delivered
SHIP002666,PO004400,SUP00031,PLT0015,2026-05-09 20:07:58,2026-07-04 20:07:58,2026-07-02 20:07:58,DB Schenker,310160.31,Delivered
SHIP002667,PO004507,SUP00044,PLT0003,2026-04-10 05:54:48,2026-06-08 05:54:48,2026-06-07 05:54:48,BlueDart Cargo,434240.91,Delivered
SHIP002668,PO003784,SUP00092,PLT0010,2026-04-08 04:37:38,2026-05-18 04:37:38,2026-05-15 04:37:38,Kuehne+Nagel,293402.84,Delivered
SHIP002669,PO001303,SUP00167,PLT0002,2026-01-21 20:43:12,2026-01-31 20:43:12,2026-02-04 20:43:12,DB Schenker,35845.75,Delivered Late
SHIP002670,PO002694,SUP00110,PLT0026,2026-01-28 07:15:53,2026-02-07 07:15:53,2026-02-06 07:15:53,Delhivery B2B,472886.51,Delivered
SHIP002671,PO002640,SUP00177,PLT0015,2026-05-20 12:19:26,2026-06-05 12:19:26,2026-06-02 12:19:26,Kuehne+Nagel,123522.53,Delivered
SHIP002672,PO003283,SUP00058,PLT0011,2026-05-27 12:27:53,2026-06-07 12:27:53,2026-06-07 12:27:53,DHL,22389.91,Delivered
SHIP002673,PO000902,SUP00052,PLT0011,2026-06-01 13:41:40,2026-06-27 13:41:40,2026-06-25 13:41:40,Kuehne+Nagel,529500.37,Delivered
SHIP002674,PO000492,SUP00190,PLT0019,2026-03-19 02:10:04,2026-05-16 02:10:04,2026-05-15 02:10:04,DHL,32205.97,Delivered
SHIP002675,PO003541,SUP00129,PLT0013,2026-02-11 07:53:31,2026-04-10 07:53:31,2026-04-10 07:53:31,Kuehne+Nagel,1113748.28,Delivered
SHIP002676,PO004972,SUP00173,PLT0018,2026-05-05 00:16:50,2026-05-12 00:16:50,2026-05-10 00:16:50,Maersk,53708.09,Delivered
SHIP002677,PO000207,SUP00019,PLT0011,2026-01-22 03:14:12,2026-03-18 03:14:12,2026-03-16 03:14:12,FedEx Freight,443894.01,Delivered
SHIP002678,PO002568,SUP00182,PLT0023,2026-02-27 00:07:41,2026-03-25 00:07:41,2026-04-07 00:07:41,Kuehne+Nagel,91108.57,Delivered Late
SHIP002679,PO003190,SUP00092,PLT0006,2026-04-17 03:46:48,2026-05-29 03:46:48,2026-05-26 03:46:48,Delhivery B2B,588152.92,Delivered
SHIP002680,PO004029,SUP00169,PLT0028,2026-01-16 10:38:38,2026-03-16 10:38:38,2026-03-16 10:38:38,DHL,445672.29,Delivered
SHIP002681,PO001569,SUP00167,PLT0023,2026-03-08 21:50:28,2026-03-19 21:50:28,2026-03-17 21:50:28,FedEx Freight,152757.19,Delivered
SHIP002682,PO002593,SUP00084,PLT0009,2026-07-03 22:51:35,2026-07-09 22:51:35,,BlueDart Cargo,459632.79,Delayed
SHIP002683,PO003041,SUP00140,PLT0019,2026-04-05 08:09:04,2026-05-17 08:09:04,2026-05-14 08:09:04,DHL,441457.32,Delivered
SHIP002684,PO003906,SUP00063,PLT0008,2026-01-24 04:00:19,2026-02-19 04:00:19,2026-02-19 04:00:19,Kuehne+Nagel,56238.88,Delivered
SHIP002685,PO000938,SUP00191,PLT0004,2026-02-24 15:46:17,2026-04-20 15:46:17,2026-04-17 15:46:17,Kuehne+Nagel,396583.81,Delivered
SHIP002686,PO003104,SUP00132,PLT0020,2026-02-27 18:23:53,2026-03-10 18:23:53,2026-03-09 18:23:53,DHL,829502.3,Delivered
SHIP002687,PO002008,SUP00158,PLT0018,2026-05-10 12:21:57,2026-05-16 12:21:57,2026-05-13 12:21:57,Kuehne+Nagel,477490.26,Delivered
SHIP002688,PO001384,SUP00112,PLT0002,2026-04-24 10:04:24,2026-05-19 10:04:24,2026-05-19 10:04:24,BlueDart Cargo,910078.53,Delivered
SHIP002689,PO001438,SUP00140,PLT0026,2026-02-02 01:11:34,2026-03-18 01:11:34,2026-03-18 01:11:34,DHL,154113.39,Delivered
SHIP002690,PO000835,SUP00096,PLT0023,2026-04-10 09:24:25,2026-04-16 09:24:25,2026-04-16 09:24:25,BlueDart Cargo,1210969.86,Delivered
SHIP002691,PO000893,SUP00073,PLT0021,2026-05-21 10:48:22,2026-07-01 10:48:22,2026-07-01 10:48:22,Delhivery B2B,564638.92,Delivered
SHIP002692,PO001912,SUP00028,PLT0026,2026-02-10 16:02:10,2026-02-12 16:02:10,2026-02-12 16:02:10,DB Schenker,657647.84,Delivered
SHIP002693,PO004083,SUP00032,PLT0002,2026-04-11 15:13:44,2026-05-24 15:13:44,2026-05-21 15:13:44,FedEx Freight,48093.19,Delivered
SHIP002694,PO004338,SUP00011,PLT0018,2026-05-20 13:37:52,2026-05-25 13:37:52,2026-05-25 13:37:52,DHL,872428.4,Delivered
SHIP002695,PO004236,SUP00054,PLT0005,2026-04-12 20:40:31,2026-05-22 20:40:31,2026-05-26 20:40:31,Delhivery B2B,454737.61,Delivered Late
SHIP002696,PO004630,SUP00021,PLT0002,2026-05-15 13:38:30,2026-06-11 13:38:30,2026-06-17 13:38:30,DHL,255800.57,Delivered Late
SHIP002697,PO001768,SUP00091,PLT0025,2026-01-09 08:33:11,2026-01-20 08:33:11,2026-01-18 08:33:11,Kuehne+Nagel,76044.75,Delivered
SHIP002698,PO000891,SUP00113,PLT0020,2026-03-06 02:15:00,2026-05-01 02:15:00,2026-05-01 02:15:00,Delhivery B2B,80005.26,Delivered
SHIP002699,PO002704,SUP00160,PLT0023,2026-04-03 09:27:20,2026-04-06 09:27:20,2026-04-05 09:27:20,DB Schenker,39510.49,Delivered
SHIP002700,PO003231,SUP00197,PLT0017,2026-04-09 04:42:46,2026-04-16 04:42:46,2026-04-13 04:42:46,DB Schenker,41150.28,Delivered
SHIP002701,PO004217,SUP00089,PLT0008,2026-04-18 20:23:41,2026-05-08 20:23:41,2026-05-05 20:23:41,BlueDart Cargo,212974.69,Delivered
SHIP002702,PO004017,SUP00154,PLT0023,2026-01-12 17:26:58,2026-01-18 17:26:58,2026-01-18 17:26:58,Kuehne+Nagel,64936.24,Delivered
SHIP002703,PO001458,SUP00116,PLT0004,2026-06-08 16:04:42,2026-06-26 16:04:42,2026-06-30 16:04:42,FedEx Freight,9472.53,Delivered Late
SHIP002704,PO002086,SUP00036,PLT0026,2026-02-21 22:50:49,2026-04-21 22:50:49,2026-04-20 22:50:49,Maersk,169602.16,Delivered
SHIP002705,PO000585,SUP00167,PLT0009,2026-02-11 13:57:45,2026-02-23 13:57:45,2026-02-21 13:57:45,DHL,3634.21,Delivered
SHIP002706,PO003701,SUP00151,PLT0006,2026-03-09 15:02:37,2026-03-28 15:02:37,2026-03-25 15:02:37,Delhivery B2B,409088.12,Delivered
SHIP002707,PO003172,SUP00096,PLT0008,2026-06-26 11:17:31,2026-07-03 11:17:31,2026-06-30 11:17:31,Maersk,590896.3,Delivered
SHIP002708,PO002726,SUP00165,PLT0000,2026-04-05 00:26:35,2026-05-16 00:26:35,2026-05-14 00:26:35,Kuehne+Nagel,174807.55,Delivered
SHIP002709,PO001228,SUP00101,PLT0012,2026-04-20 02:06:40,2026-06-17 02:06:40,2026-06-14 02:06:40,Kuehne+Nagel,520192.22,Delivered
SHIP002710,PO004786,SUP00153,PLT0012,2026-04-01 10:12:14,2026-05-12 10:12:14,2026-05-09 10:12:14,Kuehne+Nagel,119842.57,Delivered
SHIP002711,PO003443,SUP00165,PLT0009,2026-02-28 21:06:58,2026-04-09 21:06:58,2026-04-06 21:06:58,FedEx Freight,674390.86,Delivered
SHIP002712,PO004720,SUP00113,PLT0015,2026-05-12 23:41:50,2026-07-07 23:41:50,2026-07-04 23:41:50,DHL,394841.07,Delivered
SHIP002713,PO002270,SUP00009,PLT0012,2026-04-14 13:08:37,2026-04-19 13:08:37,2026-04-17 13:08:37,Delhivery B2B,263496.44,Delivered
SHIP002714,PO002004,SUP00151,PLT0025,2026-01-07 06:06:44,2026-01-23 06:06:44,2026-01-20 06:06:44,Delhivery B2B,23853.95,Delivered
SHIP002715,PO003647,SUP00074,PLT0005,2026-01-04 09:07:40,2026-01-11 09:07:40,2026-01-08 09:07:40,DB Schenker,3318.54,Delivered
SHIP002716,PO000116,SUP00141,PLT0022,2026-05-15 14:01:17,2026-06-28 14:01:17,2026-06-28 14:01:17,DHL,886647.19,Delivered
SHIP002717,PO001002,SUP00052,PLT0019,2026-05-22 09:11:28,2026-06-20 09:11:28,2026-06-19 09:11:28,DB Schenker,167169.62,Delivered
SHIP002718,PO003663,SUP00033,PLT0011,2026-05-28 15:48:55,2026-06-02 15:48:55,2026-05-30 15:48:55,FedEx Freight,111349.21,Delivered
SHIP002719,PO002089,SUP00197,PLT0026,2026-04-21 02:54:00,2026-04-28 02:54:00,2026-05-12 02:54:00,DHL,28780.54,Delivered Late
SHIP002720,PO001313,SUP00007,PLT0014,2026-03-03 17:45:51,2026-03-15 17:45:51,2026-03-13 17:45:51,Maersk,26969.8,Delivered
SHIP002721,PO002900,SUP00071,PLT0000,2026-03-27 22:47:31,2026-05-23 22:47:31,2026-06-06 22:47:31,BlueDart Cargo,317917.18,Delivered Late
SHIP002722,PO000421,SUP00033,PLT0024,2026-06-27 23:32:43,2026-07-06 23:32:43,2026-07-10 23:32:43,Maersk,273494.32,Delivered Late
SHIP002723,PO001099,SUP00076,PLT0021,2026-03-06 09:02:06,2026-03-18 09:02:06,2026-03-17 09:02:06,Kuehne+Nagel,53498.71,Delivered
SHIP002724,PO003289,SUP00013,PLT0026,2026-01-07 16:49:58,2026-01-24 16:49:58,2026-02-02 16:49:58,Delhivery B2B,142989.55,Delivered Late
SHIP002725,PO002969,SUP00040,PLT0023,2026-01-19 13:26:43,2026-01-21 13:26:43,2026-01-19 13:26:43,Kuehne+Nagel,268251.19,Delivered
SHIP002726,PO002146,SUP00063,PLT0008,2026-05-15 11:14:02,2026-06-12 11:14:02,2026-06-12 11:14:02,DHL,1084598.08,Delivered
SHIP002727,PO000816,SUP00162,PLT0008,2026-03-07 14:58:39,2026-03-12 14:58:39,2026-03-12 14:58:39,Kuehne+Nagel,95331.47,Delivered
SHIP002728,PO002621,SUP00173,PLT0020,2026-04-02 18:01:28,2026-04-11 18:01:28,2026-04-10 18:01:28,FedEx Freight,93909.09,Delivered
SHIP002729,PO004974,SUP00172,PLT0021,2026-06-09 16:24:51,2026-06-15 16:24:51,2026-06-15 16:24:51,DB Schenker,207630.56,Delivered
SHIP002730,PO001914,SUP00100,PLT0009,2026-05-10 16:57:29,2026-06-23 16:57:29,2026-06-20 16:57:29,FedEx Freight,309787.36,Delivered
SHIP002731,PO001678,SUP00168,PLT0000,2026-05-01 10:04:34,2026-05-14 10:04:34,2026-05-13 10:04:34,Kuehne+Nagel,382784.21,Delivered
SHIP002732,PO000468,SUP00123,PLT0022,2026-03-21 20:50:22,2026-05-16 20:50:22,2026-05-16 20:50:22,Delhivery B2B,264337.89,Delivered
SHIP002733,PO004038,SUP00027,PLT0001,2026-03-08 21:49:58,2026-03-13 21:49:58,2026-03-12 21:49:58,BlueDart Cargo,501255.15,Delivered
SHIP002734,PO004059,SUP00009,PLT0005,2026-01-16 00:20:22,2026-01-19 00:20:22,2026-01-19 00:20:22,Maersk,50517.63,Delivered
SHIP002735,PO001283,SUP00002,PLT0012,2026-01-30 21:01:49,2026-02-01 21:01:49,2026-02-15 21:01:49,Maersk,203199.35,Delivered Late
SHIP002736,PO000096,SUP00197,PLT0023,2026-01-26 13:01:49,2026-02-03 13:01:49,2026-02-12 13:01:49,FedEx Freight,58454.81,Delivered Late
SHIP002737,PO001297,SUP00070,PLT0009,2026-04-02 20:12:22,2026-05-12 20:12:22,2026-05-09 20:12:22,Delhivery B2B,169466.53,Delivered
SHIP002738,PO001621,SUP00078,PLT0004,2026-02-18 12:04:12,2026-04-16 12:04:12,2026-04-13 12:04:12,Maersk,1255105.77,Delivered
SHIP002739,PO000321,SUP00140,PLT0014,2026-02-26 06:15:09,2026-04-08 06:15:09,2026-04-08 06:15:09,DB Schenker,616360.67,Delivered
SHIP002740,PO002541,SUP00022,PLT0008,2026-05-22 04:01:04,2026-07-04 04:01:04,2026-07-02 04:01:04,DHL,199185.47,Delivered
SHIP002741,PO002520,SUP00087,PLT0024,2026-04-02 17:58:20,2026-05-16 17:58:20,2026-05-13 17:58:20,BlueDart Cargo,569525.71,Delivered
SHIP002742,PO003731,SUP00009,PLT0006,2026-01-08 22:25:52,2026-01-10 22:25:52,2026-01-18 22:25:52,Kuehne+Nagel,372677.45,Delivered Late
SHIP002743,PO004796,SUP00082,PLT0001,2026-04-11 09:23:45,2026-04-18 09:23:45,2026-04-18 09:23:45,Maersk,396580.83,Delivered
SHIP002744,PO000396,SUP00051,PLT0021,2026-01-20 03:11:22,2026-01-25 03:11:22,2026-01-23 03:11:22,BlueDart Cargo,36767.62,Delivered
SHIP002745,PO003341,SUP00008,PLT0004,2026-02-10 22:52:07,2026-02-13 22:52:07,2026-02-13 22:52:07,Maersk,4770.09,Delivered
SHIP002746,PO002582,SUP00044,PLT0023,2026-04-08 00:11:49,2026-06-03 00:11:49,2026-06-01 00:11:49,Delhivery B2B,730627.9,Delivered
SHIP002747,PO004891,SUP00008,PLT0016,2026-05-16 05:11:38,2026-05-21 05:11:38,2026-05-18 05:11:38,Delhivery B2B,104583.37,Delivered
SHIP002748,PO002232,SUP00127,PLT0001,2026-06-09 07:18:11,2026-06-18 07:18:11,2026-06-16 07:18:11,DB Schenker,26881.61,Delivered
SHIP002749,PO000502,SUP00084,PLT0016,2026-01-17 23:12:44,2026-01-20 23:12:44,2026-01-20 23:12:44,DB Schenker,82513.41,Delivered
SHIP002750,PO002469,SUP00011,PLT0019,2026-04-30 10:34:23,2026-05-07 10:34:23,2026-05-05 10:34:23,FedEx Freight,687511.55,Delivered
SHIP002751,PO002964,SUP00181,PLT0021,2026-01-18 23:22:34,2026-01-27 23:22:34,2026-01-26 23:22:34,BlueDart Cargo,1293096.29,Delivered
SHIP002752,PO001561,SUP00095,PLT0019,2026-01-23 13:00:23,2026-02-12 13:00:23,2026-02-09 13:00:23,FedEx Freight,41065.99,Delivered
SHIP002753,PO000427,SUP00164,PLT0028,2026-02-25 13:16:51,2026-02-27 13:16:51,2026-02-25 13:16:51,DB Schenker,709670.26,Delivered
SHIP002754,PO004145,SUP00171,PLT0028,2026-05-07 00:12:16,2026-07-04 00:12:16,,DHL,582779.24,Delayed
SHIP002755,PO004156,SUP00146,PLT0011,2026-03-27 18:17:56,2026-04-15 18:17:56,2026-04-13 18:17:56,DB Schenker,6637.78,Delivered
SHIP002756,PO002161,SUP00062,PLT0008,2026-01-16 11:33:19,2026-01-27 11:33:19,2026-02-03 11:33:19,BlueDart Cargo,21555.64,Delivered Late
SHIP002757,PO004251,SUP00179,PLT0011,2026-05-03 09:39:07,2026-05-31 09:39:07,2026-05-31 09:39:07,DB Schenker,1283880.36,Delivered
SHIP002758,PO003124,SUP00128,PLT0018,2026-03-23 08:43:25,2026-04-10 08:43:25,2026-04-11 08:43:25,FedEx Freight,477731.04,Delivered Late
SHIP002759,PO004318,SUP00046,PLT0024,2026-06-22 03:19:42,2026-07-01 03:19:42,2026-06-30 03:19:42,Kuehne+Nagel,157441.14,Delivered
SHIP002760,PO000294,SUP00021,PLT0025,2026-02-22 01:57:35,2026-03-19 01:57:35,2026-03-18 01:57:35,Maersk,397674.82,Delivered
SHIP002761,PO002059,SUP00013,PLT0022,2026-03-26 23:56:48,2026-04-15 23:56:48,2026-04-14 23:56:48,BlueDart Cargo,26746.87,Delivered
SHIP002762,PO001795,SUP00164,PLT0018,2026-04-21 10:36:17,2026-04-24 10:36:17,2026-04-24 10:36:17,Kuehne+Nagel,68803.15,Delivered
SHIP002763,PO004254,SUP00073,PLT0027,2026-03-25 04:26:47,2026-05-07 04:26:47,2026-05-06 04:26:47,Kuehne+Nagel,187554.67,Delivered
SHIP002764,PO001868,SUP00087,PLT0016,2026-04-18 11:05:44,2026-05-30 11:05:44,2026-05-29 11:05:44,Kuehne+Nagel,115581.55,Delivered
SHIP002765,PO003206,SUP00064,PLT0002,2026-02-05 23:03:13,2026-04-05 23:03:13,2026-04-03 23:03:13,Delhivery B2B,54639.42,Delivered
SHIP002766,PO004433,SUP00192,PLT0006,2026-01-30 16:24:00,2026-03-27 16:24:00,2026-03-24 16:24:00,DHL,183653.7,Delivered
SHIP002767,PO004044,SUP00075,PLT0029,2026-03-26 06:14:03,2026-05-22 06:14:03,2026-05-29 06:14:03,Kuehne+Nagel,52687.63,Delivered Late
SHIP002768,PO003538,SUP00008,PLT0003,2026-05-13 10:24:56,2026-05-16 10:24:56,2026-05-16 10:24:56,DB Schenker,57362.43,Delivered
SHIP002769,PO002076,SUP00115,PLT0022,2026-04-21 04:47:04,2026-05-03 04:47:04,2026-05-02 04:47:04,Kuehne+Nagel,483932.83,Delivered
SHIP002770,PO000875,SUP00015,PLT0026,2026-04-14 08:02:37,2026-04-18 08:02:37,2026-04-16 08:02:37,Maersk,506856.83,Delivered
SHIP002771,PO003351,SUP00082,PLT0003,2026-03-07 14:29:05,2026-03-13 14:29:05,2026-03-15 14:29:05,BlueDart Cargo,48417.69,Delivered Late
SHIP002772,PO002291,SUP00194,PLT0016,2026-03-17 18:55:31,2026-04-02 18:55:31,2026-04-16 18:55:31,Delhivery B2B,492563.44,Delivered Late
SHIP002773,PO003239,SUP00078,PLT0002,2026-04-26 05:32:47,2026-06-24 05:32:47,2026-06-21 05:32:47,Kuehne+Nagel,232211.19,Delivered
SHIP002774,PO000690,SUP00079,PLT0021,2026-06-20 14:34:31,2026-06-26 14:34:31,2026-06-26 14:34:31,DB Schenker,342817.64,Delivered
SHIP002775,PO003278,SUP00042,PLT0009,2026-01-25 03:56:15,2026-02-02 03:56:15,2026-01-31 03:56:15,DB Schenker,68067.4,Delivered
SHIP002776,PO002251,SUP00097,PLT0003,2026-04-09 13:15:09,2026-04-14 13:15:09,2026-04-12 13:15:09,Kuehne+Nagel,450004.53,Delivered
SHIP002777,PO000246,SUP00075,PLT0010,2026-03-11 17:26:59,2026-05-09 17:26:59,2026-05-15 17:26:59,DHL,275527.21,Delivered Late
SHIP002778,PO002374,SUP00100,PLT0024,2026-03-24 06:19:29,2026-05-05 06:19:29,2026-05-04 06:19:29,Delhivery B2B,189151.45,Delivered
SHIP002779,PO002673,SUP00073,PLT0024,2026-01-31 03:21:14,2026-03-13 03:21:14,2026-03-12 03:21:14,Maersk,324257.68,Delivered
SHIP002780,PO001533,SUP00185,PLT0003,2026-01-20 14:38:08,2026-03-20 14:38:08,2026-03-19 14:38:08,Maersk,17129.69,Delivered
SHIP002781,PO000283,SUP00071,PLT0006,2026-02-10 08:59:06,2026-04-06 08:59:06,2026-04-06 08:59:06,Kuehne+Nagel,290722.9,Delivered
SHIP002782,PO000395,SUP00096,PLT0028,2026-05-28 07:37:39,2026-06-02 07:37:39,2026-05-30 07:37:39,BlueDart Cargo,150665.1,Delivered
SHIP002783,PO001653,SUP00141,PLT0026,2026-01-13 02:19:51,2026-02-25 02:19:51,2026-02-24 02:19:51,Maersk,239338.82,Delivered
SHIP002784,PO003177,SUP00115,PLT0011,2026-05-14 23:52:52,2026-05-23 23:52:52,2026-05-30 23:52:52,DB Schenker,53923.15,Delivered Late
SHIP002785,PO001709,SUP00164,PLT0002,2026-06-14 19:17:38,2026-06-16 19:17:38,2026-06-14 19:17:38,Delhivery B2B,39363.13,Delivered
SHIP002786,PO000043,SUP00073,PLT0023,2026-01-06 06:03:46,2026-02-16 06:03:46,2026-02-26 06:03:46,DHL,45355.27,Delivered Late
SHIP002787,PO001406,SUP00090,PLT0000,2026-05-04 02:55:49,2026-05-20 02:55:49,2026-05-19 02:55:49,DB Schenker,185367.72,Delivered
SHIP002788,PO001088,SUP00035,PLT0023,2026-01-08 18:54:10,2026-02-18 18:54:10,2026-02-15 18:54:10,DHL,333860.02,Delivered
SHIP002789,PO003776,SUP00157,PLT0028,2026-03-16 06:29:02,2026-04-29 06:29:02,2026-04-28 06:29:02,FedEx Freight,61238.56,Delivered
SHIP002790,PO001366,SUP00116,PLT0006,2026-05-31 10:31:44,2026-06-19 10:31:44,2026-06-18 10:31:44,BlueDart Cargo,49357.52,Delivered
SHIP002791,PO000623,SUP00153,PLT0000,2026-02-23 19:10:50,2026-04-06 19:10:50,2026-04-04 19:10:50,BlueDart Cargo,224753.63,Delivered
SHIP002792,PO001660,SUP00131,PLT0029,2026-05-01 02:24:36,2026-05-20 02:24:36,2026-05-17 02:24:36,FedEx Freight,130559.86,Delivered
SHIP002793,PO000513,SUP00025,PLT0015,2026-03-22 12:35:22,2026-04-18 12:35:22,2026-04-15 12:35:22,Maersk,642989.56,Delivered
SHIP002794,PO000275,SUP00035,PLT0011,2026-02-22 11:50:04,2026-04-07 11:50:04,2026-04-07 11:50:04,DHL,38038.43,Delivered
SHIP002795,PO002305,SUP00154,PLT0027,2026-03-03 06:52:22,2026-03-11 06:52:22,2026-03-10 06:52:22,Kuehne+Nagel,866394.62,Delivered
SHIP002796,PO004884,SUP00002,PLT0027,2026-04-10 14:18:13,2026-04-12 14:18:13,2026-04-12 14:18:13,Maersk,43524.26,Delivered
SHIP002797,PO003517,SUP00065,PLT0008,2026-04-22 18:10:26,2026-06-04 18:10:26,2026-06-15 18:10:26,DHL,213479.49,Delivered Late
SHIP002798,PO000005,SUP00009,PLT0019,2026-06-04 17:15:11,2026-06-10 17:15:11,2026-06-15 17:15:11,Maersk,85396.49,Delivered Late
SHIP002799,PO003597,SUP00156,PLT0018,2026-02-16 05:12:04,2026-02-22 05:12:04,2026-02-19 05:12:04,DB Schenker,46548.54,Delivered
SHIP002800,PO003057,SUP00141,PLT0004,2026-02-20 10:06:01,2026-04-03 10:06:01,2026-04-01 10:06:01,Delhivery B2B,43385.43,Delivered
SHIP002801,PO004499,SUP00049,PLT0011,2026-02-14 01:09:18,2026-02-20 01:09:18,2026-03-07 01:09:18,DHL,233273.22,Delivered Late
SHIP002802,PO002034,SUP00109,PLT0028,2026-02-07 13:58:12,2026-02-12 13:58:12,2026-02-11 13:58:12,Maersk,108509.36,Delivered
SHIP002803,PO003959,SUP00041,PLT0011,2026-04-18 10:06:26,2026-04-25 10:06:26,2026-04-22 10:06:26,Delhivery B2B,199912.57,Delivered
SHIP002804,PO004021,SUP00039,PLT0013,2026-03-01 03:35:53,2026-03-12 03:35:53,2026-03-10 03:35:53,Maersk,1107.2,Delivered
SHIP002805,PO003088,SUP00188,PLT0025,2026-02-08 22:24:26,2026-04-05 22:24:26,2026-04-05 22:24:26,DHL,290608.45,Delivered
SHIP002806,PO003816,SUP00095,PLT0026,2026-05-05 09:58:40,2026-05-21 09:58:40,2026-05-19 09:58:40,Kuehne+Nagel,30460.78,Delivered
SHIP002807,PO002236,SUP00105,PLT0021,2026-05-15 03:09:32,2026-06-03 03:09:32,2026-06-01 03:09:32,DHL,90392.77,Delivered
SHIP002808,PO001393,SUP00171,PLT0023,2026-05-03 12:03:34,2026-06-27 12:03:34,2026-06-27 12:03:34,Delhivery B2B,919363.35,Delivered
SHIP002809,PO001850,SUP00082,PLT0022,2026-01-11 00:45:30,2026-01-20 00:45:30,2026-01-18 00:45:30,Kuehne+Nagel,5945.78,Delivered
SHIP002810,PO002756,SUP00175,PLT0009,2026-05-14 05:56:29,2026-05-27 05:56:29,2026-05-26 05:56:29,Maersk,325498.83,Delivered
SHIP002811,PO000573,SUP00161,PLT0002,2026-01-22 07:32:22,2026-02-18 07:32:22,2026-02-28 07:32:22,Maersk,15240.74,Delivered Late
SHIP002812,PO004925,SUP00051,PLT0002,2026-05-13 10:39:42,2026-05-19 10:39:42,2026-05-21 10:39:42,DB Schenker,298193.76,Delivered Late
SHIP002813,PO003752,SUP00043,PLT0005,2026-03-26 22:20:21,2026-05-24 22:20:21,2026-05-23 22:20:21,FedEx Freight,30282.94,Delivered
SHIP002814,PO000983,SUP00016,PLT0013,2026-02-05 17:42:41,2026-02-21 17:42:41,2026-02-21 17:42:41,Delhivery B2B,365879.96,Delivered
SHIP002815,PO004408,SUP00071,PLT0013,2026-03-29 08:37:52,2026-05-23 08:37:52,2026-05-20 08:37:52,BlueDart Cargo,329444.17,Delivered
SHIP002816,PO002695,SUP00043,PLT0015,2026-02-14 05:25:31,2026-04-13 05:25:31,2026-04-11 05:25:31,DHL,418306.93,Delivered
SHIP002817,PO001225,SUP00085,PLT0028,2026-01-05 08:30:06,2026-02-16 08:30:06,2026-02-14 08:30:06,BlueDart Cargo,429377.85,Delivered
SHIP002818,PO003125,SUP00081,PLT0029,2026-06-17 13:08:46,2026-07-05 13:08:46,2026-07-03 13:08:46,FedEx Freight,9152.06,Delivered
SHIP002819,PO000251,SUP00199,PLT0018,2026-03-15 19:42:54,2026-03-28 19:42:54,2026-03-28 19:42:54,Delhivery B2B,20375.25,Delivered
SHIP002820,PO004123,SUP00172,PLT0017,2026-05-13 18:15:18,2026-05-18 18:15:18,2026-05-16 18:15:18,Maersk,358365.1,Delivered
SHIP002821,PO002268,SUP00182,PLT0028,2026-01-11 23:47:15,2026-02-06 23:47:15,2026-02-06 23:47:15,BlueDart Cargo,170009.12,Delivered
SHIP002822,PO003048,SUP00002,PLT0015,2026-04-16 21:20:50,2026-04-20 21:20:50,2026-04-19 21:20:50,BlueDart Cargo,29129.15,Delivered
SHIP002823,PO000837,SUP00192,PLT0005,2026-01-20 03:09:38,2026-03-16 03:09:38,2026-03-22 03:09:38,Kuehne+Nagel,11393.09,Delivered Late
SHIP002824,PO000334,SUP00075,PLT0026,2026-04-01 10:20:47,2026-05-27 10:20:47,2026-05-27 10:20:47,Kuehne+Nagel,526295.35,Delivered
SHIP002825,PO004410,SUP00149,PLT0004,2026-03-02 03:16:58,2026-04-28 03:16:58,2026-04-27 03:16:58,Kuehne+Nagel,78601.59,Delivered
SHIP002826,PO002700,SUP00186,PLT0015,2026-04-15 11:46:05,2026-05-29 11:46:05,2026-05-28 11:46:05,Kuehne+Nagel,240130.81,Delivered
SHIP002827,PO000322,SUP00172,PLT0000,2026-04-23 17:35:48,2026-04-29 17:35:48,2026-04-29 17:35:48,FedEx Freight,830152.12,Delivered
SHIP002828,PO000235,SUP00015,PLT0008,2026-04-23 04:23:34,2026-04-25 04:23:34,2026-04-24 04:23:34,Kuehne+Nagel,83542.32,Delivered
SHIP002829,PO003738,SUP00121,PLT0024,2026-01-12 07:53:00,2026-01-16 07:53:00,2026-01-16 07:53:00,DB Schenker,240455.18,Delivered
SHIP002830,PO002686,SUP00004,PLT0018,2026-03-15 14:16:44,2026-04-10 14:16:44,2026-04-08 14:16:44,FedEx Freight,224212.37,Delivered
SHIP002831,PO004274,SUP00139,PLT0029,2026-02-27 18:55:42,2026-03-08 18:55:42,2026-03-05 18:55:42,Maersk,5817.82,Delivered
SHIP002832,PO002543,SUP00054,PLT0027,2026-03-14 08:36:37,2026-04-26 08:36:37,2026-04-23 08:36:37,Maersk,254882.78,Delivered
SHIP002833,PO000291,SUP00159,PLT0022,2026-02-01 12:36:33,2026-02-06 12:36:33,2026-02-03 12:36:33,Delhivery B2B,437379.35,Delivered
SHIP002834,PO003952,SUP00084,PLT0006,2026-03-20 14:21:19,2026-03-22 14:21:19,2026-03-20 14:21:19,DB Schenker,278231.4,Delivered
SHIP002835,PO001582,SUP00132,PLT0024,2026-04-12 00:50:42,2026-04-23 00:50:42,2026-04-22 00:50:42,Maersk,5788.07,Delivered
SHIP002836,PO001863,SUP00146,PLT0016,2026-03-10 22:34:37,2026-03-28 22:34:37,2026-03-25 22:34:37,DHL,149568.15,Delivered
SHIP002837,PO004024,SUP00107,PLT0003,2026-02-24 10:25:31,2026-03-14 10:25:31,2026-03-12 10:25:31,DB Schenker,67757.73,Delivered
SHIP002838,PO000272,SUP00000,PLT0007,2026-02-07 10:32:59,2026-02-11 10:32:59,2026-02-10 10:32:59,DB Schenker,561740.7,Delivered
SHIP002839,PO002414,SUP00077,PLT0002,2026-05-05 23:30:09,2026-06-18 23:30:09,2026-06-18 23:30:09,BlueDart Cargo,28186.76,Delivered
SHIP002840,PO000857,SUP00174,PLT0026,2026-02-28 03:59:25,2026-04-10 03:59:25,2026-04-22 03:59:25,FedEx Freight,1031284.82,Delivered Late
SHIP002841,PO001432,SUP00119,PLT0006,2026-05-13 18:25:58,2026-06-01 18:25:58,2026-05-29 18:25:58,DB Schenker,137566.69,Delivered
SHIP002842,PO000081,SUP00199,PLT0008,2026-06-10 08:00:33,2026-06-21 08:00:33,2026-06-20 08:00:33,Delhivery B2B,82361.58,Delivered
SHIP002843,PO003032,SUP00161,PLT0003,2026-03-08 06:15:39,2026-04-02 06:15:39,2026-03-30 06:15:39,Kuehne+Nagel,7210.85,Delivered
SHIP002844,PO001232,SUP00083,PLT0025,2026-02-03 09:31:57,2026-04-01 09:31:57,2026-03-31 09:31:57,DHL,221111.16,Delivered
SHIP002845,PO001209,SUP00189,PLT0025,2026-02-07 09:53:34,2026-03-20 09:53:34,2026-03-17 09:53:34,DB Schenker,146696.44,Delivered
SHIP002846,PO001481,SUP00185,PLT0028,2026-04-17 18:14:04,2026-06-15 18:14:04,2026-06-15 18:14:04,Maersk,410365.38,Delivered
SHIP002847,PO002615,SUP00092,PLT0000,2026-04-14 19:19:52,2026-05-26 19:19:52,2026-05-24 19:19:52,FedEx Freight,71955.5,Delivered
SHIP002848,PO003602,SUP00191,PLT0012,2026-04-21 20:24:38,2026-06-19 20:24:38,2026-07-02 20:24:38,DHL,408378.34,Delivered Late
SHIP002849,PO004516,SUP00188,PLT0002,2026-02-08 21:48:04,2026-04-08 21:48:04,2026-04-07 21:48:04,DB Schenker,190708.37,Delivered
SHIP002850,PO002573,SUP00078,PLT0025,2026-04-22 11:54:10,2026-06-20 11:54:10,2026-06-18 11:54:10,Delhivery B2B,399805.63,Delivered
SHIP002851,PO003396,SUP00119,PLT0001,2026-04-12 04:06:08,2026-05-02 04:06:08,2026-05-01 04:06:08,Maersk,230323.24,Delivered
SHIP002852,PO003044,SUP00106,PLT0010,2026-01-26 18:17:01,2026-02-02 18:17:01,2026-02-02 18:17:01,BlueDart Cargo,158482.9,Delivered
SHIP002853,PO001470,SUP00019,PLT0021,2026-03-02 22:56:16,2026-04-30 22:56:16,2026-04-27 22:56:16,Delhivery B2B,316968.0,Delivered
SHIP002854,PO001197,SUP00086,PLT0004,2026-01-11 16:51:04,2026-01-27 16:51:04,2026-01-25 16:51:04,DHL,444995.86,Delivered
SHIP002855,PO001815,SUP00076,PLT0005,2026-04-22 15:40:52,2026-05-05 15:40:52,2026-05-04 15:40:52,BlueDart Cargo,418472.74,Delivered
SHIP002856,PO002710,SUP00016,PLT0018,2026-02-23 02:39:30,2026-03-12 02:39:30,2026-03-09 02:39:30,DHL,24496.46,Delivered
SHIP002857,PO004550,SUP00145,PLT0010,2026-01-08 20:12:29,2026-03-05 20:12:29,2026-03-02 20:12:29,DB Schenker,175037.62,Delivered
SHIP002858,PO003372,SUP00197,PLT0016,2026-06-01 20:41:09,2026-06-09 20:41:09,2026-06-07 20:41:09,BlueDart Cargo,55137.18,Delivered
SHIP002859,PO004842,SUP00116,PLT0007,2026-02-02 05:13:00,2026-02-22 05:13:00,2026-02-20 05:13:00,DHL,724378.27,Delivered
SHIP002860,PO003990,SUP00022,PLT0000,2026-04-23 03:42:02,2026-06-02 03:42:02,2026-05-30 03:42:02,Delhivery B2B,39997.31,Delivered
SHIP002861,PO000966,SUP00183,PLT0006,2026-04-16 09:41:11,2026-05-12 09:41:11,2026-05-11 09:41:11,Kuehne+Nagel,13566.0,Delivered
SHIP002862,PO001465,SUP00017,PLT0012,2026-05-28 23:36:17,2026-06-05 23:36:17,2026-06-03 23:36:17,DB Schenker,194076.44,Delivered
SHIP002863,PO002740,SUP00126,PLT0008,2026-06-17 08:20:40,2026-07-06 08:20:40,2026-07-04 08:20:40,DHL,47811.11,Delivered
SHIP002864,PO003572,SUP00187,PLT0009,2026-05-24 20:38:58,2026-06-10 20:38:58,2026-06-10 20:38:58,Kuehne+Nagel,142182.94,Delivered
SHIP002865,PO004876,SUP00128,PLT0011,2026-04-30 05:00:33,2026-05-18 05:00:33,2026-05-18 05:00:33,DB Schenker,588414.99,Delivered
SHIP002866,PO002540,SUP00061,PLT0011,2026-03-30 02:41:48,2026-04-07 02:41:48,2026-04-04 02:41:48,BlueDart Cargo,369878.04,Delivered
SHIP002867,PO001841,SUP00019,PLT0008,2026-03-02 00:57:01,2026-04-30 00:57:01,2026-04-29 00:57:01,Maersk,396531.68,Delivered
SHIP002868,PO001686,SUP00030,PLT0002,2026-04-08 02:11:32,2026-05-07 02:11:32,2026-05-04 02:11:32,DB Schenker,969333.25,Delivered
SHIP002869,PO002397,SUP00007,PLT0000,2026-06-06 18:02:53,2026-06-18 18:02:53,2026-06-18 18:02:53,DHL,8140.07,Delivered
SHIP002870,PO004214,SUP00148,PLT0028,2026-04-11 14:34:39,2026-05-08 14:34:39,2026-05-08 14:34:39,DHL,159630.01,Delivered
SHIP002871,PO003142,SUP00170,PLT0022,2026-03-11 03:24:39,2026-03-24 03:24:39,2026-03-23 03:24:39,Kuehne+Nagel,192014.86,Delivered
SHIP002872,PO001575,SUP00194,PLT0017,2026-06-05 03:13:34,2026-06-24 03:13:34,2026-06-25 03:13:34,FedEx Freight,1277705.18,Delivered Late
SHIP002873,PO000532,SUP00026,PLT0000,2026-02-02 03:15:58,2026-03-31 03:15:58,2026-03-28 03:15:58,Maersk,152309.8,Delivered
SHIP002874,PO001105,SUP00164,PLT0006,2026-03-25 19:19:54,2026-03-30 19:19:54,2026-03-30 19:19:54,Kuehne+Nagel,193686.27,Delivered
SHIP002875,PO000785,SUP00134,PLT0001,2026-04-14 02:44:10,2026-04-21 02:44:10,2026-04-20 02:44:10,BlueDart Cargo,74062.37,Delivered
SHIP002876,PO003866,SUP00077,PLT0003,2026-05-11 05:55:48,2026-06-22 05:55:48,2026-06-22 05:55:48,DHL,47384.71,Delivered
SHIP002877,PO000453,SUP00188,PLT0009,2026-03-11 15:17:10,2026-05-07 15:17:10,2026-05-06 15:17:10,Delhivery B2B,270852.68,Delivered
SHIP002878,PO003481,SUP00162,PLT0013,2026-01-20 00:27:22,2026-01-23 00:27:22,2026-01-20 00:27:22,Delhivery B2B,521744.43,Delivered
SHIP002879,PO000361,SUP00141,PLT0000,2026-05-11 23:55:08,2026-06-20 23:55:08,2026-06-28 23:55:08,BlueDart Cargo,690974.58,Delivered Late
SHIP002880,PO001210,SUP00150,PLT0021,2026-05-22 22:02:22,2026-05-25 22:02:22,2026-05-24 22:02:22,FedEx Freight,162223.77,Delivered
SHIP002881,PO004644,SUP00057,PLT0009,2026-04-26 04:23:35,2026-05-24 04:23:35,2026-05-22 04:23:35,Kuehne+Nagel,49380.85,Delivered
SHIP002882,PO002958,SUP00189,PLT0023,2026-03-30 08:23:10,2026-05-10 08:23:10,2026-05-10 08:23:10,BlueDart Cargo,99578.7,Delivered
SHIP002883,PO001152,SUP00170,PLT0003,2026-05-05 04:00:50,2026-05-18 04:00:50,2026-05-21 04:00:50,BlueDart Cargo,312775.05,Delivered Late
SHIP002884,PO000034,SUP00012,PLT0020,2026-03-21 00:00:45,2026-04-16 00:00:45,2026-04-16 00:00:45,Maersk,101305.09,Delivered
SHIP002885,PO004563,SUP00022,PLT0005,2026-03-12 04:31:52,2026-04-23 04:31:52,2026-04-29 04:31:52,Delhivery B2B,22189.6,Delivered Late
SHIP002886,PO002961,SUP00183,PLT0022,2026-05-04 00:39:08,2026-05-30 00:39:08,2026-05-30 00:39:08,Delhivery B2B,29679.49,Delivered
SHIP002887,PO000092,SUP00080,PLT0019,2026-06-05 01:06:45,2026-06-17 01:06:45,2026-06-14 01:06:45,Delhivery B2B,552309.26,Delivered
SHIP002888,PO001804,SUP00009,PLT0000,2026-04-07 20:39:44,2026-04-10 20:39:44,2026-04-10 20:39:44,BlueDart Cargo,795258.67,Delivered
SHIP002889,PO004223,SUP00188,PLT0026,2026-02-04 16:41:35,2026-04-03 16:41:35,2026-03-31 16:41:35,DHL,179156.29,Delivered
SHIP002890,PO004860,SUP00041,PLT0027,2026-01-29 10:38:02,2026-02-03 10:38:02,2026-02-12 10:38:02,Delhivery B2B,229800.67,Delivered Late
SHIP002891,PO001134,SUP00045,PLT0016,2026-02-21 14:24:26,2026-03-09 14:24:26,2026-03-08 14:24:26,Kuehne+Nagel,54249.73,Delivered
SHIP002892,PO004420,SUP00066,PLT0022,2026-04-02 23:42:39,2026-05-13 23:42:39,2026-05-10 23:42:39,DHL,472898.66,Delivered
SHIP002893,PO003649,SUP00198,PLT0009,2026-01-06 07:30:58,2026-02-01 07:30:58,2026-02-01 07:30:58,DHL,22686.92,Delivered
SHIP002894,PO004184,SUP00166,PLT0015,2026-01-26 05:29:34,2026-02-13 05:29:34,2026-02-11 05:29:34,FedEx Freight,36922.65,Delivered
SHIP002895,PO002564,SUP00070,PLT0002,2026-01-25 23:26:30,2026-03-07 23:26:30,2026-03-06 23:26:30,Maersk,64169.27,Delivered
SHIP002896,PO004697,SUP00026,PLT0027,2026-02-05 14:57:52,2026-04-05 14:57:52,2026-04-04 14:57:52,Maersk,577954.51,Delivered
SHIP002897,PO000661,SUP00095,PLT0010,2026-05-15 03:06:33,2026-06-01 03:06:33,2026-05-30 03:06:33,FedEx Freight,80084.66,Delivered
SHIP002898,PO004391,SUP00130,PLT0006,2026-02-16 00:29:54,2026-04-14 00:29:54,2026-04-13 00:29:54,BlueDart Cargo,4413.03,Delivered
SHIP002899,PO001980,SUP00159,PLT0027,2026-05-01 01:42:31,2026-05-05 01:42:31,2026-05-02 01:42:31,DB Schenker,587152.36,Delivered
SHIP002900,PO001551,SUP00150,PLT0012,2026-05-23 21:26:39,2026-05-29 21:26:39,2026-05-27 21:26:39,Kuehne+Nagel,188641.38,Delivered
SHIP002901,PO004326,SUP00013,PLT0013,2026-03-28 02:35:29,2026-04-13 02:35:29,2026-04-11 02:35:29,DHL,154350.85,Delivered
SHIP002902,PO000530,SUP00114,PLT0009,2026-02-19 18:21:33,2026-03-01 18:21:33,2026-02-26 18:21:33,BlueDart Cargo,273954.61,Delivered
SHIP002903,PO000392,SUP00078,PLT0004,2026-04-20 05:53:44,2026-06-15 05:53:44,2026-06-14 05:53:44,Maersk,29350.77,Delivered
SHIP002904,PO002476,SUP00155,PLT0017,2026-01-28 16:08:17,2026-02-15 16:08:17,2026-02-14 16:08:17,BlueDart Cargo,762586.01,Delivered
SHIP002905,PO001734,SUP00039,PLT0017,2026-03-28 07:11:51,2026-04-09 07:11:51,2026-04-16 07:11:51,Delhivery B2B,119870.52,Delivered Late
SHIP002906,PO001776,SUP00143,PLT0020,2026-05-12 06:49:04,2026-06-25 06:49:04,2026-06-24 06:49:04,FedEx Freight,45410.96,Delivered
SHIP002907,PO003038,SUP00193,PLT0009,2026-01-15 05:51:00,2026-01-23 05:51:00,2026-01-29 05:51:00,DHL,747692.61,Delivered Late
SHIP002908,PO000518,SUP00080,PLT0009,2026-03-14 10:51:10,2026-03-27 10:51:10,2026-03-27 10:51:10,FedEx Freight,378282.28,Delivered
SHIP002909,PO002902,SUP00080,PLT0025,2026-01-17 01:49:41,2026-01-30 01:49:41,2026-01-27 01:49:41,DB Schenker,24554.46,Delivered
SHIP002910,PO002104,SUP00109,PLT0014,2026-03-15 01:52:52,2026-03-20 01:52:52,2026-03-20 01:52:52,Delhivery B2B,996086.62,Delivered
SHIP002911,PO001837,SUP00197,PLT0027,2026-04-20 14:28:10,2026-04-29 14:28:10,2026-05-10 14:28:10,Delhivery B2B,560055.04,Delivered Late
SHIP002912,PO004487,SUP00084,PLT0004,2026-01-03 00:55:09,2026-01-08 00:55:09,2026-01-07 00:55:09,DB Schenker,182860.56,Delivered
SHIP002913,PO001162,SUP00044,PLT0010,2026-02-28 05:45:41,2026-04-25 05:45:41,2026-04-25 05:45:41,Delhivery B2B,353539.59,Delivered
SHIP002914,PO001042,SUP00097,PLT0019,2026-01-29 23:39:07,2026-02-05 23:39:07,2026-02-03 23:39:07,Kuehne+Nagel,349975.85,Delivered
SHIP002915,PO003941,SUP00126,PLT0005,2026-02-09 19:37:39,2026-02-28 19:37:39,2026-02-25 19:37:39,Delhivery B2B,445644.02,Delivered
SHIP002916,PO003502,SUP00194,PLT0017,2026-06-02 12:34:01,2026-06-18 12:34:01,2026-06-18 12:34:01,DHL,453682.5,Delivered
SHIP002917,PO000503,SUP00157,PLT0013,2026-02-06 14:35:34,2026-03-19 14:35:34,2026-03-18 14:35:34,DHL,442188.1,Delivered
SHIP002918,PO000156,SUP00048,PLT0020,2026-06-13 20:52:50,2026-06-25 20:52:50,2026-06-24 20:52:50,Kuehne+Nagel,194570.11,Delivered
SHIP002919,PO001661,SUP00019,PLT0015,2026-01-22 23:13:32,2026-03-21 23:13:32,2026-03-21 23:13:32,Delhivery B2B,470541.96,Delivered
SHIP002920,PO004823,SUP00156,PLT0024,2026-05-29 07:10:19,2026-06-03 07:10:19,2026-06-02 07:10:19,FedEx Freight,214587.81,Delivered
SHIP002921,PO002002,SUP00108,PLT0008,2026-02-21 06:49:58,2026-04-20 06:49:58,2026-04-18 06:49:58,DB Schenker,648859.83,Delivered
SHIP002922,PO001217,SUP00063,PLT0008,2026-01-08 07:09:07,2026-02-06 07:09:07,2026-02-10 07:09:07,Delhivery B2B,317383.09,Delivered Late
SHIP002923,PO004729,SUP00195,PLT0015,2026-05-26 01:19:06,2026-06-07 01:19:06,2026-06-19 01:19:06,BlueDart Cargo,32038.82,Delivered Late
SHIP002924,PO000267,SUP00163,PLT0014,2026-03-22 12:18:18,2026-03-26 12:18:18,2026-03-23 12:18:18,Maersk,465847.51,Delivered
SHIP002925,PO000031,SUP00014,PLT0001,2026-04-08 19:57:09,2026-04-15 19:57:09,2026-04-12 19:57:09,DB Schenker,64121.47,Delivered
SHIP002926,PO004780,SUP00078,PLT0000,2026-04-21 17:33:33,2026-06-19 17:33:33,2026-06-19 17:33:33,DB Schenker,160429.27,Delivered
SHIP002927,PO003487,SUP00126,PLT0027,2026-02-23 16:03:49,2026-03-13 16:03:49,2026-03-10 16:03:49,BlueDart Cargo,351281.09,Delivered
SHIP002928,PO003150,SUP00170,PLT0015,2026-06-27 17:17:39,2026-07-06 17:17:39,2026-07-04 17:17:39,Maersk,15131.96,Delivered
SHIP002929,PO003604,SUP00154,PLT0023,2026-04-30 10:04:53,2026-05-08 10:04:53,2026-05-05 10:04:53,Delhivery B2B,191882.86,Delivered
SHIP002930,PO001133,SUP00083,PLT0028,2026-01-25 11:09:18,2026-03-24 11:09:18,2026-03-22 11:09:18,FedEx Freight,158522.98,Delivered
SHIP002931,PO002154,SUP00083,PLT0019,2026-03-09 13:02:19,2026-05-04 13:02:19,2026-05-04 13:02:19,Delhivery B2B,42280.29,Delivered
SHIP002932,PO003671,SUP00113,PLT0020,2026-04-06 12:16:58,2026-06-04 12:16:58,2026-06-01 12:16:58,DB Schenker,123518.25,Delivered
SHIP002933,PO002006,SUP00040,PLT0005,2026-01-12 03:56:08,2026-01-16 03:56:08,2026-01-15 03:56:08,DHL,462152.62,Delivered
SHIP002934,PO002277,SUP00009,PLT0004,2026-03-07 06:53:08,2026-03-13 06:53:08,2026-03-11 06:53:08,FedEx Freight,1063557.07,Delivered
SHIP002935,PO002981,SUP00177,PLT0024,2026-05-10 14:26:40,2026-05-26 14:26:40,2026-06-10 14:26:40,BlueDart Cargo,35530.73,Delivered Late
SHIP002936,PO003589,SUP00091,PLT0019,2026-04-14 14:48:30,2026-04-23 14:48:30,2026-04-22 14:48:30,FedEx Freight,88393.28,Delivered
SHIP002937,PO002682,SUP00027,PLT0011,2026-04-25 09:27:55,2026-04-30 09:27:55,2026-04-30 09:27:55,FedEx Freight,275278.94,Delivered
SHIP002938,PO001358,SUP00146,PLT0016,2026-03-14 17:42:32,2026-04-03 17:42:32,2026-03-31 17:42:32,FedEx Freight,311116.52,Delivered
SHIP002939,PO001820,SUP00073,PLT0009,2026-02-20 08:50:26,2026-04-04 08:50:26,2026-04-03 08:50:26,BlueDart Cargo,28627.55,Delivered
SHIP002940,PO001416,SUP00034,PLT0002,2026-03-27 04:04:14,2026-04-23 04:04:14,2026-04-23 04:04:14,Delhivery B2B,339415.8,Delivered
SHIP002941,PO001104,SUP00029,PLT0027,2026-05-01 02:20:41,2026-06-27 02:20:41,2026-06-25 02:20:41,DB Schenker,188966.45,Delivered
SHIP002942,PO002718,SUP00182,PLT0029,2026-04-14 05:25:36,2026-05-11 05:25:36,2026-05-08 05:25:36,DB Schenker,405715.89,Delivered
SHIP002943,PO003578,SUP00104,PLT0007,2026-03-06 05:13:27,2026-03-12 05:13:27,2026-03-23 05:13:27,Maersk,253908.34,Delivered Late
SHIP002944,PO002265,SUP00198,PLT0009,2026-01-21 12:23:01,2026-02-15 12:23:01,2026-02-15 12:23:01,DB Schenker,260807.38,Delivered
SHIP002945,PO000976,SUP00111,PLT0008,2026-01-22 07:11:53,2026-01-31 07:11:53,2026-02-01 07:11:53,Delhivery B2B,553177.46,Delivered Late
SHIP002946,PO003478,SUP00118,PLT0005,2026-01-26 03:03:43,2026-01-31 03:03:43,2026-01-28 03:03:43,DHL,198685.82,Delivered
SHIP002947,PO002440,SUP00092,PLT0011,2026-02-08 21:56:09,2026-03-24 21:56:09,2026-03-21 21:56:09,Maersk,294132.51,Delivered
SHIP002948,PO003319,SUP00070,PLT0004,2026-03-22 16:35:35,2026-05-05 16:35:35,2026-05-16 16:35:35,DB Schenker,134290.05,Delivered Late
SHIP002949,PO003337,SUP00084,PLT0025,2026-05-30 01:33:53,2026-06-04 01:33:53,2026-06-01 01:33:53,Maersk,119822.91,Delivered
SHIP002950,PO003277,SUP00152,PLT0006,2026-03-11 12:41:19,2026-03-29 12:41:19,2026-03-27 12:41:19,DB Schenker,78352.71,Delivered
SHIP002951,PO001275,SUP00173,PLT0001,2026-02-02 21:31:31,2026-02-09 21:31:31,2026-02-24 21:31:31,BlueDart Cargo,394361.09,Delivered Late
SHIP002952,PO004353,SUP00066,PLT0019,2026-02-25 17:59:51,2026-04-06 17:59:51,2026-04-15 17:59:51,Kuehne+Nagel,159338.47,Delivered Late
SHIP002953,PO004946,SUP00099,PLT0029,2026-02-02 23:57:48,2026-03-30 23:57:48,2026-03-28 23:57:48,Kuehne+Nagel,1473350.91,Delivered
SHIP002954,PO001267,SUP00104,PLT0005,2026-05-31 05:03:05,2026-06-07 05:03:05,2026-06-07 05:03:05,Kuehne+Nagel,271337.58,Delivered
SHIP002955,PO003493,SUP00178,PLT0022,2026-03-13 07:02:00,2026-05-08 07:02:00,2026-05-10 07:02:00,FedEx Freight,382773.92,Delivered Late
SHIP002956,PO002796,SUP00120,PLT0014,2026-01-10 08:41:11,2026-03-07 08:41:11,2026-03-07 08:41:11,DB Schenker,64407.29,Delivered
SHIP002957,PO003546,SUP00098,PLT0012,2026-01-06 04:32:14,2026-03-04 04:32:14,2026-03-01 04:32:14,DB Schenker,769657.76,Delivered
SHIP002958,PO002690,SUP00080,PLT0023,2026-01-09 21:51:13,2026-01-20 21:51:13,2026-01-17 21:51:13,DB Schenker,719685.13,Delivered
SHIP002959,PO001332,SUP00116,PLT0026,2026-01-16 21:10:35,2026-02-02 21:10:35,2026-01-30 21:10:35,DB Schenker,499968.79,Delivered
SHIP002960,PO001331,SUP00043,PLT0017,2026-03-28 01:24:00,2026-05-23 01:24:00,2026-05-23 01:24:00,DB Schenker,639011.67,Delivered
SHIP002961,PO003940,SUP00048,PLT0014,2026-03-05 16:33:44,2026-03-15 16:33:44,2026-03-15 16:33:44,Delhivery B2B,89584.64,Delivered
SHIP002962,PO001925,SUP00154,PLT0014,2026-04-07 20:13:20,2026-04-14 20:13:20,2026-04-14 20:13:20,Kuehne+Nagel,290608.92,Delivered
SHIP002963,PO004680,SUP00067,PLT0000,2026-05-13 05:57:01,2026-06-26 05:57:01,2026-06-26 05:57:01,Maersk,248978.45,Delivered
SHIP002964,PO003817,SUP00004,PLT0018,2026-04-08 11:18:20,2026-05-05 11:18:20,2026-05-03 11:18:20,BlueDart Cargo,258984.47,Delivered
SHIP002965,PO000339,SUP00150,PLT0017,2026-04-17 07:10:17,2026-04-19 07:10:17,2026-04-18 07:10:17,DHL,16039.86,Delivered
SHIP002966,PO003888,SUP00078,PLT0027,2026-02-18 15:35:18,2026-04-15 15:35:18,2026-04-13 15:35:18,Kuehne+Nagel,143569.01,Delivered
SHIP002967,PO001838,SUP00171,PLT0002,2026-01-08 05:17:43,2026-03-06 05:17:43,2026-03-05 05:17:43,DHL,603627.62,Delivered
SHIP002968,PO000680,SUP00058,PLT0009,2026-03-03 15:10:53,2026-03-15 15:10:53,2026-03-15 15:10:53,Maersk,152134.05,Delivered
SHIP002969,PO002346,SUP00197,PLT0021,2026-06-18 11:44:14,2026-06-25 11:44:14,2026-06-25 11:44:14,Delhivery B2B,930612.91,Delivered
SHIP002970,PO001735,SUP00050,PLT0007,2026-04-15 15:07:37,2026-05-13 15:07:37,2026-05-11 15:07:37,Maersk,438400.06,Delivered
SHIP002971,PO004920,SUP00113,PLT0007,2026-03-02 12:40:58,2026-04-30 12:40:58,2026-04-30 12:40:58,DB Schenker,44265.79,Delivered
SHIP002972,PO001599,SUP00108,PLT0028,2026-02-19 12:23:15,2026-04-17 12:23:15,2026-04-24 12:23:15,BlueDart Cargo,486406.04,Delivered Late
SHIP002973,PO000452,SUP00178,PLT0021,2026-01-17 20:27:02,2026-03-15 20:27:02,2026-03-12 20:27:02,Maersk,81767.35,Delivered
SHIP002974,PO000689,SUP00106,PLT0012,2026-04-17 23:28:29,2026-04-25 23:28:29,2026-04-24 23:28:29,Delhivery B2B,284669.75,Delivered
SHIP002975,PO004792,SUP00016,PLT0022,2026-03-16 10:59:37,2026-04-03 10:59:37,2026-04-05 10:59:37,BlueDart Cargo,62132.31,Delivered Late
SHIP002976,PO000377,SUP00192,PLT0005,2026-01-07 20:59:34,2026-03-05 20:59:34,2026-03-03 20:59:34,BlueDart Cargo,106509.61,Delivered
SHIP002977,PO001960,SUP00038,PLT0017,2026-05-08 20:12:55,2026-07-05 20:12:55,2026-07-05 20:12:55,DHL,80914.71,Delivered
SHIP002978,PO001993,SUP00132,PLT0020,2026-05-23 09:19:27,2026-06-03 09:19:27,2026-06-05 09:19:27,DB Schenker,107616.41,Delivered Late
SHIP002979,PO004605,SUP00051,PLT0009,2026-04-14 19:35:46,2026-04-20 19:35:46,2026-04-18 19:35:46,DHL,252537.61,Delivered
SHIP002980,PO000916,SUP00000,PLT0013,2026-05-18 00:12:45,2026-05-24 00:12:45,2026-05-26 00:12:45,FedEx Freight,353822.51,Delivered Late
SHIP002981,PO004310,SUP00186,PLT0022,2026-04-09 08:49:46,2026-05-19 08:49:46,2026-05-18 08:49:46,Kuehne+Nagel,548882.0,Delivered
SHIP002982,PO000913,SUP00125,PLT0001,2026-02-16 20:16:56,2026-03-31 20:16:56,2026-04-04 20:16:56,FedEx Freight,680284.55,Delivered Late
SHIP002983,PO002611,SUP00066,PLT0026,2026-02-18 11:47:53,2026-03-30 11:47:53,2026-04-14 11:47:53,DHL,72703.29,Delivered Late
SHIP002984,PO003368,SUP00075,PLT0021,2026-01-10 20:06:21,2026-03-10 20:06:21,2026-03-07 20:06:21,FedEx Freight,73053.9,Delivered
SHIP002985,PO000810,SUP00078,PLT0013,2026-04-16 09:15:44,2026-06-10 09:15:44,2026-06-12 09:15:44,DHL,194438.45,Delivered Late
SHIP002986,PO002892,SUP00093,PLT0014,2026-02-20 09:52:31,2026-02-22 09:52:31,2026-02-21 09:52:31,Kuehne+Nagel,44764.83,Delivered
SHIP002987,PO001186,SUP00116,PLT0006,2026-05-06 11:36:40,2026-05-25 11:36:40,2026-05-25 11:36:40,DB Schenker,119635.94,Delivered
SHIP002988,PO000015,SUP00151,PLT0019,2026-04-09 20:25:06,2026-04-27 20:25:06,2026-04-27 20:25:06,DHL,6509.8,Delivered
SHIP002989,PO004918,SUP00115,PLT0006,2026-01-14 17:03:47,2026-01-25 17:03:47,2026-01-24 17:03:47,DB Schenker,94116.91,Delivered
SHIP002990,PO000471,SUP00093,PLT0015,2026-04-15 16:32:44,2026-04-17 16:32:44,2026-04-19 16:32:44,DHL,92040.57,Delivered Late
SHIP002991,PO004287,SUP00026,PLT0011,2026-02-03 20:27:16,2026-04-01 20:27:16,2026-03-29 20:27:16,Kuehne+Nagel,616092.14,Delivered
SHIP002992,PO000521,SUP00183,PLT0000,2026-01-27 19:33:17,2026-02-25 19:33:17,2026-02-24 19:33:17,Kuehne+Nagel,579478.66,Delivered
SHIP002993,PO001007,SUP00077,PLT0000,2026-01-30 11:08:07,2026-03-14 11:08:07,2026-03-28 11:08:07,DB Schenker,127304.51,Delivered Late
SHIP002994,PO001790,SUP00037,PLT0022,2026-04-29 13:29:38,2026-05-05 13:29:38,2026-05-05 13:29:38,FedEx Freight,1128003.84,Delivered
SHIP002995,PO004058,SUP00182,PLT0008,2026-05-11 10:18:40,2026-06-08 10:18:40,2026-06-05 10:18:40,Kuehne+Nagel,271077.04,Delivered
SHIP002996,PO000449,SUP00009,PLT0024,2026-01-25 15:59:02,2026-01-28 15:59:02,2026-01-25 15:59:02,Kuehne+Nagel,212257.93,Delivered
SHIP002997,PO002687,SUP00056,PLT0018,2026-03-07 15:00:40,2026-05-05 15:00:40,2026-05-04 15:00:40,DHL,35299.73,Delivered
SHIP002998,PO002757,SUP00102,PLT0021,2026-02-27 08:14:25,2026-03-17 08:14:25,2026-03-20 08:14:25,DB Schenker,11849.6,Delivered Late
SHIP002999,PO003169,SUP00177,PLT0000,2026-03-02 10:06:17,2026-03-18 10:06:17,2026-03-28 10:06:17,Maersk,128518.61,Delivered Late
