order_id,cust_id,prod_id,qty,unit_price,discount_pct,tax_pct,total_amt,order_dt,order_status,payment_status,plant_id,promised_delivery_dt,requested_qty,shipped_qty
ORD100000,CUST04596,PROD02989,3,11522.42,20,12,30972.26,2026-05-04 11:15:00,Packed,Paid,PLT0006,2026-05-10 11:15:00,3,3
ORD100001,CUST04507,PROD02225,3,296.22,15,12,846.0,2026-03-03 13:55:00,Returned,Pending,PLT0027,2026-03-14 13:55:00,3,2
ORD100002,CUST01105,PROD04664,4,13275.47,0,28,67970.41,2026-06-19 14:10:00,In Transit,Paid,PLT0025,2026-06-27 14:10:00,4,4
ORD100003,CUST00776,PROD03998,3,6372.7,0,18,22559.36,2026-07-13 20:25:00,Packed,Failed,PLT0026,2026-07-25 20:25:00,3,2
ORD100004,CUST03705,PROD00476,5,15887.14,20,28,81342.16,2026-04-09 23:10:00,In Transit,Failed,PLT0025,2026-04-12 23:10:00,5,5
ORD100005,CUST00010,PROD02759,3,11351.77,10,28,39231.72,2026-07-02 15:06:00,Shipped,Paid,PLT0027,2026-07-11 15:06:00,3,3
ORD100006,CUST01401,PROD02376,5,4477.56,5,28,27223.56,2026-09-23 23:27:00,Packed,Paid,PLT0000,2026-09-29 23:27:00,5,3
ORD100007,CUST03417,PROD02099,3,12785.84,0,28,49097.63,2026-07-04 00:46:00,Returned,Paid,PLT0001,2026-07-08 00:46:00,3,1
ORD100008,CUST03965,PROD02956,5,11143.07,5,12,59281.13,2026-05-16 00:09:00,Packed,Refunded,PLT0029,2026-05-29 00:09:00,5,5
ORD100009,CUST00989,PROD04813,3,309.34,0,18,1095.06,2026-03-04 23:18:00,Delivered,Refunded,PLT0003,2026-03-13 23:18:00,3,3
ORD100010,CUST04940,PROD04650,3,2783.85,15,28,9086.49,2026-04-09 04:43:00,Cancelled,Pending,PLT0007,2026-04-20 04:43:00,3,2
ORD100011,CUST04643,PROD00822,2,172.65,0,18,407.45,2026-03-13 18:59:00,Placed,Failed,PLT0008,2026-03-27 18:59:00,2,2
ORD100012,CUST03153,PROD02129,5,14121.65,0,12,79081.24,2026-03-10 09:12:00,Delivered,Paid,PLT0001,2026-03-22 09:12:00,5,3
ORD100013,CUST00578,PROD02565,5,6504.69,15,12,30962.32,2026-04-21 11:16:00,Packed,Paid,PLT0004,2026-05-03 11:16:00,5,4
ORD100014,CUST02430,PROD01211,5,6875.28,0,5,36095.22,2026-08-29 01:21:00,Delivered,Pending,PLT0002,2026-09-01 01:21:00,5,5
ORD100015,CUST04940,PROD00577,1,2437.47,15,5,2175.44,2026-04-27 22:05:00,Delivered,Refunded,PLT0008,2026-05-01 22:05:00,1,1
ORD100016,CUST02320,PROD00038,3,1651.99,0,18,5848.04,2026-04-17 04:31:00,Packed,Pending,PLT0002,2026-04-30 04:31:00,3,3
ORD100017,CUST00771,PROD01121,5,14230.09,20,5,59766.38,2026-04-27 06:10:00,Placed,Refunded,PLT0005,2026-05-08 06:10:00,5,4
ORD100018,CUST04425,PROD00308,1,5234.01,20,28,5359.63,2026-04-27 10:39:00,Placed,Failed,PLT0003,2026-05-05 10:39:00,1,1
ORD100019,CUST02883,PROD01678,2,6506.38,5,18,14587.3,2026-03-20 05:16:00,Cancelled,Refunded,PLT0001,2026-04-01 05:16:00,2,2
ORD100020,CUST00980,PROD04132,5,3563.47,0,12,19955.43,2026-09-05 16:54:00,Shipped,Failed,PLT0005,2026-09-16 16:54:00,5,5
ORD100021,CUST02525,PROD04467,5,2213.86,10,12,11157.85,2026-08-30 06:04:00,Delivered,Paid,PLT0002,2026-09-11 06:04:00,5,5
ORD100022,CUST03766,PROD03903,1,14648.47,15,28,15937.54,2026-05-21 23:06:00,Placed,Paid,PLT0009,2026-06-01 23:06:00,1,1
ORD100023,CUST02906,PROD00014,3,3475.19,0,5,10946.85,2026-04-09 07:31:00,Cancelled,Pending,PLT0009,2026-04-19 07:31:00,3,3
ORD100024,CUST03461,PROD03704,2,13583.94,20,18,25646.48,2026-05-16 00:56:00,Delivered,Failed,PLT0028,2026-05-20 00:56:00,2,1
ORD100025,CUST01010,PROD00597,5,10713.17,20,18,50566.16,2026-07-02 09:02:00,Returned,Paid,PLT0004,2026-07-06 09:02:00,5,5
ORD100026,CUST03407,PROD02023,3,14994.48,15,28,48941.98,2026-07-21 01:23:00,Delivered,Failed,PLT0004,2026-08-02 01:23:00,3,3
ORD100027,CUST00341,PROD03519,2,1228.45,10,5,2321.77,2026-01-30 02:53:00,Packed,Paid,PLT0002,2026-02-08 02:53:00,2,2
ORD100028,CUST01711,PROD00182,4,1903.23,0,18,8983.25,2026-06-09 08:56:00,Delivered,Pending,PLT0001,2026-06-21 08:56:00,4,2
ORD100029,CUST04463,PROD02360,4,2358.98,0,28,12077.98,2026-06-09 13:33:00,Delivered,Paid,PLT0003,2026-06-15 13:33:00,4,4
ORD100030,CUST02320,PROD01077,2,6209.79,10,18,13189.59,2026-05-28 22:17:00,Placed,Failed,PLT0002,2026-06-08 22:17:00,2,1
ORD100031,CUST04778,PROD00547,1,1904.57,10,12,1919.81,2026-05-01 07:03:00,Delivered,Pending,PLT0007,2026-05-04 07:03:00,1,1
ORD100032,CUST02673,PROD01157,2,2620.82,10,18,5566.62,2026-06-07 10:29:00,Delivered,Refunded,PLT0006,2026-06-10 10:29:00,2,2
ORD100033,CUST01231,PROD00814,2,14740.39,20,18,27829.86,2026-03-02 06:26:00,Placed,Failed,PLT0007,2026-03-16 06:26:00,2,1
ORD100034,CUST03264,PROD00051,1,15515.4,15,18,15561.95,2026-07-03 20:14:00,Placed,Paid,PLT0006,2026-07-13 20:14:00,1,1
ORD100035,CUST00240,PROD00278,1,10433.43,10,5,9859.59,2026-06-09 06:49:00,Delivered,Paid,PLT0006,2026-06-21 06:49:00,1,1
ORD100036,CUST03431,PROD02346,3,10729.31,15,5,28727.73,2026-09-20 17:25:00,Returned,Failed,PLT0026,2026-09-25 17:25:00,3,3
ORD100037,CUST04223,PROD03337,3,14539.83,5,28,53041.3,2026-01-30 12:51:00,Delivered,Paid,PLT0004,2026-02-11 12:51:00,3,3
ORD100038,CUST01507,PROD04435,1,1255.49,0,5,1318.26,2026-04-11 07:37:00,Delivered,Pending,PLT0006,2026-04-16 07:37:00,1,1
ORD100039,CUST01292,PROD03975,4,4415.72,0,18,20842.2,2026-05-29 04:41:00,Delivered,Refunded,PLT0027,2026-06-03 04:41:00,4,2
ORD100040,CUST04111,PROD04987,4,11676.05,0,18,55110.96,2026-03-03 22:56:00,Packed,Paid,PLT0004,2026-03-06 22:56:00,4,4
ORD100041,CUST03756,PROD03863,2,6036.98,5,5,12043.78,2026-02-15 13:02:00,Shipped,Failed,PLT0025,2026-02-28 13:02:00,2,1
ORD100042,CUST04640,PROD02898,5,4590.31,10,5,21689.21,2026-07-14 01:55:00,Returned,Pending,PLT0004,2026-07-18 01:55:00,5,5
ORD100043,CUST02568,PROD01182,2,5534.77,10,18,11755.85,2026-04-08 12:59:00,Shipped,Paid,PLT0008,2026-04-22 12:59:00,2,1
ORD100044,CUST03310,PROD00663,2,9730.82,20,18,18371.79,2026-06-15 07:10:00,Cancelled,Paid,PLT0007,2026-06-29 07:10:00,2,2
ORD100045,CUST00587,PROD00332,5,12148.75,5,12,64631.35,2026-04-29 06:39:00,Shipped,Paid,PLT0000,2026-05-13 06:39:00,5,5
ORD100046,CUST02514,PROD00496,1,5717.3,10,28,6586.33,2026-09-03 20:26:00,Delivered,Paid,PLT0027,2026-09-06 20:26:00,1,1
ORD100047,CUST00694,PROD04312,4,15058.99,0,5,63247.76,2026-05-07 03:55:00,Shipped,Refunded,PLT0026,2026-05-18 03:55:00,4,4
ORD100048,CUST00089,PROD02330,2,912.05,15,28,1984.62,2026-09-05 11:17:00,Returned,Paid,PLT0026,2026-09-12 11:17:00,2,2
ORD100049,CUST04634,PROD04516,5,6576.11,0,18,38799.05,2026-03-09 08:06:00,Returned,Refunded,PLT0029,2026-03-23 08:06:00,5,5
ORD100050,CUST03116,PROD03536,3,2160.9,5,28,7882.96,2026-05-12 08:48:00,Packed,Failed,PLT0008,2026-05-22 08:48:00,3,3
ORD100051,CUST03134,PROD02570,2,14873.73,0,5,31234.83,2026-07-18 07:57:00,Packed,Paid,PLT0005,2026-07-23 07:57:00,2,2
ORD100052,CUST00573,PROD02455,4,9328.43,15,5,33302.5,2026-05-05 13:53:00,Delivered,Paid,PLT0007,2026-05-16 13:53:00,4,2
ORD100053,CUST03020,PROD01437,1,4995.09,5,28,6074.03,2026-03-31 15:21:00,Delivered,Paid,PLT0008,2026-04-07 15:21:00,1,1
ORD100054,CUST01391,PROD02844,2,15218.76,15,5,27165.49,2026-02-08 11:05:00,Delivered,Failed,PLT0027,2026-02-19 11:05:00,2,2
ORD100055,CUST01557,PROD02713,2,5633.72,10,12,11357.58,2026-06-12 09:37:00,Cancelled,Paid,PLT0025,2026-06-17 09:37:00,2,1
ORD100056,CUST01295,PROD03551,5,12879.5,10,18,68390.14,2026-05-31 02:54:00,Shipped,Paid,PLT0026,2026-06-08 02:54:00,5,5
ORD100057,CUST02764,PROD04238,3,12286.78,10,18,39145.68,2026-03-31 11:24:00,Delivered,Paid,PLT0001,2026-04-10 11:24:00,3,3
ORD100058,CUST03702,PROD03144,3,8658.48,15,5,23183.08,2026-07-06 14:59:00,Returned,Refunded,PLT0026,2026-07-09 14:59:00,3,3
ORD100059,CUST04324,PROD01165,1,2655.08,15,18,2663.05,2026-08-21 17:54:00,In Transit,Paid,PLT0029,2026-08-30 17:54:00,1,1
ORD100060,CUST04908,PROD01498,4,7468.56,15,12,28440.28,2026-03-09 17:12:00,Shipped,Paid,PLT0009,2026-03-13 17:12:00,4,4
ORD100061,CUST00377,PROD01355,1,7837.04,0,5,8228.89,2026-03-22 14:49:00,Delivered,Refunded,PLT0028,2026-04-01 14:49:00,1,1
ORD100062,CUST04483,PROD00452,2,8977.63,15,12,17093.41,2026-04-03 11:25:00,Delivered,Paid,PLT0006,2026-04-15 11:25:00,2,1
ORD100063,CUST04135,PROD02640,2,11269.39,10,12,22719.09,2026-08-06 04:19:00,Cancelled,Paid,PLT0004,2026-08-16 04:19:00,2,1
ORD100064,CUST02745,PROD02182,3,3480.05,0,18,12319.38,2026-03-10 02:36:00,Delivered,Paid,PLT0008,2026-03-24 02:36:00,3,3
ORD100065,CUST00355,PROD02321,4,14530.01,15,18,58294.4,2026-04-28 04:38:00,Returned,Refunded,PLT0025,2026-05-05 04:38:00,4,4
ORD100066,CUST03470,PROD00776,5,2482.69,0,28,15889.22,2026-05-30 20:46:00,Delivered,Failed,PLT0002,2026-06-09 20:46:00,5,5
ORD100067,CUST04657,PROD03769,4,2713.05,10,12,10939.02,2026-03-01 03:20:00,Packed,Refunded,PLT0025,2026-03-15 03:20:00,4,4
ORD100068,CUST00123,PROD00726,2,13484.08,15,18,27049.06,2026-04-22 12:31:00,In Transit,Paid,PLT0028,2026-04-27 12:31:00,2,2
ORD100069,CUST01567,PROD00145,5,4627.96,0,12,25916.58,2026-09-20 22:54:00,In Transit,Failed,PLT0025,2026-09-27 22:54:00,5,3
ORD100070,CUST00450,PROD02845,4,9275.25,0,28,47489.28,2026-06-09 06:42:00,Cancelled,Failed,PLT0008,2026-06-12 06:42:00,4,4
ORD100071,CUST01824,PROD03136,4,9905.86,0,12,44378.25,2026-06-29 21:20:00,Delivered,Refunded,PLT0006,2026-07-12 21:20:00,4,4
ORD100072,CUST02340,PROD04079,5,12319.44,20,5,51741.65,2026-08-19 18:14:00,In Transit,Paid,PLT0009,2026-08-22 18:14:00,5,3
ORD100073,CUST03954,PROD01760,2,8811.56,0,28,22557.59,2026-07-18 03:57:00,In Transit,Failed,PLT0004,2026-07-27 03:57:00,2,1
ORD100074,CUST00584,PROD04920,4,5486.29,0,28,28089.8,2026-08-12 16:27:00,Delivered,Paid,PLT0025,2026-08-25 16:27:00,4,4
ORD100075,CUST00642,PROD01177,5,12498.54,0,12,69991.82,2026-03-15 09:09:00,Delivered,Paid,PLT0026,2026-03-18 09:09:00,5,4
ORD100076,CUST01508,PROD01774,2,15288.82,10,12,30822.26,2026-01-29 06:21:00,Returned,Paid,PLT0008,2026-02-10 06:21:00,2,2
ORD100077,CUST00404,PROD03371,5,3576.58,0,18,21101.82,2026-04-05 17:58:00,Shipped,Paid,PLT0001,2026-04-11 17:58:00,5,3
ORD100078,CUST01125,PROD04698,5,8172.35,5,5,40759.6,2026-08-05 06:53:00,In Transit,Pending,PLT0008,2026-08-19 06:53:00,5,5
ORD100079,CUST03841,PROD00270,4,4767.11,15,28,20746.46,2026-02-07 14:14:00,Returned,Paid,PLT0004,2026-02-14 14:14:00,4,4
ORD100080,CUST01742,PROD03815,2,4119.44,0,28,10545.77,2026-05-29 11:08:00,Returned,Refunded,PLT0028,2026-06-03 11:08:00,2,2
ORD100081,CUST00201,PROD00076,4,11690.21,20,28,47883.1,2026-09-12 16:00:00,Packed,Refunded,PLT0027,2026-09-19 16:00:00,4,4
ORD100082,CUST01139,PROD03113,1,11452.44,20,18,10811.1,2026-05-02 11:05:00,Returned,Paid,PLT0025,2026-05-10 11:05:00,1,1
ORD100083,CUST01920,PROD02058,1,6646.07,0,5,6978.37,2026-03-31 18:13:00,Cancelled,Paid,PLT0001,2026-04-03 18:13:00,1,1
ORD100084,CUST04327,PROD04230,2,3118.98,0,28,7984.59,2026-02-04 10:51:00,Packed,Paid,PLT0008,2026-02-13 10:51:00,2,2
ORD100085,CUST02971,PROD04035,5,2582.6,5,28,15702.21,2026-02-06 05:50:00,Delivered,Paid,PLT0026,2026-02-14 05:50:00,5,5
ORD100086,CUST04697,PROD01161,4,13229.49,0,18,62443.19,2026-08-18 12:11:00,Delivered,Paid,PLT0026,2026-08-28 12:11:00,4,4
ORD100087,CUST02708,PROD01969,4,5417.73,0,12,24271.43,2026-05-03 01:38:00,Delivered,Paid,PLT0004,2026-05-16 01:38:00,4,4
ORD100088,CUST00798,PROD02740,2,1301.12,15,28,2831.24,2026-08-05 09:33:00,Cancelled,Paid,PLT0007,2026-08-12 09:33:00,2,1
ORD100089,CUST01142,PROD04297,2,2380.16,20,5,3998.67,2026-08-13 20:06:00,Delivered,Paid,PLT0004,2026-08-18 20:06:00,2,2
ORD100090,CUST04855,PROD01540,1,8449.1,5,5,8427.98,2026-09-24 00:24:00,Delivered,Failed,PLT0004,2026-10-04 00:24:00,1,1
ORD100091,CUST01263,PROD04601,3,3257.24,20,5,8208.24,2026-05-08 12:48:00,Returned,Refunded,PLT0027,2026-05-14 12:48:00,3,2
ORD100092,CUST00289,PROD04717,2,9576.2,5,5,19104.52,2026-08-10 01:32:00,Shipped,Paid,PLT0029,2026-08-16 01:32:00,2,2
ORD100093,CUST03807,PROD02735,3,15088.32,20,18,42730.12,2026-08-23 09:09:00,Shipped,Refunded,PLT0003,2026-09-02 09:09:00,3,3
ORD100094,CUST01249,PROD00677,2,1880.42,0,28,4813.88,2026-08-22 22:33:00,Delivered,Paid,PLT0029,2026-08-28 22:33:00,2,1
ORD100095,CUST01206,PROD03786,5,1759.83,20,18,8306.4,2026-06-16 09:37:00,Cancelled,Paid,PLT0026,2026-06-23 09:37:00,5,5
ORD100096,CUST01614,PROD02985,5,8787.24,20,5,36906.41,2026-07-17 05:19:00,Delivered,Paid,PLT0027,2026-07-21 05:19:00,5,4
ORD100097,CUST00375,PROD01137,1,13633.19,5,5,13599.11,2026-09-22 12:24:00,Returned,Refunded,PLT0026,2026-09-29 12:24:00,1,1
ORD100098,CUST01677,PROD00446,1,15160.25,0,5,15918.26,2026-05-21 17:59:00,Placed,Paid,PLT0029,2026-05-31 17:59:00,1,1
ORD100099,CUST01987,PROD02492,3,3330.25,5,18,11199.63,2026-07-26 09:40:00,Cancelled,Paid,PLT0000,2026-07-30 09:40:00,3,1
ORD100100,CUST03045,PROD03807,2,6955.62,5,5,13876.46,2026-04-08 16:30:00,Shipped,Refunded,PLT0028,2026-04-11 16:30:00,2,2
ORD100101,CUST04534,PROD03958,4,6771.08,5,28,32934.53,2026-03-11 15:37:00,Delivered,Paid,PLT0009,2026-03-20 15:37:00,4,4
ORD100102,CUST01230,PROD00191,1,1579.33,10,5,1492.47,2026-03-08 01:03:00,Cancelled,Refunded,PLT0004,2026-03-12 01:03:00,1,1
ORD100103,CUST01824,PROD00327,4,8913.23,10,28,41072.16,2026-09-10 07:11:00,Cancelled,Failed,PLT0026,2026-09-19 07:11:00,4,4
ORD100104,CUST01838,PROD02509,4,13565.8,10,28,62511.21,2026-03-29 07:47:00,Delivered,Paid,PLT0005,2026-04-03 07:47:00,4,4
ORD100105,CUST04722,PROD04269,2,13037.2,5,5,26009.21,2026-09-24 01:35:00,Packed,Paid,PLT0003,2026-10-07 01:35:00,2,1
ORD100106,CUST04432,PROD01601,3,3149.69,0,18,11149.9,2026-05-05 19:24:00,In Transit,Paid,PLT0026,2026-05-19 19:24:00,3,3
ORD100107,CUST02944,PROD00060,2,5271.75,5,12,11218.28,2026-07-21 07:53:00,Packed,Pending,PLT0008,2026-07-26 07:53:00,2,2
ORD100108,CUST00554,PROD03660,1,14577.63,0,12,16326.95,2026-02-19 09:01:00,Delivered,Failed,PLT0004,2026-03-03 09:01:00,1,1
ORD100109,CUST00865,PROD03201,4,8897.6,0,28,45555.71,2026-02-10 22:43:00,Delivered,Refunded,PLT0001,2026-02-20 22:43:00,4,4
ORD100110,CUST00983,PROD01063,2,12314.55,10,18,26156.1,2026-04-30 01:34:00,Delivered,Refunded,PLT0029,2026-05-10 01:34:00,2,1
ORD100111,CUST01976,PROD03786,2,1759.83,20,12,3153.62,2026-05-24 19:23:00,In Transit,Paid,PLT0005,2026-05-31 19:23:00,2,2
ORD100112,CUST04773,PROD02038,2,2503.82,20,5,4206.42,2026-07-11 19:32:00,Delivered,Paid,PLT0006,2026-07-21 19:32:00,2,1
ORD100113,CUST04073,PROD01394,1,8363.41,15,5,7464.34,2026-03-25 04:12:00,Cancelled,Paid,PLT0002,2026-04-03 04:12:00,1,1
ORD100114,CUST03847,PROD02966,3,11247.6,0,28,43190.78,2026-09-04 05:01:00,Delivered,Refunded,PLT0008,2026-09-08 05:01:00,3,3
ORD100115,CUST01996,PROD02809,2,7681.71,10,18,16315.95,2026-09-08 10:02:00,Shipped,Paid,PLT0029,2026-09-19 10:02:00,2,2
ORD100116,CUST04433,PROD01748,1,4230.03,0,18,4991.44,2026-02-15 17:32:00,Packed,Failed,PLT0008,2026-02-21 17:32:00,1,1
ORD100117,CUST03750,PROD04475,4,10739.58,0,12,48113.32,2026-04-01 04:27:00,In Transit,Failed,PLT0002,2026-04-06 04:27:00,4,2
ORD100118,CUST04929,PROD01292,5,2209.18,20,12,9897.13,2026-03-10 23:58:00,Delivered,Failed,PLT0007,2026-03-13 23:58:00,5,5
ORD100119,CUST01289,PROD03769,1,2713.05,5,5,2706.27,2026-07-19 09:51:00,Placed,Refunded,PLT0000,2026-07-29 09:51:00,1,1
ORD100120,CUST03597,PROD02515,5,10061.82,0,28,64395.65,2026-09-25 18:16:00,Delivered,Refunded,PLT0026,2026-10-03 18:16:00,5,5
ORD100121,CUST04517,PROD01770,2,6371.17,15,18,12780.57,2026-03-23 07:01:00,Shipped,Failed,PLT0006,2026-04-05 07:01:00,2,2
ORD100122,CUST03833,PROD04576,2,5069.31,10,12,10219.73,2026-05-11 06:15:00,Delivered,Refunded,PLT0006,2026-05-21 06:15:00,2,2
ORD100123,CUST03196,PROD01919,1,6324.26,0,12,7083.17,2026-08-13 17:23:00,Delivered,Paid,PLT0003,2026-08-20 17:23:00,1,1
ORD100124,CUST03585,PROD01278,5,15786.94,15,28,85880.95,2026-06-04 05:02:00,Delivered,Refunded,PLT0005,2026-06-18 05:02:00,5,5
ORD100125,CUST04371,PROD03234,2,1016.94,0,28,2603.37,2026-02-16 09:00:00,Cancelled,Refunded,PLT0005,2026-02-21 09:00:00,2,2
ORD100126,CUST01282,PROD01322,4,2635.76,20,5,8856.15,2026-03-13 06:04:00,Shipped,Paid,PLT0027,2026-03-25 06:04:00,4,4
ORD100127,CUST02015,PROD01045,3,14186.05,0,28,54474.43,2026-06-05 08:58:00,Cancelled,Refunded,PLT0027,2026-06-19 08:58:00,3,3
ORD100128,CUST03208,PROD02764,3,7217.01,20,5,18186.87,2026-02-17 21:40:00,Shipped,Failed,PLT0003,2026-03-03 21:40:00,3,3
ORD100129,CUST00063,PROD00479,2,15510.91,15,5,27686.97,2026-04-08 18:03:00,Delivered,Refunded,PLT0004,2026-04-13 18:03:00,2,2
ORD100130,CUST04517,PROD03487,5,5742.3,10,28,33075.65,2026-03-19 14:17:00,Delivered,Refunded,PLT0004,2026-03-29 14:17:00,5,5
ORD100131,CUST02401,PROD01706,2,1779.07,0,28,4554.42,2026-08-12 15:42:00,Delivered,Paid,PLT0008,2026-08-18 15:42:00,2,2
ORD100132,CUST01494,PROD02492,5,3330.25,0,28,21313.6,2026-07-24 21:58:00,Cancelled,Pending,PLT0007,2026-08-02 21:58:00,5,2
ORD100133,CUST01067,PROD04338,4,14447.21,20,28,59175.77,2026-02-01 19:21:00,Delivered,Refunded,PLT0007,2026-02-09 19:21:00,4,4
ORD100134,CUST04860,PROD01728,5,15946.48,15,28,86748.85,2026-05-02 17:09:00,Returned,Pending,PLT0002,2026-05-06 17:09:00,5,5
ORD100135,CUST03140,PROD03732,2,15491.41,20,5,26025.57,2026-08-20 20:59:00,Cancelled,Paid,PLT0006,2026-09-03 20:59:00,2,2
ORD100136,CUST03344,PROD01931,4,9320.74,0,12,41756.92,2026-02-08 17:35:00,Delivered,Paid,PLT0001,2026-02-17 17:35:00,4,4
ORD100137,CUST02696,PROD01122,1,15293.86,0,18,18046.75,2026-05-28 03:06:00,Packed,Paid,PLT0007,2026-06-02 03:06:00,1,1
ORD100138,CUST00853,PROD01900,3,12561.29,10,18,40020.27,2026-07-20 22:58:00,Packed,Pending,PLT0009,2026-07-28 22:58:00,3,3
ORD100139,CUST02496,PROD00024,2,5924.15,0,5,12440.72,2026-04-28 18:14:00,Delivered,Failed,PLT0028,2026-05-12 18:14:00,2,2
ORD100140,CUST02095,PROD00585,2,10170.07,5,5,20289.29,2026-06-30 02:14:00,Returned,Paid,PLT0001,2026-07-05 02:14:00,2,2
ORD100141,CUST02132,PROD02131,2,2678.51,20,12,4799.89,2026-07-20 19:29:00,In Transit,Paid,PLT0001,2026-08-02 19:29:00,2,2
ORD100142,CUST04170,PROD03366,4,10217.35,0,28,52312.83,2026-09-19 05:28:00,In Transit,Paid,PLT0002,2026-10-01 05:28:00,4,4
ORD100143,CUST03087,PROD02103,1,2610.48,15,5,2329.85,2026-08-01 20:16:00,In Transit,Refunded,PLT0029,2026-08-11 20:16:00,1,1
ORD100144,CUST02776,PROD03474,5,11223.27,20,18,52973.83,2026-02-17 07:06:00,Delivered,Paid,PLT0007,2026-02-20 07:06:00,5,5
ORD100145,CUST03765,PROD03955,1,3779.46,10,28,4353.94,2026-08-25 06:57:00,In Transit,Pending,PLT0009,2026-09-02 06:57:00,1,1
ORD100146,CUST02219,PROD02978,4,280.55,10,5,1060.48,2026-07-27 15:48:00,Delivered,Paid,PLT0007,2026-08-08 15:48:00,4,4
ORD100147,CUST01622,PROD00245,2,344.76,0,28,882.59,2026-09-18 09:54:00,Placed,Failed,PLT0003,2026-10-02 09:54:00,2,2
ORD100148,CUST00194,PROD02040,3,4089.37,0,18,14476.37,2026-07-10 06:10:00,Packed,Paid,PLT0025,2026-07-17 06:10:00,3,3
ORD100149,CUST03301,PROD04344,2,13237.82,0,28,33888.82,2026-05-08 03:47:00,Delivered,Paid,PLT0008,2026-05-15 03:47:00,2,2
ORD100150,CUST01272,PROD00461,5,1967.67,5,5,9813.75,2026-02-12 22:01:00,Delivered,Paid,PLT0001,2026-02-24 22:01:00,5,5
ORD100151,CUST00191,PROD04934,3,7172.15,0,5,22592.27,2026-07-03 00:41:00,Cancelled,Paid,PLT0008,2026-07-06 00:41:00,3,3
ORD100152,CUST03131,PROD02677,2,5946.8,20,18,11227.56,2026-06-29 23:10:00,Packed,Paid,PLT0003,2026-07-02 23:10:00,2,1
ORD100153,CUST04325,PROD02418,3,719.04,20,12,1932.78,2026-02-16 06:52:00,Delivered,Refunded,PLT0028,2026-02-28 06:52:00,3,3
ORD100154,CUST00530,PROD00698,1,9340.69,0,12,10461.57,2026-02-01 08:20:00,Cancelled,Paid,PLT0000,2026-02-14 08:20:00,1,1
ORD100155,CUST02535,PROD04436,4,4560.55,15,28,19847.51,2026-06-26 02:04:00,Cancelled,Paid,PLT0005,2026-07-05 02:04:00,4,4
ORD100156,CUST04564,PROD02584,2,7243.66,0,5,15211.69,2026-04-25 06:09:00,Packed,Pending,PLT0000,2026-04-28 06:09:00,2,2
ORD100157,CUST02448,PROD01356,5,13986.43,20,5,58743.01,2026-03-28 11:27:00,Delivered,Pending,PLT0025,2026-04-07 11:27:00,5,5
ORD100158,CUST04637,PROD00506,1,2684.61,20,18,2534.27,2026-06-23 06:54:00,Delivered,Failed,PLT0029,2026-06-28 06:54:00,1,1
ORD100159,CUST01011,PROD01738,2,3193.5,20,18,6029.33,2026-04-26 08:43:00,Delivered,Paid,PLT0009,2026-05-10 08:43:00,2,2
ORD100160,CUST04814,PROD04791,1,1797.13,5,5,1792.64,2026-05-19 06:17:00,Delivered,Paid,PLT0007,2026-05-26 06:17:00,1,1
ORD100161,CUST04144,PROD04055,5,12493.32,15,18,62654.0,2026-03-30 14:34:00,Delivered,Paid,PLT0008,2026-04-02 14:34:00,5,5
ORD100162,CUST03597,PROD00862,2,7306.29,10,12,14729.48,2026-04-11 09:44:00,Packed,Paid,PLT0005,2026-04-14 09:44:00,2,2
ORD100163,CUST01157,PROD00358,5,9412.83,20,12,42169.48,2026-05-09 19:50:00,Delivered,Refunded,PLT0025,2026-05-14 19:50:00,5,5
ORD100164,CUST00413,PROD00991,3,12809.71,0,28,49189.29,2026-08-08 18:10:00,Placed,Paid,PLT0001,2026-08-20 18:10:00,3,3
ORD100165,CUST01419,PROD00161,5,5946.75,20,18,28068.66,2026-05-11 11:44:00,Cancelled,Failed,PLT0004,2026-05-22 11:44:00,5,5
ORD100166,CUST04835,PROD02264,3,7148.74,15,28,23333.49,2026-08-14 14:00:00,Cancelled,Paid,PLT0027,2026-08-25 14:00:00,3,3
ORD100167,CUST04211,PROD02216,2,4944.54,10,18,10502.2,2026-07-10 10:43:00,Delivered,Pending,PLT0000,2026-07-17 10:43:00,2,2
ORD100168,CUST00649,PROD01773,3,14283.15,5,18,48034.23,2026-05-30 21:01:00,Packed,Paid,PLT0028,2026-06-05 21:01:00,3,3
ORD100169,CUST00516,PROD01785,2,10582.73,0,12,23705.32,2026-03-31 00:16:00,Returned,Pending,PLT0009,2026-04-10 00:16:00,2,1
ORD100170,CUST01708,PROD00294,2,5826.03,0,5,12234.66,2026-03-09 08:42:00,Delivered,Paid,PLT0001,2026-03-17 08:42:00,2,2
ORD100171,CUST00083,PROD02979,4,11287.83,0,18,53278.56,2026-08-21 11:37:00,Packed,Paid,PLT0027,2026-08-26 11:37:00,4,4
ORD100172,CUST00039,PROD00355,2,1221.04,5,18,2737.57,2026-03-01 06:26:00,Shipped,Paid,PLT0029,2026-03-06 06:26:00,2,2
ORD100173,CUST04242,PROD04784,3,4731.64,15,18,14237.5,2026-02-08 14:02:00,Delivered,Pending,PLT0029,2026-02-14 14:02:00,3,2
ORD100174,CUST02226,PROD04419,4,5431.41,15,5,19390.13,2026-09-12 10:33:00,Delivered,Paid,PLT0006,2026-09-22 10:33:00,4,4
ORD100175,CUST01947,PROD00438,4,13166.57,5,28,64042.2,2026-03-06 21:02:00,Placed,Pending,PLT0027,2026-03-13 21:02:00,4,4
ORD100176,CUST01790,PROD04759,2,7424.66,20,28,15205.7,2026-08-18 15:38:00,Delivered,Failed,PLT0003,2026-08-30 15:38:00,2,2
ORD100177,CUST04793,PROD04813,5,309.34,5,18,1733.85,2026-09-19 21:56:00,In Transit,Paid,PLT0002,2026-10-03 21:56:00,5,5
ORD100178,CUST00981,PROD01978,5,6930.54,0,18,40890.19,2026-06-07 02:58:00,Delivered,Paid,PLT0002,2026-06-16 02:58:00,5,5
ORD100179,CUST02373,PROD02083,4,7475.51,10,28,34447.15,2026-03-02 20:50:00,Shipped,Failed,PLT0002,2026-03-10 20:50:00,4,4
ORD100180,CUST00690,PROD00337,2,13700.82,0,28,35074.1,2026-03-05 03:43:00,In Transit,Pending,PLT0000,2026-03-15 03:43:00,2,2
ORD100181,CUST04745,PROD04751,5,5524.79,0,12,30938.82,2026-03-29 20:07:00,Shipped,Paid,PLT0007,2026-04-06 20:07:00,5,4
ORD100182,CUST04504,PROD03350,2,3938.86,15,18,7901.35,2026-05-07 20:54:00,Shipped,Refunded,PLT0009,2026-05-21 20:54:00,2,1
ORD100183,CUST00952,PROD00162,2,10152.66,20,28,20792.65,2026-04-02 10:57:00,Cancelled,Paid,PLT0008,2026-04-12 10:57:00,2,2
ORD100184,CUST00619,PROD00450,4,1426.66,15,12,5432.72,2026-06-01 11:49:00,Delivered,Paid,PLT0005,2026-06-10 11:49:00,4,3
ORD100185,CUST03589,PROD04334,4,10337.91,0,5,43419.22,2026-03-20 20:59:00,Cancelled,Paid,PLT0009,2026-03-31 20:59:00,4,4
ORD100186,CUST04841,PROD03939,1,2816.89,5,18,3157.73,2026-04-29 11:21:00,In Transit,Paid,PLT0025,2026-05-11 11:21:00,1,1
ORD100187,CUST03361,PROD03312,5,10541.0,0,28,67462.4,2026-04-12 00:50:00,Placed,Paid,PLT0025,2026-04-18 00:50:00,5,5
ORD100188,CUST02042,PROD04128,5,15139.2,0,18,89321.28,2026-06-13 00:49:00,Delivered,Pending,PLT0029,2026-06-18 00:49:00,5,5
ORD100189,CUST01598,PROD02390,5,11044.64,15,12,52572.49,2026-09-02 11:25:00,Cancelled,Paid,PLT0002,2026-09-07 11:25:00,5,5
ORD100190,CUST00174,PROD04315,3,15536.95,15,28,50712.6,2026-07-18 08:49:00,Shipped,Paid,PLT0005,2026-07-31 08:49:00,3,1
ORD100191,CUST02766,PROD03214,2,11132.8,0,5,23378.88,2026-03-22 23:50:00,Packed,Paid,PLT0027,2026-03-27 23:50:00,2,2
ORD100192,CUST00011,PROD03061,4,4825.92,15,5,17228.53,2026-09-13 11:48:00,Returned,Failed,PLT0009,2026-09-18 11:48:00,4,2
ORD100193,CUST03724,PROD02682,5,13383.14,20,12,59956.47,2026-09-08 14:56:00,Delivered,Pending,PLT0025,2026-09-18 14:56:00,5,5
ORD100194,CUST02291,PROD04272,1,15276.6,15,5,13634.37,2026-03-03 22:02:00,Delivered,Paid,PLT0002,2026-03-09 22:02:00,1,1
ORD100195,CUST04682,PROD02484,5,2464.86,10,5,11646.46,2026-04-27 19:43:00,Delivered,Paid,PLT0027,2026-05-05 19:43:00,5,5
ORD100196,CUST02784,PROD01274,2,728.94,5,5,1454.24,2026-07-22 17:49:00,In Transit,Refunded,PLT0005,2026-08-04 17:49:00,2,1
ORD100197,CUST00433,PROD01334,2,15940.71,15,5,28454.17,2026-04-29 12:13:00,Shipped,Failed,PLT0025,2026-05-06 12:13:00,2,2
ORD100198,CUST02313,PROD02880,4,3058.56,10,5,11561.36,2026-02-06 15:00:00,Delivered,Failed,PLT0009,2026-02-20 15:00:00,4,4
ORD100199,CUST02318,PROD01517,3,10393.85,0,5,32740.63,2026-04-08 12:09:00,Packed,Paid,PLT0028,2026-04-19 12:09:00,3,1
ORD100200,CUST01959,PROD03805,4,4227.77,15,5,15093.14,2026-06-06 07:16:00,Delivered,Pending,PLT0006,2026-06-09 07:16:00,4,4
ORD100201,CUST01400,PROD03604,5,4529.42,20,28,23190.63,2026-06-18 14:51:00,Packed,Paid,PLT0026,2026-06-24 14:51:00,5,3
ORD100202,CUST03613,PROD03197,1,15062.82,0,5,15815.96,2026-05-02 11:13:00,Cancelled,Refunded,PLT0005,2026-05-10 11:13:00,1,1
ORD100203,CUST00794,PROD04281,4,2685.31,15,28,11686.47,2026-08-25 01:01:00,Delivered,Paid,PLT0003,2026-09-01 01:01:00,4,4
ORD100204,CUST04839,PROD02881,3,5370.88,0,18,19012.92,2026-05-23 18:11:00,In Transit,Pending,PLT0008,2026-05-31 18:11:00,3,3
ORD100205,CUST01361,PROD03831,4,6156.76,10,12,24824.06,2026-07-17 09:02:00,Delivered,Paid,PLT0025,2026-07-21 09:02:00,4,4
ORD100206,CUST04673,PROD02749,2,12995.87,10,5,24562.19,2026-03-09 19:09:00,Delivered,Failed,PLT0029,2026-03-15 19:09:00,2,2
ORD100207,CUST04575,PROD03001,5,10794.98,0,12,60451.89,2026-05-23 02:47:00,Shipped,Paid,PLT0026,2026-05-29 02:47:00,5,3
ORD100208,CUST00049,PROD03562,5,13174.86,5,5,65709.61,2026-09-08 07:05:00,Shipped,Paid,PLT0028,2026-09-14 07:05:00,5,5
ORD100209,CUST01164,PROD02403,5,6612.1,20,28,33853.95,2026-05-06 05:29:00,Cancelled,Pending,PLT0007,2026-05-10 05:29:00,5,5
ORD100210,CUST04261,PROD02554,5,15167.24,10,5,71665.21,2026-09-16 10:02:00,Packed,Failed,PLT0026,2026-09-29 10:02:00,5,5
ORD100211,CUST02302,PROD01160,5,564.03,0,18,3327.78,2026-09-13 14:43:00,Returned,Pending,PLT0007,2026-09-16 14:43:00,5,5
ORD100212,CUST02161,PROD04763,5,12096.65,20,12,54192.99,2026-06-18 19:59:00,Placed,Pending,PLT0007,2026-06-24 19:59:00,5,5
ORD100213,CUST00914,PROD01437,1,4995.09,10,12,5035.05,2026-08-03 09:42:00,Delivered,Pending,PLT0029,2026-08-09 09:42:00,1,1
ORD100214,CUST03354,PROD04049,3,13623.13,5,18,45814.59,2026-01-30 14:14:00,Delivered,Paid,PLT0027,2026-02-07 14:14:00,3,3
ORD100215,CUST00709,PROD04045,5,6636.93,0,28,42476.35,2026-06-27 08:56:00,Delivered,Paid,PLT0027,2026-07-04 08:56:00,5,4
ORD100216,CUST03095,PROD02796,3,9536.62,20,28,29296.5,2026-05-01 04:56:00,Cancelled,Paid,PLT0026,2026-05-15 04:56:00,3,3
ORD100217,CUST04849,PROD00189,5,8520.44,0,18,50270.6,2026-04-08 10:17:00,Placed,Pending,PLT0009,2026-04-20 10:17:00,5,5
ORD100218,CUST01746,PROD00709,4,4147.79,0,12,18582.1,2026-05-26 17:42:00,Placed,Failed,PLT0025,2026-06-05 17:42:00,4,2
ORD100219,CUST03347,PROD04940,5,13006.73,15,5,58042.53,2026-03-31 19:06:00,Delivered,Refunded,PLT0000,2026-04-09 19:06:00,5,5
ORD100220,CUST01466,PROD01722,2,2029.02,0,28,5194.29,2026-04-18 21:44:00,Returned,Failed,PLT0006,2026-04-22 21:44:00,2,2
ORD100221,CUST02237,PROD01200,1,2167.37,20,5,1820.59,2026-08-19 21:54:00,Returned,Paid,PLT0004,2026-08-27 21:54:00,1,1
ORD100222,CUST00477,PROD02946,4,1729.0,15,12,6584.03,2026-07-16 23:31:00,Cancelled,Paid,PLT0003,2026-07-22 23:31:00,4,4
ORD100223,CUST04257,PROD01069,4,5737.49,0,5,24097.46,2026-04-11 06:11:00,In Transit,Pending,PLT0009,2026-04-17 06:11:00,4,4
ORD100224,CUST04311,PROD03341,2,14236.13,15,18,28557.68,2026-09-06 16:33:00,Placed,Failed,PLT0005,2026-09-18 16:33:00,2,1
ORD100225,CUST02708,PROD03615,5,5940.51,10,28,34217.34,2026-04-09 11:08:00,Shipped,Refunded,PLT0028,2026-04-18 11:08:00,5,5
ORD100226,CUST00940,PROD02558,1,4862.09,0,28,6223.48,2026-07-08 04:52:00,Delivered,Paid,PLT0027,2026-07-17 04:52:00,1,1
ORD100227,CUST03505,PROD04996,4,14367.62,15,18,57642.89,2026-02-26 06:00:00,Shipped,Refunded,PLT0009,2026-03-08 06:00:00,4,4
ORD100228,CUST01906,PROD02289,1,7763.45,10,18,8244.78,2026-05-22 22:48:00,Placed,Refunded,PLT0006,2026-06-03 22:48:00,1,1
ORD100229,CUST01088,PROD01128,4,6593.41,5,28,32070.35,2026-05-16 16:06:00,Delivered,Paid,PLT0028,2026-05-22 16:06:00,4,4
ORD100230,CUST01971,PROD01533,5,11485.8,0,28,73509.12,2026-05-04 14:49:00,Delivered,Pending,PLT0006,2026-05-07 14:49:00,5,5
ORD100231,CUST04145,PROD01418,4,2040.55,5,28,9925.24,2026-05-30 20:06:00,In Transit,Paid,PLT0005,2026-06-07 20:06:00,4,4
ORD100232,CUST00851,PROD00739,4,7081.25,20,12,25379.2,2026-03-18 16:14:00,In Transit,Paid,PLT0001,2026-03-30 16:14:00,4,4
ORD100233,CUST01605,PROD03477,3,15377.63,10,12,46501.95,2026-07-20 19:41:00,Delivered,Paid,PLT0029,2026-07-29 19:41:00,3,3
ORD100234,CUST04015,PROD03158,5,1116.7,5,12,5940.84,2026-05-23 22:34:00,Delivered,Paid,PLT0028,2026-05-27 22:34:00,5,5
ORD100235,CUST00115,PROD00476,2,15887.14,5,5,31694.84,2026-04-08 14:18:00,Placed,Paid,PLT0006,2026-04-11 14:18:00,2,1
ORD100236,CUST02623,PROD02911,2,3762.62,10,12,7585.44,2026-04-07 05:52:00,Cancelled,Paid,PLT0026,2026-04-21 05:52:00,2,2
ORD100237,CUST03955,PROD01432,5,8296.98,0,28,53100.67,2026-08-24 19:40:00,Delivered,Paid,PLT0001,2026-09-03 19:40:00,5,4
ORD100238,CUST02411,PROD01564,2,4468.42,15,12,8507.87,2026-04-01 09:09:00,Shipped,Refunded,PLT0000,2026-04-13 09:09:00,2,2
ORD100239,CUST00627,PROD04172,5,15797.64,20,28,80883.92,2026-03-01 20:34:00,Returned,Refunded,PLT0003,2026-03-13 20:34:00,5,5
ORD100240,CUST00309,PROD00839,2,9330.35,20,18,17615.7,2026-03-24 14:57:00,Shipped,Paid,PLT0005,2026-03-27 14:57:00,2,2
ORD100241,CUST01990,PROD02250,3,1926.43,0,5,6068.25,2026-03-06 23:43:00,Cancelled,Refunded,PLT0009,2026-03-17 23:43:00,3,3
ORD100242,CUST03899,PROD04990,2,12337.97,15,5,22023.28,2026-02-20 07:03:00,Packed,Paid,PLT0005,2026-03-04 07:03:00,2,1
ORD100243,CUST03367,PROD04486,4,11901.12,0,18,56173.29,2026-03-29 05:37:00,Shipped,Paid,PLT0005,2026-04-09 05:37:00,4,4
ORD100244,CUST01301,PROD03688,5,6257.43,20,28,32038.04,2026-02-27 18:44:00,Returned,Paid,PLT0007,2026-03-11 18:44:00,5,4
ORD100245,CUST01436,PROD00621,1,3032.88,15,5,2706.85,2026-08-26 15:46:00,Returned,Paid,PLT0001,2026-09-08 15:46:00,1,1
ORD100246,CUST03395,PROD02358,1,1155.46,5,12,1229.41,2026-04-15 15:10:00,Shipped,Paid,PLT0005,2026-04-26 15:10:00,1,1
ORD100247,CUST02742,PROD01488,5,11156.93,0,28,71404.35,2026-02-24 01:15:00,Delivered,Failed,PLT0004,2026-03-07 01:15:00,5,5
ORD100248,CUST04924,PROD00179,3,14993.01,5,5,44866.58,2026-04-01 12:33:00,In Transit,Paid,PLT0001,2026-04-05 12:33:00,3,3
ORD100249,CUST02194,PROD01822,2,2029.04,0,18,4788.53,2026-07-09 10:02:00,Packed,Paid,PLT0000,2026-07-22 10:02:00,2,2
ORD100250,CUST01001,PROD02607,3,843.95,10,28,2916.69,2026-06-16 17:22:00,Placed,Paid,PLT0029,2026-06-28 17:22:00,3,3
ORD100251,CUST02674,PROD03740,1,9287.47,0,5,9751.84,2026-05-25 21:08:00,Delivered,Paid,PLT0004,2026-06-05 21:08:00,1,1
ORD100252,CUST01054,PROD04086,5,1052.1,0,18,6207.39,2026-05-20 22:07:00,Returned,Refunded,PLT0008,2026-06-03 22:07:00,5,5
ORD100253,CUST02951,PROD03682,5,2094.23,10,28,12062.76,2026-09-02 19:14:00,Cancelled,Paid,PLT0025,2026-09-05 19:14:00,5,3
ORD100254,CUST04376,PROD01806,3,12415.99,15,12,35460.07,2026-02-02 22:36:00,Shipped,Paid,PLT0008,2026-02-14 22:36:00,3,3
ORD100255,CUST01724,PROD00985,3,11677.2,10,28,40356.4,2026-08-03 16:38:00,Delivered,Failed,PLT0004,2026-08-15 16:38:00,3,2
ORD100256,CUST04313,PROD01449,2,15118.37,20,12,27092.12,2026-01-29 08:38:00,Delivered,Paid,PLT0027,2026-02-08 08:38:00,2,2
ORD100257,CUST02867,PROD02077,4,3895.86,10,28,17952.12,2026-04-16 05:21:00,Placed,Paid,PLT0026,2026-04-21 05:21:00,4,4
ORD100258,CUST00686,PROD00416,4,7229.28,0,18,34122.2,2026-03-27 08:21:00,Cancelled,Paid,PLT0000,2026-04-04 08:21:00,4,4
ORD100259,CUST03536,PROD02375,2,10799.17,20,12,19352.11,2026-07-18 04:31:00,Cancelled,Refunded,PLT0007,2026-07-24 04:31:00,2,1
ORD100260,CUST01920,PROD04830,4,8102.19,10,12,32668.03,2026-07-07 11:31:00,Delivered,Paid,PLT0003,2026-07-19 11:31:00,4,2
ORD100261,CUST02580,PROD02011,1,633.46,0,28,810.83,2026-06-26 10:43:00,Returned,Refunded,PLT0009,2026-07-01 10:43:00,1,1
ORD100262,CUST04040,PROD04239,4,11262.51,5,5,44937.41,2026-06-21 02:33:00,Returned,Failed,PLT0005,2026-06-25 02:33:00,4,4
ORD100263,CUST04236,PROD03140,2,1187.49,0,12,2659.98,2026-05-22 11:35:00,Packed,Paid,PLT0004,2026-06-05 11:35:00,2,2
ORD100264,CUST00601,PROD01747,4,404.16,0,28,2069.3,2026-01-29 09:09:00,Delivered,Paid,PLT0025,2026-02-03 09:09:00,4,4
ORD100265,CUST00972,PROD03073,5,5074.23,15,18,25447.26,2026-07-22 05:15:00,Returned,Paid,PLT0029,2026-08-02 05:15:00,5,5
ORD100266,CUST03370,PROD01201,3,12155.38,5,28,44342.83,2026-09-02 16:41:00,Shipped,Paid,PLT0008,2026-09-12 16:41:00,3,2
ORD100267,CUST02318,PROD01877,1,9485.53,0,28,12141.48,2026-03-30 07:54:00,Placed,Paid,PLT0028,2026-04-07 07:54:00,1,1
ORD100268,CUST02278,PROD00557,5,2229.84,10,12,11238.39,2026-06-17 05:12:00,Delivered,Paid,PLT0029,2026-06-26 05:12:00,5,5
ORD100269,CUST03554,PROD04018,5,14340.47,0,5,75287.47,2026-03-09 00:43:00,In Transit,Paid,PLT0026,2026-03-15 00:43:00,5,5
ORD100270,CUST03364,PROD02769,2,8058.6,0,18,19018.3,2026-02-05 23:47:00,Shipped,Paid,PLT0025,2026-02-19 23:47:00,2,2
ORD100271,CUST04100,PROD02878,3,3353.41,0,12,11267.46,2026-08-14 14:11:00,Returned,Paid,PLT0002,2026-08-20 14:11:00,3,3
ORD100272,CUST02251,PROD01672,3,14058.79,15,12,40151.9,2026-08-20 18:53:00,Packed,Failed,PLT0025,2026-09-03 18:53:00,3,3
ORD100273,CUST03923,PROD01787,1,10222.05,0,12,11448.7,2026-06-09 01:44:00,Shipped,Failed,PLT0009,2026-06-12 01:44:00,1,1
ORD100274,CUST00872,PROD03826,2,1445.54,0,18,3411.47,2026-03-19 12:48:00,Cancelled,Paid,PLT0000,2026-03-27 12:48:00,2,2
ORD100275,CUST01558,PROD01640,1,14838.32,15,5,13243.2,2026-03-30 19:05:00,Cancelled,Refunded,PLT0007,2026-04-05 19:05:00,1,1
ORD100276,CUST01398,PROD02438,4,5511.15,20,18,20810.1,2026-04-05 14:14:00,In Transit,Failed,PLT0025,2026-04-14 14:14:00,4,4
ORD100277,CUST00481,PROD03958,5,6771.08,5,18,37951.9,2026-07-14 01:20:00,Packed,Failed,PLT0007,2026-07-22 01:20:00,5,5
ORD100278,CUST00824,PROD03834,1,6214.32,20,5,5220.03,2026-08-22 20:41:00,Cancelled,Failed,PLT0007,2026-08-27 20:41:00,1,1
ORD100279,CUST00483,PROD03537,5,4176.76,0,18,24642.88,2026-06-15 21:00:00,Cancelled,Paid,PLT0001,2026-06-27 21:00:00,5,5
ORD100280,CUST01457,PROD01784,2,10230.5,15,28,22261.57,2026-09-21 14:24:00,Delivered,Paid,PLT0026,2026-09-26 14:24:00,2,1
ORD100281,CUST04948,PROD00512,4,6749.06,15,18,27077.23,2026-05-17 17:40:00,Shipped,Pending,PLT0029,2026-05-20 17:40:00,4,4
ORD100282,CUST00828,PROD03559,2,1407.13,0,12,3151.97,2026-04-20 22:07:00,Cancelled,Pending,PLT0002,2026-05-04 22:07:00,2,2
ORD100283,CUST02773,PROD02624,4,14567.1,0,18,68756.71,2026-09-12 13:07:00,Returned,Paid,PLT0027,2026-09-21 13:07:00,4,4
ORD100284,CUST04272,PROD04394,4,823.8,0,12,3690.62,2026-05-20 20:12:00,Delivered,Failed,PLT0009,2026-05-28 20:12:00,4,4
ORD100285,CUST02793,PROD02917,5,11895.15,0,18,70181.38,2026-04-20 06:48:00,In Transit,Refunded,PLT0005,2026-04-30 06:48:00,5,5
ORD100286,CUST00990,PROD04173,2,7160.25,10,12,14435.06,2026-06-09 12:56:00,Cancelled,Paid,PLT0026,2026-06-16 12:56:00,2,2
ORD100287,CUST00807,PROD01171,2,9908.14,0,12,22194.23,2026-03-14 14:35:00,Returned,Paid,PLT0008,2026-03-21 14:35:00,2,2
ORD100288,CUST04514,PROD03720,1,4249.67,0,12,4759.63,2026-04-30 22:40:00,Returned,Pending,PLT0001,2026-05-07 22:40:00,1,1
ORD100289,CUST03012,PROD03532,2,12791.86,10,5,24176.62,2026-04-26 02:55:00,Cancelled,Paid,PLT0026,2026-05-06 02:55:00,2,2
ORD100290,CUST04307,PROD02918,1,13588.96,0,18,16034.97,2026-05-11 16:30:00,Shipped,Refunded,PLT0027,2026-05-24 16:30:00,1,1
ORD100291,CUST00666,PROD02458,3,10056.13,10,18,32038.83,2026-06-12 12:47:00,Delivered,Paid,PLT0025,2026-06-21 12:47:00,3,3
ORD100292,CUST00990,PROD03182,3,4697.08,15,28,15331.27,2026-04-20 09:24:00,Shipped,Paid,PLT0028,2026-04-23 09:24:00,3,3
ORD100293,CUST00436,PROD04807,3,1336.92,10,28,4620.4,2026-03-17 22:58:00,Cancelled,Paid,PLT0006,2026-03-25 22:58:00,3,3
ORD100294,CUST00769,PROD00556,2,6514.38,5,28,15842.97,2026-07-05 09:26:00,Delivered,Failed,PLT0026,2026-07-11 09:26:00,2,2
ORD100295,CUST02337,PROD02829,2,6915.36,15,18,13872.21,2026-08-01 15:55:00,Returned,Refunded,PLT0007,2026-08-13 15:55:00,2,2
ORD100296,CUST03146,PROD04541,1,2831.09,0,5,2972.64,2026-09-21 06:57:00,Packed,Paid,PLT0001,2026-10-03 06:57:00,1,1
ORD100297,CUST00374,PROD04670,4,11181.68,15,12,42579.84,2026-05-21 12:58:00,Delivered,Paid,PLT0003,2026-06-01 12:58:00,4,4
ORD100298,CUST01079,PROD04009,1,10906.19,0,18,12869.3,2026-02-07 05:39:00,Placed,Refunded,PLT0028,2026-02-12 05:39:00,1,1
ORD100299,CUST01568,PROD01795,3,761.6,0,5,2399.04,2026-09-10 02:01:00,Delivered,Paid,PLT0007,2026-09-13 02:01:00,3,3
ORD100300,CUST03037,PROD00234,1,7930.03,10,5,7493.88,2026-08-02 13:43:00,Delivered,Paid,PLT0003,2026-08-12 13:43:00,1,1
ORD100301,CUST02048,PROD02006,4,12173.43,15,18,48839.8,2026-02-06 12:53:00,Placed,Refunded,PLT0026,2026-02-12 12:53:00,4,4
ORD100302,CUST02768,PROD04028,2,2584.44,0,12,5789.15,2026-08-03 10:43:00,Delivered,Failed,PLT0008,2026-08-13 10:43:00,2,2
ORD100303,CUST04851,PROD04180,1,4960.33,0,5,5208.35,2026-09-16 19:14:00,Returned,Pending,PLT0000,2026-09-24 19:14:00,1,1
ORD100304,CUST03254,PROD02628,3,11022.61,20,18,31216.03,2026-03-31 04:04:00,Placed,Paid,PLT0006,2026-04-10 04:04:00,3,3
ORD100305,CUST04173,PROD04322,3,14980.4,0,12,50334.14,2026-07-11 18:14:00,Delivered,Pending,PLT0028,2026-07-17 18:14:00,3,3
ORD100306,CUST01336,PROD00843,2,2929.77,20,28,6000.17,2026-08-18 01:08:00,In Transit,Failed,PLT0028,2026-08-22 01:08:00,2,2
ORD100307,CUST04180,PROD02199,1,8790.71,5,5,8768.73,2026-09-14 02:17:00,Packed,Failed,PLT0008,2026-09-23 02:17:00,1,1
ORD100308,CUST04852,PROD02556,4,15285.33,20,5,51358.71,2026-05-05 13:23:00,Delivered,Paid,PLT0009,2026-05-16 13:23:00,4,4
ORD100309,CUST00121,PROD01040,2,5112.12,0,18,12064.6,2026-07-05 23:48:00,Delivered,Paid,PLT0004,2026-07-19 23:48:00,2,2
ORD100310,CUST00798,PROD04643,1,13749.25,10,18,14601.7,2026-03-07 20:51:00,Cancelled,Pending,PLT0029,2026-03-15 20:51:00,1,1
ORD100311,CUST02218,PROD04293,5,9096.02,5,12,48390.83,2026-03-07 01:07:00,Placed,Refunded,PLT0028,2026-03-16 01:07:00,5,5
ORD100312,CUST00395,PROD01634,3,12746.65,15,28,41605.07,2026-09-01 12:39:00,Delivered,Paid,PLT0025,2026-09-10 12:39:00,3,3
ORD100313,CUST04407,PROD03345,4,7634.35,0,28,39087.87,2026-02-04 05:38:00,Delivered,Paid,PLT0001,2026-02-14 05:38:00,4,4
ORD100314,CUST00932,PROD04360,4,3037.93,0,18,14339.03,2026-05-01 04:06:00,Returned,Pending,PLT0000,2026-05-14 04:06:00,4,4
ORD100315,CUST01152,PROD03830,4,3616.7,5,18,16217.28,2026-02-04 00:37:00,Returned,Refunded,PLT0029,2026-02-12 00:37:00,4,4
ORD100316,CUST01986,PROD03358,3,6185.5,5,12,19744.12,2026-05-02 18:02:00,Cancelled,Paid,PLT0004,2026-05-06 18:02:00,3,3
ORD100317,CUST02758,PROD00938,1,14636.35,0,18,17270.89,2026-07-19 21:22:00,Delivered,Pending,PLT0000,2026-07-23 21:22:00,1,1
ORD100318,CUST03513,PROD00173,2,8241.28,15,12,15691.4,2026-04-01 09:53:00,In Transit,Paid,PLT0004,2026-04-12 09:53:00,2,2
ORD100319,CUST01867,PROD03769,1,2713.05,15,12,2582.82,2026-06-07 11:39:00,Delivered,Failed,PLT0009,2026-06-21 11:39:00,1,1
ORD100320,CUST00669,PROD02567,2,3793.91,10,28,8741.17,2026-07-05 17:36:00,Placed,Refunded,PLT0002,2026-07-08 17:36:00,2,1
ORD100321,CUST03270,PROD00194,4,10165.31,20,12,36432.47,2026-03-02 22:53:00,Cancelled,Refunded,PLT0026,2026-03-06 22:53:00,4,4
ORD100322,CUST04057,PROD02596,1,12427.0,15,28,13520.58,2026-05-09 21:54:00,In Transit,Paid,PLT0005,2026-05-14 21:54:00,1,1
ORD100323,CUST03134,PROD03243,4,8699.39,10,28,40086.79,2026-04-13 08:11:00,Shipped,Paid,PLT0008,2026-04-19 08:11:00,4,4
ORD100324,CUST03238,PROD00644,5,5306.21,20,28,27167.8,2026-09-25 17:52:00,Returned,Paid,PLT0006,2026-10-09 17:52:00,5,5
ORD100325,CUST00402,PROD00813,4,2081.14,5,18,9331.83,2026-05-08 22:18:00,Delivered,Paid,PLT0006,2026-05-11 22:18:00,4,2
ORD100326,CUST01171,PROD02844,4,15218.76,0,28,77920.05,2026-07-24 19:16:00,Delivered,Failed,PLT0027,2026-08-05 19:16:00,4,4
ORD100327,CUST03711,PROD02893,2,12359.85,15,12,23533.15,2026-06-27 17:26:00,Delivered,Failed,PLT0004,2026-06-30 17:26:00,2,2
ORD100328,CUST00779,PROD02981,5,7057.82,10,18,37477.02,2026-08-05 11:56:00,Returned,Paid,PLT0006,2026-08-14 11:56:00,5,5
ORD100329,CUST03253,PROD00794,4,9821.12,5,12,41798.69,2026-02-13 14:43:00,Returned,Refunded,PLT0001,2026-02-25 14:43:00,4,4
ORD100330,CUST04596,PROD00356,4,10313.47,15,18,41377.64,2026-02-26 01:15:00,In Transit,Failed,PLT0006,2026-03-10 01:15:00,4,4
ORD100331,CUST04777,PROD04045,5,6636.93,0,12,37166.81,2026-04-19 20:30:00,Shipped,Refunded,PLT0006,2026-04-25 20:30:00,5,5
ORD100332,CUST01476,PROD02450,5,5543.92,5,5,27650.3,2026-04-30 19:08:00,Shipped,Failed,PLT0026,2026-05-12 19:08:00,5,5
ORD100333,CUST03795,PROD04876,1,10319.44,15,5,9210.1,2026-09-07 03:34:00,Returned,Failed,PLT0001,2026-09-13 03:34:00,1,1
ORD100334,CUST04331,PROD04465,2,10838.75,5,5,21623.31,2026-07-01 21:41:00,Packed,Pending,PLT0005,2026-07-09 21:41:00,2,2
ORD100335,CUST04545,PROD01005,5,12923.32,0,12,72370.59,2026-02-24 06:53:00,Cancelled,Pending,PLT0008,2026-03-07 06:53:00,5,5
ORD100336,CUST04555,PROD04608,5,3005.73,0,18,17733.81,2026-02-14 21:54:00,Packed,Paid,PLT0003,2026-02-25 21:54:00,5,5
ORD100337,CUST02250,PROD04270,3,15053.01,0,28,57803.56,2026-02-16 14:03:00,Placed,Failed,PLT0000,2026-02-24 14:03:00,3,3
ORD100338,CUST03839,PROD03289,5,14437.21,20,28,73918.52,2026-06-13 06:29:00,Returned,Paid,PLT0000,2026-06-18 06:29:00,5,5
ORD100339,CUST04200,PROD04963,2,4740.39,0,12,10618.47,2026-08-11 11:53:00,Shipped,Pending,PLT0003,2026-08-24 11:53:00,2,2
ORD100340,CUST03768,PROD03123,4,1093.17,0,12,4897.4,2026-08-26 08:45:00,Shipped,Paid,PLT0026,2026-09-08 08:45:00,4,3
ORD100341,CUST00735,PROD00856,4,3130.93,0,12,14026.57,2026-05-26 23:49:00,Returned,Paid,PLT0003,2026-06-06 23:49:00,4,4
ORD100342,CUST04467,PROD00708,4,12976.0,0,12,58132.48,2026-08-25 12:47:00,Packed,Pending,PLT0006,2026-08-31 12:47:00,4,4
ORD100343,CUST00629,PROD03050,4,4300.99,20,28,17616.86,2026-05-09 15:38:00,Delivered,Pending,PLT0027,2026-05-15 15:38:00,4,3
ORD100344,CUST01629,PROD04545,3,6463.97,5,18,21738.33,2026-09-15 17:37:00,Placed,Failed,PLT0004,2026-09-26 17:37:00,3,1
ORD100345,CUST04357,PROD04324,5,7751.32,15,28,42167.18,2026-07-04 03:23:00,In Transit,Paid,PLT0008,2026-07-14 03:23:00,5,5
ORD100346,CUST01881,PROD04983,4,10645.64,15,12,40538.6,2026-04-25 11:01:00,In Transit,Paid,PLT0002,2026-04-30 11:01:00,4,3
ORD100347,CUST02517,PROD00226,1,3978.44,0,5,4177.36,2026-05-30 16:55:00,Delivered,Refunded,PLT0002,2026-06-06 16:55:00,1,1
ORD100348,CUST04085,PROD00526,4,7551.22,15,28,32862.91,2026-08-06 02:54:00,Cancelled,Pending,PLT0004,2026-08-20 02:54:00,4,4
ORD100349,CUST03635,PROD03998,5,6372.7,0,5,33456.68,2026-08-18 20:48:00,Cancelled,Paid,PLT0008,2026-08-27 20:48:00,5,5
ORD100350,CUST00375,PROD00590,4,2514.25,0,5,10559.85,2026-03-04 21:14:00,Delivered,Refunded,PLT0026,2026-03-17 21:14:00,4,4
ORD100351,CUST02852,PROD04119,3,2377.18,10,12,7188.59,2026-02-08 18:41:00,In Transit,Failed,PLT0001,2026-02-16 18:41:00,3,2
ORD100352,CUST00727,PROD03592,2,2889.32,10,28,6656.99,2026-08-06 15:15:00,In Transit,Pending,PLT0004,2026-08-16 15:15:00,2,2
ORD100353,CUST00104,PROD01033,2,3756.14,10,18,7978.04,2026-04-08 11:36:00,Delivered,Paid,PLT0026,2026-04-19 11:36:00,2,2
ORD100354,CUST02094,PROD04856,5,3152.06,0,28,20173.18,2026-03-31 11:52:00,Cancelled,Refunded,PLT0008,2026-04-13 11:52:00,5,3
ORD100355,CUST03886,PROD03738,2,12042.72,10,18,25578.74,2026-02-25 04:53:00,Returned,Paid,PLT0029,2026-03-02 04:53:00,2,2
ORD100356,CUST01906,PROD00065,2,4565.86,0,18,10775.43,2026-08-05 01:09:00,In Transit,Paid,PLT0027,2026-08-18 01:09:00,2,2
ORD100357,CUST00014,PROD00649,1,12646.82,20,12,11331.55,2026-06-21 18:55:00,Delivered,Paid,PLT0009,2026-07-02 18:55:00,1,1
ORD100358,CUST04545,PROD01525,5,7824.36,20,18,36930.98,2026-07-02 16:23:00,Returned,Failed,PLT0005,2026-07-12 16:23:00,5,4
ORD100359,CUST00251,PROD03397,5,13223.11,5,28,80396.51,2026-07-17 16:00:00,Returned,Paid,PLT0001,2026-07-25 16:00:00,5,2
ORD100360,CUST01514,PROD04154,2,5768.88,10,28,13291.5,2026-03-14 12:00:00,Delivered,Paid,PLT0029,2026-03-20 12:00:00,2,2
ORD100361,CUST04237,PROD01752,2,3520.71,20,5,5914.79,2026-09-06 14:34:00,Delivered,Pending,PLT0003,2026-09-20 14:34:00,2,2
ORD100362,CUST01349,PROD00958,2,845.76,10,18,1796.39,2026-03-23 20:16:00,Delivered,Paid,PLT0005,2026-03-28 20:16:00,2,2
ORD100363,CUST00774,PROD02918,3,13588.96,5,12,43375.96,2026-08-23 23:39:00,Placed,Paid,PLT0007,2026-08-31 23:39:00,3,1
ORD100364,CUST01766,PROD03326,4,12051.78,20,12,43193.58,2026-03-26 06:43:00,Returned,Paid,PLT0005,2026-04-05 06:43:00,4,4
ORD100365,CUST00932,PROD01382,3,6317.2,0,28,24258.05,2026-04-26 06:42:00,Delivered,Paid,PLT0003,2026-05-05 06:42:00,3,3
ORD100366,CUST00645,PROD02137,5,1361.56,0,18,8033.2,2026-07-22 09:37:00,Cancelled,Refunded,PLT0000,2026-07-30 09:37:00,5,4
ORD100367,CUST02442,PROD01525,1,7824.36,10,12,7886.95,2026-07-31 04:48:00,Returned,Refunded,PLT0000,2026-08-03 04:48:00,1,1
ORD100368,CUST04188,PROD00494,4,3090.13,20,18,11668.33,2026-06-09 22:59:00,Packed,Pending,PLT0027,2026-06-16 22:59:00,4,4
ORD100369,CUST01415,PROD03198,1,14032.48,20,18,13246.66,2026-05-26 14:27:00,In Transit,Pending,PLT0027,2026-06-06 14:27:00,1,1
ORD100370,CUST02549,PROD00398,5,6920.01,5,5,34513.55,2026-08-29 17:06:00,Returned,Failed,PLT0008,2026-09-12 17:06:00,5,5
ORD100371,CUST00757,PROD03067,5,339.26,0,12,1899.86,2026-04-03 17:37:00,Shipped,Refunded,PLT0006,2026-04-07 17:37:00,5,5
ORD100372,CUST02465,PROD00567,1,6335.68,15,5,5654.59,2026-07-27 17:16:00,In Transit,Paid,PLT0005,2026-08-10 17:16:00,1,1
ORD100373,CUST01918,PROD00791,1,2537.29,20,12,2273.41,2026-07-25 10:02:00,Packed,Paid,PLT0009,2026-08-04 10:02:00,1,1
ORD100374,CUST00172,PROD03308,1,1191.55,0,18,1406.03,2026-04-19 15:56:00,Packed,Paid,PLT0004,2026-04-26 15:56:00,1,1
ORD100375,CUST02245,PROD03945,5,1692.9,5,12,9006.23,2026-02-15 09:38:00,Delivered,Paid,PLT0005,2026-02-28 09:38:00,5,5
ORD100376,CUST02422,PROD03420,2,327.66,20,28,671.05,2026-08-28 07:59:00,Cancelled,Paid,PLT0008,2026-09-03 07:59:00,2,2
ORD100377,CUST02533,PROD04998,1,5311.7,20,18,5014.24,2026-04-06 23:32:00,Delivered,Paid,PLT0028,2026-04-14 23:32:00,1,1
ORD100378,CUST03128,PROD00087,4,11699.74,5,12,49794.09,2026-04-09 12:36:00,Delivered,Pending,PLT0003,2026-04-15 12:36:00,4,4
ORD100379,CUST04646,PROD02813,5,10697.95,5,5,53356.03,2026-06-23 06:51:00,Cancelled,Pending,PLT0003,2026-07-06 06:51:00,5,4
ORD100380,CUST03805,PROD02177,3,4539.49,10,5,12869.45,2026-07-01 13:44:00,Delivered,Paid,PLT0005,2026-07-10 13:44:00,3,3
ORD100381,CUST04363,PROD02022,3,9005.67,20,18,25504.06,2026-05-18 00:45:00,Returned,Refunded,PLT0026,2026-05-27 00:45:00,3,3
ORD100382,CUST04823,PROD02734,4,15327.86,15,5,54720.46,2026-05-19 10:25:00,In Transit,Failed,PLT0000,2026-05-26 10:25:00,4,4
ORD100383,CUST02431,PROD01247,2,2185.79,0,18,5158.46,2026-03-19 11:55:00,In Transit,Failed,PLT0009,2026-03-25 11:55:00,2,2
ORD100384,CUST01202,PROD03322,1,1155.77,0,18,1363.81,2026-08-20 17:03:00,Delivered,Refunded,PLT0007,2026-08-23 17:03:00,1,1
ORD100385,CUST02685,PROD04520,5,457.78,0,18,2700.9,2026-04-04 13:11:00,Delivered,Paid,PLT0028,2026-04-16 13:11:00,5,5
ORD100386,CUST04609,PROD01028,1,13527.34,15,12,12878.03,2026-05-15 08:21:00,Delivered,Failed,PLT0004,2026-05-27 08:21:00,1,1
ORD100387,CUST03381,PROD00551,5,8369.6,5,18,46911.61,2026-09-25 14:00:00,In Transit,Refunded,PLT0003,2026-10-06 14:00:00,5,4
ORD100388,CUST01811,PROD04954,3,10811.72,5,5,32354.07,2026-05-26 17:58:00,Returned,Pending,PLT0003,2026-05-30 17:58:00,3,1
ORD100389,CUST02461,PROD02437,1,6228.64,5,28,7574.03,2026-03-30 00:22:00,Returned,Paid,PLT0026,2026-04-10 00:22:00,1,1
ORD100390,CUST04749,PROD03666,4,7066.04,20,12,25324.69,2026-09-10 08:05:00,Shipped,Paid,PLT0025,2026-09-14 08:05:00,4,4
ORD100391,CUST00129,PROD00685,2,14876.08,5,5,29677.78,2026-08-24 05:44:00,Returned,Refunded,PLT0006,2026-09-07 05:44:00,2,2
ORD100392,CUST00175,PROD04768,4,1647.13,5,18,7385.73,2026-04-04 02:27:00,Shipped,Paid,PLT0026,2026-04-09 02:27:00,4,4
ORD100393,CUST00750,PROD00011,2,426.29,20,18,804.84,2026-07-07 11:10:00,Shipped,Refunded,PLT0005,2026-07-16 11:10:00,2,2
ORD100394,CUST04840,PROD01074,1,383.2,20,28,392.4,2026-07-24 11:33:00,Cancelled,Paid,PLT0028,2026-07-29 11:33:00,1,1
ORD100395,CUST03700,PROD02026,1,4235.51,15,5,3780.19,2026-06-14 09:48:00,Placed,Paid,PLT0008,2026-06-24 09:48:00,1,1
ORD100396,CUST03439,PROD01419,2,7288.96,10,12,14694.54,2026-08-31 17:12:00,Delivered,Paid,PLT0026,2026-09-10 17:12:00,2,2
ORD100397,CUST04309,PROD04069,3,10813.04,20,5,27248.86,2026-04-24 00:35:00,Cancelled,Paid,PLT0027,2026-05-02 00:35:00,3,3
ORD100398,CUST04990,PROD00864,5,7107.13,0,18,41932.07,2026-03-18 18:16:00,Cancelled,Failed,PLT0001,2026-03-30 18:16:00,5,5
ORD100399,CUST01853,PROD00264,4,8340.44,5,12,35496.91,2026-05-16 11:45:00,Cancelled,Refunded,PLT0005,2026-05-23 11:45:00,4,3
ORD100400,CUST02022,PROD03882,4,11729.63,10,18,49827.47,2026-08-04 06:24:00,Cancelled,Paid,PLT0007,2026-08-13 06:24:00,4,4
ORD100401,CUST02268,PROD02019,4,445.99,0,18,2105.07,2026-05-31 13:41:00,In Transit,Paid,PLT0004,2026-06-14 13:41:00,4,4
ORD100402,CUST02947,PROD01033,1,3756.14,15,5,3352.35,2026-05-23 23:53:00,Placed,Paid,PLT0025,2026-05-26 23:53:00,1,1
ORD100403,CUST00060,PROD02787,4,15372.97,10,28,70838.65,2026-04-07 21:49:00,Returned,Paid,PLT0004,2026-04-11 21:49:00,4,4
ORD100404,CUST00502,PROD03701,5,9821.27,20,18,46356.39,2026-09-04 14:48:00,Delivered,Pending,PLT0028,2026-09-13 14:48:00,5,4
ORD100405,CUST02117,PROD02994,5,6404.2,5,5,31940.95,2026-02-20 01:38:00,Shipped,Paid,PLT0004,2026-03-06 01:38:00,5,5
ORD100406,CUST00852,PROD01148,2,10568.38,5,12,22489.51,2026-04-23 00:48:00,Returned,Failed,PLT0004,2026-04-26 00:48:00,2,1
ORD100407,CUST02983,PROD00987,1,11044.6,5,28,13430.23,2026-02-08 04:46:00,Delivered,Refunded,PLT0025,2026-02-17 04:46:00,1,1
ORD100408,CUST00732,PROD01483,5,8756.38,10,18,46496.38,2026-05-03 15:50:00,Placed,Refunded,PLT0001,2026-05-12 15:50:00,5,5
ORD100409,CUST00710,PROD01967,3,3032.17,5,18,10197.19,2026-02-07 09:50:00,Cancelled,Paid,PLT0004,2026-02-16 09:50:00,3,3
ORD100410,CUST01623,PROD00293,1,13178.35,20,12,11807.8,2026-05-17 00:11:00,Cancelled,Pending,PLT0001,2026-05-28 00:11:00,1,1
ORD100411,CUST00359,PROD01662,1,8298.3,10,5,7841.89,2026-08-18 06:04:00,Placed,Paid,PLT0009,2026-08-21 06:04:00,1,1
ORD100412,CUST01757,PROD02452,5,15465.04,5,18,86681.55,2026-05-18 20:11:00,Shipped,Pending,PLT0001,2026-05-26 20:11:00,5,5
ORD100413,CUST00216,PROD04168,3,1608.95,0,12,5406.07,2026-06-28 10:37:00,In Transit,Refunded,PLT0005,2026-07-02 10:37:00,3,3
ORD100414,CUST03632,PROD04618,2,14019.27,0,18,33085.48,2026-03-19 04:12:00,Delivered,Failed,PLT0025,2026-03-30 04:12:00,2,2
ORD100415,CUST03187,PROD00504,5,13038.34,0,5,68451.28,2026-03-03 12:00:00,Returned,Failed,PLT0002,2026-03-13 12:00:00,5,4
ORD100416,CUST03197,PROD02660,3,10550.92,5,28,38489.76,2026-07-12 22:49:00,Packed,Paid,PLT0026,2026-07-22 22:49:00,3,3
ORD100417,CUST00578,PROD03357,1,11167.88,5,5,11139.96,2026-05-06 02:31:00,Placed,Paid,PLT0002,2026-05-16 02:31:00,1,1
ORD100418,CUST03906,PROD02059,3,10449.48,10,5,29624.28,2026-07-15 14:31:00,Delivered,Paid,PLT0004,2026-07-21 14:31:00,3,3
ORD100419,CUST00035,PROD01675,1,12660.48,10,5,11964.15,2026-05-30 23:36:00,Delivered,Paid,PLT0008,2026-06-09 23:36:00,1,1
ORD100420,CUST03172,PROD00669,5,3065.42,5,12,16308.03,2026-07-16 06:55:00,In Transit,Pending,PLT0009,2026-07-21 06:55:00,5,5
ORD100421,CUST00871,PROD03628,5,13942.64,0,18,82261.58,2026-08-04 16:39:00,Delivered,Refunded,PLT0003,2026-08-13 16:39:00,5,5
ORD100422,CUST03177,PROD01128,4,6593.41,5,28,32070.35,2026-05-21 07:01:00,In Transit,Pending,PLT0006,2026-05-26 07:01:00,4,4
ORD100423,CUST03293,PROD00645,4,2003.22,20,12,7179.54,2026-08-16 04:06:00,Shipped,Paid,PLT0025,2026-08-19 04:06:00,4,4
ORD100424,CUST04558,PROD00471,4,292.26,10,5,1104.74,2026-04-28 19:43:00,Placed,Paid,PLT0008,2026-05-10 19:43:00,4,4
ORD100425,CUST02193,PROD02293,5,3390.18,5,28,20612.29,2026-02-16 00:42:00,Packed,Refunded,PLT0029,2026-03-02 00:42:00,5,5
ORD100426,CUST03390,PROD03237,2,3589.91,10,5,6784.93,2026-01-31 19:46:00,Delivered,Failed,PLT0006,2026-02-09 19:46:00,2,2
ORD100427,CUST02547,PROD01717,5,1017.71,5,5,5075.83,2026-02-10 13:11:00,Delivered,Failed,PLT0028,2026-02-22 13:11:00,5,5
ORD100428,CUST04412,PROD00547,3,1904.57,15,5,5099.49,2026-09-14 11:26:00,Delivered,Failed,PLT0006,2026-09-24 11:26:00,3,3
ORD100429,CUST01110,PROD00583,5,7931.63,10,28,45686.19,2026-05-16 14:47:00,Packed,Refunded,PLT0025,2026-05-30 14:47:00,5,2
ORD100430,CUST00254,PROD04301,5,1380.78,0,18,8146.6,2026-03-16 05:45:00,Shipped,Refunded,PLT0008,2026-03-25 05:45:00,5,5
ORD100431,CUST04910,PROD03165,1,992.2,15,5,885.54,2026-04-27 16:18:00,Packed,Paid,PLT0005,2026-05-10 16:18:00,1,1
ORD100432,CUST04278,PROD03727,1,1081.75,20,18,1021.17,2026-02-25 04:36:00,Delivered,Paid,PLT0002,2026-03-11 04:36:00,1,1
ORD100433,CUST04004,PROD00133,1,2004.86,5,28,2437.91,2026-09-19 11:16:00,Packed,Refunded,PLT0001,2026-09-30 11:16:00,1,1
ORD100434,CUST01037,PROD00546,5,5793.79,20,28,29664.2,2026-08-19 10:48:00,Shipped,Paid,PLT0029,2026-08-27 10:48:00,5,5
ORD100435,CUST04350,PROD04640,2,13008.95,10,5,24586.92,2026-05-10 01:51:00,Shipped,Failed,PLT0009,2026-05-17 01:51:00,2,1
ORD100436,CUST02536,PROD04403,3,4007.97,15,18,12059.98,2026-07-29 04:53:00,Returned,Pending,PLT0007,2026-08-05 04:53:00,3,3
ORD100437,CUST04287,PROD04055,3,12493.32,20,18,35381.08,2026-04-25 19:23:00,Delivered,Paid,PLT0007,2026-05-09 19:23:00,3,3
ORD100438,CUST00581,PROD04379,2,2409.69,0,5,5060.35,2026-07-12 08:01:00,Cancelled,Pending,PLT0027,2026-07-25 08:01:00,2,2
ORD100439,CUST04194,PROD01715,2,1023.8,10,12,2063.98,2026-03-31 00:28:00,In Transit,Paid,PLT0000,2026-04-12 00:28:00,2,1
ORD100440,CUST00866,PROD02866,3,9322.41,15,12,26624.8,2026-04-03 02:30:00,Packed,Pending,PLT0000,2026-04-13 02:30:00,3,3
ORD100441,CUST04380,PROD00164,4,8617.82,20,28,35298.59,2026-07-16 12:10:00,Delivered,Paid,PLT0027,2026-07-22 12:10:00,4,3
ORD100442,CUST03189,PROD02618,1,4398.25,15,28,4785.3,2026-07-22 12:34:00,Packed,Refunded,PLT0007,2026-07-27 12:34:00,1,1
ORD100443,CUST04703,PROD02466,1,3299.86,15,12,3141.47,2026-03-26 02:15:00,Delivered,Failed,PLT0026,2026-04-03 02:15:00,1,1
ORD100444,CUST03222,PROD02419,3,591.2,20,12,1589.15,2026-03-03 23:05:00,Shipped,Paid,PLT0008,2026-03-12 23:05:00,3,3
ORD100445,CUST04951,PROD02963,2,5435.21,0,12,12174.87,2026-08-07 02:53:00,Delivered,Paid,PLT0029,2026-08-15 02:53:00,2,1
ORD100446,CUST01145,PROD01553,4,13124.1,5,5,52365.16,2026-04-12 03:07:00,Delivered,Pending,PLT0029,2026-04-18 03:07:00,4,4
ORD100447,CUST01855,PROD00895,3,10721.55,10,5,30395.59,2026-02-01 06:34:00,Packed,Failed,PLT0008,2026-02-05 06:34:00,3,3
ORD100448,CUST02301,PROD04483,1,8899.2,10,5,8409.74,2026-05-19 11:37:00,Packed,Paid,PLT0009,2026-05-25 11:37:00,1,1
ORD100449,CUST02085,PROD00874,5,6597.87,10,5,31174.94,2026-04-29 18:30:00,Returned,Paid,PLT0028,2026-05-02 18:30:00,5,3
ORD100450,CUST02098,PROD01822,2,2029.04,15,5,3621.84,2026-04-26 04:04:00,Delivered,Failed,PLT0009,2026-05-05 04:04:00,2,2
ORD100451,CUST00457,PROD00780,5,10293.25,20,5,43231.65,2026-07-08 07:53:00,Returned,Pending,PLT0000,2026-07-20 07:53:00,5,5
ORD100452,CUST02676,PROD01218,3,10918.94,5,28,39832.29,2026-02-28 03:49:00,Placed,Refunded,PLT0027,2026-03-09 03:49:00,3,3
ORD100453,CUST03031,PROD02942,1,9663.71,0,18,11403.18,2026-04-23 03:34:00,Shipped,Pending,PLT0028,2026-04-29 03:34:00,1,1
ORD100454,CUST03604,PROD02395,4,14251.54,10,28,65671.1,2026-07-12 13:02:00,Placed,Paid,PLT0001,2026-07-22 13:02:00,4,4
ORD100455,CUST01165,PROD03632,5,2516.57,20,18,11878.21,2026-07-15 07:07:00,Shipped,Refunded,PLT0028,2026-07-26 07:07:00,5,3
ORD100456,CUST02533,PROD00030,4,837.56,5,28,4073.89,2026-02-09 19:31:00,In Transit,Failed,PLT0029,2026-02-19 19:31:00,4,4
ORD100457,CUST04084,PROD04730,1,2767.25,5,28,3364.98,2026-05-22 20:24:00,Packed,Pending,PLT0005,2026-06-04 20:24:00,1,1
ORD100458,CUST03779,PROD04753,5,10840.83,0,5,56914.36,2026-03-22 00:38:00,Delivered,Refunded,PLT0009,2026-03-27 00:38:00,5,5
ORD100459,CUST01402,PROD04093,4,7707.6,20,5,25897.54,2026-04-24 21:20:00,Shipped,Pending,PLT0008,2026-05-01 21:20:00,4,4
ORD100460,CUST00680,PROD01582,4,6314.41,10,18,26823.61,2026-08-25 04:13:00,Packed,Failed,PLT0007,2026-08-30 04:13:00,4,4
ORD100461,CUST01823,PROD02097,5,9282.73,15,18,46552.89,2026-04-28 15:53:00,Returned,Paid,PLT0029,2026-05-09 15:53:00,5,5
ORD100462,CUST04676,PROD00847,1,1456.06,5,5,1452.42,2026-02-25 00:46:00,Placed,Paid,PLT0028,2026-03-04 00:46:00,1,1
ORD100463,CUST03359,PROD01934,4,9694.45,5,28,47153.8,2026-06-15 14:41:00,Delivered,Failed,PLT0009,2026-06-25 14:41:00,4,4
ORD100464,CUST01606,PROD02932,3,10609.13,0,18,37556.32,2026-04-05 09:30:00,Packed,Failed,PLT0004,2026-04-18 09:30:00,3,3
ORD100465,CUST03308,PROD00176,5,2871.43,0,12,16080.01,2026-08-15 05:54:00,Shipped,Paid,PLT0008,2026-08-27 05:54:00,5,5
ORD100466,CUST01252,PROD02802,2,14534.59,5,12,30929.61,2026-08-26 06:28:00,Delivered,Paid,PLT0029,2026-09-05 06:28:00,2,2
ORD100467,CUST00210,PROD02280,2,1226.82,5,12,2610.67,2026-07-15 14:58:00,Shipped,Paid,PLT0002,2026-07-19 14:58:00,2,2
ORD100468,CUST04776,PROD00052,1,12423.61,15,18,12460.88,2026-03-22 20:09:00,Placed,Refunded,PLT0006,2026-04-01 20:09:00,1,1
ORD100469,CUST00610,PROD03683,3,12386.07,15,5,33163.7,2026-07-22 09:11:00,Packed,Paid,PLT0002,2026-07-27 09:11:00,3,3
ORD100470,CUST03344,PROD03374,4,10624.31,0,5,44622.1,2026-03-31 23:25:00,Returned,Failed,PLT0029,2026-04-10 23:25:00,4,4
ORD100471,CUST00063,PROD02083,2,7475.51,20,5,12558.86,2026-08-11 17:55:00,Delivered,Pending,PLT0008,2026-08-19 17:55:00,2,1
ORD100472,CUST02233,PROD03956,1,13906.71,0,18,16409.92,2026-04-03 05:10:00,In Transit,Refunded,PLT0009,2026-04-16 05:10:00,1,1
ORD100473,CUST04786,PROD00898,3,14350.74,0,18,50801.62,2026-06-21 20:30:00,Delivered,Paid,PLT0005,2026-06-27 20:30:00,3,3
ORD100474,CUST02413,PROD04560,3,15950.5,15,12,45554.63,2026-04-12 19:38:00,Cancelled,Paid,PLT0007,2026-04-17 19:38:00,3,3
ORD100475,CUST00898,PROD03151,1,10119.93,20,18,9553.21,2026-05-17 06:52:00,In Transit,Paid,PLT0029,2026-05-30 06:52:00,1,1
ORD100476,CUST03909,PROD01065,1,6798.58,15,12,6472.25,2026-04-04 02:27:00,Placed,Failed,PLT0009,2026-04-13 02:27:00,1,1
ORD100477,CUST01291,PROD04812,4,13676.69,0,12,61271.57,2026-07-21 01:44:00,Returned,Failed,PLT0004,2026-07-25 01:44:00,4,4
ORD100478,CUST01587,PROD02212,1,12897.02,10,5,12187.68,2026-02-03 00:50:00,Placed,Failed,PLT0001,2026-02-12 00:50:00,1,1
ORD100479,CUST00560,PROD01572,4,2770.43,10,18,11768.79,2026-06-04 20:20:00,Delivered,Paid,PLT0007,2026-06-12 20:20:00,4,3
ORD100480,CUST00235,PROD03351,4,3516.11,0,5,14767.66,2026-03-03 07:06:00,Delivered,Pending,PLT0028,2026-03-10 07:06:00,4,4
ORD100481,CUST00513,PROD04492,5,11148.75,10,5,52677.84,2026-09-18 15:37:00,Cancelled,Paid,PLT0001,2026-09-28 15:37:00,5,5
ORD100482,CUST03596,PROD00907,3,13096.35,20,18,37088.86,2026-07-04 04:01:00,Shipped,Refunded,PLT0005,2026-07-16 04:01:00,3,3
ORD100483,CUST00458,PROD01553,3,13124.1,15,18,39490.42,2026-09-02 18:01:00,Cancelled,Refunded,PLT0025,2026-09-08 18:01:00,3,2
ORD100484,CUST03198,PROD00723,3,1156.29,10,28,3996.14,2026-05-10 04:24:00,In Transit,Paid,PLT0027,2026-05-19 04:24:00,3,2
ORD100485,CUST03470,PROD02422,5,470.3,20,12,2106.94,2026-06-22 20:50:00,Returned,Paid,PLT0007,2026-07-04 20:50:00,5,3
ORD100486,CUST04318,PROD02729,4,4020.0,15,28,17495.04,2026-08-29 03:08:00,Placed,Refunded,PLT0001,2026-09-10 03:08:00,4,2
ORD100487,CUST03080,PROD01917,4,14189.51,20,12,50855.2,2026-04-06 08:03:00,Packed,Refunded,PLT0007,2026-04-13 08:03:00,4,4
ORD100488,CUST01989,PROD02306,1,6411.54,0,12,7180.92,2026-07-09 03:02:00,Delivered,Paid,PLT0001,2026-07-16 03:02:00,1,1
ORD100489,CUST03588,PROD04529,5,9195.76,0,12,51496.26,2026-07-09 09:01:00,Delivered,Paid,PLT0008,2026-07-14 09:01:00,5,5
ORD100490,CUST01100,PROD00069,1,1284.36,0,5,1348.58,2026-06-22 10:12:00,Returned,Failed,PLT0026,2026-06-25 10:12:00,1,1
ORD100491,CUST00819,PROD03839,5,14945.62,10,5,70618.05,2026-03-24 00:46:00,Delivered,Paid,PLT0025,2026-04-01 00:46:00,5,4
ORD100492,CUST04470,PROD01096,1,2905.8,15,18,2914.52,2026-06-17 13:53:00,Delivered,Failed,PLT0028,2026-06-29 13:53:00,1,1
ORD100493,CUST02974,PROD00185,2,4200.27,20,12,7526.88,2026-02-19 07:47:00,Delivered,Paid,PLT0000,2026-03-05 07:47:00,2,1
ORD100494,CUST04545,PROD03610,3,15520.83,10,12,46934.99,2026-03-09 08:59:00,In Transit,Pending,PLT0005,2026-03-17 08:59:00,3,3
ORD100495,CUST04719,PROD04358,3,10046.85,10,12,30381.67,2026-07-10 09:58:00,Shipped,Failed,PLT0025,2026-07-24 09:58:00,3,3
ORD100496,CUST01766,PROD02050,4,1398.43,0,5,5873.41,2026-03-28 18:48:00,Delivered,Failed,PLT0003,2026-04-01 18:48:00,4,3
ORD100497,CUST02833,PROD02841,2,6339.09,10,18,13464.23,2026-02-16 09:12:00,Delivered,Paid,PLT0006,2026-03-01 09:12:00,2,2
ORD100498,CUST04208,PROD04244,3,7320.52,0,5,23059.64,2026-08-25 03:16:00,Delivered,Paid,PLT0008,2026-09-08 03:16:00,3,3
ORD100499,CUST02050,PROD02270,4,8245.58,15,28,35884.76,2026-08-15 12:59:00,Placed,Failed,PLT0009,2026-08-27 12:59:00,4,2
ORD100500,CUST00418,PROD02698,2,5057.64,15,28,11005.42,2026-06-21 07:49:00,Delivered,Paid,PLT0001,2026-06-25 07:49:00,2,1
ORD100501,CUST02497,PROD04389,3,1657.32,20,28,5091.29,2026-08-28 00:52:00,In Transit,Paid,PLT0007,2026-09-06 00:52:00,3,3
ORD100502,CUST03944,PROD02469,1,7660.18,0,18,9039.01,2026-09-24 16:06:00,Delivered,Paid,PLT0005,2026-10-08 16:06:00,1,1
ORD100503,CUST00323,PROD00444,5,5992.21,0,28,38350.14,2026-06-23 07:53:00,Placed,Paid,PLT0006,2026-07-06 07:53:00,5,5
ORD100504,CUST03000,PROD01449,2,15118.37,15,18,30327.45,2026-03-10 16:11:00,Delivered,Failed,PLT0001,2026-03-18 16:11:00,2,2
ORD100505,CUST03741,PROD01083,4,6738.53,20,5,22641.46,2026-01-31 04:20:00,Delivered,Refunded,PLT0009,2026-02-03 04:20:00,4,3
ORD100506,CUST00724,PROD01324,2,3584.5,0,5,7527.45,2026-04-10 09:21:00,Delivered,Pending,PLT0000,2026-04-24 09:21:00,2,2
ORD100507,CUST01302,PROD03634,4,5683.39,15,18,22801.76,2026-04-09 13:55:00,Returned,Paid,PLT0007,2026-04-16 13:55:00,4,4
ORD100508,CUST03413,PROD03961,2,9224.8,15,5,16466.27,2026-04-19 02:33:00,Packed,Paid,PLT0007,2026-04-26 02:33:00,2,2
ORD100509,CUST02603,PROD03104,4,6999.93,20,5,23519.76,2026-04-16 18:16:00,Delivered,Paid,PLT0002,2026-04-26 18:16:00,4,4
ORD100510,CUST03181,PROD00048,3,8368.08,20,18,23698.4,2026-07-20 12:51:00,Delivered,Pending,PLT0002,2026-07-24 12:51:00,3,3
ORD100511,CUST02839,PROD01062,1,15745.93,5,28,19147.05,2026-07-20 22:37:00,Placed,Pending,PLT0001,2026-07-26 22:37:00,1,1
ORD100512,CUST03147,PROD00785,3,2986.4,10,18,9514.67,2026-06-25 07:24:00,Returned,Paid,PLT0008,2026-07-06 07:24:00,3,3
ORD100513,CUST02280,PROD04539,1,1396.04,10,12,1407.21,2026-05-29 18:46:00,Delivered,Failed,PLT0008,2026-06-12 18:46:00,1,1
ORD100514,CUST00827,PROD00446,3,15160.25,0,5,47754.79,2026-02-27 12:22:00,Shipped,Pending,PLT0027,2026-03-04 12:22:00,3,3
ORD100515,CUST03510,PROD03470,3,2797.68,10,18,8913.41,2026-09-09 05:18:00,Packed,Paid,PLT0008,2026-09-20 05:18:00,3,3
ORD100516,CUST02585,PROD03554,2,8136.59,0,5,17086.84,2026-04-19 07:09:00,Cancelled,Paid,PLT0007,2026-05-01 07:09:00,2,1
ORD100517,CUST03237,PROD03973,5,4475.3,15,28,24345.63,2026-05-16 13:11:00,Cancelled,Paid,PLT0000,2026-05-20 13:11:00,5,5
ORD100518,CUST03193,PROD01037,4,5503.01,5,5,21957.01,2026-01-30 12:50:00,Shipped,Pending,PLT0004,2026-02-03 12:50:00,4,3
ORD100519,CUST03438,PROD02751,4,6270.83,5,18,28118.4,2026-02-20 18:22:00,Delivered,Paid,PLT0000,2026-02-25 18:22:00,4,4
ORD100520,CUST03749,PROD01449,4,15118.37,15,28,65795.15,2026-08-17 04:32:00,Shipped,Pending,PLT0000,2026-08-31 04:32:00,4,4
ORD100521,CUST00780,PROD03676,1,4567.69,20,28,4677.31,2026-05-25 22:49:00,Shipped,Failed,PLT0004,2026-05-28 22:49:00,1,1
ORD100522,CUST02746,PROD04839,4,732.0,0,28,3747.84,2026-06-24 03:23:00,Shipped,Paid,PLT0004,2026-07-07 03:23:00,4,4
ORD100523,CUST03756,PROD01573,4,11815.29,0,12,52932.5,2026-03-06 06:42:00,In Transit,Paid,PLT0026,2026-03-19 06:42:00,4,4
ORD100524,CUST00919,PROD02325,2,13197.27,10,18,28031.0,2026-06-27 06:09:00,Delivered,Refunded,PLT0026,2026-06-30 06:09:00,2,2
ORD100525,CUST00682,PROD02085,3,8664.36,20,18,24537.47,2026-07-06 13:07:00,Delivered,Refunded,PLT0008,2026-07-20 13:07:00,3,3
ORD100526,CUST00974,PROD02221,4,11287.61,0,28,57792.56,2026-07-15 19:50:00,Cancelled,Refunded,PLT0028,2026-07-29 19:50:00,4,4
ORD100527,CUST01150,PROD02875,5,12506.81,5,5,62377.71,2026-02-22 22:40:00,Packed,Pending,PLT0028,2026-03-03 22:40:00,5,5
ORD100528,CUST00320,PROD01007,4,11106.2,10,28,51177.37,2026-07-12 00:28:00,Returned,Failed,PLT0004,2026-07-21 00:28:00,4,4
ORD100529,CUST04049,PROD04824,1,6352.8,15,12,6047.87,2026-03-24 09:01:00,Delivered,Paid,PLT0004,2026-03-27 09:01:00,1,1
ORD100530,CUST00148,PROD00314,1,15405.11,20,28,15774.83,2026-08-11 05:53:00,Delivered,Refunded,PLT0007,2026-08-14 05:53:00,1,1
ORD100531,CUST00857,PROD03323,1,12286.59,5,18,13773.27,2026-08-09 04:28:00,Delivered,Failed,PLT0006,2026-08-18 04:28:00,1,1
ORD100532,CUST04279,PROD03605,4,3576.49,0,28,18311.63,2026-04-10 01:04:00,Packed,Pending,PLT0004,2026-04-20 01:04:00,4,4
ORD100533,CUST00145,PROD04005,2,2472.07,0,5,5191.35,2026-04-04 05:35:00,Cancelled,Paid,PLT0001,2026-04-13 05:35:00,2,2
ORD100534,CUST02766,PROD02435,5,15381.05,0,18,90748.2,2026-06-03 16:45:00,In Transit,Pending,PLT0025,2026-06-07 16:45:00,5,5
ORD100535,CUST04313,PROD01178,4,1799.99,10,5,6803.96,2026-04-12 12:17:00,Shipped,Paid,PLT0005,2026-04-22 12:17:00,4,4
ORD100536,CUST04643,PROD00536,2,15120.78,15,28,32902.82,2026-02-16 02:45:00,Cancelled,Paid,PLT0002,2026-02-23 02:45:00,2,2
ORD100537,CUST01571,PROD00064,2,5771.38,5,18,12939.43,2026-06-01 23:06:00,Delivered,Refunded,PLT0008,2026-06-13 23:06:00,2,2
ORD100538,CUST03009,PROD04561,4,11549.5,0,12,51741.76,2026-04-17 10:13:00,In Transit,Failed,PLT0004,2026-04-25 10:13:00,4,4
ORD100539,CUST04667,PROD01576,4,1620.86,5,18,7267.94,2026-08-01 19:47:00,Placed,Paid,PLT0027,2026-08-08 19:47:00,4,4
ORD100540,CUST03464,PROD00122,2,14346.85,15,5,25609.13,2026-09-12 23:20:00,Cancelled,Paid,PLT0000,2026-09-22 23:20:00,2,2
ORD100541,CUST04019,PROD03407,2,13741.57,5,18,30808.6,2026-09-06 09:55:00,Delivered,Pending,PLT0003,2026-09-17 09:55:00,2,2
ORD100542,CUST04831,PROD01709,2,9950.45,10,12,20060.11,2026-04-23 00:38:00,Delivered,Pending,PLT0029,2026-04-26 00:38:00,2,1
ORD100543,CUST01522,PROD02267,4,9506.98,0,12,42591.27,2026-06-26 08:10:00,Cancelled,Failed,PLT0002,2026-07-08 08:10:00,4,4
ORD100544,CUST03353,PROD02419,2,591.2,5,12,1258.07,2026-06-07 17:52:00,Delivered,Pending,PLT0027,2026-06-12 17:52:00,2,2
ORD100545,CUST01495,PROD01638,1,2522.41,20,12,2260.08,2026-04-26 12:19:00,Placed,Paid,PLT0009,2026-04-29 12:19:00,1,1
ORD100546,CUST02962,PROD04014,4,3174.62,0,5,13333.4,2026-02-25 20:35:00,Placed,Failed,PLT0009,2026-03-07 20:35:00,4,4
ORD100547,CUST02778,PROD00843,1,2929.77,15,18,2938.56,2026-02-19 10:52:00,Packed,Paid,PLT0025,2026-02-23 10:52:00,1,1
ORD100548,CUST01125,PROD00159,3,3877.44,0,28,14889.37,2026-09-07 12:16:00,Returned,Refunded,PLT0004,2026-09-19 12:16:00,3,3
ORD100549,CUST02828,PROD04251,4,6106.64,5,12,25989.86,2026-06-09 03:06:00,Delivered,Paid,PLT0004,2026-06-12 03:06:00,4,4
ORD100550,CUST03772,PROD02099,3,12785.84,5,28,46642.74,2026-02-23 08:43:00,Cancelled,Failed,PLT0008,2026-02-26 08:43:00,3,3
ORD100551,CUST03450,PROD01369,2,2955.96,20,28,6053.81,2026-03-06 06:13:00,Delivered,Paid,PLT0025,2026-03-11 06:13:00,2,2
ORD100552,CUST00641,PROD02718,2,15588.69,0,18,36789.31,2026-06-21 17:29:00,Delivered,Paid,PLT0005,2026-07-02 17:29:00,2,2
ORD100553,CUST02863,PROD03641,5,3885.53,20,28,19893.91,2026-07-15 08:57:00,Delivered,Paid,PLT0002,2026-07-21 08:57:00,5,4
ORD100554,CUST00232,PROD02834,2,4692.27,5,28,11411.6,2026-07-27 03:59:00,In Transit,Failed,PLT0000,2026-08-05 03:59:00,2,1
ORD100555,CUST01947,PROD02209,3,4745.27,0,5,14947.6,2026-08-02 10:35:00,Delivered,Pending,PLT0026,2026-08-06 10:35:00,3,3
ORD100556,CUST01537,PROD01518,2,14377.69,20,28,29445.51,2026-07-25 07:33:00,Delivered,Paid,PLT0029,2026-08-04 07:33:00,2,1
ORD100557,CUST02845,PROD01877,4,9485.53,20,18,35817.36,2026-04-08 01:57:00,Placed,Failed,PLT0004,2026-04-18 01:57:00,4,2
ORD100558,CUST04976,PROD03770,2,1952.67,0,28,4998.84,2026-08-24 11:20:00,Cancelled,Failed,PLT0005,2026-08-30 11:20:00,2,2
ORD100559,CUST04205,PROD01953,5,9610.78,5,18,53868.42,2026-05-18 09:08:00,Packed,Paid,PLT0001,2026-05-26 09:08:00,5,5
ORD100560,CUST02115,PROD02766,2,15330.15,5,12,32622.56,2026-08-27 02:31:00,Shipped,Pending,PLT0005,2026-09-07 02:31:00,2,2
ORD100561,CUST04387,PROD01727,3,8198.81,15,28,26760.92,2026-07-02 07:44:00,Delivered,Paid,PLT0003,2026-07-08 07:44:00,3,3
ORD100562,CUST00387,PROD02115,3,10502.25,0,28,40328.64,2026-02-05 23:39:00,Placed,Pending,PLT0002,2026-02-14 23:39:00,3,2
ORD100563,CUST04225,PROD04633,2,12857.1,15,28,27977.05,2026-07-30 21:26:00,Returned,Paid,PLT0007,2026-08-07 21:26:00,2,2
ORD100564,CUST03423,PROD03738,3,12042.72,15,12,34394.01,2026-04-18 06:34:00,Delivered,Pending,PLT0027,2026-04-24 06:34:00,3,3
ORD100565,CUST00538,PROD01029,3,5172.7,15,5,13849.9,2026-07-03 06:40:00,Cancelled,Paid,PLT0002,2026-07-14 06:40:00,3,3
ORD100566,CUST04129,PROD02552,5,1863.87,10,28,10735.89,2026-08-10 18:28:00,Delivered,Pending,PLT0025,2026-08-23 18:28:00,5,5
ORD100567,CUST03532,PROD04273,4,2506.77,15,18,10057.16,2026-05-17 03:30:00,Delivered,Pending,PLT0027,2026-05-30 03:30:00,4,3
ORD100568,CUST04232,PROD03436,5,6287.76,20,5,26408.59,2026-06-18 00:53:00,Shipped,Failed,PLT0004,2026-06-23 00:53:00,5,5
ORD100569,CUST01567,PROD04262,1,14143.05,0,5,14850.2,2026-06-03 18:31:00,Placed,Paid,PLT0025,2026-06-14 18:31:00,1,1
ORD100570,CUST00083,PROD04176,5,15928.55,20,5,66899.91,2026-07-18 10:57:00,Delivered,Refunded,PLT0007,2026-08-01 10:57:00,5,3
ORD100571,CUST02072,PROD01588,2,6527.67,20,28,13368.67,2026-09-23 16:04:00,Delivered,Failed,PLT0001,2026-10-04 16:04:00,2,2
ORD100572,CUST01673,PROD01359,4,4500.56,5,12,19154.38,2026-07-12 22:00:00,Shipped,Failed,PLT0028,2026-07-19 22:00:00,4,4
ORD100573,CUST02296,PROD01322,2,2635.76,10,12,5313.69,2026-03-14 12:05:00,Shipped,Pending,PLT0029,2026-03-20 12:05:00,2,2
ORD100574,CUST01189,PROD02724,1,7381.13,15,28,8030.67,2026-05-05 06:49:00,Delivered,Pending,PLT0000,2026-05-12 06:49:00,1,1
ORD100575,CUST01320,PROD01812,4,12252.53,5,18,54940.34,2026-03-04 07:32:00,Cancelled,Paid,PLT0006,2026-03-17 07:32:00,4,3
ORD100576,CUST04856,PROD02758,3,14252.24,0,18,50452.93,2026-09-18 16:37:00,Packed,Failed,PLT0028,2026-09-26 16:37:00,3,3
ORD100577,CUST04940,PROD00216,5,3871.26,0,18,22840.43,2026-09-03 08:55:00,Returned,Paid,PLT0027,2026-09-14 08:55:00,5,3
ORD100578,CUST04064,PROD01510,2,12260.64,5,28,29817.88,2026-04-28 05:43:00,Placed,Paid,PLT0028,2026-05-05 05:43:00,2,2
ORD100579,CUST04426,PROD01491,1,3875.95,0,12,4341.06,2026-04-07 00:16:00,In Transit,Paid,PLT0025,2026-04-21 00:16:00,1,1
ORD100580,CUST03061,PROD03665,3,8862.44,5,28,32330.18,2026-05-04 09:44:00,Returned,Refunded,PLT0001,2026-05-16 09:44:00,3,2
ORD100581,CUST01777,PROD03654,5,2813.26,5,12,14966.54,2026-07-01 23:06:00,Returned,Refunded,PLT0009,2026-07-10 23:06:00,5,4
ORD100582,CUST01072,PROD02143,3,11391.86,10,5,32295.92,2026-09-20 04:30:00,Packed,Failed,PLT0029,2026-10-03 04:30:00,3,3
ORD100583,CUST01015,PROD03241,5,6709.82,0,28,42942.85,2026-09-13 10:43:00,Delivered,Pending,PLT0008,2026-09-22 10:43:00,5,5
ORD100584,CUST00028,PROD04745,4,3799.38,0,12,17021.22,2026-04-09 15:57:00,In Transit,Failed,PLT0007,2026-04-16 15:57:00,4,3
ORD100585,CUST00529,PROD00061,3,6278.97,15,5,16811.94,2026-03-04 01:30:00,Cancelled,Refunded,PLT0027,2026-03-08 01:30:00,3,3
ORD100586,CUST01970,PROD01577,3,474.85,20,5,1196.62,2026-04-10 21:20:00,Packed,Pending,PLT0026,2026-04-20 21:20:00,3,3
ORD100587,CUST01795,PROD01885,3,2644.14,5,28,9645.82,2026-08-12 02:40:00,Placed,Failed,PLT0029,2026-08-19 02:40:00,3,1
ORD100588,CUST04776,PROD04243,4,12123.44,5,12,51597.36,2026-07-29 14:34:00,Delivered,Paid,PLT0000,2026-08-03 14:34:00,4,3
ORD100589,CUST04458,PROD02088,1,10541.8,0,5,11068.89,2026-08-29 20:40:00,Delivered,Paid,PLT0002,2026-09-06 20:40:00,1,1
ORD100590,CUST04631,PROD04032,5,4402.24,0,28,28174.34,2026-02-21 13:20:00,Returned,Paid,PLT0027,2026-03-01 13:20:00,5,5
ORD100591,CUST01780,PROD00907,3,13096.35,0,5,41253.5,2026-07-02 18:07:00,Shipped,Failed,PLT0025,2026-07-07 18:07:00,3,3
ORD100592,CUST00079,PROD01800,4,291.52,10,18,1238.38,2026-02-12 15:20:00,Delivered,Failed,PLT0006,2026-02-21 15:20:00,4,4
ORD100593,CUST04630,PROD03907,1,8273.12,15,28,9001.15,2026-09-18 19:32:00,Placed,Pending,PLT0029,2026-09-25 19:32:00,1,1
ORD100594,CUST00113,PROD00078,5,1276.31,0,5,6700.63,2026-05-05 02:14:00,Delivered,Failed,PLT0027,2026-05-15 02:14:00,5,5
ORD100595,CUST02299,PROD02782,4,13513.03,0,28,69186.71,2026-08-09 22:53:00,Placed,Refunded,PLT0007,2026-08-23 22:53:00,4,4
ORD100596,CUST00061,PROD04325,5,12972.83,10,28,74723.5,2026-06-25 06:56:00,Placed,Failed,PLT0027,2026-06-28 06:56:00,5,5
ORD100597,CUST00389,PROD04048,3,9070.29,5,12,28952.37,2026-08-27 16:01:00,Cancelled,Paid,PLT0005,2026-09-06 16:01:00,3,3
ORD100598,CUST02026,PROD04023,1,10789.9,10,12,10876.22,2026-09-18 07:19:00,Delivered,Paid,PLT0002,2026-09-25 07:19:00,1,1
ORD100599,CUST04014,PROD02745,4,9995.38,20,5,33584.48,2026-02-09 16:22:00,Placed,Failed,PLT0028,2026-02-21 16:22:00,4,2
ORD100600,CUST03444,PROD01151,1,11361.97,0,28,14543.32,2026-06-28 17:53:00,Cancelled,Failed,PLT0027,2026-07-08 17:53:00,1,1
ORD100601,CUST02824,PROD01333,3,3731.43,0,28,14328.69,2026-09-06 10:20:00,Cancelled,Pending,PLT0002,2026-09-14 10:20:00,3,3
ORD100602,CUST04540,PROD01495,1,9693.83,0,18,11438.72,2026-04-20 13:20:00,Delivered,Pending,PLT0001,2026-05-03 13:20:00,1,1
ORD100603,CUST02534,PROD00676,1,15718.82,5,28,19114.09,2026-04-03 20:38:00,Shipped,Refunded,PLT0002,2026-04-14 20:38:00,1,1
ORD100604,CUST04647,PROD01313,2,8805.72,5,12,18738.57,2026-03-04 19:51:00,Shipped,Paid,PLT0006,2026-03-17 19:51:00,2,2
ORD100605,CUST00131,PROD00370,1,1201.84,0,28,1538.36,2026-02-11 17:44:00,Packed,Refunded,PLT0000,2026-02-17 17:44:00,1,1
ORD100606,CUST00869,PROD00275,5,8229.34,20,12,36867.44,2026-07-04 22:07:00,Cancelled,Paid,PLT0008,2026-07-15 22:07:00,5,5
ORD100607,CUST02491,PROD02502,4,12254.99,15,18,49167.02,2026-03-01 06:24:00,Returned,Paid,PLT0002,2026-03-11 06:24:00,4,4
ORD100608,CUST00348,PROD00101,2,598.72,10,5,1131.58,2026-06-09 23:17:00,Placed,Failed,PLT0003,2026-06-14 23:17:00,2,2
ORD100609,CUST02779,PROD01232,4,3755.28,10,12,15141.29,2026-03-05 08:10:00,Delivered,Paid,PLT0027,2026-03-10 08:10:00,4,3
ORD100610,CUST03545,PROD01760,4,8811.56,5,5,35158.12,2026-09-06 00:06:00,Delivered,Paid,PLT0009,2026-09-09 00:06:00,4,4
ORD100611,CUST02727,PROD02304,3,4765.47,0,5,15011.23,2026-08-01 08:06:00,Cancelled,Paid,PLT0001,2026-08-15 08:06:00,3,3
ORD100612,CUST00004,PROD01089,3,15858.58,0,5,49954.53,2026-03-13 11:36:00,Cancelled,Refunded,PLT0004,2026-03-16 11:36:00,3,3
ORD100613,CUST01213,PROD00387,2,4583.35,20,5,7700.03,2026-03-03 10:00:00,Delivered,Paid,PLT0001,2026-03-17 10:00:00,2,2
ORD100614,CUST02884,PROD01538,3,10928.77,15,12,31212.57,2026-04-10 06:04:00,Returned,Pending,PLT0002,2026-04-15 06:04:00,3,3
ORD100615,CUST03688,PROD01853,3,13794.78,0,18,48833.52,2026-09-10 11:12:00,Packed,Paid,PLT0004,2026-09-22 11:12:00,3,1
ORD100616,CUST04492,PROD04465,3,10838.75,10,28,37458.72,2026-09-23 10:57:00,Returned,Pending,PLT0029,2026-10-03 10:57:00,3,3
ORD100617,CUST04002,PROD03921,4,15152.42,0,12,67882.84,2026-01-31 13:15:00,In Transit,Pending,PLT0008,2026-02-13 13:15:00,4,4
ORD100618,CUST00306,PROD01727,2,8198.81,15,18,16446.81,2026-02-13 22:15:00,Placed,Paid,PLT0026,2026-02-20 22:15:00,2,2
ORD100619,CUST04898,PROD04531,4,4372.88,10,28,20150.23,2026-06-10 14:59:00,Packed,Pending,PLT0007,2026-06-20 14:59:00,4,4
ORD100620,CUST00381,PROD02472,5,15427.06,0,5,80992.06,2026-06-27 20:55:00,Delivered,Failed,PLT0002,2026-07-06 20:55:00,5,5
ORD100621,CUST02662,PROD03056,4,15498.74,10,28,71418.19,2026-05-10 16:49:00,In Transit,Pending,PLT0009,2026-05-24 16:49:00,4,4
ORD100622,CUST00462,PROD01722,5,2029.02,5,28,12336.44,2026-05-07 00:43:00,Delivered,Pending,PLT0006,2026-05-13 00:43:00,5,5
ORD100623,CUST01172,PROD02941,1,4317.69,5,18,4840.13,2026-09-20 01:13:00,Returned,Paid,PLT0004,2026-10-02 01:13:00,1,1
ORD100624,CUST03777,PROD00270,1,4767.11,20,28,4881.52,2026-09-01 02:42:00,Delivered,Failed,PLT0028,2026-09-12 02:42:00,1,1
ORD100625,CUST04931,PROD00446,5,15160.25,5,5,75611.75,2026-03-24 15:58:00,Shipped,Failed,PLT0004,2026-04-07 15:58:00,5,5
ORD100626,CUST04618,PROD01027,5,13805.48,0,12,77310.69,2026-06-01 04:59:00,Delivered,Paid,PLT0025,2026-06-04 04:59:00,5,5
ORD100627,CUST00057,PROD00795,4,386.95,15,12,1473.51,2026-07-18 17:02:00,In Transit,Paid,PLT0025,2026-07-25 17:02:00,4,4
ORD100628,CUST02222,PROD02572,5,14506.16,10,18,77027.71,2026-05-16 05:04:00,In Transit,Pending,PLT0001,2026-05-28 05:04:00,5,5
ORD100629,CUST03203,PROD03370,2,11143.79,0,5,23401.96,2026-03-16 17:40:00,Delivered,Pending,PLT0025,2026-03-26 17:40:00,2,2
ORD100630,CUST01581,PROD01966,1,9444.53,5,5,9420.92,2026-07-30 20:31:00,Packed,Paid,PLT0003,2026-08-10 20:31:00,1,1
ORD100631,CUST03236,PROD04449,1,5412.66,5,28,6581.79,2026-08-08 00:51:00,Returned,Paid,PLT0025,2026-08-16 00:51:00,1,1
ORD100632,CUST04954,PROD01625,5,2886.32,0,18,17029.29,2026-02-16 14:33:00,Packed,Paid,PLT0028,2026-02-28 14:33:00,5,5
ORD100633,CUST00558,PROD03301,3,6991.21,0,5,22022.31,2026-08-29 12:03:00,In Transit,Paid,PLT0007,2026-09-09 12:03:00,3,3
ORD100634,CUST04874,PROD03094,3,13451.85,0,5,42373.33,2026-04-07 12:50:00,Delivered,Paid,PLT0006,2026-04-11 12:50:00,3,2
ORD100635,CUST04714,PROD03404,5,5292.56,10,5,25007.35,2026-08-17 14:19:00,Delivered,Pending,PLT0028,2026-08-23 14:19:00,5,5
ORD100636,CUST00913,PROD04636,2,15241.95,5,12,32434.87,2026-03-28 21:56:00,Delivered,Paid,PLT0000,2026-04-01 21:56:00,2,2
ORD100637,CUST04230,PROD02293,3,3390.18,15,12,9682.35,2026-07-24 15:55:00,Delivered,Failed,PLT0029,2026-07-29 15:55:00,3,1
ORD100638,CUST01581,PROD01547,5,12914.28,0,12,72319.97,2026-07-12 06:08:00,Cancelled,Failed,PLT0005,2026-07-26 06:08:00,5,5
ORD100639,CUST04274,PROD03335,2,14256.51,0,28,36496.67,2026-01-30 20:52:00,Shipped,Failed,PLT0000,2026-02-02 20:52:00,2,2
ORD100640,CUST03441,PROD02776,2,6980.77,15,28,15190.16,2026-06-11 00:25:00,Cancelled,Paid,PLT0029,2026-06-24 00:25:00,2,1
ORD100641,CUST02185,PROD04160,4,9094.34,15,28,39578.57,2026-05-04 19:05:00,Shipped,Paid,PLT0001,2026-05-12 19:05:00,4,4
ORD100642,CUST04347,PROD03075,2,9601.93,20,5,16131.24,2026-02-27 11:37:00,Returned,Paid,PLT0005,2026-03-09 11:37:00,2,2
ORD100643,CUST04431,PROD02492,3,3330.25,15,12,9511.19,2026-05-10 01:46:00,Cancelled,Paid,PLT0025,2026-05-16 01:46:00,3,3
ORD100644,CUST01538,PROD00581,3,7399.26,0,5,23307.67,2026-07-04 03:49:00,Returned,Paid,PLT0026,2026-07-17 03:49:00,3,3
ORD100645,CUST03117,PROD04963,5,4740.39,5,5,23642.7,2026-05-28 16:26:00,Packed,Failed,PLT0000,2026-06-01 16:26:00,5,5
ORD100646,CUST01091,PROD04727,5,14647.52,20,18,69136.29,2026-08-04 00:19:00,Returned,Failed,PLT0028,2026-08-10 00:19:00,5,2
ORD100647,CUST03347,PROD03930,2,2013.16,0,5,4227.64,2026-04-21 10:10:00,Delivered,Paid,PLT0004,2026-04-24 10:10:00,2,2
ORD100648,CUST04807,PROD04441,1,14000.49,20,28,14336.5,2026-05-20 06:40:00,Packed,Paid,PLT0008,2026-05-23 06:40:00,1,1
ORD100649,CUST03397,PROD02631,4,10159.12,5,12,43237.21,2026-06-13 23:15:00,Delivered,Paid,PLT0028,2026-06-16 23:15:00,4,4
ORD100650,CUST00652,PROD00936,1,4428.69,20,12,3968.11,2026-01-31 10:02:00,Cancelled,Paid,PLT0008,2026-02-10 10:02:00,1,1
ORD100651,CUST03384,PROD01802,2,11825.38,0,5,24833.3,2026-04-22 15:40:00,Delivered,Failed,PLT0007,2026-05-06 15:40:00,2,2
ORD100652,CUST01589,PROD02537,2,11872.57,10,28,27354.4,2026-03-16 11:28:00,Shipped,Failed,PLT0001,2026-03-20 11:28:00,2,2
ORD100653,CUST03186,PROD02407,1,5896.04,5,28,7169.58,2026-04-17 15:32:00,In Transit,Paid,PLT0004,2026-04-27 15:32:00,1,1
ORD100654,CUST03647,PROD02583,4,8098.03,0,28,41461.91,2026-09-12 04:06:00,Returned,Paid,PLT0009,2026-09-25 04:06:00,4,4
ORD100655,CUST03892,PROD02628,1,11022.61,5,12,11728.06,2026-08-01 21:21:00,Placed,Refunded,PLT0027,2026-08-07 21:21:00,1,1
ORD100656,CUST00545,PROD02029,5,4177.83,5,28,25401.21,2026-06-22 08:24:00,Shipped,Paid,PLT0028,2026-06-28 08:24:00,5,5
ORD100657,CUST03731,PROD01324,3,3584.5,5,28,13076.26,2026-04-08 05:33:00,Delivered,Refunded,PLT0004,2026-04-12 05:33:00,3,3
ORD100658,CUST03750,PROD04887,5,5551.58,10,5,26231.22,2026-07-03 05:54:00,Cancelled,Paid,PLT0025,2026-07-15 05:54:00,5,5
ORD100659,CUST02608,PROD03194,3,5294.21,0,18,18741.5,2026-08-10 03:45:00,Placed,Paid,PLT0000,2026-08-24 03:45:00,3,3
ORD100660,CUST01518,PROD04080,2,3696.73,0,28,9463.63,2026-04-26 00:44:00,Delivered,Paid,PLT0006,2026-05-08 00:44:00,2,1
ORD100661,CUST04897,PROD04075,4,10951.27,0,5,45995.33,2026-02-15 15:08:00,Delivered,Refunded,PLT0002,2026-02-19 15:08:00,4,4
ORD100662,CUST03368,PROD01556,1,3470.51,20,5,2915.23,2026-03-04 03:11:00,Packed,Failed,PLT0028,2026-03-12 03:11:00,1,1
ORD100663,CUST04674,PROD04028,4,2584.44,20,28,10585.87,2026-04-23 15:21:00,Returned,Refunded,PLT0029,2026-04-27 15:21:00,4,4
ORD100664,CUST02451,PROD02583,1,8098.03,20,18,7644.54,2026-08-01 23:31:00,Delivered,Pending,PLT0009,2026-08-07 23:31:00,1,1
ORD100665,CUST01474,PROD04764,5,4051.82,0,12,22690.19,2026-04-12 01:25:00,Cancelled,Paid,PLT0007,2026-04-18 01:25:00,5,3
ORD100666,CUST03152,PROD02553,5,12949.94,15,18,64943.95,2026-07-08 13:31:00,Cancelled,Paid,PLT0006,2026-07-12 13:31:00,5,5
ORD100667,CUST00814,PROD01280,1,8031.32,10,28,9252.08,2026-02-18 07:44:00,Packed,Failed,PLT0001,2026-02-27 07:44:00,1,1
ORD100668,CUST02929,PROD04437,4,5663.01,15,18,22720.0,2026-07-23 04:19:00,Delivered,Paid,PLT0025,2026-08-03 04:19:00,4,4
ORD100669,CUST02229,PROD01713,1,12513.11,20,5,10511.01,2026-03-25 22:13:00,Delivered,Paid,PLT0027,2026-03-31 22:13:00,1,1
ORD100670,CUST04426,PROD00727,2,2321.38,10,5,4387.41,2026-03-03 18:09:00,Packed,Refunded,PLT0025,2026-03-14 18:09:00,2,2
ORD100671,CUST03786,PROD04125,5,12694.84,0,18,74899.56,2026-03-17 16:57:00,Returned,Failed,PLT0027,2026-03-25 16:57:00,5,5
ORD100672,CUST04423,PROD04454,2,12885.23,20,12,23090.33,2026-05-26 08:53:00,Packed,Failed,PLT0025,2026-06-08 08:53:00,2,2
ORD100673,CUST04459,PROD04304,5,9426.32,0,18,55615.29,2026-02-13 14:19:00,Delivered,Paid,PLT0000,2026-02-23 14:19:00,5,4
ORD100674,CUST00721,PROD03227,5,3939.44,10,28,22691.17,2026-06-19 13:02:00,Delivered,Pending,PLT0007,2026-06-27 13:02:00,5,4
ORD100675,CUST02170,PROD00892,3,13704.57,0,12,46047.36,2026-04-03 22:19:00,Placed,Pending,PLT0000,2026-04-08 22:19:00,3,3
ORD100676,CUST00789,PROD03257,2,11102.97,0,18,26203.01,2026-04-06 19:25:00,Delivered,Paid,PLT0004,2026-04-15 19:25:00,2,1
ORD100677,CUST01133,PROD03431,2,9336.11,0,18,22033.22,2026-06-09 23:07:00,Packed,Failed,PLT0027,2026-06-14 23:07:00,2,2
ORD100678,CUST02113,PROD03278,3,7812.01,15,12,22311.1,2026-09-06 21:28:00,Shipped,Paid,PLT0028,2026-09-18 21:28:00,3,3
ORD100679,CUST02687,PROD01881,4,11052.28,15,18,44341.75,2026-07-24 09:34:00,In Transit,Pending,PLT0001,2026-07-28 09:34:00,4,4
ORD100680,CUST01343,PROD01998,2,1195.43,15,28,2601.26,2026-02-24 04:56:00,Delivered,Paid,PLT0003,2026-03-09 04:56:00,2,2
ORD100681,CUST03643,PROD02453,1,8966.57,5,5,8944.15,2026-09-17 07:56:00,In Transit,Paid,PLT0028,2026-10-01 07:56:00,1,1
ORD100682,CUST03870,PROD01514,3,388.9,0,28,1493.38,2026-03-09 06:15:00,Shipped,Paid,PLT0005,2026-03-19 06:15:00,3,3
ORD100683,CUST00291,PROD04196,2,3066.58,20,18,5789.7,2026-04-25 06:54:00,Shipped,Paid,PLT0000,2026-05-05 06:54:00,2,2
ORD100684,CUST02963,PROD00285,4,9293.65,20,5,31226.66,2026-04-01 03:12:00,Returned,Failed,PLT0004,2026-04-14 03:12:00,4,4
ORD100685,CUST00313,PROD04942,2,6994.74,20,12,12534.57,2026-07-31 08:27:00,Placed,Refunded,PLT0001,2026-08-13 08:27:00,2,1
ORD100686,CUST04369,PROD00670,5,4632.01,15,28,25198.13,2026-09-11 20:53:00,Shipped,Pending,PLT0004,2026-09-19 20:53:00,5,5
ORD100687,CUST03871,PROD00798,1,9084.62,15,12,8648.56,2026-09-14 14:31:00,Cancelled,Failed,PLT0002,2026-09-18 14:31:00,1,1
ORD100688,CUST02768,PROD02779,3,7183.11,0,5,22626.8,2026-09-25 07:19:00,Returned,Pending,PLT0003,2026-10-06 07:19:00,3,3
ORD100689,CUST02769,PROD02127,5,10190.27,0,18,60122.59,2026-04-14 15:43:00,Placed,Refunded,PLT0029,2026-04-17 15:43:00,5,5
ORD100690,CUST00336,PROD00921,4,13907.64,15,5,49650.27,2026-03-31 15:44:00,Packed,Paid,PLT0029,2026-04-08 15:44:00,4,4
ORD100691,CUST02639,PROD03106,5,7006.01,20,5,29425.24,2026-07-07 16:11:00,In Transit,Refunded,PLT0001,2026-07-15 16:11:00,5,5
ORD100692,CUST03523,PROD04184,5,5111.31,0,12,28623.34,2026-02-22 02:52:00,Delivered,Pending,PLT0003,2026-03-04 02:52:00,5,5
ORD100693,CUST01336,PROD01411,4,3371.88,15,28,14674.42,2026-06-28 11:30:00,Cancelled,Pending,PLT0029,2026-07-03 11:30:00,4,3
ORD100694,CUST02176,PROD02420,5,6267.99,10,5,29616.25,2026-08-22 21:08:00,Shipped,Refunded,PLT0028,2026-09-02 21:08:00,5,5
ORD100695,CUST02420,PROD04962,3,3343.62,5,18,11244.59,2026-02-04 01:56:00,Placed,Pending,PLT0001,2026-02-08 01:56:00,3,3
ORD100696,CUST04377,PROD03805,2,4227.77,15,5,7546.57,2026-05-04 02:10:00,Delivered,Paid,PLT0003,2026-05-09 02:10:00,2,2
ORD100697,CUST00659,PROD03739,5,12085.5,10,12,60910.92,2026-07-03 21:04:00,Cancelled,Pending,PLT0002,2026-07-08 21:04:00,5,4
ORD100698,CUST04453,PROD00047,3,5055.21,0,28,19412.01,2026-09-03 23:24:00,In Transit,Refunded,PLT0025,2026-09-11 23:24:00,3,3
ORD100699,CUST04397,PROD02919,2,6818.8,10,18,14483.13,2026-07-18 12:14:00,Returned,Paid,PLT0005,2026-07-29 12:14:00,2,2
ORD100700,CUST04366,PROD02123,2,15476.31,0,12,34666.93,2026-04-03 02:10:00,Delivered,Refunded,PLT0005,2026-04-10 02:10:00,2,2
ORD100701,CUST03158,PROD04702,5,1265.49,15,5,5647.25,2026-08-23 11:38:00,Delivered,Paid,PLT0008,2026-09-02 11:38:00,5,5
ORD100702,CUST03621,PROD00933,3,15750.99,0,5,49615.62,2026-02-08 07:20:00,Cancelled,Paid,PLT0005,2026-02-19 07:20:00,3,3
ORD100703,CUST04232,PROD00579,5,7923.65,10,28,45640.22,2026-01-29 19:56:00,Delivered,Refunded,PLT0008,2026-02-12 19:56:00,5,2
ORD100704,CUST04848,PROD02136,4,14254.1,5,12,60665.45,2026-06-13 13:38:00,Packed,Paid,PLT0029,2026-06-22 13:38:00,4,4
ORD100705,CUST03015,PROD00259,2,9162.97,0,12,20525.05,2026-09-03 14:09:00,Delivered,Failed,PLT0005,2026-09-15 14:09:00,2,2
ORD100706,CUST00205,PROD03512,5,1164.56,0,28,7453.18,2026-06-06 18:17:00,Delivered,Pending,PLT0028,2026-06-18 18:17:00,5,5
ORD100707,CUST00831,PROD03042,2,15532.76,5,18,34824.45,2026-02-13 23:06:00,In Transit,Refunded,PLT0026,2026-02-22 23:06:00,2,2
ORD100708,CUST01850,PROD02215,3,11653.07,20,12,31323.45,2026-09-25 23:26:00,Cancelled,Paid,PLT0003,2026-10-04 23:26:00,3,3
ORD100709,CUST04703,PROD04048,1,9070.29,0,28,11609.97,2026-05-17 06:13:00,Delivered,Failed,PLT0002,2026-05-30 06:13:00,1,1
ORD100710,CUST00925,PROD03251,5,8565.81,15,12,40773.26,2026-05-15 03:02:00,Cancelled,Pending,PLT0009,2026-05-25 03:02:00,5,5
ORD100711,CUST04727,PROD02895,5,2509.36,20,28,12847.92,2026-05-28 03:34:00,Placed,Paid,PLT0028,2026-06-09 03:34:00,5,4
ORD100712,CUST01646,PROD00784,2,5595.57,15,5,9988.09,2026-07-11 00:10:00,In Transit,Paid,PLT0029,2026-07-14 00:10:00,2,2
ORD100713,CUST04306,PROD01487,3,6398.15,10,5,18138.76,2026-08-29 14:45:00,Shipped,Refunded,PLT0001,2026-09-12 14:45:00,3,3
ORD100714,CUST03779,PROD03474,4,11223.27,10,12,45252.22,2026-05-31 09:50:00,Cancelled,Failed,PLT0025,2026-06-11 09:50:00,4,4
ORD100715,CUST00510,PROD03953,3,15596.58,20,12,41923.61,2026-08-16 18:28:00,Delivered,Paid,PLT0003,2026-08-21 18:28:00,3,2
ORD100716,CUST03591,PROD02241,5,12732.79,20,5,53477.72,2026-06-23 13:33:00,Packed,Paid,PLT0028,2026-06-29 13:33:00,5,5
ORD100717,CUST02281,PROD04892,4,985.28,20,18,3720.42,2026-03-08 05:14:00,Delivered,Pending,PLT0007,2026-03-16 05:14:00,4,4
ORD100718,CUST00662,PROD00144,3,4882.97,20,28,15000.48,2026-04-03 17:55:00,In Transit,Paid,PLT0026,2026-04-15 17:55:00,3,3
ORD100719,CUST02448,PROD03753,1,5089.66,0,18,6005.8,2026-02-22 15:24:00,Returned,Refunded,PLT0002,2026-02-28 15:24:00,1,1
ORD100720,CUST01379,PROD02921,2,5271.19,20,18,9952.01,2026-07-28 12:42:00,In Transit,Refunded,PLT0009,2026-08-05 12:42:00,2,2
ORD100721,CUST00180,PROD01849,3,14201.11,20,18,40217.54,2026-05-11 06:56:00,Cancelled,Failed,PLT0005,2026-05-19 06:56:00,3,2
ORD100722,CUST00830,PROD02855,3,1717.68,10,5,4869.62,2026-03-25 22:14:00,Delivered,Paid,PLT0028,2026-04-01 22:14:00,3,3
ORD100723,CUST01973,PROD00831,1,3670.22,15,12,3494.05,2026-01-30 08:48:00,Placed,Paid,PLT0006,2026-02-13 08:48:00,1,1
ORD100724,CUST02265,PROD01641,5,8684.32,10,18,46113.74,2026-08-20 09:34:00,Delivered,Paid,PLT0028,2026-08-30 09:34:00,5,2
ORD100725,CUST04407,PROD04207,2,9409.46,0,5,19759.87,2026-02-17 01:06:00,In Transit,Paid,PLT0001,2026-02-26 01:06:00,2,2
ORD100726,CUST02537,PROD02034,3,15553.88,0,28,59726.9,2026-09-07 05:17:00,Placed,Paid,PLT0027,2026-09-13 05:17:00,3,2
ORD100727,CUST01736,PROD02136,4,14254.1,0,12,63858.37,2026-04-23 00:58:00,Returned,Paid,PLT0002,2026-04-30 00:58:00,4,4
ORD100728,CUST04523,PROD02996,3,13857.2,15,28,45229.9,2026-07-27 09:30:00,In Transit,Failed,PLT0002,2026-08-10 09:30:00,3,2
ORD100729,CUST01430,PROD03386,2,14078.05,20,18,26579.36,2026-06-02 16:55:00,In Transit,Paid,PLT0025,2026-06-12 16:55:00,2,2
ORD100730,CUST04472,PROD01346,3,6864.34,10,12,20757.76,2026-09-01 23:10:00,Delivered,Refunded,PLT0000,2026-09-13 23:10:00,3,3
ORD100731,CUST00616,PROD04631,1,2006.25,0,18,2367.38,2026-08-13 13:16:00,Placed,Paid,PLT0027,2026-08-27 13:16:00,1,1
ORD100732,CUST02545,PROD01771,3,7404.2,10,12,22390.3,2026-03-02 17:10:00,Packed,Paid,PLT0027,2026-03-14 17:10:00,3,3
ORD100733,CUST00137,PROD01811,3,10597.81,20,18,30013.0,2026-06-01 02:40:00,Delivered,Refunded,PLT0027,2026-06-09 02:40:00,3,3
ORD100734,CUST02400,PROD02474,4,11581.08,20,28,47436.1,2026-02-18 05:46:00,Delivered,Pending,PLT0026,2026-02-24 05:46:00,4,4
ORD100735,CUST03199,PROD04921,1,15236.79,5,28,18527.94,2026-08-03 13:26:00,Cancelled,Paid,PLT0008,2026-08-06 13:26:00,1,1
ORD100736,CUST01450,PROD02665,1,9762.26,10,18,10367.52,2026-07-07 20:16:00,Packed,Paid,PLT0003,2026-07-17 20:16:00,1,1
ORD100737,CUST02556,PROD03457,3,8054.72,15,12,23004.28,2026-06-29 02:56:00,Delivered,Paid,PLT0001,2026-07-12 02:56:00,3,3
ORD100738,CUST03890,PROD02710,4,4762.61,10,28,21946.11,2026-04-18 14:24:00,Packed,Pending,PLT0001,2026-04-21 14:24:00,4,4
ORD100739,CUST04366,PROD00890,3,3965.44,0,12,13323.88,2026-07-17 22:18:00,Packed,Refunded,PLT0005,2026-07-28 22:18:00,3,3
ORD100740,CUST03584,PROD02742,3,3682.56,0,12,12373.4,2026-09-20 08:44:00,Returned,Refunded,PLT0009,2026-10-02 08:44:00,3,3
ORD100741,CUST01606,PROD04358,2,10046.85,15,28,21861.95,2026-02-01 10:05:00,Returned,Failed,PLT0001,2026-02-13 10:05:00,2,2
ORD100742,CUST02931,PROD01258,2,7915.35,5,5,15791.12,2026-02-20 08:52:00,Returned,Failed,PLT0003,2026-02-26 08:52:00,2,1
ORD100743,CUST03605,PROD01269,4,9639.33,0,5,40485.19,2026-07-29 05:31:00,Returned,Paid,PLT0002,2026-08-11 05:31:00,4,4
ORD100744,CUST01516,PROD01751,5,8610.43,0,12,48218.41,2026-03-12 04:08:00,Shipped,Paid,PLT0003,2026-03-26 04:08:00,5,5
ORD100745,CUST01767,PROD00432,2,12207.02,0,28,31249.97,2026-02-24 07:26:00,Cancelled,Pending,PLT0004,2026-03-01 07:26:00,2,2
ORD100746,CUST03364,PROD04866,5,10205.76,0,5,53580.24,2026-09-05 20:27:00,Placed,Paid,PLT0006,2026-09-17 20:27:00,5,2
ORD100747,CUST01332,PROD02453,1,8966.57,0,18,10580.55,2026-05-19 19:54:00,In Transit,Paid,PLT0005,2026-06-02 19:54:00,1,1
ORD100748,CUST03945,PROD03990,2,13942.95,15,12,26547.38,2026-03-16 00:12:00,Shipped,Failed,PLT0001,2026-03-29 00:12:00,2,2
ORD100749,CUST01862,PROD03286,2,1302.63,10,5,2461.97,2026-09-13 09:36:00,Shipped,Pending,PLT0025,2026-09-24 09:36:00,2,1
ORD100750,CUST01906,PROD00298,4,3530.55,0,28,18076.42,2026-02-19 02:58:00,Delivered,Paid,PLT0026,2026-03-05 02:58:00,4,4
ORD100751,CUST00389,PROD02803,5,15103.86,10,28,86998.23,2026-07-05 02:11:00,Returned,Paid,PLT0007,2026-07-09 02:11:00,5,5
ORD100752,CUST04109,PROD04650,2,2783.85,10,12,5612.24,2026-05-01 12:03:00,Packed,Refunded,PLT0004,2026-05-12 12:03:00,2,2
ORD100753,CUST04674,PROD03498,2,14187.89,0,28,36321.0,2026-07-06 06:18:00,In Transit,Pending,PLT0002,2026-07-19 06:18:00,2,2
ORD100754,CUST00095,PROD03666,4,7066.04,10,18,30016.54,2026-04-16 02:17:00,Delivered,Paid,PLT0007,2026-04-25 02:17:00,4,4
ORD100755,CUST01982,PROD03345,4,7634.35,0,18,36034.13,2026-05-30 22:44:00,Placed,Failed,PLT0027,2026-06-07 22:44:00,4,4
ORD100756,CUST02506,PROD02983,5,11306.45,0,5,59358.86,2026-08-20 12:46:00,Delivered,Failed,PLT0002,2026-09-02 12:46:00,5,2
ORD100757,CUST02610,PROD03546,1,2562.31,20,28,2623.81,2026-04-01 09:02:00,In Transit,Pending,PLT0027,2026-04-14 09:02:00,1,1
ORD100758,CUST02431,PROD00687,1,9187.64,5,18,10299.34,2026-05-29 10:23:00,Cancelled,Failed,PLT0002,2026-06-09 10:23:00,1,1
ORD100759,CUST02539,PROD01375,3,4029.97,15,12,11509.59,2026-03-26 10:30:00,Delivered,Paid,PLT0000,2026-04-05 10:30:00,3,2
ORD100760,CUST03251,PROD02238,2,3045.75,10,28,7017.41,2026-03-26 16:52:00,Delivered,Paid,PLT0026,2026-04-02 16:52:00,2,2
ORD100761,CUST04097,PROD04625,5,15124.88,15,5,67494.78,2026-02-22 12:04:00,Delivered,Paid,PLT0000,2026-03-08 12:04:00,5,5
ORD100762,CUST02321,PROD04491,2,4251.48,15,12,8094.82,2026-07-18 05:35:00,Cancelled,Refunded,PLT0028,2026-07-29 05:35:00,2,2
ORD100763,CUST02040,PROD01790,5,8341.69,15,12,39706.44,2026-06-20 23:03:00,Delivered,Paid,PLT0006,2026-07-04 23:03:00,5,5
ORD100764,CUST01464,PROD01886,5,7437.76,20,12,33321.16,2026-02-28 08:10:00,Delivered,Failed,PLT0008,2026-03-08 08:10:00,5,5
ORD100765,CUST00515,PROD02446,5,4906.1,15,18,24604.09,2026-09-24 18:25:00,In Transit,Pending,PLT0005,2026-10-03 18:25:00,5,5
ORD100766,CUST00345,PROD02116,2,2517.46,20,12,4511.29,2026-04-16 08:47:00,Delivered,Failed,PLT0027,2026-04-27 08:47:00,2,1
ORD100767,CUST04865,PROD00800,4,14766.74,0,18,69699.01,2026-03-17 08:07:00,Placed,Refunded,PLT0008,2026-03-25 08:07:00,4,4
ORD100768,CUST02637,PROD02559,2,1321.11,10,12,2663.36,2026-08-24 17:25:00,Returned,Paid,PLT0026,2026-09-04 17:25:00,2,2
ORD100769,CUST02425,PROD03129,5,15227.7,20,18,71874.74,2026-09-18 12:31:00,Packed,Failed,PLT0001,2026-09-22 12:31:00,5,5
ORD100770,CUST04926,PROD03980,3,6874.33,5,28,25077.56,2026-08-27 19:53:00,Shipped,Refunded,PLT0006,2026-09-02 19:53:00,3,3
ORD100771,CUST03171,PROD04752,1,7161.52,15,18,7183.0,2026-06-14 00:08:00,Cancelled,Paid,PLT0000,2026-06-26 00:08:00,1,1
ORD100772,CUST04605,PROD03150,5,7323.09,5,18,41045.92,2026-02-07 10:49:00,Delivered,Paid,PLT0006,2026-02-20 10:49:00,5,5
ORD100773,CUST03430,PROD04764,3,4051.82,0,28,15558.99,2026-04-24 11:17:00,Returned,Paid,PLT0005,2026-04-28 11:17:00,3,3
ORD100774,CUST00834,PROD01677,4,1385.62,0,12,6207.58,2026-02-08 11:27:00,Delivered,Pending,PLT0007,2026-02-15 11:27:00,4,4
ORD100775,CUST03991,PROD04172,5,15797.64,0,28,101104.9,2026-04-17 01:49:00,Returned,Paid,PLT0028,2026-04-22 01:49:00,5,5
ORD100776,CUST03773,PROD04810,3,13767.36,15,12,39319.58,2026-05-26 16:44:00,Shipped,Pending,PLT0029,2026-06-01 16:44:00,3,3
ORD100777,CUST01542,PROD01227,5,6420.75,0,18,37882.43,2026-08-13 07:24:00,Cancelled,Failed,PLT0029,2026-08-24 07:24:00,5,5
ORD100778,CUST00469,PROD03045,2,11831.37,5,12,25177.16,2026-02-15 22:19:00,Cancelled,Pending,PLT0007,2026-03-01 22:19:00,2,1
ORD100779,CUST03869,PROD01352,3,9299.94,10,18,29629.61,2026-03-03 15:50:00,Delivered,Paid,PLT0002,2026-03-15 15:50:00,3,3
ORD100780,CUST04639,PROD00827,2,5605.9,0,12,12557.22,2026-06-16 06:40:00,Delivered,Paid,PLT0003,2026-06-23 06:40:00,2,2
ORD100781,CUST00025,PROD02346,2,10729.31,0,18,25321.17,2026-03-20 02:42:00,Cancelled,Refunded,PLT0003,2026-04-01 02:42:00,2,1
ORD100782,CUST04694,PROD04878,3,11166.67,15,18,33600.51,2026-07-13 11:08:00,Shipped,Paid,PLT0004,2026-07-16 11:08:00,3,3
ORD100783,CUST00623,PROD01833,1,9359.52,5,5,9336.12,2026-09-25 03:19:00,Shipped,Paid,PLT0026,2026-10-08 03:19:00,1,1
ORD100784,CUST04679,PROD03879,3,8955.94,20,12,24073.57,2026-04-17 01:18:00,Cancelled,Paid,PLT0029,2026-04-27 01:18:00,3,3
ORD100785,CUST04104,PROD01747,1,404.16,0,12,452.66,2026-06-14 07:27:00,Placed,Paid,PLT0006,2026-06-26 07:27:00,1,1
ORD100786,CUST02285,PROD02776,5,6980.77,20,5,29319.23,2026-05-01 13:01:00,Packed,Paid,PLT0009,2026-05-06 13:01:00,5,4
ORD100787,CUST03251,PROD01308,5,12846.48,10,18,68214.81,2026-05-19 04:22:00,Shipped,Paid,PLT0009,2026-05-23 04:22:00,5,5
ORD100788,CUST03653,PROD00391,3,15848.03,15,18,47686.72,2026-03-09 16:51:00,Delivered,Failed,PLT0008,2026-03-13 16:51:00,3,3
ORD100789,CUST03436,PROD04254,5,8143.31,10,5,38477.14,2026-09-07 04:56:00,Delivered,Paid,PLT0025,2026-09-13 04:56:00,5,5
ORD100790,CUST00559,PROD01841,4,6016.46,10,5,22742.22,2026-04-07 00:46:00,Cancelled,Pending,PLT0025,2026-04-19 00:46:00,4,4
ORD100791,CUST03813,PROD00689,2,12333.94,15,28,26838.65,2026-08-08 00:58:00,Delivered,Refunded,PLT0008,2026-08-21 00:58:00,2,2
ORD100792,CUST00158,PROD00658,2,5872.01,15,18,11779.25,2026-02-02 15:41:00,Delivered,Paid,PLT0001,2026-02-10 15:41:00,2,2
ORD100793,CUST04889,PROD03202,1,8098.81,20,28,8293.18,2026-08-24 20:30:00,Cancelled,Pending,PLT0007,2026-09-04 20:30:00,1,1
ORD100794,CUST04705,PROD04217,5,760.11,10,12,3830.95,2026-04-24 13:47:00,Delivered,Refunded,PLT0029,2026-05-02 13:47:00,5,5
ORD100795,CUST03050,PROD03456,1,2759.98,5,28,3356.14,2026-07-11 01:26:00,In Transit,Paid,PLT0002,2026-07-24 01:26:00,1,1
ORD100796,CUST00968,PROD03668,2,2653.81,20,5,4458.4,2026-03-10 12:34:00,In Transit,Pending,PLT0025,2026-03-23 12:34:00,2,2
ORD100797,CUST00760,PROD02163,2,5701.76,15,5,10177.64,2026-07-23 12:13:00,Cancelled,Failed,PLT0027,2026-08-05 12:13:00,2,2
ORD100798,CUST00325,PROD02160,5,12005.34,0,5,63028.04,2026-09-22 14:41:00,Packed,Paid,PLT0005,2026-10-02 14:41:00,5,5
ORD100799,CUST01765,PROD03671,4,3874.91,20,5,13019.7,2026-06-11 18:44:00,Packed,Refunded,PLT0005,2026-06-22 18:44:00,4,4
ORD100800,CUST02877,PROD04295,4,6400.37,0,28,32769.89,2026-09-19 14:17:00,In Transit,Refunded,PLT0026,2026-09-22 14:17:00,4,4
ORD100801,CUST03310,PROD03579,5,11891.1,5,28,72297.89,2026-03-13 03:42:00,Delivered,Paid,PLT0025,2026-03-16 03:42:00,5,5
ORD100802,CUST01336,PROD04307,5,7680.74,20,28,39325.39,2026-02-07 20:35:00,Packed,Pending,PLT0000,2026-02-20 20:35:00,5,5
ORD100803,CUST02610,PROD03690,1,403.57,15,5,360.19,2026-01-30 17:55:00,Cancelled,Failed,PLT0006,2026-02-12 17:55:00,1,1
ORD100804,CUST03953,PROD01634,5,12746.65,15,5,56881.93,2026-06-09 00:18:00,Placed,Pending,PLT0002,2026-06-19 00:18:00,5,5
ORD100805,CUST03260,PROD01075,4,15803.79,5,18,70864.19,2026-03-26 00:12:00,Returned,Pending,PLT0007,2026-04-06 00:12:00,4,4
ORD100806,CUST01090,PROD00027,5,3273.81,0,18,19315.48,2026-06-19 14:07:00,Cancelled,Paid,PLT0026,2026-07-03 14:07:00,5,5
ORD100807,CUST00565,PROD03748,1,6637.04,20,5,5575.11,2026-09-01 08:57:00,Packed,Refunded,PLT0003,2026-09-15 08:57:00,1,1
ORD100808,CUST00465,PROD00519,1,15796.69,20,18,14912.08,2026-09-12 22:46:00,Delivered,Pending,PLT0007,2026-09-21 22:46:00,1,1
ORD100809,CUST04875,PROD04358,1,10046.85,10,12,10127.22,2026-07-31 09:23:00,Delivered,Pending,PLT0027,2026-08-08 09:23:00,1,1
ORD100810,CUST00276,PROD00710,1,10934.89,0,12,12247.08,2026-09-21 15:07:00,Placed,Paid,PLT0009,2026-09-24 15:07:00,1,1
ORD100811,CUST01168,PROD00796,3,13965.77,15,5,37393.35,2026-02-12 09:43:00,Returned,Paid,PLT0002,2026-02-25 09:43:00,3,3
ORD100812,CUST04315,PROD03309,5,5975.23,20,28,30593.18,2026-03-05 19:53:00,Packed,Pending,PLT0009,2026-03-16 19:53:00,5,5
ORD100813,CUST00212,PROD02075,2,14084.35,20,12,25239.16,2026-08-23 00:02:00,Cancelled,Paid,PLT0006,2026-08-30 00:02:00,2,1
ORD100814,CUST02839,PROD02057,5,7449.5,20,12,33373.76,2026-09-15 10:09:00,Placed,Paid,PLT0027,2026-09-25 10:09:00,5,5
ORD100815,CUST03717,PROD00940,3,9265.61,0,28,35579.94,2026-02-14 02:35:00,In Transit,Paid,PLT0027,2026-02-25 02:35:00,3,3
ORD100816,CUST04837,PROD04494,1,12759.27,0,18,15055.94,2026-09-20 12:05:00,Cancelled,Paid,PLT0002,2026-09-27 12:05:00,1,1
ORD100817,CUST02814,PROD01173,3,10144.84,20,28,31164.95,2026-04-06 07:59:00,Delivered,Paid,PLT0027,2026-04-17 07:59:00,3,2
ORD100818,CUST03061,PROD03227,4,3939.44,5,18,17664.45,2026-04-01 06:11:00,Packed,Refunded,PLT0026,2026-04-09 06:11:00,4,4
ORD100819,CUST00191,PROD04939,4,12217.58,15,18,49016.93,2026-07-04 10:23:00,In Transit,Paid,PLT0004,2026-07-09 10:23:00,4,4
ORD100820,CUST00197,PROD04081,5,11107.43,10,28,63978.8,2026-02-01 23:12:00,Delivered,Failed,PLT0000,2026-02-10 23:12:00,5,5
ORD100821,CUST00449,PROD00673,5,1374.72,5,18,7705.31,2026-08-23 00:25:00,Shipped,Paid,PLT0006,2026-09-04 00:25:00,5,4
ORD100822,CUST02104,PROD04132,2,3563.47,15,12,6784.85,2026-04-08 05:54:00,Delivered,Paid,PLT0006,2026-04-11 05:54:00,2,2
ORD100823,CUST02440,PROD03826,2,1445.54,0,5,3035.63,2026-04-18 08:57:00,Shipped,Paid,PLT0029,2026-05-01 08:57:00,2,2
ORD100824,CUST02247,PROD00466,4,6059.44,0,18,28600.56,2026-05-20 07:28:00,Returned,Paid,PLT0008,2026-05-27 07:28:00,4,3
ORD100825,CUST00604,PROD00934,1,8457.47,0,12,9472.37,2026-09-23 09:09:00,Packed,Failed,PLT0005,2026-09-29 09:09:00,1,1
ORD100826,CUST02822,PROD02809,3,7681.71,15,28,25073.1,2026-08-20 15:51:00,Delivered,Refunded,PLT0005,2026-08-30 15:51:00,3,1
ORD100827,CUST03494,PROD01871,2,13101.79,5,18,29374.21,2026-09-10 08:39:00,Delivered,Paid,PLT0007,2026-09-17 08:39:00,2,2
ORD100828,CUST03132,PROD04682,2,4054.79,10,12,8174.46,2026-07-27 23:12:00,Delivered,Pending,PLT0009,2026-08-07 23:12:00,2,1
ORD100829,CUST01952,PROD04556,1,9075.99,0,18,10709.67,2026-05-05 01:32:00,In Transit,Paid,PLT0008,2026-05-08 01:32:00,1,1
ORD100830,CUST00339,PROD03788,1,7476.31,15,28,8134.23,2026-02-14 09:51:00,Returned,Refunded,PLT0026,2026-02-23 09:51:00,1,1
ORD100831,CUST03067,PROD02197,5,7418.7,0,5,38948.18,2026-08-18 11:07:00,Delivered,Pending,PLT0029,2026-08-30 11:07:00,5,3
ORD100832,CUST03677,PROD00172,3,362.75,0,18,1284.14,2026-04-25 10:11:00,Delivered,Paid,PLT0007,2026-05-08 10:11:00,3,3
ORD100833,CUST01282,PROD02874,1,6768.22,20,5,5685.3,2026-02-03 11:01:00,Delivered,Paid,PLT0009,2026-02-08 11:01:00,1,1
ORD100834,CUST04071,PROD02228,2,9612.88,20,18,18149.12,2026-06-04 16:43:00,Delivered,Paid,PLT0027,2026-06-15 16:43:00,2,2
ORD100835,CUST03056,PROD00633,2,8234.67,10,18,17490.44,2026-04-20 13:04:00,Shipped,Paid,PLT0000,2026-04-26 13:04:00,2,1
ORD100836,CUST03554,PROD04733,4,11611.06,0,28,59448.63,2026-02-17 07:16:00,Cancelled,Failed,PLT0025,2026-03-01 07:16:00,4,4
ORD100837,CUST01268,PROD00530,1,13848.09,15,18,13889.63,2026-03-08 10:57:00,Shipped,Failed,PLT0009,2026-03-12 10:57:00,1,1
ORD100838,CUST01536,PROD04776,5,13256.63,10,12,66813.42,2026-09-03 00:40:00,Delivered,Paid,PLT0027,2026-09-14 00:40:00,5,2
ORD100839,CUST00179,PROD04799,3,2046.72,5,12,6533.13,2026-03-27 22:58:00,Delivered,Pending,PLT0027,2026-04-06 22:58:00,3,1
ORD100840,CUST01342,PROD04777,5,108.51,20,5,455.74,2026-05-13 12:10:00,Cancelled,Failed,PLT0007,2026-05-16 12:10:00,5,4
ORD100841,CUST00931,PROD02452,2,15465.04,15,5,27605.1,2026-05-06 13:12:00,Delivered,Failed,PLT0001,2026-05-13 13:12:00,2,2
ORD100842,CUST03695,PROD04929,5,11927.09,0,12,66791.7,2026-07-18 05:56:00,In Transit,Pending,PLT0025,2026-07-25 05:56:00,5,4
ORD100843,CUST02616,PROD04377,2,6185.27,10,5,11690.16,2026-03-27 14:16:00,Returned,Paid,PLT0009,2026-03-31 14:16:00,2,1
ORD100844,CUST04430,PROD02609,2,11339.93,15,5,20241.78,2026-06-18 12:56:00,Cancelled,Refunded,PLT0007,2026-06-29 12:56:00,2,2
ORD100845,CUST04656,PROD00995,2,5838.48,10,12,11770.38,2026-06-06 08:10:00,Shipped,Refunded,PLT0001,2026-06-09 08:10:00,2,2
ORD100846,CUST01466,PROD01001,2,3042.61,10,12,6133.9,2026-02-21 05:50:00,Placed,Failed,PLT0006,2026-03-06 05:50:00,2,2
ORD100847,CUST04599,PROD03941,2,12139.8,10,12,24473.84,2026-08-28 19:32:00,Packed,Paid,PLT0006,2026-09-11 19:32:00,2,2
ORD100848,CUST01738,PROD02365,4,9276.48,0,28,47495.58,2026-09-09 00:22:00,Delivered,Failed,PLT0025,2026-09-22 00:22:00,4,4
ORD100849,CUST04624,PROD01382,5,6317.2,15,28,34365.57,2026-02-19 13:51:00,Returned,Paid,PLT0027,2026-02-28 13:51:00,5,5
ORD100850,CUST00180,PROD03199,4,1729.83,0,12,7749.64,2026-06-14 21:30:00,Shipped,Paid,PLT0009,2026-06-23 21:30:00,4,3
ORD100851,CUST02625,PROD00655,4,6962.39,0,18,32862.48,2026-08-25 07:34:00,Shipped,Paid,PLT0001,2026-09-03 07:34:00,4,4
ORD100852,CUST01589,PROD02552,1,1863.87,0,12,2087.53,2026-05-28 22:18:00,In Transit,Paid,PLT0000,2026-06-02 22:18:00,1,1
ORD100853,CUST03765,PROD01074,1,383.2,0,28,490.5,2026-04-29 10:28:00,Cancelled,Paid,PLT0009,2026-05-02 10:28:00,1,1
ORD100854,CUST00240,PROD01163,1,5427.39,20,5,4559.01,2026-07-26 01:15:00,Shipped,Pending,PLT0027,2026-08-04 01:15:00,1,1
ORD100855,CUST00963,PROD03637,3,14738.76,10,18,46957.69,2026-03-18 08:52:00,Delivered,Refunded,PLT0025,2026-03-29 08:52:00,3,3
ORD100856,CUST01859,PROD02542,1,12280.24,15,18,12317.08,2026-02-12 23:56:00,Delivered,Refunded,PLT0000,2026-02-24 23:56:00,1,1
ORD100857,CUST03917,PROD00234,5,7930.03,15,5,35387.76,2026-03-12 10:44:00,Returned,Pending,PLT0028,2026-03-21 10:44:00,5,5
ORD100858,CUST03215,PROD02431,4,9685.79,5,18,43431.08,2026-05-10 03:04:00,Delivered,Paid,PLT0005,2026-05-19 03:04:00,4,4
ORD100859,CUST00237,PROD02932,5,10609.13,5,5,52913.04,2026-07-07 15:31:00,Delivered,Refunded,PLT0006,2026-07-11 15:31:00,5,3
ORD100860,CUST03739,PROD00671,1,2855.64,0,28,3655.22,2026-09-05 16:46:00,Placed,Paid,PLT0028,2026-09-18 16:46:00,1,1
ORD100861,CUST01514,PROD01375,3,4029.97,5,18,13552.79,2026-08-22 02:40:00,Delivered,Paid,PLT0027,2026-08-26 02:40:00,3,1
ORD100862,CUST00040,PROD01364,3,10140.81,5,18,34103.54,2026-05-07 21:16:00,Delivered,Pending,PLT0002,2026-05-15 21:16:00,3,3
ORD100863,CUST01774,PROD04292,4,1359.56,0,5,5710.15,2026-04-29 01:34:00,Placed,Paid,PLT0005,2026-05-04 01:34:00,4,4
ORD100864,CUST01251,PROD02696,5,8351.61,20,5,35076.76,2026-08-03 15:25:00,Packed,Paid,PLT0000,2026-08-14 15:25:00,5,5
ORD100865,CUST02288,PROD04108,2,900.63,0,28,2305.61,2026-02-12 21:46:00,Packed,Paid,PLT0028,2026-02-17 21:46:00,2,2
ORD100866,CUST04256,PROD04635,5,2282.07,5,5,11381.82,2026-09-21 22:41:00,Delivered,Refunded,PLT0027,2026-09-27 22:41:00,5,3
ORD100867,CUST04980,PROD01792,1,11824.2,15,5,10553.1,2026-04-04 16:04:00,Delivered,Refunded,PLT0027,2026-04-18 16:04:00,1,1
ORD100868,CUST01584,PROD03770,2,1952.67,5,28,4748.89,2026-06-19 19:37:00,Delivered,Paid,PLT0007,2026-06-26 19:37:00,2,2
ORD100869,CUST01154,PROD00246,3,14859.27,10,12,44934.43,2026-04-14 11:24:00,Returned,Paid,PLT0003,2026-04-24 11:24:00,3,3
ORD100870,CUST01864,PROD04585,4,11096.32,10,12,44740.36,2026-08-27 02:39:00,Delivered,Refunded,PLT0008,2026-09-06 02:39:00,4,4
ORD100871,CUST03814,PROD00945,4,3381.1,10,5,12780.56,2026-07-25 00:19:00,Delivered,Pending,PLT0004,2026-08-06 00:19:00,4,4
ORD100872,CUST03946,PROD00406,3,14337.82,20,28,44045.78,2026-03-23 04:05:00,Packed,Failed,PLT0026,2026-03-27 04:05:00,3,3
ORD100873,CUST02996,PROD01933,1,9013.5,0,12,10095.12,2026-04-05 17:00:00,Packed,Refunded,PLT0025,2026-04-19 17:00:00,1,1
ORD100874,CUST03445,PROD02832,3,10631.7,10,28,36743.16,2026-06-30 06:10:00,Delivered,Paid,PLT0029,2026-07-13 06:10:00,3,3
ORD100875,CUST04027,PROD03711,1,262.52,15,5,234.3,2026-09-05 06:29:00,Placed,Paid,PLT0005,2026-09-14 06:29:00,1,1
ORD100876,CUST03899,PROD02262,2,9669.58,20,5,16244.89,2026-04-01 11:50:00,In Transit,Refunded,PLT0005,2026-04-10 11:50:00,2,2
ORD100877,CUST02220,PROD01834,3,11993.36,0,28,46054.5,2026-02-02 15:00:00,Delivered,Paid,PLT0004,2026-02-10 15:00:00,3,3
ORD100878,CUST03080,PROD00716,1,14878.51,0,18,17556.64,2026-07-16 10:36:00,Delivered,Failed,PLT0002,2026-07-19 10:36:00,1,1
ORD100879,CUST03179,PROD04560,2,15950.5,10,5,30146.44,2026-09-02 23:07:00,Delivered,Paid,PLT0005,2026-09-10 23:07:00,2,2
ORD100880,CUST04468,PROD04641,3,15136.42,5,5,45295.74,2026-09-09 22:33:00,Returned,Paid,PLT0006,2026-09-17 22:33:00,3,3
ORD100881,CUST02664,PROD00956,4,6190.9,0,5,26001.78,2026-04-03 01:56:00,Packed,Paid,PLT0009,2026-04-09 01:56:00,4,4
ORD100882,CUST01676,PROD00304,3,10234.14,5,5,30625.66,2026-05-02 12:13:00,Returned,Paid,PLT0000,2026-05-15 12:13:00,3,3
ORD100883,CUST01526,PROD00243,5,14645.34,5,28,89043.67,2026-05-19 21:10:00,Placed,Paid,PLT0008,2026-05-25 21:10:00,5,5
ORD100884,CUST02272,PROD02551,3,5645.25,0,28,21677.76,2026-06-21 21:27:00,Placed,Paid,PLT0000,2026-06-30 21:27:00,3,3
ORD100885,CUST00957,PROD04771,5,210.02,0,28,1344.13,2026-04-22 17:15:00,Delivered,Failed,PLT0000,2026-04-29 17:15:00,5,5
ORD100886,CUST02405,PROD01470,2,12538.93,20,28,25679.73,2026-08-18 05:16:00,Delivered,Refunded,PLT0003,2026-08-24 05:16:00,2,2
ORD100887,CUST04140,PROD02091,3,12431.23,20,18,35205.24,2026-05-10 10:40:00,Placed,Paid,PLT0002,2026-05-18 10:40:00,3,3
ORD100888,CUST02318,PROD03294,2,8713.0,0,28,22305.28,2026-08-07 10:36:00,Delivered,Paid,PLT0026,2026-08-15 10:36:00,2,2
ORD100889,CUST01280,PROD00300,2,1456.02,15,28,3168.3,2026-03-11 20:41:00,Delivered,Paid,PLT0002,2026-03-15 20:41:00,2,1
ORD100890,CUST03429,PROD00988,1,7012.75,15,5,6258.88,2026-06-26 23:18:00,Cancelled,Pending,PLT0027,2026-07-05 23:18:00,1,1
ORD100891,CUST04601,PROD01235,2,10460.5,0,18,24686.78,2026-09-06 06:56:00,Cancelled,Pending,PLT0029,2026-09-14 06:56:00,2,2
ORD100892,CUST04951,PROD04441,2,14000.49,0,5,29401.03,2026-05-05 08:25:00,Shipped,Paid,PLT0029,2026-05-15 08:25:00,2,2
ORD100893,CUST04164,PROD02940,3,773.51,10,18,2464.4,2026-06-25 22:46:00,Packed,Refunded,PLT0026,2026-06-28 22:46:00,3,1
ORD100894,CUST04509,PROD02127,3,10190.27,20,12,27391.45,2026-03-01 09:41:00,In Transit,Paid,PLT0007,2026-03-11 09:41:00,3,3
ORD100895,CUST00289,PROD04666,4,11378.28,0,18,53705.48,2026-03-17 01:48:00,Delivered,Paid,PLT0009,2026-03-23 01:48:00,4,3
ORD100896,CUST03988,PROD04710,1,10414.08,15,18,10445.32,2026-06-19 03:56:00,Placed,Failed,PLT0006,2026-06-28 03:56:00,1,1
ORD100897,CUST03616,PROD03749,2,6497.26,0,5,13644.25,2026-08-11 13:56:00,Placed,Paid,PLT0007,2026-08-24 13:56:00,2,2
ORD100898,CUST02941,PROD01464,1,10558.74,15,18,10590.42,2026-07-15 18:12:00,Returned,Paid,PLT0003,2026-07-20 18:12:00,1,1
ORD100899,CUST03902,PROD03280,5,12684.78,0,18,74840.2,2026-04-09 02:08:00,Delivered,Paid,PLT0004,2026-04-19 02:08:00,5,5
ORD100900,CUST02342,PROD01868,2,2719.56,10,5,5139.97,2026-03-26 11:04:00,In Transit,Pending,PLT0001,2026-04-06 11:04:00,2,2
ORD100901,CUST03582,PROD00821,1,12864.37,0,12,14408.09,2026-09-01 07:22:00,Returned,Paid,PLT0008,2026-09-07 07:22:00,1,1
ORD100902,CUST02823,PROD02744,4,2337.77,10,12,9425.89,2026-04-05 21:52:00,Placed,Refunded,PLT0008,2026-04-08 21:52:00,4,4
ORD100903,CUST04339,PROD00431,4,2372.57,15,12,9034.75,2026-07-08 21:40:00,Placed,Failed,PLT0026,2026-07-21 21:40:00,4,4
ORD100904,CUST02776,PROD04195,2,9943.85,20,18,18773.99,2026-03-01 01:50:00,Delivered,Paid,PLT0029,2026-03-15 01:50:00,2,2
ORD100905,CUST03597,PROD00585,5,10170.07,20,5,42714.29,2026-09-08 19:55:00,In Transit,Refunded,PLT0008,2026-09-19 19:55:00,5,5
ORD100906,CUST04499,PROD00065,4,4565.86,5,12,19432.3,2026-03-06 03:10:00,In Transit,Pending,PLT0027,2026-03-14 03:10:00,4,4
ORD100907,CUST03046,PROD04536,4,9448.07,10,12,38094.62,2026-04-18 04:45:00,Cancelled,Paid,PLT0008,2026-04-23 04:45:00,4,4
ORD100908,CUST03232,PROD03563,5,1004.96,0,12,5627.78,2026-03-07 17:26:00,Returned,Paid,PLT0002,2026-03-19 17:26:00,5,3
ORD100909,CUST02452,PROD03584,1,13769.74,0,12,15422.11,2026-06-01 17:59:00,Shipped,Paid,PLT0027,2026-06-05 17:59:00,1,1
ORD100910,CUST03004,PROD03624,4,13996.74,0,5,58786.31,2026-09-14 02:36:00,In Transit,Pending,PLT0029,2026-09-18 02:36:00,4,4
ORD100911,CUST00719,PROD00433,3,9928.67,0,12,33360.33,2026-09-16 16:19:00,Delivered,Pending,PLT0005,2026-09-26 16:19:00,3,3
ORD100912,CUST04766,PROD02200,4,6147.37,10,18,26114.03,2026-08-16 07:23:00,Packed,Paid,PLT0026,2026-08-20 07:23:00,4,4
ORD100913,CUST01471,PROD01060,1,10076.34,0,18,11890.08,2026-06-04 04:10:00,Placed,Paid,PLT0000,2026-06-15 04:10:00,1,1
ORD100914,CUST02270,PROD04737,1,8246.05,5,5,8225.43,2026-04-01 12:31:00,Cancelled,Paid,PLT0002,2026-04-05 12:31:00,1,1
ORD100915,CUST01127,PROD02942,2,9663.71,0,28,24739.1,2026-07-29 09:13:00,Returned,Refunded,PLT0006,2026-08-03 09:13:00,2,2
ORD100916,CUST03674,PROD03678,3,6137.05,0,12,20620.49,2026-05-30 12:33:00,Cancelled,Pending,PLT0002,2026-06-13 12:33:00,3,2
ORD100917,CUST04652,PROD04906,1,2669.94,5,12,2840.82,2026-03-20 00:16:00,Shipped,Pending,PLT0009,2026-03-29 00:16:00,1,1
ORD100918,CUST01984,PROD00152,5,3908.03,0,18,23057.38,2026-01-30 03:02:00,Packed,Paid,PLT0006,2026-02-08 03:02:00,5,5
ORD100919,CUST02174,PROD01745,3,6715.85,0,5,21154.93,2026-07-12 03:54:00,Packed,Paid,PLT0027,2026-07-18 03:54:00,3,3
ORD100920,CUST03162,PROD02640,3,11269.39,10,28,38947.01,2026-09-20 06:23:00,Delivered,Paid,PLT0028,2026-10-04 06:23:00,3,3
ORD100921,CUST04409,PROD02284,5,824.82,20,18,3893.15,2026-02-18 14:37:00,In Transit,Refunded,PLT0003,2026-02-23 14:37:00,5,2
ORD100922,CUST01044,PROD00378,4,469.02,20,28,1921.11,2026-08-21 22:30:00,Placed,Paid,PLT0025,2026-08-28 22:30:00,4,4
ORD100923,CUST04584,PROD03174,5,2650.36,0,5,13914.39,2026-08-24 13:22:00,Packed,Refunded,PLT0025,2026-09-04 13:22:00,5,2
ORD100924,CUST02976,PROD02219,5,13975.79,0,5,73372.9,2026-07-18 01:00:00,Delivered,Failed,PLT0029,2026-08-01 01:00:00,5,5
ORD100925,CUST00748,PROD01227,4,6420.75,0,5,26967.15,2026-08-07 08:36:00,Delivered,Failed,PLT0000,2026-08-18 08:36:00,4,4
ORD100926,CUST03265,PROD04328,4,15721.09,20,18,59362.84,2026-07-20 05:41:00,Packed,Paid,PLT0004,2026-07-31 05:41:00,4,4
ORD100927,CUST02834,PROD01301,4,601.22,0,5,2525.12,2026-04-01 21:48:00,Delivered,Refunded,PLT0001,2026-04-08 21:48:00,4,4
ORD100928,CUST01183,PROD01821,4,3369.43,5,18,15108.52,2026-07-27 23:01:00,Returned,Refunded,PLT0006,2026-08-09 23:01:00,4,4
ORD100929,CUST01504,PROD02949,4,5970.56,0,18,28181.04,2026-04-27 07:05:00,Placed,Failed,PLT0003,2026-05-07 07:05:00,4,4
ORD100930,CUST04272,PROD04658,5,8826.66,20,12,39543.44,2026-02-11 15:14:00,Placed,Refunded,PLT0003,2026-02-17 15:14:00,5,5
ORD100931,CUST04019,PROD04103,2,8814.51,15,18,17681.91,2026-07-06 12:51:00,Delivered,Refunded,PLT0003,2026-07-09 12:51:00,2,2
ORD100932,CUST01703,PROD02293,2,3390.18,20,18,6400.66,2026-03-27 19:08:00,Cancelled,Paid,PLT0000,2026-04-08 19:08:00,2,2
ORD100933,CUST02673,PROD04365,1,3704.68,5,12,3941.78,2026-06-22 13:42:00,Shipped,Pending,PLT0027,2026-06-26 13:42:00,1,1
ORD100934,CUST00884,PROD04119,2,2377.18,0,28,6085.58,2026-02-16 04:15:00,Packed,Refunded,PLT0009,2026-02-22 04:15:00,2,1
ORD100935,CUST00709,PROD03976,2,14476.47,5,12,30805.93,2026-07-22 19:50:00,Delivered,Paid,PLT0000,2026-07-31 19:50:00,2,2
ORD100936,CUST04512,PROD03264,5,387.17,15,12,1842.93,2026-05-18 13:05:00,In Transit,Pending,PLT0002,2026-05-26 13:05:00,5,5
ORD100937,CUST03826,PROD00645,4,2003.22,15,5,7151.5,2026-02-01 21:44:00,Delivered,Refunded,PLT0007,2026-02-09 21:44:00,4,4
ORD100938,CUST03937,PROD04406,4,10979.6,0,5,46114.32,2026-09-02 16:12:00,Cancelled,Refunded,PLT0004,2026-09-05 16:12:00,4,4
ORD100939,CUST04345,PROD03430,5,9431.29,0,12,52815.22,2026-06-17 00:48:00,Placed,Failed,PLT0000,2026-06-25 00:48:00,5,4
ORD100940,CUST03222,PROD02315,2,15884.79,20,5,26686.45,2026-08-19 12:04:00,Placed,Refunded,PLT0001,2026-08-28 12:04:00,2,1
ORD100941,CUST01971,PROD04247,5,4087.98,10,12,20603.42,2026-07-07 07:11:00,In Transit,Paid,PLT0007,2026-07-13 07:11:00,5,5
ORD100942,CUST02127,PROD02314,1,11264.91,5,5,11236.75,2026-06-07 20:45:00,Delivered,Pending,PLT0029,2026-06-11 20:45:00,1,1
ORD100943,CUST00557,PROD00622,4,3427.65,20,18,12942.81,2026-08-02 00:48:00,Returned,Refunded,PLT0025,2026-08-07 00:48:00,4,4
ORD100944,CUST02243,PROD01440,3,10806.58,10,5,30636.65,2026-01-31 03:47:00,Cancelled,Paid,PLT0029,2026-02-10 03:47:00,3,3
ORD100945,CUST02332,PROD00660,1,9174.38,20,5,7706.48,2026-09-23 12:33:00,Packed,Pending,PLT0004,2026-10-05 12:33:00,1,1
ORD100946,CUST04586,PROD01218,1,10918.94,15,18,10951.7,2026-08-31 03:03:00,Cancelled,Refunded,PLT0008,2026-09-11 03:03:00,1,1
ORD100947,CUST03920,PROD01949,5,5317.26,0,12,29776.66,2026-07-29 20:56:00,Placed,Paid,PLT0027,2026-08-08 20:56:00,5,5
ORD100948,CUST03975,PROD02308,2,9910.36,0,5,20811.76,2026-08-25 02:19:00,Shipped,Pending,PLT0003,2026-09-07 02:19:00,2,2
ORD100949,CUST03616,PROD04666,4,11378.28,20,5,38231.02,2026-03-30 16:29:00,Placed,Failed,PLT0002,2026-04-03 16:29:00,4,4
ORD100950,CUST02463,PROD03110,3,9850.34,0,18,34870.2,2026-08-21 17:16:00,Placed,Paid,PLT0029,2026-09-01 17:16:00,3,1
ORD100951,CUST03645,PROD00287,1,7502.01,0,18,8852.37,2026-02-15 10:30:00,Delivered,Refunded,PLT0000,2026-02-20 10:30:00,1,1
ORD100952,CUST03339,PROD02869,3,4590.69,20,18,13000.83,2026-03-26 01:21:00,Delivered,Refunded,PLT0009,2026-04-08 01:21:00,3,3
ORD100953,CUST01613,PROD04934,2,7172.15,15,28,15606.6,2026-09-12 07:49:00,Delivered,Pending,PLT0001,2026-09-23 07:49:00,2,2
ORD100954,CUST04786,PROD01674,2,12913.21,20,18,24380.14,2026-03-19 20:47:00,Placed,Failed,PLT0006,2026-03-31 20:47:00,2,2
ORD100955,CUST03652,PROD04094,3,14867.87,20,12,39964.83,2026-03-20 12:14:00,Packed,Paid,PLT0025,2026-03-30 12:14:00,3,3
ORD100956,CUST00634,PROD00347,4,10196.99,0,5,42827.36,2026-04-17 18:13:00,Returned,Paid,PLT0025,2026-04-23 18:13:00,4,4
ORD100957,CUST00150,PROD03211,2,2648.81,15,5,4728.13,2026-02-01 19:56:00,Cancelled,Refunded,PLT0025,2026-02-10 19:56:00,2,2
ORD100958,CUST01584,PROD01198,3,15504.16,20,28,47628.78,2026-03-01 20:56:00,Returned,Paid,PLT0029,2026-03-06 20:56:00,3,3
ORD100959,CUST00552,PROD03800,1,9129.79,0,5,9586.28,2026-08-30 07:23:00,Placed,Paid,PLT0003,2026-09-07 07:23:00,1,1
ORD100960,CUST04292,PROD01174,3,4229.88,5,5,12657.92,2026-09-18 05:25:00,Placed,Paid,PLT0028,2026-09-30 05:25:00,3,3
ORD100961,CUST04399,PROD01850,3,10367.39,15,12,29609.27,2026-08-01 02:14:00,Delivered,Refunded,PLT0002,2026-08-11 02:14:00,3,3
ORD100962,CUST03595,PROD02737,5,15861.11,10,5,74943.74,2026-09-13 07:30:00,Shipped,Paid,PLT0002,2026-09-17 07:30:00,5,5
ORD100963,CUST01467,PROD01141,2,13211.43,0,12,29593.6,2026-04-29 05:47:00,Delivered,Paid,PLT0004,2026-05-04 05:47:00,2,2
ORD100964,CUST04074,PROD03206,4,13421.74,10,28,61847.38,2026-02-11 16:47:00,Shipped,Refunded,PLT0028,2026-02-25 16:47:00,4,3
ORD100965,CUST03986,PROD02215,4,11653.07,15,12,44374.89,2026-09-14 04:19:00,In Transit,Paid,PLT0004,2026-09-23 04:19:00,4,2
ORD100966,CUST04658,PROD01719,5,15739.49,20,18,74290.39,2026-02-27 21:48:00,Shipped,Paid,PLT0001,2026-03-11 21:48:00,5,5
ORD100967,CUST03426,PROD03126,4,9746.03,0,18,46001.26,2026-05-16 03:22:00,Delivered,Pending,PLT0003,2026-05-21 03:22:00,4,4
ORD100968,CUST00449,PROD00731,3,2710.83,15,28,8848.15,2026-09-04 03:19:00,Delivered,Paid,PLT0026,2026-09-12 03:19:00,3,3
ORD100969,CUST03358,PROD00909,5,4223.83,0,5,22175.11,2026-04-23 06:09:00,Delivered,Paid,PLT0028,2026-04-28 06:09:00,5,5
ORD100970,CUST04419,PROD02014,1,2313.0,15,12,2201.98,2026-06-09 23:50:00,In Transit,Paid,PLT0005,2026-06-22 23:50:00,1,1
ORD100971,CUST04142,PROD04246,2,14961.21,0,18,35308.46,2026-09-21 07:51:00,In Transit,Refunded,PLT0006,2026-09-26 07:51:00,2,2
ORD100972,CUST04276,PROD04373,2,912.29,10,12,1839.18,2026-05-05 05:34:00,Delivered,Paid,PLT0003,2026-05-11 05:34:00,2,1
ORD100973,CUST03130,PROD03885,2,14189.29,5,18,31812.39,2026-04-10 02:14:00,Shipped,Paid,PLT0006,2026-04-13 02:14:00,2,2
ORD100974,CUST03589,PROD00474,3,14268.18,10,12,43146.98,2026-05-19 03:53:00,In Transit,Pending,PLT0025,2026-06-01 03:53:00,3,3
ORD100975,CUST02317,PROD02625,1,6098.36,0,5,6403.28,2026-05-09 20:43:00,Shipped,Paid,PLT0007,2026-05-23 20:43:00,1,1
ORD100976,CUST01432,PROD03845,5,2662.38,0,28,17039.23,2026-07-27 17:12:00,Packed,Refunded,PLT0004,2026-08-05 17:12:00,5,5
ORD100977,CUST00076,PROD00841,5,307.2,0,5,1612.8,2026-07-06 03:09:00,Shipped,Paid,PLT0007,2026-07-09 03:09:00,5,5
ORD100978,CUST02708,PROD03543,2,2435.06,15,12,4636.35,2026-02-05 07:34:00,Delivered,Pending,PLT0007,2026-02-16 07:34:00,2,2
ORD100979,CUST00250,PROD01325,1,15615.26,15,18,15662.11,2026-08-11 06:45:00,In Transit,Paid,PLT0027,2026-08-14 06:45:00,1,1
ORD100980,CUST02658,PROD04153,1,11421.98,10,18,12130.14,2026-02-11 12:28:00,Placed,Failed,PLT0026,2026-02-23 12:28:00,1,1
ORD100981,CUST03856,PROD02296,1,220.86,5,28,268.57,2026-03-26 07:00:00,Shipped,Paid,PLT0028,2026-03-29 07:00:00,1,1
ORD100982,CUST04383,PROD04076,4,9247.21,5,5,36896.37,2026-06-25 06:27:00,Delivered,Paid,PLT0027,2026-07-01 06:27:00,4,4
ORD100983,CUST02426,PROD03062,4,1562.87,0,5,6564.05,2026-03-11 09:29:00,Returned,Refunded,PLT0026,2026-03-17 09:29:00,4,4
ORD100984,CUST03305,PROD02477,2,2176.37,0,5,4570.38,2026-04-10 05:33:00,In Transit,Paid,PLT0004,2026-04-17 05:33:00,2,1
ORD100985,CUST01438,PROD04127,1,10905.17,0,18,12868.1,2026-05-20 22:31:00,In Transit,Failed,PLT0007,2026-06-01 22:31:00,1,1
ORD100986,CUST01182,PROD04038,1,12720.71,15,28,13840.13,2026-06-13 06:29:00,Placed,Refunded,PLT0008,2026-06-25 06:29:00,1,1
ORD100987,CUST00571,PROD00367,5,15381.93,20,18,72602.71,2026-05-03 22:49:00,In Transit,Pending,PLT0026,2026-05-08 22:49:00,5,5
ORD100988,CUST03320,PROD00432,5,12207.02,20,5,51269.48,2026-07-16 14:34:00,Delivered,Refunded,PLT0025,2026-07-28 14:34:00,5,5
ORD100989,CUST01715,PROD04659,2,3107.21,20,12,5568.12,2026-07-21 15:50:00,Packed,Paid,PLT0004,2026-07-29 15:50:00,2,2
ORD100990,CUST02146,PROD03528,1,12171.75,0,18,14362.66,2026-01-31 17:19:00,In Transit,Paid,PLT0026,2026-02-03 17:19:00,1,1
ORD100991,CUST03334,PROD02089,2,13170.44,0,28,33716.33,2026-06-29 05:27:00,Shipped,Paid,PLT0028,2026-07-08 05:27:00,2,2
ORD100992,CUST02708,PROD03374,5,10624.31,10,5,50199.86,2026-03-25 03:14:00,Shipped,Failed,PLT0025,2026-03-28 03:14:00,5,3
ORD100993,CUST00759,PROD00966,5,5754.2,15,12,27389.99,2026-06-20 15:28:00,Cancelled,Failed,PLT0029,2026-07-03 15:28:00,5,5
ORD100994,CUST04353,PROD02187,4,13951.15,20,18,52679.54,2026-07-18 23:16:00,Delivered,Paid,PLT0029,2026-07-28 23:16:00,4,4
ORD100995,CUST03316,PROD03075,2,9601.93,5,12,20432.91,2026-03-24 05:49:00,Placed,Failed,PLT0009,2026-04-04 05:49:00,2,2
ORD100996,CUST02605,PROD04697,2,8136.78,0,12,18226.39,2026-04-03 08:59:00,Delivered,Paid,PLT0000,2026-04-12 08:59:00,2,2
ORD100997,CUST00929,PROD04997,1,1997.16,15,28,2172.91,2026-02-12 19:24:00,Cancelled,Paid,PLT0029,2026-02-25 19:24:00,1,1
ORD100998,CUST02836,PROD02291,1,9810.4,15,18,9839.83,2026-09-15 08:02:00,Delivered,Pending,PLT0003,2026-09-28 08:02:00,1,1
ORD100999,CUST01907,PROD04215,4,10239.61,5,28,49805.46,2026-06-22 15:51:00,Delivered,Paid,PLT0007,2026-07-03 15:51:00,4,4
ORD101000,CUST00704,PROD02006,3,12173.43,5,5,36428.99,2026-03-06 19:01:00,Cancelled,Paid,PLT0009,2026-03-15 19:01:00,3,3
ORD101001,CUST01087,PROD04199,3,7143.24,5,12,22801.22,2026-02-08 03:44:00,In Transit,Pending,PLT0009,2026-02-22 03:44:00,3,3
ORD101002,CUST00522,PROD02888,3,6608.65,20,28,20301.77,2026-05-07 05:25:00,Placed,Paid,PLT0008,2026-05-15 05:25:00,3,3
ORD101003,CUST02401,PROD03318,2,183.48,20,28,375.77,2026-09-16 21:41:00,Returned,Paid,PLT0026,2026-09-21 21:41:00,2,1
ORD101004,CUST00588,PROD00362,2,10327.28,0,5,21687.29,2026-05-30 11:26:00,Packed,Pending,PLT0009,2026-06-13 11:26:00,2,2
ORD101005,CUST01913,PROD01003,5,13978.84,5,18,78351.4,2026-05-01 06:11:00,Packed,Paid,PLT0000,2026-05-08 06:11:00,5,5
ORD101006,CUST04271,PROD03561,2,4971.77,10,28,11454.96,2026-02-20 17:08:00,Placed,Refunded,PLT0026,2026-03-06 17:08:00,2,1
ORD101007,CUST01027,PROD03463,2,10210.45,15,12,19440.7,2026-06-15 17:19:00,Cancelled,Failed,PLT0029,2026-06-27 17:19:00,2,2
ORD101008,CUST04111,PROD04122,2,8453.98,5,12,17990.07,2026-04-06 04:12:00,Returned,Failed,PLT0025,2026-04-19 04:12:00,2,2
ORD101009,CUST03968,PROD02774,4,7407.67,15,12,28208.41,2026-08-29 13:03:00,Placed,Refunded,PLT0025,2026-09-06 13:03:00,4,4
ORD101010,CUST00385,PROD04538,2,9884.19,0,12,22140.59,2026-04-19 11:38:00,Returned,Refunded,PLT0026,2026-04-22 11:38:00,2,2
ORD101011,CUST04356,PROD03389,1,718.77,0,28,920.03,2026-03-14 07:36:00,Cancelled,Refunded,PLT0028,2026-03-20 07:36:00,1,1
ORD101012,CUST03524,PROD03724,1,3052.16,5,12,3247.5,2026-06-11 02:27:00,Delivered,Paid,PLT0003,2026-06-23 02:27:00,1,1
ORD101013,CUST04170,PROD03601,5,2344.45,15,28,12753.81,2026-03-25 20:43:00,Delivered,Failed,PLT0002,2026-04-01 20:43:00,5,2
ORD101014,CUST03500,PROD04315,4,15536.95,0,18,73334.4,2026-09-12 16:07:00,Cancelled,Paid,PLT0027,2026-09-18 16:07:00,4,4
ORD101015,CUST02580,PROD04943,1,13589.7,5,12,14459.44,2026-07-18 06:06:00,Returned,Paid,PLT0029,2026-08-01 06:06:00,1,1
ORD101016,CUST00886,PROD02728,4,3727.94,15,18,14956.5,2026-07-23 13:43:00,Delivered,Paid,PLT0009,2026-08-03 13:43:00,4,2
ORD101017,CUST02077,PROD01891,4,1675.93,5,28,8151.72,2026-07-04 16:34:00,Delivered,Refunded,PLT0025,2026-07-15 16:34:00,4,3
ORD101018,CUST03578,PROD01124,5,12970.31,20,5,54475.3,2026-06-01 05:08:00,In Transit,Paid,PLT0009,2026-06-05 05:08:00,5,5
ORD101019,CUST03358,PROD02515,4,10061.82,15,18,40368.02,2026-02-11 17:19:00,In Transit,Paid,PLT0003,2026-02-21 17:19:00,4,4
ORD101020,CUST00435,PROD03691,2,13246.05,0,12,29671.15,2026-03-16 18:02:00,Delivered,Paid,PLT0028,2026-03-29 18:02:00,2,1
ORD101021,CUST00840,PROD02754,4,5587.56,5,5,22294.36,2026-06-11 17:47:00,In Transit,Paid,PLT0007,2026-06-14 17:47:00,4,3
ORD101022,CUST04049,PROD01765,5,2484.77,0,18,14660.14,2026-07-21 12:17:00,In Transit,Paid,PLT0005,2026-07-29 12:17:00,5,5
ORD101023,CUST00116,PROD01714,5,7409.83,5,28,45051.77,2026-06-04 22:28:00,Delivered,Pending,PLT0025,2026-06-18 22:28:00,5,5
ORD101024,CUST02867,PROD00338,5,11287.16,0,28,72237.82,2026-04-07 21:56:00,Cancelled,Paid,PLT0004,2026-04-10 21:56:00,5,5
ORD101025,CUST04643,PROD01860,1,11682.0,0,28,14952.96,2026-02-02 08:38:00,Returned,Failed,PLT0025,2026-02-16 08:38:00,1,1
ORD101026,CUST01941,PROD03201,2,8897.6,0,18,20998.34,2026-02-24 05:36:00,Delivered,Paid,PLT0001,2026-03-02 05:36:00,2,2
ORD101027,CUST03398,PROD00622,1,3427.65,10,28,3948.65,2026-06-13 21:15:00,In Transit,Paid,PLT0005,2026-06-23 21:15:00,1,1
ORD101028,CUST03794,PROD04675,3,6582.67,20,18,18642.12,2026-07-13 14:18:00,Cancelled,Paid,PLT0008,2026-07-24 14:18:00,3,3
ORD101029,CUST00304,PROD04614,2,1832.32,0,12,4104.4,2026-06-09 11:37:00,Placed,Refunded,PLT0007,2026-06-13 11:37:00,2,2
ORD101030,CUST00877,PROD01709,4,9950.45,15,12,37891.31,2026-05-16 02:43:00,Packed,Pending,PLT0025,2026-05-28 02:43:00,4,4
ORD101031,CUST02743,PROD01032,5,9579.69,5,18,53694.16,2026-01-29 05:57:00,Packed,Paid,PLT0007,2026-02-12 05:57:00,5,5
ORD101032,CUST03028,PROD03098,3,1719.1,0,18,6085.61,2026-05-14 01:22:00,Returned,Failed,PLT0027,2026-05-27 01:22:00,3,3
ORD101033,CUST01352,PROD00177,2,11084.91,15,5,19786.56,2026-03-04 01:38:00,Placed,Failed,PLT0028,2026-03-16 01:38:00,2,1
ORD101034,CUST01508,PROD02031,1,3248.75,15,28,3534.64,2026-05-28 20:57:00,In Transit,Failed,PLT0008,2026-06-10 20:57:00,1,1
ORD101035,CUST03176,PROD04439,5,15879.98,15,12,75588.7,2026-05-25 22:36:00,In Transit,Paid,PLT0027,2026-06-03 22:36:00,5,5
ORD101036,CUST02526,PROD03253,1,9728.64,15,12,9261.67,2026-08-27 20:44:00,Delivered,Refunded,PLT0008,2026-09-03 20:44:00,1,1
ORD101037,CUST00638,PROD00915,2,8876.55,0,5,18640.75,2026-02-15 23:49:00,Packed,Refunded,PLT0028,2026-02-28 23:49:00,2,2
ORD101038,CUST01096,PROD03041,2,2950.9,10,18,6267.71,2026-08-14 02:47:00,In Transit,Paid,PLT0007,2026-08-24 02:47:00,2,2
ORD101039,CUST02155,PROD03592,3,2889.32,20,18,8182.55,2026-02-26 03:39:00,Delivered,Paid,PLT0026,2026-03-09 03:39:00,3,3
ORD101040,CUST03161,PROD02338,4,5966.94,0,5,25061.15,2026-02-09 05:34:00,In Transit,Paid,PLT0028,2026-02-13 05:34:00,4,4
ORD101041,CUST03065,PROD01086,1,7530.68,15,28,8193.38,2026-09-23 11:02:00,Cancelled,Failed,PLT0009,2026-09-27 11:02:00,1,1
ORD101042,CUST02744,PROD01551,3,15226.31,0,18,53901.14,2026-06-28 07:39:00,Delivered,Paid,PLT0001,2026-07-07 07:39:00,3,3
ORD101043,CUST01264,PROD03220,5,11744.18,0,18,69290.66,2026-02-19 12:49:00,Placed,Refunded,PLT0028,2026-03-04 12:49:00,5,5
ORD101044,CUST04925,PROD04384,4,9098.69,15,28,39597.5,2026-08-11 05:10:00,Delivered,Failed,PLT0008,2026-08-15 05:10:00,4,4
ORD101045,CUST02960,PROD01636,3,3829.81,10,28,13235.82,2026-03-04 12:59:00,Placed,Failed,PLT0026,2026-03-09 12:59:00,3,3
ORD101046,CUST03984,PROD03682,1,2094.23,0,5,2198.94,2026-04-26 02:41:00,Delivered,Paid,PLT0003,2026-05-01 02:41:00,1,1
ORD101047,CUST04598,PROD04297,2,2380.16,5,5,4748.42,2026-07-14 17:33:00,Placed,Failed,PLT0005,2026-07-23 17:33:00,2,2
ORD101048,CUST03706,PROD00071,5,12377.69,0,5,64982.87,2026-09-21 00:43:00,In Transit,Failed,PLT0026,2026-10-01 00:43:00,5,3
ORD101049,CUST01603,PROD01791,1,2486.69,20,18,2347.44,2026-05-12 07:09:00,In Transit,Paid,PLT0002,2026-05-23 07:09:00,1,1
ORD101050,CUST02599,PROD03704,4,13583.94,15,5,48494.67,2026-07-14 06:18:00,Delivered,Refunded,PLT0003,2026-07-17 06:18:00,4,2
ORD101051,CUST00940,PROD00652,4,8638.99,0,18,40776.03,2026-03-30 01:17:00,Packed,Refunded,PLT0009,2026-04-09 01:17:00,4,2
ORD101052,CUST03108,PROD03829,2,13469.45,0,12,30171.57,2026-06-16 00:12:00,Packed,Failed,PLT0029,2026-06-29 00:12:00,2,2
ORD101053,CUST04449,PROD00597,2,10713.17,10,28,24683.14,2026-09-09 06:54:00,Delivered,Paid,PLT0028,2026-09-17 06:54:00,2,2
ORD101054,CUST01954,PROD04505,5,7989.2,5,28,48574.34,2026-05-22 14:40:00,In Transit,Paid,PLT0000,2026-06-05 14:40:00,5,5
ORD101055,CUST01144,PROD03550,5,9057.19,5,12,48184.25,2026-06-05 00:40:00,Cancelled,Refunded,PLT0008,2026-06-12 00:40:00,5,5
ORD101056,CUST00047,PROD02638,2,12199.5,0,5,25618.95,2026-06-05 11:27:00,Returned,Paid,PLT0009,2026-06-19 11:27:00,2,2
ORD101057,CUST01474,PROD04409,2,6175.02,20,18,11658.44,2026-08-23 10:19:00,Delivered,Paid,PLT0003,2026-08-28 10:19:00,2,2
ORD101058,CUST01304,PROD04461,4,6502.56,0,18,30692.08,2026-08-02 10:22:00,Delivered,Failed,PLT0008,2026-08-11 10:22:00,4,4
ORD101059,CUST03794,PROD00175,2,10357.25,20,18,19554.49,2026-03-31 03:00:00,Cancelled,Refunded,PLT0025,2026-04-11 03:00:00,2,2
ORD101060,CUST01019,PROD03737,3,10623.43,0,28,40793.97,2026-04-16 22:02:00,In Transit,Refunded,PLT0001,2026-04-27 22:02:00,3,3
ORD101061,CUST00677,PROD02334,1,11015.78,15,5,9831.58,2026-05-19 05:18:00,Delivered,Refunded,PLT0001,2026-05-31 05:18:00,1,1
ORD101062,CUST01756,PROD03304,2,5205.48,10,18,11056.44,2026-05-27 16:19:00,Shipped,Pending,PLT0003,2026-06-09 16:19:00,2,1
ORD101063,CUST00662,PROD00953,5,2887.4,5,18,16183.88,2026-03-08 22:46:00,Delivered,Paid,PLT0027,2026-03-14 22:46:00,5,3
ORD101064,CUST04100,PROD01201,3,12155.38,0,18,43030.05,2026-06-09 12:21:00,In Transit,Paid,PLT0029,2026-06-18 12:21:00,3,3
ORD101065,CUST00412,PROD00323,5,10596.14,10,12,53404.55,2026-03-30 22:31:00,Placed,Failed,PLT0002,2026-04-13 22:31:00,5,5
ORD101066,CUST00491,PROD02059,3,10449.48,20,18,29592.93,2026-05-29 15:33:00,In Transit,Paid,PLT0008,2026-06-01 15:33:00,3,3
ORD101067,CUST01173,PROD03390,2,10701.87,15,12,20376.36,2026-06-05 15:47:00,Delivered,Failed,PLT0001,2026-06-19 15:47:00,2,2
ORD101068,CUST00674,PROD02768,1,3945.1,5,18,4422.46,2026-08-07 14:01:00,Shipped,Refunded,PLT0004,2026-08-21 14:01:00,1,1
ORD101069,CUST02278,PROD02478,5,12668.11,5,18,71004.76,2026-09-24 05:15:00,Delivered,Refunded,PLT0026,2026-10-05 05:15:00,5,5
ORD101070,CUST04922,PROD02676,3,4668.81,20,18,13222.07,2026-04-04 09:57:00,Placed,Pending,PLT0029,2026-04-13 09:57:00,3,3
ORD101071,CUST04251,PROD03096,4,10791.12,15,12,41092.58,2026-07-05 13:39:00,Shipped,Pending,PLT0028,2026-07-08 13:39:00,4,4
ORD101072,CUST00422,PROD02602,2,962.88,5,18,2158.78,2026-03-07 23:53:00,Cancelled,Paid,PLT0008,2026-03-14 23:53:00,2,2
ORD101073,CUST00262,PROD03557,1,4449.88,15,5,3971.52,2026-04-01 02:08:00,In Transit,Refunded,PLT0004,2026-04-10 02:08:00,1,1
ORD101074,CUST04372,PROD03194,2,5294.21,5,18,11869.62,2026-08-05 17:48:00,Shipped,Paid,PLT0001,2026-08-08 17:48:00,2,2
ORD101075,CUST02081,PROD01812,4,12252.53,0,12,54891.33,2026-03-01 14:05:00,Shipped,Paid,PLT0026,2026-03-12 14:05:00,4,4
ORD101076,CUST03628,PROD03158,1,1116.7,20,12,1000.56,2026-02-10 16:13:00,Delivered,Failed,PLT0003,2026-02-16 16:13:00,1,1
ORD101077,CUST02581,PROD01719,4,15739.49,15,5,56189.98,2026-09-03 08:14:00,Shipped,Failed,PLT0007,2026-09-11 08:14:00,4,4
ORD101078,CUST02727,PROD03201,2,8897.6,10,28,20500.07,2026-08-22 02:29:00,Cancelled,Paid,PLT0028,2026-09-03 02:29:00,2,2
ORD101079,CUST02949,PROD01598,3,1361.77,0,5,4289.58,2026-03-30 14:21:00,Shipped,Paid,PLT0009,2026-04-03 14:21:00,3,3
ORD101080,CUST03659,PROD04522,2,9275.16,10,5,17530.05,2026-06-09 01:46:00,Returned,Failed,PLT0009,2026-06-22 01:46:00,2,2
ORD101081,CUST03981,PROD00929,2,10171.3,20,12,18226.97,2026-09-01 07:28:00,Cancelled,Refunded,PLT0029,2026-09-06 07:28:00,2,2
ORD101082,CUST02021,PROD01711,2,2516.2,5,18,5641.32,2026-06-26 16:13:00,Placed,Failed,PLT0003,2026-07-03 16:13:00,2,2
ORD101083,CUST02377,PROD01172,5,15699.86,10,18,83366.26,2026-07-22 23:12:00,Shipped,Paid,PLT0006,2026-07-31 23:12:00,5,2
ORD101084,CUST01775,PROD01152,4,13407.51,0,28,68646.45,2026-08-19 11:03:00,Shipped,Paid,PLT0029,2026-08-31 11:03:00,4,4
ORD101085,CUST01227,PROD01442,4,1592.02,15,28,6928.47,2026-08-25 02:57:00,Delivered,Paid,PLT0025,2026-09-05 02:57:00,4,4
ORD101086,CUST04591,PROD01727,4,8198.81,0,28,41977.91,2026-08-25 13:13:00,Placed,Failed,PLT0002,2026-09-02 13:13:00,4,4
ORD101087,CUST01479,PROD00477,5,1272.37,10,28,7328.85,2026-05-15 13:05:00,Placed,Paid,PLT0005,2026-05-29 13:05:00,5,5
ORD101088,CUST01876,PROD02328,3,123.89,0,5,390.25,2026-08-18 11:47:00,Cancelled,Paid,PLT0009,2026-08-30 11:47:00,3,3
ORD101089,CUST04968,PROD01500,2,13826.01,20,5,23227.7,2026-02-06 18:47:00,Delivered,Paid,PLT0000,2026-02-20 18:47:00,2,1
ORD101090,CUST00560,PROD00794,3,9821.12,10,18,31290.09,2026-02-02 21:58:00,Packed,Pending,PLT0005,2026-02-10 21:58:00,3,3
ORD101091,CUST01543,PROD00465,5,15397.54,10,5,72753.38,2026-06-04 01:10:00,Packed,Paid,PLT0029,2026-06-08 01:10:00,5,2
ORD101092,CUST01044,PROD01892,4,6482.76,15,18,26008.83,2026-05-15 01:20:00,Placed,Failed,PLT0008,2026-05-19 01:20:00,4,4
ORD101093,CUST00544,PROD04032,2,4402.24,5,18,9869.82,2026-02-03 13:30:00,Shipped,Failed,PLT0027,2026-02-14 13:30:00,2,1
ORD101094,CUST04504,PROD04870,1,13047.7,0,18,15396.29,2026-05-27 07:16:00,In Transit,Refunded,PLT0008,2026-06-07 07:16:00,1,1
ORD101095,CUST01975,PROD04676,1,14192.45,0,18,16747.09,2026-05-08 14:34:00,Delivered,Pending,PLT0008,2026-05-21 14:34:00,1,1
ORD101096,CUST03407,PROD04498,3,2216.6,0,12,7447.78,2026-08-20 22:37:00,Placed,Paid,PLT0004,2026-08-30 22:37:00,3,3
ORD101097,CUST03197,PROD01524,4,1711.59,20,18,6462.96,2026-02-23 14:52:00,Delivered,Failed,PLT0029,2026-02-28 14:52:00,4,3
ORD101098,CUST04753,PROD00252,1,6222.05,5,5,6206.49,2026-09-21 00:16:00,Delivered,Paid,PLT0008,2026-09-25 00:16:00,1,1
ORD101099,CUST02152,PROD02476,3,13931.51,0,5,43884.26,2026-09-03 21:27:00,Delivered,Paid,PLT0009,2026-09-13 21:27:00,3,3
ORD101100,CUST04240,PROD04401,5,2059.21,0,5,10810.85,2026-06-10 11:05:00,Cancelled,Paid,PLT0027,2026-06-18 11:05:00,5,5
ORD101101,CUST02040,PROD03654,3,2813.26,0,5,8861.77,2026-05-18 18:30:00,Returned,Paid,PLT0029,2026-05-24 18:30:00,3,3
ORD101102,CUST02936,PROD04611,3,5492.93,5,12,17533.43,2026-08-14 11:46:00,Delivered,Failed,PLT0029,2026-08-19 11:46:00,3,3
ORD101103,CUST04814,PROD01761,3,7323.6,20,28,22498.1,2026-03-19 14:58:00,Delivered,Failed,PLT0029,2026-03-31 14:58:00,3,3
ORD101104,CUST04203,PROD04083,2,10041.75,5,28,24421.54,2026-09-05 07:26:00,Delivered,Refunded,PLT0025,2026-09-13 07:26:00,2,2
ORD101105,CUST00082,PROD00377,3,13532.52,15,18,40719.35,2026-09-02 14:24:00,Delivered,Pending,PLT0029,2026-09-08 14:24:00,3,3
ORD101106,CUST04296,PROD00758,3,8581.03,0,18,30376.85,2026-06-05 01:32:00,Returned,Paid,PLT0005,2026-06-18 01:32:00,3,3
ORD101107,CUST02225,PROD01429,2,10261.01,20,5,17238.5,2026-03-24 15:54:00,Packed,Pending,PLT0028,2026-04-06 15:54:00,2,2
ORD101108,CUST03196,PROD01899,2,5749.61,15,5,10263.05,2026-05-08 21:08:00,Cancelled,Paid,PLT0003,2026-05-15 21:08:00,2,2
ORD101109,CUST04919,PROD01646,5,12107.8,0,28,77489.92,2026-05-20 01:05:00,Packed,Paid,PLT0004,2026-06-03 01:05:00,5,3
ORD101110,CUST04227,PROD02746,4,12522.02,5,28,60907.11,2026-08-24 09:55:00,In Transit,Paid,PLT0025,2026-09-03 09:55:00,4,3
ORD101111,CUST04074,PROD03665,1,8862.44,5,5,8840.28,2026-04-13 12:03:00,Placed,Paid,PLT0001,2026-04-23 12:03:00,1,1
ORD101112,CUST01691,PROD04661,1,8225.71,10,18,8735.7,2026-03-07 00:04:00,In Transit,Paid,PLT0002,2026-03-12 00:04:00,1,1
ORD101113,CUST01133,PROD01784,3,10230.5,10,12,30937.03,2026-08-30 17:12:00,Shipped,Failed,PLT0026,2026-09-02 17:12:00,3,3
ORD101114,CUST04732,PROD04050,5,3303.3,5,12,17573.56,2026-08-28 05:43:00,Shipped,Failed,PLT0003,2026-09-10 05:43:00,5,2
ORD101115,CUST03713,PROD03860,3,13353.94,5,28,48715.17,2026-05-14 18:13:00,Returned,Paid,PLT0002,2026-05-20 18:13:00,3,3
ORD101116,CUST02586,PROD02843,1,14701.98,0,28,18818.53,2026-05-11 06:12:00,Delivered,Paid,PLT0003,2026-05-14 06:12:00,1,1
ORD101117,CUST04182,PROD04892,2,985.28,0,28,2522.32,2026-08-21 09:34:00,Delivered,Paid,PLT0000,2026-08-31 09:34:00,2,1
ORD101118,CUST02236,PROD00057,4,1506.03,15,12,5734.96,2026-03-31 16:43:00,Shipped,Refunded,PLT0000,2026-04-08 16:43:00,4,4
ORD101119,CUST02744,PROD00662,5,15784.59,10,12,79554.33,2026-08-03 04:44:00,Shipped,Refunded,PLT0004,2026-08-15 04:44:00,5,5
ORD101120,CUST03498,PROD01465,2,15989.68,10,5,30220.5,2026-06-07 16:37:00,Packed,Paid,PLT0029,2026-06-21 16:37:00,2,2
ORD101121,CUST01161,PROD04919,4,12180.2,5,18,54616.02,2026-06-03 00:54:00,In Transit,Paid,PLT0001,2026-06-07 00:54:00,4,3
ORD101122,CUST03885,PROD01064,5,6741.49,5,28,40988.26,2026-05-12 01:09:00,Returned,Failed,PLT0025,2026-05-26 01:09:00,5,2
ORD101123,CUST00877,PROD04831,5,12762.4,15,5,56952.21,2026-05-13 11:20:00,Delivered,Paid,PLT0028,2026-05-26 11:20:00,5,2
ORD101124,CUST01553,PROD01064,1,6741.49,20,12,6040.38,2026-05-11 17:40:00,In Transit,Pending,PLT0001,2026-05-23 17:40:00,1,1
ORD101125,CUST03820,PROD01268,2,7730.03,20,5,12986.45,2026-07-16 08:46:00,In Transit,Paid,PLT0007,2026-07-22 08:46:00,2,2
ORD101126,CUST00437,PROD00198,5,14363.05,20,12,64346.46,2026-02-23 09:42:00,Shipped,Failed,PLT0028,2026-03-05 09:42:00,5,5
ORD101127,CUST01177,PROD00557,5,2229.84,10,18,11840.45,2026-07-02 09:53:00,Packed,Refunded,PLT0028,2026-07-11 09:53:00,5,4
ORD101128,CUST02126,PROD01920,4,6659.69,0,12,29835.41,2026-07-08 01:10:00,In Transit,Failed,PLT0004,2026-07-15 01:10:00,4,4
ORD101129,CUST02449,PROD01714,1,7409.83,20,5,6224.26,2026-06-03 18:32:00,In Transit,Paid,PLT0002,2026-06-14 18:32:00,1,1
ORD101130,CUST03215,PROD03637,3,14738.76,0,18,52175.21,2026-07-20 02:13:00,Placed,Pending,PLT0026,2026-07-26 02:13:00,3,3
ORD101131,CUST04999,PROD00119,1,14290.69,15,12,13604.74,2026-06-01 04:01:00,Placed,Paid,PLT0025,2026-06-13 04:01:00,1,1
ORD101132,CUST04303,PROD02342,3,1228.02,20,28,3772.48,2026-08-05 20:04:00,Placed,Paid,PLT0003,2026-08-19 20:04:00,3,3
ORD101133,CUST02267,PROD02631,2,10159.12,0,12,22756.43,2026-04-02 03:08:00,Delivered,Failed,PLT0028,2026-04-06 03:08:00,2,2
ORD101134,CUST02849,PROD03886,2,14954.44,20,18,28233.98,2026-04-25 06:59:00,Shipped,Paid,PLT0000,2026-05-08 06:59:00,2,2
ORD101135,CUST04620,PROD02189,5,12635.31,0,5,66335.38,2026-06-04 21:52:00,Delivered,Pending,PLT0001,2026-06-09 21:52:00,5,4
ORD101136,CUST04439,PROD00058,2,3215.13,0,18,7587.71,2026-07-24 17:33:00,Delivered,Pending,PLT0003,2026-08-06 17:33:00,2,2
ORD101137,CUST00239,PROD04525,5,12980.56,20,5,54518.35,2026-06-04 07:54:00,Placed,Failed,PLT0028,2026-06-15 07:54:00,5,5
ORD101138,CUST04931,PROD02637,1,15459.16,0,12,17314.26,2026-04-03 19:14:00,In Transit,Paid,PLT0001,2026-04-07 19:14:00,1,1
ORD101139,CUST00503,PROD00405,2,5187.79,15,12,9877.55,2026-08-29 13:38:00,Placed,Failed,PLT0029,2026-09-10 13:38:00,2,1
ORD101140,CUST03110,PROD03871,1,6383.62,0,18,7532.67,2026-07-18 18:07:00,Shipped,Paid,PLT0026,2026-07-31 18:07:00,1,1
ORD101141,CUST03271,PROD02431,1,9685.79,15,28,10538.14,2026-07-31 09:45:00,In Transit,Pending,PLT0025,2026-08-08 09:45:00,1,1
ORD101142,CUST00231,PROD04931,2,6836.94,20,12,12251.8,2026-04-28 02:23:00,Placed,Paid,PLT0025,2026-05-09 02:23:00,2,2
ORD101143,CUST04700,PROD00642,1,5220.06,15,28,5679.43,2026-06-02 09:18:00,Delivered,Failed,PLT0027,2026-06-08 09:18:00,1,1
ORD101144,CUST02433,PROD00663,2,9730.82,5,28,23665.35,2026-03-30 23:43:00,Returned,Failed,PLT0028,2026-04-07 23:43:00,2,2
ORD101145,CUST03829,PROD01851,2,4644.92,10,18,9865.81,2026-04-05 20:44:00,Cancelled,Pending,PLT0002,2026-04-17 20:44:00,2,2
ORD101146,CUST04297,PROD04948,2,11890.87,10,12,23971.99,2026-02-24 01:39:00,Shipped,Pending,PLT0027,2026-02-27 01:39:00,2,2
ORD101147,CUST01626,PROD01274,3,728.94,0,28,2799.13,2026-02-03 06:26:00,Placed,Failed,PLT0027,2026-02-16 06:26:00,3,3
ORD101148,CUST00448,PROD04412,1,165.58,5,12,176.18,2026-02-06 10:55:00,Shipped,Paid,PLT0028,2026-02-16 10:55:00,1,1
ORD101149,CUST03414,PROD01102,4,15507.73,10,5,58619.22,2026-08-01 11:43:00,Placed,Pending,PLT0005,2026-08-12 11:43:00,4,4
ORD101150,CUST01205,PROD01609,2,3815.02,20,28,7813.16,2026-08-07 19:45:00,Cancelled,Failed,PLT0028,2026-08-20 19:45:00,2,2
ORD101151,CUST03488,PROD03371,1,3576.58,15,18,3587.31,2026-06-23 05:12:00,Delivered,Failed,PLT0006,2026-06-26 05:12:00,1,1
ORD101152,CUST02384,PROD04750,5,12857.19,15,18,64478.81,2026-02-12 22:35:00,Shipped,Paid,PLT0029,2026-02-26 22:35:00,5,3
ORD101153,CUST03322,PROD03462,2,2582.68,0,28,6611.66,2026-07-25 19:04:00,Placed,Paid,PLT0009,2026-07-28 19:04:00,2,1
ORD101154,CUST02717,PROD02558,2,4862.09,0,12,10891.08,2026-05-19 09:32:00,Placed,Paid,PLT0001,2026-05-29 09:32:00,2,2
ORD101155,CUST04113,PROD01963,4,13451.86,15,5,48023.14,2026-07-05 13:44:00,Shipped,Paid,PLT0002,2026-07-08 13:44:00,4,4
ORD101156,CUST04358,PROD04474,3,5750.49,20,5,14491.23,2026-03-25 07:42:00,Delivered,Refunded,PLT0027,2026-04-07 07:42:00,3,1
ORD101157,CUST04639,PROD01211,3,6875.28,15,18,20687.72,2026-09-16 23:42:00,Delivered,Paid,PLT0027,2026-09-21 23:42:00,3,3
ORD101158,CUST04836,PROD03545,2,13847.08,0,18,32679.11,2026-08-18 21:09:00,Delivered,Paid,PLT0029,2026-08-27 21:09:00,2,2
ORD101159,CUST04534,PROD04596,1,10357.98,10,12,10440.84,2026-09-25 02:22:00,In Transit,Paid,PLT0006,2026-10-03 02:22:00,1,1
ORD101160,CUST04094,PROD01838,5,5477.45,0,18,32316.96,2026-05-01 08:23:00,Packed,Pending,PLT0002,2026-05-13 08:23:00,5,5
ORD101161,CUST01454,PROD00718,5,15442.93,0,12,86480.41,2026-03-31 07:27:00,Returned,Failed,PLT0008,2026-04-05 07:27:00,5,4
ORD101162,CUST02193,PROD01955,1,15972.73,20,28,16356.08,2026-07-02 09:34:00,Delivered,Paid,PLT0008,2026-07-14 09:34:00,1,1
ORD101163,CUST02195,PROD04496,2,9799.72,10,5,18521.47,2026-03-28 23:56:00,Placed,Failed,PLT0003,2026-04-08 23:56:00,2,2
ORD101164,CUST02462,PROD00114,5,12948.11,10,28,74581.11,2026-04-05 05:35:00,Delivered,Failed,PLT0026,2026-04-15 05:35:00,5,5
ORD101165,CUST03186,PROD00158,3,12208.75,10,18,38897.08,2026-03-26 10:02:00,Shipped,Paid,PLT0008,2026-04-06 10:02:00,3,3
ORD101166,CUST01987,PROD01787,1,10222.05,5,5,10196.49,2026-04-10 11:17:00,In Transit,Paid,PLT0000,2026-04-18 11:17:00,1,1
ORD101167,CUST00673,PROD02046,4,11591.75,5,5,46251.08,2026-06-04 05:47:00,Packed,Refunded,PLT0007,2026-06-14 05:47:00,4,4
ORD101168,CUST01166,PROD04605,2,12044.33,10,28,27750.14,2026-02-27 05:24:00,Delivered,Failed,PLT0003,2026-03-02 05:24:00,2,2
ORD101169,CUST04342,PROD01620,1,11716.34,20,12,10497.84,2026-03-20 18:29:00,In Transit,Pending,PLT0009,2026-03-27 18:29:00,1,1
ORD101170,CUST02295,PROD01927,5,9451.42,15,5,42176.96,2026-02-01 06:17:00,Returned,Refunded,PLT0028,2026-02-09 06:17:00,5,2
ORD101171,CUST01146,PROD03553,2,9332.12,20,12,16723.16,2026-01-29 17:36:00,Cancelled,Refunded,PLT0000,2026-02-05 17:36:00,2,2
ORD101172,CUST00352,PROD03736,3,7587.27,5,28,27678.36,2026-04-15 01:58:00,Delivered,Paid,PLT0026,2026-04-26 01:58:00,3,3
ORD101173,CUST04745,PROD01628,2,8618.66,0,28,22063.77,2026-02-15 01:06:00,Delivered,Paid,PLT0004,2026-02-23 01:06:00,2,2
ORD101174,CUST01416,PROD03315,2,3559.91,5,12,7575.49,2026-02-07 08:23:00,In Transit,Paid,PLT0008,2026-02-19 08:23:00,2,2
ORD101175,CUST03757,PROD00575,3,13810.58,15,28,45077.73,2026-05-16 04:58:00,Cancelled,Failed,PLT0008,2026-05-28 04:58:00,3,3
ORD101176,CUST02505,PROD02451,3,4395.94,0,5,13847.21,2026-03-27 05:29:00,In Transit,Pending,PLT0008,2026-04-04 05:29:00,3,1
ORD101177,CUST04800,PROD00512,2,6749.06,5,28,16413.71,2026-03-21 02:01:00,Placed,Paid,PLT0029,2026-04-01 02:01:00,2,2
ORD101178,CUST02013,PROD02326,3,15284.46,20,28,46953.86,2026-05-12 04:20:00,Delivered,Paid,PLT0004,2026-05-17 04:20:00,3,3
ORD101179,CUST04646,PROD04088,1,9734.35,20,5,8176.85,2026-08-10 23:29:00,In Transit,Pending,PLT0000,2026-08-23 23:29:00,1,1
ORD101180,CUST00363,PROD03392,3,14375.92,10,12,43472.78,2026-04-10 00:24:00,Delivered,Paid,PLT0005,2026-04-21 00:24:00,3,3
ORD101181,CUST04825,PROD00628,3,11983.79,10,28,41415.98,2026-05-18 16:16:00,Delivered,Refunded,PLT0001,2026-05-26 16:16:00,3,3
ORD101182,CUST04225,PROD04963,2,4740.39,10,12,9556.63,2026-07-25 07:56:00,Shipped,Pending,PLT0004,2026-07-28 07:56:00,2,1
ORD101183,CUST00755,PROD02364,1,7826.41,0,5,8217.73,2026-02-12 23:54:00,Cancelled,Paid,PLT0025,2026-02-15 23:54:00,1,1
ORD101184,CUST00656,PROD02989,4,11522.42,15,12,43877.38,2026-02-06 17:35:00,Delivered,Failed,PLT0008,2026-02-15 17:35:00,4,4
ORD101185,CUST01174,PROD03446,4,10426.19,0,12,46709.33,2026-02-12 19:43:00,In Transit,Paid,PLT0007,2026-02-23 19:43:00,4,3
ORD101186,CUST01134,PROD00715,5,5646.01,20,18,26649.17,2026-09-24 07:13:00,Placed,Refunded,PLT0026,2026-10-05 07:13:00,5,5
ORD101187,CUST00312,PROD02618,3,4398.25,20,18,12455.84,2026-08-08 21:21:00,Placed,Refunded,PLT0008,2026-08-16 21:21:00,3,3
ORD101188,CUST01489,PROD04391,3,3044.9,15,28,9938.55,2026-07-02 02:51:00,Cancelled,Failed,PLT0002,2026-07-08 02:51:00,3,3
ORD101189,CUST00607,PROD00883,1,412.4,0,18,486.63,2026-03-26 01:36:00,Delivered,Paid,PLT0009,2026-03-29 01:36:00,1,1
ORD101190,CUST02796,PROD04138,4,5243.13,10,18,22272.82,2026-07-21 11:30:00,In Transit,Refunded,PLT0000,2026-07-31 11:30:00,4,4
ORD101191,CUST00790,PROD00912,5,4361.21,15,18,21871.47,2026-07-14 15:01:00,Shipped,Failed,PLT0004,2026-07-20 15:01:00,5,5
ORD101192,CUST01135,PROD00613,1,10082.62,0,12,11292.53,2026-07-05 10:16:00,Delivered,Failed,PLT0004,2026-07-18 10:16:00,1,1
ORD101193,CUST04160,PROD00096,3,7950.35,10,12,24041.86,2026-02-11 17:14:00,Shipped,Paid,PLT0006,2026-02-15 17:14:00,3,3
ORD101194,CUST02900,PROD03261,4,3347.63,0,18,15800.81,2026-03-24 18:51:00,Cancelled,Paid,PLT0008,2026-04-05 18:51:00,4,4
ORD101195,CUST00642,PROD04994,5,10409.59,5,5,51917.83,2026-01-29 03:02:00,In Transit,Refunded,PLT0003,2026-02-11 03:02:00,5,3
ORD101196,CUST01723,PROD04935,2,7874.87,0,18,18584.69,2026-03-21 13:59:00,Cancelled,Paid,PLT0007,2026-03-30 13:59:00,2,2
ORD101197,CUST03140,PROD02364,4,7826.41,10,5,29583.83,2026-06-24 14:19:00,Delivered,Paid,PLT0025,2026-07-08 14:19:00,4,4
ORD101198,CUST04175,PROD01239,5,15493.28,5,12,82424.25,2026-06-20 09:13:00,Cancelled,Pending,PLT0001,2026-07-02 09:13:00,5,5
ORD101199,CUST02285,PROD04740,1,9978.16,10,5,9429.36,2026-05-15 07:07:00,Delivered,Paid,PLT0005,2026-05-29 07:07:00,1,1
ORD101200,CUST00263,PROD01511,2,13025.47,20,12,23341.64,2026-04-09 14:28:00,Returned,Failed,PLT0003,2026-04-16 14:28:00,2,2
ORD101201,CUST02660,PROD01345,5,11908.03,10,5,56265.44,2026-02-14 06:07:00,Returned,Refunded,PLT0005,2026-02-18 06:07:00,5,3
ORD101202,CUST02382,PROD01933,5,9013.5,5,12,47951.82,2026-02-23 23:12:00,Packed,Pending,PLT0028,2026-03-02 23:12:00,5,3
ORD101203,CUST00887,PROD00521,3,9545.68,0,12,32073.48,2026-02-25 12:24:00,In Transit,Paid,PLT0000,2026-03-02 12:24:00,3,3
ORD101204,CUST03177,PROD04018,4,14340.47,20,18,54149.61,2026-07-03 15:30:00,Packed,Failed,PLT0008,2026-07-13 15:30:00,4,2
ORD101205,CUST02720,PROD04134,3,10175.01,0,28,39072.04,2026-07-14 19:00:00,Delivered,Pending,PLT0002,2026-07-25 19:00:00,3,3
ORD101206,CUST01354,PROD04747,2,3118.02,0,28,7982.13,2026-09-18 19:26:00,Shipped,Failed,PLT0000,2026-10-01 19:26:00,2,1
ORD101207,CUST01884,PROD02810,5,11520.47,0,12,64514.63,2026-05-03 00:51:00,Placed,Failed,PLT0029,2026-05-11 00:51:00,5,5
ORD101208,CUST04003,PROD04282,3,11775.41,0,18,41684.95,2026-07-30 14:09:00,In Transit,Paid,PLT0028,2026-08-07 14:09:00,3,3
ORD101209,CUST00065,PROD04759,4,7424.66,15,28,32312.12,2026-07-31 02:32:00,Cancelled,Paid,PLT0006,2026-08-12 02:32:00,4,4
ORD101210,CUST00011,PROD01724,2,1705.63,0,28,4366.41,2026-02-16 20:42:00,Delivered,Paid,PLT0002,2026-03-02 20:42:00,2,2
ORD101211,CUST04403,PROD01206,1,12348.48,5,18,13842.65,2026-02-16 18:06:00,Delivered,Refunded,PLT0002,2026-02-20 18:06:00,1,1
ORD101212,CUST03703,PROD00344,3,6997.24,0,18,24770.23,2026-03-28 14:48:00,Delivered,Pending,PLT0027,2026-04-07 14:48:00,3,3
ORD101213,CUST04081,PROD00527,2,6694.63,10,28,15424.43,2026-04-05 07:18:00,Packed,Paid,PLT0000,2026-04-19 07:18:00,2,2
ORD101214,CUST03901,PROD00318,1,2854.38,0,28,3653.61,2026-05-17 22:10:00,Delivered,Paid,PLT0026,2026-05-29 22:10:00,1,1
ORD101215,CUST03046,PROD04584,3,12276.15,0,5,38669.87,2026-08-25 16:02:00,In Transit,Paid,PLT0000,2026-09-07 16:02:00,3,3
ORD101216,CUST00634,PROD04909,2,11889.9,5,5,23720.35,2026-03-25 09:05:00,Packed,Paid,PLT0003,2026-04-05 09:05:00,2,2
ORD101217,CUST00442,PROD04243,2,12123.44,5,12,25798.68,2026-02-02 18:18:00,Delivered,Paid,PLT0008,2026-02-05 18:18:00,2,1
ORD101218,CUST00379,PROD00615,3,13988.9,20,28,42973.9,2026-07-18 04:50:00,Placed,Paid,PLT0004,2026-07-21 04:50:00,3,3
ORD101219,CUST01685,PROD00059,2,818.11,15,18,1641.13,2026-05-11 06:05:00,Packed,Paid,PLT0007,2026-05-23 06:05:00,2,1
ORD101220,CUST01442,PROD03939,5,2816.89,10,18,14957.69,2026-07-12 22:10:00,In Transit,Pending,PLT0001,2026-07-20 22:10:00,5,5
ORD101221,CUST01298,PROD01297,3,2761.97,5,28,10075.67,2026-03-21 05:35:00,Returned,Paid,PLT0001,2026-03-27 05:35:00,3,3
ORD101222,CUST03531,PROD01882,2,13984.83,0,12,31326.02,2026-04-23 10:40:00,Returned,Failed,PLT0008,2026-04-29 10:40:00,2,2
ORD101223,CUST00218,PROD01212,1,7276.05,0,18,8585.74,2026-05-23 16:27:00,Cancelled,Refunded,PLT0028,2026-06-02 16:27:00,1,1
ORD101224,CUST03898,PROD01161,1,13229.49,5,28,16087.06,2026-04-03 13:46:00,Returned,Pending,PLT0006,2026-04-15 13:46:00,1,1
ORD101225,CUST01982,PROD04078,5,4486.17,0,28,28711.49,2026-04-18 09:40:00,Delivered,Refunded,PLT0028,2026-05-01 09:40:00,5,3
ORD101226,CUST02351,PROD02458,3,10056.13,0,12,33788.6,2026-02-22 20:49:00,Shipped,Paid,PLT0025,2026-03-04 20:49:00,3,3
ORD101227,CUST03804,PROD03603,2,3044.8,15,28,6625.48,2026-01-29 20:00:00,Delivered,Paid,PLT0009,2026-02-08 20:00:00,2,2
ORD101228,CUST04174,PROD04251,2,6106.64,5,18,13691.09,2026-05-24 19:55:00,In Transit,Refunded,PLT0006,2026-06-01 19:55:00,2,2
ORD101229,CUST02351,PROD01942,1,5413.39,5,5,5399.86,2026-02-26 13:10:00,In Transit,Paid,PLT0008,2026-03-01 13:10:00,1,1
ORD101230,CUST01965,PROD00284,5,1593.31,0,12,8922.54,2026-05-02 02:26:00,Cancelled,Paid,PLT0003,2026-05-13 02:26:00,5,5
ORD101231,CUST01317,PROD00743,1,11985.99,20,28,12273.65,2026-04-16 22:39:00,Packed,Paid,PLT0001,2026-04-22 22:39:00,1,1
ORD101232,CUST03492,PROD02532,1,13271.66,10,12,13377.83,2026-06-19 23:49:00,Returned,Paid,PLT0006,2026-07-02 23:49:00,1,1
ORD101233,CUST03832,PROD02192,5,14523.4,15,28,79007.3,2026-02-03 18:51:00,Delivered,Paid,PLT0027,2026-02-12 18:51:00,5,5
ORD101234,CUST02102,PROD01013,3,15109.54,10,5,42835.55,2026-07-19 08:19:00,Shipped,Paid,PLT0026,2026-07-25 08:19:00,3,1
ORD101235,CUST04358,PROD00049,2,8791.69,5,12,18708.72,2026-09-16 16:50:00,Returned,Paid,PLT0001,2026-09-30 16:50:00,2,1
ORD101236,CUST02537,PROD04170,3,1635.65,10,28,5652.81,2026-04-14 01:55:00,Delivered,Refunded,PLT0002,2026-04-24 01:55:00,3,3
ORD101237,CUST03459,PROD04391,4,3044.9,0,5,12788.58,2026-07-27 00:06:00,Placed,Paid,PLT0008,2026-08-08 00:06:00,4,4
ORD101238,CUST02230,PROD01667,4,3414.32,15,18,13698.25,2026-08-08 09:26:00,Returned,Refunded,PLT0007,2026-08-12 09:26:00,4,2
ORD101239,CUST01796,PROD02516,4,14828.48,10,28,68329.64,2026-02-13 23:57:00,Returned,Pending,PLT0009,2026-02-23 23:57:00,4,4
ORD101240,CUST00636,PROD02208,5,13746.63,0,5,72169.81,2026-06-18 06:41:00,Returned,Paid,PLT0003,2026-06-22 06:41:00,5,5
ORD101241,CUST00507,PROD02052,1,7805.67,0,5,8195.95,2026-09-23 04:17:00,Delivered,Paid,PLT0028,2026-09-30 04:17:00,1,1
ORD101242,CUST01711,PROD01241,3,13910.11,10,12,42064.17,2026-06-13 15:51:00,Delivered,Pending,PLT0003,2026-06-16 15:51:00,3,2
ORD101243,CUST01150,PROD02780,2,3425.05,15,28,7452.91,2026-05-02 16:25:00,In Transit,Refunded,PLT0006,2026-05-07 16:25:00,2,2
ORD101244,CUST01789,PROD02033,4,7475.53,0,18,35284.5,2026-02-20 12:40:00,Returned,Paid,PLT0003,2026-03-02 12:40:00,4,3
ORD101245,CUST01901,PROD03980,3,6874.33,10,28,23757.68,2026-06-24 22:32:00,Placed,Failed,PLT0027,2026-07-04 22:32:00,3,3
ORD101246,CUST04463,PROD02389,4,11317.82,0,5,47534.84,2026-04-18 05:48:00,Shipped,Pending,PLT0025,2026-04-26 05:48:00,4,4
ORD101247,CUST02900,PROD01136,4,1309.48,10,18,5562.67,2026-08-12 23:58:00,Returned,Paid,PLT0004,2026-08-22 23:58:00,4,4
ORD101248,CUST02110,PROD02185,2,10484.29,0,5,22017.01,2026-04-02 01:14:00,Delivered,Paid,PLT0002,2026-04-14 01:14:00,2,2
ORD101249,CUST01989,PROD04900,5,14581.14,10,12,73488.95,2026-05-13 19:18:00,Shipped,Paid,PLT0006,2026-05-16 19:18:00,5,4
ORD101250,CUST03659,PROD02459,1,7872.48,15,28,8565.26,2026-08-24 14:43:00,Packed,Failed,PLT0004,2026-08-28 14:43:00,1,1
ORD101251,CUST03561,PROD00755,5,2313.43,5,5,11538.23,2026-04-04 01:23:00,Shipped,Paid,PLT0026,2026-04-12 01:23:00,5,5
ORD101252,CUST03942,PROD04063,3,12268.28,0,5,38645.08,2026-08-25 16:58:00,Placed,Failed,PLT0002,2026-09-04 16:58:00,3,3
ORD101253,CUST01935,PROD04106,5,10653.81,0,28,68184.38,2026-04-18 11:07:00,Placed,Pending,PLT0001,2026-04-30 11:07:00,5,5
ORD101254,CUST00452,PROD02717,3,10377.69,0,18,36737.02,2026-08-31 23:28:00,Delivered,Refunded,PLT0026,2026-09-09 23:28:00,3,3
ORD101255,CUST02913,PROD04497,3,7861.03,0,5,24762.24,2026-06-23 13:18:00,Packed,Failed,PLT0004,2026-07-07 13:18:00,3,3
ORD101256,CUST04490,PROD02154,1,13232.05,10,28,15243.32,2026-03-02 08:57:00,Delivered,Paid,PLT0004,2026-03-16 08:57:00,1,1
ORD101257,CUST02809,PROD03896,2,13208.1,15,12,25148.22,2026-07-16 20:23:00,Delivered,Pending,PLT0004,2026-07-26 20:23:00,2,2
ORD101258,CUST04408,PROD04092,1,5525.97,0,12,6189.09,2026-08-08 10:44:00,Returned,Paid,PLT0027,2026-08-11 10:44:00,1,1
ORD101259,CUST01426,PROD00355,5,1221.04,15,28,6642.46,2026-09-25 11:43:00,Delivered,Refunded,PLT0008,2026-10-04 11:43:00,5,5
ORD101260,CUST00633,PROD01273,3,12498.63,0,5,39370.68,2026-08-31 12:07:00,Packed,Refunded,PLT0003,2026-09-11 12:07:00,3,3
ORD101261,CUST03464,PROD01763,4,1658.51,20,28,6793.26,2026-08-29 20:28:00,Delivered,Paid,PLT0008,2026-09-11 20:28:00,4,4
ORD101262,CUST02275,PROD04783,4,8932.24,10,28,41159.76,2026-08-22 18:50:00,Delivered,Paid,PLT0029,2026-08-29 18:50:00,4,3
ORD101263,CUST02796,PROD01070,3,4666.1,20,5,11758.57,2026-07-14 20:46:00,Delivered,Failed,PLT0004,2026-07-25 20:46:00,3,3
ORD101264,CUST04936,PROD04153,1,11421.98,10,18,12130.14,2026-04-07 01:05:00,Delivered,Failed,PLT0004,2026-04-14 01:05:00,1,1
ORD101265,CUST03438,PROD01555,2,3725.47,0,18,8792.11,2026-08-14 00:14:00,Returned,Paid,PLT0005,2026-08-18 00:14:00,2,1
ORD101266,CUST04469,PROD00669,1,3065.42,10,12,3089.94,2026-05-01 12:57:00,Cancelled,Refunded,PLT0007,2026-05-04 12:57:00,1,1
ORD101267,CUST01217,PROD00453,3,6844.13,0,18,24228.22,2026-09-06 23:52:00,Placed,Refunded,PLT0025,2026-09-09 23:52:00,3,3
ORD101268,CUST01136,PROD04940,3,13006.73,15,28,42453.97,2026-07-25 18:48:00,In Transit,Refunded,PLT0028,2026-08-01 18:48:00,3,3
ORD101269,CUST02224,PROD00539,2,7262.65,5,5,14488.99,2026-02-13 00:50:00,Shipped,Paid,PLT0025,2026-02-20 00:50:00,2,2
ORD101270,CUST01688,PROD03066,5,4350.69,10,12,21927.48,2026-03-25 20:47:00,Packed,Refunded,PLT0026,2026-04-07 20:47:00,5,5
ORD101271,CUST00764,PROD03598,5,8886.33,0,18,52429.35,2026-05-03 05:20:00,Returned,Paid,PLT0002,2026-05-14 05:20:00,5,5
ORD101272,CUST01116,PROD00562,2,3485.13,20,28,7137.55,2026-04-04 19:01:00,Cancelled,Refunded,PLT0000,2026-04-13 19:01:00,2,1
ORD101273,CUST00655,PROD04893,5,9795.02,0,12,54852.11,2026-03-26 06:40:00,Placed,Failed,PLT0026,2026-04-09 06:40:00,5,5
ORD101274,CUST01223,PROD00768,4,14039.57,20,5,47172.96,2026-01-31 07:03:00,In Transit,Paid,PLT0002,2026-02-07 07:03:00,4,4
ORD101275,CUST02915,PROD00087,5,11699.74,10,18,62125.62,2026-08-26 14:49:00,Delivered,Failed,PLT0006,2026-09-02 14:49:00,5,3
ORD101276,CUST02996,PROD02394,5,2366.25,0,28,15144.0,2026-05-22 16:40:00,Placed,Paid,PLT0004,2026-06-01 16:40:00,5,2
ORD101277,CUST04108,PROD01967,5,3032.17,20,5,12735.11,2026-09-16 18:52:00,Returned,Paid,PLT0000,2026-09-19 18:52:00,5,3
ORD101278,CUST04111,PROD04856,4,3152.06,0,28,16138.55,2026-08-31 01:43:00,Returned,Pending,PLT0004,2026-09-13 01:43:00,4,4
ORD101279,CUST04258,PROD03643,5,7541.3,10,28,43437.89,2026-03-09 04:55:00,Returned,Refunded,PLT0005,2026-03-23 04:55:00,5,5
ORD101280,CUST01602,PROD04736,4,1993.34,0,28,10205.9,2026-06-17 21:57:00,Returned,Paid,PLT0001,2026-06-21 21:57:00,4,4
ORD101281,CUST01380,PROD01434,2,10702.14,0,5,22474.49,2026-04-02 21:22:00,Delivered,Pending,PLT0001,2026-04-09 21:22:00,2,2
ORD101282,CUST01688,PROD01965,1,9191.77,5,12,9780.04,2026-02-27 05:39:00,Shipped,Refunded,PLT0001,2026-03-09 05:39:00,1,1
ORD101283,CUST00172,PROD02542,2,12280.24,0,28,31437.41,2026-07-30 02:51:00,In Transit,Paid,PLT0006,2026-08-08 02:51:00,2,2
ORD101284,CUST03910,PROD00744,1,8092.25,15,12,7703.82,2026-09-02 23:39:00,Delivered,Pending,PLT0026,2026-09-08 23:39:00,1,1
ORD101285,CUST04452,PROD00231,2,12736.5,10,12,25676.78,2026-04-22 08:28:00,Delivered,Paid,PLT0002,2026-04-27 08:28:00,2,2
ORD101286,CUST00979,PROD01250,1,9903.74,0,18,11686.41,2026-04-14 14:18:00,Placed,Paid,PLT0006,2026-04-28 14:18:00,1,1
ORD101287,CUST02190,PROD02465,1,9967.5,5,18,11173.57,2026-03-07 18:08:00,Shipped,Failed,PLT0003,2026-03-17 18:08:00,1,1
ORD101288,CUST00910,PROD01183,3,10157.69,0,12,34129.84,2026-02-17 02:26:00,Packed,Failed,PLT0004,2026-02-27 02:26:00,3,3
ORD101289,CUST01046,PROD02853,1,3145.33,10,18,3340.34,2026-09-03 14:01:00,Delivered,Paid,PLT0005,2026-09-12 14:01:00,1,1
ORD101290,CUST02703,PROD00378,1,469.02,20,18,442.75,2026-04-11 16:20:00,Returned,Paid,PLT0026,2026-04-18 16:20:00,1,1
ORD101291,CUST03829,PROD02639,3,15216.29,0,12,51126.73,2026-07-05 20:15:00,Placed,Failed,PLT0026,2026-07-13 20:15:00,3,2
ORD101292,CUST00170,PROD04972,5,14376.49,5,5,71702.74,2026-04-11 04:19:00,Delivered,Failed,PLT0000,2026-04-24 04:19:00,5,2
ORD101293,CUST03380,PROD03196,5,8138.58,0,18,48017.62,2026-07-10 01:15:00,Returned,Pending,PLT0005,2026-07-22 01:15:00,5,5
ORD101294,CUST03691,PROD01666,3,13636.66,15,18,41032.71,2026-08-25 04:06:00,Packed,Paid,PLT0003,2026-09-01 04:06:00,3,3
ORD101295,CUST00480,PROD00872,4,4403.84,10,5,16646.52,2026-05-02 09:22:00,In Transit,Paid,PLT0007,2026-05-08 09:22:00,4,4
ORD101296,CUST03746,PROD00459,1,994.22,0,5,1043.93,2026-03-08 06:05:00,Delivered,Pending,PLT0025,2026-03-16 06:05:00,1,1
ORD101297,CUST04082,PROD03085,1,11247.12,5,5,11219.0,2026-09-03 08:34:00,Delivered,Refunded,PLT0025,2026-09-10 08:34:00,1,1
ORD101298,CUST01528,PROD01292,3,2209.18,0,12,7422.84,2026-07-26 23:18:00,In Transit,Paid,PLT0007,2026-08-02 23:18:00,3,3
ORD101299,CUST02459,PROD03472,3,12486.73,10,5,35399.88,2026-08-29 04:08:00,Delivered,Refunded,PLT0007,2026-09-09 04:08:00,3,3
ORD101300,CUST02078,PROD04591,4,9242.46,0,12,41406.22,2026-04-11 00:06:00,Shipped,Failed,PLT0025,2026-04-22 00:06:00,4,4
ORD101301,CUST02815,PROD02404,5,5047.36,10,28,29072.79,2026-02-23 20:54:00,Shipped,Paid,PLT0005,2026-03-08 20:54:00,5,5
ORD101302,CUST02462,PROD02307,2,1483.77,15,28,3228.68,2026-06-28 15:09:00,Delivered,Pending,PLT0004,2026-07-03 15:09:00,2,1
ORD101303,CUST03842,PROD00543,5,3734.42,0,5,19605.7,2026-02-02 17:14:00,Delivered,Paid,PLT0003,2026-02-10 17:14:00,5,4
ORD101304,CUST02670,PROD04491,1,4251.48,15,5,3794.45,2026-08-27 10:16:00,Delivered,Pending,PLT0027,2026-09-03 10:16:00,1,1
ORD101305,CUST04936,PROD03839,3,14945.62,20,28,45912.94,2026-06-03 22:55:00,Shipped,Failed,PLT0009,2026-06-11 22:55:00,3,3
ORD101306,CUST03589,PROD03835,4,7399.07,20,12,26518.27,2026-04-08 14:53:00,Delivered,Pending,PLT0003,2026-04-20 14:53:00,4,4
ORD101307,CUST00569,PROD03539,5,10815.51,5,12,57538.51,2026-02-01 23:01:00,Delivered,Pending,PLT0001,2026-02-05 23:01:00,5,5
ORD101308,CUST00845,PROD04424,4,11684.63,15,5,41714.13,2026-07-10 02:03:00,Delivered,Failed,PLT0026,2026-07-22 02:03:00,4,2
ORD101309,CUST01889,PROD03400,5,9268.57,10,5,43793.99,2026-03-01 06:27:00,Delivered,Failed,PLT0004,2026-03-15 06:27:00,5,5
ORD101310,CUST00903,PROD00717,1,13305.85,5,5,13272.59,2026-08-21 23:34:00,Packed,Paid,PLT0027,2026-08-27 23:34:00,1,1
ORD101311,CUST03063,PROD03843,2,7660.98,0,28,19612.11,2026-07-20 02:38:00,Delivered,Paid,PLT0009,2026-07-23 02:38:00,2,1
ORD101312,CUST03402,PROD03504,4,576.41,0,18,2720.66,2026-06-20 19:19:00,Cancelled,Failed,PLT0007,2026-06-27 19:19:00,4,4
ORD101313,CUST04313,PROD04369,4,2696.53,10,5,10192.88,2026-04-18 23:20:00,Cancelled,Pending,PLT0004,2026-04-30 23:20:00,4,4
ORD101314,CUST03986,PROD03588,2,12221.91,0,12,27377.08,2026-09-19 04:25:00,Shipped,Failed,PLT0004,2026-09-26 04:25:00,2,2
ORD101315,CUST01728,PROD01532,4,9803.31,0,18,46271.62,2026-08-08 03:49:00,In Transit,Paid,PLT0000,2026-08-16 03:49:00,4,4
ORD101316,CUST00960,PROD04613,4,7829.16,0,12,35074.64,2026-03-29 08:48:00,Delivered,Failed,PLT0027,2026-04-11 08:48:00,4,4
ORD101317,CUST00340,PROD03417,5,5072.17,10,18,26933.22,2026-06-07 12:51:00,Delivered,Paid,PLT0026,2026-06-13 12:51:00,5,5
ORD101318,CUST01070,PROD01027,5,13805.48,0,28,88355.07,2026-04-13 01:18:00,Packed,Paid,PLT0005,2026-04-20 01:18:00,5,4
ORD101319,CUST02446,PROD00163,2,10172.12,15,18,20405.27,2026-05-04 17:21:00,Cancelled,Pending,PLT0025,2026-05-14 17:21:00,2,2
ORD101320,CUST01289,PROD02469,1,7660.18,0,12,8579.4,2026-06-01 19:37:00,Shipped,Paid,PLT0026,2026-06-13 19:37:00,1,1
ORD101321,CUST03172,PROD01394,4,8363.41,20,18,31580.24,2026-04-15 00:16:00,Cancelled,Paid,PLT0025,2026-04-28 00:16:00,4,4
ORD101322,CUST02423,PROD04807,1,1336.92,15,28,1454.57,2026-08-24 22:13:00,Delivered,Paid,PLT0001,2026-09-01 22:13:00,1,1
ORD101323,CUST02600,PROD04034,2,15881.05,10,12,32016.2,2026-04-15 13:36:00,Returned,Paid,PLT0026,2026-04-18 13:36:00,2,2
ORD101324,CUST04927,PROD03007,2,14505.78,20,5,24369.71,2026-06-28 10:16:00,Delivered,Paid,PLT0001,2026-07-08 10:16:00,2,2
ORD101325,CUST03517,PROD04474,5,5750.49,15,18,28838.71,2026-03-22 09:21:00,Cancelled,Pending,PLT0029,2026-04-03 09:21:00,5,5
ORD101326,CUST01891,PROD00722,4,2980.61,0,12,13353.13,2026-03-26 20:04:00,Shipped,Paid,PLT0027,2026-04-06 20:04:00,4,4
ORD101327,CUST04685,PROD00476,3,15887.14,0,18,56240.48,2026-03-14 10:32:00,Cancelled,Paid,PLT0004,2026-03-19 10:32:00,3,3
ORD101328,CUST02292,PROD00766,2,9160.25,20,28,18760.19,2026-02-22 21:03:00,Placed,Refunded,PLT0008,2026-02-25 21:03:00,2,2
ORD101329,CUST03502,PROD02529,4,239.93,5,12,1021.14,2026-08-20 09:08:00,Delivered,Failed,PLT0026,2026-09-02 09:08:00,4,4
ORD101330,CUST04329,PROD00520,1,2490.63,0,5,2615.16,2026-03-03 04:41:00,Delivered,Paid,PLT0008,2026-03-10 04:41:00,1,1
ORD101331,CUST02349,PROD00385,5,11786.63,20,5,49503.85,2026-03-04 15:15:00,Delivered,Pending,PLT0029,2026-03-18 15:15:00,5,5
ORD101332,CUST03041,PROD00239,1,10362.01,10,18,11004.45,2026-09-21 20:46:00,Delivered,Paid,PLT0003,2026-10-05 20:46:00,1,1
ORD101333,CUST04207,PROD04319,2,6545.22,0,28,16755.76,2026-09-20 12:24:00,Packed,Pending,PLT0028,2026-09-27 12:24:00,2,2
ORD101334,CUST01751,PROD01230,2,6607.41,15,28,14377.72,2026-06-02 19:40:00,Cancelled,Paid,PLT0001,2026-06-11 19:40:00,2,2
ORD101335,CUST00816,PROD02819,1,242.71,10,18,257.76,2026-03-05 17:45:00,In Transit,Paid,PLT0009,2026-03-19 17:45:00,1,1
ORD101336,CUST00103,PROD04853,2,12425.23,10,12,25049.26,2026-04-12 00:50:00,Delivered,Paid,PLT0002,2026-04-24 00:50:00,2,2
ORD101337,CUST04691,PROD01467,4,15636.07,0,12,70049.59,2026-07-08 03:23:00,In Transit,Failed,PLT0005,2026-07-12 03:23:00,4,4
ORD101338,CUST00120,PROD01734,2,6873.73,15,18,13788.7,2026-06-01 22:31:00,Delivered,Refunded,PLT0006,2026-06-05 22:31:00,2,2
ORD101339,CUST01576,PROD00388,5,2920.29,0,12,16353.62,2026-04-08 17:59:00,Placed,Paid,PLT0005,2026-04-14 17:59:00,5,3
ORD101340,CUST02837,PROD03170,4,6612.77,0,12,29625.21,2026-06-16 06:33:00,Delivered,Pending,PLT0005,2026-06-30 06:33:00,4,2
ORD101341,CUST04545,PROD02823,3,10185.38,5,12,32511.73,2026-02-16 06:28:00,Returned,Failed,PLT0009,2026-02-24 06:28:00,3,3
ORD101342,CUST02826,PROD00793,2,8142.63,0,18,19216.61,2026-05-28 06:07:00,Delivered,Paid,PLT0009,2026-06-01 06:07:00,2,2
ORD101343,CUST04125,PROD00949,2,13993.85,0,5,29387.08,2026-06-06 20:24:00,Delivered,Paid,PLT0008,2026-06-14 20:24:00,2,1
ORD101344,CUST03902,PROD03922,5,6462.38,10,28,37223.31,2026-08-10 22:15:00,Cancelled,Failed,PLT0026,2026-08-19 22:15:00,5,5
ORD101345,CUST01108,PROD03388,5,8960.66,0,5,47043.46,2026-04-06 19:08:00,Placed,Pending,PLT0004,2026-04-17 19:08:00,5,2
ORD101346,CUST03097,PROD04568,1,3607.35,20,12,3232.19,2026-04-01 19:26:00,Delivered,Refunded,PLT0026,2026-04-13 19:26:00,1,1
ORD101347,CUST01560,PROD01320,1,1058.6,0,18,1249.15,2026-03-30 12:42:00,Cancelled,Paid,PLT0029,2026-04-13 12:42:00,1,1
ORD101348,CUST01536,PROD02663,1,3529.28,15,28,3839.86,2026-09-14 16:00:00,Delivered,Refunded,PLT0029,2026-09-27 16:00:00,1,1
ORD101349,CUST03880,PROD00974,5,3516.55,10,12,17723.41,2026-08-20 11:12:00,Placed,Paid,PLT0005,2026-08-29 11:12:00,5,5
ORD101350,CUST02867,PROD02622,1,14279.77,20,28,14622.48,2026-09-02 10:05:00,Packed,Paid,PLT0002,2026-09-13 10:05:00,1,1
ORD101351,CUST00283,PROD01246,1,10055.9,20,28,10297.24,2026-06-18 07:18:00,Shipped,Paid,PLT0026,2026-06-23 07:18:00,1,1
ORD101352,CUST01535,PROD04138,3,5243.13,15,5,14038.48,2026-07-22 13:17:00,Delivered,Paid,PLT0005,2026-07-27 13:17:00,3,3
ORD101353,CUST04022,PROD04210,1,1005.73,20,12,901.13,2026-09-10 20:40:00,Placed,Paid,PLT0008,2026-09-14 20:40:00,1,1
ORD101354,CUST00582,PROD00215,2,11422.65,0,28,29241.98,2026-03-06 10:13:00,Shipped,Paid,PLT0008,2026-03-18 10:13:00,2,1
ORD101355,CUST04964,PROD00345,5,6435.23,15,5,28717.21,2026-04-11 19:50:00,Returned,Paid,PLT0002,2026-04-20 19:50:00,5,5
ORD101356,CUST01267,PROD02540,4,12324.87,20,18,46538.71,2026-06-30 06:44:00,Cancelled,Paid,PLT0027,2026-07-14 06:44:00,4,4
ORD101357,CUST03186,PROD04988,3,9643.0,15,28,31474.75,2026-05-16 20:21:00,Placed,Paid,PLT0009,2026-05-19 20:21:00,3,3
ORD101358,CUST02505,PROD03413,5,455.57,15,12,2168.51,2026-03-16 23:34:00,Placed,Failed,PLT0029,2026-03-29 23:34:00,5,5
ORD101359,CUST01510,PROD00202,5,1436.83,0,18,8477.3,2026-09-22 14:39:00,Cancelled,Paid,PLT0007,2026-10-05 14:39:00,5,5
ORD101360,CUST00905,PROD02988,2,8125.25,0,28,20800.64,2026-02-25 03:13:00,Packed,Paid,PLT0026,2026-03-03 03:13:00,2,2
ORD101361,CUST00055,PROD02248,1,13317.84,0,28,17046.84,2026-04-22 06:49:00,Packed,Paid,PLT0005,2026-04-27 06:49:00,1,1
ORD101362,CUST01418,PROD03432,2,15850.8,20,12,28404.63,2026-03-29 09:25:00,Placed,Failed,PLT0005,2026-04-06 09:25:00,2,2
ORD101363,CUST01928,PROD04620,1,13752.3,10,28,15842.65,2026-09-09 14:03:00,Delivered,Refunded,PLT0002,2026-09-17 14:03:00,1,1
ORD101364,CUST04504,PROD00198,1,14363.05,0,12,16086.62,2026-05-27 22:39:00,Delivered,Paid,PLT0003,2026-06-03 22:39:00,1,1
ORD101365,CUST03596,PROD03059,5,1300.78,20,12,5827.49,2026-04-09 00:33:00,Returned,Refunded,PLT0001,2026-04-17 00:33:00,5,5
ORD101366,CUST01331,PROD00353,1,10572.23,0,12,11840.9,2026-07-10 04:11:00,Placed,Refunded,PLT0000,2026-07-13 04:11:00,1,1
ORD101367,CUST04230,PROD04146,3,10430.63,15,12,29789.88,2026-05-30 02:54:00,Shipped,Paid,PLT0007,2026-06-08 02:54:00,3,3
ORD101368,CUST04484,PROD02463,3,10011.15,20,28,30754.25,2026-02-22 08:51:00,In Transit,Paid,PLT0026,2026-02-27 08:51:00,3,3
ORD101369,CUST00255,PROD04808,3,15290.63,15,18,46009.51,2026-04-30 20:50:00,Shipped,Paid,PLT0028,2026-05-05 20:50:00,3,3
ORD101370,CUST04003,PROD02738,5,8756.27,15,18,43912.69,2026-06-15 05:28:00,Delivered,Paid,PLT0008,2026-06-19 05:28:00,5,5
ORD101371,CUST02044,PROD00714,2,6647.27,15,5,11865.38,2026-09-01 13:08:00,Returned,Pending,PLT0004,2026-09-07 13:08:00,2,2
ORD101372,CUST03562,PROD03889,4,10113.15,5,12,43041.57,2026-07-25 16:43:00,Delivered,Paid,PLT0005,2026-08-03 16:43:00,4,4
ORD101373,CUST03393,PROD00118,1,3065.46,10,28,3531.41,2026-06-26 16:48:00,Returned,Paid,PLT0029,2026-07-06 16:48:00,1,1
ORD101374,CUST02520,PROD02124,4,6741.4,0,28,34515.97,2026-05-09 14:08:00,Placed,Paid,PLT0001,2026-05-21 14:08:00,4,4
ORD101375,CUST04663,PROD01031,2,687.42,0,5,1443.58,2026-08-03 23:21:00,Placed,Failed,PLT0025,2026-08-07 23:21:00,2,2
ORD101376,CUST04044,PROD00408,2,271.32,0,18,640.32,2026-04-15 19:34:00,Returned,Paid,PLT0005,2026-04-29 19:34:00,2,2
ORD101377,CUST00343,PROD02317,5,4467.23,5,28,27160.76,2026-04-25 09:28:00,Returned,Refunded,PLT0027,2026-05-07 09:28:00,5,5
ORD101378,CUST03103,PROD03927,3,9695.11,20,5,24431.68,2026-05-18 03:48:00,Packed,Pending,PLT0026,2026-05-26 03:48:00,3,3
ORD101379,CUST02564,PROD01726,3,1089.44,20,18,3085.29,2026-08-03 20:57:00,Delivered,Failed,PLT0004,2026-08-11 20:57:00,3,3
ORD101380,CUST04742,PROD00180,2,2285.58,0,28,5851.08,2026-03-27 18:02:00,Returned,Paid,PLT0009,2026-04-10 18:02:00,2,2
ORD101381,CUST00022,PROD04291,5,8689.43,10,12,43794.73,2026-03-13 22:28:00,Delivered,Paid,PLT0004,2026-03-18 22:28:00,5,5
ORD101382,CUST00959,PROD03605,5,3576.49,15,5,15960.09,2026-06-30 01:51:00,Returned,Refunded,PLT0009,2026-07-12 01:51:00,5,5
ORD101383,CUST04614,PROD04579,1,15626.32,0,28,20001.69,2026-09-14 03:37:00,Delivered,Refunded,PLT0029,2026-09-17 03:37:00,1,1
ORD101384,CUST03316,PROD04449,3,5412.66,10,5,15344.89,2026-06-15 15:39:00,Delivered,Refunded,PLT0028,2026-06-22 15:39:00,3,1
ORD101385,CUST02189,PROD03615,2,5940.51,0,5,12475.07,2026-04-21 08:00:00,Delivered,Refunded,PLT0002,2026-04-26 08:00:00,2,1
ORD101386,CUST01808,PROD02716,4,4865.83,5,5,19414.66,2026-08-08 15:44:00,Delivered,Paid,PLT0026,2026-08-13 15:44:00,4,3
ORD101387,CUST01964,PROD01040,3,5112.12,0,12,17176.72,2026-09-12 13:26:00,Packed,Pending,PLT0029,2026-09-26 13:26:00,3,3
ORD101388,CUST02831,PROD03167,1,14840.06,0,18,17511.27,2026-03-03 12:33:00,Packed,Paid,PLT0027,2026-03-07 12:33:00,1,1
ORD101389,CUST03392,PROD01838,5,5477.45,20,18,25853.56,2026-06-26 00:21:00,Shipped,Pending,PLT0003,2026-07-10 00:21:00,5,5
ORD101390,CUST01176,PROD01320,2,1058.6,0,28,2710.02,2026-03-01 12:55:00,Delivered,Paid,PLT0009,2026-03-12 12:55:00,2,2
ORD101391,CUST01548,PROD01355,3,7837.04,0,12,26332.45,2026-04-29 08:13:00,Shipped,Paid,PLT0008,2026-05-13 08:13:00,3,3
ORD101392,CUST04761,PROD04278,4,5474.54,20,18,20671.86,2026-07-22 01:45:00,Shipped,Paid,PLT0029,2026-07-25 01:45:00,4,4
ORD101393,CUST02731,PROD02084,1,14555.6,20,28,14904.93,2026-03-11 04:11:00,Delivered,Paid,PLT0025,2026-03-18 04:11:00,1,1
ORD101394,CUST00219,PROD02422,1,470.3,15,28,511.69,2026-06-29 22:44:00,Placed,Paid,PLT0007,2026-07-13 22:44:00,1,1
ORD101395,CUST01411,PROD00948,3,14409.3,5,5,43119.83,2026-02-13 14:12:00,Delivered,Failed,PLT0028,2026-02-18 14:12:00,3,3
ORD101396,CUST00600,PROD01909,4,5297.21,15,12,20171.78,2026-03-28 02:20:00,Packed,Failed,PLT0001,2026-04-01 02:20:00,4,4
ORD101397,CUST00634,PROD01891,1,1675.93,0,18,1977.6,2026-04-08 14:05:00,In Transit,Refunded,PLT0025,2026-04-11 14:05:00,1,1
ORD101398,CUST00990,PROD01574,2,13817.47,10,12,27856.02,2026-02-15 01:16:00,Returned,Paid,PLT0000,2026-02-27 01:16:00,2,2
ORD101399,CUST04168,PROD02635,1,11436.43,15,12,10887.48,2026-05-04 00:04:00,Shipped,Refunded,PLT0004,2026-05-18 00:04:00,1,1
ORD101400,CUST03864,PROD04522,4,9275.16,10,18,39400.88,2026-03-06 19:12:00,Packed,Paid,PLT0000,2026-03-12 19:12:00,4,2
ORD101401,CUST00044,PROD00447,5,15776.42,20,18,74464.7,2026-04-03 23:23:00,Cancelled,Refunded,PLT0000,2026-04-16 23:23:00,5,3
ORD101402,CUST00362,PROD01434,5,10702.14,0,12,59931.98,2026-06-22 15:40:00,Shipped,Failed,PLT0027,2026-06-29 15:40:00,5,5
ORD101403,CUST00034,PROD00606,3,7425.38,5,28,27087.79,2026-06-24 15:22:00,Delivered,Pending,PLT0002,2026-07-05 15:22:00,3,3
ORD101404,CUST00329,PROD00489,4,15210.54,10,12,61328.9,2026-09-03 18:12:00,Shipped,Paid,PLT0007,2026-09-07 18:12:00,4,4
ORD101405,CUST04404,PROD01768,1,7667.69,0,18,9047.87,2026-05-14 17:56:00,Packed,Paid,PLT0008,2026-05-19 17:56:00,1,1
ORD101406,CUST01147,PROD03935,1,4983.74,10,12,5023.61,2026-02-24 20:09:00,Returned,Paid,PLT0007,2026-03-08 20:09:00,1,1
ORD101407,CUST01465,PROD03905,5,13521.98,15,18,67812.73,2026-06-02 01:24:00,Delivered,Paid,PLT0004,2026-06-09 01:24:00,5,3
ORD101408,CUST01048,PROD00124,5,1848.83,0,28,11832.51,2026-02-19 14:01:00,Delivered,Paid,PLT0008,2026-02-26 14:01:00,5,5
ORD101409,CUST00452,PROD00231,2,12736.5,15,12,24250.3,2026-02-09 05:42:00,Cancelled,Pending,PLT0005,2026-02-21 05:42:00,2,1
ORD101410,CUST02941,PROD01163,5,5427.39,0,28,34735.3,2026-02-06 15:02:00,Returned,Refunded,PLT0006,2026-02-16 15:02:00,5,5
ORD101411,CUST01932,PROD01956,2,14935.5,0,12,33455.52,2026-08-23 18:07:00,Shipped,Paid,PLT0028,2026-09-04 18:07:00,2,2
ORD101412,CUST01076,PROD01758,1,7855.88,10,12,7918.73,2026-05-17 16:51:00,In Transit,Paid,PLT0007,2026-05-30 16:51:00,1,1
ORD101413,CUST01367,PROD02603,2,12002.46,0,18,28325.81,2026-04-19 03:24:00,Delivered,Failed,PLT0008,2026-04-25 03:24:00,2,2
ORD101414,CUST00349,PROD04446,2,15652.71,15,5,27940.09,2026-07-02 02:28:00,Cancelled,Failed,PLT0002,2026-07-06 02:28:00,2,1
ORD101415,CUST04439,PROD01142,3,5629.17,15,18,16938.17,2026-02-10 09:05:00,Delivered,Failed,PLT0006,2026-02-22 09:05:00,3,3
ORD101416,CUST04805,PROD01625,5,2886.32,10,12,14547.05,2026-07-12 19:32:00,Delivered,Paid,PLT0025,2026-07-25 19:32:00,5,5
ORD101417,CUST01926,PROD02709,2,378.08,0,5,793.97,2026-02-05 04:08:00,Cancelled,Paid,PLT0028,2026-02-08 04:08:00,2,2
ORD101418,CUST04718,PROD00193,1,14415.65,20,5,12109.15,2026-02-04 10:13:00,Delivered,Paid,PLT0027,2026-02-07 10:13:00,1,1
ORD101419,CUST02944,PROD03577,4,3202.15,5,28,15575.26,2026-07-31 23:06:00,Delivered,Paid,PLT0002,2026-08-08 23:06:00,4,4
ORD101420,CUST03142,PROD01425,2,15786.42,10,12,31825.42,2026-07-16 04:06:00,Delivered,Failed,PLT0000,2026-07-26 04:06:00,2,2
ORD101421,CUST00404,PROD03838,5,1985.44,15,18,9956.98,2026-07-05 03:39:00,Returned,Refunded,PLT0007,2026-07-10 03:39:00,5,5
ORD101422,CUST04335,PROD02542,3,12280.24,0,5,38682.76,2026-09-20 05:10:00,Delivered,Failed,PLT0003,2026-10-01 05:10:00,3,3
ORD101423,CUST04680,PROD00678,1,6424.9,0,5,6746.14,2026-02-15 14:32:00,In Transit,Refunded,PLT0025,2026-02-28 14:32:00,1,1
ORD101424,CUST04329,PROD03032,3,6750.51,20,18,19117.44,2026-05-12 03:17:00,Cancelled,Pending,PLT0000,2026-05-24 03:17:00,3,3
ORD101425,CUST00249,PROD03878,4,14080.35,5,18,63136.29,2026-06-20 01:42:00,Returned,Refunded,PLT0029,2026-06-25 01:42:00,4,4
ORD101426,CUST02388,PROD00437,2,1255.93,0,5,2637.45,2026-09-08 10:48:00,Cancelled,Paid,PLT0005,2026-09-15 10:48:00,2,2
ORD101427,CUST03479,PROD04163,2,8826.08,0,18,20829.55,2026-05-09 06:07:00,Returned,Refunded,PLT0029,2026-05-22 06:07:00,2,2
ORD101428,CUST03138,PROD04349,5,13231.32,20,28,67744.36,2026-08-13 07:18:00,Delivered,Refunded,PLT0000,2026-08-19 07:18:00,5,5
ORD101429,CUST00581,PROD01653,2,4282.49,10,5,8093.91,2026-02-02 22:00:00,Delivered,Paid,PLT0029,2026-02-14 22:00:00,2,2
ORD101430,CUST03662,PROD01371,1,15544.18,20,28,15917.24,2026-03-25 13:14:00,Cancelled,Paid,PLT0002,2026-04-05 13:14:00,1,1
ORD101431,CUST00955,PROD04158,4,13632.3,10,12,54965.43,2026-02-23 05:12:00,Packed,Paid,PLT0008,2026-03-08 05:12:00,4,4
ORD101432,CUST00128,PROD03221,3,8286.44,0,28,31819.93,2026-08-15 12:54:00,Packed,Paid,PLT0028,2026-08-26 12:54:00,3,3
ORD101433,CUST00755,PROD00293,4,13178.35,20,18,49761.45,2026-08-14 20:53:00,Returned,Paid,PLT0004,2026-08-20 20:53:00,4,4
ORD101434,CUST02343,PROD02162,2,9971.76,5,5,19893.66,2026-02-15 07:23:00,Cancelled,Pending,PLT0005,2026-02-22 07:23:00,2,1
ORD101435,CUST03852,PROD00785,3,2986.4,20,28,9174.22,2026-03-23 14:36:00,Shipped,Pending,PLT0025,2026-04-06 14:36:00,3,3
ORD101436,CUST04396,PROD03118,5,317.55,0,18,1873.54,2026-08-16 16:54:00,Delivered,Refunded,PLT0002,2026-08-22 16:54:00,5,5
ORD101437,CUST01486,PROD00819,4,969.71,0,18,4577.03,2026-09-04 10:03:00,Returned,Refunded,PLT0005,2026-09-11 10:03:00,4,4
ORD101438,CUST02160,PROD02553,3,12949.94,0,28,49727.77,2026-06-21 12:07:00,Packed,Refunded,PLT0003,2026-06-24 12:07:00,3,3
ORD101439,CUST03816,PROD01842,3,6969.02,20,5,17561.93,2026-02-08 12:36:00,Returned,Paid,PLT0028,2026-02-22 12:36:00,3,3
ORD101440,CUST02888,PROD02800,3,3121.71,20,28,9589.89,2026-07-30 03:33:00,Cancelled,Pending,PLT0007,2026-08-05 03:33:00,3,3
ORD101441,CUST04631,PROD02291,1,9810.4,10,12,9888.88,2026-02-15 17:00:00,Placed,Failed,PLT0004,2026-02-27 17:00:00,1,1
ORD101442,CUST00817,PROD01801,4,15307.37,0,28,78373.73,2026-09-13 02:42:00,Delivered,Pending,PLT0028,2026-09-26 02:42:00,4,4
ORD101443,CUST00998,PROD02494,3,6244.99,10,28,21582.69,2026-02-27 02:08:00,In Transit,Pending,PLT0001,2026-03-10 02:08:00,3,3
ORD101444,CUST03991,PROD04792,4,15258.11,5,5,60879.86,2026-08-07 17:40:00,In Transit,Paid,PLT0027,2026-08-11 17:40:00,4,3
ORD101445,CUST01569,PROD00920,3,2326.8,0,28,8934.91,2026-04-30 22:55:00,Cancelled,Pending,PLT0029,2026-05-13 22:55:00,3,3
ORD101446,CUST04651,PROD04121,5,4763.32,15,18,23888.05,2026-06-28 11:08:00,Returned,Refunded,PLT0004,2026-07-05 11:08:00,5,5
ORD101447,CUST00361,PROD04689,5,8752.69,15,5,39058.88,2026-07-12 23:31:00,Cancelled,Pending,PLT0004,2026-07-16 23:31:00,5,3
ORD101448,CUST03213,PROD01239,5,15493.28,0,18,91410.35,2026-04-08 03:37:00,Delivered,Paid,PLT0025,2026-04-14 03:37:00,5,5
ORD101449,CUST03431,PROD02519,2,11033.78,0,5,23170.94,2026-02-23 13:15:00,Cancelled,Paid,PLT0006,2026-03-01 13:15:00,2,2
ORD101450,CUST02656,PROD02835,3,6424.6,15,12,18348.66,2026-06-14 05:42:00,Shipped,Refunded,PLT0001,2026-06-17 05:42:00,3,3
ORD101451,CUST00478,PROD02584,2,7243.66,0,12,16225.8,2026-02-20 21:44:00,Delivered,Refunded,PLT0000,2026-02-27 21:44:00,2,2
ORD101452,CUST03301,PROD03708,4,4510.69,0,12,20207.89,2026-01-30 11:14:00,Cancelled,Paid,PLT0025,2026-02-10 11:14:00,4,3
ORD101453,CUST04219,PROD02346,2,10729.31,5,28,26093.68,2026-02-05 09:47:00,In Transit,Paid,PLT0028,2026-02-09 09:47:00,2,2
ORD101454,CUST04349,PROD03447,4,12889.18,5,12,54856.35,2026-06-30 04:51:00,Shipped,Pending,PLT0004,2026-07-03 04:51:00,4,4
ORD101455,CUST04118,PROD02418,4,719.04,10,5,2717.97,2026-04-02 07:48:00,Delivered,Paid,PLT0003,2026-04-11 07:48:00,4,4
ORD101456,CUST02991,PROD01906,4,3318.44,0,12,14866.61,2026-03-25 02:07:00,Returned,Pending,PLT0000,2026-04-05 02:07:00,4,4
ORD101457,CUST03786,PROD01605,2,1202.84,0,5,2525.96,2026-04-21 11:09:00,Packed,Pending,PLT0025,2026-05-03 11:09:00,2,2
ORD101458,CUST03520,PROD01889,3,11649.74,0,18,41240.08,2026-08-18 12:12:00,In Transit,Paid,PLT0007,2026-08-21 12:12:00,3,3
ORD101459,CUST00318,PROD00463,2,11961.11,10,28,27558.4,2026-05-27 09:44:00,Delivered,Paid,PLT0027,2026-06-07 09:44:00,2,2
ORD101460,CUST01498,PROD02231,3,11915.77,10,18,37963.64,2026-03-30 20:18:00,Packed,Refunded,PLT0025,2026-04-05 20:18:00,3,3
ORD101461,CUST03809,PROD00132,3,3630.51,0,18,12852.01,2026-06-17 20:09:00,Delivered,Paid,PLT0006,2026-06-23 20:09:00,3,3
ORD101462,CUST01613,PROD01778,4,7056.89,0,12,31614.87,2026-02-28 10:02:00,In Transit,Refunded,PLT0004,2026-03-04 10:02:00,4,4
ORD101463,CUST00993,PROD00362,2,10327.28,0,12,23133.11,2026-02-28 12:34:00,Delivered,Failed,PLT0028,2026-03-06 12:34:00,2,2
ORD101464,CUST03480,PROD02777,3,797.01,10,12,2410.16,2026-04-03 11:12:00,Delivered,Failed,PLT0000,2026-04-08 11:12:00,3,3
ORD101465,CUST00163,PROD04486,5,11901.12,0,18,70216.61,2026-07-07 09:35:00,Placed,Paid,PLT0025,2026-07-20 09:35:00,5,5
ORD101466,CUST01955,PROD00667,3,4009.73,20,28,12317.89,2026-07-08 23:35:00,Cancelled,Refunded,PLT0029,2026-07-18 23:35:00,3,3
ORD101467,CUST02854,PROD04104,5,2875.89,0,28,18405.7,2026-08-02 16:36:00,Delivered,Paid,PLT0002,2026-08-09 16:36:00,5,5
ORD101468,CUST00436,PROD00970,2,7668.2,15,18,15382.41,2026-06-26 13:28:00,Shipped,Paid,PLT0029,2026-07-09 13:28:00,2,1
ORD101469,CUST01260,PROD02952,2,11184.63,15,28,24337.75,2026-06-17 20:32:00,Placed,Paid,PLT0029,2026-06-27 20:32:00,2,2
ORD101470,CUST02502,PROD04207,2,9409.46,20,18,17765.06,2026-08-27 21:57:00,Shipped,Paid,PLT0029,2026-08-30 21:57:00,2,1
ORD101471,CUST02788,PROD02866,3,9322.41,0,18,33001.33,2026-06-09 05:08:00,Returned,Failed,PLT0007,2026-06-16 05:08:00,3,3
ORD101472,CUST00128,PROD01935,1,10854.84,10,28,12504.78,2026-06-13 09:24:00,Shipped,Failed,PLT0003,2026-06-17 09:24:00,1,1
ORD101473,CUST03227,PROD02812,3,10284.78,15,5,27537.5,2026-06-18 04:46:00,Placed,Failed,PLT0002,2026-06-30 04:46:00,3,3
ORD101474,CUST01633,PROD00027,3,3273.81,10,5,9281.25,2026-04-21 18:43:00,Cancelled,Failed,PLT0026,2026-04-30 18:43:00,3,3
ORD101475,CUST01038,PROD03522,4,7557.8,15,12,28780.1,2026-02-09 05:19:00,Delivered,Paid,PLT0006,2026-02-18 05:19:00,4,4
ORD101476,CUST03794,PROD01028,4,13527.34,10,28,62333.98,2026-06-13 19:46:00,Delivered,Paid,PLT0029,2026-06-19 19:46:00,4,4
ORD101477,CUST00499,PROD04935,3,7874.87,15,12,22490.63,2026-07-08 14:48:00,Delivered,Paid,PLT0028,2026-07-16 14:48:00,3,3
ORD101478,CUST02863,PROD01246,5,10055.9,10,18,53396.83,2026-06-09 04:02:00,Shipped,Failed,PLT0007,2026-06-13 04:02:00,5,5
ORD101479,CUST01266,PROD02955,4,14742.81,20,5,49535.84,2026-08-12 07:02:00,Delivered,Refunded,PLT0004,2026-08-21 07:02:00,4,4
ORD101480,CUST02256,PROD04386,3,8969.19,0,28,34441.69,2026-07-07 21:38:00,Packed,Pending,PLT0005,2026-07-21 21:38:00,3,3
ORD101481,CUST00722,PROD00274,1,14619.52,10,28,16841.69,2026-06-11 18:15:00,In Transit,Refunded,PLT0027,2026-06-15 18:15:00,1,1
ORD101482,CUST03502,PROD04887,5,5551.58,0,28,35530.11,2026-05-14 17:29:00,Shipped,Refunded,PLT0028,2026-05-27 17:29:00,5,3
ORD101483,CUST04985,PROD04891,2,5125.01,0,5,10762.52,2026-04-25 14:32:00,Delivered,Paid,PLT0000,2026-05-06 14:32:00,2,2
ORD101484,CUST02107,PROD02261,3,12403.69,0,12,41676.4,2026-06-03 03:42:00,Delivered,Paid,PLT0002,2026-06-13 03:42:00,3,3
ORD101485,CUST02572,PROD00517,3,6084.77,20,5,15333.62,2026-09-08 08:13:00,Packed,Paid,PLT0002,2026-09-19 08:13:00,3,1
ORD101486,CUST03533,PROD04665,5,13289.05,0,12,74418.68,2026-08-01 16:16:00,Shipped,Paid,PLT0000,2026-08-09 16:16:00,5,3
ORD101487,CUST02456,PROD02061,4,1089.14,5,18,4883.7,2026-07-24 10:13:00,In Transit,Paid,PLT0004,2026-07-28 10:13:00,4,4
ORD101488,CUST03126,PROD01968,4,5858.54,0,18,27652.31,2026-01-28 22:53:00,Packed,Paid,PLT0028,2026-02-02 22:53:00,4,4
ORD101489,CUST04398,PROD03631,4,12028.23,10,12,48497.82,2026-09-12 08:26:00,Delivered,Paid,PLT0004,2026-09-21 08:26:00,4,4
ORD101490,CUST03406,PROD01605,2,1202.84,0,18,2838.7,2026-06-09 08:36:00,Packed,Refunded,PLT0029,2026-06-12 08:36:00,2,1
ORD101491,CUST03104,PROD01952,5,3606.73,10,18,19151.74,2026-03-12 02:58:00,Delivered,Paid,PLT0025,2026-03-25 02:58:00,5,5
ORD101492,CUST03825,PROD01751,5,8610.43,10,28,49596.08,2026-06-23 17:42:00,Shipped,Pending,PLT0025,2026-07-06 17:42:00,5,3
ORD101493,CUST03249,PROD00551,4,8369.6,5,28,40709.73,2026-03-18 13:58:00,Packed,Paid,PLT0006,2026-03-28 13:58:00,4,2
ORD101494,CUST02084,PROD01444,4,7154.63,0,5,30049.45,2026-08-04 13:01:00,Delivered,Paid,PLT0029,2026-08-14 13:01:00,4,3
ORD101495,CUST03373,PROD01677,1,1385.62,0,5,1454.9,2026-05-08 01:11:00,Returned,Pending,PLT0009,2026-05-18 01:11:00,1,1
ORD101496,CUST00984,PROD04345,1,9448.21,15,5,8432.53,2026-08-31 10:17:00,Shipped,Paid,PLT0002,2026-09-03 10:17:00,1,1
ORD101497,CUST02278,PROD03122,3,4035.2,15,28,13170.89,2026-03-20 02:18:00,Delivered,Failed,PLT0025,2026-03-30 02:18:00,3,3
ORD101498,CUST01359,PROD02891,3,5380.84,0,5,16949.65,2026-06-25 14:21:00,Delivered,Failed,PLT0025,2026-07-08 14:21:00,3,3
ORD101499,CUST04138,PROD02755,5,14687.02,10,5,69396.17,2026-03-25 06:20:00,Delivered,Paid,PLT0025,2026-04-07 06:20:00,5,5
ORD101500,CUST02499,PROD03302,5,15954.2,5,28,97001.54,2026-02-04 03:57:00,Packed,Pending,PLT0009,2026-02-11 03:57:00,5,5
ORD101501,CUST00069,PROD04518,2,14354.54,15,12,27331.04,2026-04-18 02:35:00,Delivered,Pending,PLT0008,2026-04-25 02:35:00,2,2
ORD101502,CUST00143,PROD02794,2,4225.71,0,28,10817.82,2026-08-29 07:06:00,In Transit,Refunded,PLT0025,2026-09-07 07:06:00,2,2
ORD101503,CUST00042,PROD00486,1,14427.41,0,12,16158.7,2026-07-08 11:41:00,Delivered,Pending,PLT0007,2026-07-21 11:41:00,1,1
ORD101504,CUST00111,PROD01281,3,9927.68,5,28,36216.18,2026-05-07 08:36:00,In Transit,Paid,PLT0027,2026-05-12 08:36:00,3,3
ORD101505,CUST00899,PROD01121,1,14230.09,20,5,11953.28,2026-09-24 07:18:00,Returned,Pending,PLT0007,2026-09-30 07:18:00,1,1
ORD101506,CUST01735,PROD00080,1,1941.32,0,18,2290.76,2026-06-23 09:03:00,Shipped,Refunded,PLT0025,2026-06-28 09:03:00,1,1
ORD101507,CUST03634,PROD04354,3,15330.34,0,18,54269.4,2026-06-17 14:33:00,Delivered,Paid,PLT0025,2026-06-26 14:33:00,3,2
ORD101508,CUST02156,PROD00148,2,8091.6,20,12,14500.15,2026-03-05 23:47:00,Placed,Paid,PLT0004,2026-03-11 23:47:00,2,2
ORD101509,CUST01568,PROD03066,3,4350.69,10,12,13156.49,2026-02-19 11:04:00,Placed,Paid,PLT0026,2026-03-01 11:04:00,3,1
ORD101510,CUST03665,PROD01557,4,9813.6,10,12,39568.44,2026-02-12 17:18:00,Returned,Paid,PLT0029,2026-02-20 17:18:00,4,4
ORD101511,CUST04183,PROD04457,4,11102.6,15,18,44543.63,2026-08-13 14:52:00,Delivered,Pending,PLT0029,2026-08-21 14:52:00,4,4
ORD101512,CUST02222,PROD02434,4,4684.65,15,12,17839.15,2026-05-11 10:35:00,Shipped,Paid,PLT0006,2026-05-19 10:35:00,4,2
ORD101513,CUST04007,PROD04063,5,12268.28,0,28,78516.99,2026-08-11 19:29:00,Placed,Refunded,PLT0025,2026-08-18 19:29:00,5,5
ORD101514,CUST00800,PROD04724,2,6756.25,0,28,17296.0,2026-08-31 04:20:00,Delivered,Paid,PLT0009,2026-09-11 04:20:00,2,2
ORD101515,CUST00142,PROD01254,2,2089.45,15,18,4191.44,2026-08-20 21:31:00,Packed,Failed,PLT0002,2026-09-01 21:31:00,2,2
ORD101516,CUST03889,PROD03686,5,9094.93,20,28,46566.04,2026-07-30 10:36:00,Placed,Paid,PLT0029,2026-08-02 10:36:00,5,5
ORD101517,CUST01969,PROD04867,1,5758.73,15,12,5482.31,2026-03-18 13:33:00,In Transit,Paid,PLT0028,2026-03-22 13:33:00,1,1
ORD101518,CUST04159,PROD03028,4,10302.58,0,18,48628.18,2026-06-10 09:46:00,Delivered,Paid,PLT0002,2026-06-24 09:46:00,4,3
ORD101519,CUST01461,PROD00536,4,15120.78,5,12,64354.04,2026-04-23 22:36:00,Packed,Paid,PLT0003,2026-05-05 22:36:00,4,3
ORD101520,CUST01561,PROD01740,1,6683.66,0,28,8555.08,2026-02-04 02:11:00,Delivered,Paid,PLT0001,2026-02-16 02:11:00,1,1
ORD101521,CUST01479,PROD01509,3,9764.69,5,12,31168.89,2026-02-22 22:01:00,Delivered,Paid,PLT0008,2026-03-06 22:01:00,3,3
ORD101522,CUST01207,PROD02294,3,8312.5,5,18,27954.94,2026-05-23 18:29:00,Shipped,Failed,PLT0004,2026-06-05 18:29:00,3,3
ORD101523,CUST02664,PROD03246,2,2828.93,0,12,6336.8,2026-04-04 08:12:00,Returned,Paid,PLT0002,2026-04-17 08:12:00,2,2
ORD101524,CUST04442,PROD02665,5,9762.26,0,28,62478.46,2026-08-15 02:48:00,In Transit,Refunded,PLT0002,2026-08-28 02:48:00,5,5
ORD101525,CUST01827,PROD00623,2,5989.51,15,5,10691.28,2026-06-12 12:15:00,Delivered,Paid,PLT0005,2026-06-19 12:15:00,2,2
ORD101526,CUST01829,PROD04475,3,10739.58,10,18,34216.3,2026-06-03 10:56:00,Delivered,Refunded,PLT0004,2026-06-10 10:56:00,3,3
ORD101527,CUST03940,PROD01548,1,8847.6,0,12,9909.31,2026-07-21 09:16:00,Shipped,Paid,PLT0025,2026-07-24 09:16:00,1,1
ORD101528,CUST03503,PROD03029,2,10775.52,5,18,24158.72,2026-06-07 10:38:00,Returned,Failed,PLT0007,2026-06-16 10:38:00,2,2
ORD101529,CUST01348,PROD04868,4,2460.26,0,12,11021.96,2026-04-01 00:30:00,In Transit,Paid,PLT0007,2026-04-09 00:30:00,4,4
ORD101530,CUST01158,PROD00815,4,13930.35,15,5,49731.35,2026-04-18 20:34:00,Delivered,Refunded,PLT0003,2026-05-01 20:34:00,4,4
ORD101531,CUST01713,PROD02090,1,6147.68,20,28,6295.22,2026-07-22 23:03:00,Shipped,Paid,PLT0028,2026-08-03 23:03:00,1,1
ORD101532,CUST01928,PROD03562,3,13174.86,5,12,42054.15,2026-08-16 18:35:00,Cancelled,Paid,PLT0004,2026-08-20 18:35:00,3,2
ORD101533,CUST02201,PROD00929,4,10171.3,10,12,41010.68,2026-08-28 01:18:00,Placed,Paid,PLT0029,2026-09-01 01:18:00,4,4
ORD101534,CUST02700,PROD01371,4,15544.18,10,5,58757.0,2026-03-20 19:08:00,Delivered,Paid,PLT0009,2026-03-30 19:08:00,4,4
ORD101535,CUST00364,PROD00366,5,6238.03,10,18,33123.94,2026-08-06 15:05:00,Placed,Failed,PLT0002,2026-08-18 15:05:00,5,5
ORD101536,CUST00948,PROD00937,2,391.41,20,28,801.61,2026-02-03 05:15:00,Cancelled,Paid,PLT0025,2026-02-10 05:15:00,2,2
ORD101537,CUST02805,PROD02174,3,13705.22,0,12,46049.54,2026-07-22 13:14:00,Cancelled,Pending,PLT0006,2026-08-03 13:14:00,3,2
ORD101538,CUST02261,PROD00333,2,327.86,5,12,697.69,2026-06-03 18:43:00,Packed,Refunded,PLT0003,2026-06-10 18:43:00,2,2
ORD101539,CUST00972,PROD03715,3,15841.73,20,28,48665.79,2026-04-02 15:22:00,Delivered,Paid,PLT0003,2026-04-12 15:22:00,3,1
ORD101540,CUST03857,PROD04831,4,12762.4,5,5,50921.98,2026-09-03 09:33:00,Cancelled,Refunded,PLT0003,2026-09-16 09:33:00,4,4
ORD101541,CUST04046,PROD04149,5,11689.13,20,18,55172.69,2026-07-18 06:15:00,Delivered,Paid,PLT0028,2026-07-25 06:15:00,5,5
ORD101542,CUST03317,PROD01850,2,10367.39,20,28,21232.41,2026-02-05 18:33:00,Delivered,Refunded,PLT0007,2026-02-14 18:33:00,2,2
ORD101543,CUST03024,PROD02250,4,1926.43,0,18,9092.75,2026-09-01 14:09:00,Shipped,Paid,PLT0005,2026-09-06 14:09:00,4,4
ORD101544,CUST03784,PROD00150,3,4529.48,5,5,13554.47,2026-05-14 03:56:00,In Transit,Pending,PLT0007,2026-05-22 03:56:00,3,3
ORD101545,CUST04416,PROD00046,2,10633.1,20,5,17863.61,2026-09-19 05:22:00,Delivered,Paid,PLT0005,2026-09-23 05:22:00,2,2
ORD101546,CUST03454,PROD03685,2,10869.55,0,28,27826.05,2026-02-06 13:02:00,Packed,Paid,PLT0006,2026-02-12 13:02:00,2,1
ORD101547,CUST03581,PROD03644,4,7513.16,0,12,33658.96,2026-04-13 08:28:00,Cancelled,Paid,PLT0000,2026-04-16 08:28:00,4,4
ORD101548,CUST00644,PROD00619,2,12917.6,15,5,23057.92,2026-03-03 21:25:00,Placed,Paid,PLT0000,2026-03-10 21:25:00,2,2
ORD101549,CUST00347,PROD03451,5,7329.75,20,5,30784.95,2026-07-25 17:27:00,In Transit,Paid,PLT0003,2026-08-04 17:27:00,5,5
ORD101550,CUST00414,PROD00491,5,7343.94,10,28,42301.09,2026-04-15 23:29:00,Shipped,Paid,PLT0005,2026-04-29 23:29:00,5,5
ORD101551,CUST00293,PROD00820,4,5428.64,0,28,27794.64,2026-09-22 16:20:00,Delivered,Refunded,PLT0028,2026-09-27 16:20:00,4,2
ORD101552,CUST00156,PROD00256,3,8952.14,0,28,34376.22,2026-07-26 00:53:00,Shipped,Paid,PLT0006,2026-08-09 00:53:00,3,3
ORD101553,CUST02880,PROD04601,4,3257.24,20,5,10944.33,2026-06-28 11:12:00,Shipped,Paid,PLT0004,2026-07-08 11:12:00,4,2
ORD101554,CUST04903,PROD01806,5,12415.99,0,18,73254.34,2026-06-11 09:00:00,In Transit,Failed,PLT0005,2026-06-23 09:00:00,5,5
ORD101555,CUST00707,PROD00900,1,1458.59,0,5,1531.52,2026-06-30 17:08:00,Delivered,Failed,PLT0025,2026-07-08 17:08:00,1,1
ORD101556,CUST01005,PROD03616,1,1482.57,0,28,1897.69,2026-07-24 03:07:00,Packed,Paid,PLT0027,2026-08-03 03:07:00,1,1
ORD101557,CUST04340,PROD01980,2,13485.74,15,12,25676.85,2026-04-07 22:26:00,Cancelled,Refunded,PLT0008,2026-04-19 22:26:00,2,1
ORD101558,CUST03123,PROD02532,2,13271.66,15,12,25269.24,2026-03-10 13:55:00,Cancelled,Paid,PLT0007,2026-03-19 13:55:00,2,2
ORD101559,CUST01333,PROD04972,1,14376.49,10,28,16561.72,2026-04-25 06:48:00,Shipped,Refunded,PLT0027,2026-05-06 06:48:00,1,1
ORD101560,CUST02197,PROD04628,5,8058.21,0,12,45125.98,2026-05-09 02:36:00,Packed,Paid,PLT0007,2026-05-17 02:36:00,5,4
ORD101561,CUST04093,PROD03526,2,2440.68,15,5,4356.61,2026-09-11 11:24:00,Packed,Pending,PLT0028,2026-09-14 11:24:00,2,2
ORD101562,CUST04984,PROD01663,4,14717.33,20,18,55572.64,2026-06-14 01:49:00,Cancelled,Paid,PLT0004,2026-06-18 01:49:00,4,4
ORD101563,CUST01956,PROD01435,4,2319.45,5,5,9254.61,2026-07-09 04:25:00,Placed,Paid,PLT0003,2026-07-22 04:25:00,4,4
ORD101564,CUST01764,PROD00781,5,11132.78,5,28,67687.3,2026-04-24 12:34:00,Placed,Failed,PLT0027,2026-05-06 12:34:00,5,5
ORD101565,CUST01689,PROD03016,2,5410.39,5,5,10793.73,2026-03-20 05:55:00,Delivered,Pending,PLT0027,2026-03-29 05:55:00,2,2
ORD101566,CUST02469,PROD02945,4,12167.18,20,12,43607.17,2026-09-09 22:07:00,Shipped,Refunded,PLT0005,2026-09-13 22:07:00,4,2
ORD101567,CUST04164,PROD01815,2,1405.53,0,5,2951.61,2026-08-07 23:26:00,Delivered,Refunded,PLT0005,2026-08-15 23:26:00,2,2
ORD101568,CUST04735,PROD01975,2,4848.74,20,18,9154.42,2026-02-25 05:32:00,Delivered,Refunded,PLT0025,2026-03-02 05:32:00,2,1
ORD101569,CUST00699,PROD03803,4,13116.97,0,12,58764.03,2026-02-14 12:27:00,Delivered,Refunded,PLT0008,2026-02-25 12:27:00,4,4
ORD101570,CUST02337,PROD02626,1,15427.85,5,18,17294.62,2026-06-19 17:25:00,Placed,Paid,PLT0000,2026-06-28 17:25:00,1,1
ORD101571,CUST00460,PROD01656,4,14996.63,10,18,63705.68,2026-04-01 03:12:00,Placed,Failed,PLT0008,2026-04-11 03:12:00,4,2
ORD101572,CUST01052,PROD00834,5,2903.55,10,18,15417.85,2026-09-18 15:57:00,Packed,Paid,PLT0009,2026-09-30 15:57:00,5,4
ORD101573,CUST03234,PROD04050,3,3303.3,0,5,10405.4,2026-03-03 14:11:00,Shipped,Paid,PLT0026,2026-03-08 14:11:00,3,3
ORD101574,CUST04824,PROD02682,4,13383.14,5,5,53398.73,2026-07-19 20:01:00,Cancelled,Pending,PLT0029,2026-07-26 20:01:00,4,4
ORD101575,CUST03186,PROD01076,2,6900.59,20,5,11592.99,2026-06-18 21:35:00,Packed,Failed,PLT0025,2026-06-27 21:35:00,2,1
ORD101576,CUST01846,PROD04476,2,7791.46,10,5,14725.86,2026-06-14 03:19:00,Cancelled,Pending,PLT0008,2026-06-28 03:19:00,2,2
ORD101577,CUST00707,PROD03078,4,1782.9,0,12,7987.39,2026-04-06 20:48:00,Shipped,Refunded,PLT0025,2026-04-19 20:48:00,4,2
ORD101578,CUST02622,PROD00820,3,5428.64,20,5,13680.17,2026-03-05 23:35:00,Placed,Refunded,PLT0029,2026-03-10 23:35:00,3,3
ORD101579,CUST02848,PROD01515,4,3211.87,5,12,13669.72,2026-08-05 13:42:00,Returned,Failed,PLT0001,2026-08-15 13:42:00,4,3
ORD101580,CUST02876,PROD01299,3,10218.24,0,18,36172.57,2026-05-14 12:48:00,Delivered,Pending,PLT0003,2026-05-22 12:48:00,3,3
ORD101581,CUST04307,PROD02093,3,3338.89,5,12,10657.74,2026-05-02 10:55:00,Placed,Refunded,PLT0028,2026-05-09 10:55:00,3,2
ORD101582,CUST00392,PROD00189,5,8520.44,5,28,51804.28,2026-04-17 23:42:00,Shipped,Paid,PLT0000,2026-04-30 23:42:00,5,5
ORD101583,CUST00155,PROD00386,2,12874.35,20,5,21628.91,2026-03-09 07:10:00,Cancelled,Paid,PLT0004,2026-03-14 07:10:00,2,1
ORD101584,CUST04124,PROD00270,2,4767.11,20,28,9763.04,2026-09-20 07:25:00,Placed,Paid,PLT0025,2026-09-29 07:25:00,2,2
ORD101585,CUST03940,PROD01104,3,14850.26,15,12,42412.34,2026-02-03 23:40:00,Delivered,Paid,PLT0027,2026-02-06 23:40:00,3,3
ORD101586,CUST03036,PROD02563,2,897.59,15,5,1602.2,2026-02-21 03:30:00,In Transit,Paid,PLT0029,2026-02-28 03:30:00,2,1
ORD101587,CUST04082,PROD04702,1,1265.49,20,28,1295.86,2026-02-08 15:05:00,Packed,Paid,PLT0029,2026-02-11 15:05:00,1,1
ORD101588,CUST02773,PROD01617,3,15905.82,20,5,40082.67,2026-04-04 05:27:00,Delivered,Failed,PLT0027,2026-04-14 05:27:00,3,3
ORD101589,CUST03776,PROD04047,2,5350.53,0,12,11985.19,2026-03-28 01:29:00,Shipped,Failed,PLT0029,2026-04-09 01:29:00,2,2
ORD101590,CUST02692,PROD02738,1,8756.27,0,28,11208.03,2026-06-25 07:15:00,Packed,Failed,PLT0025,2026-06-30 07:15:00,1,1
ORD101591,CUST00808,PROD04422,5,15310.85,5,12,81453.72,2026-07-23 00:06:00,Packed,Pending,PLT0009,2026-07-27 00:06:00,5,3
ORD101592,CUST01737,PROD00686,2,8951.53,10,28,20624.33,2026-09-12 18:41:00,Cancelled,Pending,PLT0002,2026-09-23 18:41:00,2,2
ORD101593,CUST00899,PROD04367,1,1372.68,0,18,1619.76,2026-03-14 05:45:00,Packed,Paid,PLT0006,2026-03-25 05:45:00,1,1
ORD101594,CUST04170,PROD01868,4,2719.56,5,18,12194.51,2026-05-20 09:56:00,Cancelled,Paid,PLT0008,2026-05-31 09:56:00,4,4
ORD101595,CUST01830,PROD02816,4,12367.87,0,18,58376.35,2026-02-26 17:26:00,Returned,Paid,PLT0008,2026-03-12 17:26:00,4,4
ORD101596,CUST04519,PROD00314,1,15405.11,15,18,15451.33,2026-04-25 04:12:00,Delivered,Refunded,PLT0029,2026-05-09 04:12:00,1,1
ORD101597,CUST01113,PROD00370,3,1201.84,10,18,3829.06,2026-08-20 09:24:00,Shipped,Failed,PLT0028,2026-08-29 09:24:00,3,3
ORD101598,CUST01578,PROD01516,3,219.25,5,12,699.85,2026-04-02 16:39:00,Delivered,Pending,PLT0006,2026-04-11 16:39:00,3,3
ORD101599,CUST04024,PROD01191,2,1169.87,20,18,2208.71,2026-04-07 14:12:00,Delivered,Pending,PLT0004,2026-04-21 14:12:00,2,2
ORD101600,CUST00445,PROD04593,4,8119.85,0,12,36376.93,2026-02-16 15:17:00,Packed,Paid,PLT0000,2026-02-27 15:17:00,4,4
ORD101601,CUST04404,PROD03875,3,765.45,15,18,2303.24,2026-07-19 13:10:00,Delivered,Paid,PLT0025,2026-07-30 13:10:00,3,3
ORD101602,CUST02301,PROD02191,3,4237.56,0,5,13348.31,2026-02-03 06:03:00,Delivered,Paid,PLT0003,2026-02-17 06:03:00,3,3
ORD101603,CUST02250,PROD00105,4,14529.31,5,18,65149.43,2026-03-18 04:59:00,In Transit,Failed,PLT0000,2026-03-31 04:59:00,4,2
ORD101604,CUST02099,PROD04347,5,12815.56,0,5,67281.69,2026-06-30 00:32:00,Delivered,Pending,PLT0002,2026-07-03 00:32:00,5,5
ORD101605,CUST03180,PROD04844,3,784.29,15,12,2239.93,2026-02-05 17:19:00,Returned,Pending,PLT0003,2026-02-16 17:19:00,3,3
ORD101606,CUST04391,PROD04023,1,10789.9,0,18,12732.08,2026-09-10 20:23:00,Returned,Refunded,PLT0027,2026-09-24 20:23:00,1,1
ORD101607,CUST02619,PROD03048,2,5608.73,0,28,14358.35,2026-03-18 04:40:00,Delivered,Refunded,PLT0008,2026-03-27 04:40:00,2,2
ORD101608,CUST00136,PROD04000,3,2664.74,10,12,8058.17,2026-08-23 11:56:00,Delivered,Refunded,PLT0000,2026-09-04 11:56:00,3,3
ORD101609,CUST00864,PROD04234,3,14589.29,5,18,49063.78,2026-03-13 15:16:00,Delivered,Paid,PLT0009,2026-03-26 15:16:00,3,3
ORD101610,CUST01623,PROD02140,5,13744.02,5,12,73118.19,2026-06-27 02:32:00,Delivered,Paid,PLT0004,2026-07-07 02:32:00,5,5
ORD101611,CUST04438,PROD01118,1,14050.63,15,28,15287.09,2026-04-15 07:50:00,Placed,Paid,PLT0003,2026-04-18 07:50:00,1,1
ORD101612,CUST00718,PROD01876,2,8720.57,0,18,20580.55,2026-02-25 14:37:00,Delivered,Refunded,PLT0005,2026-02-28 14:37:00,2,2
ORD101613,CUST02004,PROD02838,3,813.09,10,28,2810.04,2026-03-22 03:35:00,Delivered,Refunded,PLT0029,2026-03-31 03:35:00,3,2
ORD101614,CUST04150,PROD00665,2,1717.34,20,18,3242.34,2026-06-09 16:33:00,Delivered,Failed,PLT0001,2026-06-23 16:33:00,2,2
ORD101615,CUST03006,PROD04598,4,3791.37,15,5,13535.19,2026-08-02 22:38:00,Delivered,Paid,PLT0006,2026-08-12 22:38:00,4,2
ORD101616,CUST02444,PROD00312,3,1346.46,20,12,3619.28,2026-08-28 19:27:00,Placed,Failed,PLT0004,2026-09-03 19:27:00,3,3
ORD101617,CUST00895,PROD01312,3,14326.58,15,28,46761.96,2026-02-03 21:34:00,Delivered,Failed,PLT0003,2026-02-10 21:34:00,3,3
ORD101618,CUST04499,PROD03554,4,8136.59,0,12,36451.92,2026-08-06 09:21:00,Shipped,Failed,PLT0003,2026-08-15 09:21:00,4,3
ORD101619,CUST02529,PROD02547,5,1333.62,10,28,7681.65,2026-04-29 10:46:00,Returned,Paid,PLT0026,2026-05-06 10:46:00,5,5
ORD101620,CUST01450,PROD01485,3,5259.91,0,12,17673.3,2026-02-12 21:31:00,Delivered,Pending,PLT0004,2026-02-24 21:31:00,3,3
ORD101621,CUST01850,PROD00906,2,14292.48,5,12,30414.4,2026-07-25 17:12:00,In Transit,Failed,PLT0003,2026-08-01 17:12:00,2,1
ORD101622,CUST01318,PROD02471,1,3720.22,20,12,3333.32,2026-01-31 17:05:00,Delivered,Paid,PLT0001,2026-02-14 17:05:00,1,1
ORD101623,CUST03301,PROD04796,2,5193.38,0,5,10906.1,2026-05-05 12:35:00,Cancelled,Refunded,PLT0000,2026-05-15 12:35:00,2,2
ORD101624,CUST02293,PROD01143,5,10879.46,5,18,60979.37,2026-05-07 03:45:00,Delivered,Pending,PLT0028,2026-05-12 03:45:00,5,3
ORD101625,CUST02648,PROD04363,1,12241.71,5,5,12211.11,2026-06-17 05:12:00,Shipped,Paid,PLT0006,2026-06-24 05:12:00,1,1
ORD101626,CUST03716,PROD04183,2,10945.85,20,12,19614.96,2026-04-16 13:32:00,Returned,Paid,PLT0002,2026-04-25 13:32:00,2,2
ORD101627,CUST00377,PROD02433,2,15744.81,15,28,34260.71,2026-09-15 00:14:00,Packed,Paid,PLT0002,2026-09-25 00:14:00,2,1
ORD101628,CUST00539,PROD00596,4,7634.99,5,12,32494.52,2026-04-17 22:10:00,Returned,Failed,PLT0028,2026-04-22 22:10:00,4,3
ORD101629,CUST03850,PROD03176,5,3050.78,10,18,16199.64,2026-08-27 13:17:00,Cancelled,Pending,PLT0027,2026-08-31 13:17:00,5,2
ORD101630,CUST03677,PROD01905,4,11956.17,5,5,47705.12,2026-09-17 01:45:00,Packed,Failed,PLT0000,2026-09-29 01:45:00,4,4
ORD101631,CUST02045,PROD02281,1,4143.83,10,18,4400.75,2026-07-18 17:53:00,Packed,Failed,PLT0003,2026-07-31 17:53:00,1,1
ORD101632,CUST01873,PROD02339,4,2023.3,0,28,10359.3,2026-02-20 10:51:00,In Transit,Paid,PLT0000,2026-02-24 10:51:00,4,4
ORD101633,CUST03991,PROD04024,5,13233.43,15,18,66365.65,2026-04-22 18:48:00,Delivered,Refunded,PLT0026,2026-04-29 18:48:00,5,5
ORD101634,CUST00312,PROD03837,3,14926.62,10,5,42316.97,2026-03-23 13:35:00,In Transit,Paid,PLT0001,2026-03-27 13:35:00,3,3
ORD101635,CUST00548,PROD04846,3,6335.26,5,28,23111.03,2026-08-09 20:06:00,Delivered,Failed,PLT0006,2026-08-12 20:06:00,3,3
ORD101636,CUST00387,PROD01532,1,9803.31,15,18,9832.72,2026-07-26 15:08:00,Delivered,Refunded,PLT0004,2026-08-09 15:08:00,1,1
ORD101637,CUST03459,PROD03973,3,4475.3,15,5,11982.62,2026-08-07 16:37:00,In Transit,Paid,PLT0006,2026-08-15 16:37:00,3,3
ORD101638,CUST02961,PROD03409,4,3938.79,10,5,14888.63,2026-06-03 21:11:00,Packed,Paid,PLT0026,2026-06-06 21:11:00,4,3
ORD101639,CUST01578,PROD01629,1,1636.16,10,12,1649.25,2026-03-06 18:59:00,In Transit,Paid,PLT0006,2026-03-10 18:59:00,1,1
ORD101640,CUST03291,PROD01235,5,10460.5,0,18,61716.95,2026-02-10 13:29:00,In Transit,Refunded,PLT0026,2026-02-24 13:29:00,5,5
ORD101641,CUST00363,PROD00047,1,5055.21,0,28,6470.67,2026-07-08 04:52:00,Packed,Paid,PLT0026,2026-07-13 04:52:00,1,1
ORD101642,CUST02835,PROD02834,1,4692.27,15,12,4467.04,2026-02-28 21:46:00,Packed,Paid,PLT0029,2026-03-09 21:46:00,1,1
ORD101643,CUST02413,PROD03021,2,4642.56,20,18,8765.15,2026-04-15 06:33:00,Shipped,Paid,PLT0009,2026-04-18 06:33:00,2,2
ORD101644,CUST04629,PROD00660,2,9174.38,20,18,17321.23,2026-09-25 11:28:00,Cancelled,Refunded,PLT0029,2026-10-02 11:28:00,2,2
ORD101645,CUST03985,PROD03006,1,13341.0,0,28,17076.48,2026-08-09 07:21:00,Placed,Failed,PLT0004,2026-08-21 07:21:00,1,1
ORD101646,CUST00680,PROD03812,3,7380.07,5,12,23557.18,2026-06-02 19:10:00,Delivered,Paid,PLT0005,2026-06-16 19:10:00,3,3
ORD101647,CUST01507,PROD00046,2,10633.1,0,12,23818.14,2026-04-08 02:28:00,Delivered,Paid,PLT0002,2026-04-17 02:28:00,2,2
ORD101648,CUST03875,PROD02057,5,7449.5,15,28,40525.28,2026-06-03 22:51:00,Delivered,Pending,PLT0027,2026-06-09 22:51:00,5,5
ORD101649,CUST04732,PROD02909,4,4935.76,0,12,22112.2,2026-07-23 12:35:00,Delivered,Pending,PLT0008,2026-07-31 12:35:00,4,3
ORD101650,CUST01909,PROD01547,2,12914.28,0,5,27119.99,2026-07-08 01:40:00,Cancelled,Pending,PLT0001,2026-07-16 01:40:00,2,2
ORD101651,CUST00648,PROD01893,1,12820.13,10,28,14768.79,2026-02-12 16:03:00,Returned,Paid,PLT0029,2026-02-15 16:03:00,1,1
ORD101652,CUST00312,PROD00091,3,2000.55,15,18,6019.65,2026-08-26 02:07:00,In Transit,Paid,PLT0007,2026-08-30 02:07:00,3,3
ORD101653,CUST04375,PROD02372,4,13544.11,0,28,69345.84,2026-09-13 08:35:00,Placed,Failed,PLT0025,2026-09-24 08:35:00,4,4
ORD101654,CUST01277,PROD01796,2,1447.19,5,5,2887.14,2026-04-15 05:16:00,Delivered,Failed,PLT0002,2026-04-29 05:16:00,2,2
ORD101655,CUST03180,PROD02050,3,1398.43,15,28,4564.48,2026-09-11 08:59:00,Cancelled,Paid,PLT0009,2026-09-22 08:59:00,3,1
ORD101656,CUST01352,PROD02232,3,864.47,15,18,2601.19,2026-09-22 02:24:00,Packed,Paid,PLT0007,2026-09-30 02:24:00,3,3
ORD101657,CUST03937,PROD04549,3,10734.14,20,18,30399.08,2026-06-19 22:25:00,Placed,Failed,PLT0029,2026-07-01 22:25:00,3,3
ORD101658,CUST03833,PROD00915,1,8876.55,10,28,10225.79,2026-05-02 10:31:00,In Transit,Refunded,PLT0027,2026-05-07 10:31:00,1,1
ORD101659,CUST02569,PROD02963,5,5435.21,15,28,29567.54,2026-07-09 15:46:00,Placed,Paid,PLT0004,2026-07-15 15:46:00,5,5
ORD101660,CUST03428,PROD04646,3,11896.45,10,5,33726.44,2026-04-14 13:09:00,In Transit,Failed,PLT0004,2026-04-19 13:09:00,3,3
ORD101661,CUST04898,PROD04607,4,13552.37,0,5,56919.95,2026-04-28 16:43:00,In Transit,Paid,PLT0026,2026-05-10 16:43:00,4,4
ORD101662,CUST04961,PROD04191,2,12079.21,5,18,27081.59,2026-06-24 03:01:00,Cancelled,Paid,PLT0000,2026-06-27 03:01:00,2,2
ORD101663,CUST00003,PROD01172,4,15699.86,5,12,66818.6,2026-05-22 21:34:00,Packed,Refunded,PLT0008,2026-05-31 21:34:00,4,4
ORD101664,CUST03558,PROD03188,1,5724.25,15,12,5449.49,2026-03-30 02:53:00,Delivered,Pending,PLT0008,2026-04-03 02:53:00,1,1
ORD101665,CUST00181,PROD04232,1,8946.79,15,12,8517.34,2026-01-28 12:04:00,Packed,Paid,PLT0000,2026-02-01 12:04:00,1,1
ORD101666,CUST02464,PROD03854,4,15020.87,0,12,67293.5,2026-04-12 03:07:00,Returned,Pending,PLT0006,2026-04-26 03:07:00,4,4
ORD101667,CUST00949,PROD02398,5,503.62,20,18,2377.09,2026-06-09 17:45:00,Delivered,Refunded,PLT0028,2026-06-21 17:45:00,5,4
ORD101668,CUST04141,PROD02385,1,5168.98,20,12,4631.41,2026-06-18 23:34:00,Placed,Paid,PLT0028,2026-06-21 23:34:00,1,1
ORD101669,CUST03553,PROD01807,1,10614.79,20,12,9510.85,2026-04-05 21:59:00,Shipped,Pending,PLT0001,2026-04-11 21:59:00,1,1
ORD101670,CUST03181,PROD01959,4,10214.22,10,28,47067.13,2026-03-17 01:17:00,Cancelled,Paid,PLT0026,2026-03-29 01:17:00,4,4
ORD101671,CUST00088,PROD04035,1,2582.6,20,12,2314.01,2026-09-05 16:17:00,Delivered,Paid,PLT0004,2026-09-09 16:17:00,1,1
ORD101672,CUST02945,PROD01690,5,12259.48,5,28,74537.64,2026-08-15 17:56:00,Cancelled,Paid,PLT0009,2026-08-22 17:56:00,5,5
ORD101673,CUST03148,PROD00913,5,10022.97,10,18,53221.97,2026-08-10 17:59:00,Placed,Paid,PLT0002,2026-08-16 17:59:00,5,5
ORD101674,CUST03301,PROD02156,5,3913.0,0,28,25043.2,2026-07-29 11:29:00,Delivered,Paid,PLT0004,2026-08-11 11:29:00,5,5
ORD101675,CUST00822,PROD00093,2,12195.48,5,5,24329.98,2026-08-16 10:28:00,Delivered,Paid,PLT0002,2026-08-28 10:28:00,2,2
ORD101676,CUST00696,PROD01170,5,4662.91,5,28,28350.49,2026-07-15 09:46:00,Delivered,Pending,PLT0026,2026-07-21 09:46:00,5,4
ORD101677,CUST04556,PROD04992,5,9218.66,0,12,51624.5,2026-09-15 06:55:00,Placed,Pending,PLT0001,2026-09-21 06:55:00,5,5
ORD101678,CUST01531,PROD00173,2,8241.28,0,28,21097.68,2026-06-12 04:58:00,In Transit,Paid,PLT0007,2026-06-19 04:58:00,2,2
ORD101679,CUST04511,PROD01863,3,2920.12,0,28,11213.26,2026-08-06 13:59:00,Placed,Refunded,PLT0025,2026-08-15 13:59:00,3,3
ORD101680,CUST04729,PROD00165,1,1534.61,0,18,1810.84,2026-08-03 00:13:00,Delivered,Paid,PLT0028,2026-08-08 00:13:00,1,1
ORD101681,CUST01063,PROD00415,5,10145.21,10,18,53871.07,2026-07-18 19:58:00,Cancelled,Refunded,PLT0025,2026-07-24 19:58:00,5,5
ORD101682,CUST00713,PROD04465,1,10838.75,20,12,9711.52,2026-06-15 19:28:00,Cancelled,Paid,PLT0025,2026-06-24 19:28:00,1,1
ORD101683,CUST00143,PROD00871,4,6034.62,20,5,20276.32,2026-03-25 04:39:00,Delivered,Paid,PLT0003,2026-04-03 04:39:00,4,4
ORD101684,CUST03939,PROD00061,1,6278.97,20,5,5274.33,2026-03-23 07:13:00,Packed,Refunded,PLT0027,2026-03-30 07:13:00,1,1
ORD101685,CUST02566,PROD01820,2,6171.84,20,28,12639.93,2026-09-23 15:52:00,Delivered,Failed,PLT0002,2026-10-01 15:52:00,2,1
ORD101686,CUST04118,PROD04975,1,4108.55,20,5,3451.18,2026-07-13 06:39:00,Placed,Paid,PLT0005,2026-07-25 06:39:00,1,1
ORD101687,CUST03529,PROD00744,1,8092.25,0,18,9548.86,2026-03-01 20:20:00,Delivered,Failed,PLT0025,2026-03-09 20:20:00,1,1
ORD101688,CUST02493,PROD00576,1,15196.38,0,12,17019.95,2026-09-06 02:33:00,Shipped,Paid,PLT0003,2026-09-16 02:33:00,1,1
ORD101689,CUST01798,PROD00952,3,10673.08,10,12,32275.39,2026-05-14 00:25:00,Delivered,Paid,PLT0008,2026-05-24 00:25:00,3,1
ORD101690,CUST02958,PROD02455,3,9328.43,5,18,31371.51,2026-03-21 16:23:00,Placed,Pending,PLT0001,2026-03-25 16:23:00,3,3
ORD101691,CUST04605,PROD00103,4,5097.26,20,12,18268.58,2026-08-16 21:08:00,Placed,Refunded,PLT0000,2026-08-25 21:08:00,4,4
ORD101692,CUST01946,PROD04027,2,6411.18,0,28,16412.62,2026-09-09 14:10:00,Delivered,Failed,PLT0027,2026-09-19 14:10:00,2,2
ORD101693,CUST00184,PROD02821,1,14825.49,10,12,14944.09,2026-07-24 03:36:00,Delivered,Refunded,PLT0028,2026-08-05 03:36:00,1,1
ORD101694,CUST04794,PROD03062,1,1562.87,10,5,1476.91,2026-05-22 06:38:00,Shipped,Paid,PLT0029,2026-05-27 06:38:00,1,1
ORD101695,CUST04040,PROD04679,1,10897.68,10,12,10984.86,2026-05-13 09:46:00,Returned,Failed,PLT0026,2026-05-19 09:46:00,1,1
ORD101696,CUST02636,PROD03836,1,4921.25,0,12,5511.8,2026-08-07 00:17:00,Delivered,Refunded,PLT0005,2026-08-16 00:17:00,1,1
ORD101697,CUST01829,PROD04404,3,5793.42,5,18,19483.27,2026-07-20 11:36:00,In Transit,Paid,PLT0003,2026-07-31 11:36:00,3,3
ORD101698,CUST01624,PROD03580,4,7930.85,20,18,29946.89,2026-01-29 08:33:00,Delivered,Failed,PLT0002,2026-02-11 08:33:00,4,2
ORD101699,CUST03092,PROD01379,5,5810.81,10,5,27456.08,2026-01-30 00:35:00,Cancelled,Paid,PLT0028,2026-02-02 00:35:00,5,5
ORD101700,CUST01624,PROD00589,2,2134.93,0,18,5038.43,2026-05-13 19:21:00,Delivered,Paid,PLT0002,2026-05-22 19:21:00,2,1
ORD101701,CUST00925,PROD03411,1,6636.95,0,5,6968.8,2026-08-03 22:59:00,Placed,Paid,PLT0000,2026-08-11 22:59:00,1,1
ORD101702,CUST02146,PROD01761,4,7323.6,0,28,37496.83,2026-03-20 08:47:00,Returned,Paid,PLT0026,2026-04-01 08:47:00,4,4
ORD101703,CUST04738,PROD02068,5,4211.07,0,5,22108.12,2026-05-28 23:45:00,Returned,Paid,PLT0028,2026-06-07 23:45:00,5,5
ORD101704,CUST01103,PROD04145,4,14701.52,0,12,65862.81,2026-02-07 07:32:00,Delivered,Paid,PLT0027,2026-02-10 07:32:00,4,4
ORD101705,CUST04110,PROD02504,3,15300.15,10,5,43375.93,2026-03-06 08:42:00,Packed,Pending,PLT0029,2026-03-10 08:42:00,3,3
ORD101706,CUST04848,PROD02359,5,8589.08,0,28,54970.11,2026-02-21 10:06:00,Cancelled,Pending,PLT0027,2026-03-07 10:06:00,5,5
ORD101707,CUST03343,PROD01920,4,6659.69,0,12,29835.41,2026-07-19 16:28:00,Delivered,Pending,PLT0028,2026-07-25 16:28:00,4,4
ORD101708,CUST04743,PROD00487,3,821.6,10,5,2329.24,2026-04-09 13:59:00,Delivered,Failed,PLT0002,2026-04-19 13:59:00,3,2
ORD101709,CUST00774,PROD02733,4,1018.73,0,18,4808.41,2026-05-14 07:06:00,Delivered,Pending,PLT0002,2026-05-20 07:06:00,4,3
ORD101710,CUST04228,PROD01748,4,4230.03,15,18,16970.88,2026-08-14 12:17:00,Delivered,Paid,PLT0027,2026-08-23 12:17:00,4,4
ORD101711,CUST03312,PROD02468,5,726.41,0,18,4285.82,2026-06-02 23:42:00,Packed,Failed,PLT0026,2026-06-15 23:42:00,5,5
ORD101712,CUST00984,PROD02137,3,1361.56,20,5,3431.13,2026-07-19 00:12:00,In Transit,Paid,PLT0006,2026-07-25 00:12:00,3,3
ORD101713,CUST03891,PROD03923,1,12553.44,20,5,10544.89,2026-07-01 12:44:00,Returned,Pending,PLT0025,2026-07-10 12:44:00,1,1
ORD101714,CUST02620,PROD02758,2,14252.24,10,28,32837.16,2026-08-15 06:45:00,Returned,Paid,PLT0002,2026-08-24 06:45:00,2,1
ORD101715,CUST03234,PROD02905,5,8406.91,20,12,37662.96,2026-06-23 03:28:00,Shipped,Paid,PLT0007,2026-07-06 03:28:00,5,5
ORD101716,CUST04469,PROD00173,3,8241.28,10,12,24921.63,2026-05-10 08:20:00,Delivered,Failed,PLT0029,2026-05-23 08:20:00,3,2
ORD101717,CUST03539,PROD04218,4,8019.27,0,12,35926.33,2026-07-22 18:54:00,Returned,Paid,PLT0000,2026-08-02 18:54:00,4,4
ORD101718,CUST01786,PROD01211,3,6875.28,5,12,21945.89,2026-09-13 05:43:00,Shipped,Paid,PLT0009,2026-09-23 05:43:00,3,1
ORD101719,CUST02051,PROD01878,2,8181.93,5,5,16322.95,2026-07-28 06:58:00,In Transit,Paid,PLT0004,2026-08-03 06:58:00,2,2
ORD101720,CUST02599,PROD04544,2,4603.22,0,5,9666.76,2026-06-28 14:17:00,Delivered,Paid,PLT0005,2026-07-03 14:17:00,2,2
ORD101721,CUST02252,PROD01192,1,9355.51,0,28,11975.05,2026-03-08 09:07:00,Delivered,Paid,PLT0005,2026-03-21 09:07:00,1,1
ORD101722,CUST04846,PROD04328,1,15721.09,20,12,14086.1,2026-03-04 05:19:00,Shipped,Paid,PLT0007,2026-03-13 05:19:00,1,1
ORD101723,CUST03130,PROD04369,2,2696.53,0,5,5662.71,2026-03-23 15:13:00,Delivered,Failed,PLT0026,2026-04-01 15:13:00,2,2
ORD101724,CUST02292,PROD04574,5,12151.84,15,5,54227.59,2026-05-18 05:28:00,In Transit,Pending,PLT0008,2026-05-25 05:28:00,5,4
ORD101725,CUST01390,PROD00799,5,11175.75,5,5,55739.05,2026-07-28 23:04:00,Cancelled,Refunded,PLT0007,2026-08-04 23:04:00,5,5
ORD101726,CUST01414,PROD03229,4,1773.99,20,5,5960.61,2026-08-26 07:12:00,In Transit,Paid,PLT0005,2026-08-30 07:12:00,4,4
ORD101727,CUST00235,PROD00657,1,4611.04,5,12,4906.15,2026-02-25 10:08:00,In Transit,Pending,PLT0029,2026-03-02 10:08:00,1,1
ORD101728,CUST03409,PROD01909,4,5297.21,0,12,23731.5,2026-09-13 06:59:00,Returned,Refunded,PLT0007,2026-09-23 06:59:00,4,2
ORD101729,CUST04652,PROD03746,1,3476.91,20,5,2920.6,2026-03-12 01:31:00,Placed,Paid,PLT0005,2026-03-18 01:31:00,1,1
ORD101730,CUST04698,PROD00699,2,2553.37,0,18,6025.95,2026-06-23 01:46:00,Delivered,Refunded,PLT0003,2026-06-29 01:46:00,2,2
ORD101731,CUST01255,PROD04762,5,15790.65,0,28,101060.16,2026-05-02 16:18:00,Packed,Paid,PLT0028,2026-05-14 16:18:00,5,5
ORD101732,CUST02772,PROD02680,5,8301.2,0,12,46486.72,2026-03-29 00:23:00,Cancelled,Paid,PLT0005,2026-04-05 00:23:00,5,5
ORD101733,CUST02811,PROD04223,2,14376.17,20,12,25762.1,2026-05-07 12:11:00,Cancelled,Paid,PLT0027,2026-05-21 12:11:00,2,2
ORD101734,CUST04332,PROD04386,4,8969.19,5,18,40217.85,2026-06-21 09:12:00,Returned,Refunded,PLT0029,2026-06-24 09:12:00,4,4
ORD101735,CUST01972,PROD00237,4,4563.28,15,12,17376.97,2026-03-14 10:10:00,Placed,Paid,PLT0028,2026-03-22 10:10:00,4,4
ORD101736,CUST00447,PROD04019,3,4825.87,10,18,15375.22,2026-09-23 23:05:00,Delivered,Paid,PLT0006,2026-09-30 23:05:00,3,2
ORD101737,CUST00089,PROD01850,1,10367.39,5,18,11621.84,2026-03-16 01:44:00,In Transit,Paid,PLT0001,2026-03-20 01:44:00,1,1
ORD101738,CUST01624,PROD01176,4,8684.77,0,5,36476.03,2026-08-10 08:58:00,Returned,Failed,PLT0004,2026-08-23 08:58:00,4,4
ORD101739,CUST02865,PROD03970,2,6422.18,0,12,14385.68,2026-04-27 07:45:00,Packed,Pending,PLT0025,2026-05-08 07:45:00,2,2
ORD101740,CUST04381,PROD01000,4,7190.49,20,28,29452.25,2026-04-24 10:12:00,Placed,Paid,PLT0028,2026-04-29 10:12:00,4,4
ORD101741,CUST00484,PROD02520,5,11590.04,5,18,64962.17,2026-07-02 14:13:00,Placed,Paid,PLT0003,2026-07-15 14:13:00,5,5
ORD101742,CUST04521,PROD03120,1,3508.06,15,28,3816.77,2026-02-26 07:04:00,Delivered,Failed,PLT0028,2026-03-11 07:04:00,1,1
ORD101743,CUST03769,PROD01829,3,12798.56,20,5,32252.37,2026-04-18 05:04:00,In Transit,Paid,PLT0025,2026-04-21 05:04:00,3,2
ORD101744,CUST03017,PROD02857,1,3610.56,0,12,4043.83,2026-01-31 14:20:00,Packed,Paid,PLT0008,2026-02-03 14:20:00,1,1
ORD101745,CUST03324,PROD02812,5,10284.78,20,5,43196.08,2026-08-06 02:12:00,Placed,Refunded,PLT0003,2026-08-17 02:12:00,5,5
ORD101746,CUST02013,PROD02411,5,11042.56,20,5,46378.75,2026-08-01 07:19:00,Delivered,Paid,PLT0026,2026-08-15 07:19:00,5,5
ORD101747,CUST02081,PROD01168,5,8167.74,0,28,52273.54,2026-09-23 00:37:00,Delivered,Refunded,PLT0007,2026-09-29 00:37:00,5,5
ORD101748,CUST02375,PROD04375,5,8235.15,10,28,47434.46,2026-08-01 10:46:00,Placed,Pending,PLT0028,2026-08-08 10:46:00,5,5
ORD101749,CUST00794,PROD02503,2,9218.11,0,18,21754.74,2026-07-23 09:10:00,Cancelled,Refunded,PLT0009,2026-07-30 09:10:00,2,2
ORD101750,CUST00322,PROD03562,3,13174.86,0,12,44267.53,2026-02-03 03:55:00,Delivered,Paid,PLT0026,2026-02-10 03:55:00,3,3
ORD101751,CUST04153,PROD04258,5,7281.66,10,5,34405.84,2026-01-29 01:36:00,Packed,Pending,PLT0004,2026-02-06 01:36:00,5,5
ORD101752,CUST04242,PROD03393,5,14220.08,0,18,83898.47,2026-05-22 07:58:00,Delivered,Paid,PLT0028,2026-05-26 07:58:00,5,5
ORD101753,CUST02851,PROD01759,4,1843.81,10,18,7832.5,2026-07-22 09:19:00,Placed,Paid,PLT0007,2026-07-27 09:19:00,4,4
ORD101754,CUST01905,PROD04449,3,5412.66,10,5,15344.89,2026-04-08 06:57:00,Delivered,Refunded,PLT0003,2026-04-18 06:57:00,3,3
ORD101755,CUST02378,PROD03637,1,14738.76,10,5,13928.13,2026-06-29 03:17:00,Returned,Paid,PLT0027,2026-07-04 03:17:00,1,1
ORD101756,CUST04568,PROD01452,3,9922.77,0,18,35126.61,2026-03-04 01:41:00,Delivered,Refunded,PLT0002,2026-03-13 01:41:00,3,3
ORD101757,CUST04476,PROD00431,3,2372.57,20,5,5978.88,2026-07-23 12:10:00,Returned,Failed,PLT0005,2026-07-30 12:10:00,3,3
ORD101758,CUST01967,PROD01715,3,1023.8,10,5,2902.47,2026-08-23 05:50:00,Cancelled,Failed,PLT0029,2026-08-31 05:50:00,3,3
ORD101759,CUST00700,PROD01367,5,11480.62,20,28,58780.77,2026-06-23 07:49:00,Packed,Pending,PLT0001,2026-07-06 07:49:00,5,5
ORD101760,CUST04981,PROD01634,5,12746.65,0,12,71381.24,2026-07-20 05:54:00,Delivered,Paid,PLT0028,2026-07-29 05:54:00,5,5
ORD101761,CUST01528,PROD04304,2,9426.32,15,18,18909.2,2026-07-14 07:00:00,Placed,Pending,PLT0027,2026-07-25 07:00:00,2,2
ORD101762,CUST03610,PROD01827,1,766.02,20,5,643.46,2026-05-06 09:44:00,Cancelled,Pending,PLT0007,2026-05-19 09:44:00,1,1
ORD101763,CUST01341,PROD01270,4,4736.44,15,18,19002.6,2026-07-04 05:49:00,In Transit,Pending,PLT0001,2026-07-15 05:49:00,4,4
ORD101764,CUST03710,PROD01039,3,1138.17,10,12,3441.83,2026-09-01 03:28:00,In Transit,Paid,PLT0006,2026-09-06 03:28:00,3,2
ORD101765,CUST03625,PROD03945,1,1692.9,15,18,1697.98,2026-05-02 17:54:00,Returned,Paid,PLT0026,2026-05-15 17:54:00,1,1
ORD101766,CUST04146,PROD00497,1,9379.13,15,18,9407.27,2026-03-11 01:58:00,Shipped,Pending,PLT0005,2026-03-18 01:58:00,1,1
ORD101767,CUST01718,PROD02558,2,4862.09,10,18,10327.08,2026-06-29 07:04:00,Packed,Pending,PLT0003,2026-07-02 07:04:00,2,1
ORD101768,CUST02364,PROD04994,4,10409.59,20,28,42637.68,2026-05-25 11:11:00,Placed,Paid,PLT0001,2026-06-05 11:11:00,4,4
ORD101769,CUST00386,PROD02143,3,11391.86,10,12,34448.98,2026-05-15 11:09:00,Shipped,Paid,PLT0005,2026-05-24 11:09:00,3,3
ORD101770,CUST04069,PROD01959,4,10214.22,0,12,45759.71,2026-04-25 00:44:00,Placed,Paid,PLT0029,2026-05-05 00:44:00,4,4
ORD101771,CUST04776,PROD01152,2,13407.51,5,18,30059.64,2026-03-04 11:56:00,Placed,Pending,PLT0001,2026-03-16 11:56:00,2,1
ORD101772,CUST01540,PROD03907,5,8273.12,0,18,48811.41,2026-05-08 15:06:00,Packed,Paid,PLT0027,2026-05-15 15:06:00,5,5
ORD101773,CUST01128,PROD02397,1,2554.91,10,12,2575.35,2026-09-04 11:40:00,Packed,Paid,PLT0004,2026-09-07 11:40:00,1,1
ORD101774,CUST04112,PROD00233,3,9271.77,10,5,26285.47,2026-03-22 08:56:00,Delivered,Failed,PLT0008,2026-03-30 08:56:00,3,3
ORD101775,CUST00648,PROD01311,5,1372.83,15,28,7468.2,2026-07-21 20:18:00,Returned,Paid,PLT0026,2026-08-01 20:18:00,5,5
ORD101776,CUST04563,PROD03111,2,10238.24,0,12,22933.66,2026-05-21 06:17:00,Shipped,Paid,PLT0006,2026-05-27 06:17:00,2,2
ORD101777,CUST00729,PROD02889,4,12991.97,15,18,52123.78,2026-06-02 14:11:00,Packed,Paid,PLT0002,2026-06-06 14:11:00,4,4
ORD101778,CUST03164,PROD02809,1,7681.71,20,5,6452.64,2026-04-07 01:53:00,Delivered,Paid,PLT0000,2026-04-16 01:53:00,1,1
ORD101779,CUST03882,PROD04503,3,4681.13,10,5,13271.0,2026-09-18 13:35:00,Returned,Paid,PLT0003,2026-09-26 13:35:00,3,3
ORD101780,CUST00705,PROD02652,5,5961.44,10,5,28167.8,2026-06-12 17:04:00,Delivered,Pending,PLT0008,2026-06-25 17:04:00,5,5
ORD101781,CUST04023,PROD01480,5,7024.77,15,28,38214.75,2026-08-23 10:03:00,Placed,Failed,PLT0027,2026-09-05 10:03:00,5,5
ORD101782,CUST03703,PROD02149,1,7956.98,10,28,9166.44,2026-08-11 15:33:00,Returned,Pending,PLT0001,2026-08-20 15:33:00,1,1
ORD101783,CUST00769,PROD03005,4,9189.76,20,12,32936.1,2026-08-01 22:49:00,Delivered,Paid,PLT0008,2026-08-11 22:49:00,4,4
ORD101784,CUST00977,PROD04586,2,15452.66,5,12,32883.26,2026-01-28 13:02:00,Cancelled,Failed,PLT0025,2026-02-01 13:02:00,2,1
ORD101785,CUST00056,PROD00413,4,15213.65,0,12,68157.15,2026-03-17 00:17:00,In Transit,Refunded,PLT0028,2026-03-31 00:17:00,4,3
ORD101786,CUST01851,PROD01356,4,13986.43,0,12,62659.21,2026-04-15 08:26:00,Returned,Refunded,PLT0025,2026-04-22 08:26:00,4,3
ORD101787,CUST02331,PROD01931,4,9320.74,0,18,43993.89,2026-03-21 10:39:00,In Transit,Paid,PLT0000,2026-04-01 10:39:00,4,4
ORD101788,CUST00357,PROD02031,1,3248.75,5,28,3950.48,2026-02-21 16:39:00,Delivered,Failed,PLT0002,2026-03-01 16:39:00,1,1
ORD101789,CUST01430,PROD00989,1,4016.79,10,5,3795.87,2026-05-25 06:36:00,Delivered,Failed,PLT0008,2026-06-03 06:36:00,1,1
ORD101790,CUST00437,PROD00239,2,10362.01,15,18,20786.19,2026-06-10 11:31:00,Delivered,Paid,PLT0028,2026-06-21 11:31:00,2,2
ORD101791,CUST04026,PROD04160,4,9094.34,0,12,40742.64,2026-02-07 17:33:00,Placed,Pending,PLT0004,2026-02-11 17:33:00,4,4
ORD101792,CUST01793,PROD00815,1,13930.35,10,12,14041.79,2026-02-23 23:46:00,Delivered,Paid,PLT0027,2026-03-05 23:46:00,1,1
ORD101793,CUST03578,PROD04132,2,3563.47,5,18,7989.3,2026-02-02 19:05:00,Packed,Paid,PLT0027,2026-02-10 19:05:00,2,1
ORD101794,CUST00542,PROD02903,2,99.18,20,5,166.62,2026-09-01 20:20:00,Placed,Failed,PLT0006,2026-09-12 20:20:00,2,2
ORD101795,CUST04081,PROD02289,4,7763.45,5,28,37761.42,2026-04-05 01:50:00,Delivered,Paid,PLT0009,2026-04-16 01:50:00,4,4
ORD101796,CUST02547,PROD04394,3,823.8,0,28,3163.39,2026-07-17 13:25:00,Placed,Pending,PLT0000,2026-07-21 13:25:00,3,3
ORD101797,CUST02617,PROD00196,4,5651.43,10,5,21362.41,2026-06-08 21:38:00,In Transit,Paid,PLT0005,2026-06-17 21:38:00,4,4
ORD101798,CUST03728,PROD02669,3,11842.7,0,28,45475.97,2026-02-12 15:30:00,In Transit,Pending,PLT0026,2026-02-19 15:30:00,3,3
ORD101799,CUST02144,PROD00762,2,5055.38,0,12,11324.05,2026-04-22 05:28:00,Returned,Refunded,PLT0004,2026-05-03 05:28:00,2,2
ORD101800,CUST00865,PROD02074,1,14056.5,20,12,12594.62,2026-02-18 14:03:00,Shipped,Failed,PLT0006,2026-03-03 14:03:00,1,1
ORD101801,CUST03881,PROD01931,5,9320.74,0,12,52196.14,2026-07-20 01:15:00,Shipped,Failed,PLT0002,2026-07-31 01:15:00,5,5
ORD101802,CUST00544,PROD04229,2,7511.29,0,12,16825.29,2026-08-31 06:17:00,In Transit,Failed,PLT0026,2026-09-06 06:17:00,2,1
ORD101803,CUST04113,PROD04276,1,9348.61,5,5,9325.24,2026-06-28 21:22:00,Returned,Paid,PLT0005,2026-07-08 21:22:00,1,1
ORD101804,CUST02229,PROD01441,2,15520.6,0,28,39732.74,2026-04-26 10:28:00,Shipped,Pending,PLT0007,2026-05-08 10:28:00,2,1
ORD101805,CUST04330,PROD03881,4,8087.59,0,28,41408.46,2026-08-04 01:50:00,Shipped,Refunded,PLT0004,2026-08-18 01:50:00,4,4
ORD101806,CUST00048,PROD01847,3,2030.87,15,18,6110.89,2026-05-25 00:34:00,In Transit,Paid,PLT0026,2026-06-03 00:34:00,3,1
ORD101807,CUST00148,PROD03999,2,8525.06,20,5,14322.1,2026-08-20 06:23:00,Delivered,Paid,PLT0008,2026-09-02 06:23:00,2,1
ORD101808,CUST00510,PROD02184,1,4931.75,20,28,5050.11,2026-04-17 22:28:00,In Transit,Paid,PLT0007,2026-05-01 22:28:00,1,1
ORD101809,CUST00232,PROD04737,4,8246.05,5,28,40108.79,2026-08-20 16:29:00,Cancelled,Paid,PLT0029,2026-09-03 16:29:00,4,4
ORD101810,CUST00126,PROD00378,5,469.02,15,18,2352.14,2026-08-28 23:37:00,Delivered,Failed,PLT0008,2026-08-31 23:37:00,5,5
ORD101811,CUST00740,PROD04803,4,14558.93,0,12,65224.01,2026-04-27 11:00:00,Delivered,Paid,PLT0002,2026-05-09 11:00:00,4,4
ORD101812,CUST01866,PROD04696,3,14089.64,0,28,54104.22,2026-08-14 17:46:00,Cancelled,Refunded,PLT0026,2026-08-28 17:46:00,3,3
ORD101813,CUST01957,PROD02124,4,6741.4,5,12,28691.4,2026-04-02 04:28:00,Shipped,Paid,PLT0002,2026-04-11 04:28:00,4,4
ORD101814,CUST00484,PROD02295,5,186.54,20,18,880.47,2026-09-20 15:32:00,Cancelled,Paid,PLT0004,2026-10-01 15:32:00,5,5
ORD101815,CUST01381,PROD04075,1,10951.27,0,28,14017.63,2026-03-28 16:51:00,Placed,Pending,PLT0028,2026-04-05 16:51:00,1,1
ORD101816,CUST00963,PROD00747,2,6202.87,5,12,13199.71,2026-02-01 08:10:00,Delivered,Paid,PLT0006,2026-02-05 08:10:00,2,2
ORD101817,CUST02264,PROD04376,3,7783.38,0,5,24517.65,2026-08-10 19:43:00,Shipped,Refunded,PLT0026,2026-08-13 19:43:00,3,3
ORD101818,CUST04486,PROD00541,5,15268.41,10,12,76952.79,2026-08-08 01:02:00,Delivered,Paid,PLT0007,2026-08-20 01:02:00,5,5
ORD101819,CUST04824,PROD01654,3,5825.17,0,12,19572.57,2026-03-16 08:01:00,Placed,Pending,PLT0003,2026-03-23 08:01:00,3,3
ORD101820,CUST00151,PROD01182,4,5534.77,20,12,19836.62,2026-07-07 06:13:00,Packed,Paid,PLT0005,2026-07-10 06:13:00,4,4
ORD101821,CUST02092,PROD02427,3,1945.61,10,12,5883.52,2026-03-27 01:54:00,Returned,Refunded,PLT0002,2026-04-07 01:54:00,3,3
ORD101822,CUST00066,PROD00313,5,502.08,5,5,2504.12,2026-08-30 10:52:00,Returned,Pending,PLT0027,2026-09-09 10:52:00,5,5
ORD101823,CUST00653,PROD03330,2,10770.4,5,18,24147.24,2026-06-29 05:36:00,Cancelled,Paid,PLT0027,2026-07-06 05:36:00,2,2
ORD101824,CUST00768,PROD01228,2,4459.02,10,12,8989.38,2026-02-02 00:21:00,Shipped,Refunded,PLT0006,2026-02-08 00:21:00,2,2
ORD101825,CUST02026,PROD00588,3,2148.19,0,12,7217.92,2026-02-23 00:06:00,Placed,Pending,PLT0002,2026-03-06 00:06:00,3,3
ORD101826,CUST04676,PROD02335,1,1919.35,0,28,2456.77,2026-06-03 21:28:00,Delivered,Pending,PLT0027,2026-06-15 21:28:00,1,1
ORD101827,CUST01325,PROD03352,3,6854.13,15,28,22371.88,2026-06-23 21:53:00,Delivered,Paid,PLT0001,2026-07-04 21:53:00,3,3
ORD101828,CUST00893,PROD00778,4,11582.82,0,5,48647.84,2026-07-19 02:02:00,Delivered,Refunded,PLT0007,2026-07-24 02:02:00,4,2
ORD101829,CUST02911,PROD01904,2,660.45,15,5,1178.9,2026-06-04 09:31:00,Cancelled,Refunded,PLT0026,2026-06-15 09:31:00,2,2
ORD101830,CUST04576,PROD01775,2,12610.76,0,5,26482.6,2026-02-24 20:36:00,Cancelled,Paid,PLT0027,2026-02-28 20:36:00,2,2
ORD101831,CUST00640,PROD02877,2,8009.88,10,28,18454.76,2026-08-05 20:16:00,Delivered,Paid,PLT0002,2026-08-08 20:16:00,2,2
ORD101832,CUST04754,PROD02136,1,14254.1,0,12,15964.59,2026-07-07 04:48:00,Cancelled,Paid,PLT0004,2026-07-11 04:48:00,1,1
ORD101833,CUST01229,PROD03587,1,7317.44,10,28,8429.69,2026-05-14 22:22:00,Cancelled,Pending,PLT0026,2026-05-24 22:22:00,1,1
ORD101834,CUST03819,PROD01550,5,10166.11,15,18,50983.04,2026-03-06 11:51:00,Returned,Paid,PLT0006,2026-03-10 11:51:00,5,5
ORD101835,CUST04031,PROD02026,3,4235.51,5,5,12674.76,2026-04-12 00:03:00,Returned,Paid,PLT0027,2026-04-18 00:03:00,3,3
ORD101836,CUST01207,PROD03868,3,10844.58,10,5,30744.38,2026-05-30 07:12:00,Cancelled,Refunded,PLT0003,2026-06-12 07:12:00,3,3
ORD101837,CUST02184,PROD00482,4,11161.4,15,5,39846.2,2026-06-17 20:55:00,Packed,Pending,PLT0001,2026-06-23 20:55:00,4,4
ORD101838,CUST02365,PROD01383,2,15512.66,15,18,31118.4,2026-05-16 00:24:00,In Transit,Paid,PLT0004,2026-05-26 00:24:00,2,2
ORD101839,CUST02047,PROD02635,1,11436.43,15,12,10887.48,2026-09-09 05:50:00,Placed,Paid,PLT0029,2026-09-14 05:50:00,1,1
ORD101840,CUST03673,PROD02639,4,15216.29,5,12,64760.53,2026-05-06 16:17:00,Returned,Paid,PLT0026,2026-05-13 16:17:00,4,4
ORD101841,CUST03445,PROD02844,4,15218.76,5,12,64771.04,2026-03-26 15:11:00,Delivered,Paid,PLT0002,2026-04-05 15:11:00,4,4
ORD101842,CUST02368,PROD03201,1,8897.6,5,5,8875.36,2026-03-12 01:17:00,Returned,Paid,PLT0028,2026-03-26 01:17:00,1,1
ORD101843,CUST02641,PROD01565,3,13178.57,0,12,44280.0,2026-07-19 22:07:00,In Transit,Pending,PLT0000,2026-07-26 22:07:00,3,3
ORD101844,CUST03092,PROD02383,2,14673.5,5,28,35685.95,2026-08-23 10:19:00,Cancelled,Pending,PLT0001,2026-08-28 10:19:00,2,2
ORD101845,CUST00619,PROD04501,3,9627.86,5,5,28811.37,2026-03-27 22:18:00,Shipped,Failed,PLT0009,2026-04-08 22:18:00,3,3
ORD101846,CUST04242,PROD00981,4,5413.48,5,18,24274.04,2026-05-17 16:39:00,Placed,Refunded,PLT0003,2026-05-20 16:39:00,4,3
ORD101847,CUST02542,PROD02173,2,2879.61,10,18,6116.29,2026-04-09 06:03:00,Placed,Paid,PLT0009,2026-04-23 06:03:00,2,2
ORD101848,CUST03493,PROD00939,5,1971.24,5,12,10487.0,2026-03-22 06:13:00,Delivered,Paid,PLT0003,2026-03-30 06:13:00,5,5
ORD101849,CUST04595,PROD02896,4,14025.54,0,5,58907.27,2026-05-03 09:42:00,Delivered,Paid,PLT0001,2026-05-08 09:42:00,4,2
ORD101850,CUST04698,PROD03796,3,10572.61,15,28,34509.0,2026-04-16 03:47:00,In Transit,Paid,PLT0027,2026-04-29 03:47:00,3,2
ORD101851,CUST00809,PROD03723,3,14973.2,10,28,51747.38,2026-06-22 03:41:00,Shipped,Pending,PLT0006,2026-06-30 03:41:00,3,3
ORD101852,CUST03059,PROD00908,3,5533.9,0,5,17431.78,2026-09-10 07:10:00,Delivered,Refunded,PLT0004,2026-09-14 07:10:00,3,3
ORD101853,CUST04468,PROD04574,1,12151.84,5,12,12929.56,2026-07-07 06:42:00,Delivered,Paid,PLT0005,2026-07-10 06:42:00,1,1
ORD101854,CUST01607,PROD00463,4,11961.11,15,18,47987.97,2026-08-16 23:41:00,Returned,Pending,PLT0009,2026-08-25 23:41:00,4,4
ORD101855,CUST01691,PROD03688,2,6257.43,15,18,12552.4,2026-04-22 12:20:00,Returned,Paid,PLT0002,2026-04-30 12:20:00,2,2
ORD101856,CUST03254,PROD02063,3,12920.82,10,28,44654.35,2026-07-23 04:49:00,Delivered,Failed,PLT0007,2026-08-03 04:49:00,3,3
ORD101857,CUST02690,PROD04625,3,15124.88,0,28,58079.54,2026-05-20 08:36:00,Delivered,Pending,PLT0009,2026-05-25 08:36:00,3,3
ORD101858,CUST03631,PROD01107,1,6399.25,20,28,6552.83,2026-01-31 09:18:00,Cancelled,Failed,PLT0009,2026-02-05 09:18:00,1,1
ORD101859,CUST02536,PROD01180,2,8705.14,0,18,20544.13,2026-07-01 10:32:00,Delivered,Refunded,PLT0009,2026-07-13 10:32:00,2,2
ORD101860,CUST03993,PROD01545,4,15409.54,20,28,63117.48,2026-07-07 16:12:00,Returned,Failed,PLT0009,2026-07-16 16:12:00,4,4
ORD101861,CUST00365,PROD03513,5,15606.96,15,18,78268.9,2026-05-15 10:34:00,In Transit,Paid,PLT0005,2026-05-26 10:34:00,5,5
ORD101862,CUST04838,PROD03393,1,14220.08,20,18,13423.76,2026-05-05 07:56:00,Delivered,Paid,PLT0002,2026-05-09 07:56:00,1,1
ORD101863,CUST00855,PROD02955,4,14742.81,15,12,56140.62,2026-07-08 13:19:00,Cancelled,Failed,PLT0009,2026-07-16 13:19:00,4,2
ORD101864,CUST02388,PROD01120,5,2158.29,20,12,9669.14,2026-08-02 05:08:00,Placed,Failed,PLT0025,2026-08-08 05:08:00,5,5
ORD101865,CUST04222,PROD04362,3,9708.31,15,12,27726.93,2026-08-23 02:41:00,Delivered,Paid,PLT0027,2026-08-28 02:41:00,3,3
ORD101866,CUST03780,PROD02996,3,13857.2,15,28,45229.9,2026-03-01 21:05:00,Packed,Failed,PLT0002,2026-03-11 21:05:00,3,3
ORD101867,CUST00973,PROD00861,2,12429.89,10,18,26401.09,2026-03-06 17:13:00,Cancelled,Pending,PLT0006,2026-03-19 17:13:00,2,1
ORD101868,CUST04942,PROD02122,5,8131.79,0,28,52043.46,2026-02-10 17:29:00,Delivered,Refunded,PLT0025,2026-02-24 17:29:00,5,5
ORD101869,CUST01517,PROD00872,3,4403.84,15,18,13251.15,2026-08-04 17:09:00,Placed,Failed,PLT0004,2026-08-18 17:09:00,3,3
ORD101870,CUST04989,PROD04862,3,12950.46,0,12,43513.55,2026-08-12 11:18:00,Placed,Paid,PLT0028,2026-08-24 11:18:00,3,1
ORD101871,CUST00123,PROD00001,2,6054.19,0,12,13561.39,2026-07-10 22:27:00,In Transit,Pending,PLT0003,2026-07-23 22:27:00,2,2
ORD101872,CUST04186,PROD04199,4,7143.24,5,28,34744.72,2026-09-01 04:20:00,Returned,Failed,PLT0007,2026-09-14 04:20:00,4,3
ORD101873,CUST01837,PROD01479,3,12784.24,15,18,38467.78,2026-07-11 14:42:00,Packed,Paid,PLT0025,2026-07-16 14:42:00,3,3
ORD101874,CUST01826,PROD03669,1,496.05,15,28,539.7,2026-05-05 05:57:00,Delivered,Refunded,PLT0006,2026-05-19 05:57:00,1,1
ORD101875,CUST04278,PROD02279,1,10181.25,15,5,9086.77,2026-03-13 19:59:00,Placed,Refunded,PLT0004,2026-03-27 19:59:00,1,1
ORD101876,CUST01076,PROD02598,4,7996.46,20,28,32753.5,2026-05-15 14:52:00,Delivered,Pending,PLT0005,2026-05-23 14:52:00,4,2
ORD101877,CUST03080,PROD03708,5,4510.69,15,12,21470.88,2026-03-06 09:46:00,In Transit,Pending,PLT0002,2026-03-12 09:46:00,5,5
ORD101878,CUST02848,PROD02255,2,14074.76,15,18,28233.97,2026-06-26 04:23:00,Returned,Paid,PLT0029,2026-07-03 04:23:00,2,2
ORD101879,CUST03458,PROD03057,1,9696.83,0,18,11442.26,2026-08-29 05:52:00,Returned,Failed,PLT0028,2026-09-03 05:52:00,1,1
ORD101880,CUST00994,PROD03371,1,3576.58,0,28,4578.02,2026-09-02 13:30:00,Placed,Refunded,PLT0008,2026-09-06 13:30:00,1,1
ORD101881,CUST04642,PROD02859,4,671.7,0,12,3009.22,2026-04-07 07:33:00,Packed,Paid,PLT0007,2026-04-20 07:33:00,4,4
ORD101882,CUST03852,PROD04764,5,4051.82,5,5,20208.45,2026-02-28 15:15:00,Delivered,Paid,PLT0003,2026-03-04 15:15:00,5,5
ORD101883,CUST04381,PROD04949,5,12900.05,0,28,82560.32,2026-07-17 01:27:00,In Transit,Paid,PLT0000,2026-07-30 01:27:00,5,5
ORD101884,CUST04757,PROD01231,4,14315.18,15,18,57432.5,2026-02-26 18:24:00,Packed,Paid,PLT0027,2026-03-12 18:24:00,4,2
ORD101885,CUST03102,PROD03043,1,1900.53,0,12,2128.59,2026-06-07 21:09:00,Delivered,Paid,PLT0029,2026-06-17 21:09:00,1,1
ORD101886,CUST04452,PROD00146,2,685.5,10,18,1456.0,2026-08-14 23:10:00,Placed,Paid,PLT0007,2026-08-23 23:10:00,2,2
ORD101887,CUST00578,PROD03997,1,5415.98,10,18,5751.77,2026-07-07 19:17:00,Placed,Paid,PLT0004,2026-07-20 19:17:00,1,1
ORD101888,CUST01111,PROD03518,5,6230.0,10,18,33081.3,2026-02-11 07:32:00,Delivered,Paid,PLT0007,2026-02-23 07:32:00,5,5
ORD101889,CUST03089,PROD01560,1,14409.37,15,18,14452.6,2026-09-18 22:53:00,Returned,Refunded,PLT0026,2026-09-22 22:53:00,1,1
ORD101890,CUST03303,PROD01859,2,13486.78,15,5,24073.9,2026-05-01 22:36:00,In Transit,Paid,PLT0029,2026-05-09 22:36:00,2,2
ORD101891,CUST03371,PROD03892,3,8546.57,5,12,27280.65,2026-08-16 14:33:00,Delivered,Paid,PLT0025,2026-08-25 14:33:00,3,3
ORD101892,CUST04754,PROD01889,1,11649.74,5,28,14166.08,2026-03-17 12:51:00,In Transit,Paid,PLT0006,2026-03-27 12:51:00,1,1
ORD101893,CUST00969,PROD03404,4,5292.56,5,12,22525.14,2026-02-06 21:20:00,Delivered,Paid,PLT0003,2026-02-13 21:20:00,4,3
ORD101894,CUST03155,PROD02364,3,7826.41,20,12,21037.39,2026-04-08 19:05:00,Returned,Refunded,PLT0001,2026-04-21 19:05:00,3,3
ORD101895,CUST04703,PROD01649,4,12533.25,10,12,50534.06,2026-08-18 12:35:00,Delivered,Failed,PLT0006,2026-08-23 12:35:00,4,4
ORD101896,CUST04642,PROD03062,4,1562.87,15,28,6801.61,2026-08-17 15:42:00,Returned,Refunded,PLT0001,2026-08-28 15:42:00,4,4
ORD101897,CUST01293,PROD01890,4,15868.78,10,12,63982.92,2026-07-31 09:34:00,Delivered,Refunded,PLT0002,2026-08-12 09:34:00,4,4
ORD101898,CUST03749,PROD04059,1,14248.62,5,28,17326.32,2026-03-05 19:07:00,Shipped,Failed,PLT0025,2026-03-09 19:07:00,1,1
ORD101899,CUST03712,PROD00920,5,2326.8,15,28,12657.79,2026-04-22 19:14:00,Delivered,Paid,PLT0007,2026-04-28 19:14:00,5,5
ORD101900,CUST00220,PROD01481,3,13102.56,0,5,41273.06,2026-02-03 22:33:00,Delivered,Paid,PLT0006,2026-02-15 22:33:00,3,3
ORD101901,CUST04116,PROD00804,2,9745.77,0,18,23000.02,2026-06-10 12:44:00,Delivered,Paid,PLT0029,2026-06-22 12:44:00,2,2
ORD101902,CUST03477,PROD02393,5,6944.42,0,28,44444.29,2026-06-24 10:04:00,Packed,Pending,PLT0026,2026-07-04 10:04:00,5,4
ORD101903,CUST03087,PROD03229,1,1773.99,5,18,1988.64,2026-04-14 03:34:00,Delivered,Paid,PLT0029,2026-04-22 03:34:00,1,1
ORD101904,CUST02909,PROD01999,4,1006.17,10,12,4056.88,2026-03-09 08:57:00,Packed,Paid,PLT0003,2026-03-19 08:57:00,4,4
ORD101905,CUST03736,PROD00435,2,1436.3,0,18,3389.67,2026-02-01 17:32:00,Cancelled,Refunded,PLT0004,2026-02-10 17:32:00,2,2
ORD101906,CUST02429,PROD04089,3,13605.2,15,18,40938.05,2026-09-13 09:57:00,Returned,Paid,PLT0001,2026-09-19 09:57:00,3,2
ORD101907,CUST04416,PROD00492,5,9959.11,10,18,52882.87,2026-09-08 22:24:00,Delivered,Failed,PLT0007,2026-09-21 22:24:00,5,5
ORD101908,CUST03476,PROD00476,5,15887.14,5,12,84519.58,2026-02-06 12:15:00,In Transit,Failed,PLT0004,2026-02-09 12:15:00,5,5
ORD101909,CUST03041,PROD04979,2,114.0,10,12,229.82,2026-02-12 12:30:00,Cancelled,Paid,PLT0006,2026-02-22 12:30:00,2,2
ORD101910,CUST04892,PROD02693,1,256.79,5,28,312.26,2026-03-11 12:46:00,Delivered,Paid,PLT0028,2026-03-21 12:46:00,1,1
ORD101911,CUST03686,PROD04346,3,5713.34,20,28,17551.38,2026-02-05 07:04:00,Placed,Failed,PLT0007,2026-02-11 07:04:00,3,3
ORD101912,CUST03624,PROD01689,2,9738.42,0,5,20450.68,2026-05-13 00:52:00,Packed,Pending,PLT0000,2026-05-23 00:52:00,2,2
ORD101913,CUST02620,PROD00170,4,9494.2,0,12,42534.02,2026-06-30 01:32:00,Returned,Paid,PLT0004,2026-07-07 01:32:00,4,4
ORD101914,CUST04919,PROD02108,3,14506.68,10,5,41126.44,2026-05-06 15:16:00,In Transit,Paid,PLT0008,2026-05-09 15:16:00,3,3
ORD101915,CUST03801,PROD01407,5,13521.31,0,12,75719.34,2026-08-04 09:55:00,Shipped,Paid,PLT0008,2026-08-13 09:55:00,5,2
ORD101916,CUST04018,PROD04418,2,480.68,15,18,964.24,2026-08-30 08:19:00,Delivered,Refunded,PLT0008,2026-09-05 08:19:00,2,2
ORD101917,CUST03553,PROD03216,5,1968.07,5,5,9815.75,2026-03-12 21:07:00,Cancelled,Failed,PLT0028,2026-03-17 21:07:00,5,4
ORD101918,CUST03952,PROD01778,5,7056.89,15,5,31491.37,2026-04-05 01:04:00,Returned,Paid,PLT0006,2026-04-16 01:04:00,5,5
ORD101919,CUST01753,PROD01223,5,6973.12,0,5,36608.88,2026-05-06 12:06:00,Packed,Pending,PLT0001,2026-05-17 12:06:00,5,5
ORD101920,CUST04154,PROD01964,1,6201.94,0,12,6946.17,2026-01-30 01:19:00,Delivered,Paid,PLT0009,2026-02-05 01:19:00,1,1
ORD101921,CUST00129,PROD00543,5,3734.42,0,28,23900.29,2026-06-14 04:54:00,Delivered,Pending,PLT0004,2026-06-27 04:54:00,5,5
ORD101922,CUST00322,PROD00408,4,271.32,15,5,968.61,2026-04-02 21:15:00,In Transit,Refunded,PLT0006,2026-04-06 21:15:00,4,4
ORD101923,CUST03788,PROD01451,4,8004.08,0,28,40980.89,2026-03-25 08:07:00,Delivered,Paid,PLT0002,2026-04-01 08:07:00,4,4
ORD101924,CUST02606,PROD03307,3,6022.28,15,12,17199.63,2026-02-27 06:55:00,Shipped,Paid,PLT0026,2026-03-08 06:55:00,3,1
ORD101925,CUST00279,PROD02941,5,4317.69,10,5,20401.09,2026-05-20 06:29:00,Delivered,Paid,PLT0005,2026-06-02 06:29:00,5,5
ORD101926,CUST03371,PROD02620,5,5081.23,0,12,28454.89,2026-03-04 13:02:00,Delivered,Paid,PLT0008,2026-03-16 13:02:00,5,5
ORD101927,CUST04297,PROD04073,2,9547.45,0,28,24441.47,2026-03-06 07:12:00,In Transit,Pending,PLT0025,2026-03-10 07:12:00,2,2
ORD101928,CUST01091,PROD02305,1,14913.88,10,28,17180.79,2026-09-03 12:25:00,Delivered,Failed,PLT0002,2026-09-15 12:25:00,1,1
ORD101929,CUST01575,PROD03909,3,9210.37,0,5,29012.67,2026-04-28 20:27:00,Placed,Failed,PLT0026,2026-05-12 20:27:00,3,3
ORD101930,CUST02034,PROD02165,5,7592.47,0,28,48591.81,2026-04-17 10:52:00,Delivered,Paid,PLT0004,2026-04-29 10:52:00,5,5
ORD101931,CUST03891,PROD02386,2,9355.96,20,18,17664.05,2026-07-27 04:47:00,Shipped,Failed,PLT0001,2026-08-02 04:47:00,2,2
ORD101932,CUST01926,PROD04942,1,6994.74,20,18,6603.03,2026-05-29 07:43:00,Delivered,Refunded,PLT0004,2026-06-05 07:43:00,1,1
ORD101933,CUST01835,PROD01640,3,14838.32,20,5,37392.57,2026-09-11 07:19:00,Placed,Paid,PLT0002,2026-09-18 07:19:00,3,3
ORD101934,CUST04637,PROD03243,3,8699.39,5,12,27768.45,2026-05-30 21:24:00,Delivered,Paid,PLT0003,2026-06-11 21:24:00,3,3
ORD101935,CUST01957,PROD03224,5,403.15,5,12,2144.76,2026-06-24 08:55:00,Placed,Paid,PLT0026,2026-06-30 08:55:00,5,5
ORD101936,CUST02286,PROD04019,3,4825.87,0,12,16214.92,2026-06-29 11:07:00,Packed,Paid,PLT0005,2026-07-08 11:07:00,3,1
ORD101937,CUST03831,PROD01867,2,785.46,10,18,1668.32,2026-02-13 18:12:00,In Transit,Failed,PLT0026,2026-02-19 18:12:00,2,2
ORD101938,CUST02315,PROD02669,3,11842.7,15,28,38654.57,2026-08-29 23:57:00,Delivered,Paid,PLT0001,2026-09-04 23:57:00,3,3
ORD101939,CUST00765,PROD01178,4,1799.99,0,18,8495.95,2026-02-25 23:44:00,Returned,Paid,PLT0004,2026-03-09 23:44:00,4,4
ORD101940,CUST01440,PROD00815,2,13930.35,15,28,30312.44,2026-02-06 08:15:00,Returned,Paid,PLT0007,2026-02-14 08:15:00,2,2
ORD101941,CUST03556,PROD03278,1,7812.01,0,18,9218.17,2026-03-09 21:10:00,Packed,Failed,PLT0027,2026-03-20 21:10:00,1,1
ORD101942,CUST04086,PROD00132,1,3630.51,5,12,3862.86,2026-05-02 14:58:00,Returned,Failed,PLT0028,2026-05-07 14:58:00,1,1
ORD101943,CUST04608,PROD04263,5,6694.73,20,12,29992.39,2026-06-06 03:39:00,Delivered,Paid,PLT0002,2026-06-10 03:39:00,5,5
ORD101944,CUST04097,PROD02025,5,6757.81,10,12,34059.36,2026-02-08 10:27:00,In Transit,Paid,PLT0001,2026-02-22 10:27:00,5,5
ORD101945,CUST03313,PROD02441,4,8903.01,5,5,35523.01,2026-07-01 05:58:00,Shipped,Pending,PLT0025,2026-07-06 05:58:00,4,3
ORD101946,CUST02768,PROD00379,1,13049.05,10,5,12331.35,2026-03-02 22:48:00,Delivered,Paid,PLT0005,2026-03-14 22:48:00,1,1
ORD101947,CUST03677,PROD01368,1,14552.62,15,28,15833.25,2026-02-07 09:02:00,Delivered,Pending,PLT0000,2026-02-13 09:02:00,1,1
ORD101948,CUST00428,PROD04159,1,15325.34,0,5,16091.61,2026-09-24 06:01:00,Delivered,Pending,PLT0006,2026-10-06 06:01:00,1,1
ORD101949,CUST03660,PROD04851,1,15701.0,0,18,18527.18,2026-06-11 21:01:00,Cancelled,Paid,PLT0028,2026-06-21 21:01:00,1,1
ORD101950,CUST02015,PROD03737,3,10623.43,0,18,37606.94,2026-07-10 10:06:00,Delivered,Failed,PLT0004,2026-07-23 10:06:00,3,3
ORD101951,CUST04462,PROD02289,2,7763.45,10,28,17886.99,2026-08-04 05:55:00,In Transit,Refunded,PLT0025,2026-08-10 05:55:00,2,2
ORD101952,CUST03016,PROD00031,2,9758.96,20,28,19986.35,2026-09-12 19:10:00,Delivered,Pending,PLT0025,2026-09-16 19:10:00,2,2
ORD101953,CUST02143,PROD01736,4,14196.01,20,12,50878.5,2026-02-17 09:20:00,Shipped,Pending,PLT0004,2026-02-25 09:20:00,4,4
ORD101954,CUST03299,PROD04794,3,4831.64,10,5,13697.7,2026-07-12 18:47:00,Delivered,Paid,PLT0001,2026-07-21 18:47:00,3,3
ORD101955,CUST00025,PROD01668,1,14895.46,5,12,15848.77,2026-05-28 07:48:00,Delivered,Paid,PLT0004,2026-06-01 07:48:00,1,1
ORD101956,CUST02945,PROD02184,1,4931.75,0,5,5178.34,2026-06-03 03:33:00,Packed,Paid,PLT0028,2026-06-16 03:33:00,1,1
ORD101957,CUST01274,PROD03205,5,10862.36,5,5,54176.02,2026-08-21 16:53:00,Shipped,Failed,PLT0027,2026-08-27 16:53:00,5,3
ORD101958,CUST00667,PROD02291,5,9810.4,15,28,53368.58,2026-03-24 15:30:00,Shipped,Paid,PLT0002,2026-03-31 15:30:00,5,5
ORD101959,CUST03768,PROD03895,4,11729.79,0,12,52549.46,2026-09-24 21:51:00,Returned,Failed,PLT0007,2026-10-06 21:51:00,4,2
ORD101960,CUST01722,PROD04911,1,14162.21,15,12,13482.42,2026-06-17 02:59:00,Delivered,Paid,PLT0003,2026-06-29 02:59:00,1,1
ORD101961,CUST01109,PROD01609,4,3815.02,0,5,16023.08,2026-03-18 12:04:00,Delivered,Paid,PLT0028,2026-03-22 12:04:00,4,4
ORD101962,CUST00547,PROD02981,3,7057.82,5,5,21120.53,2026-06-13 01:16:00,Shipped,Refunded,PLT0005,2026-06-20 01:16:00,3,3
ORD101963,CUST02037,PROD01794,2,10914.62,10,28,25147.28,2026-02-05 18:21:00,In Transit,Paid,PLT0004,2026-02-12 18:21:00,2,2
ORD101964,CUST01785,PROD02753,1,4231.49,0,18,4993.16,2026-08-24 11:36:00,Returned,Paid,PLT0003,2026-08-27 11:36:00,1,1
ORD101965,CUST00025,PROD03192,3,14628.24,5,12,46693.34,2026-04-28 18:03:00,Shipped,Refunded,PLT0004,2026-05-06 18:03:00,3,3
ORD101966,CUST02722,PROD01343,1,13904.53,10,12,14015.77,2026-07-28 11:52:00,Packed,Failed,PLT0009,2026-08-06 11:52:00,1,1
ORD101967,CUST04211,PROD00862,5,7306.29,0,28,46760.26,2026-09-12 20:46:00,Placed,Paid,PLT0002,2026-09-17 20:46:00,5,5
ORD101968,CUST03595,PROD02660,4,10550.92,0,28,54020.71,2026-07-13 19:05:00,Delivered,Pending,PLT0008,2026-07-25 19:05:00,4,4
ORD101969,CUST04592,PROD02385,5,5168.98,15,12,24604.34,2026-08-30 15:15:00,Shipped,Paid,PLT0004,2026-09-07 15:15:00,5,5
ORD101970,CUST04783,PROD01226,2,10251.56,0,12,22963.49,2026-05-18 08:33:00,Returned,Paid,PLT0025,2026-05-26 08:33:00,2,2
ORD101971,CUST01372,PROD03415,5,12560.44,20,5,52753.85,2026-07-29 23:51:00,Delivered,Failed,PLT0007,2026-08-01 23:51:00,5,2
ORD101972,CUST04161,PROD01094,1,8250.75,10,18,8762.3,2026-03-29 05:28:00,Returned,Paid,PLT0005,2026-04-03 05:28:00,1,1
ORD101973,CUST04304,PROD03389,5,718.77,0,12,4025.11,2026-06-17 19:28:00,Delivered,Paid,PLT0004,2026-06-25 19:28:00,5,5
ORD101974,CUST00124,PROD03724,1,3052.16,0,28,3906.76,2026-08-28 21:25:00,Shipped,Failed,PLT0006,2026-09-10 21:25:00,1,1
ORD101975,CUST01347,PROD00665,2,1717.34,0,5,3606.41,2026-09-21 17:53:00,Packed,Failed,PLT0000,2026-09-26 17:53:00,2,2
ORD101976,CUST01282,PROD04306,5,1373.97,0,5,7213.34,2026-04-28 11:16:00,Placed,Paid,PLT0001,2026-05-10 11:16:00,5,5
ORD101977,CUST04821,PROD04413,4,10758.91,10,28,49577.06,2026-05-15 06:39:00,Placed,Paid,PLT0001,2026-05-20 06:39:00,4,4
ORD101978,CUST02839,PROD04941,4,5534.4,0,28,28336.13,2026-08-07 12:23:00,Cancelled,Pending,PLT0027,2026-08-14 12:23:00,4,4
ORD101979,CUST02734,PROD01295,4,12828.33,15,5,45797.14,2026-09-08 17:13:00,In Transit,Paid,PLT0001,2026-09-13 17:13:00,4,4
ORD101980,CUST04096,PROD03355,5,3086.93,0,28,19756.35,2026-06-28 07:49:00,Delivered,Paid,PLT0000,2026-07-07 07:49:00,5,5
ORD101981,CUST03264,PROD03913,5,200.43,0,5,1052.26,2026-04-06 10:45:00,Placed,Refunded,PLT0028,2026-04-13 10:45:00,5,5
ORD101982,CUST01786,PROD00504,5,13038.34,15,28,70928.57,2026-05-21 00:42:00,Packed,Pending,PLT0009,2026-06-01 00:42:00,5,5
ORD101983,CUST00452,PROD00736,1,14046.49,20,5,11799.05,2026-06-03 07:02:00,In Transit,Refunded,PLT0025,2026-06-17 07:02:00,1,1
ORD101984,CUST04195,PROD01709,2,9950.45,10,12,20060.11,2026-05-15 01:27:00,Shipped,Pending,PLT0001,2026-05-21 01:27:00,2,2
ORD101985,CUST04282,PROD03532,4,12791.86,20,12,45846.03,2026-02-07 19:41:00,Delivered,Paid,PLT0028,2026-02-10 19:41:00,4,4
ORD101986,CUST04404,PROD00536,1,15120.78,20,28,15483.68,2026-07-03 02:21:00,Cancelled,Paid,PLT0002,2026-07-11 02:21:00,1,1
ORD101987,CUST01764,PROD04778,4,4993.32,20,18,18854.78,2026-02-09 20:22:00,Placed,Failed,PLT0009,2026-02-17 20:22:00,4,4
ORD101988,CUST04081,PROD00756,1,12724.0,5,12,13538.34,2026-05-15 08:26:00,Delivered,Paid,PLT0007,2026-05-21 08:26:00,1,1
ORD101989,CUST00262,PROD03379,5,1504.32,20,5,6318.14,2026-08-28 00:47:00,Delivered,Paid,PLT0005,2026-09-01 00:47:00,5,5
ORD101990,CUST03594,PROD03174,4,2650.36,5,18,11884.21,2026-08-02 05:53:00,Packed,Pending,PLT0008,2026-08-11 05:53:00,4,2
ORD101991,CUST04903,PROD03599,5,6016.55,15,5,26848.85,2026-03-08 08:51:00,Delivered,Paid,PLT0009,2026-03-21 08:51:00,5,3
ORD101992,CUST04769,PROD01793,4,8243.33,10,5,31159.79,2026-08-06 19:25:00,Returned,Paid,PLT0000,2026-08-16 19:25:00,4,2
ORD101993,CUST00561,PROD01527,3,4628.48,20,12,12441.35,2026-05-16 18:19:00,Shipped,Pending,PLT0009,2026-05-22 18:19:00,3,3
ORD101994,CUST04926,PROD01167,1,13329.93,0,28,17062.31,2026-03-14 16:21:00,Shipped,Pending,PLT0009,2026-03-19 16:21:00,1,1
ORD101995,CUST00084,PROD00986,3,7977.31,15,28,26037.94,2026-08-10 01:16:00,Delivered,Paid,PLT0029,2026-08-23 01:16:00,3,3
ORD101996,CUST03420,PROD03749,1,6497.26,5,5,6481.02,2026-02-22 09:40:00,In Transit,Refunded,PLT0026,2026-03-05 09:40:00,1,1
ORD101997,CUST01044,PROD03669,2,496.05,10,12,1000.04,2026-07-09 21:11:00,Placed,Paid,PLT0025,2026-07-23 21:11:00,2,2
ORD101998,CUST01544,PROD02857,4,3610.56,0,5,15164.35,2026-08-04 07:30:00,Shipped,Pending,PLT0002,2026-08-11 07:30:00,4,4
ORD101999,CUST00681,PROD04831,2,12762.4,10,18,27107.34,2026-09-13 12:01:00,Delivered,Paid,PLT0003,2026-09-24 12:01:00,2,2
ORD102000,CUST02833,PROD02269,2,3874.19,10,5,7322.22,2026-07-06 14:09:00,Delivered,Paid,PLT0025,2026-07-20 14:09:00,2,2
ORD102001,CUST02311,PROD00549,1,8371.89,20,12,7501.21,2026-07-15 23:09:00,Returned,Pending,PLT0002,2026-07-28 23:09:00,1,1
ORD102002,CUST01842,PROD02446,3,4906.1,20,5,12363.37,2026-01-31 13:16:00,Returned,Paid,PLT0003,2026-02-12 13:16:00,3,3
ORD102003,CUST02512,PROD02174,5,13705.22,5,12,72911.77,2026-07-11 08:40:00,Returned,Failed,PLT0004,2026-07-14 08:40:00,5,5
ORD102004,CUST02406,PROD03986,1,14892.33,5,28,18109.07,2026-06-27 17:49:00,Delivered,Pending,PLT0005,2026-07-07 17:49:00,1,1
ORD102005,CUST00646,PROD03926,5,508.74,20,12,2279.16,2026-07-12 20:02:00,Delivered,Failed,PLT0004,2026-07-20 20:02:00,5,5
ORD102006,CUST04612,PROD01461,2,6361.44,20,18,12010.4,2026-08-05 10:07:00,Cancelled,Pending,PLT0006,2026-08-19 10:07:00,2,2
ORD102007,CUST04031,PROD00198,5,14363.05,0,12,80433.08,2026-04-20 22:09:00,In Transit,Refunded,PLT0007,2026-05-02 22:09:00,5,5
ORD102008,CUST02542,PROD02295,3,186.54,0,18,660.35,2026-05-26 22:10:00,In Transit,Failed,PLT0001,2026-06-06 22:10:00,3,1
ORD102009,CUST03721,PROD02799,1,15699.73,15,18,15746.83,2026-02-20 18:14:00,Cancelled,Paid,PLT0007,2026-02-26 18:14:00,1,1
ORD102010,CUST00026,PROD01848,3,3238.78,20,5,8161.73,2026-04-14 14:23:00,Delivered,Paid,PLT0004,2026-04-26 14:23:00,3,3
ORD102011,CUST04473,PROD01834,3,11993.36,0,18,42456.49,2026-04-21 20:43:00,Shipped,Pending,PLT0006,2026-05-04 20:43:00,3,3
ORD102012,CUST02337,PROD03625,1,4068.74,0,12,4556.99,2026-04-06 21:00:00,Delivered,Paid,PLT0008,2026-04-11 21:00:00,1,1
ORD102013,CUST04434,PROD03173,3,2634.93,5,28,9612.22,2026-04-02 08:05:00,Placed,Failed,PLT0000,2026-04-06 08:05:00,3,1
ORD102014,CUST03253,PROD04824,4,6352.8,10,12,25614.49,2026-08-31 08:08:00,Returned,Paid,PLT0003,2026-09-07 08:08:00,4,4
ORD102015,CUST03998,PROD03739,4,12085.5,15,28,52596.1,2026-05-07 09:28:00,Delivered,Paid,PLT0003,2026-05-14 09:28:00,4,4
ORD102016,CUST01017,PROD04901,4,195.15,0,18,921.11,2026-05-04 10:29:00,Delivered,Failed,PLT0029,2026-05-15 10:29:00,4,2
ORD102017,CUST00916,PROD00830,5,7289.27,10,5,34441.8,2026-03-17 12:13:00,Placed,Refunded,PLT0004,2026-03-30 12:13:00,5,5
ORD102018,CUST03604,PROD03566,3,11626.6,10,18,37042.35,2026-08-04 01:36:00,Shipped,Pending,PLT0002,2026-08-13 01:36:00,3,3
ORD102019,CUST01298,PROD01128,1,6593.41,0,18,7780.22,2026-02-04 00:00:00,Delivered,Failed,PLT0028,2026-02-09 00:00:00,1,1
ORD102020,CUST02402,PROD03770,1,1952.67,0,28,2499.42,2026-07-17 13:12:00,Shipped,Paid,PLT0001,2026-07-22 13:12:00,1,1
ORD102021,CUST04995,PROD03267,5,7639.65,0,12,42782.04,2026-07-10 13:29:00,Delivered,Paid,PLT0000,2026-07-24 13:29:00,5,5
ORD102022,CUST04329,PROD01232,1,3755.28,15,5,3351.59,2026-04-23 14:52:00,Packed,Failed,PLT0006,2026-04-27 14:52:00,1,1
ORD102023,CUST02591,PROD02239,4,1354.61,0,5,5689.36,2026-05-21 12:46:00,Delivered,Failed,PLT0005,2026-05-30 12:46:00,4,4
ORD102024,CUST04799,PROD02005,3,4423.0,15,5,11842.58,2026-05-29 17:31:00,In Transit,Refunded,PLT0001,2026-06-06 17:31:00,3,3
ORD102025,CUST03090,PROD04716,1,5200.59,5,5,5187.59,2026-08-03 18:03:00,Delivered,Paid,PLT0002,2026-08-13 18:03:00,1,1
ORD102026,CUST01963,PROD03354,1,8161.25,0,12,9140.6,2026-06-16 01:24:00,In Transit,Paid,PLT0005,2026-06-23 01:24:00,1,1
ORD102027,CUST02098,PROD00410,2,1550.46,10,5,2930.37,2026-02-14 12:48:00,Delivered,Pending,PLT0029,2026-02-26 12:48:00,2,2
ORD102028,CUST01656,PROD03285,2,7513.33,15,28,16349.01,2026-06-02 19:44:00,Delivered,Failed,PLT0029,2026-06-08 19:44:00,2,2
ORD102029,CUST03462,PROD01809,2,2867.34,0,28,7340.39,2026-07-08 15:24:00,Delivered,Paid,PLT0004,2026-07-14 15:24:00,2,2
ORD102030,CUST03062,PROD00317,3,6601.35,15,5,17675.11,2026-05-27 00:53:00,Packed,Failed,PLT0027,2026-06-09 00:53:00,3,3
ORD102031,CUST00386,PROD00317,4,6601.35,20,5,22180.54,2026-08-15 18:36:00,Cancelled,Paid,PLT0004,2026-08-18 18:36:00,4,4
ORD102032,CUST02054,PROD03816,4,9283.34,15,12,35350.96,2026-02-05 05:40:00,Shipped,Pending,PLT0001,2026-02-14 05:40:00,4,2
ORD102033,CUST00855,PROD04830,4,8102.19,0,12,36297.81,2026-01-29 21:42:00,Placed,Paid,PLT0006,2026-02-06 21:42:00,4,4
ORD102034,CUST03421,PROD04348,3,8918.52,20,5,22474.67,2026-04-12 03:03:00,Cancelled,Pending,PLT0004,2026-04-23 03:03:00,3,3
ORD102035,CUST01158,PROD01417,3,724.56,20,12,1947.62,2026-07-26 10:22:00,Placed,Failed,PLT0026,2026-08-04 10:22:00,3,1
ORD102036,CUST03210,PROD01703,2,5056.88,0,18,11934.24,2026-08-15 22:57:00,In Transit,Paid,PLT0005,2026-08-28 22:57:00,2,2
ORD102037,CUST03729,PROD01771,1,7404.2,20,5,6219.53,2026-04-30 20:11:00,Delivered,Paid,PLT0009,2026-05-08 20:11:00,1,1
ORD102038,CUST01463,PROD04552,5,419.19,0,12,2347.46,2026-08-20 12:15:00,Cancelled,Paid,PLT0000,2026-08-27 12:15:00,5,5
ORD102039,CUST02180,PROD04767,5,13733.74,10,28,79106.34,2026-03-03 07:37:00,Returned,Refunded,PLT0005,2026-03-08 07:37:00,5,5
ORD102040,CUST00089,PROD00625,1,9929.25,0,5,10425.71,2026-07-27 14:13:00,Returned,Paid,PLT0000,2026-08-07 14:13:00,1,1
ORD102041,CUST04141,PROD03883,2,15333.08,0,5,32199.47,2026-01-29 22:52:00,In Transit,Paid,PLT0003,2026-02-07 22:52:00,2,2
ORD102042,CUST04972,PROD04097,1,316.55,0,28,405.18,2026-04-25 08:02:00,Cancelled,Refunded,PLT0027,2026-04-28 08:02:00,1,1
ORD102043,CUST03109,PROD04020,1,3755.9,0,28,4807.55,2026-09-21 07:01:00,In Transit,Paid,PLT0025,2026-09-24 07:01:00,1,1
ORD102044,CUST01344,PROD01676,5,4943.4,10,12,24914.74,2026-05-01 12:45:00,Delivered,Pending,PLT0028,2026-05-08 12:45:00,5,5
ORD102045,CUST04585,PROD02990,2,13814.98,15,28,30061.4,2026-05-19 01:22:00,In Transit,Paid,PLT0000,2026-05-31 01:22:00,2,2
ORD102046,CUST04035,PROD03431,3,9336.11,0,18,33049.83,2026-05-28 23:33:00,Placed,Paid,PLT0008,2026-05-31 23:33:00,3,3
ORD102047,CUST00466,PROD01811,5,10597.81,20,5,44510.8,2026-04-09 15:58:00,Packed,Paid,PLT0003,2026-04-19 15:58:00,5,2
ORD102048,CUST00683,PROD01517,3,10393.85,10,18,33114.81,2026-09-06 17:05:00,Delivered,Paid,PLT0001,2026-09-09 17:05:00,3,2
ORD102049,CUST02021,PROD00609,2,8103.33,0,12,18151.46,2026-05-22 15:25:00,Shipped,Failed,PLT0028,2026-06-01 15:25:00,2,1
ORD102050,CUST01169,PROD00889,1,1680.12,15,28,1827.97,2026-05-01 11:07:00,Cancelled,Failed,PLT0026,2026-05-11 11:07:00,1,1
ORD102051,CUST00828,PROD04126,4,10853.14,20,5,36466.55,2026-05-21 06:09:00,Cancelled,Pending,PLT0007,2026-05-26 06:09:00,4,2
ORD102052,CUST03049,PROD03718,4,1354.14,0,28,6933.2,2026-08-23 10:07:00,In Transit,Failed,PLT0003,2026-09-04 10:07:00,4,4
ORD102053,CUST03262,PROD04540,2,1494.83,5,28,3635.43,2026-07-31 08:36:00,Cancelled,Failed,PLT0008,2026-08-09 08:36:00,2,2
ORD102054,CUST03473,PROD00848,4,15949.3,10,12,64307.58,2026-04-23 19:44:00,Delivered,Refunded,PLT0026,2026-05-05 19:44:00,4,2
ORD102055,CUST03677,PROD03147,3,14335.0,0,12,48165.6,2026-06-16 22:00:00,Returned,Pending,PLT0007,2026-06-23 22:00:00,3,3
ORD102056,CUST00507,PROD01164,4,11920.78,0,12,53405.09,2026-07-03 00:02:00,Packed,Paid,PLT0004,2026-07-14 00:02:00,4,4
ORD102057,CUST00517,PROD03139,2,8390.04,20,12,15034.95,2026-05-02 03:22:00,Packed,Failed,PLT0003,2026-05-07 03:22:00,2,2
ORD102058,CUST00628,PROD04699,2,2299.11,20,5,3862.5,2026-04-13 16:53:00,Returned,Paid,PLT0003,2026-04-23 16:53:00,2,2
ORD102059,CUST04185,PROD04309,3,13274.58,10,18,42292.81,2026-05-09 23:42:00,Delivered,Refunded,PLT0026,2026-05-13 23:42:00,3,3
ORD102060,CUST03811,PROD03911,4,723.38,10,18,3072.92,2026-04-08 14:11:00,Delivered,Failed,PLT0005,2026-04-12 14:11:00,4,3
ORD102061,CUST00973,PROD03587,4,7317.44,20,5,24586.6,2026-05-24 04:42:00,Returned,Pending,PLT0009,2026-05-29 04:42:00,4,4
ORD102062,CUST03808,PROD01802,1,11825.38,20,28,12109.19,2026-09-19 13:58:00,Cancelled,Paid,PLT0025,2026-09-23 13:58:00,1,1
ORD102063,CUST00911,PROD02690,5,6527.21,20,5,27414.28,2026-03-05 00:16:00,Returned,Refunded,PLT0009,2026-03-10 00:16:00,5,5
ORD102064,CUST00060,PROD00960,2,11833.73,0,18,27927.6,2026-07-04 20:39:00,Placed,Failed,PLT0002,2026-07-18 20:39:00,2,2
ORD102065,CUST02194,PROD00393,1,6014.09,20,18,5677.3,2026-04-29 15:22:00,Delivered,Refunded,PLT0009,2026-05-05 15:22:00,1,1
ORD102066,CUST02733,PROD02894,2,10507.95,0,5,22066.7,2026-09-22 10:12:00,Shipped,Paid,PLT0027,2026-10-06 10:12:00,2,1
ORD102067,CUST04999,PROD03787,1,9271.03,20,12,8306.84,2026-09-10 16:01:00,Packed,Refunded,PLT0026,2026-09-14 16:01:00,1,1
ORD102068,CUST04689,PROD01739,5,5946.37,0,28,38056.77,2026-07-03 10:20:00,Returned,Refunded,PLT0001,2026-07-07 10:20:00,5,5
ORD102069,CUST04904,PROD02449,1,1015.6,0,5,1066.38,2026-03-09 18:31:00,Delivered,Paid,PLT0007,2026-03-22 18:31:00,1,1
ORD102070,CUST01301,PROD02459,2,7872.48,10,18,16721.15,2026-09-23 11:56:00,Delivered,Paid,PLT0000,2026-09-29 11:56:00,2,2
ORD102071,CUST00370,PROD03375,4,13056.54,0,12,58493.3,2026-09-21 02:37:00,Placed,Failed,PLT0004,2026-09-26 02:37:00,4,4
ORD102072,CUST03903,PROD04288,2,9273.01,0,28,23738.91,2026-09-15 22:11:00,Placed,Refunded,PLT0028,2026-09-23 22:11:00,2,2
ORD102073,CUST00644,PROD02812,3,10284.78,20,18,29126.5,2026-04-25 20:29:00,Placed,Paid,PLT0005,2026-05-06 20:29:00,3,3
ORD102074,CUST04225,PROD00017,3,4936.45,0,28,18955.97,2026-03-03 20:01:00,Shipped,Refunded,PLT0007,2026-03-07 20:01:00,3,3
ORD102075,CUST04983,PROD00302,3,8547.54,20,12,22975.79,2026-04-20 03:37:00,Delivered,Failed,PLT0026,2026-04-28 03:37:00,3,2
ORD102076,CUST04509,PROD02410,3,7317.63,0,18,25904.41,2026-07-25 09:51:00,Delivered,Paid,PLT0002,2026-08-01 09:51:00,3,3
ORD102077,CUST00184,PROD03673,5,11620.11,10,12,58565.35,2026-05-06 20:31:00,Returned,Refunded,PLT0029,2026-05-11 20:31:00,5,5
ORD102078,CUST01228,PROD02139,4,3078.85,0,5,12931.17,2026-05-25 00:44:00,Cancelled,Refunded,PLT0008,2026-06-07 00:44:00,4,4
ORD102079,CUST01413,PROD03741,4,14478.32,10,5,54728.05,2026-09-24 06:21:00,Returned,Paid,PLT0004,2026-09-28 06:21:00,4,4
ORD102080,CUST00646,PROD04853,2,12425.23,5,28,30218.16,2026-05-06 07:41:00,Shipped,Paid,PLT0005,2026-05-15 07:41:00,2,2
ORD102081,CUST01985,PROD01341,1,4196.16,20,12,3759.76,2026-05-27 05:32:00,Delivered,Paid,PLT0005,2026-06-04 05:32:00,1,1
ORD102082,CUST00858,PROD04796,2,5193.38,0,12,11633.17,2026-06-24 02:47:00,Cancelled,Refunded,PLT0027,2026-06-29 02:47:00,2,2
ORD102083,CUST04549,PROD01918,2,9528.4,10,28,21953.43,2026-09-06 02:14:00,In Transit,Pending,PLT0007,2026-09-18 02:14:00,2,1
ORD102084,CUST04773,PROD03266,2,1196.83,0,28,3063.88,2026-08-26 12:13:00,Packed,Paid,PLT0005,2026-09-03 12:13:00,2,1
ORD102085,CUST03258,PROD00813,2,2081.14,5,28,5061.33,2026-02-18 14:40:00,In Transit,Refunded,PLT0001,2026-02-21 14:40:00,2,2
ORD102086,CUST00266,PROD03179,4,13043.6,15,5,46565.65,2026-03-18 21:34:00,Placed,Paid,PLT0006,2026-03-21 21:34:00,4,4
ORD102087,CUST02566,PROD03372,1,9564.32,20,28,9793.86,2026-07-11 17:13:00,Shipped,Paid,PLT0003,2026-07-24 17:13:00,1,1
ORD102088,CUST00287,PROD01264,2,7337.0,20,5,12326.16,2026-07-25 01:19:00,Shipped,Failed,PLT0027,2026-08-06 01:19:00,2,2
ORD102089,CUST01564,PROD04994,4,10409.59,0,28,53297.1,2026-04-28 07:52:00,Placed,Paid,PLT0028,2026-05-04 07:52:00,4,4
ORD102090,CUST02560,PROD00333,2,327.86,20,12,587.53,2026-05-15 06:45:00,In Transit,Refunded,PLT0008,2026-05-26 06:45:00,2,2
ORD102091,CUST03153,PROD04462,3,8360.83,20,12,22473.91,2026-06-19 10:00:00,Cancelled,Pending,PLT0003,2026-06-30 10:00:00,3,3
ORD102092,CUST00893,PROD03645,2,12192.15,10,28,28090.71,2026-09-15 05:31:00,In Transit,Paid,PLT0000,2026-09-20 05:31:00,2,2
ORD102093,CUST00737,PROD04698,2,8172.35,20,28,16736.97,2026-07-23 20:06:00,Delivered,Refunded,PLT0025,2026-08-04 20:06:00,2,2
ORD102094,CUST03881,PROD01088,5,2754.84,20,5,11570.33,2026-03-01 06:25:00,Delivered,Pending,PLT0000,2026-03-04 06:25:00,5,5
ORD102095,CUST01950,PROD04666,3,11378.28,5,18,38265.16,2026-06-11 06:10:00,Placed,Refunded,PLT0029,2026-06-21 06:10:00,3,3
ORD102096,CUST02420,PROD03226,1,14263.6,5,5,14227.94,2026-08-21 06:17:00,Delivered,Paid,PLT0007,2026-08-30 06:17:00,1,1
ORD102097,CUST00737,PROD04422,2,15310.85,0,12,34296.3,2026-02-10 01:01:00,In Transit,Paid,PLT0026,2026-02-23 01:01:00,2,2
ORD102098,CUST03953,PROD03140,1,1187.49,0,28,1519.99,2026-05-23 00:38:00,In Transit,Failed,PLT0025,2026-05-30 00:38:00,1,1
ORD102099,CUST02104,PROD01904,3,660.45,20,12,1775.29,2026-05-23 20:23:00,Delivered,Pending,PLT0026,2026-05-30 20:23:00,3,3
ORD102100,CUST00721,PROD03497,2,13820.65,20,18,26093.39,2026-04-06 06:26:00,Placed,Failed,PLT0005,2026-04-11 06:26:00,2,2
ORD102101,CUST02285,PROD04014,5,3174.62,0,5,16666.75,2026-05-31 18:20:00,Packed,Paid,PLT0025,2026-06-08 18:20:00,5,5
ORD102102,CUST03340,PROD03711,4,262.52,0,12,1176.09,2026-03-11 02:48:00,Delivered,Pending,PLT0005,2026-03-16 02:48:00,4,4
ORD102103,CUST02830,PROD03504,5,576.41,10,5,2723.54,2026-09-12 02:32:00,Delivered,Paid,PLT0026,2026-09-17 02:32:00,5,5
ORD102104,CUST02984,PROD01890,5,15868.78,20,28,81248.15,2026-06-30 01:01:00,Cancelled,Paid,PLT0000,2026-07-10 01:01:00,5,5
ORD102105,CUST02458,PROD03074,4,4409.43,10,12,17778.82,2026-06-29 08:07:00,Returned,Paid,PLT0009,2026-07-04 08:07:00,4,4
ORD102106,CUST02685,PROD03160,4,4747.89,20,18,17928.03,2026-05-08 10:08:00,Delivered,Paid,PLT0000,2026-05-11 10:08:00,4,4
ORD102107,CUST00704,PROD01887,4,247.37,10,5,935.06,2026-04-12 20:36:00,Placed,Failed,PLT0009,2026-04-19 20:36:00,4,2
ORD102108,CUST01502,PROD03049,2,6421.04,15,5,11461.56,2026-07-06 06:44:00,Delivered,Failed,PLT0009,2026-07-14 06:44:00,2,2
ORD102109,CUST02027,PROD01050,1,437.18,10,18,464.29,2026-08-31 00:09:00,Placed,Paid,PLT0003,2026-09-14 00:09:00,1,1
ORD102110,CUST01692,PROD03893,1,10870.27,0,12,12174.7,2026-08-06 23:58:00,In Transit,Paid,PLT0009,2026-08-16 23:58:00,1,1
ORD102111,CUST02788,PROD01956,4,14935.5,20,12,53528.83,2026-03-22 04:47:00,In Transit,Paid,PLT0026,2026-03-30 04:47:00,4,4
ORD102112,CUST02984,PROD03302,5,15954.2,0,5,83759.55,2026-01-30 18:50:00,Cancelled,Failed,PLT0002,2026-02-04 18:50:00,5,2
ORD102113,CUST04809,PROD00094,3,9023.31,10,18,28748.27,2026-09-20 10:42:00,Packed,Paid,PLT0006,2026-09-27 10:42:00,3,2
ORD102114,CUST00615,PROD00152,4,3908.03,5,5,15593.04,2026-06-15 18:59:00,Returned,Pending,PLT0001,2026-06-18 18:59:00,4,4
ORD102115,CUST03400,PROD03710,5,15416.43,5,5,76889.44,2026-06-10 03:33:00,Delivered,Paid,PLT0025,2026-06-18 03:33:00,5,5
ORD102116,CUST02472,PROD02960,5,12931.43,5,28,78623.09,2026-05-24 18:21:00,Delivered,Paid,PLT0026,2026-06-02 18:21:00,5,5
ORD102117,CUST00714,PROD03013,2,4976.75,20,12,8918.34,2026-05-20 16:34:00,Returned,Paid,PLT0003,2026-05-28 16:34:00,2,1
ORD102118,CUST02859,PROD00092,2,11439.59,0,12,25624.68,2026-03-10 21:23:00,Delivered,Paid,PLT0029,2026-03-13 21:23:00,2,2
ORD102119,CUST03365,PROD02104,1,11163.8,15,28,12146.21,2026-04-18 14:15:00,Packed,Pending,PLT0007,2026-05-01 14:15:00,1,1
ORD102120,CUST03328,PROD00075,1,11338.03,10,12,11428.73,2026-09-04 00:05:00,Placed,Paid,PLT0006,2026-09-17 00:05:00,1,1
ORD102121,CUST01585,PROD04579,3,15626.32,0,12,52504.44,2026-09-18 18:06:00,Shipped,Failed,PLT0000,2026-09-23 18:06:00,3,3
ORD102122,CUST00193,PROD02259,3,5138.45,5,12,16401.93,2026-05-20 01:18:00,Packed,Failed,PLT0006,2026-06-01 01:18:00,3,1
ORD102123,CUST01609,PROD00936,3,4428.69,10,18,14109.81,2026-03-31 18:22:00,Delivered,Refunded,PLT0009,2026-04-13 18:22:00,3,2
ORD102124,CUST03129,PROD01604,3,5743.44,0,28,22054.81,2026-06-14 17:14:00,Delivered,Refunded,PLT0029,2026-06-24 17:14:00,3,3
ORD102125,CUST01637,PROD04181,5,6501.99,0,5,34135.45,2026-03-17 07:17:00,Delivered,Paid,PLT0026,2026-03-27 07:17:00,5,5
ORD102126,CUST01907,PROD01896,5,11754.83,5,18,65885.82,2026-09-24 18:33:00,Delivered,Pending,PLT0008,2026-10-01 18:33:00,5,2
ORD102127,CUST04199,PROD04101,1,10137.87,0,5,10644.76,2026-07-08 04:05:00,Returned,Refunded,PLT0002,2026-07-13 04:05:00,1,1
ORD102128,CUST03376,PROD04700,2,15724.56,20,28,32203.9,2026-04-11 00:51:00,Packed,Paid,PLT0002,2026-04-15 00:51:00,2,2
ORD102129,CUST02521,PROD00417,2,4761.05,0,28,12188.29,2026-02-24 06:57:00,In Transit,Paid,PLT0005,2026-03-06 06:57:00,2,2
ORD102130,CUST04170,PROD00801,4,11344.09,5,28,55177.65,2026-07-28 21:38:00,Shipped,Paid,PLT0003,2026-08-07 21:38:00,4,2
ORD102131,CUST03274,PROD00544,5,10779.04,15,12,51308.23,2026-08-29 03:04:00,Shipped,Failed,PLT0002,2026-09-04 03:04:00,5,5
ORD102132,CUST02727,PROD03764,3,4677.33,5,18,15729.86,2026-08-15 18:13:00,Placed,Refunded,PLT0008,2026-08-26 18:13:00,3,2
ORD102133,CUST00157,PROD02600,3,2226.87,20,28,6840.94,2026-06-07 13:19:00,Delivered,Failed,PLT0027,2026-06-18 13:19:00,3,3
ORD102134,CUST00447,PROD01223,4,6973.12,15,5,24894.04,2026-03-09 07:55:00,Packed,Pending,PLT0004,2026-03-19 07:55:00,4,4
ORD102135,CUST03658,PROD04457,2,11102.6,15,12,21139.35,2026-03-30 09:31:00,Delivered,Pending,PLT0028,2026-04-06 09:31:00,2,2
ORD102136,CUST02414,PROD01074,3,383.2,15,12,1094.42,2026-08-12 05:19:00,Shipped,Paid,PLT0005,2026-08-24 05:19:00,3,3
ORD102137,CUST02146,PROD00037,2,4942.36,10,18,10497.57,2026-04-13 18:38:00,Delivered,Failed,PLT0006,2026-04-20 18:38:00,2,2
ORD102138,CUST01711,PROD03844,4,6582.19,10,18,27961.14,2026-05-29 07:48:00,Placed,Pending,PLT0004,2026-06-06 07:48:00,4,4
ORD102139,CUST02668,PROD04893,2,9795.02,15,18,19648.81,2026-06-09 16:34:00,Packed,Paid,PLT0005,2026-06-16 16:34:00,2,1
ORD102140,CUST01470,PROD00099,2,503.16,0,12,1127.08,2026-05-13 20:52:00,Packed,Paid,PLT0000,2026-05-19 20:52:00,2,2
ORD102141,CUST02598,PROD04074,2,9689.09,15,28,21083.46,2026-07-31 23:40:00,Cancelled,Refunded,PLT0001,2026-08-10 23:40:00,2,2
ORD102142,CUST00012,PROD03960,3,725.33,0,5,2284.79,2026-04-02 16:51:00,Cancelled,Pending,PLT0005,2026-04-11 16:51:00,3,3
ORD102143,CUST00527,PROD04758,1,12469.94,15,28,13567.29,2026-02-22 13:52:00,Returned,Refunded,PLT0005,2026-02-28 13:52:00,1,1
ORD102144,CUST04643,PROD04117,5,14683.56,10,5,69379.82,2026-06-09 22:58:00,Cancelled,Paid,PLT0002,2026-06-12 22:58:00,5,3
ORD102145,CUST00718,PROD04400,2,2117.42,10,28,4878.54,2026-09-08 03:55:00,Delivered,Refunded,PLT0026,2026-09-11 03:55:00,2,1
ORD102146,CUST03386,PROD03294,2,8713.0,0,18,20562.68,2026-05-10 03:54:00,Placed,Paid,PLT0002,2026-05-19 03:54:00,2,2
ORD102147,CUST02998,PROD01013,2,15109.54,0,5,31730.03,2026-02-10 18:02:00,Delivered,Paid,PLT0004,2026-02-21 18:02:00,2,2
ORD102148,CUST01893,PROD04232,1,8946.79,5,12,9519.38,2026-02-07 16:02:00,Cancelled,Refunded,PLT0008,2026-02-18 16:02:00,1,1
ORD102149,CUST03258,PROD01427,4,177.55,0,5,745.71,2026-09-21 08:47:00,Placed,Pending,PLT0005,2026-10-04 08:47:00,4,2
ORD102150,CUST02128,PROD03062,3,1562.87,0,12,5251.24,2026-05-14 07:08:00,Placed,Pending,PLT0027,2026-05-19 07:08:00,3,3
ORD102151,CUST03777,PROD03394,1,5271.12,0,28,6747.03,2026-01-30 06:18:00,Delivered,Failed,PLT0025,2026-02-02 06:18:00,1,1
ORD102152,CUST00162,PROD00563,2,2267.31,20,18,4280.68,2026-09-10 21:20:00,Shipped,Failed,PLT0003,2026-09-19 21:20:00,2,2
ORD102153,CUST03219,PROD03394,1,5271.12,10,5,4981.21,2026-08-20 18:55:00,Shipped,Paid,PLT0027,2026-09-01 18:55:00,1,1
ORD102154,CUST03565,PROD03494,1,14137.35,0,12,15833.83,2026-08-22 15:20:00,Delivered,Paid,PLT0027,2026-08-28 15:20:00,1,1
ORD102155,CUST03499,PROD02138,1,11729.79,5,28,14263.42,2026-08-06 00:11:00,Placed,Paid,PLT0005,2026-08-20 00:11:00,1,1
ORD102156,CUST03932,PROD00329,4,6770.64,5,18,30359.55,2026-03-16 02:10:00,Packed,Refunded,PLT0002,2026-03-19 02:10:00,4,4
ORD102157,CUST03977,PROD01402,5,2764.15,0,18,16308.48,2026-03-01 10:38:00,Cancelled,Refunded,PLT0001,2026-03-07 10:38:00,5,5
ORD102158,CUST04156,PROD04525,3,12980.56,0,18,45951.18,2026-08-24 20:57:00,Cancelled,Pending,PLT0029,2026-09-01 20:57:00,3,3
ORD102159,CUST00812,PROD00031,4,9758.96,5,28,47467.58,2026-09-06 22:32:00,Delivered,Refunded,PLT0005,2026-09-19 22:32:00,4,4
ORD102160,CUST01704,PROD01075,4,15803.79,0,28,80915.4,2026-03-04 03:43:00,Packed,Paid,PLT0025,2026-03-08 03:43:00,4,4
ORD102161,CUST02169,PROD04596,5,10357.98,10,28,59661.96,2026-07-02 18:02:00,Cancelled,Failed,PLT0009,2026-07-09 18:02:00,5,5
ORD102162,CUST00529,PROD00215,4,11422.65,20,18,43131.93,2026-02-16 22:14:00,Delivered,Refunded,PLT0006,2026-03-01 22:14:00,4,4
ORD102163,CUST02531,PROD01186,1,15000.93,5,5,14963.43,2026-06-28 01:57:00,Returned,Refunded,PLT0025,2026-07-06 01:57:00,1,1
ORD102164,CUST02804,PROD01400,1,11336.76,0,12,12697.17,2026-09-17 05:02:00,Placed,Failed,PLT0006,2026-09-27 05:02:00,1,1
ORD102165,CUST01227,PROD01471,2,9114.56,0,28,23333.27,2026-05-01 21:56:00,Shipped,Pending,PLT0008,2026-05-15 21:56:00,2,2
ORD102166,CUST02245,PROD02465,4,9967.5,10,5,37677.15,2026-04-23 03:14:00,In Transit,Pending,PLT0004,2026-04-29 03:14:00,4,4
ORD102167,CUST02257,PROD02410,2,7317.63,15,12,13932.77,2026-05-30 20:40:00,In Transit,Pending,PLT0006,2026-06-09 20:40:00,2,1
ORD102168,CUST04486,PROD03178,3,14117.88,15,18,42480.7,2026-05-19 23:28:00,Delivered,Paid,PLT0002,2026-05-30 23:28:00,3,3
ORD102169,CUST03549,PROD03549,1,4907.47,0,5,5152.84,2026-03-04 12:20:00,Placed,Failed,PLT0003,2026-03-15 12:20:00,1,1
ORD102170,CUST02251,PROD00684,3,10730.43,10,18,34187.15,2026-08-25 21:16:00,Delivered,Paid,PLT0001,2026-08-29 21:16:00,3,3
ORD102171,CUST04784,PROD03386,5,14078.05,10,12,70953.37,2026-09-09 13:59:00,Delivered,Failed,PLT0007,2026-09-22 13:59:00,5,5
ORD102172,CUST00532,PROD02669,1,11842.7,10,28,13642.79,2026-04-08 01:41:00,Cancelled,Paid,PLT0027,2026-04-13 01:41:00,1,1
ORD102173,CUST02592,PROD00758,3,8581.03,10,18,27339.16,2026-08-29 18:08:00,Placed,Paid,PLT0004,2026-09-03 18:08:00,3,2
ORD102174,CUST01771,PROD03875,5,765.45,15,5,3415.82,2026-08-15 00:06:00,Cancelled,Pending,PLT0003,2026-08-24 00:06:00,5,5
ORD102175,CUST02836,PROD02945,3,12167.18,0,28,46721.97,2026-06-30 22:07:00,Placed,Paid,PLT0028,2026-07-12 22:07:00,3,3
ORD102176,CUST00201,PROD04601,5,3257.24,10,5,15390.46,2026-09-06 20:50:00,Delivered,Paid,PLT0029,2026-09-14 20:50:00,5,5
ORD102177,CUST04676,PROD03547,5,1414.52,0,12,7921.31,2026-02-06 07:31:00,Delivered,Paid,PLT0005,2026-02-14 07:31:00,5,5
ORD102178,CUST00142,PROD03261,1,3347.63,10,12,3374.41,2026-03-10 13:57:00,Placed,Failed,PLT0005,2026-03-17 13:57:00,1,1
ORD102179,CUST02175,PROD03353,2,14533.63,5,28,35345.79,2026-05-15 18:35:00,Delivered,Paid,PLT0028,2026-05-19 18:35:00,2,2
ORD102180,CUST01609,PROD01501,5,8352.4,20,5,35080.08,2026-05-29 22:48:00,Cancelled,Refunded,PLT0025,2026-06-12 22:48:00,5,5
ORD102181,CUST02877,PROD03305,5,3598.77,5,5,17948.87,2026-05-04 22:23:00,Delivered,Failed,PLT0028,2026-05-11 22:23:00,5,2
ORD102182,CUST00622,PROD02908,1,3694.39,20,5,3103.29,2026-05-24 16:25:00,Delivered,Refunded,PLT0009,2026-05-29 16:25:00,1,1
ORD102183,CUST04266,PROD04079,2,12319.44,5,5,24577.28,2026-09-23 09:21:00,Shipped,Paid,PLT0009,2026-10-01 09:21:00,2,2
ORD102184,CUST02272,PROD00430,4,1960.37,10,12,7904.21,2026-04-28 20:42:00,Cancelled,Refunded,PLT0000,2026-05-11 20:42:00,4,4
ORD102185,CUST00322,PROD02448,4,3193.52,0,5,13412.78,2026-04-24 16:29:00,In Transit,Pending,PLT0029,2026-04-30 16:29:00,4,4
ORD102186,CUST03102,PROD01790,2,8341.69,20,12,14948.31,2026-02-04 20:22:00,Returned,Paid,PLT0000,2026-02-18 20:22:00,2,2
ORD102187,CUST01710,PROD04461,3,6502.56,15,5,17410.6,2026-09-02 22:43:00,In Transit,Refunded,PLT0001,2026-09-13 22:43:00,3,3
ORD102188,CUST04904,PROD04342,1,867.97,0,5,911.37,2026-06-23 20:41:00,Packed,Pending,PLT0007,2026-06-30 20:41:00,1,1
ORD102189,CUST01257,PROD01648,2,13233.48,20,18,24984.81,2026-08-25 15:36:00,Packed,Pending,PLT0003,2026-09-05 15:36:00,2,2
ORD102190,CUST04924,PROD01615,4,5393.73,20,18,20366.72,2026-03-29 06:28:00,Shipped,Paid,PLT0006,2026-04-06 06:28:00,4,3
ORD102191,CUST02110,PROD04677,5,849.43,15,5,3790.58,2026-03-06 20:10:00,Delivered,Paid,PLT0027,2026-03-13 20:10:00,5,4
ORD102192,CUST03310,PROD01439,4,3308.47,10,12,13339.75,2026-05-22 13:12:00,Returned,Paid,PLT0005,2026-05-29 13:12:00,4,4
ORD102193,CUST02982,PROD01620,5,11716.34,5,5,58435.25,2026-06-13 21:58:00,Shipped,Refunded,PLT0029,2026-06-22 21:58:00,5,5
ORD102194,CUST00806,PROD04277,1,6482.24,5,18,7266.59,2026-05-04 12:25:00,Shipped,Failed,PLT0028,2026-05-11 12:25:00,1,1
ORD102195,CUST01675,PROD02172,5,1206.29,0,5,6333.02,2026-07-29 14:26:00,Packed,Paid,PLT0005,2026-08-05 14:26:00,5,5
ORD102196,CUST01187,PROD00208,2,10648.68,10,18,22617.8,2026-03-24 16:39:00,Returned,Paid,PLT0002,2026-04-07 16:39:00,2,1
ORD102197,CUST03734,PROD04735,5,6944.52,15,5,30989.92,2026-01-30 04:56:00,Returned,Refunded,PLT0009,2026-02-10 04:56:00,5,5
ORD102198,CUST00703,PROD00970,3,7668.2,10,28,26501.3,2026-02-28 18:31:00,Cancelled,Paid,PLT0025,2026-03-11 18:31:00,3,1
ORD102199,CUST00403,PROD01534,2,4433.72,10,5,8379.73,2026-07-02 16:34:00,Placed,Refunded,PLT0026,2026-07-14 16:34:00,2,1
ORD102200,CUST00283,PROD03239,1,9898.18,5,12,10531.66,2026-03-19 18:41:00,Packed,Paid,PLT0029,2026-03-23 18:41:00,1,1
ORD102201,CUST02452,PROD04906,2,2669.94,15,18,5355.9,2026-02-01 08:21:00,Delivered,Pending,PLT0027,2026-02-05 08:21:00,2,2
ORD102202,CUST04775,PROD00637,3,8567.61,0,28,32899.62,2026-04-20 00:57:00,Shipped,Refunded,PLT0007,2026-05-01 00:57:00,3,3
ORD102203,CUST00850,PROD03729,1,2687.38,20,18,2536.89,2026-06-27 18:12:00,Delivered,Refunded,PLT0006,2026-07-10 18:12:00,1,1
ORD102204,CUST01417,PROD03320,4,12386.67,5,18,55541.83,2026-07-29 02:48:00,Delivered,Refunded,PLT0025,2026-08-11 02:48:00,4,4
ORD102205,CUST03517,PROD02088,3,10541.8,15,12,30107.38,2026-01-28 00:18:00,Delivered,Paid,PLT0027,2026-02-03 00:18:00,3,3
ORD102206,CUST02296,PROD04719,1,7019.67,0,5,7370.65,2026-03-25 14:30:00,Delivered,Paid,PLT0029,2026-03-29 14:30:00,1,1
ORD102207,CUST01930,PROD04570,5,13758.88,20,12,61639.78,2026-07-01 23:09:00,Packed,Paid,PLT0008,2026-07-13 23:09:00,5,5
ORD102208,CUST04231,PROD02993,2,8887.04,20,5,14930.23,2026-03-11 05:06:00,Delivered,Failed,PLT0004,2026-03-25 05:06:00,2,2
ORD102209,CUST02174,PROD03669,1,496.05,5,28,603.2,2026-09-08 08:25:00,Delivered,Paid,PLT0003,2026-09-11 08:25:00,1,1
ORD102210,CUST03868,PROD03641,2,3885.53,0,12,8703.59,2026-08-07 12:14:00,Packed,Paid,PLT0029,2026-08-21 12:14:00,2,1
ORD102211,CUST00212,PROD02429,5,5091.07,5,12,27084.49,2026-06-10 17:02:00,In Transit,Failed,PLT0005,2026-06-16 17:02:00,5,5
ORD102212,CUST04998,PROD01373,1,13683.72,10,18,14532.11,2026-04-13 11:01:00,Cancelled,Refunded,PLT0026,2026-04-24 11:01:00,1,1
ORD102213,CUST04596,PROD03640,4,3398.9,15,12,12943.01,2026-02-22 15:07:00,Placed,Paid,PLT0026,2026-03-06 15:07:00,4,4
ORD102214,CUST00803,PROD01718,3,11150.06,0,5,35122.69,2026-09-17 03:01:00,In Transit,Pending,PLT0006,2026-10-01 03:01:00,3,3
ORD102215,CUST04718,PROD02582,1,14228.68,20,12,12748.9,2026-04-17 02:37:00,Delivered,Paid,PLT0029,2026-04-30 02:37:00,1,1
ORD102216,CUST01297,PROD04653,5,7659.06,5,12,40746.2,2026-05-13 13:28:00,Placed,Failed,PLT0008,2026-05-16 13:28:00,5,5
ORD102217,CUST00141,PROD04529,1,9195.76,20,28,9416.46,2026-05-07 21:54:00,Returned,Failed,PLT0007,2026-05-13 21:54:00,1,1
ORD102218,CUST02969,PROD02146,2,13163.03,0,5,27642.36,2026-05-09 12:38:00,Delivered,Paid,PLT0003,2026-05-13 12:38:00,2,2
ORD102219,CUST00399,PROD00453,1,6844.13,20,18,6460.86,2026-06-02 08:55:00,Cancelled,Paid,PLT0029,2026-06-08 08:55:00,1,1
ORD102220,CUST04962,PROD03744,4,983.13,5,5,3922.69,2026-05-28 23:32:00,Returned,Paid,PLT0003,2026-06-06 23:32:00,4,2
ORD102221,CUST00779,PROD00212,1,11100.13,5,28,13497.76,2026-02-22 09:37:00,Delivered,Failed,PLT0029,2026-03-03 09:37:00,1,1
ORD102222,CUST03140,PROD02638,3,12199.5,0,5,38428.43,2026-05-28 10:03:00,In Transit,Paid,PLT0025,2026-06-08 10:03:00,3,1
ORD102223,CUST01731,PROD02458,1,10056.13,20,5,8447.15,2026-06-07 19:02:00,Packed,Refunded,PLT0002,2026-06-20 19:02:00,1,1
ORD102224,CUST01959,PROD03838,2,1985.44,0,12,4447.39,2026-05-30 21:57:00,Delivered,Paid,PLT0004,2026-06-08 21:57:00,2,2
ORD102225,CUST04642,PROD01265,1,283.77,0,12,317.82,2026-02-20 01:36:00,Placed,Paid,PLT0027,2026-03-03 01:36:00,1,1
ORD102226,CUST01241,PROD00394,4,12443.97,20,5,41811.74,2026-08-30 22:42:00,Shipped,Pending,PLT0009,2026-09-09 22:42:00,4,4
ORD102227,CUST01998,PROD01093,5,9762.02,0,5,51250.6,2026-08-12 22:45:00,Cancelled,Pending,PLT0004,2026-08-17 22:45:00,5,2
ORD102228,CUST03204,PROD03550,1,9057.19,10,18,9618.74,2026-09-20 08:47:00,Delivered,Paid,PLT0025,2026-09-24 08:47:00,1,1
ORD102229,CUST01042,PROD02195,1,1863.73,5,28,2266.3,2026-02-02 01:14:00,In Transit,Paid,PLT0002,2026-02-08 01:14:00,1,1
ORD102230,CUST02604,PROD03182,3,4697.08,15,12,13414.86,2026-06-28 16:25:00,In Transit,Pending,PLT0027,2026-07-12 16:25:00,3,3
ORD102231,CUST04773,PROD02682,4,13383.14,0,12,59956.47,2026-06-18 07:51:00,Packed,Refunded,PLT0004,2026-06-29 07:51:00,4,4
ORD102232,CUST01803,PROD01161,5,13229.49,0,12,74085.14,2026-02-18 07:56:00,Packed,Refunded,PLT0003,2026-02-26 07:56:00,5,5
ORD102233,CUST01099,PROD04811,2,2783.08,20,12,4987.28,2026-07-05 04:07:00,Delivered,Paid,PLT0026,2026-07-10 04:07:00,2,2
ORD102234,CUST04526,PROD03383,1,594.27,0,5,623.98,2026-05-29 06:59:00,Delivered,Refunded,PLT0009,2026-06-01 06:59:00,1,1
ORD102235,CUST03511,PROD03763,5,8549.13,0,5,44882.93,2026-09-23 00:31:00,Delivered,Failed,PLT0028,2026-10-05 00:31:00,5,4
ORD102236,CUST02960,PROD04867,2,5758.73,20,18,10872.48,2026-01-30 03:06:00,Delivered,Paid,PLT0003,2026-02-12 03:06:00,2,2
ORD102237,CUST04011,PROD02058,4,6646.07,15,12,25308.23,2026-05-05 11:04:00,Delivered,Paid,PLT0007,2026-05-16 11:04:00,4,2
ORD102238,CUST00981,PROD03862,4,9827.11,20,12,35220.36,2026-08-27 10:22:00,Returned,Paid,PLT0007,2026-08-31 10:22:00,4,4
ORD102239,CUST00911,PROD00908,5,5533.9,15,5,24695.03,2026-09-25 22:08:00,Placed,Refunded,PLT0007,2026-10-08 22:08:00,5,5
ORD102240,CUST04977,PROD04105,2,4804.32,20,18,9070.56,2026-05-15 13:45:00,Delivered,Pending,PLT0028,2026-05-25 13:45:00,2,1
ORD102241,CUST01384,PROD04950,4,13535.13,0,5,56847.55,2026-07-21 01:31:00,Shipped,Paid,PLT0025,2026-08-04 01:31:00,4,4
ORD102242,CUST02401,PROD00637,5,8567.61,15,12,40781.82,2026-07-04 13:57:00,Placed,Refunded,PLT0002,2026-07-16 13:57:00,5,5
ORD102243,CUST04702,PROD03518,4,6230.0,0,12,27910.4,2026-03-18 09:41:00,Delivered,Paid,PLT0000,2026-03-23 09:41:00,4,4
ORD102244,CUST00886,PROD03357,4,11167.88,15,28,48602.61,2026-05-14 20:44:00,Shipped,Refunded,PLT0028,2026-05-21 20:44:00,4,2
ORD102245,CUST01147,PROD04429,4,2945.6,15,28,12819.25,2026-07-11 14:45:00,Cancelled,Paid,PLT0000,2026-07-21 14:45:00,4,4
ORD102246,CUST04185,PROD00357,3,520.53,20,28,1599.07,2026-03-14 05:44:00,Delivered,Pending,PLT0002,2026-03-27 05:44:00,3,3
ORD102247,CUST01736,PROD04016,2,4230.27,15,18,8485.92,2026-07-16 10:13:00,Returned,Paid,PLT0009,2026-07-20 10:13:00,2,2
ORD102248,CUST00022,PROD01904,5,660.45,0,5,3467.36,2026-04-24 18:35:00,Delivered,Paid,PLT0027,2026-05-08 18:35:00,5,5
ORD102249,CUST00218,PROD00938,5,14636.35,20,12,65570.85,2026-06-15 18:34:00,Placed,Paid,PLT0005,2026-06-25 18:34:00,5,5
ORD102250,CUST03503,PROD00377,2,13532.52,5,12,28797.2,2026-03-12 17:22:00,Cancelled,Failed,PLT0002,2026-03-21 17:22:00,2,2
ORD102251,CUST01419,PROD00236,2,11585.99,0,18,27342.94,2026-02-09 12:54:00,Shipped,Failed,PLT0008,2026-02-16 12:54:00,2,2
ORD102252,CUST01958,PROD00649,2,12646.82,5,12,26912.43,2026-04-29 01:27:00,Delivered,Paid,PLT0003,2026-05-12 01:27:00,2,2
ORD102253,CUST04359,PROD03670,2,7238.72,0,12,16214.73,2026-08-29 01:08:00,Placed,Failed,PLT0008,2026-09-07 01:08:00,2,1
ORD102254,CUST00924,PROD04662,1,9707.58,20,5,8154.37,2026-07-29 06:04:00,In Transit,Refunded,PLT0000,2026-08-09 06:04:00,1,1
ORD102255,CUST04198,PROD03859,5,6510.0,0,28,41664.0,2026-02-01 16:48:00,In Transit,Paid,PLT0003,2026-02-08 16:48:00,5,5
ORD102256,CUST01736,PROD03850,1,1187.36,20,28,1215.86,2026-07-16 01:05:00,In Transit,Failed,PLT0028,2026-07-25 01:05:00,1,1
ORD102257,CUST01393,PROD03291,4,1163.88,20,18,4394.81,2026-04-21 03:41:00,Placed,Paid,PLT0005,2026-04-27 03:41:00,4,4
ORD102258,CUST02198,PROD03139,4,8390.04,0,28,42957.0,2026-09-05 13:02:00,Shipped,Refunded,PLT0009,2026-09-18 13:02:00,4,4
ORD102259,CUST02983,PROD00381,5,1977.82,5,28,12025.15,2026-07-01 18:24:00,Placed,Paid,PLT0000,2026-07-14 18:24:00,5,5
ORD102260,CUST00950,PROD00430,4,1960.37,20,18,7402.36,2026-03-20 04:50:00,Delivered,Paid,PLT0000,2026-03-26 04:50:00,4,4
ORD102261,CUST03396,PROD01466,2,865.57,5,18,1940.61,2026-05-30 09:30:00,Returned,Paid,PLT0025,2026-06-12 09:30:00,2,2
ORD102262,CUST04046,PROD01312,1,14326.58,20,28,14670.42,2026-04-05 09:55:00,Shipped,Pending,PLT0007,2026-04-10 09:55:00,1,1
ORD102263,CUST04674,PROD00113,2,14881.19,5,5,29687.97,2026-08-08 12:26:00,Shipped,Paid,PLT0000,2026-08-22 12:26:00,2,2
ORD102264,CUST00732,PROD00204,4,14386.01,0,18,67901.97,2026-04-20 04:08:00,Placed,Refunded,PLT0002,2026-05-02 04:08:00,4,4
ORD102265,CUST04044,PROD02048,1,11353.58,0,12,12716.01,2026-04-13 10:53:00,Delivered,Failed,PLT0029,2026-04-26 10:53:00,1,1
ORD102266,CUST03688,PROD03524,2,1704.55,20,18,3218.19,2026-02-03 11:59:00,In Transit,Failed,PLT0006,2026-02-16 11:59:00,2,2
ORD102267,CUST03277,PROD02523,5,4859.39,10,12,24491.33,2026-09-11 21:47:00,Returned,Failed,PLT0008,2026-09-15 21:47:00,5,5
ORD102268,CUST01003,PROD01072,2,3813.36,5,18,8549.55,2026-08-30 20:45:00,Delivered,Pending,PLT0001,2026-09-11 20:45:00,2,2
ORD102269,CUST04695,PROD01780,4,13468.86,5,18,60394.37,2026-02-27 02:20:00,Delivered,Paid,PLT0001,2026-03-06 02:20:00,4,3
ORD102270,CUST03578,PROD04192,1,13977.46,10,28,16102.03,2026-05-22 07:32:00,Shipped,Paid,PLT0028,2026-05-27 07:32:00,1,1
ORD102271,CUST00065,PROD01367,5,11480.62,0,28,73475.97,2026-09-08 06:30:00,Returned,Paid,PLT0025,2026-09-13 06:30:00,5,5
ORD102272,CUST04026,PROD01119,1,4322.04,5,28,5255.6,2026-04-10 04:10:00,Packed,Pending,PLT0004,2026-04-24 04:10:00,1,1
ORD102273,CUST00700,PROD02034,5,15553.88,0,5,81657.87,2026-05-30 02:15:00,In Transit,Failed,PLT0006,2026-06-13 02:15:00,5,5
ORD102274,CUST00778,PROD02816,1,12367.87,5,28,15039.33,2026-05-14 03:06:00,Delivered,Pending,PLT0003,2026-05-18 03:06:00,1,1
ORD102275,CUST03870,PROD02618,4,4398.25,15,28,19141.18,2026-04-30 18:24:00,Cancelled,Pending,PLT0002,2026-05-09 18:24:00,4,2
ORD102276,CUST01153,PROD01481,5,13102.56,5,18,73439.85,2026-02-19 16:57:00,Returned,Paid,PLT0025,2026-02-22 16:57:00,5,5
ORD102277,CUST01224,PROD01156,3,12067.19,15,18,36310.17,2026-05-01 22:01:00,Delivered,Pending,PLT0002,2026-05-11 22:01:00,3,3
ORD102278,CUST01943,PROD00243,1,14645.34,20,5,12302.09,2026-03-10 09:30:00,Cancelled,Paid,PLT0003,2026-03-18 09:30:00,1,1
ORD102279,CUST01872,PROD04936,1,5690.23,0,12,6373.06,2026-08-20 13:25:00,Delivered,Paid,PLT0001,2026-08-26 13:25:00,1,1
ORD102280,CUST02673,PROD02547,2,1333.62,5,18,2989.98,2026-07-11 22:08:00,Shipped,Refunded,PLT0002,2026-07-24 22:08:00,2,2
ORD102281,CUST04629,PROD00831,5,3670.22,0,18,21654.3,2026-03-07 22:22:00,In Transit,Failed,PLT0009,2026-03-16 22:22:00,5,2
ORD102282,CUST01007,PROD01354,3,11630.6,0,12,39078.82,2026-04-14 23:06:00,Shipped,Failed,PLT0002,2026-04-22 23:06:00,3,3
ORD102283,CUST02040,PROD02130,4,6896.09,10,5,26067.22,2026-06-11 18:20:00,Delivered,Paid,PLT0003,2026-06-24 18:20:00,4,4
ORD102284,CUST01717,PROD02755,2,14687.02,0,18,34661.37,2026-07-03 23:23:00,Delivered,Paid,PLT0000,2026-07-16 23:23:00,2,2
ORD102285,CUST02961,PROD03289,3,14437.21,15,28,47123.05,2026-03-12 15:34:00,Packed,Paid,PLT0001,2026-03-24 15:34:00,3,3
ORD102286,CUST01690,PROD01524,5,1711.59,0,5,8985.85,2026-03-29 11:18:00,Placed,Paid,PLT0025,2026-04-10 11:18:00,5,3
ORD102287,CUST00675,PROD00890,3,3965.44,0,12,13323.88,2026-06-16 23:39:00,In Transit,Paid,PLT0000,2026-06-28 23:39:00,3,3
ORD102288,CUST03059,PROD01212,1,7276.05,0,12,8149.18,2026-02-11 23:34:00,Returned,Paid,PLT0025,2026-02-15 23:34:00,1,1
ORD102289,CUST02026,PROD00190,1,3944.45,5,28,4796.45,2026-05-16 05:59:00,Shipped,Failed,PLT0002,2026-05-19 05:59:00,1,1
ORD102290,CUST02886,PROD01388,2,2179.89,10,28,5022.47,2026-01-29 18:08:00,Packed,Failed,PLT0007,2026-02-02 18:08:00,2,2
ORD102291,CUST03538,PROD02958,5,13799.89,0,28,88319.3,2026-06-24 00:37:00,Packed,Paid,PLT0026,2026-06-28 00:37:00,5,5
ORD102292,CUST01373,PROD02113,5,3028.17,10,5,14308.1,2026-03-22 18:05:00,Returned,Refunded,PLT0008,2026-03-26 18:05:00,5,5
ORD102293,CUST04452,PROD00216,3,3871.26,15,12,11056.32,2026-05-19 07:11:00,Delivered,Paid,PLT0004,2026-06-01 07:11:00,3,3
ORD102294,CUST03772,PROD04727,2,14647.52,5,28,35622.77,2026-03-17 04:31:00,Shipped,Paid,PLT0027,2026-03-29 04:31:00,2,2
ORD102295,CUST01125,PROD02070,5,5349.42,20,28,27389.03,2026-08-06 09:20:00,Placed,Failed,PLT0006,2026-08-18 09:20:00,5,5
ORD102296,CUST02549,PROD00868,1,2991.66,5,12,3183.13,2026-05-05 15:59:00,Delivered,Refunded,PLT0004,2026-05-18 15:59:00,1,1
ORD102297,CUST02901,PROD00654,3,11951.49,0,18,42308.27,2026-06-04 03:00:00,Placed,Paid,PLT0027,2026-06-15 03:00:00,3,3
ORD102298,CUST00181,PROD01550,4,10166.11,0,5,42697.66,2026-07-20 20:23:00,Shipped,Paid,PLT0009,2026-07-23 20:23:00,4,4
ORD102299,CUST02234,PROD04663,1,7427.28,15,18,7449.56,2026-09-19 18:43:00,Delivered,Pending,PLT0001,2026-09-23 18:43:00,1,1
ORD102300,CUST00230,PROD03300,2,12879.65,20,28,26377.52,2026-02-27 20:34:00,Delivered,Refunded,PLT0000,2026-03-09 20:34:00,2,2
ORD102301,CUST04707,PROD02731,5,11983.37,5,5,59767.06,2026-04-05 20:29:00,Packed,Pending,PLT0004,2026-04-14 20:29:00,5,5
ORD102302,CUST02079,PROD02138,1,11729.79,20,18,11072.92,2026-06-03 19:48:00,In Transit,Paid,PLT0003,2026-06-13 19:48:00,1,1
ORD102303,CUST00849,PROD02852,4,3921.34,0,12,17567.6,2026-05-21 05:20:00,Placed,Paid,PLT0029,2026-06-04 05:20:00,4,4
ORD102304,CUST02183,PROD01305,4,11373.06,10,28,52407.06,2026-06-05 16:58:00,Delivered,Paid,PLT0000,2026-06-18 16:58:00,4,4
ORD102305,CUST03657,PROD02698,2,5057.64,5,5,10089.99,2026-05-03 23:39:00,Shipped,Paid,PLT0005,2026-05-15 23:39:00,2,2
ORD102306,CUST04067,PROD02566,1,4794.12,20,5,4027.06,2026-02-07 16:09:00,Delivered,Pending,PLT0008,2026-02-20 16:09:00,1,1
ORD102307,CUST00738,PROD00800,3,14766.74,0,5,46515.23,2026-02-22 17:12:00,Shipped,Paid,PLT0001,2026-02-27 17:12:00,3,3
ORD102308,CUST03516,PROD03643,1,7541.3,0,5,7918.36,2026-09-11 20:17:00,Delivered,Pending,PLT0025,2026-09-15 20:17:00,1,1
ORD102309,CUST04511,PROD03191,4,4992.95,10,28,23007.51,2026-04-27 18:39:00,Delivered,Pending,PLT0001,2026-05-09 18:39:00,4,4
ORD102310,CUST01359,PROD02618,2,4398.25,0,28,11259.52,2026-08-25 07:33:00,Cancelled,Paid,PLT0029,2026-09-08 07:33:00,2,2
ORD102311,CUST04357,PROD03406,2,12924.97,15,12,24609.14,2026-07-15 09:59:00,Cancelled,Paid,PLT0006,2026-07-29 09:59:00,2,1
ORD102312,CUST04997,PROD04592,3,3387.4,0,12,11381.66,2026-07-21 07:37:00,Placed,Refunded,PLT0029,2026-07-31 07:37:00,3,3
ORD102313,CUST04410,PROD01805,2,5659.28,20,12,10141.43,2026-03-20 13:58:00,Cancelled,Paid,PLT0025,2026-04-01 13:58:00,2,2
ORD102314,CUST01419,PROD03456,2,2759.98,15,18,5536.52,2026-08-13 17:55:00,Placed,Paid,PLT0009,2026-08-27 17:55:00,2,2
ORD102315,CUST00636,PROD02484,2,2464.86,0,12,5521.29,2026-07-24 09:02:00,In Transit,Refunded,PLT0008,2026-08-03 09:02:00,2,2
ORD102316,CUST04393,PROD04932,2,5538.91,0,28,14179.61,2026-03-16 00:42:00,Delivered,Pending,PLT0003,2026-03-22 00:42:00,2,2
ORD102317,CUST01054,PROD02651,2,3420.24,0,18,8071.77,2026-03-28 15:07:00,Delivered,Pending,PLT0007,2026-03-31 15:07:00,2,2
ORD102318,CUST02378,PROD00214,4,3664.88,15,28,15949.56,2026-05-23 20:06:00,Delivered,Refunded,PLT0005,2026-05-28 20:06:00,4,4
ORD102319,CUST02339,PROD04911,1,14162.21,0,18,16711.41,2026-06-29 11:38:00,Shipped,Pending,PLT0006,2026-07-12 11:38:00,1,1
ORD102320,CUST03164,PROD01448,5,13425.03,0,12,75180.17,2026-09-12 17:08:00,Packed,Paid,PLT0006,2026-09-22 17:08:00,5,5
ORD102321,CUST04485,PROD03340,2,10499.71,0,12,23519.35,2026-05-27 20:40:00,Delivered,Pending,PLT0000,2026-05-31 20:40:00,2,2
ORD102322,CUST01320,PROD01209,5,4449.66,15,12,21180.38,2026-03-21 01:02:00,Delivered,Failed,PLT0006,2026-04-03 01:02:00,5,5
ORD102323,CUST00793,PROD04189,5,11124.41,0,18,65634.02,2026-09-18 23:30:00,Delivered,Failed,PLT0026,2026-09-22 23:30:00,5,5
ORD102324,CUST03279,PROD03950,4,3816.62,10,28,17586.98,2026-07-22 06:28:00,Shipped,Refunded,PLT0027,2026-07-30 06:28:00,4,4
ORD102325,CUST01595,PROD03038,2,15686.86,20,5,26353.92,2026-07-31 07:51:00,Cancelled,Refunded,PLT0000,2026-08-04 07:51:00,2,1
ORD102326,CUST03076,PROD04023,5,10789.9,10,28,62149.82,2026-06-06 06:51:00,Delivered,Paid,PLT0004,2026-06-11 06:51:00,5,5
ORD102327,CUST01067,PROD01251,2,12763.94,15,12,24302.54,2026-02-26 22:55:00,Shipped,Refunded,PLT0025,2026-03-09 22:55:00,2,2
ORD102328,CUST04898,PROD00487,3,821.6,0,18,2908.46,2026-08-20 22:51:00,Packed,Pending,PLT0028,2026-09-02 22:51:00,3,3
ORD102329,CUST04000,PROD01570,3,7282.11,10,18,23200.8,2026-03-26 20:02:00,Delivered,Paid,PLT0002,2026-04-03 20:02:00,3,3
ORD102330,CUST00033,PROD00814,3,14740.39,20,12,39622.17,2026-07-06 19:35:00,Packed,Refunded,PLT0009,2026-07-17 19:35:00,3,3
ORD102331,CUST01737,PROD02350,5,260.09,5,18,1457.8,2026-01-29 18:57:00,Delivered,Paid,PLT0008,2026-02-07 18:57:00,5,5
ORD102332,CUST04286,PROD01610,3,8685.19,20,12,23345.79,2026-05-25 02:01:00,Cancelled,Paid,PLT0028,2026-05-29 02:01:00,3,3
ORD102333,CUST03534,PROD00083,4,5360.28,10,28,24700.17,2026-04-05 10:17:00,Delivered,Paid,PLT0006,2026-04-14 10:17:00,4,4
ORD102334,CUST02334,PROD03321,4,8818.86,5,18,39543.77,2026-05-28 05:37:00,Delivered,Paid,PLT0008,2026-06-09 05:37:00,4,4
ORD102335,CUST03598,PROD00829,5,11825.27,15,5,52770.27,2026-03-27 08:40:00,Packed,Paid,PLT0006,2026-04-06 08:40:00,5,5
ORD102336,CUST01890,PROD02453,2,8966.57,20,18,16928.88,2026-04-05 09:54:00,Placed,Paid,PLT0000,2026-04-12 09:54:00,2,2
ORD102337,CUST01160,PROD01937,1,4389.15,0,12,4915.85,2026-03-23 07:33:00,Delivered,Pending,PLT0001,2026-04-02 07:33:00,1,1
ORD102338,CUST01331,PROD01453,2,13914.59,5,5,27759.61,2026-02-11 04:10:00,Delivered,Failed,PLT0009,2026-02-16 04:10:00,2,1
ORD102339,CUST01784,PROD04180,2,4960.33,5,12,10555.58,2026-06-03 19:37:00,Delivered,Refunded,PLT0001,2026-06-17 19:37:00,2,2
ORD102340,CUST01140,PROD04100,2,541.85,20,18,1023.01,2026-09-21 23:33:00,Placed,Paid,PLT0009,2026-09-30 23:33:00,2,2
ORD102341,CUST01132,PROD03000,2,13954.48,10,5,26373.97,2026-02-20 04:31:00,Delivered,Refunded,PLT0026,2026-03-04 04:31:00,2,1
ORD102342,CUST02067,PROD04330,1,13047.75,5,5,13015.13,2026-07-25 10:39:00,Delivered,Paid,PLT0006,2026-08-06 10:39:00,1,1
ORD102343,CUST01301,PROD04731,3,2012.78,15,18,6056.46,2026-01-28 07:32:00,Delivered,Paid,PLT0006,2026-02-08 07:32:00,3,3
ORD102344,CUST03546,PROD02376,2,4477.56,20,5,7522.3,2026-03-04 01:19:00,Cancelled,Refunded,PLT0008,2026-03-09 01:19:00,2,2
ORD102345,CUST01639,PROD03710,4,15416.43,15,28,67092.3,2026-03-28 05:44:00,Returned,Paid,PLT0027,2026-04-09 05:44:00,4,4
ORD102346,CUST03711,PROD00321,5,8831.7,20,5,37093.14,2026-04-28 01:51:00,Shipped,Pending,PLT0028,2026-05-01 01:51:00,5,5
ORD102347,CUST04557,PROD04913,5,8598.49,15,5,38370.76,2026-02-19 02:47:00,Shipped,Pending,PLT0008,2026-02-24 02:47:00,5,5
ORD102348,CUST01760,PROD04776,4,13256.63,10,28,61086.55,2026-08-26 03:38:00,Delivered,Paid,PLT0004,2026-09-01 03:38:00,4,4
ORD102349,CUST03218,PROD00175,2,10357.25,20,12,18560.19,2026-08-29 21:00:00,Placed,Paid,PLT0008,2026-09-04 21:00:00,2,2
ORD102350,CUST04198,PROD03396,1,15937.91,0,12,17850.46,2026-02-13 03:25:00,Returned,Failed,PLT0003,2026-02-25 03:25:00,1,1
ORD102351,CUST00644,PROD04897,3,2438.9,10,28,8428.84,2026-09-05 08:28:00,Returned,Pending,PLT0007,2026-09-17 08:28:00,3,3
ORD102352,CUST01299,PROD04713,5,4179.69,15,5,18651.87,2026-08-06 21:46:00,Delivered,Paid,PLT0025,2026-08-17 21:46:00,5,5
ORD102353,CUST02789,PROD04483,3,8899.2,20,18,25202.53,2026-07-03 09:56:00,Delivered,Paid,PLT0004,2026-07-06 09:56:00,3,3
ORD102354,CUST02060,PROD00932,1,13374.39,10,28,15407.3,2026-02-05 04:57:00,Delivered,Paid,PLT0001,2026-02-12 04:57:00,1,1
ORD102355,CUST00853,PROD04522,5,9275.16,15,18,46514.93,2026-04-27 01:48:00,Packed,Pending,PLT0027,2026-05-10 01:48:00,5,5
ORD102356,CUST02406,PROD04638,3,10629.79,0,12,35716.09,2026-04-01 10:33:00,Packed,Paid,PLT0028,2026-04-10 10:33:00,3,3
ORD102357,CUST02805,PROD01054,1,12799.65,0,28,16383.55,2026-03-25 20:30:00,Returned,Refunded,PLT0027,2026-04-08 20:30:00,1,1
ORD102358,CUST01118,PROD01828,3,15497.97,5,18,52119.67,2026-06-13 12:28:00,Cancelled,Failed,PLT0007,2026-06-21 12:28:00,3,3
ORD102359,CUST04272,PROD03870,2,1213.72,0,5,2548.81,2026-05-19 21:27:00,Placed,Paid,PLT0009,2026-05-30 21:27:00,2,2
ORD102360,CUST03975,PROD00586,1,3917.32,0,28,5014.17,2026-03-09 07:04:00,Placed,Pending,PLT0006,2026-03-19 07:04:00,1,1
ORD102361,CUST04436,PROD00491,3,7343.94,15,18,22097.92,2026-03-05 16:09:00,Cancelled,Failed,PLT0002,2026-03-14 16:09:00,3,3
ORD102362,CUST02295,PROD02113,2,3028.17,10,28,6976.9,2026-05-29 11:59:00,Delivered,Refunded,PLT0006,2026-06-07 11:59:00,2,2
ORD102363,CUST03907,PROD02485,2,7455.54,20,28,15268.95,2026-06-10 21:19:00,Returned,Paid,PLT0009,2026-06-24 21:19:00,2,2
ORD102364,CUST02845,PROD04740,1,9978.16,10,12,10057.99,2026-03-30 09:56:00,Placed,Refunded,PLT0029,2026-04-04 09:56:00,1,1
ORD102365,CUST00061,PROD00483,4,7326.2,5,12,31180.31,2026-08-23 12:39:00,Placed,Failed,PLT0002,2026-09-06 12:39:00,4,2
ORD102366,CUST02274,PROD04055,5,12493.32,10,5,59030.94,2026-04-02 22:03:00,Delivered,Refunded,PLT0009,2026-04-09 22:03:00,5,5
ORD102367,CUST02115,PROD00788,1,6472.54,0,12,7249.24,2026-06-02 12:26:00,Packed,Pending,PLT0025,2026-06-16 12:26:00,1,1
ORD102368,CUST03815,PROD00857,2,680.14,10,12,1371.16,2026-07-20 05:48:00,Returned,Paid,PLT0000,2026-07-23 05:48:00,2,2
ORD102369,CUST02319,PROD01832,2,9668.92,0,12,21658.38,2026-04-22 20:09:00,Placed,Paid,PLT0028,2026-05-01 20:09:00,2,2
ORD102370,CUST00740,PROD03459,1,11183.46,0,18,13196.48,2026-04-07 08:26:00,Shipped,Paid,PLT0003,2026-04-15 08:26:00,1,1
ORD102371,CUST03628,PROD02080,4,12374.0,0,28,63354.88,2026-08-16 10:43:00,Placed,Failed,PLT0009,2026-08-30 10:43:00,4,4
ORD102372,CUST03476,PROD03473,5,9793.19,5,12,52099.77,2026-09-11 06:48:00,In Transit,Failed,PLT0005,2026-09-16 06:48:00,5,5
ORD102373,CUST02558,PROD04428,3,1640.75,15,18,4937.02,2026-07-18 02:43:00,Packed,Paid,PLT0027,2026-07-28 02:43:00,3,3
ORD102374,CUST01760,PROD00443,1,6049.91,0,28,7743.88,2026-07-09 17:43:00,Delivered,Failed,PLT0004,2026-07-19 17:43:00,1,1
ORD102375,CUST02238,PROD03154,5,6897.86,20,12,30902.41,2026-09-10 18:04:00,Delivered,Paid,PLT0027,2026-09-23 18:04:00,5,3
ORD102376,CUST02203,PROD04363,5,12241.71,5,12,65125.9,2026-05-16 07:39:00,Delivered,Refunded,PLT0005,2026-05-29 07:39:00,5,5
ORD102377,CUST00639,PROD04324,2,7751.32,15,28,16866.87,2026-04-02 13:23:00,Cancelled,Refunded,PLT0002,2026-04-08 13:23:00,2,2
ORD102378,CUST00029,PROD03826,3,1445.54,20,18,4093.77,2026-04-26 21:57:00,Cancelled,Paid,PLT0006,2026-05-05 21:57:00,3,3
ORD102379,CUST02820,PROD04217,1,760.11,10,18,807.24,2026-05-18 09:32:00,Delivered,Refunded,PLT0026,2026-05-22 09:32:00,1,1
ORD102380,CUST03754,PROD02574,2,7674.35,5,5,15310.33,2026-08-29 08:40:00,Shipped,Pending,PLT0003,2026-09-09 08:40:00,2,2
ORD102381,CUST04803,PROD04415,2,6630.54,20,28,13579.35,2026-02-25 10:36:00,Packed,Pending,PLT0000,2026-03-03 10:36:00,2,2
ORD102382,CUST02454,PROD00211,4,8823.87,5,5,35207.24,2026-03-23 02:45:00,Delivered,Paid,PLT0027,2026-03-30 02:45:00,4,2
ORD102383,CUST00276,PROD01552,5,9664.63,5,18,54170.25,2026-07-07 08:23:00,In Transit,Refunded,PLT0029,2026-07-13 08:23:00,5,5
ORD102384,CUST03168,PROD04906,1,2669.94,10,12,2691.3,2026-09-25 17:07:00,Delivered,Paid,PLT0026,2026-10-01 17:07:00,1,1
ORD102385,CUST02636,PROD00824,1,6429.88,10,5,6076.24,2026-03-20 07:56:00,Shipped,Paid,PLT0008,2026-03-29 07:56:00,1,1
ORD102386,CUST01496,PROD01166,1,13104.68,5,18,14690.35,2026-05-11 10:12:00,Delivered,Paid,PLT0005,2026-05-17 10:12:00,1,1
ORD102387,CUST02866,PROD03774,2,11753.7,20,18,22190.99,2026-05-15 17:50:00,Delivered,Failed,PLT0028,2026-05-24 17:50:00,2,2
ORD102388,CUST01778,PROD03965,4,278.71,0,12,1248.62,2026-09-10 23:31:00,Delivered,Failed,PLT0029,2026-09-24 23:31:00,4,4
ORD102389,CUST01447,PROD00305,3,11643.85,0,28,44712.38,2026-03-22 17:25:00,Delivered,Pending,PLT0000,2026-04-02 17:25:00,3,3
ORD102390,CUST04744,PROD02756,2,4718.02,10,18,10021.07,2026-03-22 02:35:00,Placed,Paid,PLT0026,2026-03-29 02:35:00,2,1
ORD102391,CUST02022,PROD01566,3,6836.44,0,5,21534.79,2026-07-03 14:46:00,Cancelled,Paid,PLT0006,2026-07-07 14:46:00,3,3
ORD102392,CUST01051,PROD04435,4,1255.49,10,12,5062.14,2026-06-04 23:54:00,Delivered,Paid,PLT0025,2026-06-15 23:54:00,4,2
ORD102393,CUST02197,PROD04093,5,7707.6,5,28,46862.21,2026-08-25 19:35:00,Delivered,Pending,PLT0000,2026-09-07 19:35:00,5,5
ORD102394,CUST02449,PROD02727,1,1143.55,0,28,1463.74,2026-03-02 04:23:00,Delivered,Paid,PLT0001,2026-03-08 04:23:00,1,1
ORD102395,CUST02201,PROD00622,3,3427.65,20,28,10529.74,2026-08-11 07:22:00,Cancelled,Paid,PLT0004,2026-08-20 07:22:00,3,2
ORD102396,CUST04405,PROD04154,2,5768.88,20,18,10891.65,2026-05-31 03:52:00,Returned,Pending,PLT0009,2026-06-03 03:52:00,2,1
ORD102397,CUST01901,PROD02793,3,9154.68,15,28,29880.88,2026-08-22 15:24:00,Returned,Paid,PLT0009,2026-08-30 15:24:00,3,3
ORD102398,CUST02276,PROD01739,5,5946.37,0,18,35083.58,2026-02-02 09:34:00,Packed,Failed,PLT0001,2026-02-08 09:34:00,5,5
ORD102399,CUST03066,PROD02062,1,8247.79,0,12,9237.52,2026-09-02 04:11:00,Delivered,Paid,PLT0005,2026-09-13 04:11:00,1,1
ORD102400,CUST00973,PROD01479,3,12784.24,10,12,38659.54,2026-04-05 16:41:00,Delivered,Pending,PLT0008,2026-04-10 16:41:00,3,3
ORD102401,CUST04725,PROD04731,5,2012.78,0,28,12881.79,2026-03-01 06:29:00,In Transit,Refunded,PLT0027,2026-03-07 06:29:00,5,5
ORD102402,CUST04811,PROD03699,2,14936.96,15,12,28439.97,2026-05-27 03:17:00,Returned,Refunded,PLT0027,2026-06-02 03:17:00,2,2
ORD102403,CUST03024,PROD00441,4,1447.92,20,5,4865.01,2026-06-20 22:54:00,Cancelled,Refunded,PLT0002,2026-06-30 22:54:00,4,4
ORD102404,CUST02616,PROD01884,2,12200.83,0,5,25621.74,2026-07-31 20:59:00,Cancelled,Pending,PLT0001,2026-08-09 20:59:00,2,2
ORD102405,CUST00043,PROD04657,1,13398.43,0,18,15810.15,2026-03-27 04:26:00,Delivered,Refunded,PLT0028,2026-04-05 04:26:00,1,1
ORD102406,CUST04507,PROD03790,2,15690.03,20,28,32133.18,2026-02-01 10:52:00,Packed,Paid,PLT0004,2026-02-09 10:52:00,2,2
ORD102407,CUST04946,PROD04044,2,9947.3,5,18,22301.85,2026-07-21 12:48:00,Delivered,Pending,PLT0008,2026-08-01 12:48:00,2,2
ORD102408,CUST03683,PROD01664,2,8000.72,20,12,14337.29,2026-09-05 20:02:00,Shipped,Paid,PLT0028,2026-09-11 20:02:00,2,2
ORD102409,CUST03956,PROD01901,2,8911.2,0,28,22812.67,2026-07-07 08:54:00,Delivered,Failed,PLT0002,2026-07-15 08:54:00,2,2
ORD102410,CUST02607,PROD04210,1,1005.73,10,18,1068.09,2026-05-09 19:11:00,Returned,Failed,PLT0028,2026-05-21 19:11:00,1,1
ORD102411,CUST02162,PROD00027,5,3273.81,15,28,17809.53,2026-06-18 13:52:00,Placed,Pending,PLT0007,2026-06-29 13:52:00,5,5
ORD102412,CUST04048,PROD00251,3,4780.74,20,28,14686.43,2026-08-10 09:53:00,Cancelled,Failed,PLT0008,2026-08-16 09:53:00,3,3
ORD102413,CUST01117,PROD02071,4,12131.35,5,18,54396.97,2026-04-01 23:35:00,Delivered,Refunded,PLT0002,2026-04-13 23:35:00,4,4
ORD102414,CUST04455,PROD00741,3,7455.61,10,28,25766.59,2026-05-13 15:34:00,Shipped,Paid,PLT0026,2026-05-23 15:34:00,3,3
ORD102415,CUST00991,PROD02099,3,12785.84,20,12,34368.34,2026-06-09 10:38:00,Shipped,Refunded,PLT0027,2026-06-13 10:38:00,3,3
ORD102416,CUST02640,PROD01587,4,11151.8,10,5,42153.8,2026-02-18 10:37:00,Packed,Paid,PLT0028,2026-02-23 10:37:00,4,4
ORD102417,CUST03691,PROD01352,1,9299.94,20,5,7811.95,2026-05-10 15:58:00,Shipped,Failed,PLT0001,2026-05-23 15:58:00,1,1
ORD102418,CUST00227,PROD03423,4,12219.61,10,28,56307.96,2026-07-15 18:20:00,Placed,Pending,PLT0008,2026-07-29 18:20:00,4,4
ORD102419,CUST03506,PROD02560,1,8058.93,0,5,8461.88,2026-03-27 05:55:00,In Transit,Refunded,PLT0029,2026-04-10 05:55:00,1,1
ORD102420,CUST03470,PROD02465,3,9967.5,10,28,34447.68,2026-04-13 22:47:00,Cancelled,Paid,PLT0006,2026-04-16 22:47:00,3,3
ORD102421,CUST01458,PROD01010,1,7880.86,0,18,9299.41,2026-02-26 09:43:00,In Transit,Pending,PLT0005,2026-03-07 09:43:00,1,1
ORD102422,CUST02837,PROD00066,5,8727.87,0,12,48876.07,2026-04-29 09:48:00,Delivered,Pending,PLT0005,2026-05-11 09:48:00,5,5
ORD102423,CUST00005,PROD02163,4,5701.76,0,5,23947.39,2026-06-09 14:37:00,Placed,Refunded,PLT0008,2026-06-21 14:37:00,4,4
ORD102424,CUST00849,PROD01093,5,9762.02,10,18,51836.33,2026-06-11 08:56:00,Placed,Failed,PLT0001,2026-06-15 08:56:00,5,5
ORD102425,CUST03513,PROD01682,3,15611.2,15,12,44585.59,2026-08-16 21:16:00,Packed,Failed,PLT0028,2026-08-28 21:16:00,3,3
ORD102426,CUST01420,PROD01156,4,12067.19,15,5,43079.87,2026-08-15 14:22:00,Delivered,Paid,PLT0004,2026-08-20 14:22:00,4,4
ORD102427,CUST01534,PROD00115,3,10170.12,0,5,32035.88,2026-05-07 00:06:00,Delivered,Paid,PLT0025,2026-05-19 00:06:00,3,3
ORD102428,CUST00216,PROD00275,5,8229.34,10,12,41475.87,2026-06-03 10:20:00,Shipped,Refunded,PLT0009,2026-06-13 10:20:00,5,5
ORD102429,CUST02464,PROD04519,3,3220.08,0,18,11399.08,2026-02-09 14:56:00,In Transit,Paid,PLT0005,2026-02-21 14:56:00,3,1
ORD102430,CUST01599,PROD03169,4,12253.61,15,18,49161.48,2026-07-05 12:30:00,Shipped,Paid,PLT0002,2026-07-14 12:30:00,4,4
ORD102431,CUST03675,PROD02985,4,8787.24,20,5,29525.13,2026-02-25 00:08:00,In Transit,Paid,PLT0007,2026-03-09 00:08:00,4,4
ORD102432,CUST03634,PROD04477,3,6751.39,5,12,21550.44,2026-04-07 19:53:00,Shipped,Paid,PLT0000,2026-04-16 19:53:00,3,2
ORD102433,CUST01024,PROD03074,4,4409.43,10,18,18731.26,2026-04-05 16:01:00,Packed,Pending,PLT0001,2026-04-14 16:01:00,4,4
ORD102434,CUST02123,PROD01426,4,15444.39,20,12,55352.69,2026-09-09 01:21:00,Delivered,Pending,PLT0006,2026-09-15 01:21:00,4,3
ORD102435,CUST02337,PROD01557,3,9813.6,20,12,26378.96,2026-09-04 16:23:00,Shipped,Refunded,PLT0009,2026-09-14 16:23:00,3,3
ORD102436,CUST04489,PROD01829,5,12798.56,10,5,60473.2,2026-06-21 07:02:00,Placed,Paid,PLT0006,2026-06-28 07:02:00,5,5
ORD102437,CUST03899,PROD02127,4,10190.27,5,12,43369.79,2026-07-26 05:05:00,Delivered,Paid,PLT0025,2026-08-05 05:05:00,4,4
ORD102438,CUST01352,PROD04603,4,14556.12,15,12,55429.7,2026-03-30 22:50:00,Packed,Paid,PLT0006,2026-04-04 22:50:00,4,4
ORD102439,CUST02309,PROD03981,4,13333.58,5,28,64854.53,2026-03-08 07:50:00,Cancelled,Pending,PLT0028,2026-03-17 07:50:00,4,2
ORD102440,CUST04244,PROD04292,4,1359.56,0,12,6090.83,2026-05-01 09:33:00,In Transit,Paid,PLT0026,2026-05-09 09:33:00,4,4
ORD102441,CUST02051,PROD00549,3,8371.89,0,18,29636.49,2026-05-24 00:49:00,Delivered,Paid,PLT0006,2026-06-05 00:49:00,3,2
ORD102442,CUST04788,PROD01877,5,9485.53,0,5,49799.03,2026-08-11 23:29:00,In Transit,Paid,PLT0001,2026-08-25 23:29:00,5,5
ORD102443,CUST01060,PROD02445,5,7102.02,20,5,29828.48,2026-03-02 21:11:00,Returned,Refunded,PLT0001,2026-03-09 21:11:00,5,5
ORD102444,CUST03520,PROD01370,1,3875.94,15,12,3689.89,2026-02-02 03:56:00,Delivered,Refunded,PLT0025,2026-02-12 03:56:00,1,1
ORD102445,CUST00960,PROD00764,4,11927.75,5,12,50764.5,2026-08-01 12:59:00,In Transit,Pending,PLT0004,2026-08-08 12:59:00,4,4
ORD102446,CUST02855,PROD00522,4,6155.16,20,18,23241.88,2026-03-01 03:15:00,Placed,Failed,PLT0007,2026-03-15 03:15:00,4,2
ORD102447,CUST01409,PROD02333,1,9699.35,10,28,11173.65,2026-07-29 17:34:00,Cancelled,Paid,PLT0005,2026-08-05 17:34:00,1,1
ORD102448,CUST04251,PROD03588,5,12221.91,20,5,51332.02,2026-06-12 07:12:00,Packed,Paid,PLT0003,2026-06-15 07:12:00,5,5
ORD102449,CUST01948,PROD02316,2,2189.68,10,28,5045.02,2026-02-18 05:42:00,Returned,Refunded,PLT0025,2026-03-01 05:42:00,2,2
ORD102450,CUST00048,PROD03251,2,8565.81,10,18,18193.78,2026-02-28 04:42:00,Delivered,Pending,PLT0005,2026-03-03 04:42:00,2,2
ORD102451,CUST02644,PROD03840,5,10972.48,0,5,57605.52,2026-04-24 19:29:00,Delivered,Paid,PLT0000,2026-05-03 19:29:00,5,5
ORD102452,CUST03482,PROD02580,4,10399.3,0,18,49084.7,2026-05-05 17:33:00,Delivered,Pending,PLT0009,2026-05-19 17:33:00,4,4
ORD102453,CUST04502,PROD03985,2,13094.15,10,12,26397.81,2026-05-27 08:43:00,Placed,Refunded,PLT0008,2026-06-01 08:43:00,2,2
ORD102454,CUST01094,PROD01798,3,1245.14,15,18,3746.63,2026-07-12 08:48:00,Placed,Paid,PLT0028,2026-07-20 08:48:00,3,3
ORD102455,CUST00421,PROD01385,3,10541.11,0,12,35418.13,2026-08-13 14:39:00,In Transit,Paid,PLT0007,2026-08-26 14:39:00,3,3
ORD102456,CUST04585,PROD02595,1,2370.73,0,28,3034.53,2026-06-02 20:01:00,Delivered,Pending,PLT0026,2026-06-16 20:01:00,1,1
ORD102457,CUST00386,PROD00693,5,8170.01,0,5,42892.55,2026-05-02 13:06:00,Packed,Paid,PLT0001,2026-05-10 13:06:00,5,5
ORD102458,CUST04168,PROD02051,5,7385.98,20,5,31021.12,2026-06-24 15:24:00,Delivered,Pending,PLT0028,2026-07-08 15:24:00,5,5
ORD102459,CUST01439,PROD00893,2,13299.5,0,28,34046.72,2026-03-15 10:26:00,Placed,Paid,PLT0003,2026-03-26 10:26:00,2,2
ORD102460,CUST00175,PROD02731,4,11983.37,15,12,45632.67,2026-07-23 08:50:00,In Transit,Failed,PLT0003,2026-08-05 08:50:00,4,4
ORD102461,CUST03883,PROD03439,5,14857.1,0,5,77999.77,2026-06-01 02:35:00,In Transit,Pending,PLT0005,2026-06-04 02:35:00,5,5
ORD102462,CUST04115,PROD00574,2,9990.18,0,18,23576.82,2026-09-15 15:56:00,In Transit,Pending,PLT0004,2026-09-18 15:56:00,2,2
ORD102463,CUST00036,PROD03739,2,12085.5,5,12,25717.94,2026-02-02 00:49:00,Packed,Refunded,PLT0028,2026-02-06 00:49:00,2,2
ORD102464,CUST04866,PROD01556,5,3470.51,15,5,15487.15,2026-02-07 06:55:00,In Transit,Paid,PLT0026,2026-02-21 06:55:00,5,3
ORD102465,CUST04109,PROD00707,2,5224.43,20,18,9863.72,2026-05-26 08:53:00,In Transit,Paid,PLT0001,2026-05-29 08:53:00,2,2
ORD102466,CUST04215,PROD01455,1,582.15,20,18,549.55,2026-05-24 21:36:00,Delivered,Paid,PLT0005,2026-05-27 21:36:00,1,1
ORD102467,CUST01495,PROD02293,1,3390.18,20,5,2847.75,2026-04-29 05:07:00,Placed,Pending,PLT0026,2026-05-03 05:07:00,1,1
ORD102468,CUST01402,PROD01853,5,13794.78,15,28,75043.6,2026-02-24 14:43:00,Delivered,Paid,PLT0004,2026-03-07 14:43:00,5,2
ORD102469,CUST00295,PROD01226,4,10251.56,5,28,49863.59,2026-07-08 18:19:00,Cancelled,Failed,PLT0002,2026-07-20 18:19:00,4,4
ORD102470,CUST04754,PROD00949,1,13993.85,5,5,13958.87,2026-05-05 17:23:00,Shipped,Failed,PLT0002,2026-05-18 17:23:00,1,1
ORD102471,CUST01060,PROD04762,1,15790.65,0,18,18632.97,2026-06-21 17:07:00,Placed,Paid,PLT0003,2026-06-25 17:07:00,1,1
ORD102472,CUST02920,PROD03754,5,11086.79,15,28,60312.14,2026-08-12 15:29:00,Cancelled,Pending,PLT0009,2026-08-21 15:29:00,5,5
ORD102473,CUST01450,PROD04690,3,15613.88,15,28,50963.7,2026-09-15 23:41:00,In Transit,Paid,PLT0008,2026-09-27 23:41:00,3,3
ORD102474,CUST00943,PROD01261,2,4376.0,5,28,10642.43,2026-08-14 05:17:00,Packed,Pending,PLT0004,2026-08-28 05:17:00,2,2
ORD102475,CUST00033,PROD02071,1,12131.35,10,12,12228.4,2026-04-10 12:40:00,Packed,Paid,PLT0003,2026-04-20 12:40:00,1,1
ORD102476,CUST04861,PROD03881,3,8087.59,10,28,27950.71,2026-01-28 00:15:00,Delivered,Failed,PLT0007,2026-02-03 00:15:00,3,3
ORD102477,CUST02243,PROD03265,4,12703.85,0,5,53356.17,2026-07-18 08:53:00,Delivered,Paid,PLT0002,2026-07-27 08:53:00,4,4
ORD102478,CUST01182,PROD00936,3,4428.69,10,5,12555.34,2026-08-14 22:58:00,Cancelled,Failed,PLT0029,2026-08-23 22:58:00,3,3
ORD102479,CUST01602,PROD03789,5,1986.47,10,12,10011.81,2026-06-05 16:55:00,Delivered,Failed,PLT0007,2026-06-13 16:55:00,5,5
ORD102480,CUST02831,PROD02244,4,15926.46,10,12,64215.49,2026-06-19 06:58:00,Shipped,Refunded,PLT0000,2026-06-24 06:58:00,4,3
ORD102481,CUST02124,PROD00398,4,6920.01,0,5,29064.04,2026-05-11 22:36:00,In Transit,Pending,PLT0029,2026-05-22 22:36:00,4,4
ORD102482,CUST04024,PROD01872,3,3493.83,0,12,11739.27,2026-03-07 06:49:00,Returned,Refunded,PLT0008,2026-03-16 06:49:00,3,2
ORD102483,CUST04628,PROD02683,5,332.62,5,28,2022.33,2026-07-18 19:45:00,Delivered,Paid,PLT0025,2026-07-23 19:45:00,5,5
ORD102484,CUST00672,PROD01674,1,12913.21,10,18,13713.83,2026-04-20 03:22:00,Delivered,Paid,PLT0000,2026-04-28 03:22:00,1,1
ORD102485,CUST01734,PROD00307,3,8308.18,20,18,23528.77,2026-05-27 03:32:00,Returned,Paid,PLT0005,2026-06-08 03:32:00,3,2
ORD102486,CUST00407,PROD00321,1,8831.7,0,18,10421.41,2026-06-17 01:30:00,Shipped,Paid,PLT0006,2026-06-25 01:30:00,1,1
ORD102487,CUST01285,PROD02722,3,12551.85,10,5,35584.49,2026-07-06 17:52:00,Delivered,Paid,PLT0006,2026-07-19 17:52:00,3,3
ORD102488,CUST04014,PROD03143,1,9391.74,0,12,10518.75,2026-01-28 04:24:00,In Transit,Failed,PLT0002,2026-02-11 04:24:00,1,1
ORD102489,CUST04760,PROD04266,3,7127.33,0,18,25230.75,2026-05-03 06:46:00,Placed,Failed,PLT0026,2026-05-15 06:46:00,3,3
ORD102490,CUST01071,PROD02220,4,1889.03,20,28,7737.47,2026-05-01 20:25:00,Packed,Paid,PLT0004,2026-05-08 20:25:00,4,4
ORD102491,CUST04813,PROD01015,2,11317.65,20,28,23178.55,2026-05-26 01:39:00,Delivered,Failed,PLT0000,2026-05-31 01:39:00,2,1
ORD102492,CUST04754,PROD03678,4,6137.05,20,28,25137.36,2026-04-23 05:57:00,Packed,Paid,PLT0002,2026-04-26 05:57:00,4,4
ORD102493,CUST00093,PROD01279,1,2364.68,10,12,2383.6,2026-06-25 07:27:00,Returned,Pending,PLT0005,2026-06-30 07:27:00,1,1
ORD102494,CUST01373,PROD04009,5,10906.19,0,18,64346.52,2026-07-11 20:23:00,Placed,Paid,PLT0005,2026-07-15 20:23:00,5,3
ORD102495,CUST02582,PROD01723,4,4921.07,20,28,20156.7,2026-03-15 03:12:00,In Transit,Paid,PLT0026,2026-03-21 03:12:00,4,4
ORD102496,CUST00712,PROD02221,2,11287.61,15,12,21491.61,2026-03-26 14:28:00,Placed,Paid,PLT0007,2026-04-04 14:28:00,2,1
ORD102497,CUST00187,PROD00457,1,279.52,15,28,304.12,2026-08-10 15:34:00,In Transit,Paid,PLT0005,2026-08-16 15:34:00,1,1
ORD102498,CUST00127,PROD03204,4,13754.19,0,18,64919.78,2026-02-26 14:17:00,Returned,Paid,PLT0003,2026-03-11 14:17:00,4,4
ORD102499,CUST01375,PROD04629,3,10366.03,10,18,33026.17,2026-02-03 20:56:00,Cancelled,Paid,PLT0007,2026-02-12 20:56:00,3,3
ORD102500,CUST01388,PROD04018,5,14340.47,10,18,76147.9,2026-02-15 07:27:00,Delivered,Paid,PLT0005,2026-02-27 07:27:00,5,5
ORD102501,CUST03926,PROD02702,1,15617.62,0,18,18428.79,2026-09-24 16:14:00,Shipped,Paid,PLT0006,2026-09-29 16:14:00,1,1
ORD102502,CUST04897,PROD02153,4,11420.02,0,18,53902.49,2026-07-18 11:32:00,Delivered,Paid,PLT0002,2026-07-26 11:32:00,4,4
ORD102503,CUST04600,PROD00958,1,845.76,20,28,866.06,2026-09-14 01:59:00,In Transit,Paid,PLT0028,2026-09-26 01:59:00,1,1
ORD102504,CUST01116,PROD01862,3,10531.97,5,18,35419.02,2026-06-09 20:12:00,Delivered,Paid,PLT0005,2026-06-17 20:12:00,3,3
ORD102505,CUST02959,PROD01492,2,6033.7,0,28,15446.27,2026-06-09 04:47:00,Placed,Paid,PLT0026,2026-06-16 04:47:00,2,1
ORD102506,CUST03798,PROD03145,4,4373.77,10,18,18579.77,2026-05-10 15:29:00,Delivered,Paid,PLT0000,2026-05-21 15:29:00,4,4
ORD102507,CUST04688,PROD01589,1,6907.37,5,28,8399.36,2026-07-26 07:56:00,Delivered,Paid,PLT0027,2026-08-09 07:56:00,1,1
ORD102508,CUST04675,PROD00046,1,10633.1,0,18,12547.06,2026-09-18 01:35:00,Cancelled,Paid,PLT0000,2026-09-30 01:35:00,1,1
ORD102509,CUST04199,PROD00843,1,2929.77,0,28,3750.11,2026-07-25 08:06:00,Delivered,Failed,PLT0027,2026-08-05 08:06:00,1,1
ORD102510,CUST04305,PROD02621,2,12643.03,15,18,25361.92,2026-09-24 02:32:00,Delivered,Paid,PLT0001,2026-10-02 02:32:00,2,2
ORD102511,CUST02029,PROD00450,1,1426.66,0,12,1597.86,2026-08-13 21:25:00,Packed,Paid,PLT0027,2026-08-17 21:25:00,1,1
ORD102512,CUST02728,PROD04518,5,14354.54,0,28,91869.06,2026-06-22 22:25:00,Delivered,Pending,PLT0027,2026-06-28 22:25:00,5,3
ORD102513,CUST02054,PROD04741,5,11526.62,0,12,64549.07,2026-08-24 19:35:00,Delivered,Paid,PLT0025,2026-09-01 19:35:00,5,5
ORD102514,CUST01735,PROD01080,1,15203.38,10,28,17514.29,2026-09-09 11:45:00,Returned,Refunded,PLT0029,2026-09-23 11:45:00,1,1
ORD102515,CUST01384,PROD01078,5,10905.39,20,28,55835.6,2026-07-09 22:39:00,In Transit,Failed,PLT0027,2026-07-15 22:39:00,5,5
ORD102516,CUST03533,PROD04132,4,3563.47,0,28,18244.97,2026-07-15 11:42:00,Shipped,Paid,PLT0003,2026-07-23 11:42:00,4,4
ORD102517,CUST00279,PROD01656,5,14996.63,20,5,62985.85,2026-04-22 07:40:00,Shipped,Paid,PLT0001,2026-05-01 07:40:00,5,5
ORD102518,CUST01901,PROD00368,1,14494.08,0,18,17103.01,2026-04-21 23:12:00,Packed,Failed,PLT0003,2026-05-05 23:12:00,1,1
ORD102519,CUST01460,PROD04838,3,6673.91,10,12,20181.9,2026-08-28 08:38:00,Returned,Failed,PLT0005,2026-09-05 08:38:00,3,1
ORD102520,CUST01399,PROD01243,4,12356.66,5,12,52589.94,2026-08-13 14:57:00,Packed,Paid,PLT0026,2026-08-26 14:57:00,4,2
ORD102521,CUST02455,PROD01185,2,1728.9,0,28,4425.98,2026-03-31 23:56:00,Shipped,Pending,PLT0028,2026-04-12 23:56:00,2,1
ORD102522,CUST00403,PROD00619,1,12917.6,0,12,14467.71,2026-06-01 12:37:00,Returned,Paid,PLT0004,2026-06-15 12:37:00,1,1
ORD102523,CUST04514,PROD01840,2,3670.39,5,12,7810.59,2026-09-19 14:23:00,Placed,Refunded,PLT0000,2026-09-25 14:23:00,2,2
ORD102524,CUST00037,PROD01695,3,5942.8,15,12,16972.64,2026-04-08 16:40:00,Packed,Failed,PLT0026,2026-04-20 16:40:00,3,3
ORD102525,CUST03833,PROD03807,2,6955.62,5,12,14801.56,2026-06-02 06:53:00,Packed,Refunded,PLT0025,2026-06-10 06:53:00,2,2
ORD102526,CUST03880,PROD00251,1,4780.74,0,5,5019.78,2026-07-14 21:51:00,Cancelled,Failed,PLT0003,2026-07-27 21:51:00,1,1
ORD102527,CUST00264,PROD02073,1,3356.61,5,28,4081.64,2026-05-28 08:59:00,Cancelled,Pending,PLT0008,2026-06-11 08:59:00,1,1
ORD102528,CUST00103,PROD02638,3,12199.5,0,12,40990.32,2026-09-06 00:37:00,Placed,Paid,PLT0027,2026-09-12 00:37:00,3,2
ORD102529,CUST01909,PROD00341,1,7915.69,0,5,8311.47,2026-07-26 17:04:00,Packed,Pending,PLT0001,2026-07-31 17:04:00,1,1
ORD102530,CUST03942,PROD01775,3,12610.76,10,5,35751.5,2026-05-15 08:22:00,Returned,Paid,PLT0028,2026-05-27 08:22:00,3,3
ORD102531,CUST04376,PROD04213,3,8754.08,15,28,28573.32,2026-01-31 19:18:00,Shipped,Paid,PLT0002,2026-02-11 19:18:00,3,3
ORD102532,CUST00853,PROD03356,1,1322.85,10,18,1404.87,2026-05-11 16:07:00,Cancelled,Paid,PLT0007,2026-05-25 16:07:00,1,1
ORD102533,CUST04020,PROD00132,5,3630.51,10,18,19278.01,2026-04-28 18:22:00,Cancelled,Failed,PLT0008,2026-05-01 18:22:00,5,5
ORD102534,CUST00867,PROD04066,3,1734.2,10,18,5525.16,2026-08-25 19:08:00,Packed,Paid,PLT0002,2026-09-08 19:08:00,3,2
ORD102535,CUST02844,PROD01347,1,5599.37,0,12,6271.29,2026-07-26 07:17:00,Cancelled,Paid,PLT0004,2026-07-29 07:17:00,1,1
ORD102536,CUST00404,PROD02448,5,3193.52,0,28,20438.53,2026-08-25 00:03:00,Delivered,Refunded,PLT0026,2026-09-03 00:03:00,5,5
ORD102537,CUST03112,PROD01589,3,6907.37,15,18,20784.28,2026-09-05 03:25:00,Delivered,Paid,PLT0026,2026-09-18 03:25:00,3,3
ORD102538,CUST04441,PROD00286,5,670.48,0,12,3754.69,2026-05-23 15:03:00,Cancelled,Paid,PLT0001,2026-05-26 15:03:00,5,2
ORD102539,CUST02686,PROD03361,4,12759.24,20,28,52261.85,2026-04-11 22:57:00,Returned,Paid,PLT0000,2026-04-24 22:57:00,4,4
ORD102540,CUST01216,PROD01143,4,10879.46,0,12,48739.98,2026-03-09 08:44:00,Delivered,Paid,PLT0004,2026-03-18 08:44:00,4,4
ORD102541,CUST02406,PROD04128,5,15139.2,0,18,89321.28,2026-07-30 19:36:00,Returned,Paid,PLT0006,2026-08-06 19:36:00,5,5
ORD102542,CUST03124,PROD03748,3,6637.04,0,18,23495.12,2026-08-14 06:03:00,Cancelled,Failed,PLT0027,2026-08-18 06:03:00,3,1
ORD102543,CUST00111,PROD01538,1,10928.77,0,5,11475.21,2026-03-23 03:44:00,Delivered,Refunded,PLT0003,2026-03-31 03:44:00,1,1
ORD102544,CUST04148,PROD02248,2,13317.84,15,5,23772.34,2026-08-02 18:46:00,Delivered,Paid,PLT0005,2026-08-10 18:46:00,2,2
ORD102545,CUST04179,PROD02745,1,9995.38,20,28,10235.27,2026-04-09 08:36:00,Packed,Paid,PLT0003,2026-04-22 08:36:00,1,1
ORD102546,CUST04605,PROD01012,2,15802.92,0,12,35398.54,2026-09-15 00:20:00,Shipped,Paid,PLT0006,2026-09-20 00:20:00,2,2
ORD102547,CUST04797,PROD01133,2,1387.63,15,12,2642.05,2026-02-20 17:40:00,Packed,Paid,PLT0003,2026-02-23 17:40:00,2,2
ORD102548,CUST03025,PROD04698,3,8172.35,5,18,27483.61,2026-06-21 08:52:00,Cancelled,Paid,PLT0008,2026-06-26 08:52:00,3,3
ORD102549,CUST04718,PROD03025,5,998.71,0,18,5892.39,2026-04-27 15:43:00,Cancelled,Paid,PLT0025,2026-05-10 15:43:00,5,5
ORD102550,CUST01325,PROD00958,1,845.76,0,28,1082.57,2026-02-06 19:42:00,Delivered,Paid,PLT0003,2026-02-12 19:42:00,1,1
ORD102551,CUST00410,PROD03618,5,13536.42,20,5,56852.96,2026-02-28 08:49:00,Delivered,Pending,PLT0007,2026-03-13 08:49:00,5,5
ORD102552,CUST04435,PROD01196,4,13956.44,0,18,65874.4,2026-02-18 19:50:00,Delivered,Paid,PLT0005,2026-02-25 19:50:00,4,4
ORD102553,CUST02676,PROD04399,3,2800.2,20,12,7526.94,2026-02-06 10:42:00,Packed,Paid,PLT0005,2026-02-16 10:42:00,3,3
ORD102554,CUST00960,PROD02752,3,10817.67,0,18,38294.55,2026-01-30 08:51:00,Delivered,Paid,PLT0029,2026-02-11 08:51:00,3,3
ORD102555,CUST02934,PROD02730,4,7795.83,5,5,31105.36,2026-05-20 16:19:00,Delivered,Paid,PLT0004,2026-05-29 16:19:00,4,2
ORD102556,CUST00691,PROD04447,1,2975.18,15,12,2832.37,2026-07-25 16:41:00,Delivered,Pending,PLT0001,2026-07-29 16:41:00,1,1
ORD102557,CUST01531,PROD03143,4,9391.74,0,5,39445.31,2026-03-18 16:50:00,Cancelled,Paid,PLT0025,2026-03-21 16:50:00,4,3
ORD102558,CUST01150,PROD04090,1,814.45,10,28,938.25,2026-04-17 11:58:00,Delivered,Refunded,PLT0004,2026-05-01 11:58:00,1,1
ORD102559,CUST04180,PROD01983,2,7384.17,5,28,17958.3,2026-03-12 02:17:00,In Transit,Failed,PLT0008,2026-03-22 02:17:00,2,2
ORD102560,CUST03414,PROD00979,3,7991.22,10,5,22655.11,2026-08-01 18:52:00,Cancelled,Pending,PLT0004,2026-08-08 18:52:00,3,3
ORD102561,CUST03140,PROD03109,1,9471.32,5,12,10077.48,2026-08-18 02:32:00,Delivered,Paid,PLT0004,2026-08-27 02:32:00,1,1
ORD102562,CUST00373,PROD00325,5,15281.36,10,5,72204.43,2026-07-03 11:54:00,Returned,Paid,PLT0009,2026-07-17 11:54:00,5,5
ORD102563,CUST00177,PROD01266,5,1250.91,10,18,6642.33,2026-05-21 03:04:00,Shipped,Pending,PLT0009,2026-05-29 03:04:00,5,5
ORD102564,CUST04691,PROD03874,3,13253.1,20,18,37532.78,2026-02-01 12:27:00,Delivered,Paid,PLT0002,2026-02-10 12:27:00,3,3
ORD102565,CUST04780,PROD04204,4,15418.33,0,5,64756.99,2026-08-02 14:17:00,Returned,Failed,PLT0009,2026-08-13 14:17:00,4,2
ORD102566,CUST03742,PROD03483,4,4503.5,0,18,21256.52,2026-07-18 02:02:00,Packed,Refunded,PLT0028,2026-07-29 02:02:00,4,4
ORD102567,CUST02374,PROD01608,1,12824.67,5,5,12792.61,2026-09-07 09:46:00,In Transit,Failed,PLT0025,2026-09-13 09:46:00,1,1
ORD102568,CUST04734,PROD02425,4,4697.99,15,18,18848.34,2026-09-19 04:08:00,Shipped,Failed,PLT0005,2026-09-23 04:08:00,4,4
ORD102569,CUST02300,PROD04382,3,1230.38,20,5,3100.56,2026-03-03 07:09:00,Returned,Refunded,PLT0006,2026-03-11 07:09:00,3,3
ORD102570,CUST00898,PROD03614,1,12782.94,0,18,15083.87,2026-02-14 01:55:00,Packed,Paid,PLT0004,2026-02-19 01:55:00,1,1
ORD102571,CUST00843,PROD03435,2,11346.61,0,12,25416.41,2026-03-22 07:12:00,Returned,Paid,PLT0028,2026-04-03 07:12:00,2,1
ORD102572,CUST03622,PROD02963,4,5435.21,20,12,19479.79,2026-09-04 01:13:00,Placed,Pending,PLT0004,2026-09-09 01:13:00,4,4
ORD102573,CUST00901,PROD03212,4,10809.96,0,18,51023.01,2026-05-01 01:01:00,Packed,Refunded,PLT0026,2026-05-13 01:01:00,4,4
ORD102574,CUST03058,PROD00784,1,5595.57,20,5,4700.28,2026-08-20 14:14:00,Shipped,Pending,PLT0028,2026-09-03 14:14:00,1,1
ORD102575,CUST04774,PROD01092,5,10428.38,0,18,61527.44,2026-02-05 02:51:00,Delivered,Failed,PLT0009,2026-02-18 02:51:00,5,5
ORD102576,CUST00512,PROD04341,4,7135.98,15,28,31055.78,2026-07-16 20:09:00,Delivered,Paid,PLT0001,2026-07-29 20:09:00,4,4
ORD102577,CUST01923,PROD00454,3,14510.03,0,28,55718.52,2026-02-20 18:22:00,Returned,Refunded,PLT0026,2026-03-03 18:22:00,3,3
ORD102578,CUST03324,PROD03345,4,7634.35,10,5,28857.84,2026-06-06 16:38:00,Delivered,Paid,PLT0005,2026-06-13 16:38:00,4,3
ORD102579,CUST02423,PROD04966,2,3533.9,20,18,6672.0,2026-03-02 04:29:00,Delivered,Failed,PLT0004,2026-03-08 04:29:00,2,2
ORD102580,CUST04103,PROD02856,4,8143.73,10,18,34594.57,2026-06-23 18:52:00,Delivered,Paid,PLT0028,2026-06-26 18:52:00,4,3
ORD102581,CUST04001,PROD02605,5,101.14,0,12,566.38,2026-05-17 01:28:00,Cancelled,Refunded,PLT0027,2026-05-23 01:28:00,5,2
ORD102582,CUST02033,PROD01294,4,11061.49,0,5,46458.26,2026-07-29 19:59:00,In Transit,Paid,PLT0001,2026-08-09 19:59:00,4,4
ORD102583,CUST03861,PROD01024,1,15538.83,0,28,19889.7,2026-03-15 04:46:00,Delivered,Pending,PLT0002,2026-03-28 04:46:00,1,1
ORD102584,CUST01031,PROD00864,4,7107.13,5,28,34569.08,2026-04-28 08:11:00,Shipped,Pending,PLT0002,2026-05-11 08:11:00,4,4
ORD102585,CUST02818,PROD00292,5,692.84,20,5,2909.93,2026-07-20 04:25:00,Delivered,Failed,PLT0026,2026-08-02 04:25:00,5,5
ORD102586,CUST00176,PROD04889,1,502.04,15,28,546.22,2026-09-16 23:08:00,Delivered,Refunded,PLT0008,2026-09-25 23:08:00,1,1
ORD102587,CUST00866,PROD02713,3,5633.72,15,5,15084.29,2026-03-08 04:49:00,Placed,Failed,PLT0006,2026-03-16 04:49:00,3,3
ORD102588,CUST01196,PROD01738,1,3193.5,10,28,3678.91,2026-04-22 16:34:00,Cancelled,Failed,PLT0008,2026-05-06 16:34:00,1,1
ORD102589,CUST02590,PROD00648,2,10896.73,10,28,25106.07,2026-06-04 09:26:00,Packed,Paid,PLT0027,2026-06-07 09:26:00,2,2
ORD102590,CUST04934,PROD03259,1,6329.56,10,5,5981.43,2026-06-23 21:43:00,Delivered,Paid,PLT0004,2026-07-07 21:43:00,1,1
ORD102591,CUST04718,PROD00901,3,3404.39,20,5,8579.06,2026-01-28 12:39:00,Packed,Paid,PLT0007,2026-02-07 12:39:00,3,3
ORD102592,CUST03491,PROD02738,4,8756.27,0,28,44832.1,2026-07-18 00:22:00,In Transit,Paid,PLT0026,2026-07-23 00:22:00,4,4
ORD102593,CUST04147,PROD03133,1,14929.1,10,28,17198.32,2026-07-08 14:43:00,Packed,Refunded,PLT0001,2026-07-22 14:43:00,1,1
ORD102594,CUST02288,PROD03201,1,8897.6,0,12,9965.31,2026-03-22 14:51:00,Placed,Failed,PLT0007,2026-04-05 14:51:00,1,1
ORD102595,CUST04270,PROD03867,1,6668.44,10,18,7081.88,2026-03-09 04:03:00,Delivered,Paid,PLT0029,2026-03-17 04:03:00,1,1
ORD102596,CUST01670,PROD04535,1,8925.63,0,5,9371.91,2026-04-13 09:02:00,Delivered,Paid,PLT0004,2026-04-23 09:02:00,1,1
ORD102597,CUST02205,PROD02765,3,2233.97,5,5,6685.16,2026-07-31 08:51:00,Delivered,Refunded,PLT0008,2026-08-05 08:51:00,3,2
ORD102598,CUST01879,PROD03635,5,1590.05,0,18,9381.3,2026-06-08 06:48:00,Shipped,Paid,PLT0001,2026-06-12 06:48:00,5,5
ORD102599,CUST01109,PROD00857,5,680.14,0,12,3808.78,2026-08-15 16:47:00,Cancelled,Pending,PLT0004,2026-08-22 16:47:00,5,3
ORD102600,CUST04624,PROD01729,1,13041.13,20,28,13354.12,2026-03-04 15:26:00,Delivered,Refunded,PLT0000,2026-03-12 15:26:00,1,1
ORD102601,CUST03618,PROD02197,3,7418.7,20,28,22790.25,2026-08-02 17:29:00,Placed,Failed,PLT0008,2026-08-10 17:29:00,3,3
ORD102602,CUST04432,PROD00596,3,7634.99,15,12,21805.53,2026-04-06 12:37:00,Delivered,Paid,PLT0008,2026-04-09 12:37:00,3,3
ORD102603,CUST03493,PROD00930,1,4199.41,5,12,4468.17,2026-04-02 09:20:00,Delivered,Pending,PLT0009,2026-04-07 09:20:00,1,1
ORD102604,CUST04017,PROD01069,2,5737.49,20,18,10832.38,2026-04-17 16:29:00,Delivered,Failed,PLT0001,2026-04-25 16:29:00,2,2
ORD102605,CUST00610,PROD04978,1,3374.08,0,18,3981.41,2026-05-10 13:55:00,Delivered,Paid,PLT0026,2026-05-14 13:55:00,1,1
ORD102606,CUST02747,PROD01208,2,7188.85,5,28,17483.28,2026-07-28 04:48:00,Delivered,Refunded,PLT0027,2026-07-31 04:48:00,2,1
ORD102607,CUST02558,PROD04395,1,15139.94,0,12,16956.73,2026-02-07 21:54:00,Delivered,Failed,PLT0026,2026-02-20 21:54:00,1,1
ORD102608,CUST01509,PROD04258,2,7281.66,0,12,16310.92,2026-02-16 11:39:00,In Transit,Pending,PLT0008,2026-02-20 11:39:00,2,1
ORD102609,CUST04645,PROD00550,2,12378.86,5,28,30105.39,2026-08-01 20:51:00,Packed,Paid,PLT0029,2026-08-11 20:51:00,2,2
ORD102610,CUST02784,PROD00071,1,12377.69,0,28,15843.44,2026-02-17 10:44:00,Shipped,Refunded,PLT0006,2026-02-27 10:44:00,1,1
ORD102611,CUST04874,PROD02213,2,385.3,20,28,789.09,2026-06-29 11:16:00,Placed,Paid,PLT0009,2026-07-10 11:16:00,2,1
ORD102612,CUST02655,PROD01381,4,2699.03,0,28,13819.03,2026-03-19 04:36:00,In Transit,Paid,PLT0005,2026-04-01 04:36:00,4,4
ORD102613,CUST03973,PROD01741,5,13256.85,0,28,84843.84,2026-06-04 12:07:00,Returned,Failed,PLT0025,2026-06-12 12:07:00,5,5
ORD102614,CUST00670,PROD04514,3,10047.34,0,18,35567.58,2026-06-04 22:38:00,Shipped,Failed,PLT0001,2026-06-12 22:38:00,3,3
ORD102615,CUST04764,PROD02659,2,3469.71,0,28,8882.46,2026-05-26 20:08:00,Delivered,Paid,PLT0005,2026-06-09 20:08:00,2,2
ORD102616,CUST02475,PROD01483,2,8756.38,20,12,15691.43,2026-02-15 08:55:00,Delivered,Refunded,PLT0004,2026-03-01 08:55:00,2,1
ORD102617,CUST03599,PROD02077,3,3895.86,20,5,9817.57,2026-06-25 04:19:00,Packed,Pending,PLT0002,2026-06-30 04:19:00,3,3
ORD102618,CUST04069,PROD03695,2,5585.83,20,18,10546.05,2026-09-03 03:26:00,Shipped,Paid,PLT0001,2026-09-17 03:26:00,2,2
ORD102619,CUST00423,PROD03280,3,12684.78,0,12,42620.86,2026-07-30 16:10:00,Delivered,Paid,PLT0003,2026-08-09 16:10:00,3,3
ORD102620,CUST00365,PROD02618,1,4398.25,10,5,4156.35,2026-02-06 16:46:00,Cancelled,Paid,PLT0005,2026-02-14 16:46:00,1,1
ORD102621,CUST03832,PROD02931,4,9490.14,10,18,40314.11,2026-06-24 11:50:00,Shipped,Pending,PLT0003,2026-06-28 11:50:00,4,4
ORD102622,CUST00724,PROD02376,4,4477.56,0,28,22925.11,2026-03-12 03:19:00,Shipped,Paid,PLT0028,2026-03-19 03:19:00,4,2
ORD102623,CUST04917,PROD02912,5,122.43,20,18,577.87,2026-03-05 12:39:00,Delivered,Paid,PLT0026,2026-03-09 12:39:00,5,5
ORD102624,CUST00684,PROD00353,2,10572.23,0,28,27064.91,2026-09-21 20:47:00,In Transit,Paid,PLT0027,2026-09-30 20:47:00,2,2
ORD102625,CUST00386,PROD04107,5,15447.31,0,28,98862.78,2026-07-02 06:41:00,In Transit,Refunded,PLT0025,2026-07-15 06:41:00,5,5
ORD102626,CUST01903,PROD02651,1,3420.24,0,28,4377.91,2026-08-28 22:15:00,Cancelled,Paid,PLT0002,2026-09-10 22:15:00,1,1
ORD102627,CUST03003,PROD02647,4,15312.12,15,5,54664.27,2026-03-23 16:14:00,Placed,Pending,PLT0005,2026-04-06 16:14:00,4,3
ORD102628,CUST01546,PROD02140,1,13744.02,10,18,14596.15,2026-07-21 21:56:00,Placed,Failed,PLT0027,2026-07-28 21:56:00,1,1
ORD102629,CUST01794,PROD04430,1,12779.47,0,28,16357.72,2026-02-08 16:32:00,Delivered,Paid,PLT0004,2026-02-17 16:32:00,1,1
ORD102630,CUST03291,PROD04241,2,10842.04,0,12,24286.17,2026-08-07 02:52:00,Packed,Failed,PLT0029,2026-08-18 02:52:00,2,2
ORD102631,CUST01825,PROD02752,1,10817.67,5,18,12126.61,2026-09-19 02:20:00,Packed,Paid,PLT0009,2026-09-29 02:20:00,1,1
ORD102632,CUST02862,PROD04921,4,15236.79,0,12,68260.82,2026-04-11 19:52:00,In Transit,Failed,PLT0003,2026-04-17 19:52:00,4,4
ORD102633,CUST01217,PROD04213,5,8754.08,15,5,39065.08,2026-09-17 21:31:00,Packed,Paid,PLT0000,2026-09-29 21:31:00,5,3
ORD102634,CUST00938,PROD00360,4,9249.04,10,5,34961.37,2026-07-29 06:49:00,Shipped,Pending,PLT0029,2026-08-02 06:49:00,4,4
ORD102635,CUST03852,PROD03171,2,10516.26,5,18,23577.45,2026-02-20 19:20:00,Shipped,Paid,PLT0009,2026-02-23 19:20:00,2,2
ORD102636,CUST01471,PROD04701,4,4073.57,0,5,17108.99,2026-06-07 22:09:00,Shipped,Paid,PLT0003,2026-06-20 22:09:00,4,4
ORD102637,CUST01655,PROD00413,3,15213.65,0,5,47923.0,2026-06-16 06:35:00,Cancelled,Paid,PLT0008,2026-06-25 06:35:00,3,3
ORD102638,CUST02177,PROD02507,5,13677.0,10,18,72624.87,2026-04-17 06:16:00,Delivered,Refunded,PLT0003,2026-04-25 06:16:00,5,4
ORD102639,CUST00091,PROD01969,3,5417.73,0,12,18203.57,2026-03-19 03:34:00,Packed,Paid,PLT0001,2026-03-27 03:34:00,3,3
ORD102640,CUST02773,PROD04748,3,718.43,15,28,2344.96,2026-06-10 17:00:00,Delivered,Pending,PLT0006,2026-06-18 17:00:00,3,2
ORD102641,CUST00710,PROD04495,2,11785.9,0,18,27814.72,2026-03-17 08:59:00,Returned,Paid,PLT0000,2026-03-31 08:59:00,2,2
ORD102642,CUST03055,PROD03892,1,8546.57,10,18,9076.46,2026-04-19 04:34:00,Delivered,Failed,PLT0007,2026-04-27 04:34:00,1,1
ORD102643,CUST02626,PROD04220,3,4110.76,5,28,14996.05,2026-03-03 14:26:00,Shipped,Paid,PLT0027,2026-03-07 14:26:00,3,3
ORD102644,CUST04367,PROD04327,4,449.85,0,12,2015.33,2026-05-10 10:09:00,Delivered,Paid,PLT0027,2026-05-20 10:09:00,4,4
ORD102645,CUST04451,PROD04423,1,9628.82,0,28,12324.89,2026-07-29 04:13:00,Packed,Paid,PLT0002,2026-08-12 04:13:00,1,1
ORD102646,CUST03555,PROD04965,4,7772.36,0,28,39794.48,2026-04-22 07:06:00,Packed,Paid,PLT0005,2026-04-25 07:06:00,4,4
ORD102647,CUST03445,PROD04740,4,9978.16,5,12,42467.05,2026-06-02 13:33:00,Returned,Failed,PLT0028,2026-06-11 13:33:00,4,4
ORD102648,CUST02029,PROD04735,1,6944.52,15,12,6611.18,2026-05-05 20:24:00,Cancelled,Paid,PLT0027,2026-05-10 20:24:00,1,1
ORD102649,CUST00903,PROD02365,1,9276.48,5,28,11280.2,2026-08-13 04:24:00,Delivered,Failed,PLT0003,2026-08-16 04:24:00,1,1
ORD102650,CUST02229,PROD04463,4,15943.77,10,28,73468.89,2026-03-15 13:24:00,Shipped,Paid,PLT0026,2026-03-18 13:24:00,4,2
ORD102651,CUST01813,PROD02495,2,8228.28,5,18,18447.8,2026-03-09 21:55:00,Shipped,Pending,PLT0008,2026-03-18 21:55:00,2,1
ORD102652,CUST04440,PROD02294,5,8312.5,0,12,46550.0,2026-09-21 19:21:00,In Transit,Failed,PLT0004,2026-09-27 19:21:00,5,5
ORD102653,CUST03820,PROD00010,5,11357.35,15,5,50682.17,2026-01-29 07:41:00,Packed,Paid,PLT0003,2026-02-07 07:41:00,5,5
ORD102654,CUST00463,PROD03241,2,6709.82,15,12,12775.5,2026-04-30 03:47:00,Returned,Pending,PLT0003,2026-05-11 03:47:00,2,2
ORD102655,CUST03076,PROD00318,1,2854.38,20,28,2922.89,2026-05-14 17:40:00,Delivered,Refunded,PLT0026,2026-05-18 17:40:00,1,1
ORD102656,CUST00901,PROD01197,4,15577.47,5,28,75768.81,2026-09-22 05:45:00,Returned,Paid,PLT0007,2026-10-04 05:45:00,4,2
ORD102657,CUST00527,PROD03180,5,10992.64,10,28,63317.61,2026-08-19 09:37:00,In Transit,Paid,PLT0007,2026-08-26 09:37:00,5,5
ORD102658,CUST02809,PROD04750,4,12857.19,0,28,65828.81,2026-08-08 19:21:00,Packed,Paid,PLT0026,2026-08-16 19:21:00,4,4
ORD102659,CUST02490,PROD00287,2,7502.01,0,5,15754.22,2026-03-25 11:22:00,In Transit,Pending,PLT0003,2026-04-05 11:22:00,2,1
ORD102660,CUST01195,PROD04679,4,10897.68,15,12,41498.37,2026-07-13 07:13:00,Shipped,Paid,PLT0029,2026-07-22 07:13:00,4,2
ORD102661,CUST00950,PROD02997,2,2599.64,5,5,5186.28,2026-06-16 17:05:00,Cancelled,Paid,PLT0002,2026-06-21 17:05:00,2,2
ORD102662,CUST00921,PROD04884,1,2963.52,20,5,2489.36,2026-04-03 02:52:00,Delivered,Refunded,PLT0005,2026-04-10 02:52:00,1,1
ORD102663,CUST04276,PROD02519,2,11033.78,10,28,25421.83,2026-09-11 01:01:00,Cancelled,Failed,PLT0004,2026-09-24 01:01:00,2,2
ORD102664,CUST04098,PROD00398,2,6920.01,10,5,13078.82,2026-09-05 16:14:00,Placed,Refunded,PLT0005,2026-09-10 16:14:00,2,2
ORD102665,CUST02769,PROD02830,5,562.8,0,28,3601.92,2026-01-28 23:06:00,In Transit,Paid,PLT0002,2026-02-09 23:06:00,5,3
ORD102666,CUST02104,PROD01088,4,2754.84,15,28,11989.06,2026-06-16 13:11:00,Delivered,Paid,PLT0005,2026-06-27 13:11:00,4,4
ORD102667,CUST04894,PROD00863,5,8436.81,0,28,53995.58,2026-08-06 17:50:00,Placed,Paid,PLT0027,2026-08-16 17:50:00,5,5
ORD102668,CUST00940,PROD04635,3,2282.07,20,5,5750.82,2026-07-27 04:16:00,Cancelled,Paid,PLT0025,2026-08-07 04:16:00,3,3
ORD102669,CUST01212,PROD04313,2,2076.1,0,28,5314.82,2026-06-17 04:56:00,Packed,Paid,PLT0028,2026-06-29 04:56:00,2,2
ORD102670,CUST03166,PROD04701,3,4073.57,0,5,12831.75,2026-02-26 20:18:00,Returned,Paid,PLT0008,2026-03-06 20:18:00,3,3
ORD102671,CUST02665,PROD00152,5,3908.03,0,12,21884.97,2026-05-06 11:36:00,Packed,Pending,PLT0025,2026-05-10 11:36:00,5,5
ORD102672,CUST04757,PROD01535,4,6674.43,10,28,30755.77,2026-07-08 02:12:00,Delivered,Pending,PLT0029,2026-07-11 02:12:00,4,4
ORD102673,CUST02751,PROD00008,5,13871.2,15,18,69564.07,2026-08-28 21:39:00,Returned,Paid,PLT0026,2026-09-02 21:39:00,5,5
ORD102674,CUST00964,PROD04072,4,10855.09,0,18,51236.02,2026-09-02 00:36:00,Delivered,Pending,PLT0009,2026-09-12 00:36:00,4,4
ORD102675,CUST03899,PROD03809,4,899.56,0,18,4245.92,2026-07-12 01:11:00,Delivered,Paid,PLT0026,2026-07-15 01:11:00,4,4
ORD102676,CUST01682,PROD04086,1,1052.1,20,18,993.18,2026-04-07 15:01:00,In Transit,Paid,PLT0005,2026-04-17 15:01:00,1,1
ORD102677,CUST01907,PROD01590,2,11508.8,0,18,27160.77,2026-06-12 13:22:00,Delivered,Paid,PLT0007,2026-06-21 13:22:00,2,1
ORD102678,CUST03227,PROD00419,5,10792.04,15,5,48159.48,2026-02-14 19:48:00,Shipped,Paid,PLT0001,2026-02-19 19:48:00,5,5
ORD102679,CUST03195,PROD04368,4,7124.16,15,12,27128.8,2026-04-19 10:11:00,Cancelled,Paid,PLT0001,2026-04-30 10:11:00,4,4
ORD102680,CUST03466,PROD04121,5,4763.32,20,5,20005.94,2026-06-22 04:30:00,Delivered,Refunded,PLT0029,2026-07-02 04:30:00,5,5
ORD102681,CUST02503,PROD00741,5,7455.61,5,28,45330.11,2026-05-05 19:33:00,Returned,Refunded,PLT0000,2026-05-10 19:33:00,5,5
ORD102682,CUST04496,PROD02702,4,15617.62,15,12,59471.9,2026-04-29 23:57:00,Packed,Failed,PLT0007,2026-05-13 23:57:00,4,4
ORD102683,CUST00983,PROD01883,3,10216.03,15,12,29176.98,2026-05-15 00:00:00,Returned,Paid,PLT0003,2026-05-24 00:00:00,3,3
ORD102684,CUST02283,PROD00164,2,8617.82,0,12,19303.92,2026-07-15 10:00:00,Cancelled,Failed,PLT0003,2026-07-23 10:00:00,2,2
ORD102685,CUST01828,PROD01334,2,15940.71,20,12,28565.75,2026-08-06 18:50:00,In Transit,Refunded,PLT0025,2026-08-17 18:50:00,2,2
ORD102686,CUST00723,PROD04751,1,5524.79,15,18,5541.36,2026-06-11 22:13:00,Packed,Pending,PLT0008,2026-06-20 22:13:00,1,1
ORD102687,CUST01786,PROD01806,1,12415.99,15,28,13508.6,2026-09-22 07:28:00,Cancelled,Paid,PLT0005,2026-10-01 07:28:00,1,1
ORD102688,CUST03691,PROD01694,1,2426.35,0,12,2717.51,2026-03-12 06:41:00,Returned,Refunded,PLT0006,2026-03-15 06:41:00,1,1
ORD102689,CUST02162,PROD01662,2,8298.3,15,12,15799.96,2026-02-18 02:48:00,Delivered,Refunded,PLT0006,2026-02-22 02:48:00,2,2
ORD102690,CUST00191,PROD03174,3,2650.36,0,18,9382.27,2026-02-04 05:55:00,Shipped,Paid,PLT0006,2026-02-07 05:55:00,3,3
ORD102691,CUST00006,PROD03809,2,899.56,5,5,1794.62,2026-08-05 01:43:00,Cancelled,Refunded,PLT0007,2026-08-08 01:43:00,2,2
ORD102692,CUST00761,PROD03677,2,2857.59,10,5,5400.85,2026-04-20 09:45:00,Delivered,Refunded,PLT0008,2026-04-28 09:45:00,2,2
ORD102693,CUST04644,PROD00497,2,9379.13,0,5,19696.17,2026-08-26 23:37:00,Delivered,Paid,PLT0025,2026-09-07 23:37:00,2,1
ORD102694,CUST04480,PROD02832,2,10631.7,0,28,27217.15,2026-08-02 06:27:00,Shipped,Failed,PLT0009,2026-08-05 06:27:00,2,2
ORD102695,CUST00476,PROD01156,3,12067.19,15,5,32309.9,2026-05-13 03:18:00,Returned,Paid,PLT0005,2026-05-21 03:18:00,3,3
ORD102696,CUST00960,PROD04624,1,11075.13,0,12,12404.15,2026-04-25 16:54:00,Delivered,Paid,PLT0004,2026-04-30 16:54:00,1,1
ORD102697,CUST00881,PROD04041,5,13870.01,20,18,65466.45,2026-03-14 18:21:00,Delivered,Paid,PLT0006,2026-03-25 18:21:00,5,5
ORD102698,CUST00040,PROD04738,1,5645.43,0,18,6661.61,2026-03-29 23:41:00,Returned,Paid,PLT0003,2026-04-06 23:41:00,1,1
ORD102699,CUST03358,PROD01120,1,2158.29,0,5,2266.2,2026-02-14 00:43:00,Delivered,Paid,PLT0005,2026-02-23 00:43:00,1,1
ORD102700,CUST02032,PROD02896,5,14025.54,5,18,78613.15,2026-08-15 07:04:00,Packed,Paid,PLT0025,2026-08-26 07:04:00,5,5
ORD102701,CUST04549,PROD01918,2,9528.4,0,12,21343.62,2026-02-24 19:45:00,Shipped,Paid,PLT0009,2026-03-07 19:45:00,2,2
ORD102702,CUST01349,PROD04430,3,12779.47,20,5,32204.26,2026-03-21 10:53:00,Delivered,Paid,PLT0003,2026-03-30 10:53:00,3,3
ORD102703,CUST01485,PROD02520,3,11590.04,15,12,33101.15,2026-06-07 22:12:00,Packed,Paid,PLT0026,2026-06-19 22:12:00,3,3
ORD102704,CUST02243,PROD00829,1,11825.27,15,28,12865.89,2026-09-04 23:18:00,Cancelled,Refunded,PLT0029,2026-09-13 23:18:00,1,1
ORD102705,CUST02224,PROD01182,5,5534.77,10,12,27895.24,2026-04-19 08:51:00,Delivered,Paid,PLT0000,2026-04-29 08:51:00,5,5
ORD102706,CUST01927,PROD03678,4,6137.05,5,12,26119.28,2026-03-18 06:21:00,Returned,Paid,PLT0003,2026-03-31 06:21:00,4,3
ORD102707,CUST01302,PROD04817,2,14555.31,20,12,26083.12,2026-04-17 17:15:00,Delivered,Paid,PLT0029,2026-04-20 17:15:00,2,2
ORD102708,CUST03150,PROD00852,1,12023.37,20,12,10772.94,2026-05-12 18:56:00,Shipped,Pending,PLT0008,2026-05-19 18:56:00,1,1
ORD102709,CUST02846,PROD01838,3,5477.45,15,28,17878.4,2026-08-24 00:08:00,Cancelled,Refunded,PLT0000,2026-08-28 00:08:00,3,3
ORD102710,CUST02176,PROD01176,5,8684.77,10,5,41035.54,2026-04-15 20:58:00,Delivered,Pending,PLT0008,2026-04-27 20:58:00,5,2
ORD102711,CUST04658,PROD03062,5,1562.87,15,12,7439.26,2026-09-01 12:12:00,Shipped,Paid,PLT0002,2026-09-06 12:12:00,5,5
ORD102712,CUST02575,PROD01806,1,12415.99,10,5,11733.11,2026-08-31 23:02:00,Placed,Failed,PLT0009,2026-09-05 23:02:00,1,1
ORD102713,CUST00658,PROD02037,4,1913.12,0,18,9029.93,2026-06-11 22:06:00,Placed,Refunded,PLT0008,2026-06-23 22:06:00,4,4
ORD102714,CUST04210,PROD01147,3,12778.07,20,12,34347.45,2026-03-19 04:29:00,In Transit,Failed,PLT0008,2026-03-30 04:29:00,3,3
ORD102715,CUST04980,PROD02929,1,12091.55,0,12,13542.54,2026-03-03 07:41:00,Packed,Failed,PLT0005,2026-03-11 07:41:00,1,1
ORD102716,CUST04105,PROD04261,4,1929.82,15,18,7742.44,2026-05-04 08:17:00,Delivered,Paid,PLT0004,2026-05-09 08:17:00,4,4
ORD102717,CUST00988,PROD04593,5,8119.85,5,5,40497.75,2026-09-19 14:17:00,Packed,Refunded,PLT0027,2026-09-22 14:17:00,5,5
ORD102718,CUST04746,PROD04172,2,15797.64,0,28,40441.96,2026-04-15 19:16:00,Placed,Pending,PLT0004,2026-04-19 19:16:00,2,2
ORD102719,CUST03991,PROD02131,3,2678.51,5,12,8549.8,2026-09-17 05:32:00,Shipped,Pending,PLT0007,2026-09-28 05:32:00,3,3
ORD102720,CUST04101,PROD00143,3,8005.25,5,18,26921.66,2026-04-06 09:07:00,Returned,Refunded,PLT0008,2026-04-16 09:07:00,3,2
ORD102721,CUST02707,PROD02489,4,9459.83,0,18,44650.4,2026-04-06 11:06:00,Packed,Paid,PLT0004,2026-04-09 11:06:00,4,4
ORD102722,CUST02669,PROD00647,1,9537.12,20,12,8545.26,2026-02-05 10:18:00,Packed,Paid,PLT0001,2026-02-11 10:18:00,1,1
ORD102723,CUST00533,PROD03461,5,4476.08,0,5,23499.42,2026-02-27 16:54:00,Packed,Paid,PLT0005,2026-03-11 16:54:00,5,5
ORD102724,CUST03688,PROD01416,4,14991.03,0,5,62962.33,2026-09-17 22:22:00,Packed,Refunded,PLT0028,2026-09-24 22:22:00,4,2
ORD102725,CUST04900,PROD03984,2,3693.66,20,12,6619.04,2026-07-08 13:48:00,Cancelled,Refunded,PLT0008,2026-07-14 13:48:00,2,1
ORD102726,CUST00924,PROD02255,2,14074.76,0,18,33216.43,2026-09-06 04:14:00,Placed,Failed,PLT0028,2026-09-12 04:14:00,2,2
ORD102727,CUST02838,PROD01453,2,13914.59,10,12,28051.81,2026-02-18 01:20:00,Delivered,Pending,PLT0008,2026-02-27 01:20:00,2,2
ORD102728,CUST02335,PROD01124,4,12970.31,5,28,63087.59,2026-07-16 19:52:00,Placed,Refunded,PLT0006,2026-07-24 19:52:00,4,4
ORD102729,CUST01954,PROD00797,5,14919.68,15,28,81163.06,2026-02-03 17:36:00,Delivered,Pending,PLT0009,2026-02-12 17:36:00,5,5
ORD102730,CUST03283,PROD01055,3,15966.15,0,5,50293.37,2026-07-04 00:09:00,Cancelled,Paid,PLT0004,2026-07-13 00:09:00,3,3
ORD102731,CUST04745,PROD00919,1,12240.33,20,28,12534.1,2026-07-26 18:30:00,Returned,Refunded,PLT0028,2026-07-29 18:30:00,1,1
ORD102732,CUST04572,PROD00724,3,11882.82,15,18,35755.41,2026-09-05 15:04:00,Cancelled,Refunded,PLT0003,2026-09-15 15:04:00,3,3
ORD102733,CUST00335,PROD02672,5,6381.58,0,28,40842.11,2026-02-17 08:11:00,In Transit,Failed,PLT0007,2026-02-26 08:11:00,5,5
ORD102734,CUST01750,PROD02467,3,6381.69,15,12,18226.11,2026-04-01 18:19:00,Cancelled,Paid,PLT0027,2026-04-12 18:19:00,3,3
ORD102735,CUST02210,PROD02225,4,296.22,15,18,1188.43,2026-04-05 13:00:00,Delivered,Paid,PLT0002,2026-04-12 13:00:00,4,4
ORD102736,CUST03008,PROD02540,2,12324.87,5,5,24588.12,2026-05-25 11:09:00,Returned,Refunded,PLT0003,2026-06-06 11:09:00,2,2
ORD102737,CUST04936,PROD04213,5,8754.08,0,5,45958.92,2026-08-17 17:46:00,Placed,Paid,PLT0028,2026-08-26 17:46:00,5,5
ORD102738,CUST02102,PROD02872,5,15147.66,15,28,82403.27,2026-02-28 19:11:00,Delivered,Paid,PLT0028,2026-03-06 19:11:00,5,5
ORD102739,CUST04374,PROD00127,3,13105.43,0,5,41282.1,2026-05-31 12:58:00,Shipped,Paid,PLT0006,2026-06-08 12:58:00,3,3
ORD102740,CUST04870,PROD01194,4,9971.56,0,12,44672.59,2026-04-30 02:43:00,Packed,Paid,PLT0001,2026-05-10 02:43:00,4,2
ORD102741,CUST01679,PROD02447,3,4222.42,0,18,14947.37,2026-02-05 14:08:00,Cancelled,Paid,PLT0001,2026-02-10 14:08:00,3,3
ORD102742,CUST00235,PROD03340,3,10499.71,20,12,28223.22,2026-02-12 15:28:00,Placed,Refunded,PLT0025,2026-02-15 15:28:00,3,3
ORD102743,CUST02324,PROD00600,5,748.81,20,12,3354.67,2026-07-31 21:29:00,Shipped,Paid,PLT0004,2026-08-09 21:29:00,5,5
ORD102744,CUST02235,PROD00150,3,4529.48,10,12,13697.15,2026-01-29 02:42:00,Placed,Refunded,PLT0002,2026-02-07 02:42:00,3,3
ORD102745,CUST00405,PROD00578,2,14831.74,20,12,26578.48,2026-03-18 05:04:00,Cancelled,Pending,PLT0028,2026-04-01 05:04:00,2,2
ORD102746,CUST04297,PROD03186,3,8614.31,15,18,25920.46,2026-02-20 17:34:00,In Transit,Pending,PLT0009,2026-03-01 17:34:00,3,1
ORD102747,CUST00383,PROD04375,2,8235.15,0,18,19434.95,2026-09-23 21:35:00,Cancelled,Failed,PLT0009,2026-10-05 21:35:00,2,2
ORD102748,CUST04984,PROD00767,5,12222.09,20,12,54754.96,2026-09-05 10:15:00,Placed,Failed,PLT0000,2026-09-19 10:15:00,5,4
ORD102749,CUST00570,PROD00029,4,9518.39,0,12,42642.39,2026-05-17 08:13:00,Packed,Pending,PLT0004,2026-05-20 08:13:00,4,4
ORD102750,CUST00275,PROD04054,2,8942.43,15,5,15962.24,2026-03-09 01:36:00,Delivered,Failed,PLT0006,2026-03-16 01:36:00,2,2
ORD102751,CUST00048,PROD00838,4,5861.06,20,5,19693.16,2026-07-30 00:59:00,In Transit,Paid,PLT0003,2026-08-12 00:59:00,4,4
ORD102752,CUST03412,PROD02022,4,9005.67,5,18,40381.42,2026-01-31 08:48:00,Packed,Paid,PLT0025,2026-02-14 08:48:00,4,4
ORD102753,CUST04806,PROD03949,2,2691.0,0,5,5651.1,2026-05-29 18:51:00,Delivered,Paid,PLT0000,2026-06-04 18:51:00,2,1
ORD102754,CUST02670,PROD03970,5,6422.18,0,18,37890.86,2026-02-22 02:40:00,Shipped,Pending,PLT0000,2026-03-07 02:40:00,5,5
ORD102755,CUST03283,PROD04756,1,13868.97,10,18,14728.85,2026-05-25 12:26:00,Delivered,Refunded,PLT0003,2026-06-01 12:26:00,1,1
ORD102756,CUST04432,PROD04012,4,6330.38,5,28,30790.97,2026-07-21 07:45:00,Returned,Paid,PLT0027,2026-08-01 07:45:00,4,4
ORD102757,CUST00766,PROD01897,4,9893.17,10,18,42026.19,2026-06-14 17:22:00,Packed,Paid,PLT0001,2026-06-17 17:22:00,4,3
ORD102758,CUST04939,PROD00122,5,14346.85,20,5,60256.77,2026-08-26 09:08:00,Placed,Pending,PLT0006,2026-09-09 09:08:00,5,5
ORD102759,CUST04390,PROD02744,5,2337.77,5,28,14213.64,2026-09-17 20:08:00,Cancelled,Paid,PLT0025,2026-09-22 20:08:00,5,5
ORD102760,CUST01770,PROD00781,3,11132.78,0,5,35068.26,2026-08-02 07:21:00,Cancelled,Refunded,PLT0009,2026-08-07 07:21:00,3,3
ORD102761,CUST01542,PROD02487,5,7785.18,10,18,41339.31,2026-05-06 06:54:00,Packed,Paid,PLT0025,2026-05-20 06:54:00,5,5
ORD102762,CUST01562,PROD03226,4,14263.6,15,18,57225.56,2026-09-24 19:24:00,Delivered,Pending,PLT0004,2026-10-06 19:24:00,4,4
ORD102763,CUST00703,PROD00086,2,5269.41,5,12,11213.3,2026-07-05 09:25:00,Cancelled,Paid,PLT0008,2026-07-11 09:25:00,2,1
ORD102764,CUST03257,PROD03661,1,8205.68,0,18,9682.7,2026-05-15 19:49:00,Delivered,Refunded,PLT0001,2026-05-27 19:49:00,1,1
ORD102765,CUST03856,PROD01559,3,13452.79,0,28,51658.71,2026-04-06 17:01:00,Cancelled,Paid,PLT0005,2026-04-17 17:01:00,3,2
ORD102766,CUST04826,PROD04043,2,7535.13,5,18,16893.76,2026-07-28 02:06:00,Delivered,Refunded,PLT0029,2026-08-10 02:06:00,2,1
ORD102767,CUST01380,PROD01409,1,9406.13,5,12,10008.12,2026-02-15 13:27:00,Packed,Paid,PLT0028,2026-02-20 13:27:00,1,1
ORD102768,CUST03190,PROD00468,1,13909.73,20,18,13130.79,2026-06-08 19:47:00,Delivered,Failed,PLT0007,2026-06-19 19:47:00,1,1
ORD102769,CUST03153,PROD02521,1,11110.27,15,18,11143.6,2026-07-17 19:18:00,Delivered,Paid,PLT0008,2026-07-24 19:18:00,1,1
ORD102770,CUST02360,PROD00326,2,11831.56,20,18,22337.99,2026-08-23 16:08:00,Placed,Paid,PLT0027,2026-09-02 16:08:00,2,2
ORD102771,CUST00141,PROD01994,3,2251.13,5,12,7185.61,2026-07-13 19:51:00,Delivered,Paid,PLT0000,2026-07-26 19:51:00,3,1
ORD102772,CUST01947,PROD01459,3,3528.23,5,5,10558.23,2026-06-11 14:56:00,Delivered,Paid,PLT0009,2026-06-19 14:56:00,3,2
ORD102773,CUST00395,PROD02445,1,7102.02,15,18,7123.33,2026-09-21 20:44:00,Returned,Refunded,PLT0002,2026-09-27 20:44:00,1,1
ORD102774,CUST03662,PROD00075,2,11338.03,15,28,24671.55,2026-04-16 15:09:00,Delivered,Paid,PLT0009,2026-04-27 15:09:00,2,2
ORD102775,CUST02843,PROD02325,1,13197.27,10,12,13302.85,2026-08-20 17:03:00,Returned,Paid,PLT0026,2026-08-23 17:03:00,1,1
ORD102776,CUST00024,PROD02486,5,15696.7,0,28,100458.88,2026-09-24 12:36:00,Returned,Failed,PLT0003,2026-10-04 12:36:00,5,5
ORD102777,CUST02759,PROD00168,3,3064.64,0,18,10848.83,2026-02-27 11:10:00,Returned,Paid,PLT0007,2026-03-10 11:10:00,3,3
ORD102778,CUST04620,PROD00841,4,307.2,10,12,1238.63,2026-07-01 09:32:00,Delivered,Paid,PLT0000,2026-07-04 09:32:00,4,3
ORD102779,CUST04708,PROD01297,1,2761.97,0,18,3259.12,2026-06-10 23:14:00,Delivered,Paid,PLT0009,2026-06-21 23:14:00,1,1
ORD102780,CUST04644,PROD00618,5,4501.35,5,28,27368.21,2026-03-14 11:54:00,Delivered,Paid,PLT0026,2026-03-17 11:54:00,5,5
ORD102781,CUST00222,PROD03646,3,2555.43,10,12,7727.62,2026-04-17 03:51:00,Shipped,Failed,PLT0007,2026-04-24 03:51:00,3,1
ORD102782,CUST03528,PROD04553,2,2544.16,10,5,4808.46,2026-06-26 20:29:00,Delivered,Paid,PLT0000,2026-07-04 20:29:00,2,2
ORD102783,CUST02279,PROD02806,3,15638.2,0,5,49260.33,2026-07-21 16:41:00,Delivered,Paid,PLT0025,2026-07-29 16:41:00,3,3
ORD102784,CUST00169,PROD03480,2,6489.01,0,5,13626.92,2026-08-12 20:59:00,Placed,Failed,PLT0007,2026-08-15 20:59:00,2,2
ORD102785,CUST04227,PROD01682,2,15611.2,0,18,36842.43,2026-05-10 14:45:00,Delivered,Paid,PLT0007,2026-05-22 14:45:00,2,1
ORD102786,CUST00945,PROD02543,1,13549.15,20,12,12140.04,2026-04-21 06:07:00,Returned,Failed,PLT0028,2026-04-25 06:07:00,1,1
ORD102787,CUST00494,PROD01639,1,15879.49,0,28,20325.75,2026-05-17 05:04:00,Returned,Paid,PLT0001,2026-05-28 05:04:00,1,1
ORD102788,CUST03077,PROD03277,3,13507.89,10,28,46683.27,2026-08-05 01:24:00,Delivered,Paid,PLT0029,2026-08-13 01:24:00,3,3
ORD102789,CUST03666,PROD00569,5,14475.12,0,18,85403.21,2026-09-19 16:15:00,Delivered,Paid,PLT0000,2026-09-29 16:15:00,5,5
ORD102790,CUST00904,PROD02244,3,15926.46,5,18,53560.68,2026-08-31 10:22:00,Delivered,Paid,PLT0028,2026-09-09 10:22:00,3,3
ORD102791,CUST00471,PROD02762,4,223.68,15,28,973.46,2026-06-12 15:36:00,In Transit,Failed,PLT0029,2026-06-15 15:36:00,4,4
ORD102792,CUST04713,PROD02988,2,8125.25,0,12,18200.56,2026-06-07 08:00:00,Returned,Failed,PLT0003,2026-06-13 08:00:00,2,2
ORD102793,CUST00857,PROD00268,2,11268.5,20,18,21274.93,2026-03-13 19:08:00,Delivered,Pending,PLT0000,2026-03-24 19:08:00,2,2
ORD102794,CUST03618,PROD00695,1,1924.91,15,12,1832.51,2026-02-25 11:18:00,Returned,Failed,PLT0007,2026-03-09 11:18:00,1,1
ORD102795,CUST03079,PROD01282,5,11268.19,5,28,68510.6,2026-02-16 00:25:00,Delivered,Paid,PLT0004,2026-02-24 00:25:00,5,4
ORD102796,CUST03028,PROD04916,1,14671.18,20,12,13145.38,2026-05-27 14:13:00,Delivered,Paid,PLT0026,2026-06-09 14:13:00,1,1
ORD102797,CUST00803,PROD00130,4,8219.88,15,5,29344.97,2026-05-05 12:53:00,Packed,Paid,PLT0025,2026-05-10 12:53:00,4,4
ORD102798,CUST00145,PROD02059,3,10449.48,5,28,38119.7,2026-04-17 03:54:00,Shipped,Paid,PLT0000,2026-04-28 03:54:00,3,3
ORD102799,CUST02671,PROD01957,3,10315.79,15,5,27620.53,2026-06-03 10:18:00,Delivered,Paid,PLT0009,2026-06-14 10:18:00,3,3
ORD102800,CUST04959,PROD00680,5,13860.56,15,28,75401.45,2026-03-27 01:33:00,Delivered,Pending,PLT0000,2026-03-31 01:33:00,5,5
ORD102801,CUST01329,PROD01307,1,11452.98,0,5,12025.63,2026-08-27 19:43:00,Shipped,Failed,PLT0027,2026-09-03 19:43:00,1,1
ORD102802,CUST00209,PROD04333,1,7092.7,20,12,6355.06,2026-05-23 02:36:00,Cancelled,Failed,PLT0005,2026-05-26 02:36:00,1,1
ORD102803,CUST04427,PROD03562,4,13174.86,20,28,53964.23,2026-02-02 03:25:00,Delivered,Paid,PLT0006,2026-02-10 03:25:00,4,4
ORD102804,CUST03134,PROD04393,3,10363.6,0,28,39796.22,2026-07-04 01:23:00,Delivered,Pending,PLT0028,2026-07-18 01:23:00,3,3
ORD102805,CUST02689,PROD03481,1,2542.69,20,5,2135.86,2026-06-01 11:33:00,Cancelled,Paid,PLT0001,2026-06-14 11:33:00,1,1
ORD102806,CUST01763,PROD03506,5,9998.83,20,12,44794.76,2026-07-10 10:24:00,In Transit,Paid,PLT0028,2026-07-19 10:24:00,5,5
ORD102807,CUST04087,PROD03746,3,3476.91,15,28,11348.63,2026-08-16 10:37:00,Packed,Paid,PLT0008,2026-08-27 10:37:00,3,1
ORD102808,CUST02370,PROD03594,4,9310.1,10,18,39549.3,2026-04-25 02:03:00,Delivered,Paid,PLT0008,2026-04-30 02:03:00,4,4
ORD102809,CUST04745,PROD02829,5,6915.36,0,5,36305.64,2026-04-15 22:49:00,Delivered,Pending,PLT0003,2026-04-24 22:49:00,5,5
ORD102810,CUST02225,PROD03141,2,5999.7,0,28,15359.23,2026-05-08 18:30:00,Shipped,Paid,PLT0027,2026-05-18 18:30:00,2,1
ORD102811,CUST02899,PROD02405,4,10865.22,0,12,48676.19,2026-02-22 09:16:00,Delivered,Refunded,PLT0029,2026-03-05 09:16:00,4,4
ORD102812,CUST02928,PROD03272,5,257.66,0,12,1442.9,2026-07-11 10:21:00,Delivered,Paid,PLT0027,2026-07-18 10:21:00,5,5
ORD102813,CUST04367,PROD05000,1,9596.27,5,12,10210.43,2026-03-17 15:15:00,Packed,Paid,PLT0004,2026-03-23 15:15:00,1,1
ORD102814,CUST01604,PROD04110,2,9271.41,15,12,17652.76,2026-05-09 18:39:00,Cancelled,Failed,PLT0008,2026-05-13 18:39:00,2,2
ORD102815,CUST04866,PROD01649,4,12533.25,20,5,42111.72,2026-03-27 14:09:00,Returned,Paid,PLT0029,2026-04-03 14:09:00,4,4
ORD102816,CUST01542,PROD03136,1,9905.86,20,28,10143.6,2026-07-07 09:36:00,In Transit,Refunded,PLT0008,2026-07-16 09:36:00,1,1
ORD102817,CUST00698,PROD01984,2,7778.21,10,5,14700.82,2026-07-25 14:42:00,Shipped,Paid,PLT0008,2026-08-04 14:42:00,2,2
ORD102818,CUST04303,PROD01690,3,12259.48,0,5,38617.36,2026-03-02 09:18:00,Packed,Paid,PLT0008,2026-03-05 09:18:00,3,2
ORD102819,CUST02985,PROD01235,1,10460.5,0,12,11715.76,2026-05-06 18:58:00,Packed,Paid,PLT0006,2026-05-09 18:58:00,1,1
ORD102820,CUST03561,PROD00285,5,9293.65,0,18,54832.54,2026-09-13 20:48:00,Shipped,Failed,PLT0029,2026-09-23 20:48:00,5,5
ORD102821,CUST03156,PROD04659,4,3107.21,20,12,11136.24,2026-05-23 02:36:00,Delivered,Pending,PLT0007,2026-06-05 02:36:00,4,4
ORD102822,CUST02722,PROD02313,2,7946.39,0,18,18753.48,2026-05-18 16:37:00,Returned,Paid,PLT0009,2026-05-26 16:37:00,2,2
ORD102823,CUST02098,PROD04284,1,1030.19,15,5,919.44,2026-01-31 18:14:00,Packed,Failed,PLT0028,2026-02-04 18:14:00,1,1
ORD102824,CUST04627,PROD00776,3,2482.69,0,12,8341.84,2026-03-20 02:27:00,Returned,Pending,PLT0026,2026-03-27 02:27:00,3,3
ORD102825,CUST02014,PROD03330,4,10770.4,20,12,38601.11,2026-09-06 16:29:00,Delivered,Failed,PLT0025,2026-09-09 16:29:00,4,4
ORD102826,CUST02096,PROD04157,4,8689.76,15,5,31022.44,2026-08-23 02:44:00,Returned,Paid,PLT0009,2026-09-04 02:44:00,4,3
ORD102827,CUST03787,PROD02906,1,967.69,5,12,1029.62,2026-08-12 22:42:00,Delivered,Paid,PLT0005,2026-08-24 22:42:00,1,1
ORD102828,CUST04179,PROD01562,3,3865.24,15,28,12616.14,2026-06-10 00:37:00,Placed,Refunded,PLT0001,2026-06-20 00:37:00,3,3
ORD102829,CUST00869,PROD00700,2,7749.13,15,18,15544.75,2026-07-29 13:50:00,Delivered,Paid,PLT0001,2026-08-10 13:50:00,2,2
ORD102830,CUST01211,PROD04771,1,210.02,5,18,235.43,2026-09-08 03:29:00,In Transit,Paid,PLT0008,2026-09-15 03:29:00,1,1
ORD102831,CUST03362,PROD04741,2,11526.62,15,18,23122.4,2026-04-16 22:39:00,Delivered,Paid,PLT0002,2026-04-30 22:39:00,2,1
ORD102832,CUST04237,PROD04887,4,5551.58,0,12,24871.08,2026-03-02 08:52:00,Delivered,Refunded,PLT0025,2026-03-15 08:52:00,4,4
ORD102833,CUST04492,PROD00014,2,3475.19,20,28,7117.19,2026-06-21 08:31:00,Returned,Refunded,PLT0001,2026-07-03 08:31:00,2,2
ORD102834,CUST04211,PROD04302,3,15038.14,10,12,45475.34,2026-05-02 06:48:00,Delivered,Paid,PLT0029,2026-05-11 06:48:00,3,2
ORD102835,CUST01018,PROD03868,5,10844.58,5,18,60783.87,2026-02-10 22:09:00,Delivered,Paid,PLT0001,2026-02-21 22:09:00,5,5
ORD102836,CUST00060,PROD00273,3,13885.45,20,12,37324.09,2026-02-20 22:51:00,Cancelled,Failed,PLT0006,2026-02-26 22:51:00,3,1
ORD102837,CUST03842,PROD00551,2,8369.6,0,18,19752.26,2026-03-25 00:57:00,Cancelled,Refunded,PLT0003,2026-04-05 00:57:00,2,1
ORD102838,CUST04571,PROD02493,1,12211.59,0,5,12822.17,2026-08-07 22:43:00,Packed,Paid,PLT0005,2026-08-20 22:43:00,1,1
ORD102839,CUST03080,PROD03117,4,11844.7,10,18,50316.29,2026-08-08 17:57:00,Placed,Paid,PLT0004,2026-08-21 17:57:00,4,4
ORD102840,CUST01953,PROD00926,5,456.26,0,5,2395.37,2026-02-02 08:31:00,Delivered,Refunded,PLT0006,2026-02-10 08:31:00,5,5
ORD102841,CUST01441,PROD04221,1,4992.56,0,5,5242.19,2026-05-04 23:14:00,Delivered,Failed,PLT0007,2026-05-16 23:14:00,1,1
ORD102842,CUST00483,PROD03848,1,9037.8,0,5,9489.69,2026-09-18 03:55:00,Delivered,Paid,PLT0026,2026-09-26 03:55:00,1,1
ORD102843,CUST00663,PROD00466,3,6059.44,10,18,19305.38,2026-08-23 21:07:00,Returned,Pending,PLT0004,2026-08-29 21:07:00,3,3
ORD102844,CUST04901,PROD01341,2,4196.16,0,28,10742.17,2026-06-25 17:49:00,Returned,Paid,PLT0002,2026-06-29 17:49:00,2,2
ORD102845,CUST03804,PROD03903,3,14648.47,0,18,51855.58,2026-07-24 07:26:00,Shipped,Refunded,PLT0009,2026-08-07 07:26:00,3,3
ORD102846,CUST00327,PROD01872,2,3493.83,5,12,7434.87,2026-07-08 22:06:00,Delivered,Paid,PLT0029,2026-07-13 22:06:00,2,2
ORD102847,CUST01786,PROD01061,3,13990.47,0,12,47007.98,2026-05-03 04:39:00,In Transit,Failed,PLT0002,2026-05-14 04:39:00,3,3
ORD102848,CUST00188,PROD02184,1,4931.75,15,28,5365.74,2026-06-23 14:00:00,Delivered,Pending,PLT0028,2026-06-26 14:00:00,1,1
ORD102849,CUST04019,PROD03195,4,5734.36,20,28,23487.94,2026-01-31 10:07:00,Shipped,Paid,PLT0027,2026-02-06 10:07:00,4,3
ORD102850,CUST04303,PROD03782,2,5295.04,0,28,13555.3,2026-08-15 08:53:00,Delivered,Paid,PLT0025,2026-08-21 08:53:00,2,2
ORD102851,CUST00989,PROD04409,5,6175.02,0,5,32418.86,2026-05-06 20:57:00,Shipped,Paid,PLT0009,2026-05-14 20:57:00,5,5
ORD102852,CUST03804,PROD01895,5,8924.85,0,28,57119.04,2026-06-19 17:56:00,In Transit,Failed,PLT0006,2026-07-01 17:56:00,5,2
ORD102853,CUST03472,PROD00731,1,2710.83,0,28,3469.86,2026-04-26 06:37:00,Delivered,Pending,PLT0005,2026-05-07 06:37:00,1,1
ORD102854,CUST01054,PROD02498,3,13861.68,10,28,47905.97,2026-07-15 15:13:00,Shipped,Paid,PLT0025,2026-07-22 15:13:00,3,3
ORD102855,CUST02045,PROD03180,3,10992.64,0,18,38913.95,2026-05-09 22:33:00,Returned,Paid,PLT0008,2026-05-22 22:33:00,3,3
ORD102856,CUST01416,PROD02296,1,220.86,0,12,247.36,2026-06-18 09:03:00,Returned,Paid,PLT0027,2026-06-22 09:03:00,1,1
ORD102857,CUST02680,PROD01292,5,2209.18,15,12,10515.7,2026-03-23 11:43:00,Cancelled,Paid,PLT0006,2026-04-02 11:43:00,5,5
ORD102858,CUST02748,PROD02735,5,15088.32,15,28,82080.46,2026-03-29 10:52:00,Placed,Paid,PLT0004,2026-04-02 10:52:00,5,5
ORD102859,CUST04351,PROD00237,3,4563.28,5,12,14565.99,2026-04-16 04:10:00,Placed,Pending,PLT0029,2026-04-19 04:10:00,3,3
ORD102860,CUST04459,PROD04163,2,8826.08,5,18,19788.07,2026-04-03 22:18:00,Delivered,Pending,PLT0028,2026-04-12 22:18:00,2,1
ORD102861,CUST00934,PROD04238,4,12286.78,15,12,46788.06,2026-02-15 01:34:00,Shipped,Paid,PLT0008,2026-02-18 01:34:00,4,4
ORD102862,CUST00696,PROD01440,2,10806.58,10,5,20424.44,2026-07-05 21:35:00,Delivered,Paid,PLT0002,2026-07-17 21:35:00,2,2
ORD102863,CUST00953,PROD01948,5,2443.5,5,18,13695.82,2026-06-28 21:52:00,Packed,Pending,PLT0005,2026-07-11 21:52:00,5,5
ORD102864,CUST01356,PROD01159,2,13961.31,20,12,25018.67,2026-06-15 13:05:00,In Transit,Paid,PLT0026,2026-06-18 13:05:00,2,2
ORD102865,CUST03604,PROD02170,4,5268.15,20,12,18881.05,2026-02-15 15:02:00,Delivered,Failed,PLT0029,2026-02-23 15:02:00,4,4
ORD102866,CUST03796,PROD01626,2,11070.08,10,18,23512.85,2026-05-27 17:30:00,Shipped,Paid,PLT0000,2026-05-30 17:30:00,2,2
ORD102867,CUST03430,PROD03367,2,5258.74,15,12,10012.64,2026-09-16 15:50:00,Cancelled,Failed,PLT0025,2026-09-25 15:50:00,2,2
ORD102868,CUST00807,PROD04680,2,10137.88,5,12,21573.41,2026-03-09 03:56:00,Shipped,Paid,PLT0003,2026-03-20 03:56:00,2,2
ORD102869,CUST02971,PROD03538,2,5748.58,0,28,14716.36,2026-03-08 14:53:00,Delivered,Paid,PLT0006,2026-03-22 14:53:00,2,2
ORD102870,CUST00782,PROD02500,1,6579.59,15,5,5872.28,2026-06-24 19:45:00,Returned,Paid,PLT0028,2026-07-02 19:45:00,1,1
ORD102871,CUST04469,PROD03669,5,496.05,5,18,2780.36,2026-05-06 09:32:00,Delivered,Paid,PLT0005,2026-05-10 09:32:00,5,3
ORD102872,CUST00242,PROD04020,4,3755.9,10,28,17307.19,2026-03-04 07:29:00,Packed,Failed,PLT0001,2026-03-14 07:29:00,4,3
ORD102873,CUST03686,PROD01745,5,6715.85,20,12,30087.01,2026-03-05 22:11:00,Returned,Paid,PLT0007,2026-03-15 22:11:00,5,5
ORD102874,CUST04120,PROD01217,1,1408.86,10,18,1496.21,2026-09-19 23:24:00,Shipped,Paid,PLT0005,2026-09-23 23:24:00,1,1
ORD102875,CUST02180,PROD02041,1,13623.8,5,18,15272.28,2026-05-13 13:43:00,Packed,Paid,PLT0005,2026-05-21 13:43:00,1,1
ORD102876,CUST02549,PROD04032,1,4402.24,10,5,4160.12,2026-02-04 12:57:00,Packed,Refunded,PLT0025,2026-02-08 12:57:00,1,1
ORD102877,CUST01039,PROD01286,1,8330.62,5,5,8309.79,2026-06-13 03:22:00,Delivered,Paid,PLT0002,2026-06-16 03:22:00,1,1
ORD102878,CUST02157,PROD02095,2,4664.49,5,18,10457.79,2026-08-04 13:20:00,Placed,Paid,PLT0001,2026-08-08 13:20:00,2,2
ORD102879,CUST03187,PROD04845,5,2946.61,10,5,13922.73,2026-05-27 11:45:00,Returned,Paid,PLT0008,2026-06-08 11:45:00,5,4
ORD102880,CUST03837,PROD01350,3,736.74,0,5,2320.73,2026-04-07 17:28:00,Delivered,Paid,PLT0028,2026-04-11 17:28:00,3,2
ORD102881,CUST03562,PROD04952,4,914.09,0,12,4095.12,2026-02-17 03:53:00,Returned,Paid,PLT0003,2026-03-02 03:53:00,4,4
ORD102882,CUST00160,PROD01358,1,6804.36,15,5,6072.89,2026-08-09 17:04:00,Cancelled,Pending,PLT0008,2026-08-20 17:04:00,1,1
ORD102883,CUST00501,PROD00711,5,12186.62,20,5,51183.8,2026-07-05 14:19:00,Delivered,Refunded,PLT0005,2026-07-09 14:19:00,5,5
ORD102884,CUST02081,PROD02024,1,929.9,0,28,1190.27,2026-08-07 03:47:00,Shipped,Paid,PLT0002,2026-08-11 03:47:00,1,1
ORD102885,CUST01139,PROD01889,1,11649.74,15,12,11090.55,2026-06-07 22:35:00,Delivered,Failed,PLT0025,2026-06-16 22:35:00,1,1
ORD102886,CUST02828,PROD01133,1,1387.63,15,12,1321.02,2026-08-17 23:47:00,Packed,Pending,PLT0029,2026-08-27 23:47:00,1,1
ORD102887,CUST04983,PROD02505,1,3286.54,20,18,3102.49,2026-05-22 10:57:00,Delivered,Refunded,PLT0009,2026-05-27 10:57:00,1,1
ORD102888,CUST03636,PROD00044,1,14557.19,0,5,15285.05,2026-08-23 03:09:00,Delivered,Paid,PLT0028,2026-08-29 03:09:00,1,1
ORD102889,CUST03370,PROD03223,4,1427.51,20,28,5847.08,2026-09-16 03:29:00,Cancelled,Refunded,PLT0025,2026-09-24 03:29:00,4,4
ORD102890,CUST02586,PROD00590,5,2514.25,5,28,15286.64,2026-09-17 09:45:00,Packed,Pending,PLT0009,2026-09-20 09:45:00,5,5
ORD102891,CUST04072,PROD04236,1,5119.79,20,12,4587.33,2026-05-28 16:03:00,Shipped,Pending,PLT0006,2026-06-04 16:03:00,1,1
ORD102892,CUST00758,PROD03301,1,6991.21,10,5,6606.69,2026-06-16 10:08:00,Packed,Refunded,PLT0003,2026-06-28 10:08:00,1,1
ORD102893,CUST01505,PROD02365,1,9276.48,0,28,11873.89,2026-05-11 22:45:00,Delivered,Paid,PLT0025,2026-05-20 22:45:00,1,1
ORD102894,CUST02774,PROD03312,1,10541.0,0,18,12438.38,2026-09-02 10:07:00,Shipped,Paid,PLT0002,2026-09-11 10:07:00,1,1
ORD102895,CUST02103,PROD00165,2,1534.61,0,5,3222.68,2026-04-23 03:32:00,Cancelled,Refunded,PLT0002,2026-04-29 03:32:00,2,2
ORD102896,CUST02444,PROD02930,2,6350.8,0,5,13336.68,2026-06-06 23:32:00,Delivered,Paid,PLT0028,2026-06-13 23:32:00,2,2
ORD102897,CUST02868,PROD03246,3,2828.93,0,5,8911.13,2026-03-27 05:00:00,Cancelled,Paid,PLT0025,2026-03-31 05:00:00,3,3
ORD102898,CUST04466,PROD04821,1,4617.53,5,28,5614.92,2026-07-19 11:19:00,In Transit,Paid,PLT0026,2026-07-28 11:19:00,1,1
ORD102899,CUST02469,PROD01225,3,6772.66,0,12,22756.14,2026-06-07 23:58:00,In Transit,Paid,PLT0009,2026-06-10 23:58:00,3,3
ORD102900,CUST03609,PROD03669,4,496.05,5,12,2111.19,2026-07-01 13:23:00,Shipped,Paid,PLT0006,2026-07-15 13:23:00,4,4
ORD102901,CUST04655,PROD02067,3,3300.68,0,18,11684.41,2026-03-15 16:13:00,Placed,Failed,PLT0025,2026-03-28 16:13:00,3,3
ORD102902,CUST02891,PROD03039,5,1172.29,0,28,7502.66,2026-09-09 05:23:00,Placed,Paid,PLT0027,2026-09-23 05:23:00,5,5
ORD102903,CUST00719,PROD00222,2,9135.11,10,5,17265.36,2026-07-16 05:48:00,Delivered,Paid,PLT0005,2026-07-20 05:48:00,2,2
ORD102904,CUST04875,PROD03002,2,12766.23,10,18,27115.47,2026-07-17 15:21:00,Packed,Paid,PLT0029,2026-07-21 15:21:00,2,2
ORD102905,CUST03203,PROD03332,1,11900.83,10,18,12638.68,2026-03-28 04:56:00,Packed,Failed,PLT0004,2026-04-09 04:56:00,1,1
ORD102906,CUST00523,PROD02938,1,9380.99,20,12,8405.37,2026-04-11 03:36:00,In Transit,Refunded,PLT0004,2026-04-21 03:36:00,1,1
ORD102907,CUST02083,PROD04292,4,1359.56,10,5,5139.14,2026-09-04 12:21:00,Delivered,Paid,PLT0028,2026-09-13 12:21:00,4,4
ORD102908,CUST04700,PROD01376,4,13943.92,15,5,49779.79,2026-09-14 18:10:00,Returned,Paid,PLT0028,2026-09-24 18:10:00,4,4
ORD102909,CUST00147,PROD03133,5,14929.1,0,28,95546.24,2026-05-05 09:21:00,Delivered,Paid,PLT0009,2026-05-18 09:21:00,5,3
ORD102910,CUST00547,PROD00684,1,10730.43,10,28,12361.46,2026-03-31 06:04:00,Shipped,Paid,PLT0006,2026-04-14 06:04:00,1,1
ORD102911,CUST02168,PROD03519,1,1228.45,15,28,1336.55,2026-08-18 10:19:00,Cancelled,Paid,PLT0000,2026-08-21 10:19:00,1,1
ORD102912,CUST00230,PROD04776,4,13256.63,15,18,53185.6,2026-08-12 19:40:00,Delivered,Paid,PLT0029,2026-08-24 19:40:00,4,4
ORD102913,CUST04813,PROD00777,4,3744.1,15,5,13366.44,2026-07-01 13:32:00,Returned,Paid,PLT0000,2026-07-08 13:32:00,4,4
ORD102914,CUST00176,PROD01636,4,3829.81,5,12,16299.67,2026-02-10 14:04:00,Placed,Pending,PLT0000,2026-02-14 14:04:00,4,3
ORD102915,CUST02743,PROD02266,2,10136.79,5,18,22726.68,2026-03-10 20:21:00,Shipped,Paid,PLT0026,2026-03-22 20:21:00,2,2
ORD102916,CUST02487,PROD01823,3,9877.71,15,18,29722.03,2026-02-04 15:14:00,In Transit,Paid,PLT0027,2026-02-14 15:14:00,3,3
ORD102917,CUST02464,PROD04279,3,2115.5,20,12,5686.46,2026-06-29 03:06:00,In Transit,Paid,PLT0027,2026-07-05 03:06:00,3,3
ORD102918,CUST02550,PROD00579,1,7923.65,10,12,7987.04,2026-09-14 07:20:00,Delivered,Paid,PLT0007,2026-09-24 07:20:00,1,1
ORD102919,CUST04682,PROD01280,2,8031.32,0,28,20560.18,2026-04-22 22:33:00,Shipped,Failed,PLT0007,2026-04-25 22:33:00,2,2
ORD102920,CUST03464,PROD02777,4,797.01,20,12,2856.48,2026-06-19 23:46:00,In Transit,Paid,PLT0002,2026-06-23 23:46:00,4,4
ORD102921,CUST01393,PROD04591,1,9242.46,0,12,10351.56,2026-06-11 16:43:00,Delivered,Paid,PLT0009,2026-06-23 16:43:00,1,1
ORD102922,CUST03065,PROD00386,2,12874.35,5,12,27396.62,2026-09-22 05:19:00,Returned,Paid,PLT0026,2026-10-03 05:19:00,2,2
ORD102923,CUST01186,PROD01519,5,3970.37,10,12,20010.66,2026-09-03 01:12:00,Delivered,Paid,PLT0003,2026-09-14 01:12:00,5,5
ORD102924,CUST00898,PROD02622,2,14279.77,10,28,32900.59,2026-06-20 21:02:00,Delivered,Refunded,PLT0002,2026-07-04 21:02:00,2,2
ORD102925,CUST03449,PROD03211,1,2648.81,0,18,3125.6,2026-06-11 05:47:00,Delivered,Failed,PLT0009,2026-06-23 05:47:00,1,1
ORD102926,CUST02862,PROD01387,3,12397.22,0,5,39051.24,2026-08-25 16:01:00,In Transit,Refunded,PLT0004,2026-09-03 16:01:00,3,3
ORD102927,CUST02017,PROD00683,4,2816.11,10,5,10644.9,2026-02-08 17:45:00,Returned,Failed,PLT0026,2026-02-22 17:45:00,4,3
ORD102928,CUST04520,PROD04912,5,8907.49,0,18,52554.19,2026-06-21 17:42:00,In Transit,Paid,PLT0026,2026-07-05 17:42:00,5,5
ORD102929,CUST03742,PROD03625,2,4068.74,10,5,7689.92,2026-07-05 18:26:00,Returned,Paid,PLT0029,2026-07-14 18:26:00,2,1
ORD102930,CUST01779,PROD02214,1,15407.68,20,5,12942.45,2026-09-18 15:18:00,Delivered,Paid,PLT0008,2026-09-29 15:18:00,1,1
ORD102931,CUST04769,PROD03894,1,6911.48,0,18,8155.55,2026-07-31 17:49:00,Delivered,Refunded,PLT0002,2026-08-14 17:49:00,1,1
ORD102932,CUST00395,PROD03571,4,5089.62,20,5,17101.12,2026-03-20 11:44:00,Placed,Paid,PLT0007,2026-03-28 11:44:00,4,4
ORD102933,CUST03748,PROD00390,1,12927.67,20,5,10859.24,2026-07-16 15:08:00,Cancelled,Pending,PLT0028,2026-07-26 15:08:00,1,1
ORD102934,CUST03308,PROD02456,1,2312.23,0,18,2728.43,2026-06-22 07:54:00,Delivered,Refunded,PLT0005,2026-07-01 07:54:00,1,1
ORD102935,CUST03198,PROD02434,4,4684.65,10,5,17707.98,2026-06-14 14:23:00,Packed,Paid,PLT0000,2026-06-28 14:23:00,4,4
ORD102936,CUST03296,PROD00478,5,8905.28,15,12,42389.13,2026-07-18 10:02:00,Delivered,Failed,PLT0004,2026-07-31 10:02:00,5,5
ORD102937,CUST03982,PROD02436,3,6291.76,10,18,20045.55,2026-09-01 13:04:00,Returned,Refunded,PLT0001,2026-09-14 13:04:00,3,3
ORD102938,CUST02922,PROD01206,3,12348.48,0,28,47418.16,2026-08-16 03:28:00,Packed,Failed,PLT0026,2026-08-27 03:28:00,3,2
ORD102939,CUST01244,PROD02182,2,3480.05,0,5,7308.1,2026-06-13 06:53:00,Delivered,Paid,PLT0025,2026-06-27 06:53:00,2,2
ORD102940,CUST02104,PROD00890,5,3965.44,5,28,24109.88,2026-07-04 04:54:00,Delivered,Paid,PLT0003,2026-07-07 04:54:00,5,5
ORD102941,CUST02438,PROD02365,2,9276.48,0,5,19480.61,2026-06-25 10:31:00,Delivered,Paid,PLT0029,2026-07-06 10:31:00,2,2
ORD102942,CUST01489,PROD01200,3,2167.37,0,12,7282.36,2026-07-10 03:12:00,Delivered,Pending,PLT0005,2026-07-19 03:12:00,3,3
ORD102943,CUST00116,PROD03412,4,2167.28,20,18,8183.65,2026-09-21 03:29:00,Packed,Failed,PLT0007,2026-09-30 03:29:00,4,4
ORD102944,CUST01972,PROD02582,1,14228.68,5,28,17302.07,2026-04-02 05:44:00,In Transit,Refunded,PLT0025,2026-04-10 05:44:00,1,1
ORD102945,CUST00851,PROD03074,3,4409.43,5,18,14828.91,2026-05-02 20:32:00,Delivered,Refunded,PLT0028,2026-05-08 20:32:00,3,3
ORD102946,CUST02628,PROD01270,5,4736.44,10,28,27281.89,2026-04-11 01:04:00,Placed,Refunded,PLT0028,2026-04-24 01:04:00,5,5
ORD102947,CUST03939,PROD03461,3,4476.08,15,5,11984.7,2026-04-22 01:59:00,Delivered,Failed,PLT0028,2026-04-27 01:59:00,3,3
ORD102948,CUST04827,PROD00577,5,2437.47,10,12,12284.85,2026-06-09 23:18:00,Cancelled,Failed,PLT0006,2026-06-20 23:18:00,5,5
ORD102949,CUST04864,PROD03237,5,3589.91,5,28,21826.65,2026-03-22 06:54:00,Delivered,Paid,PLT0001,2026-04-05 06:54:00,5,5
ORD102950,CUST04046,PROD00449,5,6081.53,5,28,36975.7,2026-08-21 12:32:00,Packed,Refunded,PLT0002,2026-08-29 12:32:00,5,5
ORD102951,CUST00075,PROD02101,2,14648.93,15,12,27891.56,2026-02-18 22:35:00,Placed,Paid,PLT0025,2026-03-01 22:35:00,2,2
ORD102952,CUST03313,PROD03309,4,5975.23,0,12,26769.03,2026-09-18 19:16:00,Delivered,Refunded,PLT0006,2026-09-30 19:16:00,4,4
ORD102953,CUST02844,PROD02433,3,15744.81,15,12,44967.18,2026-04-21 07:14:00,Shipped,Paid,PLT0009,2026-04-27 07:14:00,3,3
ORD102954,CUST04567,PROD02018,4,14406.35,20,12,51632.36,2026-08-14 19:44:00,Delivered,Pending,PLT0027,2026-08-21 19:44:00,4,4
ORD102955,CUST00539,PROD00219,1,10428.16,10,12,10511.59,2026-02-04 06:23:00,Shipped,Paid,PLT0027,2026-02-18 06:23:00,1,1
ORD102956,CUST00840,PROD00222,3,9135.11,0,18,32338.29,2026-02-09 01:32:00,Delivered,Failed,PLT0026,2026-02-19 01:32:00,3,3
ORD102957,CUST01073,PROD03594,4,9310.1,10,5,35192.18,2026-09-08 14:30:00,Returned,Refunded,PLT0008,2026-09-15 14:30:00,4,4
ORD102958,CUST02273,PROD01313,4,8805.72,15,5,31436.42,2026-09-12 10:29:00,Delivered,Pending,PLT0029,2026-09-22 10:29:00,4,3
ORD102959,CUST03021,PROD02504,1,15300.15,0,28,19584.19,2026-06-28 04:35:00,Delivered,Pending,PLT0007,2026-07-03 04:35:00,1,1
ORD102960,CUST00479,PROD03794,5,11846.98,15,12,56391.62,2026-03-01 13:58:00,Delivered,Failed,PLT0029,2026-03-14 13:58:00,5,5
ORD102961,CUST03874,PROD03223,3,1427.51,20,18,4042.71,2026-03-09 23:11:00,Returned,Paid,PLT0026,2026-03-18 23:11:00,3,3
ORD102962,CUST03586,PROD03171,3,10516.26,0,18,37227.56,2026-04-06 02:59:00,In Transit,Refunded,PLT0009,2026-04-15 02:59:00,3,2
ORD102963,CUST04512,PROD00084,1,1109.58,5,28,1349.25,2026-08-10 20:17:00,In Transit,Paid,PLT0026,2026-08-17 20:17:00,1,1
ORD102964,CUST01916,PROD02925,5,5996.96,0,12,33582.98,2026-05-03 00:32:00,In Transit,Failed,PLT0002,2026-05-10 00:32:00,5,5
ORD102965,CUST03569,PROD01786,3,14331.37,5,5,42886.62,2026-04-20 09:02:00,Delivered,Paid,PLT0006,2026-04-24 09:02:00,3,3
ORD102966,CUST01833,PROD00588,3,2148.19,0,12,7217.92,2026-03-12 01:34:00,Cancelled,Pending,PLT0002,2026-03-18 01:34:00,3,3
ORD102967,CUST02682,PROD01785,3,10582.73,0,18,37462.86,2026-07-10 03:32:00,Packed,Paid,PLT0026,2026-07-18 03:32:00,3,3
ORD102968,CUST00350,PROD03938,5,2646.59,5,12,14079.86,2026-09-24 03:41:00,Cancelled,Refunded,PLT0009,2026-10-08 03:41:00,5,5
ORD102969,CUST03454,PROD04333,1,7092.7,5,5,7074.97,2026-04-02 06:34:00,Delivered,Failed,PLT0009,2026-04-13 06:34:00,1,1
ORD102970,CUST04191,PROD01719,3,15739.49,0,5,49579.39,2026-04-09 23:55:00,Returned,Paid,PLT0004,2026-04-23 23:55:00,3,2
ORD102971,CUST00400,PROD03787,4,9271.03,5,28,45094.29,2026-06-14 13:35:00,Delivered,Pending,PLT0025,2026-06-23 13:35:00,4,4
ORD102972,CUST00844,PROD02326,5,15284.46,5,18,85669.4,2026-09-08 19:41:00,In Transit,Paid,PLT0027,2026-09-18 19:41:00,5,5
ORD102973,CUST04660,PROD03914,2,15654.84,0,12,35066.84,2026-06-06 10:52:00,Returned,Refunded,PLT0026,2026-06-15 10:52:00,2,2
ORD102974,CUST01140,PROD03083,1,3320.86,5,12,3533.4,2026-07-02 10:23:00,Delivered,Paid,PLT0007,2026-07-14 10:23:00,1,1
ORD102975,CUST01199,PROD03112,4,3947.15,5,28,19198.94,2026-06-29 21:51:00,Delivered,Pending,PLT0027,2026-07-03 21:51:00,4,4
ORD102976,CUST03765,PROD04942,3,6994.74,10,28,24173.82,2026-02-21 12:56:00,Placed,Paid,PLT0006,2026-02-24 12:56:00,3,1
ORD102977,CUST00982,PROD01838,2,5477.45,20,28,11217.82,2026-06-09 19:28:00,Returned,Paid,PLT0004,2026-06-22 19:28:00,2,2
ORD102978,CUST03428,PROD04039,1,10583.83,10,18,11240.03,2026-03-24 03:59:00,Delivered,Paid,PLT0005,2026-04-04 03:59:00,1,1
ORD102979,CUST03401,PROD03870,5,1213.72,0,12,6796.83,2026-08-12 11:02:00,Cancelled,Refunded,PLT0000,2026-08-22 11:02:00,5,5
ORD102980,CUST01404,PROD03945,2,1692.9,10,28,3900.44,2026-08-29 15:49:00,Cancelled,Paid,PLT0025,2026-09-03 15:49:00,2,2
ORD102981,CUST01691,PROD01520,2,14838.85,10,18,31517.72,2026-02-02 19:08:00,Shipped,Refunded,PLT0025,2026-02-06 19:08:00,2,2
ORD102982,CUST04975,PROD02500,4,6579.59,0,12,29476.56,2026-05-14 02:42:00,Cancelled,Paid,PLT0007,2026-05-22 02:42:00,4,4
ORD102983,CUST01876,PROD01444,1,7154.63,5,5,7136.74,2026-05-21 14:36:00,Cancelled,Failed,PLT0005,2026-06-04 14:36:00,1,1
ORD102984,CUST02934,PROD02105,4,12711.86,5,28,61830.49,2026-04-28 08:27:00,Shipped,Paid,PLT0001,2026-05-07 08:27:00,4,4
ORD102985,CUST01477,PROD01384,4,4203.32,10,18,17855.7,2026-06-29 20:47:00,Returned,Pending,PLT0001,2026-07-04 20:47:00,4,4
ORD102986,CUST03437,PROD03955,3,3779.46,0,12,12698.99,2026-06-09 07:56:00,Placed,Refunded,PLT0009,2026-06-16 07:56:00,3,3
ORD102987,CUST00011,PROD04178,5,13017.33,5,12,69252.2,2026-04-23 15:03:00,Shipped,Refunded,PLT0029,2026-04-26 15:03:00,5,5
ORD102988,CUST00696,PROD02556,2,15285.33,15,28,33260.88,2026-03-11 06:59:00,Cancelled,Paid,PLT0002,2026-03-18 06:59:00,2,2
ORD102989,CUST03778,PROD00591,1,2306.35,0,28,2952.13,2026-04-14 15:43:00,Cancelled,Refunded,PLT0007,2026-04-28 15:43:00,1,1
ORD102990,CUST03666,PROD01444,5,7154.63,0,12,40065.93,2026-03-22 11:46:00,Packed,Failed,PLT0001,2026-03-30 11:46:00,5,3
ORD102991,CUST01421,PROD04414,5,10303.93,20,18,48634.55,2026-02-05 13:17:00,Delivered,Paid,PLT0027,2026-02-18 13:17:00,5,5
ORD102992,CUST03414,PROD04027,1,6411.18,0,5,6731.74,2026-05-08 22:08:00,Placed,Failed,PLT0001,2026-05-12 22:08:00,1,1
ORD102993,CUST02813,PROD03377,5,12196.54,10,12,61470.56,2026-09-15 00:20:00,Placed,Paid,PLT0004,2026-09-23 00:20:00,5,2
ORD102994,CUST02751,PROD00869,3,13801.39,0,18,48856.92,2026-04-12 19:01:00,Delivered,Paid,PLT0006,2026-04-24 19:01:00,3,3
ORD102995,CUST04137,PROD01095,5,3766.65,0,28,24106.56,2026-03-08 09:08:00,Delivered,Failed,PLT0003,2026-03-19 09:08:00,5,5
ORD102996,CUST00552,PROD04135,3,9535.04,15,12,27232.07,2026-08-21 04:55:00,Delivered,Paid,PLT0005,2026-09-01 04:55:00,3,3
ORD102997,CUST01672,PROD01185,2,1728.9,5,28,4204.68,2026-06-03 20:43:00,Placed,Paid,PLT0004,2026-06-06 20:43:00,2,2
ORD102998,CUST01042,PROD03496,2,3457.59,15,5,6171.8,2026-08-25 20:52:00,Returned,Paid,PLT0006,2026-08-29 20:52:00,2,2
ORD102999,CUST03561,PROD00866,4,8997.28,10,28,41459.47,2026-08-29 18:21:00,Cancelled,Refunded,PLT0004,2026-09-03 18:21:00,4,4
ORD103000,CUST00808,PROD01307,3,11452.98,0,5,36076.89,2026-09-15 12:27:00,Returned,Refunded,PLT0025,2026-09-26 12:27:00,3,3
ORD103001,CUST01556,PROD02291,2,9810.4,5,28,23858.89,2026-05-20 00:28:00,Packed,Paid,PLT0002,2026-05-25 00:28:00,2,1
ORD103002,CUST02749,PROD04778,5,4993.32,20,28,25565.8,2026-07-13 21:23:00,Cancelled,Paid,PLT0029,2026-07-17 21:23:00,5,5
ORD103003,CUST02130,PROD04536,1,9448.07,20,5,7936.38,2026-08-06 11:20:00,In Transit,Refunded,PLT0001,2026-08-10 11:20:00,1,1
ORD103004,CUST01119,PROD03782,1,5295.04,0,28,6777.65,2026-04-17 00:01:00,Delivered,Paid,PLT0029,2026-04-24 00:01:00,1,1
ORD103005,CUST03707,PROD03673,3,11620.11,0,18,41135.19,2026-08-13 11:20:00,Packed,Paid,PLT0026,2026-08-23 11:20:00,3,3
ORD103006,CUST00045,PROD04992,4,9218.66,20,28,37759.63,2026-02-19 01:47:00,Returned,Refunded,PLT0007,2026-02-22 01:47:00,4,4
ORD103007,CUST00674,PROD04647,5,10874.8,20,12,48719.1,2026-09-02 16:16:00,Returned,Pending,PLT0029,2026-09-14 16:16:00,5,5
ORD103008,CUST04513,PROD04918,3,6015.11,10,28,20788.22,2026-07-10 05:44:00,Delivered,Paid,PLT0009,2026-07-14 05:44:00,3,3
ORD103009,CUST01049,PROD02348,1,5853.53,0,18,6907.17,2026-06-09 23:31:00,Cancelled,Refunded,PLT0027,2026-06-17 23:31:00,1,1
ORD103010,CUST01752,PROD04138,3,5243.13,20,12,14093.53,2026-05-17 21:14:00,Delivered,Paid,PLT0000,2026-05-25 21:14:00,3,3
ORD103011,CUST01657,PROD00601,5,2785.07,0,18,16431.91,2026-05-18 18:21:00,Shipped,Paid,PLT0003,2026-05-22 18:21:00,5,5
ORD103012,CUST01087,PROD04775,2,5462.56,20,12,9788.91,2026-07-01 19:54:00,Delivered,Failed,PLT0026,2026-07-06 19:54:00,2,2
ORD103013,CUST00471,PROD02553,5,12949.94,5,28,78735.64,2026-04-28 02:45:00,Delivered,Paid,PLT0008,2026-05-11 02:45:00,5,5
ORD103014,CUST00423,PROD00305,2,11643.85,5,18,26105.51,2026-05-09 13:50:00,Shipped,Pending,PLT0004,2026-05-19 13:50:00,2,2
ORD103015,CUST01361,PROD03335,2,14256.51,0,28,36496.67,2026-08-22 18:01:00,Packed,Paid,PLT0003,2026-08-30 18:01:00,2,2
ORD103016,CUST02657,PROD04518,2,14354.54,10,12,28938.75,2026-04-21 17:53:00,Delivered,Paid,PLT0009,2026-05-02 17:53:00,2,2
ORD103017,CUST01825,PROD00998,3,2274.42,0,18,8051.45,2026-09-09 14:01:00,Delivered,Pending,PLT0005,2026-09-23 14:01:00,3,3
ORD103018,CUST00353,PROD01455,1,582.15,0,5,611.26,2026-08-09 16:55:00,Shipped,Refunded,PLT0006,2026-08-14 16:55:00,1,1
ORD103019,CUST02257,PROD03753,3,5089.66,20,18,14413.92,2026-09-05 12:05:00,Placed,Paid,PLT0007,2026-09-14 12:05:00,3,3
ORD103020,CUST03270,PROD02843,1,14701.98,5,28,17877.61,2026-07-08 08:08:00,Packed,Pending,PLT0004,2026-07-15 08:08:00,1,1
ORD103021,CUST03859,PROD03291,5,1163.88,10,5,5499.33,2026-02-09 05:16:00,Packed,Failed,PLT0008,2026-02-22 05:16:00,5,3
ORD103022,CUST02531,PROD00740,4,6092.42,10,5,23029.35,2026-06-02 03:14:00,Returned,Pending,PLT0028,2026-06-15 03:14:00,4,4
ORD103023,CUST00140,PROD00088,5,10236.16,10,12,51590.25,2026-02-14 23:44:00,Placed,Paid,PLT0005,2026-02-24 23:44:00,5,5
ORD103024,CUST03713,PROD02411,3,11042.56,20,5,27827.25,2026-02-14 04:14:00,Returned,Paid,PLT0004,2026-02-25 04:14:00,3,3
ORD103025,CUST00770,PROD00302,3,8547.54,0,5,26924.75,2026-04-18 02:24:00,Shipped,Failed,PLT0027,2026-04-30 02:24:00,3,3
ORD103026,CUST04461,PROD04580,1,10364.08,10,12,10446.99,2026-03-13 06:18:00,Delivered,Paid,PLT0006,2026-03-22 06:18:00,1,1
ORD103027,CUST03050,PROD03485,3,9371.73,20,18,26540.74,2026-05-18 02:46:00,Delivered,Paid,PLT0027,2026-05-30 02:46:00,3,3
ORD103028,CUST01803,PROD03869,2,10563.74,20,28,21634.54,2026-09-05 01:01:00,Returned,Pending,PLT0005,2026-09-19 01:01:00,2,1
ORD103029,CUST01905,PROD01538,3,10928.77,0,18,38687.85,2026-08-12 23:36:00,Delivered,Pending,PLT0007,2026-08-24 23:36:00,3,2
ORD103030,CUST00928,PROD01174,1,4229.88,15,5,3775.17,2026-04-09 22:40:00,Shipped,Paid,PLT0026,2026-04-23 22:40:00,1,1
ORD103031,CUST00636,PROD02652,1,5961.44,10,28,6867.58,2026-02-26 16:23:00,Packed,Refunded,PLT0001,2026-03-03 16:23:00,1,1
ORD103032,CUST02787,PROD04270,2,15053.01,15,18,30196.34,2026-06-30 14:45:00,Packed,Pending,PLT0028,2026-07-09 14:45:00,2,2
ORD103033,CUST03307,PROD03218,1,130.67,0,28,167.26,2026-03-16 01:50:00,Shipped,Pending,PLT0029,2026-03-28 01:50:00,1,1
ORD103034,CUST02417,PROD04124,4,14413.2,20,5,48428.35,2026-02-06 07:43:00,Packed,Failed,PLT0027,2026-02-16 07:43:00,4,4
ORD103035,CUST04155,PROD02181,5,4953.44,10,18,26302.77,2026-06-29 03:56:00,Delivered,Failed,PLT0026,2026-07-05 03:56:00,5,5
ORD103036,CUST01802,PROD04266,3,7127.33,5,28,26000.5,2026-01-31 19:07:00,Delivered,Failed,PLT0028,2026-02-05 19:07:00,3,3
ORD103037,CUST02653,PROD00588,4,2148.19,0,28,10998.73,2026-04-26 02:12:00,Delivered,Failed,PLT0008,2026-05-01 02:12:00,4,4
ORD103038,CUST03398,PROD00248,3,15468.81,0,18,54759.59,2026-05-04 17:26:00,In Transit,Failed,PLT0008,2026-05-12 17:26:00,3,2
ORD103039,CUST01456,PROD03101,4,1571.75,0,18,7418.66,2026-05-31 01:27:00,In Transit,Pending,PLT0000,2026-06-06 01:27:00,4,4
ORD103040,CUST04552,PROD01309,3,5496.26,15,5,14716.24,2026-02-02 07:43:00,In Transit,Refunded,PLT0001,2026-02-08 07:43:00,3,3
ORD103041,CUST03775,PROD02261,2,12403.69,20,12,22227.41,2026-08-05 22:00:00,Returned,Paid,PLT0004,2026-08-18 22:00:00,2,2
ORD103042,CUST02782,PROD03770,1,1952.67,15,28,2124.5,2026-06-05 14:24:00,Packed,Failed,PLT0004,2026-06-12 14:24:00,1,1
ORD103043,CUST01584,PROD00609,1,8103.33,5,18,9083.83,2026-02-08 21:44:00,Cancelled,Pending,PLT0000,2026-02-20 21:44:00,1,1
ORD103044,CUST00873,PROD03172,2,4236.76,5,18,9498.82,2026-05-13 09:34:00,Returned,Pending,PLT0027,2026-05-19 09:34:00,2,1
ORD103045,CUST04171,PROD02847,4,12621.03,0,18,59571.26,2026-02-24 15:49:00,Delivered,Paid,PLT0027,2026-03-07 15:49:00,4,3
ORD103046,CUST02119,PROD03209,5,7082.45,10,28,40794.91,2026-06-04 18:00:00,Shipped,Paid,PLT0000,2026-06-17 18:00:00,5,5
ORD103047,CUST04448,PROD01592,4,15859.97,0,5,66611.87,2026-02-13 23:23:00,Cancelled,Paid,PLT0000,2026-02-26 23:23:00,4,3
ORD103048,CUST01940,PROD04387,1,15359.68,0,12,17202.84,2026-08-14 22:07:00,Delivered,Paid,PLT0029,2026-08-20 22:07:00,1,1
ORD103049,CUST01948,PROD03436,5,6287.76,5,28,38229.58,2026-03-17 20:26:00,Placed,Refunded,PLT0029,2026-03-26 20:26:00,5,5
ORD103050,CUST03103,PROD02597,3,4414.41,15,5,11819.58,2026-05-05 08:57:00,Packed,Failed,PLT0006,2026-05-17 08:57:00,3,3
ORD103051,CUST02357,PROD00570,5,5636.26,5,28,34268.46,2026-02-12 10:20:00,Cancelled,Refunded,PLT0003,2026-02-21 10:20:00,5,3
ORD103052,CUST04610,PROD01494,4,1262.82,20,28,5172.51,2026-02-24 04:13:00,Cancelled,Failed,PLT0029,2026-02-28 04:13:00,4,4
ORD103053,CUST01235,PROD00210,2,2655.85,5,18,5954.42,2026-04-18 06:48:00,Placed,Refunded,PLT0007,2026-05-02 06:48:00,2,2
ORD103054,CUST00908,PROD02755,3,14687.02,5,5,43950.91,2026-08-19 05:51:00,Delivered,Failed,PLT0025,2026-08-22 05:51:00,3,3
ORD103055,CUST02824,PROD02154,4,13232.05,0,18,62455.28,2026-03-01 15:57:00,Placed,Failed,PLT0009,2026-03-08 15:57:00,4,4
ORD103056,CUST01230,PROD00909,3,4223.83,10,18,13457.12,2026-09-05 20:36:00,Delivered,Paid,PLT0025,2026-09-08 20:36:00,3,3
ORD103057,CUST04809,PROD02907,5,15570.94,0,5,81747.44,2026-08-12 07:01:00,In Transit,Paid,PLT0026,2026-08-26 07:01:00,5,5
ORD103058,CUST03400,PROD01055,1,15966.15,0,18,18840.06,2026-09-20 21:11:00,In Transit,Paid,PLT0009,2026-10-01 21:11:00,1,1
ORD103059,CUST02076,PROD04116,4,5520.24,5,18,24752.76,2026-06-11 06:10:00,Cancelled,Failed,PLT0002,2026-06-22 06:10:00,4,4
ORD103060,CUST02981,PROD00216,2,3871.26,5,12,8238.04,2026-09-17 09:45:00,Placed,Failed,PLT0025,2026-09-23 09:45:00,2,2
ORD103061,CUST04268,PROD03961,5,9224.8,0,5,48430.2,2026-08-13 07:54:00,Packed,Paid,PLT0003,2026-08-20 07:54:00,5,5
ORD103062,CUST03825,PROD04106,4,10653.81,5,5,42508.7,2026-03-01 05:31:00,In Transit,Paid,PLT0007,2026-03-08 05:31:00,4,4
ORD103063,CUST00518,PROD03450,2,947.23,5,18,2123.69,2026-02-11 12:20:00,Delivered,Failed,PLT0005,2026-02-20 12:20:00,2,2
ORD103064,CUST03099,PROD02453,4,8966.57,20,18,33857.77,2026-04-13 03:14:00,In Transit,Refunded,PLT0006,2026-04-20 03:14:00,4,4
ORD103065,CUST03146,PROD03806,5,15517.61,5,5,77394.08,2026-09-17 09:29:00,Returned,Pending,PLT0005,2026-09-23 09:29:00,5,5
ORD103066,CUST01591,PROD03961,4,9224.8,0,5,38744.16,2026-08-18 21:28:00,Delivered,Refunded,PLT0000,2026-08-25 21:28:00,4,2
ORD103067,CUST01715,PROD00064,3,5771.38,0,28,22162.1,2026-01-29 06:21:00,Delivered,Paid,PLT0028,2026-02-08 06:21:00,3,1
ORD103068,CUST00387,PROD00931,5,2314.76,5,5,11544.87,2026-09-21 10:34:00,Packed,Paid,PLT0009,2026-09-27 10:34:00,5,5
ORD103069,CUST01700,PROD03444,4,15929.53,10,28,73403.27,2026-02-05 12:19:00,Delivered,Paid,PLT0004,2026-02-16 12:19:00,4,4
ORD103070,CUST01087,PROD04762,1,15790.65,0,18,18632.97,2026-09-11 02:39:00,In Transit,Paid,PLT0006,2026-09-15 02:39:00,1,1
ORD103071,CUST01319,PROD03075,4,9601.93,15,12,36564.15,2026-06-09 12:04:00,Delivered,Refunded,PLT0026,2026-06-13 12:04:00,4,4
ORD103072,CUST00788,PROD01135,3,10962.81,20,12,29468.03,2026-06-23 16:43:00,Delivered,Paid,PLT0002,2026-07-03 16:43:00,3,3
ORD103073,CUST03556,PROD00136,2,5237.93,0,28,13409.1,2026-02-08 23:57:00,Delivered,Failed,PLT0006,2026-02-14 23:57:00,2,2
ORD103074,CUST04523,PROD01237,2,13842.3,0,18,32667.83,2026-03-05 19:33:00,Shipped,Paid,PLT0000,2026-03-10 19:33:00,2,2
ORD103075,CUST04207,PROD01962,2,6616.49,0,18,15614.92,2026-04-04 08:55:00,Delivered,Paid,PLT0027,2026-04-12 08:55:00,2,2
ORD103076,CUST00380,PROD01582,1,6314.41,15,18,6333.35,2026-06-12 21:31:00,Placed,Refunded,PLT0026,2026-06-17 21:31:00,1,1
ORD103077,CUST03821,PROD03116,3,14050.77,20,5,35407.94,2026-08-22 09:32:00,Delivered,Paid,PLT0009,2026-08-27 09:32:00,3,3
ORD103078,CUST00026,PROD01029,5,5172.7,10,18,27467.04,2026-07-06 16:17:00,Delivered,Paid,PLT0000,2026-07-12 16:17:00,5,5
ORD103079,CUST00784,PROD04028,2,2584.44,15,5,4613.23,2026-04-22 05:01:00,Delivered,Paid,PLT0002,2026-04-29 05:01:00,2,2
ORD103080,CUST04194,PROD00249,3,15420.56,0,28,59214.95,2026-07-03 15:04:00,Shipped,Failed,PLT0009,2026-07-17 15:04:00,3,3
ORD103081,CUST01278,PROD03278,4,7812.01,15,12,29748.13,2026-08-03 02:55:00,Packed,Refunded,PLT0026,2026-08-07 02:55:00,4,4
ORD103082,CUST00686,PROD03041,1,2950.9,0,28,3777.15,2026-03-31 03:20:00,Placed,Paid,PLT0028,2026-04-14 03:20:00,1,1
ORD103083,CUST02740,PROD02000,3,4585.77,10,18,14610.26,2026-04-12 10:54:00,Shipped,Paid,PLT0006,2026-04-19 10:54:00,3,3
ORD103084,CUST02755,PROD04586,3,15452.66,10,18,49232.17,2026-02-23 21:26:00,Delivered,Paid,PLT0029,2026-03-02 21:26:00,3,3
ORD103085,CUST04009,PROD00592,5,10288.91,0,28,65849.02,2026-06-13 05:27:00,Cancelled,Refunded,PLT0027,2026-06-24 05:27:00,5,5
ORD103086,CUST02154,PROD01708,3,3534.01,10,5,10018.92,2026-08-28 15:11:00,Packed,Paid,PLT0002,2026-09-11 15:11:00,3,1
ORD103087,CUST00718,PROD03869,5,10563.74,5,5,52686.65,2026-03-27 18:19:00,Shipped,Paid,PLT0008,2026-04-05 18:19:00,5,5
ORD103088,CUST01097,PROD04425,1,5113.28,15,5,4563.6,2026-02-15 20:28:00,Delivered,Paid,PLT0028,2026-02-23 20:28:00,1,1
ORD103089,CUST03013,PROD04858,1,15014.22,15,12,14293.54,2026-06-23 05:49:00,Returned,Paid,PLT0001,2026-07-04 05:49:00,1,1
ORD103090,CUST00823,PROD02712,4,8334.57,0,12,37338.87,2026-05-03 16:57:00,Delivered,Paid,PLT0008,2026-05-17 16:57:00,4,4
ORD103091,CUST01462,PROD03172,5,4236.76,10,18,22497.2,2026-01-29 23:04:00,Placed,Paid,PLT0002,2026-02-03 23:04:00,5,5
ORD103092,CUST00851,PROD01128,5,6593.41,0,28,42197.82,2026-07-12 02:43:00,Delivered,Paid,PLT0026,2026-07-20 02:43:00,5,5
ORD103093,CUST04463,PROD01653,2,4282.49,0,28,10963.17,2026-04-23 19:50:00,Cancelled,Refunded,PLT0029,2026-05-06 19:50:00,2,2
ORD103094,CUST04475,PROD02686,2,406.31,0,18,958.89,2026-02-06 05:43:00,Delivered,Failed,PLT0026,2026-02-11 05:43:00,2,2
ORD103095,CUST01561,PROD02414,4,536.83,20,5,1803.75,2026-06-12 06:21:00,Placed,Paid,PLT0006,2026-06-20 06:21:00,4,3
ORD103096,CUST01598,PROD01851,1,4644.92,5,12,4942.19,2026-05-29 11:20:00,Returned,Refunded,PLT0004,2026-06-08 11:20:00,1,1
ORD103097,CUST02379,PROD02994,2,6404.2,10,28,14755.28,2026-08-30 10:08:00,In Transit,Pending,PLT0002,2026-09-08 10:08:00,2,2
ORD103098,CUST00125,PROD00556,3,6514.38,0,18,23060.91,2026-06-12 20:53:00,Placed,Paid,PLT0007,2026-06-23 20:53:00,3,3
ORD103099,CUST00639,PROD01333,1,3731.43,5,5,3722.1,2026-05-11 12:31:00,Cancelled,Paid,PLT0029,2026-05-19 12:31:00,1,1
ORD103100,CUST03844,PROD04821,3,4617.53,15,5,12363.44,2026-09-16 00:57:00,In Transit,Pending,PLT0026,2026-09-25 00:57:00,3,3
ORD103101,CUST04711,PROD00157,5,10785.96,0,12,60401.38,2026-09-02 23:06:00,Delivered,Paid,PLT0002,2026-09-09 23:06:00,5,5
ORD103102,CUST00593,PROD02552,1,1863.87,10,12,1878.78,2026-05-02 18:57:00,Delivered,Paid,PLT0026,2026-05-10 18:57:00,1,1
ORD103103,CUST04857,PROD02945,4,12167.18,10,18,51686.18,2026-01-30 08:46:00,Delivered,Paid,PLT0007,2026-02-13 08:46:00,4,4
ORD103104,CUST02492,PROD04465,5,10838.75,20,18,51158.9,2026-06-04 06:02:00,Placed,Failed,PLT0027,2026-06-10 06:02:00,5,5
ORD103105,CUST02181,PROD04636,5,15241.95,15,5,68017.2,2026-03-31 10:35:00,Placed,Paid,PLT0008,2026-04-12 10:35:00,5,5
ORD103106,CUST02801,PROD03405,3,11995.12,10,5,34006.17,2026-07-05 12:18:00,Cancelled,Refunded,PLT0028,2026-07-18 12:18:00,3,3
ORD103107,CUST02996,PROD01795,5,761.6,20,28,3899.39,2026-02-07 08:03:00,Cancelled,Pending,PLT0026,2026-02-12 08:03:00,5,5
ORD103108,CUST03879,PROD04517,2,8388.89,20,5,14093.34,2026-08-27 04:39:00,Delivered,Paid,PLT0028,2026-09-01 04:39:00,2,2
ORD103109,CUST03580,PROD02901,1,2132.08,20,18,2012.68,2026-07-03 08:50:00,Placed,Paid,PLT0006,2026-07-11 08:50:00,1,1
ORD103110,CUST03181,PROD04941,2,5534.4,10,12,11157.35,2026-05-03 22:48:00,Cancelled,Failed,PLT0001,2026-05-08 22:48:00,2,2
ORD103111,CUST04768,PROD02981,3,7057.82,10,18,22486.21,2026-07-20 21:19:00,Delivered,Pending,PLT0008,2026-07-23 21:19:00,3,1
ORD103112,CUST03087,PROD01131,3,11601.38,10,28,40094.37,2026-07-29 06:34:00,Returned,Refunded,PLT0001,2026-08-04 06:34:00,3,3
ORD103113,CUST01234,PROD02377,1,4969.38,5,28,6042.77,2026-03-02 13:56:00,Delivered,Paid,PLT0003,2026-03-08 13:56:00,1,1
ORD103114,CUST02817,PROD00394,5,12443.97,20,12,55748.99,2026-05-30 11:29:00,Delivered,Paid,PLT0008,2026-06-10 11:29:00,5,5
ORD103115,CUST01652,PROD02782,4,13513.03,5,18,60592.43,2026-04-05 02:19:00,Delivered,Paid,PLT0002,2026-04-11 02:19:00,4,4
ORD103116,CUST03367,PROD00321,3,8831.7,0,28,33913.73,2026-01-29 01:19:00,Delivered,Paid,PLT0005,2026-02-07 01:19:00,3,3
ORD103117,CUST03698,PROD00469,1,3654.17,10,18,3880.73,2026-04-12 16:19:00,Shipped,Pending,PLT0006,2026-04-22 16:19:00,1,1
ORD103118,CUST00846,PROD02274,4,10469.37,15,28,45562.7,2026-05-26 19:09:00,Delivered,Paid,PLT0005,2026-06-09 19:09:00,4,4
ORD103119,CUST00840,PROD02589,5,3945.71,0,12,22095.98,2026-05-24 18:38:00,Delivered,Pending,PLT0029,2026-06-06 18:38:00,5,5
ORD103120,CUST03978,PROD00719,3,2075.33,0,28,7969.27,2026-02-23 05:09:00,In Transit,Refunded,PLT0003,2026-03-07 05:09:00,3,3
ORD103121,CUST01007,PROD00180,1,2285.58,0,18,2696.98,2026-03-27 23:35:00,In Transit,Paid,PLT0009,2026-04-10 23:35:00,1,1
ORD103122,CUST01117,PROD03270,1,11048.24,0,18,13036.92,2026-08-08 12:21:00,Delivered,Paid,PLT0002,2026-08-16 12:21:00,1,1
ORD103123,CUST00354,PROD03124,1,7396.15,10,28,8520.36,2026-04-01 16:53:00,Returned,Paid,PLT0007,2026-04-09 16:53:00,1,1
ORD103124,CUST01870,PROD03338,3,12162.57,15,5,32565.28,2026-08-16 20:16:00,Returned,Paid,PLT0028,2026-08-20 20:16:00,3,3
ORD103125,CUST02500,PROD00104,4,8185.27,0,12,36670.01,2026-06-25 21:18:00,Delivered,Failed,PLT0005,2026-06-29 21:18:00,4,4
ORD103126,CUST03005,PROD03059,1,1300.78,20,12,1165.5,2026-01-31 22:59:00,Delivered,Refunded,PLT0025,2026-02-04 22:59:00,1,1
ORD103127,CUST03929,PROD04557,5,10641.13,0,28,68103.23,2026-04-23 04:22:00,Delivered,Pending,PLT0006,2026-05-03 04:22:00,5,5
ORD103128,CUST02199,PROD04207,1,9409.46,0,28,12044.11,2026-08-29 18:21:00,Delivered,Refunded,PLT0027,2026-09-06 18:21:00,1,1
ORD103129,CUST01001,PROD00363,4,7385.22,15,5,26365.24,2026-02-17 05:27:00,Returned,Pending,PLT0000,2026-02-27 05:27:00,4,4
ORD103130,CUST03641,PROD04741,3,11526.62,15,12,32920.03,2026-08-10 00:08:00,Placed,Paid,PLT0007,2026-08-22 00:08:00,3,2
ORD103131,CUST02792,PROD02587,1,1240.24,0,5,1302.25,2026-07-18 07:01:00,Placed,Paid,PLT0029,2026-07-28 07:01:00,1,1
ORD103132,CUST03119,PROD04660,1,11553.11,15,12,10998.56,2026-06-07 20:47:00,Shipped,Failed,PLT0000,2026-06-20 20:47:00,1,1
ORD103133,CUST02823,PROD01282,5,11268.19,0,28,72116.42,2026-04-03 21:54:00,Shipped,Refunded,PLT0006,2026-04-09 21:54:00,5,5
ORD103134,CUST01415,PROD02139,5,3078.85,0,12,17241.56,2026-09-25 17:04:00,Placed,Refunded,PLT0027,2026-10-08 17:04:00,5,5
ORD103135,CUST01706,PROD01730,1,9880.99,0,12,11066.71,2026-07-04 07:59:00,Cancelled,Paid,PLT0028,2026-07-14 07:59:00,1,1
ORD103136,CUST00048,PROD04745,1,3799.38,20,12,3404.24,2026-06-01 09:05:00,Delivered,Pending,PLT0027,2026-06-05 09:05:00,1,1
ORD103137,CUST00388,PROD04128,5,15139.2,10,5,71532.72,2026-04-02 21:57:00,Delivered,Refunded,PLT0026,2026-04-08 21:57:00,5,5
ORD103138,CUST01069,PROD00699,4,2553.37,0,5,10724.15,2026-02-09 05:55:00,Delivered,Paid,PLT0028,2026-02-13 05:55:00,4,4
ORD103139,CUST01515,PROD02760,2,1088.03,15,12,2071.61,2026-08-14 22:01:00,Delivered,Paid,PLT0001,2026-08-18 22:01:00,2,2
ORD103140,CUST02397,PROD04314,2,14013.62,0,18,33072.14,2026-04-03 15:15:00,In Transit,Pending,PLT0025,2026-04-17 15:15:00,2,2
ORD103141,CUST01461,PROD04190,1,11238.72,0,5,11800.66,2026-06-30 02:23:00,Packed,Paid,PLT0008,2026-07-09 02:23:00,1,1
ORD103142,CUST01058,PROD02017,5,5621.76,0,28,35979.26,2026-07-29 07:30:00,Cancelled,Failed,PLT0028,2026-08-06 07:30:00,5,5
ORD103143,CUST01893,PROD01336,3,10439.18,10,28,36077.81,2026-04-23 12:22:00,Delivered,Paid,PLT0029,2026-05-07 12:22:00,3,3
ORD103144,CUST03688,PROD01272,3,13774.95,20,12,37027.07,2026-02-04 11:46:00,Delivered,Paid,PLT0029,2026-02-08 11:46:00,3,3
ORD103145,CUST00751,PROD03070,2,10847.82,15,28,23604.86,2026-05-15 02:41:00,Delivered,Pending,PLT0026,2026-05-22 02:41:00,2,2
ORD103146,CUST03297,PROD04007,4,5840.09,20,5,19622.7,2026-07-05 16:40:00,Shipped,Paid,PLT0008,2026-07-15 16:40:00,4,4
ORD103147,CUST03155,PROD00460,2,1988.2,15,18,3988.33,2026-03-24 15:05:00,Cancelled,Refunded,PLT0004,2026-04-05 15:05:00,2,1
ORD103148,CUST02549,PROD01381,1,2699.03,0,18,3184.86,2026-06-17 06:01:00,Delivered,Paid,PLT0001,2026-06-24 06:01:00,1,1
ORD103149,CUST01868,PROD00908,4,5533.9,0,18,26120.01,2026-08-27 04:34:00,Shipped,Paid,PLT0001,2026-09-09 04:34:00,4,2
ORD103150,CUST01780,PROD00880,3,3628.36,0,28,13932.9,2026-06-19 18:08:00,In Transit,Paid,PLT0008,2026-06-25 18:08:00,3,2
ORD103151,CUST01578,PROD03373,5,4306.7,15,12,20499.89,2026-08-07 00:17:00,In Transit,Paid,PLT0001,2026-08-13 00:17:00,5,4
ORD103152,CUST02914,PROD04448,5,12805.61,15,28,69662.52,2026-09-13 23:48:00,Delivered,Refunded,PLT0001,2026-09-18 23:48:00,5,5
ORD103153,CUST00693,PROD03199,1,1729.83,20,12,1549.93,2026-02-15 09:46:00,Packed,Failed,PLT0029,2026-02-27 09:46:00,1,1
ORD103154,CUST04910,PROD03297,2,10407.26,0,18,24561.13,2026-06-17 17:31:00,Shipped,Pending,PLT0007,2026-06-23 17:31:00,2,2
ORD103155,CUST03700,PROD00355,1,1221.04,5,5,1217.99,2026-03-10 02:07:00,Returned,Paid,PLT0028,2026-03-17 02:07:00,1,1
ORD103156,CUST01310,PROD01317,5,8468.8,0,28,54200.32,2026-06-29 08:01:00,In Transit,Refunded,PLT0006,2026-07-13 08:01:00,5,5
ORD103157,CUST00537,PROD04416,3,7884.34,15,5,21110.32,2026-03-17 22:27:00,Delivered,Refunded,PLT0029,2026-03-23 22:27:00,3,3
ORD103158,CUST00542,PROD04992,5,9218.66,10,18,48951.08,2026-09-08 13:56:00,In Transit,Paid,PLT0028,2026-09-17 13:56:00,5,5
ORD103159,CUST00563,PROD01491,4,3875.95,10,12,15627.83,2026-04-01 06:07:00,Cancelled,Paid,PLT0002,2026-04-04 06:07:00,4,4
ORD103160,CUST02595,PROD04299,5,6980.07,5,5,34813.1,2026-03-28 23:14:00,Placed,Failed,PLT0005,2026-04-04 23:14:00,5,5
ORD103161,CUST01094,PROD00768,5,14039.57,0,28,89853.25,2026-03-08 09:29:00,In Transit,Paid,PLT0026,2026-03-18 09:29:00,5,5
ORD103162,CUST01325,PROD02108,4,14506.68,0,5,60928.06,2026-02-13 06:46:00,Cancelled,Paid,PLT0008,2026-02-27 06:46:00,4,4
ORD103163,CUST03621,PROD04145,2,14701.52,0,5,30873.19,2026-08-02 10:27:00,Delivered,Paid,PLT0000,2026-08-07 10:27:00,2,2
ORD103164,CUST00072,PROD04965,5,7772.36,20,28,39794.48,2026-08-09 10:56:00,Shipped,Paid,PLT0000,2026-08-22 10:56:00,5,5
ORD103165,CUST04739,PROD03227,1,3939.44,10,12,3970.96,2026-07-13 01:07:00,Delivered,Paid,PLT0005,2026-07-21 01:07:00,1,1
ORD103166,CUST01740,PROD02867,5,8314.5,0,28,53212.8,2026-03-27 14:35:00,Delivered,Refunded,PLT0029,2026-04-08 14:35:00,5,5
ORD103167,CUST00456,PROD03560,1,7406.39,10,18,7865.59,2026-07-20 12:37:00,Returned,Failed,PLT0002,2026-07-28 12:37:00,1,1
ORD103168,CUST03455,PROD04829,4,5032.9,5,12,21420.02,2026-06-03 12:03:00,Delivered,Paid,PLT0025,2026-06-10 12:03:00,4,4
ORD103169,CUST03860,PROD00775,5,12776.0,0,5,67074.0,2026-07-31 21:57:00,Cancelled,Paid,PLT0027,2026-08-07 21:57:00,5,5
ORD103170,CUST03515,PROD03951,4,475.95,20,28,1949.49,2026-02-10 22:01:00,Delivered,Paid,PLT0001,2026-02-23 22:01:00,4,4
ORD103171,CUST02103,PROD04522,4,9275.16,15,18,37211.94,2026-08-22 10:05:00,In Transit,Pending,PLT0028,2026-08-28 10:05:00,4,2
ORD103172,CUST01030,PROD00905,2,6799.65,5,28,16536.75,2026-06-08 06:22:00,Packed,Refunded,PLT0004,2026-06-16 06:22:00,2,1
ORD103173,CUST00389,PROD02997,5,2599.64,10,12,13102.19,2026-03-29 09:41:00,Delivered,Paid,PLT0026,2026-04-12 09:41:00,5,5
ORD103174,CUST00956,PROD02115,1,10502.25,5,18,11773.02,2026-02-20 18:30:00,Packed,Paid,PLT0008,2026-03-03 18:30:00,1,1
ORD103175,CUST00766,PROD04526,1,6930.81,15,5,6185.75,2026-07-06 09:01:00,In Transit,Paid,PLT0004,2026-07-19 09:01:00,1,1
ORD103176,CUST04086,PROD01541,5,11372.84,20,12,50950.32,2026-09-07 15:27:00,Delivered,Pending,PLT0027,2026-09-17 15:27:00,5,5
ORD103177,CUST02012,PROD03146,2,5957.34,0,18,14059.32,2026-04-26 21:49:00,Delivered,Paid,PLT0027,2026-05-02 21:49:00,2,2
ORD103178,CUST00616,PROD00711,2,12186.62,15,12,23203.32,2026-06-22 12:52:00,Returned,Paid,PLT0025,2026-07-02 12:52:00,2,2
ORD103179,CUST00329,PROD00565,2,5673.34,20,5,9531.21,2026-04-20 20:17:00,In Transit,Paid,PLT0002,2026-04-24 20:17:00,2,2
ORD103180,CUST00638,PROD02589,1,3945.71,10,18,4190.34,2026-06-14 12:48:00,In Transit,Pending,PLT0029,2026-06-19 12:48:00,1,1
ORD103181,CUST00329,PROD01977,4,4221.82,15,28,18373.36,2026-03-09 04:08:00,Shipped,Failed,PLT0000,2026-03-14 04:08:00,4,4
ORD103182,CUST00940,PROD04569,2,2295.19,5,28,5581.9,2026-05-22 05:44:00,Cancelled,Pending,PLT0005,2026-05-26 05:44:00,2,2
ORD103183,CUST00253,PROD01806,1,12415.99,0,5,13036.79,2026-07-17 09:44:00,Delivered,Paid,PLT0029,2026-07-22 09:44:00,1,1
ORD103184,CUST02150,PROD01824,1,12415.68,5,18,13917.98,2026-09-23 21:18:00,Delivered,Paid,PLT0004,2026-10-01 21:18:00,1,1
ORD103185,CUST03215,PROD03096,4,10791.12,10,5,40790.43,2026-02-02 00:04:00,Packed,Refunded,PLT0025,2026-02-13 00:04:00,4,4
ORD103186,CUST00294,PROD03184,5,4073.32,0,5,21384.93,2026-07-02 06:19:00,Delivered,Pending,PLT0025,2026-07-10 06:19:00,5,5
ORD103187,CUST00394,PROD02504,5,15300.15,15,12,72828.71,2026-06-12 10:27:00,In Transit,Paid,PLT0029,2026-06-17 10:27:00,5,5
ORD103188,CUST02717,PROD02334,2,11015.78,0,28,28200.4,2026-02-17 14:01:00,Returned,Paid,PLT0000,2026-03-02 14:01:00,2,2
ORD103189,CUST01524,PROD04836,2,1489.4,10,5,2814.97,2026-05-01 18:32:00,Delivered,Paid,PLT0026,2026-05-09 18:32:00,2,2
ORD103190,CUST00384,PROD01612,4,10447.95,15,12,39785.79,2026-03-04 18:37:00,Returned,Paid,PLT0000,2026-03-17 18:37:00,4,4
ORD103191,CUST02551,PROD02317,2,4467.23,20,5,7504.95,2026-07-22 13:06:00,Packed,Failed,PLT0005,2026-07-27 13:06:00,2,2
ORD103192,CUST04796,PROD03821,4,5677.02,20,5,19074.79,2026-03-11 18:05:00,Packed,Paid,PLT0025,2026-03-18 18:05:00,4,4
ORD103193,CUST02789,PROD02310,1,5588.05,5,5,5574.08,2026-05-13 17:07:00,Cancelled,Refunded,PLT0001,2026-05-18 17:07:00,1,1
ORD103194,CUST03171,PROD01874,2,13466.18,5,28,32749.75,2026-03-02 00:05:00,Shipped,Paid,PLT0028,2026-03-09 00:05:00,2,2
ORD103195,CUST03421,PROD00430,1,1960.37,10,18,2081.91,2026-03-01 19:43:00,Shipped,Refunded,PLT0029,2026-03-15 19:43:00,1,1
ORD103196,CUST04382,PROD01907,3,15332.37,20,28,47101.04,2026-09-18 19:48:00,Delivered,Pending,PLT0006,2026-09-29 19:48:00,3,3
ORD103197,CUST03281,PROD02413,4,7819.88,15,12,29778.1,2026-09-17 07:13:00,Packed,Paid,PLT0009,2026-09-27 07:13:00,4,4
ORD103198,CUST02838,PROD01161,3,13229.49,20,18,37465.92,2026-04-29 00:56:00,Shipped,Paid,PLT0005,2026-05-09 00:56:00,3,3
ORD103199,CUST00729,PROD03525,2,2762.11,5,12,5877.77,2026-08-22 18:04:00,Delivered,Paid,PLT0025,2026-08-31 18:04:00,2,2
ORD103200,CUST00171,PROD03815,1,4119.44,10,5,3892.87,2026-03-19 05:42:00,Cancelled,Paid,PLT0028,2026-03-31 05:42:00,1,1
ORD103201,CUST01641,PROD04484,2,9166.56,20,18,17306.47,2026-08-07 04:32:00,Delivered,Pending,PLT0009,2026-08-11 04:32:00,2,2
ORD103202,CUST04492,PROD02198,3,13845.56,10,12,41868.97,2026-08-30 00:40:00,Returned,Pending,PLT0007,2026-09-12 00:40:00,3,3
ORD103203,CUST04893,PROD02795,2,7047.23,20,5,11839.35,2026-09-16 20:57:00,Packed,Pending,PLT0001,2026-09-27 20:57:00,2,2
ORD103204,CUST02936,PROD03242,5,6919.21,0,12,38747.58,2026-08-18 02:45:00,Delivered,Paid,PLT0029,2026-08-27 02:45:00,5,3
ORD103205,CUST01725,PROD03558,3,7855.57,20,12,21115.77,2026-05-02 14:53:00,In Transit,Pending,PLT0004,2026-05-05 14:53:00,3,1
ORD103206,CUST03869,PROD00529,2,995.37,5,28,2420.74,2026-07-08 02:52:00,Shipped,Paid,PLT0027,2026-07-13 02:52:00,2,1
ORD103207,CUST01488,PROD00893,1,13299.5,15,5,11869.8,2026-04-06 01:23:00,Delivered,Paid,PLT0004,2026-04-10 01:23:00,1,1
ORD103208,CUST01110,PROD02696,2,8351.61,5,28,20311.12,2026-09-11 22:04:00,Delivered,Failed,PLT0006,2026-09-25 22:04:00,2,2
ORD103209,CUST03764,PROD02869,1,4590.69,5,18,5146.16,2026-05-03 14:58:00,Placed,Refunded,PLT0002,2026-05-08 14:58:00,1,1
ORD103210,CUST04337,PROD03269,5,10090.98,5,5,50328.76,2026-08-25 09:08:00,Delivered,Refunded,PLT0005,2026-08-28 09:08:00,5,4
ORD103211,CUST01885,PROD04607,2,13552.37,10,28,31224.66,2026-05-25 00:44:00,In Transit,Pending,PLT0007,2026-06-03 00:44:00,2,1
ORD103212,CUST04700,PROD00632,5,14332.79,0,28,91729.86,2026-04-19 03:02:00,Returned,Failed,PLT0027,2026-04-23 03:02:00,5,5
ORD103213,CUST01497,PROD03352,3,6854.13,0,18,24263.62,2026-09-01 05:49:00,Packed,Failed,PLT0028,2026-09-10 05:49:00,3,2
ORD103214,CUST04919,PROD00028,1,8275.33,0,12,9268.37,2026-01-31 07:48:00,Returned,Failed,PLT0003,2026-02-13 07:48:00,1,1
ORD103215,CUST00067,PROD04885,3,1845.82,5,12,5891.86,2026-08-21 14:24:00,Placed,Paid,PLT0006,2026-08-25 14:24:00,3,3
ORD103216,CUST01365,PROD03137,1,11910.82,0,12,13340.12,2026-06-23 20:53:00,Returned,Paid,PLT0004,2026-07-07 20:53:00,1,1
ORD103217,CUST02790,PROD02518,5,7680.81,0,18,45316.78,2026-09-24 05:15:00,Delivered,Failed,PLT0001,2026-10-01 05:15:00,5,5
ORD103218,CUST01757,PROD00472,4,15520.07,10,28,71516.48,2026-06-08 01:07:00,Delivered,Paid,PLT0005,2026-06-21 01:07:00,4,4
ORD103219,CUST01486,PROD03032,2,6750.51,5,5,13467.27,2026-03-28 09:59:00,Delivered,Refunded,PLT0001,2026-04-11 09:59:00,2,2
ORD103220,CUST02520,PROD03595,5,7884.03,15,18,39538.41,2026-04-04 18:04:00,Shipped,Refunded,PLT0009,2026-04-08 18:04:00,5,5
ORD103221,CUST02195,PROD04190,1,11238.72,10,12,11328.63,2026-07-12 04:56:00,Placed,Paid,PLT0000,2026-07-16 04:56:00,1,1
ORD103222,CUST04332,PROD04042,1,4701.09,0,12,5265.22,2026-09-07 10:24:00,Delivered,Pending,PLT0026,2026-09-20 10:24:00,1,1
ORD103223,CUST04455,PROD03505,1,14367.12,10,5,13576.93,2026-02-17 04:46:00,Placed,Refunded,PLT0009,2026-02-20 04:46:00,1,1
ORD103224,CUST04460,PROD03421,1,12252.22,15,18,12288.98,2026-03-06 14:14:00,In Transit,Paid,PLT0003,2026-03-10 14:14:00,1,1
ORD103225,CUST00183,PROD00225,2,4315.72,10,12,8700.49,2026-05-31 03:25:00,Delivered,Pending,PLT0005,2026-06-06 03:25:00,2,2
ORD103226,CUST04029,PROD00624,3,7802.92,0,18,27622.34,2026-03-13 09:31:00,Placed,Failed,PLT0002,2026-03-17 09:31:00,3,3
ORD103227,CUST03353,PROD03859,4,6510.0,15,28,28331.52,2026-06-11 19:22:00,Placed,Refunded,PLT0000,2026-06-23 19:22:00,4,4
ORD103228,CUST04904,PROD04464,2,2248.96,15,18,4511.41,2026-05-28 15:13:00,Cancelled,Paid,PLT0026,2026-06-11 15:13:00,2,2
ORD103229,CUST03570,PROD01291,1,6410.08,10,28,7384.41,2026-02-03 11:32:00,Returned,Paid,PLT0001,2026-02-16 11:32:00,1,1
ORD103230,CUST02924,PROD03121,2,4404.82,15,5,7862.6,2026-04-23 17:02:00,Delivered,Refunded,PLT0029,2026-05-04 17:02:00,2,2
ORD103231,CUST03791,PROD00786,5,14543.36,10,28,83769.75,2026-09-25 01:03:00,In Transit,Refunded,PLT0006,2026-10-09 01:03:00,5,5
ORD103232,CUST03876,PROD02329,1,10217.78,5,28,12424.82,2026-05-30 19:53:00,Delivered,Failed,PLT0004,2026-06-12 19:53:00,1,1
ORD103233,CUST03268,PROD03860,4,13353.94,15,5,47673.57,2026-01-29 00:03:00,Placed,Failed,PLT0008,2026-02-07 00:03:00,4,4
ORD103234,CUST02577,PROD01864,1,8764.93,10,12,8835.05,2026-05-24 06:49:00,Delivered,Paid,PLT0009,2026-06-01 06:49:00,1,1
ORD103235,CUST02555,PROD00140,4,15550.34,5,5,62045.86,2026-09-07 03:23:00,Packed,Paid,PLT0029,2026-09-15 03:23:00,4,2
ORD103236,CUST01748,PROD03707,4,11850.16,15,18,47542.84,2026-03-30 02:52:00,Cancelled,Paid,PLT0003,2026-04-13 02:52:00,4,4
ORD103237,CUST04685,PROD02396,3,5598.45,5,5,16753.36,2026-05-25 04:10:00,Cancelled,Paid,PLT0001,2026-05-31 04:10:00,3,3
ORD103238,CUST02888,PROD04434,3,14765.71,20,18,41816.49,2026-09-18 01:09:00,Shipped,Paid,PLT0009,2026-09-28 01:09:00,3,3
ORD103239,CUST04884,PROD00234,2,7930.03,15,12,15098.78,2026-09-11 11:13:00,In Transit,Pending,PLT0006,2026-09-24 11:13:00,2,2
ORD103240,CUST01346,PROD01225,2,6772.66,20,18,12786.78,2026-05-17 03:44:00,Returned,Refunded,PLT0002,2026-05-23 03:44:00,2,2
ORD103241,CUST04540,PROD03739,4,12085.5,0,5,50759.1,2026-02-20 11:42:00,Shipped,Paid,PLT0009,2026-02-26 11:42:00,4,4
ORD103242,CUST04644,PROD04904,1,4991.1,0,5,5240.66,2026-08-11 06:29:00,Placed,Refunded,PLT0005,2026-08-14 06:29:00,1,1
ORD103243,CUST00820,PROD04080,5,3696.73,10,12,18631.52,2026-07-24 14:37:00,Cancelled,Paid,PLT0026,2026-08-07 14:37:00,5,5
ORD103244,CUST02100,PROD01097,5,3604.73,0,5,18924.83,2026-04-09 09:01:00,Delivered,Failed,PLT0026,2026-04-15 09:01:00,5,3
ORD103245,CUST03471,PROD04066,1,1734.2,20,12,1553.84,2026-06-18 17:17:00,Packed,Paid,PLT0007,2026-06-21 17:17:00,1,1
ORD103246,CUST01934,PROD01658,1,4956.84,20,12,4441.33,2026-06-24 07:06:00,Packed,Paid,PLT0006,2026-07-08 07:06:00,1,1
ORD103247,CUST00598,PROD00103,3,5097.26,0,5,16056.37,2026-03-23 09:48:00,In Transit,Pending,PLT0025,2026-03-30 09:48:00,3,3
ORD103248,CUST01362,PROD00917,5,4781.01,20,28,24478.77,2026-09-01 21:55:00,Delivered,Refunded,PLT0002,2026-09-04 21:55:00,5,5
ORD103249,CUST02421,PROD04813,4,309.34,0,18,1460.08,2026-02-15 17:37:00,Returned,Paid,PLT0000,2026-02-28 17:37:00,4,3
ORD103250,CUST02806,PROD03501,2,4654.66,5,28,11320.13,2026-07-14 00:21:00,Delivered,Paid,PLT0005,2026-07-26 00:21:00,2,2
ORD103251,CUST01938,PROD04790,3,5348.48,5,12,17072.35,2026-08-10 13:25:00,Delivered,Paid,PLT0000,2026-08-16 13:25:00,3,3
ORD103252,CUST02124,PROD02497,5,9277.74,0,18,54738.67,2026-06-20 08:43:00,Cancelled,Refunded,PLT0025,2026-06-29 08:43:00,5,5
ORD103253,CUST03716,PROD03239,1,9898.18,20,28,10135.74,2026-07-06 10:10:00,Delivered,Refunded,PLT0008,2026-07-18 10:10:00,1,1
ORD103254,CUST02144,PROD03056,5,15498.74,20,5,65094.71,2026-02-03 14:41:00,Returned,Pending,PLT0007,2026-02-08 14:41:00,5,5
ORD103255,CUST04768,PROD01250,4,9903.74,20,28,40565.72,2026-07-30 20:47:00,Packed,Paid,PLT0028,2026-08-12 20:47:00,4,4
ORD103256,CUST00540,PROD00866,3,8997.28,10,18,28665.33,2026-08-15 06:53:00,Placed,Paid,PLT0026,2026-08-27 06:53:00,3,1
ORD103257,CUST00625,PROD03893,1,10870.27,15,18,10902.88,2026-02-14 00:37:00,In Transit,Paid,PLT0004,2026-02-23 00:37:00,1,1
ORD103258,CUST03328,PROD02394,4,2366.25,0,18,11168.7,2026-01-30 11:56:00,Shipped,Paid,PLT0009,2026-02-11 11:56:00,4,4
ORD103259,CUST00280,PROD03047,2,6820.39,0,18,16096.12,2026-08-05 10:28:00,Placed,Pending,PLT0028,2026-08-15 10:28:00,2,2
ORD103260,CUST04173,PROD03208,3,11997.86,0,28,46071.78,2026-08-09 16:04:00,Shipped,Paid,PLT0001,2026-08-15 16:04:00,3,3
ORD103261,CUST02174,PROD02575,4,3692.86,0,5,15510.01,2026-07-27 02:14:00,Shipped,Paid,PLT0008,2026-08-04 02:14:00,4,4
ORD103262,CUST03814,PROD04554,4,14189.12,0,5,59594.3,2026-08-19 04:15:00,Delivered,Paid,PLT0025,2026-08-31 04:15:00,4,3
ORD103263,CUST04458,PROD04768,1,1647.13,20,18,1554.89,2026-09-17 01:42:00,Placed,Paid,PLT0006,2026-09-23 01:42:00,1,1
ORD103264,CUST00988,PROD04474,2,5750.49,10,5,10868.43,2026-06-07 23:06:00,Packed,Paid,PLT0026,2026-06-13 23:06:00,2,2
ORD103265,CUST04572,PROD04388,4,873.25,0,28,4471.04,2026-05-16 14:36:00,Cancelled,Paid,PLT0005,2026-05-23 14:36:00,4,4
ORD103266,CUST01296,PROD02183,3,626.71,20,5,1579.31,2026-04-04 02:32:00,In Transit,Paid,PLT0029,2026-04-15 02:32:00,3,2
ORD103267,CUST01188,PROD01601,4,3149.69,20,12,11288.49,2026-07-11 22:30:00,Shipped,Paid,PLT0025,2026-07-20 22:30:00,4,4
ORD103268,CUST01339,PROD04531,5,4372.88,15,5,19513.98,2026-08-22 14:08:00,Returned,Refunded,PLT0005,2026-08-27 14:08:00,5,5
ORD103269,CUST01749,PROD03472,3,12486.73,0,18,44203.02,2026-03-11 07:01:00,Packed,Paid,PLT0009,2026-03-14 07:01:00,3,2
ORD103270,CUST02184,PROD04605,3,12044.33,0,5,37939.64,2026-02-16 22:12:00,Delivered,Refunded,PLT0029,2026-02-20 22:12:00,3,3
ORD103271,CUST02221,PROD02424,4,7389.52,0,5,31035.98,2026-03-26 20:28:00,Delivered,Paid,PLT0008,2026-04-06 20:28:00,4,4
ORD103272,CUST04694,PROD02485,1,7455.54,10,5,7045.49,2026-05-26 04:21:00,Delivered,Paid,PLT0008,2026-05-30 04:21:00,1,1
ORD103273,CUST02373,PROD01855,3,14709.93,5,5,44019.47,2026-04-24 08:54:00,In Transit,Failed,PLT0025,2026-05-01 08:54:00,3,3
ORD103274,CUST02281,PROD04567,5,4172.45,20,12,18692.58,2026-03-09 08:01:00,Packed,Paid,PLT0009,2026-03-21 08:01:00,5,5
ORD103275,CUST03720,PROD00185,1,4200.27,0,28,5376.35,2026-04-24 23:26:00,Shipped,Paid,PLT0004,2026-05-07 23:26:00,1,1
ORD103276,CUST02475,PROD03210,1,9806.69,15,18,9836.11,2026-03-05 15:25:00,Delivered,Paid,PLT0028,2026-03-15 15:25:00,1,1
ORD103277,CUST04390,PROD04281,1,2685.31,10,18,2851.8,2026-09-05 13:01:00,Delivered,Paid,PLT0001,2026-09-09 13:01:00,1,1
ORD103278,CUST02489,PROD02242,3,650.26,5,5,1945.9,2026-03-31 18:29:00,Cancelled,Failed,PLT0000,2026-04-10 18:29:00,3,2
ORD103279,CUST04303,PROD00872,1,4403.84,10,28,5073.22,2026-06-02 01:54:00,Delivered,Pending,PLT0009,2026-06-16 01:54:00,1,1
ORD103280,CUST02909,PROD02488,4,13829.41,0,5,58083.52,2026-09-07 12:13:00,Placed,Failed,PLT0025,2026-09-21 12:13:00,4,4
ORD103281,CUST03237,PROD03063,1,9623.81,5,12,10239.73,2026-02-05 18:29:00,Placed,Failed,PLT0029,2026-02-08 18:29:00,1,1
ORD103282,CUST02543,PROD03820,5,7688.87,15,28,41827.45,2026-07-05 02:00:00,Delivered,Refunded,PLT0000,2026-07-19 02:00:00,5,5
ORD103283,CUST02468,PROD04715,2,8253.71,5,28,20073.02,2026-05-29 03:14:00,Placed,Failed,PLT0004,2026-06-05 03:14:00,2,2
ORD103284,CUST02692,PROD02898,5,4590.31,15,28,24971.29,2026-08-04 10:55:00,Delivered,Refunded,PLT0007,2026-08-16 10:55:00,5,5
ORD103285,CUST00659,PROD02845,3,9275.25,0,28,35616.96,2026-02-20 16:49:00,In Transit,Failed,PLT0005,2026-02-23 16:49:00,3,2
ORD103286,CUST02151,PROD03724,1,3052.16,15,5,2724.05,2026-09-16 14:57:00,Cancelled,Refunded,PLT0006,2026-09-22 14:57:00,1,1
ORD103287,CUST01451,PROD01614,1,5255.91,10,12,5297.96,2026-03-05 11:07:00,Returned,Paid,PLT0004,2026-03-19 11:07:00,1,1
ORD103288,CUST00968,PROD04530,4,2973.48,0,28,15224.22,2026-07-24 18:07:00,Packed,Paid,PLT0029,2026-08-03 18:07:00,4,4
ORD103289,CUST03015,PROD00538,1,4031.83,10,18,4281.8,2026-08-13 17:36:00,Delivered,Paid,PLT0001,2026-08-18 17:36:00,1,1
ORD103290,CUST03797,PROD02805,5,8390.21,20,18,39601.79,2026-08-12 03:28:00,Packed,Paid,PLT0008,2026-08-26 03:28:00,5,5
ORD103291,CUST01151,PROD03475,3,13425.66,10,12,40599.2,2026-09-01 03:07:00,Packed,Failed,PLT0028,2026-09-11 03:07:00,3,3
ORD103292,CUST04804,PROD03703,2,5148.04,5,18,11541.91,2026-03-27 00:23:00,Delivered,Pending,PLT0007,2026-04-04 00:23:00,2,1
ORD103293,CUST00763,PROD04736,1,1993.34,0,5,2093.01,2026-03-03 09:24:00,Returned,Paid,PLT0028,2026-03-06 09:24:00,1,1
ORD103294,CUST02104,PROD04880,2,13200.56,20,5,22176.94,2026-04-19 21:09:00,Cancelled,Refunded,PLT0027,2026-05-03 21:09:00,2,2
ORD103295,CUST01086,PROD03841,1,8551.0,20,12,7661.7,2026-08-30 21:47:00,In Transit,Failed,PLT0002,2026-09-12 21:47:00,1,1
ORD103296,CUST03109,PROD01074,3,383.2,20,28,1177.19,2026-09-19 08:46:00,Delivered,Pending,PLT0025,2026-09-22 08:46:00,3,3
ORD103297,CUST00455,PROD04337,5,9630.43,0,18,56819.54,2026-06-10 11:55:00,Placed,Pending,PLT0006,2026-06-18 11:55:00,5,2
ORD103298,CUST03930,PROD00659,3,10369.08,15,18,31200.56,2026-03-05 04:15:00,Delivered,Pending,PLT0028,2026-03-18 04:15:00,3,3
ORD103299,CUST00527,PROD02817,2,8031.44,5,12,17090.9,2026-06-14 09:03:00,In Transit,Failed,PLT0001,2026-06-24 09:03:00,2,2
ORD103300,CUST01798,PROD03477,1,15377.63,0,12,17222.95,2026-08-28 05:32:00,Delivered,Paid,PLT0006,2026-08-31 05:32:00,1,1
ORD103301,CUST01663,PROD00688,2,4550.67,0,18,10739.58,2026-04-28 10:10:00,Placed,Paid,PLT0003,2026-05-09 10:10:00,2,1
ORD103302,CUST04746,PROD01541,5,11372.84,10,28,65507.56,2026-04-26 09:27:00,Delivered,Paid,PLT0008,2026-05-04 09:27:00,5,5
ORD103303,CUST00699,PROD00175,3,10357.25,0,12,34800.36,2026-09-08 11:49:00,Packed,Paid,PLT0025,2026-09-17 11:49:00,3,3
ORD103304,CUST02211,PROD01025,2,15112.84,20,5,25389.57,2026-06-15 11:29:00,In Transit,Refunded,PLT0029,2026-06-23 11:29:00,2,2
ORD103305,CUST01920,PROD01857,2,12104.17,0,18,28565.84,2026-09-01 15:56:00,Placed,Paid,PLT0008,2026-09-10 15:56:00,2,2
ORD103306,CUST04384,PROD01321,5,4027.94,0,12,22556.46,2026-06-07 06:49:00,Placed,Paid,PLT0004,2026-06-19 06:49:00,5,5
ORD103307,CUST01063,PROD03941,1,12139.8,10,12,12236.92,2026-06-13 02:16:00,Delivered,Failed,PLT0006,2026-06-19 02:16:00,1,1
ORD103308,CUST03611,PROD03299,2,6068.96,15,12,11555.3,2026-06-24 05:29:00,Cancelled,Paid,PLT0003,2026-07-01 05:29:00,2,1
ORD103309,CUST03304,PROD01767,5,11822.98,5,18,66267.8,2026-09-15 22:32:00,Shipped,Pending,PLT0005,2026-09-22 22:32:00,5,5
ORD103310,CUST02308,PROD04873,1,3226.34,20,5,2710.13,2026-08-01 18:02:00,In Transit,Paid,PLT0028,2026-08-15 18:02:00,1,1
ORD103311,CUST03249,PROD00740,1,6092.42,15,5,5437.48,2026-08-28 19:32:00,Delivered,Pending,PLT0008,2026-09-05 19:32:00,1,1
ORD103312,CUST00945,PROD03231,3,8354.67,0,18,29575.53,2026-09-07 02:14:00,In Transit,Paid,PLT0002,2026-09-18 02:14:00,3,3
ORD103313,CUST01084,PROD02328,5,123.89,20,12,555.03,2026-02-01 19:55:00,Shipped,Paid,PLT0005,2026-02-12 19:55:00,5,5
ORD103314,CUST01734,PROD04934,1,7172.15,5,18,8039.98,2026-03-02 12:53:00,Cancelled,Refunded,PLT0006,2026-03-07 12:53:00,1,1
ORD103315,CUST04925,PROD04091,3,11772.01,0,18,41672.92,2026-03-12 04:09:00,Packed,Paid,PLT0029,2026-03-23 04:09:00,3,3
ORD103316,CUST02881,PROD01689,4,9738.42,10,12,39265.31,2026-06-04 03:59:00,Returned,Pending,PLT0026,2026-06-12 03:59:00,4,4
ORD103317,CUST02643,PROD04734,5,14867.05,15,18,74558.26,2026-04-23 11:12:00,Shipped,Failed,PLT0029,2026-05-04 11:12:00,5,5
ORD103318,CUST02163,PROD03694,4,3826.37,20,28,15672.81,2026-08-17 09:46:00,In Transit,Failed,PLT0025,2026-08-24 09:46:00,4,4
ORD103319,CUST03006,PROD03222,1,2664.67,0,5,2797.9,2026-08-29 10:30:00,In Transit,Paid,PLT0006,2026-09-11 10:30:00,1,1
ORD103320,CUST01207,PROD04288,5,9273.01,5,28,56379.9,2026-08-04 15:24:00,Packed,Paid,PLT0025,2026-08-14 15:24:00,5,5
ORD103321,CUST02745,PROD03800,3,9129.79,20,28,28046.71,2026-04-20 19:25:00,Delivered,Pending,PLT0001,2026-04-27 19:25:00,3,3
ORD103322,CUST04679,PROD03141,1,5999.7,0,28,7679.62,2026-02-23 15:51:00,Cancelled,Refunded,PLT0002,2026-03-07 15:51:00,1,1
ORD103323,CUST00916,PROD03003,5,4081.44,20,18,19264.4,2026-06-07 08:27:00,Packed,Paid,PLT0029,2026-06-18 08:27:00,5,3
ORD103324,CUST01704,PROD04779,5,3933.53,0,12,22027.77,2026-06-11 00:55:00,Delivered,Paid,PLT0001,2026-06-15 00:55:00,5,3
ORD103325,CUST03617,PROD03347,4,4406.99,0,18,20800.99,2026-02-26 09:28:00,Shipped,Paid,PLT0006,2026-03-07 09:28:00,4,2
ORD103326,CUST01416,PROD02421,1,2643.4,0,5,2775.57,2026-02-21 16:00:00,Delivered,Paid,PLT0027,2026-03-05 16:00:00,1,1
ORD103327,CUST00086,PROD04093,3,7707.6,20,18,21827.92,2026-07-05 14:26:00,Returned,Paid,PLT0027,2026-07-16 14:26:00,3,3
ORD103328,CUST03386,PROD00896,3,3358.25,10,18,10699.38,2026-06-28 03:53:00,Packed,Refunded,PLT0028,2026-07-01 03:53:00,3,1
ORD103329,CUST03839,PROD04369,1,2696.53,10,18,2863.71,2026-08-24 23:34:00,Cancelled,Paid,PLT0006,2026-09-03 23:34:00,1,1
ORD103330,CUST03616,PROD00657,1,4611.04,15,18,4624.87,2026-08-29 19:13:00,Delivered,Refunded,PLT0004,2026-09-03 19:13:00,1,1
ORD103331,CUST01784,PROD03952,2,13374.66,0,28,34239.13,2026-06-21 07:08:00,Delivered,Failed,PLT0002,2026-06-29 07:08:00,2,2
ORD103332,CUST00494,PROD02920,4,4915.6,10,12,19819.7,2026-05-27 16:30:00,Returned,Paid,PLT0025,2026-06-03 16:30:00,4,4
ORD103333,CUST03776,PROD01860,1,11682.0,20,5,9812.88,2026-09-22 20:43:00,Packed,Paid,PLT0029,2026-09-29 20:43:00,1,1
ORD103334,CUST04601,PROD02181,1,4953.44,10,5,4681.0,2026-07-19 04:17:00,Delivered,Failed,PLT0004,2026-07-26 04:17:00,1,1
ORD103335,CUST00217,PROD00320,2,4077.86,15,5,7278.98,2026-02-20 07:31:00,Delivered,Paid,PLT0000,2026-03-02 07:31:00,2,2
ORD103336,CUST01976,PROD04760,2,15821.56,5,18,35471.94,2026-05-25 20:02:00,Shipped,Paid,PLT0002,2026-06-04 20:02:00,2,2
ORD103337,CUST01752,PROD03542,5,12962.48,15,5,57845.07,2026-03-30 01:37:00,In Transit,Paid,PLT0025,2026-04-05 01:37:00,5,5
ORD103338,CUST02092,PROD00883,3,412.4,0,28,1583.62,2026-05-14 03:06:00,In Transit,Paid,PLT0000,2026-05-18 03:06:00,3,3
ORD103339,CUST03280,PROD04705,4,6699.82,0,12,30015.19,2026-04-23 00:07:00,Delivered,Paid,PLT0007,2026-04-27 00:07:00,4,2
ORD103340,CUST04582,PROD03615,5,5940.51,10,18,31544.11,2026-08-24 08:25:00,Shipped,Failed,PLT0009,2026-08-31 08:25:00,5,5
ORD103341,CUST03237,PROD02820,1,5775.77,10,18,6133.87,2026-03-05 20:14:00,Packed,Paid,PLT0002,2026-03-16 20:14:00,1,1
ORD103342,CUST01319,PROD00930,2,4199.41,15,28,9137.92,2026-08-19 02:38:00,Delivered,Refunded,PLT0008,2026-09-01 02:38:00,2,2
ORD103343,CUST00417,PROD00714,3,6647.27,15,5,17798.07,2026-04-26 07:46:00,Delivered,Paid,PLT0025,2026-04-30 07:46:00,3,3
ORD103344,CUST03923,PROD03977,5,6057.08,20,18,28589.42,2026-08-01 01:24:00,Placed,Failed,PLT0029,2026-08-12 01:24:00,5,5
ORD103345,CUST02816,PROD02590,3,11450.85,0,18,40536.01,2026-04-03 05:56:00,Shipped,Paid,PLT0007,2026-04-15 05:56:00,3,3
ORD103346,CUST01738,PROD03434,2,7131.47,20,28,14605.25,2026-04-27 08:04:00,In Transit,Failed,PLT0027,2026-05-04 08:04:00,2,2
ORD103347,CUST04614,PROD01788,5,9860.54,0,28,63107.46,2026-03-24 02:23:00,Shipped,Refunded,PLT0009,2026-03-27 02:23:00,5,5
ORD103348,CUST00949,PROD02320,5,6634.24,20,5,27863.81,2026-08-02 10:28:00,Delivered,Failed,PLT0008,2026-08-15 10:28:00,5,5
ORD103349,CUST04911,PROD02289,3,7763.45,15,12,22172.41,2026-06-10 15:50:00,Cancelled,Paid,PLT0002,2026-06-22 15:50:00,3,3
ORD103350,CUST00715,PROD00479,2,15510.91,20,12,27795.55,2026-08-26 13:56:00,Delivered,Paid,PLT0029,2026-09-07 13:56:00,2,2
ORD103351,CUST04770,PROD03379,1,1504.32,5,5,1500.56,2026-09-05 00:52:00,Delivered,Paid,PLT0007,2026-09-13 00:52:00,1,1
ORD103352,CUST01559,PROD00409,5,14494.57,0,12,81169.59,2026-03-28 11:56:00,Returned,Paid,PLT0029,2026-04-05 11:56:00,5,5
ORD103353,CUST04498,PROD01249,1,14740.48,15,28,16037.64,2026-09-24 05:14:00,Cancelled,Paid,PLT0004,2026-09-29 05:14:00,1,1
ORD103354,CUST01296,PROD00966,2,5754.2,10,28,13257.68,2026-09-09 00:52:00,Shipped,Paid,PLT0004,2026-09-14 00:52:00,2,2
ORD103355,CUST04236,PROD00286,5,670.48,20,28,3432.86,2026-05-13 01:51:00,Cancelled,Failed,PLT0025,2026-05-25 01:51:00,5,5
ORD103356,CUST04624,PROD04820,5,3266.59,15,12,15548.97,2026-05-26 08:40:00,Packed,Pending,PLT0004,2026-06-05 08:40:00,5,5
ORD103357,CUST00687,PROD00830,1,7289.27,10,12,7347.58,2026-06-21 02:02:00,Returned,Paid,PLT0009,2026-06-26 02:02:00,1,1
ORD103358,CUST04179,PROD03137,4,11910.82,10,18,50597.16,2026-06-28 17:22:00,Delivered,Paid,PLT0026,2026-07-12 17:22:00,4,4
ORD103359,CUST01727,PROD01496,1,10723.58,0,18,12653.82,2026-05-03 06:16:00,Delivered,Paid,PLT0001,2026-05-07 06:16:00,1,1
ORD103360,CUST02626,PROD03550,1,9057.19,0,18,10687.48,2026-08-02 08:33:00,Packed,Refunded,PLT0025,2026-08-08 08:33:00,1,1
ORD103361,CUST00108,PROD03403,4,15981.39,15,12,60857.13,2026-03-26 03:20:00,In Transit,Paid,PLT0009,2026-03-29 03:20:00,4,4
ORD103362,CUST03625,PROD03439,2,14857.1,15,18,29803.34,2026-05-29 16:09:00,Cancelled,Refunded,PLT0009,2026-06-12 16:09:00,2,1
ORD103363,CUST01936,PROD03936,2,8787.69,5,28,21371.66,2026-08-16 10:12:00,Placed,Paid,PLT0029,2026-08-23 10:12:00,2,2
ORD103364,CUST04099,PROD01332,5,11534.31,0,12,64592.14,2026-02-21 14:50:00,In Transit,Paid,PLT0008,2026-02-27 14:50:00,5,5
ORD103365,CUST02486,PROD03727,3,1081.75,0,5,3407.51,2026-06-06 02:34:00,Delivered,Refunded,PLT0008,2026-06-15 02:34:00,3,3
ORD103366,CUST04360,PROD04132,3,3563.47,15,12,10177.27,2026-03-12 09:32:00,Cancelled,Paid,PLT0008,2026-03-23 09:32:00,3,3
ORD103367,CUST02637,PROD01958,5,6796.84,0,18,40101.36,2026-08-02 23:55:00,Cancelled,Pending,PLT0004,2026-08-10 23:55:00,5,4
ORD103368,CUST02784,PROD01759,3,1843.81,20,12,4956.16,2026-07-20 19:08:00,Returned,Paid,PLT0028,2026-07-26 19:08:00,3,3
ORD103369,CUST00090,PROD01435,1,2319.45,5,18,2600.1,2026-08-05 13:18:00,Placed,Refunded,PLT0027,2026-08-09 13:18:00,1,1
ORD103370,CUST02976,PROD01457,1,11062.48,0,18,13053.73,2026-08-21 08:17:00,Returned,Paid,PLT0027,2026-08-30 08:17:00,1,1
ORD103371,CUST00302,PROD03108,4,242.96,15,5,867.37,2026-04-21 02:43:00,Cancelled,Paid,PLT0026,2026-05-01 02:43:00,4,2
ORD103372,CUST03205,PROD01704,4,8146.66,0,5,34215.97,2026-07-26 14:58:00,Returned,Pending,PLT0003,2026-08-05 14:58:00,4,4
ORD103373,CUST04174,PROD04032,5,4402.24,0,28,28174.34,2026-02-01 09:56:00,Delivered,Pending,PLT0025,2026-02-13 09:56:00,5,5
ORD103374,CUST00975,PROD01634,5,12746.65,0,18,75205.24,2026-03-30 00:03:00,Packed,Paid,PLT0008,2026-04-02 00:03:00,5,5
ORD103375,CUST02833,PROD00534,5,8930.36,20,12,40008.01,2026-03-18 11:51:00,Cancelled,Paid,PLT0009,2026-04-01 11:51:00,5,5
ORD103376,CUST00770,PROD04625,1,15124.88,10,5,14293.01,2026-03-13 00:29:00,Returned,Refunded,PLT0006,2026-03-18 00:29:00,1,1
ORD103377,CUST00710,PROD03384,3,4226.27,20,5,10650.2,2026-06-15 10:44:00,Delivered,Paid,PLT0008,2026-06-21 10:44:00,3,3
ORD103378,CUST02172,PROD04233,5,5801.08,0,18,34226.37,2026-05-25 07:15:00,Cancelled,Failed,PLT0003,2026-06-04 07:15:00,5,5
ORD103379,CUST03396,PROD01429,5,10261.01,15,12,48842.41,2026-02-17 01:41:00,In Transit,Paid,PLT0002,2026-03-01 01:41:00,5,5
ORD103380,CUST01091,PROD02496,1,7926.98,5,5,7907.16,2026-05-15 10:59:00,In Transit,Pending,PLT0008,2026-05-26 10:59:00,1,1
ORD103381,CUST03774,PROD01585,1,15804.79,20,5,13276.02,2026-04-14 13:36:00,Delivered,Paid,PLT0025,2026-04-20 13:36:00,1,1
ORD103382,CUST04115,PROD03445,1,15698.77,15,12,14945.23,2026-07-23 20:46:00,In Transit,Paid,PLT0025,2026-08-04 20:46:00,1,1
ORD103383,CUST02734,PROD04765,3,8659.48,0,5,27277.36,2026-09-05 01:59:00,Delivered,Paid,PLT0026,2026-09-10 01:59:00,3,3
ORD103384,CUST03239,PROD04098,5,1396.42,5,12,7428.95,2026-06-15 11:35:00,Delivered,Refunded,PLT0028,2026-06-20 11:35:00,5,5
ORD103385,CUST03334,PROD00585,2,10170.07,0,18,24001.37,2026-02-04 22:14:00,Cancelled,Paid,PLT0000,2026-02-15 22:14:00,2,2
ORD103386,CUST01320,PROD01035,2,1322.56,0,5,2777.38,2026-08-17 04:16:00,Shipped,Paid,PLT0026,2026-08-23 04:16:00,2,2
ORD103387,CUST00585,PROD00379,5,13049.05,15,18,65440.99,2026-02-17 08:51:00,Placed,Failed,PLT0028,2026-03-02 08:51:00,5,3
ORD103388,CUST03846,PROD00367,5,15381.93,5,12,81831.87,2026-04-21 14:39:00,Shipped,Refunded,PLT0008,2026-04-28 14:39:00,5,5
ORD103389,CUST03217,PROD03527,5,15570.92,15,18,78088.16,2026-08-26 17:14:00,Placed,Paid,PLT0002,2026-09-09 17:14:00,5,5
ORD103390,CUST01328,PROD03873,5,2592.32,5,18,14529.95,2026-06-27 11:00:00,In Transit,Paid,PLT0008,2026-06-30 11:00:00,5,3
ORD103391,CUST03786,PROD04558,3,10896.16,5,18,36643.79,2026-04-25 05:57:00,Delivered,Paid,PLT0029,2026-04-29 05:57:00,3,3
ORD103392,CUST01452,PROD03677,2,2857.59,15,28,6218.12,2026-09-06 02:44:00,Shipped,Paid,PLT0008,2026-09-17 02:44:00,2,2
ORD103393,CUST02538,PROD01294,4,11061.49,5,12,47077.7,2026-03-06 08:00:00,Packed,Failed,PLT0005,2026-03-12 08:00:00,4,4
ORD103394,CUST01885,PROD03458,2,11084.06,20,12,19862.64,2026-06-15 06:56:00,Placed,Paid,PLT0007,2026-06-19 06:56:00,2,2
ORD103395,CUST04141,PROD03758,2,5538.51,0,12,12406.26,2026-09-11 10:20:00,Delivered,Paid,PLT0027,2026-09-19 10:20:00,2,2
ORD103396,CUST01009,PROD00988,1,7012.75,5,12,7461.57,2026-07-01 05:07:00,Returned,Paid,PLT0002,2026-07-05 05:07:00,1,1
ORD103397,CUST02499,PROD03035,5,4516.86,20,12,20235.53,2026-03-19 12:17:00,Packed,Pending,PLT0029,2026-03-24 12:17:00,5,5
ORD103398,CUST02205,PROD03457,5,8054.72,5,5,40172.92,2026-09-25 17:19:00,Packed,Refunded,PLT0025,2026-10-07 17:19:00,5,5
ORD103399,CUST02971,PROD04792,5,15258.11,20,5,64084.06,2026-06-15 17:17:00,Delivered,Failed,PLT0028,2026-06-24 17:17:00,5,5
ORD103400,CUST03355,PROD00707,1,5224.43,15,5,4662.8,2026-03-09 19:33:00,Delivered,Refunded,PLT0005,2026-03-20 19:33:00,1,1
ORD103401,CUST02875,PROD02472,3,15427.06,0,18,54611.79,2026-08-13 16:30:00,Returned,Failed,PLT0025,2026-08-27 16:30:00,3,3
ORD103402,CUST00683,PROD03840,3,10972.48,10,18,34958.32,2026-07-05 23:39:00,Packed,Pending,PLT0001,2026-07-14 23:39:00,3,3
ORD103403,CUST02200,PROD00122,4,14346.85,5,12,61060.19,2026-03-21 03:42:00,In Transit,Failed,PLT0002,2026-04-03 03:42:00,4,4
ORD103404,CUST04856,PROD00598,3,2838.89,10,28,9811.2,2026-08-03 19:49:00,Returned,Paid,PLT0006,2026-08-13 19:49:00,3,3
ORD103405,CUST04936,PROD01292,3,2209.18,5,12,7051.7,2026-03-25 11:00:00,In Transit,Paid,PLT0005,2026-04-04 11:00:00,3,3
ORD103406,CUST03706,PROD04449,5,5412.66,15,5,24154.0,2026-08-16 08:25:00,In Transit,Failed,PLT0009,2026-08-27 08:25:00,5,5
ORD103407,CUST02810,PROD01732,2,10018.94,15,12,19076.06,2026-07-17 11:16:00,Packed,Paid,PLT0029,2026-07-30 11:16:00,2,2
ORD103408,CUST01668,PROD04809,3,4025.68,20,18,11400.73,2026-02-02 18:42:00,In Transit,Paid,PLT0003,2026-02-16 18:42:00,3,3
ORD103409,CUST00287,PROD02094,3,8419.94,5,12,26876.45,2026-02-18 22:36:00,Returned,Paid,PLT0009,2026-02-21 22:36:00,3,1
ORD103410,CUST00571,PROD02923,1,13085.79,15,5,11679.07,2026-02-07 01:27:00,Delivered,Pending,PLT0008,2026-02-13 01:27:00,1,1
ORD103411,CUST02426,PROD02398,4,503.62,15,12,1917.78,2026-08-04 09:08:00,In Transit,Pending,PLT0007,2026-08-13 09:08:00,4,4
ORD103412,CUST02127,PROD00644,1,5306.21,5,18,5948.26,2026-07-02 04:13:00,Delivered,Paid,PLT0029,2026-07-06 04:13:00,1,1
ORD103413,CUST03154,PROD03129,5,15227.7,20,28,77965.82,2026-07-21 01:38:00,Shipped,Pending,PLT0006,2026-08-03 01:38:00,5,5
ORD103414,CUST01741,PROD02259,2,5138.45,20,5,8632.6,2026-05-14 08:06:00,In Transit,Refunded,PLT0001,2026-05-23 08:06:00,2,2
ORD103415,CUST02000,PROD03168,4,1774.75,20,12,6360.7,2026-03-31 22:09:00,Delivered,Failed,PLT0008,2026-04-04 22:09:00,4,2
ORD103416,CUST04458,PROD00224,1,5945.68,20,18,5612.72,2026-08-20 17:12:00,Shipped,Paid,PLT0003,2026-08-27 17:12:00,1,1
ORD103417,CUST02144,PROD03994,3,914.57,0,5,2880.9,2026-09-21 08:20:00,Delivered,Paid,PLT0026,2026-10-03 08:20:00,3,3
ORD103418,CUST02634,PROD00881,3,3773.09,5,5,11290.97,2026-03-07 21:58:00,In Transit,Refunded,PLT0004,2026-03-16 21:58:00,3,2
ORD103419,CUST02657,PROD02877,4,8009.88,0,18,37806.63,2026-03-18 13:36:00,Cancelled,Paid,PLT0004,2026-03-27 13:36:00,4,4
ORD103420,CUST02326,PROD00346,3,9891.02,15,12,28248.75,2026-07-09 22:13:00,Packed,Refunded,PLT0002,2026-07-16 22:13:00,3,3
ORD103421,CUST02734,PROD00010,1,11357.35,0,12,12720.23,2026-09-20 10:32:00,Placed,Refunded,PLT0026,2026-09-26 10:32:00,1,1
ORD103422,CUST00028,PROD03536,1,2160.9,20,12,1936.17,2026-07-09 20:37:00,Delivered,Failed,PLT0001,2026-07-22 20:37:00,1,1
ORD103423,CUST00732,PROD03223,3,1427.51,15,5,3822.16,2026-05-14 11:29:00,Packed,Paid,PLT0005,2026-05-20 11:29:00,3,3
ORD103424,CUST01025,PROD02845,3,9275.25,0,28,35616.96,2026-04-22 13:17:00,Cancelled,Paid,PLT0005,2026-04-30 13:17:00,3,3
ORD103425,CUST01166,PROD01359,5,4500.56,0,5,23627.94,2026-08-23 14:14:00,Delivered,Failed,PLT0025,2026-09-06 14:14:00,5,5
ORD103426,CUST01146,PROD04495,2,11785.9,5,12,25080.4,2026-09-20 03:26:00,Shipped,Refunded,PLT0027,2026-09-24 03:26:00,2,2
ORD103427,CUST00602,PROD02717,4,10377.69,0,5,43586.3,2026-05-22 01:43:00,Returned,Pending,PLT0007,2026-06-01 01:43:00,4,4
ORD103428,CUST04270,PROD01641,1,8684.32,15,28,9448.54,2026-02-23 20:40:00,Delivered,Paid,PLT0000,2026-03-03 20:40:00,1,1
ORD103429,CUST04119,PROD00411,4,5176.09,20,5,17391.66,2026-03-16 03:07:00,Packed,Refunded,PLT0009,2026-03-28 03:07:00,4,3
ORD103430,CUST02433,PROD00259,5,9162.97,5,18,51358.45,2026-04-14 12:03:00,Placed,Paid,PLT0027,2026-04-17 12:03:00,5,5
ORD103431,CUST04587,PROD02133,1,8999.12,0,12,10079.01,2026-09-21 09:39:00,In Transit,Pending,PLT0007,2026-09-24 09:39:00,1,1
ORD103432,CUST00821,PROD02686,5,406.31,5,12,2161.57,2026-05-23 10:44:00,Placed,Pending,PLT0009,2026-06-06 10:44:00,5,5
ORD103433,CUST01676,PROD03068,5,15442.74,10,12,77831.41,2026-07-09 05:36:00,Packed,Pending,PLT0000,2026-07-23 05:36:00,5,5
ORD103434,CUST00647,PROD03846,3,10535.91,5,5,31528.71,2026-04-18 16:05:00,Delivered,Paid,PLT0009,2026-04-23 16:05:00,3,3
ORD103435,CUST01050,PROD04172,4,15797.64,20,5,53080.07,2026-03-11 05:49:00,Delivered,Paid,PLT0009,2026-03-18 05:49:00,4,4
ORD103436,CUST00440,PROD03278,4,7812.01,10,5,29529.4,2026-09-01 14:25:00,Placed,Paid,PLT0029,2026-09-12 14:25:00,4,4
ORD103437,CUST02932,PROD04375,3,8235.15,10,12,24903.09,2026-03-05 20:24:00,Delivered,Paid,PLT0029,2026-03-11 20:24:00,3,3
ORD103438,CUST04970,PROD02750,4,10210.68,5,5,40740.61,2026-06-17 14:50:00,Placed,Failed,PLT0002,2026-06-25 14:50:00,4,4
ORD103439,CUST02008,PROD01494,3,1262.82,15,12,3606.61,2026-02-20 15:15:00,In Transit,Paid,PLT0026,2026-03-03 15:15:00,3,3
ORD103440,CUST00459,PROD01230,1,6607.41,20,5,5550.22,2026-02-09 22:06:00,Cancelled,Paid,PLT0000,2026-02-22 22:06:00,1,1
ORD103441,CUST04536,PROD01242,5,12446.89,15,12,59247.2,2026-07-15 17:35:00,Delivered,Paid,PLT0007,2026-07-19 17:35:00,5,5
ORD103442,CUST04702,PROD01033,5,3756.14,20,18,17728.98,2026-06-24 14:13:00,Shipped,Paid,PLT0002,2026-07-04 14:13:00,5,5
ORD103443,CUST04264,PROD00429,4,5678.55,20,5,19079.93,2026-07-05 21:23:00,Packed,Paid,PLT0002,2026-07-17 21:23:00,4,4
ORD103444,CUST01919,PROD00152,2,3908.03,15,12,7440.89,2026-09-06 01:06:00,Packed,Paid,PLT0028,2026-09-11 01:06:00,2,2
ORD103445,CUST00195,PROD03153,5,11315.83,0,18,66763.4,2026-06-08 22:57:00,Returned,Paid,PLT0003,2026-06-13 22:57:00,5,5
ORD103446,CUST04636,PROD02839,3,12199.03,10,18,38866.11,2026-04-15 18:15:00,Returned,Refunded,PLT0027,2026-04-28 18:15:00,3,3
ORD103447,CUST01246,PROD03919,2,10769.38,5,28,26191.13,2026-08-21 19:33:00,Placed,Paid,PLT0001,2026-09-02 19:33:00,2,2
ORD103448,CUST01519,PROD03701,2,9821.27,15,5,17530.97,2026-04-04 13:02:00,Delivered,Pending,PLT0008,2026-04-16 13:02:00,2,2
ORD103449,CUST01242,PROD02506,5,1836.3,15,12,8740.79,2026-03-27 10:29:00,Placed,Paid,PLT0003,2026-04-03 10:29:00,5,5
ORD103450,CUST00325,PROD00945,5,3381.1,5,28,20557.09,2026-02-13 04:21:00,Delivered,Paid,PLT0003,2026-02-21 04:21:00,5,5
ORD103451,CUST01352,PROD02433,5,15744.81,10,5,74394.23,2026-08-16 10:36:00,In Transit,Paid,PLT0006,2026-08-21 10:36:00,5,5
ORD103452,CUST02530,PROD02230,3,4867.71,5,18,16370.11,2026-08-22 14:46:00,Returned,Pending,PLT0026,2026-09-03 14:46:00,3,3
ORD103453,CUST00566,PROD01111,2,13070.75,20,5,21958.86,2026-02-18 15:03:00,Packed,Paid,PLT0002,2026-02-23 15:03:00,2,1
ORD103454,CUST04095,PROD00461,4,1967.67,0,12,8815.16,2026-03-26 00:13:00,Packed,Refunded,PLT0008,2026-04-07 00:13:00,4,4
ORD103455,CUST03496,PROD00680,3,13860.56,20,18,39253.11,2026-09-01 09:10:00,Delivered,Paid,PLT0028,2026-09-14 09:10:00,3,3
ORD103456,CUST03339,PROD04159,1,15325.34,0,28,19616.44,2026-05-09 02:56:00,Returned,Paid,PLT0007,2026-05-22 02:56:00,1,1
ORD103457,CUST04851,PROD00021,5,9827.46,5,5,49014.46,2026-02-20 14:27:00,Shipped,Paid,PLT0028,2026-02-28 14:27:00,5,5
ORD103458,CUST03594,PROD01728,2,15946.48,20,5,26790.09,2026-04-05 00:58:00,Packed,Refunded,PLT0028,2026-04-17 00:58:00,2,2
ORD103459,CUST00374,PROD02337,3,7353.16,10,28,25412.52,2026-05-11 04:15:00,Packed,Paid,PLT0004,2026-05-21 04:15:00,3,3
ORD103460,CUST03309,PROD01180,1,8705.14,20,5,7312.32,2026-06-18 12:14:00,Shipped,Failed,PLT0006,2026-06-24 12:14:00,1,1
ORD103461,CUST04346,PROD00011,3,426.29,15,5,1141.39,2026-04-12 06:36:00,Placed,Paid,PLT0007,2026-04-23 06:36:00,3,3
ORD103462,CUST01650,PROD03102,3,11998.31,0,5,37794.68,2026-08-30 14:34:00,Delivered,Paid,PLT0027,2026-09-10 14:34:00,3,2
ORD103463,CUST04486,PROD04502,4,8266.95,0,18,39020.0,2026-04-22 19:18:00,Shipped,Paid,PLT0008,2026-04-29 19:18:00,4,2
ORD103464,CUST01302,PROD03828,4,7764.9,10,18,32985.3,2026-02-26 20:16:00,Delivered,Paid,PLT0005,2026-03-11 20:16:00,4,2
ORD103465,CUST04528,PROD01418,3,2040.55,0,12,6856.25,2026-09-06 05:46:00,Delivered,Failed,PLT0006,2026-09-20 05:46:00,3,3
ORD103466,CUST01349,PROD00555,1,14037.79,0,5,14739.68,2026-02-28 02:36:00,Packed,Paid,PLT0004,2026-03-12 02:36:00,1,1
ORD103467,CUST03098,PROD04093,2,7707.6,10,12,15538.52,2026-05-11 09:12:00,Returned,Pending,PLT0001,2026-05-19 09:12:00,2,2
ORD103468,CUST03349,PROD00225,2,4315.72,20,18,8148.08,2026-06-25 08:43:00,Delivered,Paid,PLT0004,2026-07-07 08:43:00,2,2
ORD103469,CUST03674,PROD02299,5,1816.61,5,5,9060.34,2026-09-02 18:02:00,Placed,Refunded,PLT0027,2026-09-07 18:02:00,5,5
ORD103470,CUST02372,PROD03515,5,13654.5,20,12,61172.16,2026-08-12 01:28:00,Packed,Refunded,PLT0006,2026-08-18 01:28:00,5,5
ORD103471,CUST00495,PROD03423,2,12219.61,15,5,21812.0,2026-05-27 10:29:00,Delivered,Paid,PLT0002,2026-06-08 10:29:00,2,1
ORD103472,CUST00151,PROD04301,3,1380.78,15,5,3697.04,2026-09-22 02:44:00,Delivered,Paid,PLT0025,2026-10-05 02:44:00,3,2
ORD103473,CUST00059,PROD03872,3,2989.28,0,28,11478.84,2026-07-19 14:01:00,Delivered,Paid,PLT0026,2026-07-23 14:01:00,3,3
ORD103474,CUST04902,PROD00226,4,3978.44,15,12,15149.9,2026-05-27 21:26:00,Packed,Failed,PLT0000,2026-06-10 21:26:00,4,4
ORD103475,CUST03940,PROD04572,4,10829.8,5,18,48560.82,2026-06-18 05:42:00,Delivered,Paid,PLT0007,2026-06-24 05:42:00,4,4
ORD103476,CUST03996,PROD00991,5,12809.71,0,12,71734.38,2026-04-10 21:46:00,Placed,Paid,PLT0002,2026-04-15 21:46:00,5,4
ORD103477,CUST01814,PROD04006,2,4362.97,15,12,8307.09,2026-02-08 04:57:00,Delivered,Paid,PLT0025,2026-02-19 04:57:00,2,2
ORD103478,CUST02685,PROD03177,3,10660.09,0,12,35817.9,2026-07-22 22:26:00,Cancelled,Pending,PLT0006,2026-07-27 22:26:00,3,3
ORD103479,CUST02406,PROD01161,2,13229.49,0,28,33867.49,2026-09-12 07:02:00,Delivered,Refunded,PLT0027,2026-09-24 07:02:00,2,2
ORD103480,CUST04755,PROD01019,1,14655.26,0,5,15388.02,2026-06-13 19:15:00,Delivered,Paid,PLT0007,2026-06-19 19:15:00,1,1
ORD103481,CUST03355,PROD00661,2,5760.94,0,18,13595.82,2026-03-22 07:12:00,Returned,Failed,PLT0006,2026-03-31 07:12:00,2,1
ORD103482,CUST01518,PROD03554,1,8136.59,20,28,8331.87,2026-03-04 01:46:00,Packed,Pending,PLT0003,2026-03-09 01:46:00,1,1
ORD103483,CUST02993,PROD03961,4,9224.8,0,18,43541.06,2026-07-06 00:16:00,Packed,Paid,PLT0005,2026-07-09 00:16:00,4,4
ORD103484,CUST04897,PROD00891,4,11583.04,0,28,59305.16,2026-07-04 03:30:00,In Transit,Paid,PLT0002,2026-07-16 03:30:00,4,4
ORD103485,CUST02868,PROD01203,5,450.76,10,5,2129.84,2026-08-31 14:49:00,Delivered,Paid,PLT0029,2026-09-06 14:49:00,5,5
ORD103486,CUST04844,PROD01927,2,9451.42,20,18,17844.28,2026-05-29 22:23:00,In Transit,Refunded,PLT0027,2026-06-06 22:23:00,2,2
ORD103487,CUST00150,PROD00334,2,1944.55,10,12,3920.21,2026-08-01 21:22:00,Packed,Pending,PLT0003,2026-08-13 21:22:00,2,1
ORD103488,CUST00945,PROD02173,1,2879.61,0,28,3685.9,2026-09-04 00:49:00,Delivered,Refunded,PLT0002,2026-09-09 00:49:00,1,1
ORD103489,CUST01157,PROD03192,4,14628.24,0,18,69045.29,2026-01-31 01:56:00,In Transit,Failed,PLT0002,2026-02-12 01:56:00,4,4
ORD103490,CUST00744,PROD02810,1,11520.47,5,5,11491.67,2026-08-18 13:10:00,Shipped,Pending,PLT0027,2026-08-27 13:10:00,1,1
ORD103491,CUST01781,PROD04157,4,8689.76,20,18,32812.53,2026-04-11 05:08:00,In Transit,Paid,PLT0029,2026-04-20 05:08:00,4,4
ORD103492,CUST02984,PROD01852,1,13072.56,10,28,15059.59,2026-07-02 16:39:00,Packed,Paid,PLT0027,2026-07-05 16:39:00,1,1
ORD103493,CUST02724,PROD03255,4,5460.58,0,5,22934.44,2026-08-02 03:52:00,Delivered,Paid,PLT0026,2026-08-12 03:52:00,4,4
ORD103494,CUST01548,PROD02989,1,11522.42,0,12,12905.11,2026-03-25 14:53:00,In Transit,Paid,PLT0000,2026-03-31 14:53:00,1,1
ORD103495,CUST00425,PROD04947,4,10008.04,0,28,51241.16,2026-08-14 10:34:00,Shipped,Pending,PLT0003,2026-08-19 10:34:00,4,3
ORD103496,CUST00969,PROD04991,1,15608.02,10,28,17980.44,2026-06-14 01:49:00,Returned,Pending,PLT0004,2026-06-28 01:49:00,1,1
ORD103497,CUST01326,PROD04419,2,5431.41,20,5,9124.77,2026-04-10 22:33:00,Shipped,Paid,PLT0025,2026-04-16 22:33:00,2,2
ORD103498,CUST02770,PROD00019,5,6966.93,15,28,37900.1,2026-05-05 13:35:00,Shipped,Pending,PLT0027,2026-05-09 13:35:00,5,5
ORD103499,CUST01817,PROD00787,1,9374.93,15,18,9403.05,2026-06-12 22:07:00,In Transit,Pending,PLT0029,2026-06-20 22:07:00,1,1
ORD103500,CUST02069,PROD03329,5,2330.16,0,12,13048.9,2026-02-16 05:00:00,Delivered,Refunded,PLT0028,2026-02-21 05:00:00,5,5
ORD103501,CUST01627,PROD03401,2,1168.37,5,18,2619.49,2026-03-28 19:28:00,Delivered,Failed,PLT0009,2026-04-04 19:28:00,2,2
ORD103502,CUST03537,PROD02933,2,1346.45,0,5,2827.54,2026-05-08 13:10:00,In Transit,Paid,PLT0002,2026-05-16 13:10:00,2,2
ORD103503,CUST02118,PROD04472,4,15864.37,0,28,81225.57,2026-07-10 21:56:00,Delivered,Paid,PLT0009,2026-07-13 21:56:00,4,4
ORD103504,CUST03186,PROD00834,5,2903.55,5,12,15446.89,2026-02-24 21:15:00,Cancelled,Paid,PLT0008,2026-03-07 21:15:00,5,5
ORD103505,CUST03519,PROD01841,3,6016.46,0,5,18951.85,2026-08-26 03:52:00,Shipped,Paid,PLT0027,2026-08-29 03:52:00,3,3
ORD103506,CUST04764,PROD03457,4,8054.72,10,18,34216.45,2026-09-18 21:38:00,Delivered,Failed,PLT0028,2026-09-27 21:38:00,4,2
ORD103507,CUST01824,PROD03340,5,10499.71,15,28,57118.42,2026-09-17 19:10:00,Shipped,Paid,PLT0001,2026-09-26 19:10:00,5,5
ORD103508,CUST03810,PROD01341,1,4196.16,5,28,5102.53,2026-06-21 21:05:00,Delivered,Failed,PLT0029,2026-06-30 21:05:00,1,1
ORD103509,CUST00505,PROD01369,1,2955.96,0,5,3103.76,2026-02-19 13:37:00,Cancelled,Paid,PLT0009,2026-02-22 13:37:00,1,1
ORD103510,CUST03492,PROD01255,2,10999.49,0,18,25958.8,2026-02-14 15:14:00,Packed,Refunded,PLT0002,2026-02-21 15:14:00,2,2
ORD103511,CUST03896,PROD00316,3,11164.99,0,28,42873.56,2026-08-18 09:01:00,In Transit,Failed,PLT0003,2026-08-21 09:01:00,3,3
ORD103512,CUST02690,PROD04450,1,11719.84,0,18,13829.41,2026-04-02 09:18:00,Packed,Paid,PLT0025,2026-04-11 09:18:00,1,1
ORD103513,CUST03561,PROD03082,5,14138.6,15,12,67299.74,2026-02-10 21:19:00,Delivered,Paid,PLT0006,2026-02-16 21:19:00,5,5
ORD103514,CUST02445,PROD00516,5,518.23,15,28,2819.17,2026-07-18 21:03:00,Delivered,Paid,PLT0003,2026-07-28 21:03:00,5,5
ORD103515,CUST02380,PROD00226,1,3978.44,0,12,4455.85,2026-09-12 14:02:00,Shipped,Paid,PLT0009,2026-09-21 14:02:00,1,1
ORD103516,CUST00188,PROD01142,5,5629.17,0,28,36026.69,2026-06-26 19:05:00,Cancelled,Paid,PLT0029,2026-06-30 19:05:00,5,5
ORD103517,CUST01725,PROD00824,5,6429.88,0,5,33756.87,2026-05-15 06:30:00,Cancelled,Paid,PLT0002,2026-05-28 06:30:00,5,2
ORD103518,CUST00708,PROD01947,2,7098.16,0,28,18171.29,2026-06-13 14:14:00,In Transit,Pending,PLT0006,2026-06-20 14:14:00,2,2
ORD103519,CUST02195,PROD00172,3,362.75,5,28,1323.31,2026-06-07 07:28:00,Placed,Failed,PLT0028,2026-06-20 07:28:00,3,3
ORD103520,CUST04220,PROD02978,2,280.55,5,18,628.99,2026-09-20 04:59:00,Returned,Paid,PLT0003,2026-09-26 04:59:00,2,1
ORD103521,CUST01438,PROD00201,3,10307.3,5,18,34663.45,2026-03-28 02:44:00,Cancelled,Paid,PLT0000,2026-04-11 02:44:00,3,3
ORD103522,CUST01504,PROD04677,5,849.43,0,12,4756.81,2026-01-31 04:16:00,Shipped,Paid,PLT0004,2026-02-14 04:16:00,5,3
ORD103523,CUST00980,PROD03121,3,4404.82,20,12,11840.16,2026-07-05 19:36:00,Delivered,Pending,PLT0008,2026-07-11 19:36:00,3,3
ORD103524,CUST00607,PROD01936,5,12898.33,20,12,57784.52,2026-09-18 13:15:00,Placed,Paid,PLT0009,2026-09-22 13:15:00,5,5
ORD103525,CUST02133,PROD04934,5,7172.15,20,28,36721.41,2026-02-13 20:13:00,In Transit,Failed,PLT0026,2026-02-22 20:13:00,5,4
ORD103526,CUST02708,PROD04700,2,15724.56,20,28,32203.9,2026-03-20 07:37:00,Delivered,Failed,PLT0003,2026-03-29 07:37:00,2,2
ORD103527,CUST04046,PROD02132,2,299.46,5,12,637.25,2026-02-25 14:14:00,Delivered,Refunded,PLT0029,2026-03-02 14:14:00,2,2
ORD103528,CUST01480,PROD03973,4,4475.3,0,5,18796.26,2026-03-20 11:43:00,Returned,Refunded,PLT0009,2026-03-30 11:43:00,4,4
ORD103529,CUST00155,PROD04511,1,2872.11,20,5,2412.57,2026-09-01 17:29:00,Placed,Paid,PLT0005,2026-09-09 17:29:00,1,1
ORD103530,CUST02843,PROD01591,4,11108.73,15,28,48345.19,2026-08-19 06:54:00,Placed,Paid,PLT0001,2026-09-02 06:54:00,4,4
ORD103531,CUST03072,PROD02414,4,536.83,10,5,2029.22,2026-08-29 19:50:00,Shipped,Failed,PLT0008,2026-09-03 19:50:00,4,4
ORD103532,CUST02624,PROD04340,3,3538.69,15,5,9474.84,2026-08-03 21:41:00,Delivered,Pending,PLT0026,2026-08-08 21:41:00,3,3
ORD103533,CUST01861,PROD04482,5,7599.66,0,12,42558.1,2026-07-20 06:26:00,Delivered,Refunded,PLT0009,2026-07-24 06:26:00,5,5
ORD103534,CUST01334,PROD00589,5,2134.93,0,5,11208.38,2026-06-14 16:34:00,Placed,Pending,PLT0027,2026-06-26 16:34:00,5,4
ORD103535,CUST00826,PROD02180,5,8250.21,10,5,38982.24,2026-06-09 07:58:00,Delivered,Failed,PLT0026,2026-06-16 07:58:00,5,5
ORD103536,CUST03250,PROD03249,1,13940.38,0,28,17843.69,2026-08-12 04:40:00,Delivered,Paid,PLT0001,2026-08-19 04:40:00,1,1
ORD103537,CUST04519,PROD00052,3,12423.61,0,28,47706.66,2026-06-23 15:02:00,Delivered,Paid,PLT0007,2026-06-29 15:02:00,3,3
ORD103538,CUST02658,PROD04576,3,5069.31,0,28,19466.15,2026-05-09 13:12:00,Cancelled,Pending,PLT0028,2026-05-16 13:12:00,3,1
ORD103539,CUST02882,PROD01192,5,9355.51,5,5,46660.61,2026-05-04 01:04:00,Delivered,Failed,PLT0003,2026-05-10 01:04:00,5,5
ORD103540,CUST02599,PROD02131,4,2678.51,0,12,11999.72,2026-03-19 03:01:00,Delivered,Failed,PLT0001,2026-03-27 03:01:00,4,2
ORD103541,CUST00007,PROD03637,1,14738.76,5,18,16522.15,2026-04-26 09:39:00,Packed,Failed,PLT0026,2026-05-08 09:39:00,1,1
ORD103542,CUST01263,PROD02474,4,11581.08,5,28,56330.37,2026-02-27 18:06:00,Cancelled,Refunded,PLT0003,2026-03-05 18:06:00,4,4
ORD103543,CUST03175,PROD00127,2,13105.43,0,28,33549.9,2026-06-12 12:05:00,Shipped,Failed,PLT0002,2026-06-26 12:05:00,2,2
ORD103544,CUST04881,PROD03838,3,1985.44,0,28,7624.09,2026-03-03 08:58:00,Cancelled,Paid,PLT0026,2026-03-11 08:58:00,3,3
ORD103545,CUST02336,PROD04641,3,15136.42,10,12,45772.53,2026-02-27 22:38:00,Cancelled,Paid,PLT0029,2026-03-09 22:38:00,3,3
ORD103546,CUST03010,PROD02479,4,2083.65,20,18,7867.86,2026-06-12 19:27:00,Delivered,Refunded,PLT0008,2026-06-19 19:27:00,4,4
ORD103547,CUST00113,PROD01701,1,15455.57,10,18,16413.82,2026-03-30 14:42:00,In Transit,Paid,PLT0002,2026-04-11 14:42:00,1,1
ORD103548,CUST02889,PROD02546,3,7852.28,5,28,28645.12,2026-02-17 17:04:00,Shipped,Paid,PLT0007,2026-02-25 17:04:00,3,3
ORD103549,CUST04284,PROD02554,4,15167.24,10,5,57332.17,2026-03-09 19:21:00,Packed,Pending,PLT0007,2026-03-16 19:21:00,4,4
ORD103550,CUST01709,PROD02336,1,6202.04,5,28,7541.68,2026-04-14 22:15:00,Shipped,Failed,PLT0007,2026-04-17 22:15:00,1,1
ORD103551,CUST03210,PROD00925,4,6859.89,0,28,35122.64,2026-01-30 06:55:00,In Transit,Failed,PLT0003,2026-02-08 06:55:00,4,4
ORD103552,CUST00441,PROD03827,1,7519.42,5,5,7500.62,2026-03-29 21:33:00,Delivered,Paid,PLT0026,2026-04-03 21:33:00,1,1
ORD103553,CUST03790,PROD03023,5,10997.56,5,5,54850.33,2026-09-14 01:07:00,Delivered,Paid,PLT0002,2026-09-21 01:07:00,5,5
ORD103554,CUST01303,PROD03086,1,10912.78,10,28,12571.52,2026-04-26 10:49:00,Delivered,Failed,PLT0028,2026-05-10 10:49:00,1,1
ORD103555,CUST01219,PROD03517,2,1452.15,20,12,2602.25,2026-04-21 02:45:00,Delivered,Paid,PLT0004,2026-04-25 02:45:00,2,1
ORD103556,CUST04592,PROD03159,5,13212.42,0,12,73989.55,2026-05-04 00:40:00,Delivered,Pending,PLT0028,2026-05-13 00:40:00,5,5
ORD103557,CUST04120,PROD00732,4,13050.74,15,5,46591.14,2026-03-23 00:20:00,Delivered,Paid,PLT0007,2026-04-01 00:20:00,4,4
ORD103558,CUST02310,PROD04919,5,12180.2,15,28,66260.29,2026-06-06 21:48:00,Packed,Failed,PLT0003,2026-06-18 21:48:00,5,4
ORD103559,CUST04737,PROD03264,5,387.17,20,12,1734.52,2026-06-20 21:40:00,Delivered,Paid,PLT0002,2026-06-28 21:40:00,5,5
ORD103560,CUST04724,PROD01523,4,5689.8,15,28,24762.01,2026-03-07 21:00:00,In Transit,Paid,PLT0005,2026-03-13 21:00:00,4,4
ORD103561,CUST01633,PROD00718,4,15442.93,0,28,79067.8,2026-02-06 23:47:00,Placed,Paid,PLT0026,2026-02-13 23:47:00,4,4
ORD103562,CUST04752,PROD01823,2,9877.71,0,28,25286.94,2026-05-22 15:20:00,Placed,Paid,PLT0008,2026-06-03 15:20:00,2,2
ORD103563,CUST01228,PROD01395,4,5457.35,0,12,24448.93,2026-04-16 05:17:00,Packed,Paid,PLT0001,2026-04-26 05:17:00,4,4
ORD103564,CUST04359,PROD01932,3,9026.6,10,18,28758.75,2026-08-19 20:09:00,Delivered,Paid,PLT0002,2026-08-24 20:09:00,3,3
ORD103565,CUST04580,PROD04782,3,3074.28,5,28,11214.97,2026-08-18 23:21:00,Placed,Paid,PLT0000,2026-08-28 23:21:00,3,3
ORD103566,CUST03329,PROD01480,2,7024.77,5,12,14948.71,2026-06-10 04:01:00,In Transit,Paid,PLT0026,2026-06-17 04:01:00,2,2
ORD103567,CUST03180,PROD03060,1,15226.63,10,18,16170.68,2026-05-17 11:58:00,Returned,Paid,PLT0027,2026-05-30 11:58:00,1,1
ORD103568,CUST04141,PROD00082,1,10009.44,10,5,9458.92,2026-09-13 01:15:00,Shipped,Pending,PLT0007,2026-09-26 01:15:00,1,1
ORD103569,CUST04740,PROD00939,3,1971.24,5,12,6292.2,2026-05-21 09:06:00,Delivered,Refunded,PLT0004,2026-06-01 09:06:00,3,3
ORD103570,CUST04329,PROD04811,4,2783.08,20,18,10508.91,2026-04-03 13:32:00,Placed,Paid,PLT0008,2026-04-11 13:32:00,4,4
ORD103571,CUST00120,PROD03960,2,725.33,0,12,1624.74,2026-02-01 21:37:00,In Transit,Pending,PLT0025,2026-02-15 21:37:00,2,1
ORD103572,CUST00803,PROD03151,1,10119.93,0,18,11941.52,2026-06-25 13:36:00,Placed,Paid,PLT0006,2026-07-08 13:36:00,1,1
ORD103573,CUST00256,PROD00673,1,1374.72,0,18,1622.17,2026-08-21 01:48:00,Shipped,Paid,PLT0027,2026-08-24 01:48:00,1,1
ORD103574,CUST03277,PROD00327,5,8913.23,10,12,44922.68,2026-05-01 02:42:00,Shipped,Failed,PLT0000,2026-05-12 02:42:00,5,5
ORD103575,CUST02790,PROD01592,3,15859.97,5,5,47460.96,2026-05-21 10:41:00,Returned,Pending,PLT0027,2026-06-02 10:41:00,3,3
ORD103576,CUST01475,PROD01103,4,14151.2,20,28,57963.32,2026-02-09 10:06:00,In Transit,Paid,PLT0026,2026-02-23 10:06:00,4,4
ORD103577,CUST04344,PROD00839,2,9330.35,5,18,20918.64,2026-03-29 04:56:00,Delivered,Refunded,PLT0005,2026-04-08 04:56:00,2,2
ORD103578,CUST02823,PROD03212,1,10809.96,5,28,13144.91,2026-03-21 14:07:00,In Transit,Paid,PLT0000,2026-04-04 14:07:00,1,1
ORD103579,CUST02336,PROD02783,5,15699.96,20,5,65939.83,2026-07-01 09:28:00,Delivered,Paid,PLT0004,2026-07-07 09:28:00,5,5
ORD103580,CUST02553,PROD04115,3,9653.5,0,28,37069.44,2026-03-06 12:21:00,Delivered,Refunded,PLT0006,2026-03-16 12:21:00,3,3
ORD103581,CUST01603,PROD00038,3,1651.99,20,28,5074.91,2026-02-25 01:05:00,Delivered,Paid,PLT0005,2026-03-09 01:05:00,3,3
ORD103582,CUST00263,PROD04557,2,10641.13,0,12,23836.13,2026-04-09 01:00:00,Delivered,Failed,PLT0003,2026-04-21 01:00:00,2,2
ORD103583,CUST02573,PROD03765,1,7934.83,15,12,7553.96,2026-04-30 13:53:00,Delivered,Paid,PLT0000,2026-05-11 13:53:00,1,1
ORD103584,CUST01431,PROD01230,2,6607.41,0,5,13875.56,2026-04-24 00:25:00,Delivered,Refunded,PLT0007,2026-04-30 00:25:00,2,2
ORD103585,CUST01732,PROD03101,2,1571.75,0,12,3520.72,2026-02-01 23:23:00,In Transit,Failed,PLT0002,2026-02-07 23:23:00,2,2
ORD103586,CUST03484,PROD03900,5,13529.19,0,18,79822.22,2026-07-07 04:21:00,Placed,Paid,PLT0006,2026-07-14 04:21:00,5,5
ORD103587,CUST00846,PROD00278,3,10433.43,20,5,26292.24,2026-03-12 22:38:00,Placed,Paid,PLT0009,2026-03-19 22:38:00,3,3
ORD103588,CUST02086,PROD02720,4,474.16,0,12,2124.24,2026-06-21 23:06:00,Delivered,Paid,PLT0006,2026-06-25 23:06:00,4,4
ORD103589,CUST00784,PROD00621,3,3032.88,0,12,10190.48,2026-08-01 19:36:00,Delivered,Pending,PLT0001,2026-08-04 19:36:00,3,3
ORD103590,CUST03541,PROD00938,3,14636.35,15,5,39188.83,2026-02-23 11:12:00,Delivered,Paid,PLT0029,2026-03-03 11:12:00,3,3
ORD103591,CUST01914,PROD01839,5,14855.53,0,18,87647.63,2026-02-27 19:14:00,Returned,Paid,PLT0007,2026-03-03 19:14:00,5,5
ORD103592,CUST03647,PROD04294,4,14536.49,10,5,54947.93,2026-04-01 13:14:00,Placed,Failed,PLT0025,2026-04-14 13:14:00,4,4
ORD103593,CUST00147,PROD04385,1,14059.73,10,12,14172.21,2026-09-01 22:46:00,Delivered,Paid,PLT0003,2026-09-06 22:46:00,1,1
ORD103594,CUST03773,PROD01753,4,291.72,10,12,1176.22,2026-09-01 12:06:00,Delivered,Pending,PLT0007,2026-09-05 12:06:00,4,2
ORD103595,CUST01327,PROD00507,1,14582.74,0,5,15311.88,2026-07-24 23:28:00,Placed,Paid,PLT0007,2026-08-02 23:28:00,1,1
ORD103596,CUST04069,PROD04938,4,9145.39,20,18,34532.99,2026-05-29 22:45:00,Delivered,Refunded,PLT0002,2026-06-09 22:45:00,4,4
ORD103597,CUST02136,PROD00152,2,3908.03,20,18,7378.36,2026-07-29 23:06:00,Delivered,Paid,PLT0004,2026-08-03 23:06:00,2,2
ORD103598,CUST01142,PROD02217,4,13286.38,5,28,64624.95,2026-08-15 15:34:00,Delivered,Paid,PLT0028,2026-08-23 15:34:00,4,4
ORD103599,CUST00240,PROD02799,5,15699.73,15,18,78734.15,2026-05-25 08:34:00,Delivered,Paid,PLT0009,2026-06-05 08:34:00,5,5
ORD103600,CUST00370,PROD04183,1,10945.85,10,5,10343.83,2026-04-08 04:13:00,Delivered,Paid,PLT0009,2026-04-20 04:13:00,1,1
ORD103601,CUST02864,PROD00717,3,13305.85,10,18,42392.44,2026-06-10 06:19:00,Delivered,Paid,PLT0008,2026-06-13 06:19:00,3,3
ORD103602,CUST00434,PROD03234,5,1016.94,0,18,5999.95,2026-05-06 09:14:00,Packed,Paid,PLT0006,2026-05-11 09:14:00,5,5
ORD103603,CUST01501,PROD03852,1,1949.1,10,28,2245.36,2026-09-24 10:42:00,Delivered,Refunded,PLT0025,2026-10-05 10:42:00,1,1
ORD103604,CUST02407,PROD01529,1,12867.11,0,18,15183.19,2026-09-03 22:28:00,Cancelled,Refunded,PLT0008,2026-09-08 22:28:00,1,1
ORD103605,CUST00039,PROD04924,3,14105.23,0,28,54164.08,2026-09-12 04:18:00,Packed,Refunded,PLT0026,2026-09-25 04:18:00,3,2
ORD103606,CUST03626,PROD00676,2,15718.82,5,28,38228.17,2026-09-09 23:30:00,Cancelled,Failed,PLT0001,2026-09-19 23:30:00,2,2
ORD103607,CUST04671,PROD04922,5,11832.05,0,18,69809.1,2026-04-11 19:03:00,Shipped,Paid,PLT0006,2026-04-24 19:03:00,5,3
ORD103608,CUST01858,PROD01992,3,2625.64,0,12,8822.15,2026-05-04 04:14:00,In Transit,Pending,PLT0029,2026-05-13 04:14:00,3,3
ORD103609,CUST04933,PROD00081,3,13822.34,0,5,43540.37,2026-06-06 08:50:00,Placed,Paid,PLT0009,2026-06-20 08:50:00,3,3
ORD103610,CUST03628,PROD02221,2,11287.61,20,5,18963.18,2026-08-11 14:11:00,Placed,Failed,PLT0001,2026-08-17 14:11:00,2,2
ORD103611,CUST03881,PROD01058,5,6489.7,5,18,36374.77,2026-05-14 13:38:00,Shipped,Failed,PLT0028,2026-05-23 13:38:00,5,5
ORD103612,CUST04596,PROD00272,3,12979.8,0,5,40886.37,2026-08-27 13:06:00,Returned,Failed,PLT0004,2026-09-03 13:06:00,3,3
ORD103613,CUST04200,PROD00718,2,15442.93,15,5,27565.63,2026-04-17 09:58:00,Returned,Paid,PLT0000,2026-04-24 09:58:00,2,2
ORD103614,CUST00683,PROD04599,5,6543.67,0,28,41879.49,2026-01-28 17:44:00,In Transit,Paid,PLT0028,2026-02-07 17:44:00,5,5
ORD103615,CUST00387,PROD02996,4,13857.2,15,12,52768.22,2026-08-05 14:10:00,Delivered,Paid,PLT0003,2026-08-13 14:10:00,4,2
ORD103616,CUST02152,PROD04799,1,2046.72,10,5,1934.15,2026-05-02 21:32:00,Shipped,Pending,PLT0025,2026-05-07 21:32:00,1,1
ORD103617,CUST04161,PROD00504,2,13038.34,0,12,29205.88,2026-03-03 21:18:00,Returned,Pending,PLT0029,2026-03-12 21:18:00,2,2
ORD103618,CUST03027,PROD02866,1,9322.41,10,5,8809.68,2026-09-13 22:46:00,Delivered,Failed,PLT0007,2026-09-26 22:46:00,1,1
ORD103619,CUST04799,PROD01312,4,14326.58,20,12,51346.46,2026-04-11 03:39:00,Delivered,Paid,PLT0025,2026-04-25 03:39:00,4,4
ORD103620,CUST00822,PROD03917,3,11680.1,0,12,39245.14,2026-02-28 08:20:00,Delivered,Paid,PLT0004,2026-03-05 08:20:00,3,3
ORD103621,CUST02852,PROD01862,3,10531.97,5,5,31516.92,2026-09-15 13:04:00,Delivered,Failed,PLT0004,2026-09-29 13:04:00,3,3
ORD103622,CUST04896,PROD00910,5,6136.11,15,28,33380.44,2026-05-12 16:19:00,Placed,Pending,PLT0004,2026-05-19 16:19:00,5,5
ORD103623,CUST00203,PROD00641,2,418.13,10,12,842.95,2026-07-31 03:10:00,Cancelled,Paid,PLT0025,2026-08-11 03:10:00,2,2
ORD103624,CUST02940,PROD04505,2,7989.2,0,12,17895.81,2026-07-09 05:43:00,Delivered,Paid,PLT0007,2026-07-20 05:43:00,2,2
ORD103625,CUST02173,PROD03593,5,9125.86,15,5,40724.15,2026-07-25 03:29:00,Shipped,Failed,PLT0005,2026-07-28 03:29:00,5,5
ORD103626,CUST01399,PROD03225,1,2734.4,15,12,2603.15,2026-07-15 08:37:00,Returned,Refunded,PLT0001,2026-07-19 08:37:00,1,1
ORD103627,CUST02425,PROD02877,3,8009.88,20,12,21530.56,2026-09-10 10:47:00,Shipped,Paid,PLT0007,2026-09-22 10:47:00,3,3
ORD103628,CUST04556,PROD03368,3,4384.24,20,28,13468.39,2026-06-15 06:39:00,Returned,Pending,PLT0002,2026-06-22 06:39:00,3,3
ORD103629,CUST03663,PROD04025,2,10801.16,10,12,21775.14,2026-08-03 05:21:00,Placed,Refunded,PLT0025,2026-08-17 05:21:00,2,2
ORD103630,CUST04283,PROD01522,2,14956.53,0,28,38288.72,2026-02-17 01:49:00,In Transit,Paid,PLT0001,2026-02-21 01:49:00,2,2
ORD103631,CUST02315,PROD01522,5,14956.53,5,12,79568.74,2026-05-19 11:14:00,Cancelled,Pending,PLT0007,2026-06-01 11:14:00,5,4
ORD103632,CUST00361,PROD02250,4,1926.43,10,12,7767.37,2026-08-04 11:01:00,Delivered,Refunded,PLT0008,2026-08-07 11:01:00,4,2
ORD103633,CUST02526,PROD00881,1,3773.09,15,28,4105.12,2026-04-29 03:17:00,Delivered,Paid,PLT0000,2026-05-12 03:17:00,1,1
ORD103634,CUST00859,PROD01283,4,8997.41,15,28,39156.73,2026-02-03 16:44:00,Placed,Paid,PLT0008,2026-02-06 16:44:00,4,2
ORD103635,CUST02518,PROD04184,4,5111.31,0,18,24125.38,2026-04-06 21:56:00,Placed,Pending,PLT0028,2026-04-14 21:56:00,4,4
ORD103636,CUST04092,PROD03192,2,14628.24,0,12,32767.26,2026-03-03 12:52:00,Placed,Pending,PLT0009,2026-03-12 12:52:00,2,2
ORD103637,CUST00856,PROD02748,2,2435.71,0,28,6235.42,2026-06-26 10:43:00,Packed,Failed,PLT0009,2026-06-29 10:43:00,2,1
ORD103638,CUST02133,PROD00194,2,10165.31,20,12,18216.24,2026-03-07 20:19:00,Placed,Refunded,PLT0007,2026-03-16 20:19:00,2,2
ORD103639,CUST00052,PROD02035,4,9774.58,5,12,41600.61,2026-06-15 12:57:00,Delivered,Refunded,PLT0002,2026-06-26 12:57:00,4,2
ORD103640,CUST04197,PROD04230,1,3118.98,10,12,3143.93,2026-06-07 14:47:00,Delivered,Failed,PLT0029,2026-06-17 14:47:00,1,1
ORD103641,CUST04246,PROD02558,2,4862.09,15,5,8678.83,2026-03-29 16:07:00,Returned,Refunded,PLT0025,2026-04-04 16:07:00,2,1
ORD103642,CUST03793,PROD01023,3,14796.9,0,18,52381.03,2026-09-19 12:42:00,Cancelled,Failed,PLT0006,2026-10-03 12:42:00,3,2
ORD103643,CUST03998,PROD00448,1,12077.71,15,5,10779.36,2026-09-10 00:35:00,Cancelled,Paid,PLT0001,2026-09-20 00:35:00,1,1
ORD103644,CUST04722,PROD00786,3,14543.36,20,18,41186.8,2026-05-03 10:37:00,Placed,Failed,PLT0004,2026-05-17 10:37:00,3,3
ORD103645,CUST02862,PROD04645,1,11309.15,0,12,12666.25,2026-08-31 15:28:00,In Transit,Paid,PLT0004,2026-09-12 15:28:00,1,1
ORD103646,CUST00636,PROD02900,2,696.38,0,12,1559.89,2026-08-20 11:06:00,Delivered,Paid,PLT0027,2026-08-25 11:06:00,2,2
ORD103647,CUST02649,PROD04760,5,15821.56,10,28,91132.19,2026-02-14 06:49:00,Delivered,Paid,PLT0002,2026-02-19 06:49:00,5,5
ORD103648,CUST03282,PROD04952,2,914.09,0,18,2157.25,2026-06-01 19:39:00,Delivered,Paid,PLT0027,2026-06-11 19:39:00,2,2
ORD103649,CUST04997,PROD01530,4,8671.66,20,18,32744.19,2026-06-13 16:02:00,Delivered,Paid,PLT0028,2026-06-20 16:02:00,4,2
ORD103650,CUST04824,PROD01308,4,12846.48,0,5,53955.22,2026-04-19 16:58:00,Delivered,Paid,PLT0006,2026-04-24 16:58:00,4,3
ORD103651,CUST01316,PROD01486,1,5925.74,10,18,6293.14,2026-09-10 05:09:00,Shipped,Paid,PLT0026,2026-09-19 05:09:00,1,1
ORD103652,CUST01097,PROD02168,4,2106.61,20,12,7550.09,2026-04-16 19:03:00,Shipped,Paid,PLT0006,2026-04-27 19:03:00,4,4
ORD103653,CUST04846,PROD04795,2,4838.25,20,28,9908.74,2026-04-04 19:43:00,Packed,Refunded,PLT0002,2026-04-15 19:43:00,2,2
ORD103654,CUST00940,PROD01460,3,10575.28,0,5,33312.13,2026-02-17 21:55:00,Delivered,Failed,PLT0009,2026-03-03 21:55:00,3,3
ORD103655,CUST01635,PROD02223,2,1633.9,0,28,4182.78,2026-05-27 08:53:00,Delivered,Pending,PLT0005,2026-06-03 08:53:00,2,1
ORD103656,CUST03737,PROD02088,1,10541.8,0,18,12439.32,2026-06-23 12:15:00,Returned,Paid,PLT0026,2026-07-06 12:15:00,1,1
ORD103657,CUST04771,PROD02160,4,12005.34,15,18,48165.42,2026-08-07 10:29:00,Shipped,Paid,PLT0028,2026-08-14 10:29:00,4,3
ORD103658,CUST00278,PROD00225,3,4315.72,5,5,12914.79,2026-07-26 20:15:00,Returned,Pending,PLT0027,2026-08-02 20:15:00,3,3
ORD103659,CUST00517,PROD03277,5,13507.89,0,18,79696.55,2026-05-25 14:50:00,Delivered,Paid,PLT0025,2026-05-31 14:50:00,5,2
ORD103660,CUST03261,PROD03540,3,1093.78,5,28,3990.11,2026-03-08 21:54:00,Cancelled,Refunded,PLT0025,2026-03-11 21:54:00,3,2
ORD103661,CUST04544,PROD00703,3,5451.01,5,12,17399.62,2026-06-30 19:54:00,Cancelled,Failed,PLT0029,2026-07-12 19:54:00,3,3
ORD103662,CUST04289,PROD02832,2,10631.7,0,5,22326.57,2026-03-13 01:10:00,In Transit,Paid,PLT0009,2026-03-22 01:10:00,2,2
ORD103663,CUST02310,PROD04700,5,15724.56,10,18,83497.41,2026-02-18 05:01:00,Delivered,Failed,PLT0027,2026-03-04 05:01:00,5,5
ORD103664,CUST00113,PROD01449,1,15118.37,15,28,16448.79,2026-04-18 18:08:00,Returned,Paid,PLT0029,2026-05-02 18:08:00,1,1
ORD103665,CUST02525,PROD01049,1,13933.57,5,12,14825.32,2026-06-07 00:22:00,Delivered,Pending,PLT0002,2026-06-15 00:22:00,1,1
ORD103666,CUST03914,PROD01100,3,5665.99,15,18,17048.96,2026-02-11 16:34:00,Delivered,Paid,PLT0000,2026-02-25 16:34:00,3,3
ORD103667,CUST03308,PROD00432,3,12207.02,0,5,38452.11,2026-09-24 05:23:00,In Transit,Paid,PLT0025,2026-10-08 05:23:00,3,3
ORD103668,CUST01931,PROD04841,4,15293.83,0,18,72186.88,2026-05-22 22:30:00,Delivered,Failed,PLT0004,2026-05-28 22:30:00,4,4
ORD103669,CUST01883,PROD04020,5,3755.9,20,18,17727.85,2026-08-08 04:21:00,Cancelled,Pending,PLT0007,2026-08-11 04:21:00,5,5
ORD103670,CUST00094,PROD03154,3,6897.86,5,18,23197.5,2026-06-23 12:54:00,Shipped,Paid,PLT0001,2026-07-06 12:54:00,3,3
ORD103671,CUST04767,PROD02273,4,7852.91,10,12,31662.93,2026-07-28 21:59:00,Shipped,Paid,PLT0029,2026-08-02 21:59:00,4,2
ORD103672,CUST02539,PROD04427,5,3866.09,20,12,17320.08,2026-03-05 16:20:00,In Transit,Pending,PLT0029,2026-03-18 16:20:00,5,5
ORD103673,CUST03858,PROD03168,1,1774.75,0,18,2094.2,2026-02-20 05:26:00,Packed,Paid,PLT0006,2026-02-28 05:26:00,1,1
ORD103674,CUST04886,PROD00540,4,2152.63,15,18,8636.35,2026-06-08 06:27:00,Delivered,Paid,PLT0006,2026-06-14 06:27:00,4,4
ORD103675,CUST00820,PROD04520,5,457.78,0,5,2403.34,2026-01-28 10:48:00,Shipped,Failed,PLT0025,2026-02-03 10:48:00,5,4
ORD103676,CUST02497,PROD01542,4,1798.34,15,18,7214.94,2026-07-02 04:42:00,Delivered,Pending,PLT0001,2026-07-08 04:42:00,4,4
ORD103677,CUST00840,PROD04595,3,6895.72,10,28,23831.61,2026-08-31 19:46:00,Placed,Paid,PLT0001,2026-09-10 19:46:00,3,3
ORD103678,CUST02576,PROD01377,2,7179.35,5,28,17460.18,2026-09-23 02:10:00,Delivered,Paid,PLT0006,2026-10-06 02:10:00,2,2
ORD103679,CUST04723,PROD02855,1,1717.68,10,5,1623.21,2026-05-28 12:36:00,Cancelled,Paid,PLT0000,2026-06-06 12:36:00,1,1
ORD103680,CUST01524,PROD02765,3,2233.97,15,12,6380.22,2026-03-15 09:41:00,Delivered,Paid,PLT0003,2026-03-27 09:41:00,3,3
ORD103681,CUST04107,PROD04817,3,14555.31,15,18,43796.93,2026-07-07 16:31:00,Returned,Failed,PLT0027,2026-07-13 16:31:00,3,3
ORD103682,CUST02474,PROD00974,5,3516.55,20,5,14769.51,2026-03-25 08:58:00,Packed,Paid,PLT0002,2026-04-06 08:58:00,5,5
ORD103683,CUST01136,PROD02414,4,536.83,10,12,2164.5,2026-04-23 11:44:00,Delivered,Failed,PLT0006,2026-05-05 11:44:00,4,4
ORD103684,CUST03828,PROD01798,1,1245.14,10,5,1176.66,2026-08-17 19:37:00,Cancelled,Paid,PLT0009,2026-08-24 19:37:00,1,1
ORD103685,CUST03114,PROD01447,3,11111.75,10,12,33601.93,2026-06-12 17:28:00,Delivered,Refunded,PLT0009,2026-06-22 17:28:00,3,3
ORD103686,CUST04017,PROD00610,5,11076.28,0,18,65350.05,2026-03-11 12:56:00,Returned,Paid,PLT0002,2026-03-24 12:56:00,5,5
ORD103687,CUST03742,PROD00937,1,391.41,15,5,349.33,2026-06-06 23:48:00,Packed,Paid,PLT0003,2026-06-19 23:48:00,1,1
ORD103688,CUST02279,PROD03954,4,2252.81,0,18,10633.26,2026-08-28 19:56:00,Placed,Failed,PLT0025,2026-09-09 19:56:00,4,2
ORD103689,CUST00840,PROD01397,3,6950.11,0,5,21892.85,2026-03-11 04:55:00,Placed,Pending,PLT0005,2026-03-19 04:55:00,3,1
ORD103690,CUST03551,PROD02289,3,7763.45,0,12,26085.19,2026-07-11 15:52:00,Packed,Refunded,PLT0008,2026-07-18 15:52:00,3,3
ORD103691,CUST02754,PROD02868,3,12163.54,0,5,38315.15,2026-03-21 17:26:00,Delivered,Failed,PLT0002,2026-03-25 17:26:00,3,2
ORD103692,CUST01983,PROD03093,1,6443.66,20,28,6598.31,2026-02-01 21:41:00,Delivered,Paid,PLT0025,2026-02-11 21:41:00,1,1
ORD103693,CUST03643,PROD00497,1,9379.13,0,28,12005.29,2026-07-03 15:57:00,Delivered,Refunded,PLT0028,2026-07-14 15:57:00,1,1
ORD103694,CUST02294,PROD02819,1,242.71,10,5,229.36,2026-07-25 19:30:00,Cancelled,Failed,PLT0003,2026-08-03 19:30:00,1,1
ORD103695,CUST03344,PROD00632,1,14332.79,20,28,14676.78,2026-03-27 15:54:00,Delivered,Failed,PLT0006,2026-03-30 15:54:00,1,1
ORD103696,CUST03073,PROD04193,5,8048.35,15,18,40362.48,2026-06-30 15:33:00,Packed,Refunded,PLT0006,2026-07-04 15:33:00,5,5
ORD103697,CUST03611,PROD01433,2,7871.66,5,28,19143.88,2026-07-23 18:51:00,Shipped,Paid,PLT0002,2026-07-28 18:51:00,2,2
ORD103698,CUST04554,PROD00455,5,1867.04,20,28,9559.24,2026-06-24 12:24:00,Delivered,Failed,PLT0008,2026-07-05 12:24:00,5,2
ORD103699,CUST02815,PROD04319,3,6545.22,5,18,22011.57,2026-08-21 19:29:00,Delivered,Paid,PLT0008,2026-08-26 19:29:00,3,2
ORD103700,CUST03434,PROD00314,5,15405.11,15,18,77256.63,2026-09-07 04:49:00,Cancelled,Paid,PLT0001,2026-09-12 04:49:00,5,5
ORD103701,CUST01688,PROD04526,4,6930.81,0,12,31050.03,2026-04-17 23:30:00,In Transit,Refunded,PLT0009,2026-04-27 23:30:00,4,4
ORD103702,CUST03632,PROD03391,1,5235.13,5,18,5868.58,2026-07-10 15:55:00,Cancelled,Pending,PLT0029,2026-07-18 15:55:00,1,1
ORD103703,CUST00831,PROD00933,4,15750.99,0,5,66154.16,2026-04-07 20:42:00,Returned,Failed,PLT0025,2026-04-11 20:42:00,4,3
ORD103704,CUST03096,PROD03702,4,10887.15,20,28,44593.77,2026-04-06 07:36:00,Delivered,Paid,PLT0006,2026-04-12 07:36:00,4,4
ORD103705,CUST02430,PROD04206,3,7707.01,5,12,24600.78,2026-08-15 04:08:00,Returned,Pending,PLT0004,2026-08-21 04:08:00,3,3
ORD103706,CUST01938,PROD00018,1,8442.63,15,18,8467.96,2026-04-07 01:29:00,Placed,Pending,PLT0000,2026-04-14 01:29:00,1,1
ORD103707,CUST03253,PROD04312,4,15058.99,0,28,77102.03,2026-05-18 17:52:00,Placed,Refunded,PLT0008,2026-05-24 17:52:00,4,2
ORD103708,CUST00558,PROD04051,3,14956.49,5,5,44757.3,2026-04-15 07:04:00,Shipped,Refunded,PLT0009,2026-04-21 07:04:00,3,3
ORD103709,CUST00931,PROD00910,1,6136.11,15,5,5476.48,2026-07-14 13:48:00,Placed,Pending,PLT0027,2026-07-25 13:48:00,1,1
ORD103710,CUST00774,PROD01637,2,6448.12,0,12,14443.79,2026-05-15 20:12:00,In Transit,Paid,PLT0005,2026-05-24 20:12:00,2,2
ORD103711,CUST03317,PROD02787,3,15372.97,15,5,41161.13,2026-08-14 05:13:00,Shipped,Failed,PLT0000,2026-08-18 05:13:00,3,2
ORD103712,CUST04243,PROD01835,5,13006.14,0,28,83239.3,2026-08-25 03:33:00,Returned,Paid,PLT0001,2026-08-28 03:33:00,5,5
ORD103713,CUST03024,PROD04246,1,14961.21,0,18,17654.23,2026-06-06 22:06:00,Cancelled,Refunded,PLT0025,2026-06-20 22:06:00,1,1
ORD103714,CUST04815,PROD02515,4,10061.82,15,5,35920.7,2026-07-19 02:00:00,Placed,Failed,PLT0025,2026-07-29 02:00:00,4,4
ORD103715,CUST03044,PROD03624,4,13996.74,10,18,59458.15,2026-02-08 01:05:00,Cancelled,Failed,PLT0025,2026-02-12 01:05:00,4,4
ORD103716,CUST01133,PROD01608,5,12824.67,20,28,65662.31,2026-03-13 23:13:00,Returned,Paid,PLT0008,2026-03-21 23:13:00,5,5
ORD103717,CUST02546,PROD01226,5,10251.56,10,28,59048.99,2026-04-30 06:23:00,Delivered,Paid,PLT0000,2026-05-08 06:23:00,5,4
ORD103718,CUST00581,PROD02173,4,2879.61,10,18,12232.58,2026-02-05 16:13:00,Packed,Failed,PLT0006,2026-02-10 16:13:00,4,4
ORD103719,CUST04049,PROD01270,1,4736.44,10,28,5456.38,2026-06-09 06:14:00,Cancelled,Paid,PLT0009,2026-06-14 06:14:00,1,1
ORD103720,CUST00964,PROD00488,3,4566.31,20,12,12274.24,2026-06-03 22:56:00,Returned,Failed,PLT0028,2026-06-06 22:56:00,3,3
ORD103721,CUST03525,PROD02933,5,1346.45,10,5,6361.98,2026-05-28 19:56:00,In Transit,Refunded,PLT0008,2026-06-02 19:56:00,5,4
ORD103722,CUST04278,PROD03804,5,15737.72,0,12,88131.23,2026-06-23 01:55:00,Shipped,Paid,PLT0006,2026-07-02 01:55:00,5,5
ORD103723,CUST04047,PROD00485,5,9389.6,15,12,44694.5,2026-05-12 15:19:00,Shipped,Pending,PLT0026,2026-05-21 15:19:00,5,3
ORD103724,CUST02465,PROD01830,2,4754.87,0,12,10650.91,2026-03-06 09:12:00,Delivered,Paid,PLT0001,2026-03-14 09:12:00,2,1
ORD103725,CUST04020,PROD03530,1,7090.87,10,18,7530.5,2026-07-15 15:10:00,Placed,Refunded,PLT0009,2026-07-23 15:10:00,1,1
ORD103726,CUST04487,PROD02981,1,7057.82,10,18,7495.4,2026-09-15 22:57:00,Packed,Paid,PLT0007,2026-09-25 22:57:00,1,1
ORD103727,CUST01343,PROD04659,1,3107.21,0,28,3977.23,2026-07-06 15:17:00,Delivered,Paid,PLT0008,2026-07-10 15:17:00,1,1
ORD103728,CUST02577,PROD03065,1,10410.23,0,18,12284.07,2026-07-24 03:55:00,Delivered,Failed,PLT0001,2026-08-05 03:55:00,1,1
ORD103729,CUST03333,PROD04756,1,13868.97,10,28,15977.05,2026-04-07 18:52:00,Cancelled,Failed,PLT0000,2026-04-16 18:52:00,1,1
ORD103730,CUST02032,PROD01531,4,5048.79,0,18,23830.29,2026-08-15 01:08:00,In Transit,Refunded,PLT0028,2026-08-23 01:08:00,4,4
ORD103731,CUST02236,PROD02589,5,3945.71,0,28,25252.54,2026-06-11 14:23:00,Shipped,Paid,PLT0027,2026-06-14 14:23:00,5,5
ORD103732,CUST01672,PROD03918,4,5597.32,15,5,19982.43,2026-08-09 16:51:00,Shipped,Paid,PLT0027,2026-08-16 16:51:00,4,3
ORD103733,CUST01420,PROD00211,2,8823.87,15,28,19200.74,2026-06-04 18:41:00,Shipped,Paid,PLT0005,2026-06-11 18:41:00,2,2
ORD103734,CUST02660,PROD04035,3,2582.6,0,5,8135.19,2026-04-16 14:11:00,Shipped,Refunded,PLT0004,2026-04-23 14:11:00,3,3
ORD103735,CUST00720,PROD01531,5,5048.79,20,28,25849.8,2026-04-03 03:18:00,In Transit,Paid,PLT0029,2026-04-10 03:18:00,5,5
ORD103736,CUST00083,PROD03928,2,10585.15,5,18,23731.91,2026-06-26 22:04:00,Shipped,Failed,PLT0005,2026-07-06 22:04:00,2,2
ORD103737,CUST01005,PROD04713,4,4179.69,0,18,19728.14,2026-07-31 07:24:00,Delivered,Pending,PLT0028,2026-08-08 07:24:00,4,4
ORD103738,CUST00671,PROD01288,3,5673.97,10,5,16085.7,2026-02-08 17:41:00,Placed,Refunded,PLT0001,2026-02-12 17:41:00,3,3
ORD103739,CUST00222,PROD04927,2,7493.08,5,12,15945.27,2026-05-25 10:19:00,Packed,Paid,PLT0001,2026-05-31 10:19:00,2,2
ORD103740,CUST01357,PROD00016,3,3015.13,10,12,9117.75,2026-07-16 04:23:00,Cancelled,Paid,PLT0000,2026-07-21 04:23:00,3,3
ORD103741,CUST04561,PROD02145,2,7590.57,15,28,16517.08,2026-07-05 18:15:00,Delivered,Failed,PLT0025,2026-07-18 18:15:00,2,1
ORD103742,CUST04288,PROD03527,4,15570.92,0,18,73494.74,2026-02-07 17:51:00,Delivered,Pending,PLT0025,2026-02-16 17:51:00,4,4
ORD103743,CUST01664,PROD04720,3,14737.99,10,12,44567.68,2026-02-20 13:48:00,Shipped,Paid,PLT0000,2026-02-26 13:48:00,3,3
ORD103744,CUST00961,PROD04408,2,2365.65,15,18,4745.49,2026-03-23 08:30:00,Delivered,Pending,PLT0006,2026-03-28 08:30:00,2,2
ORD103745,CUST02195,PROD00590,4,2514.25,0,18,11867.26,2026-04-13 14:11:00,Returned,Refunded,PLT0004,2026-04-22 14:11:00,4,4
ORD103746,CUST04683,PROD00570,5,5636.26,10,18,29928.54,2026-08-10 18:20:00,Returned,Paid,PLT0002,2026-08-24 18:20:00,5,5
ORD103747,CUST00554,PROD03585,4,6567.2,15,28,28580.45,2026-06-12 09:56:00,In Transit,Pending,PLT0007,2026-06-18 09:56:00,4,4
ORD103748,CUST02211,PROD01175,4,10179.69,0,5,42754.7,2026-06-20 14:25:00,Shipped,Refunded,PLT0007,2026-06-23 14:25:00,4,4
ORD103749,CUST00628,PROD00704,5,2236.19,10,28,12880.45,2026-07-22 16:12:00,Placed,Pending,PLT0007,2026-07-27 16:12:00,5,3
ORD103750,CUST00437,PROD01868,4,2719.56,20,12,9746.9,2026-06-29 20:42:00,Packed,Paid,PLT0028,2026-07-03 20:42:00,4,4
ORD103751,CUST00695,PROD03934,5,3639.55,15,5,16241.49,2026-06-26 14:14:00,Shipped,Paid,PLT0008,2026-07-06 14:14:00,5,5
ORD103752,CUST00736,PROD00420,5,12061.76,10,12,60791.27,2026-04-06 11:52:00,Delivered,Paid,PLT0025,2026-04-18 11:52:00,5,4
ORD103753,CUST01059,PROD01484,5,190.56,0,5,1000.44,2026-06-18 22:40:00,Shipped,Paid,PLT0003,2026-06-29 22:40:00,5,3
ORD103754,CUST00373,PROD03532,2,12791.86,10,5,24176.62,2026-06-30 16:28:00,In Transit,Pending,PLT0026,2026-07-14 16:28:00,2,2
ORD103755,CUST00670,PROD00585,3,10170.07,10,28,35147.76,2026-06-25 12:38:00,Delivered,Refunded,PLT0002,2026-06-28 12:38:00,3,3
ORD103756,CUST03714,PROD03137,2,11910.82,20,18,22487.63,2026-05-10 07:39:00,Returned,Refunded,PLT0027,2026-05-18 07:39:00,2,1
ORD103757,CUST02503,PROD04008,5,6593.44,15,18,33066.1,2026-05-02 05:54:00,In Transit,Paid,PLT0006,2026-05-14 05:54:00,5,4
ORD103758,CUST03830,PROD00757,3,9958.16,5,5,29799.79,2026-03-22 03:27:00,Placed,Refunded,PLT0005,2026-04-04 03:27:00,3,3
ORD103759,CUST02116,PROD03165,3,992.2,10,28,3429.04,2026-05-04 22:46:00,Delivered,Pending,PLT0001,2026-05-11 22:46:00,3,3
ORD103760,CUST04589,PROD03892,5,8546.57,5,12,45467.75,2026-01-30 15:30:00,Packed,Failed,PLT0026,2026-02-05 15:30:00,5,3
ORD103761,CUST00764,PROD01482,3,2010.32,0,12,6754.68,2026-05-31 02:01:00,Returned,Refunded,PLT0005,2026-06-04 02:01:00,3,3
ORD103762,CUST02567,PROD04076,3,9247.21,10,18,29461.61,2026-07-23 15:13:00,Delivered,Pending,PLT0006,2026-08-05 15:13:00,3,3
ORD103763,CUST03892,PROD00439,2,11328.25,5,18,25397.94,2026-04-21 05:38:00,Delivered,Failed,PLT0004,2026-04-28 05:38:00,2,2
ORD103764,CUST04659,PROD01238,3,7623.04,0,12,25613.41,2026-03-08 06:39:00,Delivered,Paid,PLT0003,2026-03-22 06:39:00,3,3
ORD103765,CUST03574,PROD01188,5,1177.61,20,12,5275.69,2026-08-02 01:22:00,Cancelled,Paid,PLT0001,2026-08-15 01:22:00,5,5
ORD103766,CUST00791,PROD02396,1,5598.45,15,28,6091.11,2026-03-15 20:53:00,Shipped,Pending,PLT0029,2026-03-28 20:53:00,1,1
ORD103767,CUST04818,PROD00650,1,8024.23,10,12,8088.42,2026-03-17 21:46:00,Cancelled,Pending,PLT0026,2026-03-26 21:46:00,1,1
ORD103768,CUST02246,PROD00311,1,7078.65,15,28,7701.57,2026-02-13 22:09:00,Returned,Refunded,PLT0028,2026-02-16 22:09:00,1,1
ORD103769,CUST01061,PROD01357,5,14420.16,0,18,85078.94,2026-05-12 17:51:00,Delivered,Failed,PLT0009,2026-05-20 17:51:00,5,3
ORD103770,CUST01547,PROD03423,1,12219.61,15,12,11633.07,2026-03-21 21:03:00,Cancelled,Paid,PLT0009,2026-04-02 21:03:00,1,1
ORD103771,CUST04102,PROD01328,2,12655.21,15,18,25386.35,2026-08-09 20:06:00,In Transit,Refunded,PLT0029,2026-08-23 20:06:00,2,2
ORD103772,CUST00463,PROD00799,5,11175.75,0,5,58672.69,2026-02-24 10:54:00,Placed,Paid,PLT0027,2026-03-10 10:54:00,5,5
ORD103773,CUST01525,PROD00136,5,5237.93,0,5,27499.13,2026-02-09 03:03:00,Shipped,Paid,PLT0008,2026-02-23 03:03:00,5,5
ORD103774,CUST00555,PROD04379,5,2409.69,15,5,10753.24,2026-06-02 10:52:00,In Transit,Refunded,PLT0025,2026-06-07 10:52:00,5,5
ORD103775,CUST01416,PROD01692,3,8089.8,5,12,25822.64,2026-06-26 21:12:00,Delivered,Paid,PLT0006,2026-06-29 21:12:00,3,3
ORD103776,CUST02110,PROD00109,3,3736.89,0,18,13228.59,2026-03-07 05:31:00,Returned,Failed,PLT0028,2026-03-21 05:31:00,3,3
ORD103777,CUST02639,PROD04503,3,4681.13,0,12,15728.6,2026-08-04 02:54:00,Delivered,Refunded,PLT0007,2026-08-09 02:54:00,3,3
ORD103778,CUST04416,PROD01692,4,8089.8,10,18,34365.47,2026-04-15 23:51:00,Cancelled,Failed,PLT0000,2026-04-23 23:51:00,4,4
ORD103779,CUST01263,PROD01529,2,12867.11,20,28,26351.84,2026-03-06 03:18:00,Cancelled,Paid,PLT0008,2026-03-09 03:18:00,2,2
ORD103780,CUST02152,PROD00154,5,7881.3,15,12,37514.99,2026-04-25 07:20:00,Packed,Failed,PLT0027,2026-04-30 07:20:00,5,5
ORD103781,CUST03915,PROD04741,5,11526.62,5,5,57489.02,2026-03-01 16:47:00,Delivered,Pending,PLT0003,2026-03-11 16:47:00,5,5
ORD103782,CUST00072,PROD00710,3,10934.89,0,28,41989.98,2026-09-01 19:33:00,Delivered,Refunded,PLT0002,2026-09-05 19:33:00,3,2
ORD103783,CUST04170,PROD02490,5,6066.75,0,18,35793.82,2026-07-04 19:19:00,Cancelled,Failed,PLT0025,2026-07-18 19:19:00,5,5
ORD103784,CUST00206,PROD01855,5,14709.93,20,12,65900.49,2026-05-20 21:00:00,In Transit,Pending,PLT0009,2026-05-23 21:00:00,5,5
ORD103785,CUST04081,PROD01001,1,3042.61,20,18,2872.22,2026-09-11 09:42:00,In Transit,Paid,PLT0027,2026-09-14 09:42:00,1,1
ORD103786,CUST00354,PROD04729,5,11901.45,15,18,59685.77,2026-03-04 04:26:00,Placed,Failed,PLT0027,2026-03-11 04:26:00,5,5
ORD103787,CUST04790,PROD01948,4,2443.5,0,12,10946.88,2026-05-08 02:19:00,Shipped,Paid,PLT0008,2026-05-12 02:19:00,4,3
ORD103788,CUST01479,PROD04391,3,3044.9,0,12,10230.86,2026-05-11 08:56:00,Packed,Paid,PLT0027,2026-05-14 08:56:00,3,2
ORD103789,CUST03780,PROD02091,2,12431.23,5,18,27870.82,2026-02-07 23:38:00,In Transit,Failed,PLT0008,2026-02-11 23:38:00,2,2
ORD103790,CUST04239,PROD00545,2,9927.24,10,18,21085.46,2026-07-22 07:42:00,Cancelled,Paid,PLT0009,2026-07-25 07:42:00,2,2
ORD103791,CUST02974,PROD02700,1,12388.45,10,28,14271.49,2026-09-16 15:10:00,Placed,Paid,PLT0005,2026-09-28 15:10:00,1,1
ORD103792,CUST03676,PROD02031,2,3248.75,10,5,6140.14,2026-07-25 06:04:00,Packed,Paid,PLT0006,2026-08-07 06:04:00,2,1
ORD103793,CUST02206,PROD00741,2,7455.61,20,18,14076.19,2026-09-12 22:26:00,Returned,Pending,PLT0026,2026-09-18 22:26:00,2,2
ORD103794,CUST01582,PROD00562,3,3485.13,20,5,8782.53,2026-01-30 11:34:00,In Transit,Paid,PLT0007,2026-02-10 11:34:00,3,3
ORD103795,CUST03357,PROD04229,3,7511.29,0,28,28843.35,2026-06-12 13:27:00,Shipped,Refunded,PLT0025,2026-06-19 13:27:00,3,2
ORD103796,CUST02361,PROD04867,4,5758.73,20,5,19349.33,2026-04-11 21:40:00,Cancelled,Paid,PLT0007,2026-04-14 21:40:00,4,4
ORD103797,CUST01341,PROD01373,1,13683.72,20,5,11494.32,2026-02-20 17:21:00,Delivered,Failed,PLT0003,2026-02-26 17:21:00,1,1
ORD103798,CUST02704,PROD01883,2,10216.03,0,28,26153.04,2026-07-24 11:51:00,Placed,Paid,PLT0027,2026-08-03 11:51:00,2,2
ORD103799,CUST02249,PROD00440,4,1392.45,0,18,6572.36,2026-08-19 16:11:00,In Transit,Pending,PLT0008,2026-08-31 16:11:00,4,4
ORD103800,CUST01462,PROD03947,1,10620.33,0,5,11151.35,2026-07-26 04:47:00,Packed,Pending,PLT0026,2026-08-09 04:47:00,1,1
ORD103801,CUST02537,PROD01895,2,8924.85,5,18,20009.51,2026-06-19 15:11:00,Delivered,Failed,PLT0004,2026-06-25 15:11:00,2,2
ORD103802,CUST03784,PROD00653,2,9429.77,5,18,21141.54,2026-06-08 05:38:00,Delivered,Pending,PLT0004,2026-06-11 05:38:00,2,2
ORD103803,CUST00498,PROD01888,3,4021.19,0,12,13511.2,2026-07-19 05:17:00,Cancelled,Paid,PLT0008,2026-07-25 05:17:00,3,2
ORD103804,CUST01411,PROD04818,5,13131.04,0,18,77473.14,2026-07-08 10:01:00,Delivered,Paid,PLT0006,2026-07-14 10:01:00,5,5
ORD103805,CUST03164,PROD03791,1,3512.66,20,18,3315.95,2026-06-25 01:01:00,In Transit,Refunded,PLT0002,2026-06-30 01:01:00,1,1
ORD103806,CUST00886,PROD01169,2,200.54,5,5,400.08,2026-02-07 05:03:00,Delivered,Pending,PLT0003,2026-02-18 05:03:00,2,2
ORD103807,CUST02609,PROD04652,1,11506.69,15,18,11541.21,2026-02-18 20:00:00,Packed,Failed,PLT0002,2026-02-24 20:00:00,1,1
ORD103808,CUST02394,PROD04432,4,8795.17,10,18,37361.88,2026-06-25 14:27:00,Returned,Pending,PLT0027,2026-07-03 14:27:00,4,4
ORD103809,CUST03265,PROD04256,4,10562.83,20,12,37857.18,2026-05-06 07:37:00,Returned,Refunded,PLT0002,2026-05-18 07:37:00,4,4
ORD103810,CUST03324,PROD03866,5,5741.87,10,12,28939.02,2026-09-12 09:03:00,Packed,Failed,PLT0002,2026-09-22 09:03:00,5,5
ORD103811,CUST03575,PROD01472,2,11840.34,5,5,23621.48,2026-08-02 19:37:00,Delivered,Paid,PLT0008,2026-08-10 19:37:00,2,2
ORD103812,CUST04969,PROD04335,3,6156.13,10,5,17452.63,2026-05-30 04:55:00,Cancelled,Failed,PLT0000,2026-06-06 04:55:00,3,2
ORD103813,CUST01079,PROD03690,2,403.57,15,12,768.4,2026-06-13 18:18:00,Delivered,Failed,PLT0009,2026-06-16 18:18:00,2,1
ORD103814,CUST00013,PROD03780,1,14383.34,15,12,13692.94,2026-04-14 04:17:00,Delivered,Paid,PLT0003,2026-04-20 04:17:00,1,1
ORD103815,CUST03964,PROD00597,4,10713.17,0,28,54851.43,2026-09-11 08:03:00,Packed,Pending,PLT0028,2026-09-21 08:03:00,4,4
ORD103816,CUST01428,PROD01724,1,1705.63,0,18,2012.64,2026-05-26 18:34:00,Delivered,Failed,PLT0009,2026-06-03 18:34:00,1,1
ORD103817,CUST04684,PROD00335,5,830.44,10,5,3923.83,2026-04-23 19:37:00,Placed,Paid,PLT0001,2026-05-04 19:37:00,5,4
ORD103818,CUST03762,PROD02480,4,12726.95,15,5,45435.21,2026-08-09 17:01:00,Shipped,Failed,PLT0004,2026-08-12 17:01:00,4,4
ORD103819,CUST01222,PROD01153,3,11188.8,0,18,39608.35,2026-08-23 22:22:00,Packed,Paid,PLT0026,2026-08-27 22:22:00,3,2
ORD103820,CUST01078,PROD01904,4,660.45,0,18,3117.32,2026-04-22 03:35:00,Returned,Paid,PLT0028,2026-05-01 03:35:00,4,4
ORD103821,CUST01930,PROD04158,2,13632.3,0,5,28627.83,2026-06-11 19:32:00,Delivered,Refunded,PLT0002,2026-06-25 19:32:00,2,1
ORD103822,CUST00952,PROD03843,2,7660.98,0,12,17160.6,2026-02-09 19:39:00,Delivered,Paid,PLT0003,2026-02-19 19:39:00,2,2
ORD103823,CUST04287,PROD03270,4,11048.24,0,12,49496.12,2026-03-07 22:29:00,Delivered,Refunded,PLT0005,2026-03-15 22:29:00,4,4
ORD103824,CUST03586,PROD04132,5,3563.47,20,18,16819.58,2026-09-23 21:52:00,Returned,Paid,PLT0004,2026-09-27 21:52:00,5,5
ORD103825,CUST00209,PROD00185,2,4200.27,5,5,8379.54,2026-03-12 23:00:00,Shipped,Paid,PLT0002,2026-03-21 23:00:00,2,1
ORD103826,CUST04168,PROD04813,2,309.34,0,18,730.04,2026-02-19 06:42:00,Packed,Failed,PLT0027,2026-02-22 06:42:00,2,2
ORD103827,CUST03361,PROD00057,3,1506.03,0,12,5060.26,2026-09-14 08:37:00,Delivered,Refunded,PLT0027,2026-09-27 08:37:00,3,3
ORD103828,CUST01973,PROD00116,4,13955.22,10,28,64305.65,2026-01-29 07:28:00,Packed,Paid,PLT0029,2026-02-12 07:28:00,4,4
ORD103829,CUST01705,PROD03967,2,4971.28,0,28,12726.48,2026-08-15 19:51:00,Delivered,Refunded,PLT0008,2026-08-19 19:51:00,2,2
ORD103830,CUST02479,PROD03760,5,13311.09,10,12,67087.89,2026-05-26 19:17:00,Packed,Paid,PLT0007,2026-06-05 19:17:00,5,3
ORD103831,CUST02267,PROD03498,1,14187.89,20,18,13393.37,2026-07-08 07:40:00,Cancelled,Refunded,PLT0000,2026-07-18 07:40:00,1,1
ORD103832,CUST02871,PROD02308,4,9910.36,15,28,43129.89,2026-04-27 04:46:00,Delivered,Paid,PLT0005,2026-05-02 04:46:00,4,4
ORD103833,CUST01889,PROD01289,3,626.93,0,12,2106.48,2026-02-12 21:29:00,In Transit,Refunded,PLT0004,2026-02-20 21:29:00,3,3
ORD103834,CUST04770,PROD03774,2,11753.7,15,5,20980.35,2026-05-17 13:28:00,Returned,Refunded,PLT0025,2026-05-23 13:28:00,2,1
ORD103835,CUST03601,PROD03742,5,13095.78,5,18,73401.85,2026-05-28 07:08:00,Delivered,Paid,PLT0027,2026-06-07 07:08:00,5,5
ORD103836,CUST02949,PROD00283,4,6070.77,20,18,22923.23,2026-04-09 08:47:00,Packed,Paid,PLT0007,2026-04-21 08:47:00,4,4
ORD103837,CUST00384,PROD04967,5,15478.61,0,28,99063.1,2026-07-18 22:38:00,Returned,Refunded,PLT0001,2026-07-26 22:38:00,5,4
ORD103838,CUST04497,PROD03789,5,1986.47,10,18,10548.16,2026-07-28 06:35:00,Placed,Paid,PLT0025,2026-08-05 06:35:00,5,3
ORD103839,CUST01413,PROD04341,3,7135.98,10,28,24661.95,2026-02-04 08:16:00,Returned,Paid,PLT0003,2026-02-14 08:16:00,3,3
ORD103840,CUST04666,PROD03017,4,11748.91,0,28,60154.42,2026-06-14 09:31:00,Delivered,Paid,PLT0009,2026-06-22 09:31:00,4,3
ORD103841,CUST00167,PROD01223,2,6973.12,10,12,14057.81,2026-02-05 23:17:00,Delivered,Paid,PLT0026,2026-02-12 23:17:00,2,2
ORD103842,CUST01648,PROD03057,3,9696.83,0,28,37235.83,2026-08-08 08:04:00,Placed,Paid,PLT0003,2026-08-22 08:04:00,3,2
ORD103843,CUST04208,PROD02015,2,8564.49,0,5,17985.43,2026-04-17 17:32:00,In Transit,Paid,PLT0000,2026-04-28 17:32:00,2,2
ORD103844,CUST02640,PROD04809,1,4025.68,10,18,4275.27,2026-05-04 11:01:00,Placed,Paid,PLT0025,2026-05-09 11:01:00,1,1
ORD103845,CUST03190,PROD00538,5,4031.83,0,28,25803.71,2026-05-27 19:25:00,In Transit,Paid,PLT0003,2026-06-04 19:25:00,5,5
ORD103846,CUST04876,PROD01542,1,1798.34,0,18,2122.04,2026-02-25 22:48:00,Shipped,Refunded,PLT0026,2026-03-10 22:48:00,1,1
ORD103847,CUST04110,PROD04289,5,5592.15,10,28,32210.78,2026-06-13 09:04:00,Delivered,Refunded,PLT0003,2026-06-18 09:04:00,5,3
ORD103848,CUST00377,PROD02644,3,10340.97,0,12,34745.66,2026-08-25 01:24:00,In Transit,Paid,PLT0029,2026-08-29 01:24:00,3,3
ORD103849,CUST01134,PROD02527,2,3449.21,10,5,6519.01,2026-02-01 05:24:00,Delivered,Paid,PLT0001,2026-02-08 05:24:00,2,2
ORD103850,CUST04564,PROD00558,2,556.64,0,18,1313.67,2026-07-23 02:35:00,Delivered,Refunded,PLT0025,2026-07-28 02:35:00,2,2
ORD103851,CUST02484,PROD01850,3,10367.39,0,12,34834.43,2026-03-20 12:08:00,Delivered,Pending,PLT0004,2026-04-02 12:08:00,3,3
ORD103852,CUST02282,PROD01004,4,11741.38,15,18,47106.42,2026-09-17 21:49:00,Delivered,Refunded,PLT0001,2026-09-23 21:49:00,4,3
ORD103853,CUST00016,PROD03773,1,5567.93,5,12,5924.28,2026-08-07 13:30:00,In Transit,Pending,PLT0006,2026-08-21 13:30:00,1,1
ORD103854,CUST01259,PROD02140,1,13744.02,10,5,12988.1,2026-05-14 19:49:00,Cancelled,Paid,PLT0028,2026-05-17 19:49:00,1,1
ORD103855,CUST03693,PROD02051,2,7385.98,20,28,15126.49,2026-08-06 03:21:00,Shipped,Paid,PLT0028,2026-08-10 03:21:00,2,2
ORD103856,CUST04240,PROD04401,2,2059.21,0,12,4612.63,2026-07-18 04:13:00,Placed,Failed,PLT0007,2026-07-30 04:13:00,2,2
ORD103857,CUST01640,PROD02746,2,12522.02,0,18,29551.97,2026-05-30 22:01:00,Delivered,Failed,PLT0008,2026-06-13 22:01:00,2,1
ORD103858,CUST03440,PROD00995,3,5838.48,0,18,20668.22,2026-05-10 16:41:00,Delivered,Failed,PLT0003,2026-05-24 16:41:00,3,3
ORD103859,CUST01081,PROD04772,4,6514.35,15,12,24806.64,2026-09-13 10:51:00,Placed,Failed,PLT0009,2026-09-24 10:51:00,4,4
ORD103860,CUST03101,PROD02938,1,9380.99,10,5,8865.04,2026-06-21 19:21:00,Placed,Paid,PLT0005,2026-06-28 19:21:00,1,1
ORD103861,CUST04524,PROD02071,5,12131.35,20,5,50951.67,2026-06-23 02:46:00,Delivered,Paid,PLT0001,2026-06-27 02:46:00,5,5
ORD103862,CUST02261,PROD02304,3,4765.47,0,28,18299.4,2026-06-16 14:41:00,Delivered,Paid,PLT0027,2026-06-28 14:41:00,3,3
ORD103863,CUST02426,PROD01397,1,6950.11,15,28,7561.72,2026-09-07 15:26:00,Shipped,Pending,PLT0007,2026-09-16 15:26:00,1,1
ORD103864,CUST00892,PROD01827,4,766.02,0,18,3615.61,2026-02-19 08:10:00,Placed,Refunded,PLT0009,2026-02-26 08:10:00,4,4
ORD103865,CUST02403,PROD01681,3,5601.99,15,18,16856.39,2026-05-23 09:01:00,Shipped,Refunded,PLT0025,2026-05-31 09:01:00,3,3
ORD103866,CUST03751,PROD02132,1,299.46,10,28,344.98,2026-04-16 14:39:00,Shipped,Paid,PLT0009,2026-04-28 14:39:00,1,1
ORD103867,CUST04911,PROD02094,3,8419.94,15,28,27482.68,2026-05-03 00:24:00,Delivered,Paid,PLT0006,2026-05-13 00:24:00,3,3
ORD103868,CUST00453,PROD00340,1,1654.56,0,28,2117.84,2026-07-17 20:28:00,Cancelled,Paid,PLT0003,2026-07-21 20:28:00,1,1
ORD103869,CUST02163,PROD01436,1,575.58,0,12,644.65,2026-05-11 16:36:00,In Transit,Failed,PLT0001,2026-05-17 16:36:00,1,1
ORD103870,CUST02346,PROD03056,4,15498.74,5,28,75385.87,2026-05-17 01:00:00,Delivered,Failed,PLT0029,2026-05-20 01:00:00,4,3
ORD103871,CUST03734,PROD04559,5,14913.67,15,12,70989.07,2026-05-10 05:08:00,Cancelled,Paid,PLT0006,2026-05-24 05:08:00,5,5
ORD103872,CUST02673,PROD04148,4,6491.23,0,12,29080.71,2026-05-14 07:02:00,Placed,Pending,PLT0026,2026-05-27 07:02:00,4,4
ORD103873,CUST00672,PROD02971,1,6149.23,20,28,6296.81,2026-03-29 00:57:00,Cancelled,Failed,PLT0004,2026-04-02 00:57:00,1,1
ORD103874,CUST02837,PROD02715,3,120.52,20,5,303.71,2026-04-28 17:50:00,Packed,Pending,PLT0002,2026-05-08 17:50:00,3,3
ORD103875,CUST01921,PROD00521,4,9545.68,10,5,36082.67,2026-09-20 09:22:00,Placed,Failed,PLT0004,2026-10-02 09:22:00,4,4
ORD103876,CUST04019,PROD00077,5,12362.2,5,18,69290.13,2026-06-18 14:42:00,Delivered,Refunded,PLT0026,2026-07-01 14:42:00,5,5
ORD103877,CUST04962,PROD04306,1,1373.97,15,28,1494.88,2026-03-24 07:12:00,Placed,Paid,PLT0000,2026-04-04 07:12:00,1,1
ORD103878,CUST01366,PROD04301,4,1380.78,0,18,6517.28,2026-02-15 21:30:00,Packed,Paid,PLT0006,2026-02-25 21:30:00,4,4
ORD103879,CUST03284,PROD04967,4,15478.61,5,28,75287.96,2026-02-25 12:08:00,Packed,Paid,PLT0002,2026-03-03 12:08:00,4,4
ORD103880,CUST00147,PROD01248,4,616.17,0,18,2908.32,2026-06-27 19:08:00,In Transit,Pending,PLT0025,2026-07-02 19:08:00,4,4
ORD103881,CUST03534,PROD00848,4,15949.3,10,12,64307.58,2026-07-02 01:46:00,Placed,Paid,PLT0026,2026-07-09 01:46:00,4,4
ORD103882,CUST00173,PROD03635,3,1590.05,15,28,5189.92,2026-04-25 21:20:00,In Transit,Paid,PLT0005,2026-05-02 21:20:00,3,3
ORD103883,CUST04423,PROD00787,5,9374.93,20,5,39374.71,2026-08-10 12:40:00,Shipped,Paid,PLT0002,2026-08-22 12:40:00,5,5
ORD103884,CUST01059,PROD00012,5,15520.57,0,28,99331.65,2026-08-21 13:59:00,Shipped,Paid,PLT0027,2026-08-29 13:59:00,5,5
ORD103885,CUST02041,PROD04287,1,13962.42,0,18,16475.66,2026-02-07 23:12:00,In Transit,Paid,PLT0001,2026-02-14 23:12:00,1,1
ORD103886,CUST04240,PROD03712,2,11484.19,5,18,25747.55,2026-02-15 17:57:00,Shipped,Refunded,PLT0005,2026-02-24 17:57:00,2,2
ORD103887,CUST01201,PROD02241,3,12732.79,10,18,40566.67,2026-05-09 05:16:00,In Transit,Failed,PLT0005,2026-05-22 05:16:00,3,2
ORD103888,CUST00094,PROD04387,1,15359.68,5,18,17218.2,2026-03-06 09:01:00,Delivered,Paid,PLT0004,2026-03-17 09:01:00,1,1
ORD103889,CUST00134,PROD02664,1,10876.23,20,18,10267.16,2026-08-05 00:30:00,Delivered,Failed,PLT0026,2026-08-09 00:30:00,1,1
ORD103890,CUST00113,PROD01994,4,2251.13,5,18,10094.07,2026-02-15 10:57:00,In Transit,Failed,PLT0009,2026-02-18 10:57:00,4,2
ORD103891,CUST01412,PROD00657,2,4611.04,0,5,9683.18,2026-04-09 18:30:00,In Transit,Paid,PLT0026,2026-04-21 18:30:00,2,2
ORD103892,CUST04867,PROD02782,2,13513.03,0,18,31890.75,2026-05-16 08:57:00,Cancelled,Pending,PLT0028,2026-05-20 08:57:00,2,1
ORD103893,CUST03872,PROD04931,3,6836.94,15,5,18305.91,2026-08-06 16:52:00,Delivered,Paid,PLT0008,2026-08-12 16:52:00,3,3
ORD103894,CUST04394,PROD04878,2,11166.67,0,28,28586.68,2026-02-11 20:07:00,Delivered,Failed,PLT0026,2026-02-20 20:07:00,2,2
ORD103895,CUST00071,PROD03551,1,12879.5,20,12,11540.03,2026-04-14 13:05:00,In Transit,Paid,PLT0008,2026-04-18 13:05:00,1,1
ORD103896,CUST03451,PROD02355,2,11610.17,10,5,21943.22,2026-02-02 07:11:00,Delivered,Paid,PLT0025,2026-02-08 07:11:00,2,1
ORD103897,CUST03947,PROD03252,2,1933.77,20,28,3960.36,2026-08-03 03:35:00,Delivered,Paid,PLT0002,2026-08-11 03:35:00,2,1
ORD103898,CUST04525,PROD00092,5,11439.59,20,12,51249.36,2026-08-03 22:48:00,Delivered,Paid,PLT0026,2026-08-08 22:48:00,5,4
ORD103899,CUST01139,PROD04581,1,14958.25,5,5,14920.85,2026-03-29 04:52:00,Placed,Paid,PLT0006,2026-04-12 04:52:00,1,1
ORD103900,CUST02197,PROD03675,2,9771.28,10,5,18467.72,2026-05-18 12:27:00,Shipped,Refunded,PLT0003,2026-05-24 12:27:00,2,2
ORD103901,CUST03457,PROD01104,2,14850.26,0,28,38016.67,2026-03-21 10:31:00,Delivered,Paid,PLT0000,2026-03-27 10:31:00,2,2
ORD103902,CUST02573,PROD02775,4,8789.58,20,18,33189.45,2026-07-18 16:20:00,Cancelled,Paid,PLT0001,2026-07-27 16:20:00,4,3
ORD103903,CUST02569,PROD02056,2,10736.46,0,5,22546.57,2026-06-19 23:42:00,Delivered,Failed,PLT0001,2026-06-29 23:42:00,2,2
ORD103904,CUST01660,PROD04092,2,5525.97,15,5,9863.86,2026-05-20 02:21:00,Packed,Failed,PLT0000,2026-05-29 02:21:00,2,2
ORD103905,CUST00040,PROD04063,5,12268.28,5,28,74591.14,2026-05-13 07:45:00,Shipped,Paid,PLT0003,2026-05-25 07:45:00,5,4
ORD103906,CUST04994,PROD04084,1,11977.54,0,18,14133.5,2026-07-26 11:52:00,Packed,Pending,PLT0004,2026-07-31 11:52:00,1,1
ORD103907,CUST01208,PROD02709,3,378.08,10,12,1143.31,2026-03-21 06:17:00,Delivered,Refunded,PLT0009,2026-04-02 06:17:00,3,3
ORD103908,CUST01223,PROD01935,1,10854.84,20,18,10246.97,2026-04-12 20:01:00,In Transit,Paid,PLT0000,2026-04-24 20:01:00,1,1
ORD103909,CUST01483,PROD04190,4,11238.72,15,18,45089.74,2026-06-05 00:02:00,Returned,Paid,PLT0005,2026-06-19 00:02:00,4,4
ORD103910,CUST01393,PROD04482,1,7599.66,10,28,8754.81,2026-07-06 23:33:00,Shipped,Refunded,PLT0029,2026-07-17 23:33:00,1,1
ORD103911,CUST00991,PROD00970,2,7668.2,5,18,17192.1,2026-01-29 22:16:00,Delivered,Paid,PLT0006,2026-02-11 22:16:00,2,2
ORD103912,CUST01047,PROD03686,4,9094.93,15,28,39581.14,2026-04-27 14:15:00,Delivered,Failed,PLT0006,2026-05-06 14:15:00,4,4
ORD103913,CUST04211,PROD03563,1,1004.96,15,12,956.72,2026-05-30 21:26:00,Delivered,Paid,PLT0002,2026-06-04 21:26:00,1,1
ORD103914,CUST04486,PROD04399,4,2800.2,15,5,9996.71,2026-03-04 07:27:00,Shipped,Refunded,PLT0009,2026-03-13 07:27:00,4,3
ORD103915,CUST00848,PROD01841,3,6016.46,20,5,15161.48,2026-09-22 02:18:00,Shipped,Pending,PLT0029,2026-09-29 02:18:00,3,3
ORD103916,CUST03267,PROD03020,1,12560.78,0,28,16077.8,2026-06-18 02:21:00,In Transit,Paid,PLT0006,2026-06-23 02:21:00,1,1
ORD103917,CUST00172,PROD01556,2,3470.51,15,28,7551.83,2026-04-14 01:38:00,Cancelled,Refunded,PLT0003,2026-04-18 01:38:00,2,2
ORD103918,CUST01678,PROD01060,4,10076.34,10,18,42804.29,2026-09-07 16:55:00,Shipped,Pending,PLT0008,2026-09-19 16:55:00,4,4
ORD103919,CUST02624,PROD02256,5,9190.18,10,18,48799.86,2026-04-29 20:04:00,Delivered,Paid,PLT0027,2026-05-10 20:04:00,5,3
ORD103920,CUST04396,PROD03864,4,4158.85,5,5,16593.81,2026-03-13 15:50:00,Returned,Pending,PLT0001,2026-03-21 15:50:00,4,2
ORD103921,CUST01779,PROD04293,5,9096.02,0,5,47754.1,2026-05-04 10:32:00,Delivered,Pending,PLT0001,2026-05-18 10:32:00,5,5
ORD103922,CUST01430,PROD00653,2,9429.77,0,5,19802.52,2026-08-05 23:32:00,In Transit,Paid,PLT0029,2026-08-09 23:32:00,2,1
ORD103923,CUST01225,PROD00918,3,15179.41,0,28,58288.93,2026-07-23 11:09:00,Delivered,Paid,PLT0000,2026-07-26 11:09:00,3,3
ORD103924,CUST01865,PROD00095,5,12357.38,20,12,55361.06,2026-03-03 06:14:00,Placed,Paid,PLT0007,2026-03-07 06:14:00,5,5
ORD103925,CUST01364,PROD00970,3,7668.2,20,12,20612.12,2026-06-18 00:47:00,Delivered,Paid,PLT0025,2026-06-26 00:47:00,3,3
ORD103926,CUST04055,PROD03499,4,3225.79,15,28,14038.64,2026-05-11 11:42:00,Placed,Paid,PLT0009,2026-05-17 11:42:00,4,4
ORD103927,CUST01177,PROD01239,2,15493.28,0,18,36564.14,2026-06-18 21:57:00,Cancelled,Paid,PLT0006,2026-06-29 21:57:00,2,2
ORD103928,CUST01848,PROD00936,5,4428.69,5,12,23560.63,2026-02-08 00:31:00,In Transit,Paid,PLT0008,2026-02-21 00:31:00,5,5
ORD103929,CUST02499,PROD04978,4,3374.08,5,18,15129.37,2026-05-08 01:12:00,Packed,Paid,PLT0002,2026-05-14 01:12:00,4,2
ORD103930,CUST02123,PROD04262,1,14143.05,0,5,14850.2,2026-08-31 18:32:00,Placed,Paid,PLT0029,2026-09-11 18:32:00,1,1
ORD103931,CUST01133,PROD04663,4,7427.28,5,5,29634.85,2026-06-01 04:44:00,Delivered,Pending,PLT0009,2026-06-10 04:44:00,4,4
ORD103932,CUST02195,PROD03935,3,4983.74,15,18,14996.07,2026-04-20 20:30:00,Packed,Failed,PLT0027,2026-05-01 20:30:00,3,3
ORD103933,CUST00585,PROD02093,2,3338.89,10,5,6310.5,2026-06-09 13:06:00,Delivered,Refunded,PLT0004,2026-06-16 13:06:00,2,2
ORD103934,CUST03211,PROD02335,2,1919.35,5,28,4667.86,2026-02-15 13:28:00,Placed,Paid,PLT0009,2026-02-24 13:28:00,2,2
ORD103935,CUST00475,PROD03453,4,10871.75,0,18,51314.66,2026-02-09 04:25:00,Cancelled,Refunded,PLT0025,2026-02-15 04:25:00,4,4
ORD103936,CUST04226,PROD04757,1,256.58,15,18,257.35,2026-05-18 19:46:00,Packed,Refunded,PLT0007,2026-05-23 19:46:00,1,1
ORD103937,CUST01756,PROD01651,3,673.95,5,18,2266.49,2026-02-09 04:56:00,Placed,Paid,PLT0028,2026-02-20 04:56:00,3,1
ORD103938,CUST04557,PROD00738,4,13082.93,20,12,46889.22,2026-06-13 01:51:00,Returned,Pending,PLT0003,2026-06-23 01:51:00,4,2
ORD103939,CUST04302,PROD03433,4,12131.01,5,18,54395.45,2026-05-25 22:42:00,Packed,Paid,PLT0026,2026-06-02 22:42:00,4,4
ORD103940,CUST00668,PROD04586,2,15452.66,20,18,29174.62,2026-04-19 20:42:00,Delivered,Pending,PLT0007,2026-04-30 20:42:00,2,2
ORD103941,CUST02084,PROD00728,3,12743.75,15,18,38345.94,2026-04-14 20:27:00,Delivered,Refunded,PLT0027,2026-04-21 20:27:00,3,3
ORD103942,CUST04451,PROD02826,1,13582.87,5,12,14452.17,2026-01-29 12:34:00,In Transit,Failed,PLT0005,2026-02-02 12:34:00,1,1
ORD103943,CUST04786,PROD00601,2,2785.07,20,5,4678.92,2026-02-21 19:45:00,Delivered,Failed,PLT0006,2026-03-03 19:45:00,2,1
ORD103944,CUST04874,PROD03182,4,4697.08,10,12,18938.63,2026-07-27 17:26:00,Returned,Failed,PLT0026,2026-08-07 17:26:00,4,3
ORD103945,CUST02221,PROD02355,2,11610.17,0,28,29722.04,2026-02-22 02:45:00,Delivered,Refunded,PLT0001,2026-03-07 02:45:00,2,2
ORD103946,CUST04440,PROD00942,2,8910.43,15,18,17874.32,2026-08-28 11:29:00,Packed,Failed,PLT0027,2026-09-10 11:29:00,2,1
ORD103947,CUST01367,PROD00155,5,15770.84,20,28,80746.7,2026-08-11 05:57:00,Delivered,Paid,PLT0001,2026-08-21 05:57:00,5,5
ORD103948,CUST01345,PROD04043,2,7535.13,0,12,16878.69,2026-09-17 16:32:00,In Transit,Failed,PLT0007,2026-09-21 16:32:00,2,2
ORD103949,CUST01759,PROD00387,2,4583.35,5,5,9143.78,2026-08-21 02:41:00,Shipped,Refunded,PLT0005,2026-09-01 02:41:00,2,1
ORD103950,CUST01570,PROD02220,3,1889.03,20,5,4760.36,2026-04-14 08:05:00,Placed,Failed,PLT0006,2026-04-17 08:05:00,3,3
ORD103951,CUST01040,PROD02279,2,10181.25,20,18,19222.2,2026-09-10 00:18:00,Shipped,Paid,PLT0026,2026-09-22 00:18:00,2,1
ORD103952,CUST01446,PROD02796,1,9536.62,20,5,8010.76,2026-04-29 02:44:00,Returned,Refunded,PLT0006,2026-05-08 02:44:00,1,1
ORD103953,CUST04114,PROD00951,4,9647.22,0,12,43219.55,2026-08-26 00:21:00,In Transit,Paid,PLT0027,2026-09-04 00:21:00,4,4
ORD103954,CUST02467,PROD04910,3,8791.17,0,12,29538.33,2026-06-26 21:48:00,Delivered,Paid,PLT0008,2026-07-10 21:48:00,3,1
ORD103955,CUST03482,PROD03087,2,6588.61,0,5,13836.08,2026-09-12 08:41:00,In Transit,Refunded,PLT0029,2026-09-17 08:41:00,2,1
ORD103956,CUST03238,PROD02365,1,9276.48,10,18,9851.62,2026-07-04 12:51:00,Delivered,Failed,PLT0004,2026-07-08 12:51:00,1,1
ORD103957,CUST00979,PROD04718,4,15931.18,0,18,75195.17,2026-01-28 04:58:00,Shipped,Failed,PLT0027,2026-02-10 04:58:00,4,4
ORD103958,CUST04930,PROD01482,3,2010.32,20,12,5403.74,2026-04-16 23:48:00,Delivered,Failed,PLT0000,2026-04-24 23:48:00,3,2
ORD103959,CUST04782,PROD01956,1,14935.5,15,5,13329.93,2026-06-28 04:05:00,Delivered,Failed,PLT0002,2026-07-03 04:05:00,1,1
ORD103960,CUST04646,PROD00205,2,9741.22,0,12,21820.33,2026-08-13 03:59:00,Placed,Paid,PLT0000,2026-08-22 03:59:00,2,2
ORD103961,CUST03644,PROD03117,5,11844.7,0,12,66330.32,2026-06-24 08:19:00,Packed,Pending,PLT0007,2026-07-03 08:19:00,5,5
ORD103962,CUST00665,PROD03488,5,925.63,0,28,5924.03,2026-02-16 22:06:00,Delivered,Pending,PLT0029,2026-03-02 22:06:00,5,5
ORD103963,CUST00372,PROD00535,3,12325.9,10,12,37273.52,2026-05-07 17:23:00,Shipped,Paid,PLT0003,2026-05-18 17:23:00,3,3
ORD103964,CUST04165,PROD00113,1,14881.19,10,18,15803.82,2026-04-04 19:08:00,Returned,Failed,PLT0029,2026-04-10 19:08:00,1,1
ORD103965,CUST00769,PROD00939,4,1971.24,0,5,8279.21,2026-04-10 19:34:00,Placed,Paid,PLT0005,2026-04-15 19:34:00,4,4
ORD103966,CUST04170,PROD03923,1,12553.44,0,5,13181.11,2026-07-26 01:00:00,Placed,Refunded,PLT0025,2026-08-09 01:00:00,1,1
ORD103967,CUST03277,PROD02226,5,7552.41,5,28,45918.65,2026-01-28 17:57:00,Delivered,Refunded,PLT0028,2026-02-07 17:57:00,5,5
ORD103968,CUST01613,PROD04241,3,10842.04,20,28,33306.75,2026-05-21 07:06:00,Delivered,Pending,PLT0028,2026-05-26 07:06:00,3,3
ORD103969,CUST01202,PROD02404,2,5047.36,0,18,11911.77,2026-03-17 16:20:00,Returned,Pending,PLT0026,2026-03-26 16:20:00,2,2
ORD103970,CUST00909,PROD01344,1,11660.99,20,28,11940.85,2026-05-21 21:07:00,Delivered,Paid,PLT0029,2026-05-27 21:07:00,1,1
ORD103971,CUST01966,PROD02623,5,6996.7,15,12,33304.29,2026-04-14 10:10:00,Packed,Paid,PLT0004,2026-04-25 10:10:00,5,5
ORD103972,CUST01858,PROD01323,4,13960.36,15,12,53161.05,2026-07-21 19:14:00,Delivered,Failed,PLT0004,2026-07-31 19:14:00,4,4
ORD103973,CUST03655,PROD02202,3,1859.46,10,18,5924.24,2026-04-23 15:11:00,Cancelled,Refunded,PLT0002,2026-04-30 15:11:00,3,3
ORD103974,CUST02606,PROD03352,2,6854.13,0,5,14393.67,2026-03-23 11:54:00,Cancelled,Pending,PLT0025,2026-04-03 11:54:00,2,2
ORD103975,CUST01463,PROD03802,1,15018.22,20,18,14177.2,2026-08-19 03:02:00,In Transit,Paid,PLT0005,2026-08-23 03:02:00,1,1
ORD103976,CUST00661,PROD00978,4,916.67,10,28,4224.02,2026-06-27 03:09:00,Shipped,Pending,PLT0027,2026-07-07 03:09:00,4,4
ORD103977,CUST02130,PROD04912,2,8907.49,15,5,15899.87,2026-05-23 04:04:00,Delivered,Refunded,PLT0028,2026-05-30 04:04:00,2,1
ORD103978,CUST02825,PROD01786,5,14331.37,0,5,75239.69,2026-05-11 02:18:00,Delivered,Paid,PLT0004,2026-05-16 02:18:00,5,5
ORD103979,CUST02927,PROD00511,5,9852.3,0,5,51724.58,2026-08-25 01:50:00,Delivered,Paid,PLT0005,2026-09-03 01:50:00,5,3
ORD103980,CUST02474,PROD03136,4,9905.86,0,28,50718.0,2026-08-08 17:10:00,Delivered,Paid,PLT0003,2026-08-12 17:10:00,4,4
ORD103981,CUST02109,PROD02429,5,5091.07,20,12,22807.99,2026-02-26 20:17:00,Shipped,Refunded,PLT0025,2026-03-02 20:17:00,5,5
ORD103982,CUST03659,PROD03995,3,7930.31,5,12,25313.55,2026-06-10 23:08:00,Returned,Paid,PLT0025,2026-06-14 23:08:00,3,3
ORD103983,CUST01076,PROD01629,4,1636.16,20,28,6701.71,2026-08-06 22:26:00,Delivered,Failed,PLT0009,2026-08-16 22:26:00,4,4
ORD103984,CUST01265,PROD04752,5,7161.52,0,28,45833.73,2026-03-27 04:22:00,In Transit,Paid,PLT0007,2026-04-03 04:22:00,5,5
ORD103985,CUST03917,PROD00201,1,10307.3,0,18,12162.61,2026-08-09 02:12:00,Returned,Refunded,PLT0005,2026-08-18 02:12:00,1,1
ORD103986,CUST00229,PROD04334,5,10337.91,10,18,54894.3,2026-04-06 12:35:00,Delivered,Pending,PLT0027,2026-04-20 12:35:00,5,5
ORD103987,CUST00421,PROD03927,3,9695.11,0,12,32575.57,2026-07-26 02:55:00,Returned,Paid,PLT0003,2026-08-09 02:55:00,3,3
ORD103988,CUST02164,PROD02890,2,13388.63,10,28,30847.4,2026-09-03 14:03:00,Placed,Paid,PLT0003,2026-09-16 14:03:00,2,2
ORD103989,CUST04227,PROD01578,2,10306.35,0,18,24322.99,2026-09-20 18:14:00,Packed,Paid,PLT0027,2026-09-30 18:14:00,2,1
ORD103990,CUST04034,PROD02787,5,15372.97,5,28,93467.66,2026-09-01 12:47:00,Shipped,Failed,PLT0002,2026-09-11 12:47:00,5,5
ORD103991,CUST02158,PROD04371,2,3315.47,0,28,8487.6,2026-09-13 07:09:00,Delivered,Paid,PLT0028,2026-09-16 07:09:00,2,2
ORD103992,CUST02083,PROD04622,5,12256.95,0,12,68638.92,2026-09-22 14:57:00,Delivered,Paid,PLT0000,2026-09-29 14:57:00,5,5
ORD103993,CUST01355,PROD04588,3,2177.41,5,12,6950.29,2026-08-15 09:07:00,In Transit,Refunded,PLT0002,2026-08-28 09:07:00,3,3
ORD103994,CUST01435,PROD01670,2,13096.45,20,28,26821.53,2026-06-12 21:31:00,Placed,Paid,PLT0027,2026-06-15 21:31:00,2,2
ORD103995,CUST02812,PROD01327,1,2994.67,15,5,2672.74,2026-02-09 08:26:00,Placed,Paid,PLT0009,2026-02-21 08:26:00,1,1
ORD103996,CUST03707,PROD02239,5,1354.61,0,5,7111.7,2026-08-31 18:08:00,Delivered,Paid,PLT0026,2026-09-06 18:08:00,5,3
ORD103997,CUST01644,PROD01708,2,3534.01,15,28,7690.01,2026-04-02 07:23:00,Delivered,Paid,PLT0006,2026-04-09 07:23:00,2,2
ORD103998,CUST00261,PROD02699,3,12405.46,10,12,37514.11,2026-07-24 16:52:00,Cancelled,Pending,PLT0007,2026-08-04 16:52:00,3,3
ORD103999,CUST01789,PROD04936,3,5690.23,15,5,15235.59,2026-07-31 15:01:00,Delivered,Pending,PLT0026,2026-08-03 15:01:00,3,2
ORD104000,CUST04028,PROD02960,1,12931.43,0,12,14483.2,2026-06-22 15:52:00,Delivered,Paid,PLT0009,2026-07-01 15:52:00,1,1
ORD104001,CUST02074,PROD00930,3,4199.41,15,5,11243.92,2026-04-09 19:12:00,Shipped,Pending,PLT0005,2026-04-23 19:12:00,3,3
ORD104002,CUST04220,PROD01932,3,9026.6,0,28,34662.14,2026-03-22 17:18:00,Delivered,Failed,PLT0002,2026-04-01 17:18:00,3,2
ORD104003,CUST02988,PROD01563,2,12509.36,0,18,29522.09,2026-04-10 21:13:00,Delivered,Refunded,PLT0029,2026-04-24 21:13:00,2,2
ORD104004,CUST00428,PROD01855,5,14709.93,5,18,82449.16,2026-05-26 02:29:00,Delivered,Failed,PLT0004,2026-05-31 02:29:00,5,5
ORD104005,CUST04299,PROD00567,4,6335.68,15,12,24126.27,2026-05-16 20:01:00,Shipped,Pending,PLT0009,2026-05-29 20:01:00,4,4
ORD104006,CUST01737,PROD03347,3,4406.99,0,12,14807.49,2026-06-18 18:09:00,Returned,Pending,PLT0026,2026-06-30 18:09:00,3,1
ORD104007,CUST03588,PROD04896,3,1380.23,10,5,3912.95,2026-08-28 00:43:00,Shipped,Pending,PLT0026,2026-09-03 00:43:00,3,3
ORD104008,CUST02203,PROD03054,4,4669.64,10,28,21517.7,2026-08-16 08:34:00,Returned,Failed,PLT0029,2026-08-19 08:34:00,4,4
ORD104009,CUST01822,PROD02199,3,8790.71,15,5,23537.13,2026-06-25 03:33:00,Packed,Failed,PLT0008,2026-07-06 03:33:00,3,2
ORD104010,CUST01189,PROD01609,2,3815.02,10,28,8789.81,2026-07-01 09:07:00,Returned,Paid,PLT0025,2026-07-09 09:07:00,2,2
ORD104011,CUST00413,PROD01093,2,9762.02,5,28,23741.23,2026-09-20 08:33:00,In Transit,Pending,PLT0005,2026-09-27 08:33:00,2,2
ORD104012,CUST00428,PROD02005,4,4423.0,0,12,19815.04,2026-08-18 21:16:00,Shipped,Refunded,PLT0002,2026-08-31 21:16:00,4,4
ORD104013,CUST03279,PROD01503,3,506.71,0,18,1793.75,2026-07-22 20:34:00,Delivered,Failed,PLT0005,2026-07-27 20:34:00,3,3
ORD104014,CUST00037,PROD02260,3,7009.08,20,18,19849.71,2026-08-01 13:57:00,Delivered,Failed,PLT0003,2026-08-13 13:57:00,3,3
ORD104015,CUST04512,PROD03403,5,15981.39,15,12,76071.42,2026-04-05 19:56:00,Packed,Paid,PLT0027,2026-04-19 19:56:00,5,5
ORD104016,CUST02020,PROD04645,3,11309.15,10,18,36030.95,2026-07-15 18:55:00,Shipped,Failed,PLT0029,2026-07-24 18:55:00,3,3
ORD104017,CUST00017,PROD01798,2,1245.14,0,12,2789.11,2026-02-05 23:36:00,Delivered,Paid,PLT0027,2026-02-09 23:36:00,2,2
ORD104018,CUST03725,PROD02874,1,6768.22,20,5,5685.3,2026-04-12 20:53:00,Delivered,Paid,PLT0004,2026-04-18 20:53:00,1,1
ORD104019,CUST03994,PROD02917,1,11895.15,5,28,14464.5,2026-02-19 15:04:00,Packed,Paid,PLT0007,2026-03-02 15:04:00,1,1
ORD104020,CUST01993,PROD01011,1,3616.23,10,18,3840.44,2026-09-08 22:13:00,Cancelled,Failed,PLT0008,2026-09-15 22:13:00,1,1
ORD104021,CUST03562,PROD03428,1,10030.36,10,18,10652.24,2026-06-18 14:40:00,Returned,Failed,PLT0005,2026-06-22 14:40:00,1,1
ORD104022,CUST03128,PROD04066,3,1734.2,0,5,5462.73,2026-07-01 07:49:00,Shipped,Paid,PLT0003,2026-07-15 07:49:00,3,2
ORD104023,CUST03957,PROD04519,3,3220.08,5,5,9636.09,2026-09-24 23:17:00,Cancelled,Pending,PLT0003,2026-09-30 23:17:00,3,3
ORD104024,CUST02978,PROD04232,5,8946.79,5,18,50146.76,2026-05-02 15:12:00,Shipped,Refunded,PLT0006,2026-05-12 15:12:00,5,4
ORD104025,CUST04160,PROD01599,3,1460.97,15,18,4396.06,2026-09-09 01:52:00,Cancelled,Paid,PLT0026,2026-09-20 01:52:00,3,3
ORD104026,CUST02915,PROD04070,1,13564.51,20,12,12153.8,2026-03-08 15:44:00,Shipped,Paid,PLT0009,2026-03-13 15:44:00,1,1
ORD104027,CUST04765,PROD03880,4,3777.95,0,12,16925.22,2026-06-26 20:36:00,Packed,Pending,PLT0001,2026-06-29 20:36:00,4,4
ORD104028,CUST04251,PROD03948,4,9677.95,15,18,38827.94,2026-09-01 04:41:00,In Transit,Pending,PLT0007,2026-09-04 04:41:00,4,4
ORD104029,CUST03619,PROD01294,2,11061.49,0,12,24777.74,2026-03-01 10:39:00,Delivered,Pending,PLT0025,2026-03-08 10:39:00,2,1
ORD104030,CUST03986,PROD00439,2,11328.25,5,5,22599.86,2026-07-24 10:00:00,Placed,Paid,PLT0008,2026-07-31 10:00:00,2,2
ORD104031,CUST00767,PROD02524,3,5802.58,0,28,22281.91,2026-04-19 19:47:00,Returned,Paid,PLT0004,2026-04-23 19:47:00,3,3
ORD104032,CUST02599,PROD01885,4,2644.14,0,12,11845.75,2026-03-19 07:18:00,Delivered,Paid,PLT0027,2026-04-01 07:18:00,4,4
ORD104033,CUST03833,PROD04610,1,6088.16,0,28,7792.84,2026-05-28 04:09:00,Delivered,Paid,PLT0003,2026-06-11 04:09:00,1,1
ORD104034,CUST01920,PROD04078,1,4486.17,0,12,5024.51,2026-05-16 16:09:00,Placed,Pending,PLT0029,2026-05-30 16:09:00,1,1
ORD104035,CUST01854,PROD00990,1,13122.73,0,18,15484.82,2026-08-10 03:46:00,Shipped,Paid,PLT0027,2026-08-22 03:46:00,1,1
ORD104036,CUST01906,PROD04113,3,1202.37,20,12,3231.97,2026-08-13 00:07:00,Shipped,Refunded,PLT0006,2026-08-21 00:07:00,3,3
ORD104037,CUST02723,PROD04201,3,13613.35,20,28,41820.21,2026-07-25 01:36:00,Delivered,Paid,PLT0008,2026-08-05 01:36:00,3,3
ORD104038,CUST01822,PROD04496,5,9799.72,5,28,59582.3,2026-06-05 09:07:00,In Transit,Paid,PLT0028,2026-06-08 09:07:00,5,5
ORD104039,CUST04109,PROD02237,1,14286.61,0,18,16858.2,2026-09-19 04:25:00,Packed,Refunded,PLT0026,2026-09-24 04:25:00,1,1
ORD104040,CUST01736,PROD01161,1,13229.49,5,28,16087.06,2026-05-03 12:47:00,Delivered,Paid,PLT0029,2026-05-08 12:47:00,1,1
ORD104041,CUST04087,PROD03813,3,3700.69,0,18,13100.44,2026-02-16 14:51:00,Delivered,Refunded,PLT0005,2026-02-19 14:51:00,3,3
ORD104042,CUST04832,PROD00911,3,9484.69,0,18,33575.8,2026-06-27 01:11:00,Placed,Paid,PLT0028,2026-07-05 01:11:00,3,3
ORD104043,CUST00306,PROD03080,5,15120.31,15,28,82254.49,2026-09-09 08:57:00,Packed,Failed,PLT0004,2026-09-19 08:57:00,5,5
ORD104044,CUST01511,PROD03486,5,9525.16,0,5,50007.09,2026-08-25 17:09:00,Shipped,Paid,PLT0003,2026-09-07 17:09:00,5,5
ORD104045,CUST02021,PROD02592,2,12881.94,0,28,32977.77,2026-03-28 13:28:00,Delivered,Paid,PLT0006,2026-04-01 13:28:00,2,2
ORD104046,CUST04376,PROD03410,4,740.58,0,28,3791.77,2026-05-12 21:17:00,Placed,Paid,PLT0005,2026-05-26 21:17:00,4,4
ORD104047,CUST04851,PROD02309,1,1909.03,0,12,2138.11,2026-08-16 20:37:00,Delivered,Failed,PLT0006,2026-08-24 20:37:00,1,1
ORD104048,CUST02385,PROD02911,1,3762.62,20,28,3852.92,2026-06-22 12:52:00,Placed,Paid,PLT0007,2026-07-05 12:52:00,1,1
ORD104049,CUST00459,PROD02945,5,12167.18,10,12,61322.59,2026-07-20 06:24:00,In Transit,Paid,PLT0026,2026-07-25 06:24:00,5,2
ORD104050,CUST02675,PROD01786,5,14331.37,15,12,68217.32,2026-04-20 16:05:00,Delivered,Failed,PLT0006,2026-05-04 16:05:00,5,5
ORD104051,CUST03579,PROD04908,2,3371.13,15,28,7335.58,2026-09-25 07:30:00,Packed,Paid,PLT0004,2026-10-06 07:30:00,2,2
ORD104052,CUST04868,PROD01330,4,8020.31,5,18,35963.07,2026-08-25 18:00:00,Cancelled,Paid,PLT0009,2026-08-31 18:00:00,4,4
ORD104053,CUST02372,PROD04268,2,1076.0,0,5,2259.6,2026-03-15 20:35:00,Delivered,Paid,PLT0002,2026-03-28 20:35:00,2,2
ORD104054,CUST03757,PROD02137,4,1361.56,20,28,5576.95,2026-09-02 06:27:00,Placed,Failed,PLT0007,2026-09-16 06:27:00,4,4
ORD104055,CUST03112,PROD00152,1,3908.03,0,28,5002.28,2026-09-19 14:11:00,Cancelled,Paid,PLT0028,2026-10-01 14:11:00,1,1
ORD104056,CUST00859,PROD01665,2,15874.31,10,18,33717.03,2026-03-16 21:54:00,Packed,Paid,PLT0008,2026-03-29 21:54:00,2,2
ORD104057,CUST01383,PROD02182,5,3480.05,0,12,19488.28,2026-03-30 18:04:00,In Transit,Paid,PLT0029,2026-04-09 18:04:00,5,5
ORD104058,CUST03796,PROD03990,2,13942.95,0,18,32905.36,2026-02-16 21:18:00,Cancelled,Pending,PLT0006,2026-02-24 21:18:00,2,2
ORD104059,CUST04297,PROD03544,2,5547.06,20,18,10472.85,2026-08-23 11:53:00,Cancelled,Paid,PLT0005,2026-09-05 11:53:00,2,2
ORD104060,CUST00982,PROD04898,1,4836.84,10,12,4875.53,2026-09-13 05:18:00,Cancelled,Failed,PLT0026,2026-09-24 05:18:00,1,1
ORD104061,CUST01257,PROD03289,5,14437.21,0,28,92398.14,2026-03-31 04:00:00,In Transit,Paid,PLT0008,2026-04-08 04:00:00,5,5
ORD104062,CUST00360,PROD02456,5,2312.23,0,18,13642.16,2026-06-09 01:53:00,Returned,Paid,PLT0006,2026-06-22 01:53:00,5,5
ORD104063,CUST03780,PROD03039,3,1172.29,15,18,3527.42,2026-09-13 01:10:00,Delivered,Paid,PLT0029,2026-09-17 01:10:00,3,1
ORD104064,CUST04962,PROD02183,3,626.71,15,28,2045.58,2026-08-21 00:24:00,Delivered,Paid,PLT0006,2026-09-02 00:24:00,3,3
ORD104065,CUST03284,PROD02509,3,13565.8,10,28,46883.4,2026-03-10 11:30:00,Placed,Failed,PLT0002,2026-03-14 11:30:00,3,3
ORD104066,CUST01268,PROD00004,1,9617.67,0,5,10098.55,2026-07-19 10:05:00,Delivered,Pending,PLT0003,2026-07-23 10:05:00,1,1
ORD104067,CUST02293,PROD03423,2,12219.61,10,18,25954.45,2026-03-29 04:30:00,Cancelled,Paid,PLT0006,2026-04-12 04:30:00,2,2
ORD104068,CUST04432,PROD03220,5,11744.18,0,5,61656.94,2026-06-05 07:59:00,Placed,Paid,PLT0006,2026-06-18 07:59:00,5,5
ORD104069,CUST00295,PROD04242,5,6394.4,15,12,30437.34,2026-08-07 14:24:00,Delivered,Paid,PLT0003,2026-08-13 14:24:00,5,5
ORD104070,CUST04706,PROD04867,2,5758.73,5,28,14005.23,2026-03-09 17:54:00,Shipped,Pending,PLT0025,2026-03-19 17:54:00,2,2
ORD104071,CUST02894,PROD04847,5,15168.7,10,28,87371.71,2026-06-06 16:14:00,Placed,Paid,PLT0001,2026-06-17 16:14:00,5,5
ORD104072,CUST01297,PROD02457,2,7159.3,5,5,14282.8,2026-04-26 17:16:00,Returned,Paid,PLT0005,2026-05-02 17:16:00,2,2
ORD104073,CUST01310,PROD01225,1,6772.66,5,18,7592.15,2026-02-23 14:26:00,Delivered,Paid,PLT0027,2026-03-03 14:26:00,1,1
ORD104074,CUST02148,PROD02786,1,3946.44,20,12,3536.01,2026-07-27 12:37:00,Delivered,Pending,PLT0004,2026-08-01 12:37:00,1,1
ORD104075,CUST01089,PROD01776,1,5113.97,15,18,5129.31,2026-06-04 14:24:00,Delivered,Paid,PLT0025,2026-06-07 14:24:00,1,1
ORD104076,CUST03724,PROD01324,2,3584.5,10,18,7613.48,2026-09-18 06:39:00,Cancelled,Failed,PLT0002,2026-10-02 06:39:00,2,1
ORD104077,CUST02685,PROD04221,2,4992.56,5,5,9960.16,2026-06-05 14:04:00,Returned,Paid,PLT0005,2026-06-16 14:04:00,2,2
ORD104078,CUST03496,PROD01547,4,12914.28,0,18,60955.4,2026-05-24 21:29:00,Delivered,Refunded,PLT0006,2026-06-02 21:29:00,4,2
ORD104079,CUST00949,PROD03252,5,1933.77,20,5,8121.83,2026-06-04 20:40:00,In Transit,Pending,PLT0009,2026-06-12 20:40:00,5,5
ORD104080,CUST03686,PROD04767,5,13733.74,0,28,87895.94,2026-07-02 10:42:00,Delivered,Refunded,PLT0008,2026-07-14 10:42:00,5,5
ORD104081,CUST02011,PROD01903,4,12198.75,20,28,49966.08,2026-05-15 05:16:00,Delivered,Failed,PLT0004,2026-05-19 05:16:00,4,4
ORD104082,CUST03659,PROD00045,4,4213.6,0,28,21573.63,2026-06-21 15:45:00,In Transit,Paid,PLT0001,2026-07-04 15:45:00,4,4
ORD104083,CUST01239,PROD04533,1,4024.03,15,12,3830.88,2026-08-17 19:15:00,Placed,Pending,PLT0005,2026-08-21 19:15:00,1,1
ORD104084,CUST00446,PROD00247,4,6907.13,10,12,27849.55,2026-07-20 11:23:00,Packed,Paid,PLT0025,2026-07-27 11:23:00,4,4
ORD104085,CUST00647,PROD00602,2,4528.59,10,18,9618.73,2026-06-19 16:54:00,Shipped,Paid,PLT0004,2026-06-30 16:54:00,2,2
ORD104086,CUST03899,PROD00804,3,9745.77,0,5,30699.18,2026-03-02 06:20:00,Shipped,Refunded,PLT0006,2026-03-09 06:20:00,3,3
ORD104087,CUST00187,PROD04432,2,8795.17,0,18,20756.6,2026-08-31 13:02:00,Delivered,Paid,PLT0005,2026-09-09 13:02:00,2,2
ORD104088,CUST00522,PROD04009,4,10906.19,0,28,55839.69,2026-05-12 04:21:00,Delivered,Failed,PLT0003,2026-05-24 04:21:00,4,4
ORD104089,CUST00921,PROD01433,5,7871.66,0,18,46442.79,2026-06-10 23:23:00,Packed,Pending,PLT0027,2026-06-16 23:23:00,5,5
ORD104090,CUST03656,PROD00929,2,10171.3,10,18,21603.84,2026-04-21 17:15:00,Delivered,Pending,PLT0027,2026-04-29 17:15:00,2,2
ORD104091,CUST02632,PROD01555,5,3725.47,5,18,20881.26,2026-04-13 03:50:00,In Transit,Paid,PLT0004,2026-04-22 03:50:00,5,2
ORD104092,CUST02705,PROD04651,2,951.79,0,28,2436.58,2026-06-18 17:44:00,Delivered,Failed,PLT0000,2026-06-23 17:44:00,2,2
ORD104093,CUST02728,PROD04453,5,13337.53,10,5,63019.83,2026-08-06 22:22:00,Delivered,Paid,PLT0009,2026-08-11 22:22:00,5,5
ORD104094,CUST03207,PROD01550,2,10166.11,20,18,19193.62,2026-08-18 10:50:00,In Transit,Paid,PLT0002,2026-08-21 10:50:00,2,2
ORD104095,CUST03725,PROD00140,5,15550.34,0,28,99522.18,2026-09-21 14:28:00,Packed,Failed,PLT0003,2026-10-04 14:28:00,5,2
ORD104096,CUST03766,PROD01347,3,5599.37,5,12,17873.19,2026-08-22 15:59:00,Returned,Failed,PLT0006,2026-09-04 15:59:00,3,3
ORD104097,CUST02411,PROD00294,1,5826.03,0,5,6117.33,2026-08-28 12:51:00,Cancelled,Refunded,PLT0008,2026-09-07 12:51:00,1,1
ORD104098,CUST03932,PROD00240,2,2915.06,15,28,6343.17,2026-09-08 09:11:00,Placed,Failed,PLT0027,2026-09-12 09:11:00,2,2
ORD104099,CUST02030,PROD02899,3,6860.13,0,18,24284.86,2026-08-03 06:53:00,Delivered,Paid,PLT0004,2026-08-11 06:53:00,3,3
ORD104100,CUST03018,PROD03507,1,15575.78,0,28,19937.0,2026-09-13 21:18:00,Placed,Pending,PLT0009,2026-09-20 21:18:00,1,1
ORD104101,CUST00917,PROD02798,2,9994.26,0,5,20987.95,2026-05-15 04:32:00,Returned,Failed,PLT0029,2026-05-25 04:32:00,2,2
ORD104102,CUST00354,PROD03666,3,7066.04,0,18,25013.78,2026-07-26 00:47:00,Shipped,Pending,PLT0029,2026-08-04 00:47:00,3,2
ORD104103,CUST03430,PROD01347,3,5599.37,15,12,15991.8,2026-04-01 03:49:00,Shipped,Paid,PLT0009,2026-04-14 03:49:00,3,3
ORD104104,CUST03714,PROD01663,3,14717.33,15,12,42032.69,2026-07-15 08:54:00,Packed,Paid,PLT0004,2026-07-28 08:54:00,3,3
ORD104105,CUST02488,PROD04399,4,2800.2,15,12,10663.16,2026-06-30 02:50:00,Delivered,Failed,PLT0003,2026-07-12 02:50:00,4,4
ORD104106,CUST02434,PROD03513,5,15606.96,10,28,89896.09,2026-06-30 06:05:00,Shipped,Paid,PLT0000,2026-07-07 06:05:00,5,5
ORD104107,CUST02134,PROD01009,1,4068.72,10,5,3844.94,2026-04-29 04:02:00,Delivered,Failed,PLT0003,2026-05-11 04:02:00,1,1
ORD104108,CUST04955,PROD03343,5,10154.02,0,12,56862.51,2026-04-23 01:15:00,In Transit,Pending,PLT0028,2026-05-07 01:15:00,5,5
ORD104109,CUST04961,PROD00391,5,15848.03,0,18,93503.38,2026-06-15 08:04:00,Shipped,Failed,PLT0003,2026-06-21 08:04:00,5,5
ORD104110,CUST04163,PROD00625,5,9929.25,15,18,49795.19,2026-02-26 16:21:00,Shipped,Refunded,PLT0029,2026-03-11 16:21:00,5,5
ORD104111,CUST04618,PROD04466,3,6395.42,10,18,20375.81,2026-09-10 17:54:00,Delivered,Failed,PLT0007,2026-09-21 17:54:00,3,2
ORD104112,CUST00348,PROD03520,5,3450.61,5,28,20979.71,2026-03-16 11:24:00,Placed,Refunded,PLT0008,2026-03-27 11:24:00,5,5
ORD104113,CUST04022,PROD00573,4,6404.03,10,5,24207.23,2026-06-03 18:07:00,Returned,Refunded,PLT0029,2026-06-13 18:07:00,4,4
ORD104114,CUST01020,PROD04765,2,8659.48,0,5,18184.91,2026-05-15 20:26:00,Delivered,Failed,PLT0003,2026-05-21 20:26:00,2,2
ORD104115,CUST03266,PROD00886,3,2937.86,10,12,8884.09,2026-03-11 07:37:00,Placed,Refunded,PLT0028,2026-03-22 07:37:00,3,2
ORD104116,CUST04000,PROD01999,1,1006.17,0,5,1056.48,2026-04-14 06:44:00,Cancelled,Paid,PLT0004,2026-04-24 06:44:00,1,1
ORD104117,CUST04028,PROD03533,2,5286.44,15,18,10604.6,2026-09-16 09:45:00,Delivered,Refunded,PLT0009,2026-09-26 09:45:00,2,2
ORD104118,CUST04255,PROD02218,2,4575.19,15,18,9177.83,2026-03-07 14:46:00,In Transit,Pending,PLT0029,2026-03-18 14:46:00,2,2
ORD104119,CUST04221,PROD00486,2,14427.41,15,28,31394.04,2026-09-04 05:59:00,Returned,Paid,PLT0026,2026-09-13 05:59:00,2,2
ORD104120,CUST00429,PROD03385,5,634.45,5,18,3556.09,2026-02-04 02:25:00,In Transit,Paid,PLT0006,2026-02-16 02:25:00,5,5
ORD104121,CUST01926,PROD04855,5,10078.94,5,5,50268.71,2026-06-27 03:32:00,Delivered,Paid,PLT0004,2026-07-05 03:32:00,5,5
ORD104122,CUST00149,PROD02725,3,6427.28,0,18,22752.57,2026-03-30 17:43:00,Packed,Paid,PLT0005,2026-04-10 17:43:00,3,3
ORD104123,CUST01358,PROD04432,5,8795.17,0,12,49252.95,2026-06-17 04:12:00,Delivered,Failed,PLT0028,2026-06-27 04:12:00,5,5
ORD104124,CUST02346,PROD00263,5,2326.34,20,28,11910.86,2026-01-29 07:04:00,Shipped,Refunded,PLT0002,2026-02-08 07:04:00,5,5
ORD104125,CUST04716,PROD02960,5,12931.43,5,28,78623.09,2026-03-28 10:15:00,In Transit,Failed,PLT0007,2026-04-01 10:15:00,5,5
ORD104126,CUST01111,PROD00618,3,4501.35,0,5,14179.25,2026-05-30 13:17:00,Shipped,Paid,PLT0025,2026-06-06 13:17:00,3,3
ORD104127,CUST01795,PROD04195,3,9943.85,10,18,31681.11,2026-05-08 04:30:00,Delivered,Paid,PLT0004,2026-05-21 04:30:00,3,3
ORD104128,CUST00016,PROD02543,4,13549.15,15,18,54359.19,2026-09-10 21:39:00,Shipped,Paid,PLT0001,2026-09-16 21:39:00,4,4
ORD104129,CUST00080,PROD00381,4,1977.82,15,5,7060.82,2026-03-26 01:14:00,Returned,Paid,PLT0029,2026-04-01 01:14:00,4,4
ORD104130,CUST04589,PROD02428,4,15298.11,15,5,54614.25,2026-07-14 19:04:00,Cancelled,Pending,PLT0005,2026-07-21 19:04:00,4,2
ORD104131,CUST01757,PROD04047,4,5350.53,0,12,23970.37,2026-04-08 19:18:00,Delivered,Failed,PLT0003,2026-04-11 19:18:00,4,4
ORD104132,CUST01838,PROD03997,2,5415.98,15,5,9667.52,2026-04-18 08:58:00,Delivered,Failed,PLT0029,2026-04-25 08:58:00,2,2
ORD104133,CUST02480,PROD01977,2,4221.82,5,18,9465.32,2026-04-20 00:06:00,Placed,Paid,PLT0029,2026-05-03 00:06:00,2,2
ORD104134,CUST00989,PROD02902,4,12271.19,10,12,49477.44,2026-06-23 12:30:00,Shipped,Failed,PLT0003,2026-06-29 12:30:00,4,4
ORD104135,CUST04370,PROD00294,4,5826.03,15,28,25354.88,2026-06-01 03:09:00,Packed,Pending,PLT0008,2026-06-07 03:09:00,4,4
ORD104136,CUST03931,PROD01930,1,1130.17,0,18,1333.6,2026-03-02 18:58:00,In Transit,Paid,PLT0000,2026-03-15 18:58:00,1,1
ORD104137,CUST00987,PROD00991,2,12809.71,10,28,29513.57,2026-02-11 22:14:00,In Transit,Refunded,PLT0007,2026-02-23 22:14:00,2,2
ORD104138,CUST02623,PROD04200,1,9910.98,15,28,10783.15,2026-07-05 01:46:00,Shipped,Paid,PLT0004,2026-07-11 01:46:00,1,1
ORD104139,CUST02564,PROD04333,1,7092.7,0,28,9078.66,2026-06-11 06:09:00,Shipped,Paid,PLT0028,2026-06-16 06:09:00,1,1
ORD104140,CUST00150,PROD02474,5,11581.08,15,18,58079.12,2026-05-14 00:11:00,Cancelled,Paid,PLT0001,2026-05-21 00:11:00,5,5
ORD104141,CUST01606,PROD04811,3,2783.08,20,28,8549.62,2026-04-26 22:25:00,Delivered,Paid,PLT0005,2026-05-07 22:25:00,3,3
ORD104142,CUST01591,PROD03769,2,2713.05,5,18,6082.66,2026-05-01 10:43:00,Placed,Failed,PLT0003,2026-05-10 10:43:00,2,2
ORD104143,CUST00449,PROD02403,4,6612.1,10,28,30468.56,2026-07-31 13:02:00,In Transit,Pending,PLT0009,2026-08-08 13:02:00,4,4
ORD104144,CUST01883,PROD00524,4,13488.69,5,5,53819.87,2026-03-27 16:07:00,Shipped,Pending,PLT0003,2026-04-08 16:07:00,4,4
ORD104145,CUST04175,PROD03178,3,14117.88,0,5,44471.32,2026-05-09 18:58:00,Packed,Paid,PLT0002,2026-05-16 18:58:00,3,2
ORD104146,CUST00081,PROD01833,2,9359.52,0,18,22088.47,2026-08-30 06:30:00,Packed,Paid,PLT0007,2026-09-08 06:30:00,2,2
ORD104147,CUST01560,PROD01496,4,10723.58,20,28,43923.78,2026-05-23 10:32:00,Delivered,Paid,PLT0006,2026-05-26 10:32:00,4,4
ORD104148,CUST03025,PROD01352,4,9299.94,5,28,45234.91,2026-03-31 21:50:00,Delivered,Paid,PLT0007,2026-04-04 21:50:00,4,4
ORD104149,CUST02208,PROD04313,5,2076.1,10,28,11958.34,2026-02-14 05:43:00,Returned,Paid,PLT0000,2026-02-26 05:43:00,5,3
ORD104150,CUST01686,PROD02563,1,897.59,0,5,942.47,2026-02-01 03:44:00,Placed,Paid,PLT0026,2026-02-04 03:44:00,1,1
ORD104151,CUST00864,PROD02906,4,967.69,0,28,4954.57,2026-03-23 21:03:00,Delivered,Paid,PLT0001,2026-04-01 21:03:00,4,4
ORD104152,CUST02043,PROD03330,2,10770.4,15,28,23436.39,2026-09-08 12:46:00,Delivered,Refunded,PLT0004,2026-09-14 12:46:00,2,2
ORD104153,CUST03613,PROD01832,3,9668.92,20,18,27382.38,2026-04-17 23:21:00,In Transit,Paid,PLT0029,2026-04-26 23:21:00,3,3
ORD104154,CUST01803,PROD01886,5,7437.76,0,28,47601.66,2026-08-29 19:16:00,Returned,Paid,PLT0009,2026-09-07 19:16:00,5,5
ORD104155,CUST00896,PROD03461,2,4476.08,0,5,9399.77,2026-05-22 00:57:00,Delivered,Pending,PLT0008,2026-05-30 00:57:00,2,2
ORD104156,CUST01238,PROD03340,5,10499.71,10,28,60478.33,2026-03-03 09:48:00,Delivered,Paid,PLT0005,2026-03-15 09:48:00,5,5
ORD104157,CUST04680,PROD00041,1,2039.41,10,5,1927.24,2026-02-08 11:35:00,Packed,Failed,PLT0028,2026-02-15 11:35:00,1,1
ORD104158,CUST03025,PROD01506,4,6440.28,15,5,22991.8,2026-08-11 22:34:00,Shipped,Failed,PLT0028,2026-08-23 22:34:00,4,4
ORD104159,CUST00237,PROD01828,2,15497.97,10,12,31243.91,2026-04-13 19:29:00,Returned,Failed,PLT0026,2026-04-27 19:29:00,2,2
ORD104160,CUST02217,PROD02750,3,10210.68,15,5,27339.1,2026-08-24 15:04:00,Delivered,Paid,PLT0025,2026-08-30 15:04:00,3,3
ORD104161,CUST04513,PROD01203,1,450.76,0,12,504.85,2026-07-16 09:01:00,Delivered,Paid,PLT0000,2026-07-23 09:01:00,1,1
ORD104162,CUST04218,PROD00760,1,12637.7,0,12,14154.22,2026-09-22 05:23:00,In Transit,Failed,PLT0009,2026-10-04 05:23:00,1,1
ORD104163,CUST04469,PROD04079,5,12319.44,0,28,78844.42,2026-03-14 10:30:00,Packed,Failed,PLT0001,2026-03-24 10:30:00,5,5
ORD104164,CUST00888,PROD04701,1,4073.57,0,12,4562.4,2026-07-21 13:00:00,Returned,Failed,PLT0003,2026-07-28 13:00:00,1,1
ORD104165,CUST04433,PROD01097,2,3604.73,0,18,8507.16,2026-06-01 21:33:00,Placed,Pending,PLT0006,2026-06-04 21:33:00,2,2
ORD104166,CUST04085,PROD00866,5,8997.28,20,5,37788.58,2026-08-19 16:23:00,Delivered,Refunded,PLT0001,2026-08-24 16:23:00,5,5
ORD104167,CUST02990,PROD00965,1,4689.23,20,18,4426.63,2026-08-17 12:52:00,Returned,Refunded,PLT0007,2026-08-30 12:52:00,1,1
ORD104168,CUST04630,PROD04573,3,3900.16,0,12,13104.54,2026-06-06 02:38:00,In Transit,Paid,PLT0029,2026-06-13 02:38:00,3,3
ORD104169,CUST04638,PROD01429,2,10261.01,0,28,26268.19,2026-04-06 12:39:00,Placed,Paid,PLT0001,2026-04-20 12:39:00,2,2
ORD104170,CUST03789,PROD04380,3,8139.58,10,5,23075.71,2026-04-01 03:32:00,Cancelled,Paid,PLT0003,2026-04-09 03:32:00,3,1
ORD104171,CUST01871,PROD04702,3,1265.49,15,18,3807.86,2026-07-01 09:34:00,Delivered,Pending,PLT0027,2026-07-15 09:34:00,3,3
ORD104172,CUST01132,PROD00569,5,14475.12,20,28,74112.61,2026-02-10 02:28:00,Placed,Paid,PLT0027,2026-02-24 02:28:00,5,5
ORD104173,CUST01454,PROD02031,4,3248.75,5,12,13826.68,2026-08-25 20:50:00,Delivered,Paid,PLT0007,2026-09-07 20:50:00,4,4
ORD104174,CUST04779,PROD00225,5,4315.72,15,28,23477.52,2026-02-23 23:58:00,Delivered,Refunded,PLT0002,2026-03-06 23:58:00,5,2
ORD104175,CUST01091,PROD02643,2,12530.0,5,18,28092.26,2026-02-15 12:34:00,In Transit,Failed,PLT0003,2026-02-27 12:34:00,2,2
ORD104176,CUST03941,PROD00608,2,5890.89,5,28,14326.64,2026-02-23 13:17:00,Delivered,Failed,PLT0004,2026-02-28 13:17:00,2,1
ORD104177,CUST04303,PROD00167,5,5199.4,0,18,30676.46,2026-07-06 12:01:00,Placed,Paid,PLT0027,2026-07-17 12:01:00,5,5
ORD104178,CUST00320,PROD01271,4,11149.21,5,28,54229.76,2026-07-25 22:13:00,Cancelled,Paid,PLT0003,2026-08-06 22:13:00,4,4
ORD104179,CUST04837,PROD03715,5,15841.73,0,5,83169.08,2026-04-08 15:59:00,Cancelled,Paid,PLT0007,2026-04-20 15:59:00,5,2
ORD104180,CUST01174,PROD00704,2,2236.19,0,28,5724.65,2026-05-25 00:43:00,In Transit,Failed,PLT0009,2026-06-04 00:43:00,2,2
ORD104181,CUST04276,PROD00145,4,4627.96,10,5,17493.69,2026-08-06 03:04:00,Packed,Paid,PLT0008,2026-08-15 03:04:00,4,4
ORD104182,CUST01928,PROD02881,2,5370.88,5,18,12041.51,2026-04-26 17:27:00,Returned,Failed,PLT0027,2026-04-29 17:27:00,2,2
ORD104183,CUST04711,PROD04268,4,1076.0,10,5,4067.28,2026-05-31 18:04:00,Returned,Failed,PLT0009,2026-06-12 18:04:00,4,4
ORD104184,CUST04420,PROD00718,4,15442.93,0,28,79067.8,2026-04-09 09:06:00,Delivered,Paid,PLT0000,2026-04-15 09:06:00,4,4
ORD104185,CUST03245,PROD02173,5,2879.61,5,5,14362.05,2026-09-23 08:19:00,In Transit,Pending,PLT0000,2026-10-02 08:19:00,5,5
ORD104186,CUST01726,PROD03767,5,9576.7,15,18,48027.15,2026-02-06 12:22:00,Cancelled,Pending,PLT0003,2026-02-18 12:22:00,5,5
ORD104187,CUST04735,PROD04710,5,10414.08,0,28,66650.11,2026-03-26 17:46:00,Cancelled,Refunded,PLT0008,2026-04-06 17:46:00,5,3
ORD104188,CUST00772,PROD03438,4,9588.94,20,5,32218.84,2026-06-27 04:19:00,Delivered,Paid,PLT0028,2026-07-09 04:19:00,4,4
ORD104189,CUST00320,PROD00421,4,12685.11,0,5,53277.46,2026-03-01 18:42:00,In Transit,Refunded,PLT0026,2026-03-04 18:42:00,4,4
ORD104190,CUST03437,PROD02727,2,1143.55,5,12,2433.47,2026-08-14 17:25:00,In Transit,Failed,PLT0028,2026-08-22 17:25:00,2,2
ORD104191,CUST01463,PROD03089,3,9367.52,0,5,29507.69,2026-07-11 15:25:00,Delivered,Failed,PLT0005,2026-07-19 15:25:00,3,3
ORD104192,CUST00256,PROD01152,5,13407.51,20,12,60065.64,2026-02-07 19:45:00,Delivered,Failed,PLT0002,2026-02-21 19:45:00,5,5
ORD104193,CUST02265,PROD01993,2,9801.58,15,18,19661.97,2026-04-02 19:26:00,Placed,Refunded,PLT0008,2026-04-07 19:26:00,2,2
ORD104194,CUST03514,PROD01778,2,7056.89,10,12,14226.69,2026-04-28 23:54:00,Delivered,Failed,PLT0026,2026-05-10 23:54:00,2,2
ORD104195,CUST03769,PROD00289,1,4655.01,15,18,4668.98,2026-03-19 08:56:00,In Transit,Paid,PLT0000,2026-03-31 08:56:00,1,1
ORD104196,CUST04603,PROD04840,5,4455.41,0,5,23390.9,2026-09-16 11:48:00,In Transit,Refunded,PLT0001,2026-09-22 11:48:00,5,5
ORD104197,CUST03398,PROD02094,2,8419.94,20,5,14145.5,2026-05-24 07:56:00,Shipped,Paid,PLT0008,2026-05-27 07:56:00,2,2
ORD104198,CUST01610,PROD03758,1,5538.51,10,12,5582.82,2026-04-02 20:26:00,Delivered,Paid,PLT0006,2026-04-11 20:26:00,1,1
ORD104199,CUST00331,PROD04725,5,3591.2,20,18,16950.46,2026-06-07 07:09:00,In Transit,Failed,PLT0005,2026-06-11 07:09:00,5,5
ORD104200,CUST01824,PROD03690,4,403.57,15,5,1440.74,2026-04-28 16:26:00,In Transit,Paid,PLT0000,2026-05-01 16:26:00,4,4
ORD104201,CUST04447,PROD03310,1,7480.39,0,12,8378.04,2026-08-02 05:17:00,Delivered,Paid,PLT0007,2026-08-10 05:17:00,1,1
ORD104202,CUST00521,PROD04221,4,4992.56,0,12,22366.67,2026-03-29 00:39:00,Placed,Pending,PLT0003,2026-04-05 00:39:00,4,4
ORD104203,CUST03175,PROD04315,3,15536.95,10,12,46983.74,2026-03-13 15:48:00,Delivered,Paid,PLT0029,2026-03-26 15:48:00,3,3
ORD104204,CUST04742,PROD02759,3,11351.77,10,5,32182.27,2026-07-17 03:39:00,Returned,Paid,PLT0002,2026-07-27 03:39:00,3,3
ORD104205,CUST00553,PROD02179,3,11135.99,10,18,35479.26,2026-01-28 08:16:00,Delivered,Paid,PLT0002,2026-01-31 08:16:00,3,3
ORD104206,CUST04682,PROD01618,3,10622.24,0,5,33460.06,2026-04-02 21:52:00,Delivered,Failed,PLT0000,2026-04-05 21:52:00,3,2
ORD104207,CUST02109,PROD02139,2,3078.85,15,28,6699.58,2026-02-24 06:42:00,In Transit,Refunded,PLT0004,2026-03-08 06:42:00,2,2
ORD104208,CUST04468,PROD03158,3,1116.7,10,28,3859.32,2026-09-11 17:12:00,In Transit,Paid,PLT0025,2026-09-14 17:12:00,3,2
ORD104209,CUST03219,PROD02244,2,15926.46,0,5,33445.57,2026-05-19 15:12:00,Returned,Paid,PLT0028,2026-05-31 15:12:00,2,1
ORD104210,CUST03930,PROD02662,2,14093.49,10,18,29934.57,2026-09-10 12:25:00,Placed,Paid,PLT0006,2026-09-23 12:25:00,2,1
ORD104211,CUST00321,PROD04146,5,10430.63,10,12,52570.38,2026-02-13 07:31:00,Shipped,Paid,PLT0004,2026-02-18 07:31:00,5,5
ORD104212,CUST03832,PROD01275,2,7739.06,20,28,15849.59,2026-03-09 23:44:00,Delivered,Paid,PLT0028,2026-03-22 23:44:00,2,1
ORD104213,CUST03112,PROD02656,2,6721.42,10,28,15486.15,2026-02-15 04:13:00,Delivered,Refunded,PLT0001,2026-02-24 04:13:00,2,2
ORD104214,CUST04406,PROD02120,3,14129.42,0,5,44507.67,2026-02-13 21:24:00,Cancelled,Paid,PLT0007,2026-02-26 21:24:00,3,1
ORD104215,CUST03334,PROD03301,2,6991.21,15,28,15212.87,2026-08-06 20:25:00,Packed,Paid,PLT0007,2026-08-18 20:25:00,2,2
ORD104216,CUST02101,PROD01686,4,13805.03,0,28,70681.75,2026-04-12 09:46:00,Shipped,Refunded,PLT0029,2026-04-23 09:46:00,4,2
ORD104217,CUST02233,PROD03907,3,8273.12,0,12,27797.68,2026-08-23 16:13:00,Cancelled,Paid,PLT0005,2026-08-29 16:13:00,3,3
ORD104218,CUST02246,PROD01702,1,6975.72,10,12,7031.53,2026-08-07 13:54:00,Returned,Paid,PLT0007,2026-08-12 13:54:00,1,1
ORD104219,CUST04806,PROD02035,3,9774.58,20,18,27681.61,2026-05-03 13:57:00,Placed,Paid,PLT0025,2026-05-10 13:57:00,3,3
ORD104220,CUST00527,PROD01800,2,291.52,5,28,708.98,2026-04-21 10:52:00,Delivered,Failed,PLT0028,2026-05-03 10:52:00,2,2
ORD104221,CUST00984,PROD00081,4,13822.34,5,18,61979.37,2026-08-08 16:41:00,Delivered,Pending,PLT0025,2026-08-19 16:41:00,4,4
ORD104222,CUST04471,PROD00343,3,2852.91,5,18,9594.34,2026-07-18 23:17:00,Delivered,Failed,PLT0001,2026-08-01 23:17:00,3,1
ORD104223,CUST02876,PROD01825,4,10337.08,0,12,46310.12,2026-06-24 00:14:00,Delivered,Paid,PLT0027,2026-07-03 00:14:00,4,4
ORD104224,CUST00671,PROD00057,1,1506.03,10,12,1518.08,2026-05-03 00:13:00,Returned,Paid,PLT0027,2026-05-15 00:13:00,1,1
ORD104225,CUST00347,PROD02232,1,864.47,5,5,862.31,2026-03-25 02:45:00,Delivered,Pending,PLT0028,2026-04-06 02:45:00,1,1
ORD104226,CUST00867,PROD03739,5,12085.5,0,12,67678.8,2026-02-14 06:14:00,Delivered,Paid,PLT0029,2026-02-25 06:14:00,5,5
ORD104227,CUST02811,PROD00812,5,13437.48,0,18,79281.13,2026-04-21 06:45:00,Cancelled,Paid,PLT0025,2026-04-27 06:45:00,5,5
ORD104228,CUST02153,PROD03123,3,1093.17,0,28,4197.77,2026-07-25 17:47:00,Returned,Paid,PLT0025,2026-07-30 17:47:00,3,3
ORD104229,CUST01364,PROD03318,5,183.48,15,18,920.15,2026-06-03 02:27:00,Delivered,Paid,PLT0029,2026-06-06 02:27:00,5,5
ORD104230,CUST03608,PROD01242,4,12446.89,10,18,52874.39,2026-05-24 17:18:00,Returned,Paid,PLT0000,2026-06-04 17:18:00,4,3
ORD104231,CUST01436,PROD01930,5,1130.17,0,18,6668.0,2026-04-10 16:40:00,Shipped,Failed,PLT0008,2026-04-22 16:40:00,5,5
ORD104232,CUST02646,PROD02331,4,4194.95,0,12,18793.38,2026-03-19 07:57:00,Delivered,Pending,PLT0004,2026-03-27 07:57:00,4,4
ORD104233,CUST02739,PROD01447,5,11111.75,10,18,59003.39,2026-07-04 06:50:00,Returned,Paid,PLT0008,2026-07-12 06:50:00,5,5
ORD104234,CUST03764,PROD02999,5,4710.72,20,5,19785.02,2026-04-22 03:07:00,Delivered,Refunded,PLT0004,2026-04-29 03:07:00,5,3
ORD104235,CUST01873,PROD02028,5,15701.62,20,28,80392.29,2026-03-02 05:01:00,Delivered,Pending,PLT0000,2026-03-05 05:01:00,5,5
ORD104236,CUST00121,PROD00383,2,10099.19,15,12,19228.86,2026-05-13 04:16:00,Packed,Pending,PLT0008,2026-05-19 04:16:00,2,2
ORD104237,CUST00840,PROD00991,2,12809.71,10,18,27207.82,2026-07-01 05:13:00,Shipped,Paid,PLT0026,2026-07-15 05:13:00,2,2
ORD104238,CUST04130,PROD01031,5,687.42,20,5,2887.16,2026-05-20 21:42:00,Cancelled,Failed,PLT0007,2026-05-23 21:42:00,5,5
ORD104239,CUST00381,PROD04312,4,15058.99,15,28,65536.72,2026-05-16 07:00:00,Placed,Pending,PLT0027,2026-05-21 07:00:00,4,4
ORD104240,CUST04305,PROD00731,3,2710.83,5,18,9116.52,2026-07-05 04:39:00,Packed,Failed,PLT0003,2026-07-17 04:39:00,3,3
ORD104241,CUST04050,PROD04858,1,15014.22,5,28,18257.29,2026-09-08 12:39:00,Packed,Failed,PLT0026,2026-09-18 12:39:00,1,1
ORD104242,CUST01111,PROD02361,2,285.14,15,12,542.91,2026-06-12 08:43:00,Returned,Pending,PLT0027,2026-06-20 08:43:00,2,2
ORD104243,CUST02765,PROD00098,5,6896.9,10,12,34760.38,2026-06-14 14:52:00,In Transit,Failed,PLT0006,2026-06-21 14:52:00,5,5
ORD104244,CUST04122,PROD00032,1,2810.33,5,5,2803.3,2026-02-21 18:31:00,Delivered,Paid,PLT0005,2026-03-02 18:31:00,1,1
ORD104245,CUST02470,PROD00890,2,3965.44,10,12,7994.33,2026-08-06 22:58:00,Placed,Paid,PLT0000,2026-08-11 22:58:00,2,1
ORD104246,CUST01438,PROD00736,3,14046.49,20,5,35397.15,2026-06-11 16:35:00,Delivered,Paid,PLT0002,2026-06-22 16:35:00,3,1
ORD104247,CUST01838,PROD01115,4,9526.74,5,18,42717.9,2026-07-12 09:58:00,In Transit,Pending,PLT0025,2026-07-25 09:58:00,4,4
ORD104248,CUST00136,PROD04815,5,12333.14,20,28,63145.68,2026-07-16 07:30:00,Cancelled,Pending,PLT0003,2026-07-21 07:30:00,5,5
ORD104249,CUST01075,PROD02818,3,291.44,10,12,881.31,2026-09-10 14:07:00,Placed,Pending,PLT0004,2026-09-15 14:07:00,3,3
ORD104250,CUST01322,PROD01100,2,5665.99,10,28,13054.44,2026-08-21 07:02:00,Delivered,Paid,PLT0027,2026-08-29 07:02:00,2,1
ORD104251,CUST03895,PROD00423,5,1549.18,0,28,9914.75,2026-04-18 22:43:00,Delivered,Pending,PLT0027,2026-04-28 22:43:00,5,4
ORD104252,CUST01473,PROD03999,1,8525.06,15,18,8550.64,2026-01-31 02:26:00,Delivered,Paid,PLT0025,2026-02-04 02:26:00,1,1
ORD104253,CUST03972,PROD04118,4,6563.79,0,18,30981.09,2026-02-08 04:54:00,Delivered,Failed,PLT0008,2026-02-22 04:54:00,4,4
ORD104254,CUST03051,PROD00837,2,14645.05,15,12,27884.18,2026-04-24 19:21:00,Delivered,Refunded,PLT0005,2026-04-27 19:21:00,2,1
ORD104255,CUST01297,PROD04386,4,8969.19,10,18,38101.12,2026-07-13 03:43:00,Delivered,Paid,PLT0000,2026-07-22 03:43:00,4,4
ORD104256,CUST00940,PROD04056,5,356.59,10,28,2053.96,2026-06-04 10:47:00,Packed,Refunded,PLT0002,2026-06-12 10:47:00,5,5
ORD104257,CUST02817,PROD02393,3,6944.42,15,5,18593.68,2026-08-06 03:18:00,Delivered,Failed,PLT0008,2026-08-11 03:18:00,3,1
ORD104258,CUST01377,PROD00801,4,11344.09,10,5,42880.66,2026-06-01 08:11:00,Delivered,Paid,PLT0027,2026-06-14 08:11:00,4,3
ORD104259,CUST03991,PROD02486,1,15696.7,20,5,13185.23,2026-04-24 05:04:00,Packed,Refunded,PLT0007,2026-05-06 05:04:00,1,1
ORD104260,CUST01206,PROD03166,2,7907.42,5,12,16826.99,2026-07-26 07:59:00,Delivered,Pending,PLT0029,2026-08-08 07:59:00,2,2
ORD104261,CUST01978,PROD02851,1,10539.43,10,18,11192.87,2026-01-30 15:11:00,Shipped,Refunded,PLT0003,2026-02-02 15:11:00,1,1
ORD104262,CUST00566,PROD03409,4,3938.79,15,18,15802.43,2026-06-03 22:53:00,In Transit,Paid,PLT0001,2026-06-12 22:53:00,4,4
ORD104263,CUST00988,PROD03422,3,10016.52,15,18,30139.71,2026-07-25 23:48:00,Returned,Paid,PLT0026,2026-07-30 23:48:00,3,3
ORD104264,CUST02183,PROD01937,3,4389.15,15,18,13206.95,2026-06-01 10:05:00,Delivered,Paid,PLT0001,2026-06-12 10:05:00,3,3
ORD104265,CUST01816,PROD03692,1,8442.3,0,28,10806.14,2026-09-23 15:23:00,Packed,Pending,PLT0008,2026-10-06 15:23:00,1,1
ORD104266,CUST02353,PROD00364,5,8774.31,20,5,36852.1,2026-08-29 05:03:00,Delivered,Failed,PLT0029,2026-09-06 05:03:00,5,5
ORD104267,CUST00556,PROD04044,5,9947.3,20,28,50930.18,2026-08-31 00:29:00,Delivered,Paid,PLT0006,2026-09-12 00:29:00,5,5
ORD104268,CUST03163,PROD00305,3,11643.85,0,12,39123.34,2026-04-26 05:31:00,Placed,Refunded,PLT0006,2026-05-05 05:31:00,3,2
ORD104269,CUST03144,PROD02136,1,14254.1,20,5,11973.44,2026-09-20 13:31:00,Delivered,Pending,PLT0007,2026-09-29 13:31:00,1,1
ORD104270,CUST01916,PROD01931,1,9320.74,0,5,9786.78,2026-04-30 02:32:00,Packed,Failed,PLT0002,2026-05-09 02:32:00,1,1
ORD104271,CUST04442,PROD03890,1,6510.05,20,28,6666.29,2026-08-01 20:59:00,In Transit,Pending,PLT0029,2026-08-12 20:59:00,1,1
ORD104272,CUST01300,PROD01599,4,1460.97,0,12,6545.15,2026-05-19 22:14:00,Returned,Failed,PLT0025,2026-05-24 22:14:00,4,4
ORD104273,CUST03424,PROD03736,5,7587.27,0,12,42488.71,2026-08-12 08:13:00,Shipped,Paid,PLT0001,2026-08-23 08:13:00,5,5
ORD104274,CUST03785,PROD03010,5,923.19,20,5,3877.4,2026-09-08 16:33:00,Shipped,Pending,PLT0006,2026-09-20 16:33:00,5,5
ORD104275,CUST03598,PROD00665,4,1717.34,0,18,8105.84,2026-08-14 18:02:00,Delivered,Refunded,PLT0006,2026-08-19 18:02:00,4,4
ORD104276,CUST02994,PROD02091,2,12431.23,20,12,22276.76,2026-07-06 12:29:00,Returned,Paid,PLT0028,2026-07-15 12:29:00,2,1
ORD104277,CUST04774,PROD01934,4,9694.45,0,28,49635.58,2026-05-15 14:56:00,Packed,Refunded,PLT0006,2026-05-23 14:56:00,4,4
ORD104278,CUST03598,PROD03062,1,1562.87,15,12,1487.85,2026-05-04 23:45:00,Delivered,Pending,PLT0006,2026-05-14 23:45:00,1,1
ORD104279,CUST01081,PROD01962,4,6616.49,0,5,27789.26,2026-08-18 19:52:00,Placed,Failed,PLT0008,2026-08-30 19:52:00,4,2
ORD104280,CUST03811,PROD02632,1,11290.33,20,18,10658.07,2026-09-07 20:46:00,Packed,Paid,PLT0004,2026-09-14 20:46:00,1,1
ORD104281,CUST03611,PROD02880,3,3058.56,0,12,10276.76,2026-02-26 01:28:00,Placed,Failed,PLT0004,2026-03-01 01:28:00,3,3
ORD104282,CUST03819,PROD02153,1,11420.02,15,5,10192.37,2026-05-18 10:21:00,Packed,Paid,PLT0026,2026-05-23 10:21:00,1,1
ORD104283,CUST00898,PROD03507,5,15575.78,0,12,87224.37,2026-04-14 00:56:00,Packed,Paid,PLT0027,2026-04-24 00:56:00,5,2
ORD104284,CUST04685,PROD01355,4,7837.04,0,18,36990.83,2026-05-06 11:33:00,Placed,Paid,PLT0005,2026-05-11 11:33:00,4,3
ORD104285,CUST04170,PROD01033,1,3756.14,0,28,4807.86,2026-02-16 23:04:00,Delivered,Pending,PLT0006,2026-02-19 23:04:00,1,1
ORD104286,CUST02254,PROD01249,2,14740.48,20,5,24764.01,2026-05-28 23:21:00,Placed,Failed,PLT0003,2026-06-11 23:21:00,2,2
ORD104287,CUST03338,PROD04387,3,15359.68,0,5,48382.99,2026-03-06 14:55:00,Delivered,Refunded,PLT0027,2026-03-18 14:55:00,3,3
ORD104288,CUST00218,PROD02462,2,14096.0,5,18,31603.23,2026-04-02 05:40:00,Delivered,Paid,PLT0028,2026-04-09 05:40:00,2,2
ORD104289,CUST02888,PROD03754,2,11086.79,10,5,20954.03,2026-05-22 18:11:00,Shipped,Failed,PLT0028,2026-06-05 18:11:00,2,2
ORD104290,CUST01546,PROD03315,2,3559.91,5,18,7981.32,2026-07-23 21:01:00,Returned,Failed,PLT0008,2026-08-06 21:01:00,2,2
ORD104291,CUST02468,PROD03171,3,10516.26,20,5,26500.98,2026-06-12 06:39:00,Packed,Refunded,PLT0009,2026-06-21 06:39:00,3,3
ORD104292,CUST03229,PROD00292,3,692.84,20,18,1962.12,2026-03-20 07:18:00,Delivered,Refunded,PLT0006,2026-03-26 07:18:00,3,3
ORD104293,CUST02715,PROD00462,3,10421.44,0,12,35016.04,2026-04-15 15:38:00,Delivered,Paid,PLT0025,2026-04-18 15:38:00,3,3
ORD104294,CUST03608,PROD03990,3,13942.95,15,12,39821.07,2026-03-31 17:14:00,Delivered,Paid,PLT0000,2026-04-10 17:14:00,3,3
ORD104295,CUST02347,PROD02514,2,8214.88,0,12,18401.33,2026-06-18 05:28:00,Returned,Paid,PLT0009,2026-07-02 05:28:00,2,2
ORD104296,CUST00500,PROD04729,5,11901.45,10,5,56234.35,2026-04-09 21:20:00,Placed,Paid,PLT0025,2026-04-14 21:20:00,5,5
ORD104297,CUST03122,PROD00012,5,15520.57,0,18,91571.36,2026-09-16 12:48:00,Returned,Paid,PLT0027,2026-09-24 12:48:00,5,5
ORD104298,CUST04410,PROD04715,3,8253.71,15,18,24835.41,2026-03-23 15:00:00,Packed,Paid,PLT0026,2026-03-26 15:00:00,3,2
ORD104299,CUST01903,PROD00748,4,8741.49,20,28,35805.14,2026-06-24 16:42:00,Placed,Paid,PLT0026,2026-07-03 16:42:00,4,4
ORD104300,CUST02127,PROD01263,1,5033.76,10,12,5074.03,2026-05-21 14:24:00,Delivered,Paid,PLT0008,2026-05-25 14:24:00,1,1
ORD104301,CUST04375,PROD03118,4,317.55,5,28,1544.56,2026-08-10 03:08:00,In Transit,Pending,PLT0008,2026-08-18 03:08:00,4,4
ORD104302,CUST03578,PROD00884,4,1754.33,20,12,6287.52,2026-03-03 17:58:00,Delivered,Pending,PLT0002,2026-03-16 17:58:00,4,4
ORD104303,CUST04879,PROD04969,4,15317.44,20,28,62740.23,2026-04-03 06:56:00,Delivered,Pending,PLT0009,2026-04-09 06:56:00,4,2
ORD104304,CUST04129,PROD01855,5,14709.93,0,12,82375.61,2026-03-13 22:30:00,Packed,Paid,PLT0025,2026-03-16 22:30:00,5,5
ORD104305,CUST04012,PROD03060,1,15226.63,15,18,15272.31,2026-03-24 04:23:00,Cancelled,Paid,PLT0028,2026-04-04 04:23:00,1,1
ORD104306,CUST00769,PROD04546,4,13007.67,0,12,58274.36,2026-02-07 16:43:00,Shipped,Paid,PLT0025,2026-02-20 16:43:00,4,4
ORD104307,CUST03499,PROD00805,3,6842.68,0,5,21554.44,2026-06-27 11:38:00,Delivered,Failed,PLT0002,2026-07-07 11:38:00,3,3
ORD104308,CUST02379,PROD03022,5,6979.99,0,12,39087.94,2026-09-07 16:23:00,In Transit,Paid,PLT0027,2026-09-10 16:23:00,5,5
ORD104309,CUST03282,PROD00830,3,7289.27,20,12,19593.56,2026-04-08 23:07:00,Delivered,Paid,PLT0006,2026-04-21 23:07:00,3,3
ORD104310,CUST01297,PROD02438,3,5511.15,15,18,16583.05,2026-05-28 02:50:00,Delivered,Paid,PLT0029,2026-06-01 02:50:00,3,3
ORD104311,CUST01031,PROD00792,4,9420.05,0,5,39564.21,2026-06-18 09:07:00,Delivered,Paid,PLT0002,2026-06-28 09:07:00,4,4
ORD104312,CUST04628,PROD04458,3,2324.8,5,18,7818.3,2026-07-11 02:07:00,Delivered,Failed,PLT0003,2026-07-24 02:07:00,3,3
ORD104313,CUST00765,PROD03038,1,15686.86,10,28,18071.26,2026-07-05 16:14:00,Delivered,Paid,PLT0004,2026-07-08 16:14:00,1,1
ORD104314,CUST04076,PROD02436,3,6291.76,15,28,20536.3,2026-07-30 04:36:00,Delivered,Refunded,PLT0005,2026-08-08 04:36:00,3,2
ORD104315,CUST03935,PROD00465,4,15397.54,0,5,64669.67,2026-08-23 13:14:00,Returned,Pending,PLT0027,2026-09-06 13:14:00,4,4
ORD104316,CUST01582,PROD00473,3,785.24,15,28,2563.02,2026-05-02 05:24:00,Shipped,Paid,PLT0003,2026-05-05 05:24:00,3,3
ORD104317,CUST03192,PROD02547,5,1333.62,20,5,5601.2,2026-09-05 09:05:00,Delivered,Paid,PLT0027,2026-09-11 09:05:00,5,5
ORD104318,CUST00160,PROD04175,5,13989.53,0,12,78341.37,2026-05-08 23:19:00,Cancelled,Pending,PLT0004,2026-05-19 23:19:00,5,5
ORD104319,CUST02668,PROD04960,5,12013.97,10,28,69200.47,2026-03-27 18:30:00,Delivered,Failed,PLT0007,2026-03-31 18:30:00,5,5
ORD104320,CUST01978,PROD03291,2,1163.88,5,12,2476.74,2026-08-31 13:49:00,Returned,Refunded,PLT0007,2026-09-04 13:49:00,2,2
ORD104321,CUST04891,PROD02746,5,12522.02,0,18,73879.92,2026-02-14 19:32:00,Shipped,Failed,PLT0002,2026-02-22 19:32:00,5,5
ORD104322,CUST00017,PROD03562,5,13174.86,15,28,71671.24,2026-07-27 08:06:00,Delivered,Pending,PLT0007,2026-07-30 08:06:00,5,5
ORD104323,CUST04455,PROD00064,2,5771.38,0,18,13620.46,2026-02-18 01:50:00,Returned,Paid,PLT0002,2026-02-28 01:50:00,2,2
ORD104324,CUST00528,PROD04523,5,14260.47,10,18,75723.1,2026-03-22 19:02:00,Delivered,Paid,PLT0008,2026-03-26 19:02:00,5,5
ORD104325,CUST00700,PROD02049,4,8741.26,0,5,36713.29,2026-06-12 17:03:00,Delivered,Pending,PLT0026,2026-06-26 17:03:00,4,4
ORD104326,CUST00106,PROD03168,5,1774.75,10,18,9423.92,2026-03-14 07:33:00,Cancelled,Paid,PLT0001,2026-03-19 07:33:00,5,3
ORD104327,CUST00192,PROD04614,5,1832.32,5,5,9138.7,2026-08-28 09:53:00,Shipped,Pending,PLT0025,2026-08-31 09:53:00,5,5
ORD104328,CUST00262,PROD03023,2,10997.56,0,5,23094.88,2026-06-20 06:56:00,Shipped,Pending,PLT0002,2026-06-30 06:56:00,2,1
ORD104329,CUST03950,PROD02219,4,13975.79,0,5,58698.32,2026-08-07 06:07:00,Placed,Paid,PLT0004,2026-08-18 06:07:00,4,4
ORD104330,CUST03858,PROD02230,3,4867.71,0,5,15333.29,2026-08-08 13:27:00,Delivered,Paid,PLT0009,2026-08-21 13:27:00,3,3
ORD104331,CUST04428,PROD04895,1,6249.24,0,5,6561.7,2026-08-30 08:28:00,Placed,Refunded,PLT0003,2026-09-06 08:28:00,1,1
ORD104332,CUST01938,PROD02572,4,14506.16,0,12,64987.6,2026-09-01 23:11:00,Packed,Paid,PLT0028,2026-09-09 23:11:00,4,4
ORD104333,CUST00958,PROD03096,3,10791.12,10,5,30592.83,2026-06-26 19:41:00,Packed,Paid,PLT0026,2026-07-02 19:41:00,3,3
ORD104334,CUST04247,PROD04638,4,10629.79,0,28,54424.52,2026-04-14 14:00:00,Delivered,Refunded,PLT0006,2026-04-25 14:00:00,4,4
ORD104335,CUST01282,PROD03825,3,3423.04,0,5,10782.58,2026-08-08 13:31:00,Placed,Paid,PLT0025,2026-08-16 13:31:00,3,3
ORD104336,CUST03348,PROD03788,3,7476.31,10,12,22608.36,2026-01-28 03:26:00,Placed,Refunded,PLT0025,2026-02-08 03:26:00,3,3
ORD104337,CUST01666,PROD02954,4,7440.29,10,28,34284.86,2026-08-02 12:41:00,Shipped,Paid,PLT0006,2026-08-05 12:41:00,4,4
ORD104338,CUST03905,PROD03020,2,12560.78,15,28,27332.26,2026-08-11 21:12:00,Delivered,Failed,PLT0007,2026-08-22 21:12:00,2,2
ORD104339,CUST02050,PROD03510,4,1091.07,10,12,4399.19,2026-08-27 01:05:00,Returned,Paid,PLT0008,2026-08-30 01:05:00,4,4
ORD104340,CUST00580,PROD00545,4,9927.24,20,28,40661.98,2026-08-05 03:11:00,Delivered,Paid,PLT0027,2026-08-08 03:11:00,4,4
ORD104341,CUST04808,PROD01315,3,7290.86,5,12,23272.43,2026-04-17 13:30:00,Delivered,Failed,PLT0005,2026-04-30 13:30:00,3,3
ORD104342,CUST04424,PROD02015,1,8564.49,0,18,10106.1,2026-04-20 11:55:00,Cancelled,Pending,PLT0003,2026-04-23 11:55:00,1,1
ORD104343,CUST03971,PROD02390,3,11044.64,0,18,39098.03,2026-07-08 15:42:00,Cancelled,Paid,PLT0028,2026-07-21 15:42:00,3,3
ORD104344,CUST00391,PROD00142,5,4102.34,0,5,21537.28,2026-09-20 22:39:00,Cancelled,Refunded,PLT0007,2026-10-02 22:39:00,5,5
ORD104345,CUST01703,PROD00372,4,388.73,10,5,1469.4,2026-05-31 05:24:00,Delivered,Paid,PLT0007,2026-06-06 05:24:00,4,2
ORD104346,CUST01503,PROD00671,4,2855.64,10,5,10794.32,2026-05-24 04:25:00,Packed,Paid,PLT0008,2026-06-04 04:25:00,4,4
ORD104347,CUST01524,PROD02686,2,406.31,0,5,853.25,2026-07-10 16:55:00,Shipped,Paid,PLT0001,2026-07-14 16:55:00,2,2
ORD104348,CUST02603,PROD01094,3,8250.75,20,12,22178.02,2026-02-12 13:50:00,Placed,Paid,PLT0009,2026-02-16 13:50:00,3,3
ORD104349,CUST00464,PROD01465,2,15989.68,0,18,37735.64,2026-08-15 08:15:00,Shipped,Paid,PLT0004,2026-08-26 08:15:00,2,1
ORD104350,CUST04221,PROD00216,4,3871.26,0,12,17343.24,2026-04-19 21:53:00,Cancelled,Paid,PLT0004,2026-04-27 21:53:00,4,3
ORD104351,CUST00725,PROD02407,3,5896.04,5,28,21508.75,2026-09-22 02:31:00,Delivered,Pending,PLT0000,2026-09-30 02:31:00,3,3
ORD104352,CUST01630,PROD00208,3,10648.68,15,28,34757.29,2026-07-09 10:38:00,In Transit,Paid,PLT0027,2026-07-20 10:38:00,3,2
ORD104353,CUST01892,PROD00734,5,8415.74,5,28,51167.7,2026-06-30 22:35:00,Cancelled,Paid,PLT0002,2026-07-09 22:35:00,5,3
ORD104354,CUST01230,PROD02928,5,15758.25,0,28,100852.8,2026-06-23 17:00:00,Cancelled,Failed,PLT0009,2026-07-04 17:00:00,5,5
ORD104355,CUST01319,PROD00210,1,2655.85,0,28,3399.49,2026-08-11 03:05:00,Delivered,Paid,PLT0001,2026-08-17 03:05:00,1,1
ORD104356,CUST03890,PROD03955,5,3779.46,0,18,22298.81,2026-09-24 23:33:00,Delivered,Pending,PLT0029,2026-10-04 23:33:00,5,5
ORD104357,CUST02116,PROD03527,3,15570.92,15,12,44470.55,2026-05-11 00:35:00,Delivered,Paid,PLT0008,2026-05-25 00:35:00,3,3
ORD104358,CUST02385,PROD01352,5,9299.94,10,28,53567.65,2026-03-07 12:19:00,Cancelled,Paid,PLT0028,2026-03-21 12:19:00,5,5
ORD104359,CUST03025,PROD04863,1,1196.69,15,5,1068.05,2026-08-15 17:50:00,Delivered,Failed,PLT0001,2026-08-19 17:50:00,1,1
ORD104360,CUST02172,PROD02215,4,11653.07,5,18,52252.37,2026-09-13 14:52:00,In Transit,Paid,PLT0008,2026-09-25 14:52:00,4,4
ORD104361,CUST02868,PROD01399,5,9911.61,10,5,46832.36,2026-02-24 23:19:00,Packed,Paid,PLT0029,2026-03-01 23:19:00,5,5
ORD104362,CUST02324,PROD00191,3,1579.33,10,18,5031.75,2026-07-14 18:51:00,In Transit,Paid,PLT0026,2026-07-18 18:51:00,3,2
ORD104363,CUST02320,PROD00805,4,6842.68,5,18,30682.58,2026-02-11 15:31:00,Delivered,Paid,PLT0008,2026-02-18 15:31:00,4,4
ORD104364,CUST03951,PROD01211,3,6875.28,10,5,19491.42,2026-02-07 23:44:00,Delivered,Paid,PLT0002,2026-02-12 23:44:00,3,3
ORD104365,CUST01314,PROD00895,4,10721.55,0,5,45030.51,2026-08-16 07:42:00,Cancelled,Paid,PLT0005,2026-08-26 07:42:00,4,4
ORD104366,CUST03635,PROD03761,3,2005.27,5,28,7315.22,2026-05-20 13:57:00,Packed,Pending,PLT0007,2026-05-24 13:57:00,3,3
ORD104367,CUST04250,PROD01120,5,2158.29,5,5,10764.47,2026-09-06 17:35:00,Packed,Paid,PLT0000,2026-09-11 17:35:00,5,5
ORD104368,CUST04050,PROD01520,5,14838.85,0,12,83097.56,2026-05-25 19:42:00,Delivered,Paid,PLT0025,2026-06-06 19:42:00,5,5
ORD104369,CUST04913,PROD00346,1,9891.02,15,18,9920.69,2026-07-01 23:25:00,Shipped,Refunded,PLT0005,2026-07-08 23:25:00,1,1
ORD104370,CUST01432,PROD04851,4,15701.0,15,18,62992.41,2026-04-21 16:51:00,Delivered,Pending,PLT0008,2026-04-27 16:51:00,4,4
ORD104371,CUST02378,PROD02463,1,10011.15,15,28,10892.13,2026-03-25 22:06:00,In Transit,Pending,PLT0028,2026-04-07 22:06:00,1,1
ORD104372,CUST02316,PROD01823,2,9877.71,10,18,20980.26,2026-09-20 07:40:00,Delivered,Paid,PLT0008,2026-09-30 07:40:00,2,2
ORD104373,CUST03588,PROD02096,5,12705.39,0,5,66703.3,2026-02-08 00:16:00,Shipped,Pending,PLT0004,2026-02-12 00:16:00,5,3
ORD104374,CUST03766,PROD01426,4,15444.39,5,18,69252.64,2026-05-08 02:08:00,Shipped,Paid,PLT0006,2026-05-17 02:08:00,4,4
ORD104375,CUST00622,PROD01536,1,2036.99,5,18,2283.47,2026-02-10 09:40:00,In Transit,Failed,PLT0007,2026-02-13 09:40:00,1,1
ORD104376,CUST03733,PROD00201,1,10307.3,5,5,10281.53,2026-08-19 21:04:00,Returned,Paid,PLT0002,2026-09-01 21:04:00,1,1
ORD104377,CUST02555,PROD04242,2,6394.4,10,5,12085.42,2026-05-03 16:50:00,Delivered,Failed,PLT0001,2026-05-07 16:50:00,2,2
ORD104378,CUST00195,PROD01126,1,8857.63,10,18,9406.8,2026-06-19 04:41:00,Shipped,Refunded,PLT0026,2026-07-02 04:41:00,1,1
ORD104379,CUST03343,PROD02434,3,4684.65,20,12,12592.34,2026-07-17 02:36:00,Packed,Paid,PLT0028,2026-07-25 02:36:00,3,3
ORD104380,CUST03211,PROD00694,5,3953.31,15,5,17641.65,2026-07-09 16:54:00,Returned,Paid,PLT0009,2026-07-16 16:54:00,5,5
ORD104381,CUST04572,PROD04907,1,15455.73,20,12,13848.33,2026-09-20 19:23:00,Cancelled,Pending,PLT0000,2026-09-29 19:23:00,1,1
ORD104382,CUST03175,PROD04486,1,11901.12,20,12,10663.4,2026-08-27 00:04:00,In Transit,Paid,PLT0028,2026-09-07 00:04:00,1,1
ORD104383,CUST03682,PROD02945,2,12167.18,10,28,28033.18,2026-01-31 19:59:00,Cancelled,Refunded,PLT0025,2026-02-10 19:59:00,2,2
ORD104384,CUST04657,PROD03795,3,614.85,15,12,1756.01,2026-05-04 08:33:00,Delivered,Paid,PLT0002,2026-05-17 08:33:00,3,3
ORD104385,CUST04734,PROD03732,1,15491.41,15,28,16854.65,2026-04-11 13:02:00,In Transit,Pending,PLT0000,2026-04-18 13:02:00,1,1
ORD104386,CUST02137,PROD04195,5,9943.85,5,12,52901.28,2026-05-15 17:20:00,Cancelled,Paid,PLT0002,2026-05-24 17:20:00,5,5
ORD104387,CUST01030,PROD03889,5,10113.15,10,28,58251.74,2026-06-26 08:53:00,Shipped,Paid,PLT0027,2026-07-02 08:53:00,5,5
ORD104388,CUST00048,PROD01729,1,13041.13,15,5,11639.21,2026-04-14 01:02:00,Cancelled,Failed,PLT0003,2026-04-21 01:02:00,1,1
ORD104389,CUST03080,PROD02366,3,794.45,20,18,2249.88,2026-02-10 08:04:00,Delivered,Paid,PLT0009,2026-02-17 08:04:00,3,3
ORD104390,CUST00989,PROD00905,5,6799.65,0,18,40117.94,2026-05-15 10:52:00,Packed,Failed,PLT0009,2026-05-25 10:52:00,5,5
ORD104391,CUST01792,PROD01962,5,6616.49,0,28,42345.54,2026-09-22 07:13:00,In Transit,Refunded,PLT0029,2026-09-28 07:13:00,5,5
ORD104392,CUST03870,PROD03653,3,13257.09,10,5,37583.85,2026-04-26 18:31:00,Packed,Paid,PLT0027,2026-05-02 18:31:00,3,3
ORD104393,CUST03515,PROD01222,3,2500.82,5,28,9122.99,2026-04-30 05:29:00,Delivered,Paid,PLT0001,2026-05-06 05:29:00,3,3
ORD104394,CUST04992,PROD01704,1,8146.66,5,28,9906.34,2026-04-21 17:44:00,Returned,Paid,PLT0027,2026-05-02 17:44:00,1,1
ORD104395,CUST04358,PROD00324,4,4549.95,15,5,16243.32,2026-05-06 17:49:00,Delivered,Paid,PLT0005,2026-05-09 17:49:00,4,3
ORD104396,CUST01355,PROD03744,2,983.13,10,12,1981.99,2026-05-03 15:27:00,Shipped,Failed,PLT0007,2026-05-12 15:27:00,2,2
ORD104397,CUST01566,PROD01851,4,4644.92,0,12,20809.24,2026-09-21 08:44:00,Placed,Paid,PLT0005,2026-09-28 08:44:00,4,4
ORD104398,CUST03709,PROD02584,4,7243.66,20,5,24338.7,2026-08-20 11:28:00,Cancelled,Paid,PLT0003,2026-08-25 11:28:00,4,4
ORD104399,CUST03079,PROD04039,5,10583.83,15,28,57576.04,2026-04-19 23:53:00,Packed,Failed,PLT0026,2026-04-27 23:53:00,5,4
ORD104400,CUST00700,PROD00816,3,8348.53,20,18,23643.04,2026-06-03 12:57:00,In Transit,Paid,PLT0028,2026-06-14 12:57:00,3,3
ORD104401,CUST04595,PROD01737,5,7250.58,15,28,39443.16,2026-09-01 09:30:00,Returned,Failed,PLT0028,2026-09-11 09:30:00,5,5
ORD104402,CUST01073,PROD03197,2,15062.82,0,12,33740.72,2026-06-28 15:32:00,Delivered,Paid,PLT0002,2026-07-09 15:32:00,2,2
ORD104403,CUST02599,PROD00563,1,2267.31,20,5,1904.54,2026-02-21 12:58:00,Cancelled,Pending,PLT0009,2026-03-04 12:58:00,1,1
ORD104404,CUST04957,PROD04106,2,10653.81,10,5,20135.7,2026-07-31 03:56:00,Cancelled,Pending,PLT0008,2026-08-12 03:56:00,2,2
ORD104405,CUST01674,PROD03643,5,7541.3,20,5,31673.46,2026-06-10 03:09:00,Returned,Paid,PLT0001,2026-06-17 03:09:00,5,5
ORD104406,CUST00244,PROD03821,5,5677.02,20,12,25433.05,2026-04-01 07:53:00,Delivered,Refunded,PLT0002,2026-04-05 07:53:00,5,3
ORD104407,CUST04462,PROD02082,5,1135.75,15,28,6178.48,2026-06-26 09:48:00,Delivered,Paid,PLT0025,2026-06-29 09:48:00,5,5
ORD104408,CUST04034,PROD04734,5,14867.05,0,5,78052.01,2026-06-08 10:41:00,Placed,Pending,PLT0008,2026-06-21 10:41:00,5,4
ORD104409,CUST04242,PROD04075,4,10951.27,0,18,51689.99,2026-03-24 23:18:00,Cancelled,Paid,PLT0029,2026-03-29 23:18:00,4,4
ORD104410,CUST04045,PROD04211,1,1776.19,20,5,1492.0,2026-04-23 00:34:00,Delivered,Paid,PLT0025,2026-05-01 00:34:00,1,1
ORD104411,CUST04619,PROD04853,4,12425.23,0,28,63617.18,2026-05-05 23:53:00,Delivered,Failed,PLT0007,2026-05-15 23:53:00,4,4
ORD104412,CUST00239,PROD02948,5,8190.36,5,12,43572.72,2026-08-12 23:59:00,In Transit,Paid,PLT0025,2026-08-24 23:59:00,5,5
ORD104413,CUST04917,PROD01712,3,1074.46,0,18,3803.59,2026-08-03 05:59:00,In Transit,Pending,PLT0027,2026-08-17 05:59:00,3,3
ORD104414,CUST00574,PROD02978,4,280.55,0,18,1324.2,2026-02-16 07:19:00,Delivered,Refunded,PLT0003,2026-02-23 07:19:00,4,4
ORD104415,CUST01449,PROD01336,5,10439.18,15,5,46584.84,2026-01-28 20:16:00,Packed,Paid,PLT0003,2026-02-10 20:16:00,5,5
ORD104416,CUST04099,PROD02630,5,6262.62,20,28,32064.61,2026-04-26 09:14:00,Packed,Paid,PLT0007,2026-05-10 09:14:00,5,5
ORD104417,CUST00629,PROD04371,1,3315.47,5,5,3307.18,2026-09-11 02:41:00,Shipped,Refunded,PLT0029,2026-09-25 02:41:00,1,1
ORD104418,CUST01444,PROD02612,2,159.74,15,18,320.44,2026-06-04 11:39:00,In Transit,Paid,PLT0007,2026-06-07 11:39:00,2,2
ORD104419,CUST00676,PROD02023,4,14994.48,10,5,56679.13,2026-04-19 13:42:00,Delivered,Paid,PLT0006,2026-04-23 13:42:00,4,4
ORD104420,CUST01322,PROD02609,4,11339.93,0,28,58060.44,2026-02-14 14:03:00,Delivered,Paid,PLT0028,2026-02-21 14:03:00,4,4
ORD104421,CUST03325,PROD02652,4,5961.44,0,12,26707.25,2026-09-16 06:26:00,Delivered,Paid,PLT0003,2026-09-22 06:26:00,4,4
ORD104422,CUST01780,PROD04674,5,1889.19,15,18,9474.29,2026-05-06 07:39:00,Shipped,Failed,PLT0008,2026-05-09 07:39:00,5,5
ORD104423,CUST02590,PROD02790,1,15916.63,0,28,20373.29,2026-02-11 23:48:00,Returned,Refunded,PLT0007,2026-02-14 23:48:00,1,1
ORD104424,CUST04550,PROD00983,5,1793.91,20,5,7534.42,2026-03-04 08:50:00,Delivered,Refunded,PLT0002,2026-03-14 08:50:00,5,5
ORD104425,CUST00915,PROD02580,5,10399.3,0,18,61355.87,2026-09-08 05:47:00,Placed,Paid,PLT0008,2026-09-13 05:47:00,5,5
ORD104426,CUST02993,PROD02214,3,15407.68,20,5,38827.35,2026-09-19 14:05:00,Delivered,Paid,PLT0005,2026-10-02 14:05:00,3,3
ORD104427,CUST03559,PROD00864,1,7107.13,10,5,6716.24,2026-09-02 06:10:00,Delivered,Paid,PLT0008,2026-09-13 06:10:00,1,1
ORD104428,CUST03918,PROD02389,4,11317.82,5,12,48168.64,2026-09-21 07:19:00,Cancelled,Paid,PLT0006,2026-09-29 07:19:00,4,4
ORD104429,CUST00615,PROD02033,2,7475.53,0,5,15698.61,2026-07-11 06:52:00,Shipped,Pending,PLT0004,2026-07-16 06:52:00,2,2
ORD104430,CUST00276,PROD03449,4,9530.22,15,5,34022.89,2026-04-28 10:59:00,Placed,Failed,PLT0007,2026-05-10 10:59:00,4,2
ORD104431,CUST01418,PROD00443,5,6049.91,15,28,32911.51,2026-03-27 01:42:00,Delivered,Pending,PLT0003,2026-04-03 01:42:00,5,5
ORD104432,CUST03185,PROD02367,1,2054.75,20,5,1725.99,2026-06-10 18:57:00,Delivered,Refunded,PLT0000,2026-06-15 18:57:00,1,1
ORD104433,CUST01404,PROD01966,1,9444.53,10,12,9520.09,2026-03-02 06:29:00,Cancelled,Refunded,PLT0029,2026-03-07 06:29:00,1,1
ORD104434,CUST01397,PROD04486,1,11901.12,10,5,11246.56,2026-07-28 06:41:00,Delivered,Paid,PLT0000,2026-08-07 06:41:00,1,1
ORD104435,CUST02660,PROD04040,3,9286.13,0,5,29251.31,2026-07-31 19:50:00,Placed,Failed,PLT0004,2026-08-07 19:50:00,3,3
ORD104436,CUST00837,PROD01042,4,12671.5,5,5,50559.28,2026-08-31 12:12:00,Delivered,Failed,PLT0025,2026-09-05 12:12:00,4,2
ORD104437,CUST04980,PROD02351,3,10212.93,15,18,30730.71,2026-06-17 16:10:00,Delivered,Paid,PLT0006,2026-06-29 16:10:00,3,3
ORD104438,CUST01637,PROD01928,2,7746.47,20,12,13881.67,2026-07-12 17:22:00,Placed,Pending,PLT0025,2026-07-17 17:22:00,2,2
ORD104439,CUST01573,PROD00019,5,6966.93,10,18,36994.4,2026-02-12 01:29:00,In Transit,Refunded,PLT0007,2026-02-16 01:29:00,5,5
ORD104440,CUST02597,PROD04429,3,2945.6,15,12,8412.63,2026-06-10 07:51:00,Cancelled,Paid,PLT0005,2026-06-21 07:51:00,3,3
ORD104441,CUST03435,PROD04200,3,9910.98,20,12,26640.71,2026-04-18 12:52:00,Delivered,Paid,PLT0001,2026-04-25 12:52:00,3,3
ORD104442,CUST01070,PROD02410,5,7317.63,0,28,46832.83,2026-02-27 16:28:00,Placed,Pending,PLT0029,2026-03-09 16:28:00,5,5
ORD104443,CUST04158,PROD04575,1,12183.09,15,18,12219.64,2026-09-01 13:11:00,Packed,Paid,PLT0027,2026-09-06 13:11:00,1,1
ORD104444,CUST02361,PROD03313,5,11368.37,5,12,60479.73,2026-07-15 08:41:00,Delivered,Failed,PLT0008,2026-07-19 08:41:00,5,5
ORD104445,CUST02381,PROD00267,4,11181.55,20,12,40074.68,2026-02-03 17:15:00,Placed,Failed,PLT0026,2026-02-12 17:15:00,4,4
ORD104446,CUST01883,PROD03492,5,9747.87,5,28,59267.05,2026-08-13 03:22:00,Delivered,Refunded,PLT0026,2026-08-18 03:22:00,5,5
ORD104447,CUST03992,PROD02156,1,3913.0,15,18,3924.74,2026-04-25 12:40:00,Delivered,Failed,PLT0026,2026-05-04 12:40:00,1,1
ORD104448,CUST01502,PROD00974,5,3516.55,0,5,18461.89,2026-03-03 09:38:00,Cancelled,Failed,PLT0005,2026-03-16 09:38:00,5,3
ORD104449,CUST04433,PROD02445,3,7102.02,5,28,25908.17,2026-07-07 16:10:00,Placed,Paid,PLT0002,2026-07-17 16:10:00,3,3
ORD104450,CUST01505,PROD02460,2,6487.28,10,12,13078.36,2026-02-22 07:46:00,Delivered,Paid,PLT0007,2026-03-07 07:46:00,2,2
ORD104451,CUST04097,PROD01264,3,7337.0,20,18,20778.38,2026-06-25 23:33:00,Cancelled,Paid,PLT0007,2026-07-04 23:33:00,3,3
ORD104452,CUST02082,PROD02972,2,2691.26,15,12,5124.16,2026-02-04 12:16:00,Returned,Paid,PLT0004,2026-02-11 12:16:00,2,2
ORD104453,CUST00230,PROD00409,5,14494.57,0,28,92765.25,2026-01-30 15:56:00,Cancelled,Paid,PLT0004,2026-02-05 15:56:00,5,5
ORD104454,CUST00814,PROD04652,4,11506.69,10,28,53022.83,2026-08-08 05:08:00,Packed,Paid,PLT0005,2026-08-19 05:08:00,4,4
ORD104455,CUST01375,PROD03127,5,10797.66,15,18,54150.26,2026-09-18 08:20:00,Shipped,Pending,PLT0003,2026-09-23 08:20:00,5,4
ORD104456,CUST02907,PROD04744,1,15908.85,0,28,20363.33,2026-02-23 15:05:00,In Transit,Refunded,PLT0001,2026-03-03 15:05:00,1,1
ORD104457,CUST01087,PROD01574,5,13817.47,10,28,79588.63,2026-07-23 16:52:00,Cancelled,Paid,PLT0029,2026-07-27 16:52:00,5,5
ORD104458,CUST00479,PROD02034,2,15553.88,5,5,31029.99,2026-05-02 08:24:00,Shipped,Failed,PLT0025,2026-05-10 08:24:00,2,2
ORD104459,CUST00354,PROD04071,3,5255.84,15,12,15010.68,2026-08-23 01:11:00,Returned,Paid,PLT0003,2026-08-30 01:11:00,3,3
ORD104460,CUST02174,PROD02720,4,474.16,15,5,1692.75,2026-09-25 18:03:00,Cancelled,Failed,PLT0029,2026-10-07 18:03:00,4,4
ORD104461,CUST02012,PROD03980,5,6874.33,5,5,34285.72,2026-03-17 19:01:00,In Transit,Paid,PLT0028,2026-03-26 19:01:00,5,5
ORD104462,CUST01526,PROD04702,5,1265.49,0,18,7466.39,2026-08-09 20:11:00,Delivered,Paid,PLT0008,2026-08-16 20:11:00,5,5
ORD104463,CUST00382,PROD00400,3,12096.23,10,28,41804.57,2026-08-20 16:17:00,Cancelled,Pending,PLT0026,2026-09-02 16:17:00,3,3
ORD104464,CUST04609,PROD00827,4,5605.9,5,12,23858.71,2026-03-19 09:03:00,Delivered,Paid,PLT0006,2026-03-22 09:03:00,4,4
ORD104465,CUST00570,PROD02674,5,3266.52,15,12,15548.64,2026-04-10 23:18:00,Returned,Pending,PLT0009,2026-04-16 23:18:00,5,5
ORD104466,CUST04431,PROD02913,5,11695.58,10,12,58945.72,2026-07-29 19:20:00,Delivered,Paid,PLT0005,2026-08-12 19:20:00,5,4
ORD104467,CUST01284,PROD00138,2,11277.0,10,28,25982.21,2026-03-01 03:16:00,Delivered,Paid,PLT0027,2026-03-11 03:16:00,2,2
ORD104468,CUST04099,PROD04336,2,966.59,0,12,2165.16,2026-08-21 07:28:00,Delivered,Paid,PLT0008,2026-08-26 07:28:00,2,2
ORD104469,CUST00965,PROD04472,1,15864.37,15,12,15102.88,2026-05-12 04:14:00,Shipped,Refunded,PLT0028,2026-05-26 04:14:00,1,1
ORD104470,CUST01258,PROD00009,3,9656.73,0,28,37081.84,2026-05-27 22:17:00,Delivered,Pending,PLT0027,2026-06-03 22:17:00,3,2
ORD104471,CUST02390,PROD03507,4,15575.78,0,18,73517.68,2026-08-10 02:13:00,Delivered,Failed,PLT0027,2026-08-17 02:13:00,4,4
ORD104472,CUST03945,PROD01656,5,14996.63,0,12,83981.13,2026-06-06 23:57:00,In Transit,Paid,PLT0002,2026-06-18 23:57:00,5,5
ORD104473,CUST03255,PROD04693,5,5570.06,0,28,35648.38,2026-04-16 12:52:00,Placed,Refunded,PLT0008,2026-04-28 12:52:00,5,5
ORD104474,CUST03432,PROD02784,1,12709.97,0,5,13345.47,2026-09-10 10:06:00,Delivered,Failed,PLT0000,2026-09-15 10:06:00,1,1
ORD104475,CUST03532,PROD04265,5,10588.08,0,28,67763.71,2026-03-15 20:59:00,Delivered,Paid,PLT0000,2026-03-21 20:59:00,5,3
ORD104476,CUST03822,PROD02362,3,6809.34,10,5,19304.48,2026-03-16 07:42:00,Cancelled,Paid,PLT0005,2026-03-27 07:42:00,3,3
ORD104477,CUST04204,PROD02723,1,12506.98,5,28,15208.49,2026-08-29 23:09:00,Packed,Pending,PLT0028,2026-09-01 23:09:00,1,1
ORD104478,CUST01690,PROD02225,3,296.22,5,12,945.53,2026-03-04 11:12:00,Cancelled,Failed,PLT0026,2026-03-17 11:12:00,3,3
ORD104479,CUST00214,PROD02845,1,9275.25,0,18,10944.8,2026-04-29 02:16:00,Cancelled,Paid,PLT0027,2026-05-08 02:16:00,1,1
ORD104480,CUST01579,PROD00056,5,14756.8,10,18,78358.61,2026-05-22 08:17:00,Delivered,Paid,PLT0027,2026-06-04 08:17:00,5,3
ORD104481,CUST00799,PROD02627,1,1518.7,0,12,1700.94,2026-04-14 09:39:00,Packed,Refunded,PLT0028,2026-04-20 09:39:00,1,1
ORD104482,CUST04016,PROD01482,2,2010.32,20,5,3377.34,2026-08-08 19:45:00,Delivered,Paid,PLT0001,2026-08-12 19:45:00,2,2
ORD104483,CUST01389,PROD04941,4,5534.4,0,28,28336.13,2026-05-08 11:48:00,Returned,Pending,PLT0009,2026-05-17 11:48:00,4,4
ORD104484,CUST04889,PROD03187,5,5773.49,15,12,27481.81,2026-04-08 03:30:00,Delivered,Paid,PLT0009,2026-04-11 03:30:00,5,3
ORD104485,CUST02184,PROD02818,4,291.44,10,28,1342.96,2026-05-28 17:01:00,Cancelled,Paid,PLT0005,2026-06-10 17:01:00,4,4
ORD104486,CUST00412,PROD01958,5,6796.84,15,12,32352.96,2026-06-14 00:42:00,Delivered,Refunded,PLT0004,2026-06-18 00:42:00,5,3
ORD104487,CUST04993,PROD03954,4,2252.81,15,12,8578.7,2026-08-19 20:32:00,Delivered,Paid,PLT0029,2026-08-25 20:32:00,4,2
ORD104488,CUST01770,PROD00377,2,13532.52,0,28,34643.25,2026-05-09 13:15:00,Returned,Refunded,PLT0029,2026-05-16 13:15:00,2,2
ORD104489,CUST03896,PROD02083,4,7475.51,10,18,31755.97,2026-02-14 02:30:00,Delivered,Paid,PLT0029,2026-02-24 02:30:00,4,4
ORD104490,CUST02870,PROD03884,1,3604.09,15,18,3614.9,2026-08-15 18:28:00,Packed,Paid,PLT0028,2026-08-25 18:28:00,1,1
ORD104491,CUST00659,PROD03367,4,5258.74,10,5,19878.04,2026-03-25 02:59:00,Delivered,Paid,PLT0005,2026-03-31 02:59:00,4,4
ORD104492,CUST01746,PROD04116,5,5520.24,5,28,33563.06,2026-03-01 00:43:00,Packed,Paid,PLT0005,2026-03-06 00:43:00,5,5
ORD104493,CUST03989,PROD00505,3,10986.23,20,5,27685.3,2026-03-29 01:46:00,Delivered,Paid,PLT0004,2026-04-02 01:46:00,3,3
ORD104494,CUST03407,PROD04983,4,10645.64,15,12,40538.6,2026-06-16 04:55:00,Placed,Paid,PLT0029,2026-06-25 04:55:00,4,4
ORD104495,CUST04384,PROD04529,4,9195.76,15,5,32828.86,2026-06-05 00:42:00,Placed,Failed,PLT0028,2026-06-18 00:42:00,4,3
ORD104496,CUST02113,PROD02901,4,2132.08,10,12,8596.55,2026-02-24 18:13:00,Returned,Paid,PLT0007,2026-03-09 18:13:00,4,3
ORD104497,CUST04346,PROD03248,5,6649.13,20,28,34043.55,2026-08-02 06:02:00,Placed,Pending,PLT0001,2026-08-07 06:02:00,5,4
ORD104498,CUST00921,PROD04493,4,9120.52,5,28,44362.21,2026-09-12 03:26:00,Delivered,Paid,PLT0002,2026-09-17 03:26:00,4,4
ORD104499,CUST02483,PROD01929,5,10311.98,15,28,56097.17,2026-06-06 04:04:00,Delivered,Paid,PLT0006,2026-06-15 04:04:00,5,5
ORD104500,CUST00834,PROD02563,5,897.59,0,28,5744.58,2026-09-03 05:55:00,In Transit,Failed,PLT0008,2026-09-09 05:55:00,5,5
ORD104501,CUST04879,PROD00445,3,13022.51,10,5,36918.82,2026-05-15 22:24:00,Delivered,Pending,PLT0005,2026-05-20 22:24:00,3,3
ORD104502,CUST03120,PROD02912,1,122.43,10,12,123.41,2026-02-12 06:54:00,Returned,Paid,PLT0029,2026-02-16 06:54:00,1,1
ORD104503,CUST04053,PROD00801,5,11344.09,15,18,56890.61,2026-02-05 08:41:00,In Transit,Failed,PLT0004,2026-02-15 08:41:00,5,5
ORD104504,CUST04616,PROD04308,2,10117.48,5,28,24605.71,2026-07-06 13:16:00,Delivered,Paid,PLT0027,2026-07-14 13:16:00,2,1
ORD104505,CUST00817,PROD01943,4,12578.86,15,28,54743.2,2026-08-23 01:32:00,Packed,Failed,PLT0002,2026-08-29 01:32:00,4,2
ORD104506,CUST04560,PROD02265,2,9751.72,0,12,21843.85,2026-03-12 13:20:00,Placed,Failed,PLT0002,2026-03-26 13:20:00,2,2
ORD104507,CUST02381,PROD02523,4,4859.39,15,18,19495.87,2026-08-06 08:05:00,Placed,Refunded,PLT0026,2026-08-12 08:05:00,4,4
ORD104508,CUST02674,PROD00248,3,15468.81,20,28,47520.18,2026-09-23 23:44:00,Delivered,Paid,PLT0028,2026-10-06 23:44:00,3,3
ORD104509,CUST00560,PROD01494,5,1262.82,20,18,5960.51,2026-01-31 20:02:00,Cancelled,Refunded,PLT0027,2026-02-13 20:02:00,5,5
ORD104510,CUST01257,PROD03751,1,14338.45,0,28,18353.22,2026-09-17 18:13:00,Placed,Pending,PLT0026,2026-09-24 18:13:00,1,1
ORD104511,CUST00024,PROD02969,5,15157.74,20,5,63662.51,2026-08-05 16:06:00,Cancelled,Failed,PLT0001,2026-08-08 16:06:00,5,4
ORD104512,CUST04168,PROD02972,4,2691.26,20,5,9042.63,2026-06-19 18:25:00,Delivered,Failed,PLT0027,2026-06-27 18:25:00,4,4
ORD104513,CUST02227,PROD02145,1,7590.57,0,18,8956.87,2026-06-21 14:55:00,Placed,Paid,PLT0009,2026-07-01 14:55:00,1,1
ORD104514,CUST03495,PROD04018,5,14340.47,10,12,72275.97,2026-09-08 11:04:00,In Transit,Refunded,PLT0005,2026-09-18 11:04:00,5,5
ORD104515,CUST02870,PROD00434,1,1706.85,20,12,1529.34,2026-04-24 19:29:00,Delivered,Paid,PLT0027,2026-05-01 19:29:00,1,1
ORD104516,CUST02046,PROD01020,4,638.74,10,5,2414.44,2026-05-28 03:57:00,Delivered,Paid,PLT0001,2026-06-02 03:57:00,4,4
ORD104517,CUST04202,PROD02261,3,12403.69,5,12,39592.58,2026-07-25 06:22:00,In Transit,Paid,PLT0000,2026-08-08 06:22:00,3,3
ORD104518,CUST02753,PROD01454,3,9171.69,15,12,26194.35,2026-07-28 02:14:00,Placed,Paid,PLT0026,2026-08-06 02:14:00,3,3
ORD104519,CUST00747,PROD04830,5,8102.19,0,12,45372.26,2026-09-07 02:46:00,Placed,Failed,PLT0026,2026-09-18 02:46:00,5,5
ORD104520,CUST04670,PROD02782,2,13513.03,0,18,31890.75,2026-03-31 02:02:00,Cancelled,Paid,PLT0009,2026-04-10 02:02:00,2,2
ORD104521,CUST02150,PROD00169,4,747.32,5,18,3350.98,2026-06-08 03:44:00,In Transit,Paid,PLT0009,2026-06-15 03:44:00,4,4
ORD104522,CUST00322,PROD01969,5,5417.73,0,12,30339.29,2026-04-30 23:09:00,Delivered,Paid,PLT0003,2026-05-14 23:09:00,5,5
ORD104523,CUST03058,PROD01649,5,12533.25,0,5,65799.56,2026-07-25 10:15:00,Packed,Refunded,PLT0028,2026-07-31 10:15:00,5,3
ORD104524,CUST03303,PROD03505,3,14367.12,0,12,48273.52,2026-07-04 09:56:00,Delivered,Refunded,PLT0029,2026-07-15 09:56:00,3,3
ORD104525,CUST04421,PROD04718,1,15931.18,0,28,20391.91,2026-06-09 07:27:00,Shipped,Pending,PLT0009,2026-06-16 07:27:00,1,1
ORD104526,CUST02376,PROD02005,4,4423.0,10,5,16718.94,2026-04-26 08:51:00,Cancelled,Refunded,PLT0001,2026-05-03 08:51:00,4,4
ORD104527,CUST02843,PROD03120,1,3508.06,15,18,3518.58,2026-04-27 03:46:00,Delivered,Refunded,PLT0007,2026-05-01 03:46:00,1,1
ORD104528,CUST04768,PROD04456,4,1046.92,5,28,5092.22,2026-09-07 04:59:00,Shipped,Failed,PLT0000,2026-09-20 04:59:00,4,4
ORD104529,CUST01754,PROD01843,2,7085.54,15,12,13490.87,2026-09-06 22:02:00,Packed,Paid,PLT0007,2026-09-10 22:02:00,2,1
ORD104530,CUST02066,PROD02451,3,4395.94,5,12,14031.84,2026-09-04 06:38:00,Shipped,Paid,PLT0029,2026-09-11 06:38:00,3,1
ORD104531,CUST00447,PROD00291,2,583.95,0,5,1226.3,2026-06-27 16:00:00,Returned,Pending,PLT0025,2026-07-08 16:00:00,2,2
ORD104532,CUST00813,PROD01267,5,6339.65,20,5,26626.53,2026-06-22 08:12:00,Packed,Refunded,PLT0027,2026-07-04 08:12:00,5,5
ORD104533,CUST00386,PROD00841,3,307.2,20,12,825.75,2026-07-21 14:27:00,In Transit,Paid,PLT0002,2026-08-03 14:27:00,3,3
ORD104534,CUST03784,PROD01010,5,7880.86,0,12,44132.82,2026-05-24 23:04:00,In Transit,Paid,PLT0004,2026-06-05 23:04:00,5,3
ORD104535,CUST02979,PROD00237,2,4563.28,0,5,9582.89,2026-07-31 06:55:00,Placed,Paid,PLT0009,2026-08-10 06:55:00,2,2
ORD104536,CUST01431,PROD02203,4,6817.52,0,28,34905.7,2026-04-01 08:54:00,Delivered,Paid,PLT0026,2026-04-06 08:54:00,4,4
ORD104537,CUST04496,PROD02834,5,4692.27,0,18,27684.39,2026-05-25 15:30:00,In Transit,Paid,PLT0029,2026-06-05 15:30:00,5,5
ORD104538,CUST03710,PROD02442,1,8712.11,5,5,8690.33,2026-07-13 04:04:00,Returned,Paid,PLT0004,2026-07-23 04:04:00,1,1
ORD104539,CUST04984,PROD04675,4,6582.67,0,28,33703.27,2026-02-05 23:10:00,Placed,Pending,PLT0003,2026-02-15 23:10:00,4,4
ORD104540,CUST03882,PROD04257,4,15963.22,5,12,67939.46,2026-02-24 08:21:00,Packed,Paid,PLT0007,2026-03-03 08:21:00,4,4
ORD104541,CUST01349,PROD00338,2,11287.16,15,18,22642.04,2026-08-10 16:51:00,Returned,Failed,PLT0028,2026-08-19 16:51:00,2,2
ORD104542,CUST01141,PROD02357,2,14448.01,0,28,36986.91,2026-05-14 12:48:00,Placed,Failed,PLT0028,2026-05-22 12:48:00,2,2
ORD104543,CUST02783,PROD03187,3,5773.49,0,18,20438.15,2026-07-27 08:45:00,Returned,Paid,PLT0007,2026-08-09 08:45:00,3,3
ORD104544,CUST03872,PROD00216,3,3871.26,20,18,10963.41,2026-06-16 19:48:00,Cancelled,Paid,PLT0029,2026-06-26 19:48:00,3,2
ORD104545,CUST02629,PROD03233,1,4000.1,20,18,3776.09,2026-09-19 01:39:00,Delivered,Paid,PLT0008,2026-09-25 01:39:00,1,1
ORD104546,CUST00388,PROD02945,4,12167.18,0,28,62295.96,2026-03-15 09:35:00,In Transit,Paid,PLT0026,2026-03-23 09:35:00,4,4
ORD104547,CUST01055,PROD01537,1,2979.27,15,28,3241.45,2026-08-18 01:57:00,Cancelled,Paid,PLT0002,2026-08-26 01:57:00,1,1
ORD104548,CUST01432,PROD02510,1,14299.13,15,12,13612.77,2026-03-30 09:50:00,Delivered,Pending,PLT0001,2026-04-10 09:50:00,1,1
ORD104549,CUST02756,PROD04749,2,6328.79,10,18,13442.35,2026-06-19 10:08:00,Packed,Paid,PLT0009,2026-06-28 10:08:00,2,2
ORD104550,CUST02036,PROD01745,1,6715.85,5,5,6699.06,2026-02-04 04:45:00,Shipped,Paid,PLT0009,2026-02-10 04:45:00,1,1
ORD104551,CUST00964,PROD00169,1,747.32,20,5,627.75,2026-08-25 06:15:00,Delivered,Failed,PLT0004,2026-09-01 06:15:00,1,1
ORD104552,CUST01283,PROD03466,5,11310.71,5,5,56412.17,2026-06-24 07:11:00,Placed,Failed,PLT0027,2026-07-06 07:11:00,5,5
ORD104553,CUST01513,PROD03366,3,10217.35,20,28,31387.7,2026-07-01 18:15:00,Placed,Failed,PLT0002,2026-07-14 18:15:00,3,2
ORD104554,CUST03891,PROD03581,3,7781.58,10,12,23531.5,2026-04-12 20:27:00,Shipped,Failed,PLT0002,2026-04-24 20:27:00,3,3
ORD104555,CUST01383,PROD01617,4,15905.82,0,28,81437.8,2026-06-06 19:37:00,Delivered,Paid,PLT0008,2026-06-20 19:37:00,4,2
ORD104556,CUST03055,PROD02539,3,12078.5,5,18,40620.0,2026-07-31 04:38:00,Cancelled,Pending,PLT0026,2026-08-07 04:38:00,3,3
ORD104557,CUST02205,PROD04944,4,5874.76,20,5,19739.19,2026-01-31 11:47:00,Delivered,Paid,PLT0007,2026-02-11 11:47:00,4,4
ORD104558,CUST02339,PROD01019,5,14655.26,5,28,89103.98,2026-04-30 15:17:00,Delivered,Paid,PLT0028,2026-05-08 15:17:00,5,5
ORD104559,CUST04671,PROD03402,3,1608.2,0,5,5065.83,2026-05-11 08:42:00,Returned,Paid,PLT0004,2026-05-23 08:42:00,3,3
ORD104560,CUST02997,PROD03080,5,15120.31,0,28,96769.98,2026-08-09 19:44:00,Delivered,Refunded,PLT0009,2026-08-16 19:44:00,5,2
ORD104561,CUST02580,PROD00442,3,15786.57,20,5,39782.16,2026-08-04 00:42:00,Packed,Paid,PLT0027,2026-08-13 00:42:00,3,3
ORD104562,CUST00098,PROD03063,3,9623.81,0,18,34068.29,2026-04-29 22:23:00,Returned,Paid,PLT0000,2026-05-02 22:23:00,3,3
ORD104563,CUST02026,PROD02648,5,8055.38,10,5,38061.67,2026-02-24 17:09:00,Delivered,Refunded,PLT0002,2026-03-02 17:09:00,5,5
ORD104564,CUST00110,PROD04039,1,10583.83,15,18,10615.58,2026-07-22 19:36:00,Shipped,Pending,PLT0026,2026-07-26 19:36:00,1,1
ORD104565,CUST03711,PROD03684,1,3866.24,5,18,4334.06,2026-03-16 05:11:00,Placed,Refunded,PLT0004,2026-03-21 05:11:00,1,1
ORD104566,CUST04724,PROD01558,1,6634.35,20,28,6793.57,2026-08-16 10:46:00,Delivered,Refunded,PLT0029,2026-08-27 10:46:00,1,1
ORD104567,CUST02599,PROD04711,1,6760.62,5,28,8220.91,2026-02-13 14:44:00,Shipped,Pending,PLT0025,2026-02-23 14:44:00,1,1
ORD104568,CUST04472,PROD00328,3,9825.36,10,28,33956.44,2026-07-11 06:47:00,Delivered,Refunded,PLT0009,2026-07-21 06:47:00,3,2
ORD104569,CUST01086,PROD02138,2,11729.79,10,18,24914.07,2026-09-24 15:53:00,Returned,Refunded,PLT0008,2026-10-05 15:53:00,2,2
ORD104570,CUST02706,PROD02940,5,773.51,5,12,4115.07,2026-02-05 23:06:00,Returned,Paid,PLT0007,2026-02-08 23:06:00,5,4
ORD104571,CUST02060,PROD02757,2,7571.81,20,12,13568.68,2026-06-23 14:39:00,Cancelled,Refunded,PLT0007,2026-07-02 14:39:00,2,2
ORD104572,CUST03506,PROD02423,2,12122.8,0,18,28609.81,2026-04-11 07:21:00,Returned,Paid,PLT0009,2026-04-20 07:21:00,2,2
ORD104573,CUST03846,PROD01574,4,13817.47,0,18,65218.46,2026-06-18 23:56:00,Shipped,Failed,PLT0001,2026-06-23 23:56:00,4,4
ORD104574,CUST03608,PROD03411,1,6636.95,15,28,7221.0,2026-04-26 16:20:00,Placed,Paid,PLT0008,2026-04-30 16:20:00,1,1
ORD104575,CUST01217,PROD01526,3,4181.75,5,28,15255.02,2026-06-01 08:10:00,Shipped,Paid,PLT0002,2026-06-05 08:10:00,3,3
ORD104576,CUST01948,PROD01819,1,10031.15,5,28,12197.88,2026-02-13 18:25:00,Returned,Paid,PLT0003,2026-02-18 18:25:00,1,1
ORD104577,CUST03074,PROD01581,1,3786.96,20,12,3393.12,2026-06-18 08:40:00,Shipped,Paid,PLT0007,2026-06-25 08:40:00,1,1
ORD104578,CUST03619,PROD00661,2,5760.94,5,12,12259.28,2026-04-14 10:35:00,Delivered,Paid,PLT0001,2026-04-21 10:35:00,2,2
ORD104579,CUST03973,PROD04920,4,5486.29,20,18,20716.23,2026-03-20 06:59:00,In Transit,Paid,PLT0007,2026-03-29 06:59:00,4,4
ORD104580,CUST04262,PROD01734,1,6873.73,5,12,7313.65,2026-03-07 08:48:00,Delivered,Paid,PLT0008,2026-03-14 08:48:00,1,1
ORD104581,CUST01567,PROD00605,5,2017.11,10,28,11618.55,2026-07-08 13:16:00,Delivered,Paid,PLT0025,2026-07-20 13:16:00,5,5
ORD104582,CUST04617,PROD01275,5,7739.06,0,28,49529.98,2026-04-02 00:02:00,Delivered,Pending,PLT0028,2026-04-07 00:02:00,5,5
ORD104583,CUST00090,PROD00610,1,11076.28,5,28,13468.76,2026-05-31 20:59:00,Shipped,Failed,PLT0007,2026-06-06 20:59:00,1,1
ORD104584,CUST03636,PROD00384,2,14050.81,0,28,35970.07,2026-05-30 20:31:00,Shipped,Paid,PLT0029,2026-06-04 20:31:00,2,1
ORD104585,CUST02617,PROD04550,2,12797.63,0,28,32761.93,2026-05-17 23:34:00,Placed,Failed,PLT0006,2026-05-23 23:34:00,2,2
ORD104586,CUST00660,PROD01019,3,14655.26,15,5,39239.46,2026-06-27 13:06:00,Delivered,Paid,PLT0026,2026-07-09 13:06:00,3,3
ORD104587,CUST03336,PROD00963,4,4000.05,0,18,18880.24,2026-09-16 18:33:00,In Transit,Refunded,PLT0027,2026-09-19 18:33:00,4,4
ORD104588,CUST01652,PROD00334,2,1944.55,5,18,4359.68,2026-07-10 08:52:00,Returned,Refunded,PLT0026,2026-07-22 08:52:00,2,2
ORD104589,CUST04453,PROD01777,3,11040.34,20,12,29676.43,2026-08-22 17:56:00,Delivered,Paid,PLT0026,2026-09-04 17:56:00,3,3
ORD104590,CUST00037,PROD04446,5,15652.71,0,28,100177.34,2026-07-21 10:17:00,Returned,Pending,PLT0009,2026-07-24 10:17:00,5,5
ORD104591,CUST03283,PROD04007,5,5840.09,10,5,27594.43,2026-07-12 19:58:00,Placed,Paid,PLT0008,2026-07-20 19:58:00,5,5
ORD104592,CUST03492,PROD03861,5,13052.27,0,28,83534.53,2026-08-18 23:02:00,In Transit,Paid,PLT0007,2026-08-21 23:02:00,5,5
ORD104593,CUST01483,PROD01567,1,10713.04,20,28,10970.15,2026-06-03 11:38:00,Placed,Refunded,PLT0025,2026-06-12 11:38:00,1,1
ORD104594,CUST03313,PROD04491,4,4251.48,20,12,15237.3,2026-05-24 05:33:00,Shipped,Refunded,PLT0025,2026-05-31 05:33:00,4,4
ORD104595,CUST03956,PROD00214,3,3664.88,5,5,10967.15,2026-06-16 09:38:00,Delivered,Paid,PLT0004,2026-06-28 09:38:00,3,3
ORD104596,CUST02449,PROD00276,4,8073.11,10,5,30516.36,2026-05-15 21:16:00,Packed,Paid,PLT0005,2026-05-19 21:16:00,4,3
ORD104597,CUST00107,PROD03655,1,583.37,0,18,688.38,2026-08-04 14:46:00,Delivered,Paid,PLT0005,2026-08-13 14:46:00,1,1
ORD104598,CUST04988,PROD04092,3,5525.97,10,28,19097.75,2026-03-13 14:16:00,Cancelled,Paid,PLT0027,2026-03-17 14:16:00,3,3
ORD104599,CUST04738,PROD04580,3,10364.08,0,5,32646.85,2026-07-18 09:06:00,Packed,Paid,PLT0009,2026-07-23 09:06:00,3,3
ORD104600,CUST00316,PROD04927,2,7493.08,5,18,16799.49,2026-06-04 00:36:00,Delivered,Failed,PLT0004,2026-06-10 00:36:00,2,2
ORD104601,CUST03761,PROD04232,4,8946.79,20,5,30061.21,2026-03-18 18:46:00,Packed,Failed,PLT0029,2026-03-26 18:46:00,4,2
ORD104602,CUST01710,PROD00771,4,1858.04,20,28,7610.53,2026-06-16 01:16:00,Delivered,Pending,PLT0006,2026-06-29 01:16:00,4,4
ORD104603,CUST03824,PROD04681,2,4400.89,0,18,10386.1,2026-05-03 11:34:00,Delivered,Paid,PLT0007,2026-05-13 11:34:00,2,1
ORD104604,CUST01116,PROD03301,5,6991.21,20,5,29363.08,2026-04-06 16:32:00,Delivered,Failed,PLT0028,2026-04-20 16:32:00,5,4
ORD104605,CUST01392,PROD04522,1,9275.16,15,12,8829.95,2026-05-08 10:53:00,Cancelled,Paid,PLT0008,2026-05-21 10:53:00,1,1
ORD104606,CUST00913,PROD03711,4,262.52,5,5,1047.45,2026-08-10 23:07:00,Shipped,Paid,PLT0026,2026-08-13 23:07:00,4,4
ORD104607,CUST04093,PROD00089,2,14205.68,0,28,36366.54,2026-07-21 12:21:00,In Transit,Paid,PLT0029,2026-08-01 12:21:00,2,2
ORD104608,CUST03197,PROD03411,3,6636.95,5,12,21185.14,2026-05-22 08:11:00,Placed,Paid,PLT0000,2026-06-03 08:11:00,3,3
ORD104609,CUST02247,PROD03159,2,13212.42,0,5,27746.08,2026-06-13 08:06:00,Delivered,Paid,PLT0008,2026-06-16 08:06:00,2,2
ORD104610,CUST04365,PROD03522,5,7557.8,5,5,37694.53,2026-03-25 03:10:00,Delivered,Paid,PLT0026,2026-03-28 03:10:00,5,5
ORD104611,CUST00124,PROD04173,1,7160.25,5,18,8026.64,2026-07-23 22:44:00,Packed,Paid,PLT0029,2026-07-27 22:44:00,1,1
ORD104612,CUST01782,PROD04154,5,5768.88,0,28,36920.83,2026-04-20 12:02:00,Returned,Paid,PLT0029,2026-05-03 12:02:00,5,3
ORD104613,CUST03277,PROD02445,3,7102.02,0,5,22371.36,2026-03-03 23:35:00,Delivered,Paid,PLT0005,2026-03-07 23:35:00,3,3
ORD104614,CUST00565,PROD01638,3,2522.41,5,5,7548.31,2026-03-08 03:22:00,Placed,Paid,PLT0002,2026-03-13 03:22:00,3,3
ORD104615,CUST02341,PROD01608,3,12824.67,10,5,36357.94,2026-08-14 12:07:00,Cancelled,Failed,PLT0008,2026-08-28 12:07:00,3,3
ORD104616,CUST02916,PROD00725,3,9233.12,5,28,33682.42,2026-09-04 00:22:00,Packed,Pending,PLT0028,2026-09-18 00:22:00,3,3
ORD104617,CUST02488,PROD03552,2,2279.66,0,12,5106.44,2026-01-28 02:01:00,Packed,Refunded,PLT0009,2026-02-10 02:01:00,2,2
ORD104618,CUST02055,PROD02626,3,15427.85,20,28,47394.36,2026-08-25 21:38:00,In Transit,Paid,PLT0007,2026-09-04 21:38:00,3,3
ORD104619,CUST00208,PROD00267,3,11181.55,0,18,39582.69,2026-04-09 12:33:00,Returned,Paid,PLT0003,2026-04-13 12:33:00,3,3
ORD104620,CUST01494,PROD04894,2,3927.78,20,18,7415.65,2026-06-30 18:21:00,In Transit,Paid,PLT0000,2026-07-09 18:21:00,2,2
ORD104621,CUST04876,PROD04448,3,12805.61,0,28,49173.54,2026-02-17 19:31:00,Delivered,Paid,PLT0006,2026-02-25 19:31:00,3,3
ORD104622,CUST00655,PROD01752,5,3520.71,15,5,15711.17,2026-04-07 06:53:00,Packed,Failed,PLT0029,2026-04-21 06:53:00,5,4
ORD104623,CUST02967,PROD01845,5,15093.91,20,5,63394.42,2026-04-17 17:35:00,Delivered,Failed,PLT0007,2026-04-27 17:35:00,5,5
ORD104624,CUST03133,PROD04362,4,9708.31,5,12,41318.57,2026-08-20 15:17:00,Delivered,Paid,PLT0009,2026-08-29 15:17:00,4,2
ORD104625,CUST02727,PROD00541,5,15268.41,5,28,92831.93,2026-05-08 23:11:00,In Transit,Paid,PLT0008,2026-05-16 23:11:00,5,5
ORD104626,CUST00159,PROD01474,1,6524.83,0,28,8351.78,2026-03-28 15:33:00,Delivered,Failed,PLT0026,2026-03-31 15:33:00,1,1
ORD104627,CUST02662,PROD04018,1,14340.47,5,5,14304.62,2026-05-25 08:02:00,Delivered,Refunded,PLT0028,2026-06-05 08:02:00,1,1
ORD104628,CUST04282,PROD01150,1,13888.98,10,18,14750.1,2026-04-23 16:03:00,Cancelled,Refunded,PLT0004,2026-05-01 16:03:00,1,1
ORD104629,CUST02301,PROD02404,2,5047.36,10,18,10720.59,2026-08-06 06:45:00,Delivered,Paid,PLT0004,2026-08-14 06:45:00,2,2
ORD104630,CUST04591,PROD04968,5,11469.49,20,12,51383.32,2026-04-29 13:10:00,Delivered,Paid,PLT0027,2026-05-03 13:10:00,5,5
ORD104631,CUST02464,PROD00366,1,6238.03,0,12,6986.59,2026-03-23 22:51:00,Returned,Pending,PLT0008,2026-04-03 22:51:00,1,1
ORD104632,CUST00582,PROD00886,4,2937.86,0,18,13866.7,2026-04-18 09:25:00,Delivered,Pending,PLT0008,2026-05-01 09:25:00,4,4
ORD104633,CUST02223,PROD02208,2,13746.63,15,28,29912.67,2026-06-19 02:50:00,Returned,Paid,PLT0004,2026-06-23 02:50:00,2,1
ORD104634,CUST04675,PROD00447,4,15776.42,20,12,56542.69,2026-04-06 11:48:00,Returned,Failed,PLT0026,2026-04-19 11:48:00,4,4
ORD104635,CUST01472,PROD02949,5,5970.56,0,5,31345.44,2026-02-21 02:05:00,Delivered,Pending,PLT0028,2026-03-06 02:05:00,5,5
ORD104636,CUST01039,PROD02498,3,13861.68,0,28,53228.85,2026-08-29 15:02:00,Delivered,Paid,PLT0002,2026-09-10 15:02:00,3,2
ORD104637,CUST04406,PROD01633,4,10671.1,0,5,44818.62,2026-09-03 16:40:00,Cancelled,Paid,PLT0000,2026-09-07 16:40:00,4,4
ORD104638,CUST01835,PROD04882,3,7556.75,20,12,20312.54,2026-03-19 22:48:00,Delivered,Refunded,PLT0004,2026-03-28 22:48:00,3,2
ORD104639,CUST02688,PROD01886,2,7437.76,0,18,17553.11,2026-04-02 04:32:00,Shipped,Paid,PLT0029,2026-04-07 04:32:00,2,2
ORD104640,CUST03290,PROD02289,4,7763.45,0,12,34780.26,2026-05-14 13:55:00,Placed,Failed,PLT0009,2026-05-25 13:55:00,4,2
ORD104641,CUST00279,PROD03086,4,10912.78,5,18,48932.91,2026-07-11 21:49:00,Delivered,Paid,PLT0003,2026-07-18 21:49:00,4,4
ORD104642,CUST01096,PROD04233,2,5801.08,15,28,12623.15,2026-09-21 21:56:00,In Transit,Paid,PLT0008,2026-09-29 21:56:00,2,1
ORD104643,CUST01105,PROD04927,2,7493.08,10,12,15106.05,2026-03-13 05:59:00,Delivered,Paid,PLT0000,2026-03-22 05:59:00,2,1
ORD104644,CUST04861,PROD04270,1,15053.01,5,12,16016.4,2026-06-19 08:29:00,Returned,Paid,PLT0002,2026-06-24 08:29:00,1,1
ORD104645,CUST01918,PROD02173,5,2879.61,0,12,16125.82,2026-07-29 10:26:00,Delivered,Refunded,PLT0028,2026-08-05 10:26:00,5,5
ORD104646,CUST02921,PROD03920,4,12905.34,15,28,56164.04,2026-07-06 18:17:00,Cancelled,Failed,PLT0004,2026-07-18 18:17:00,4,4
ORD104647,CUST00525,PROD02009,4,1138.32,15,5,4063.8,2026-07-27 09:01:00,In Transit,Failed,PLT0008,2026-08-07 09:01:00,4,4
ORD104648,CUST00672,PROD04221,2,4992.56,0,5,10484.38,2026-03-13 03:41:00,Cancelled,Paid,PLT0002,2026-03-21 03:41:00,2,1
ORD104649,CUST03995,PROD02310,2,5588.05,15,18,11209.63,2026-01-31 09:34:00,Placed,Pending,PLT0028,2026-02-07 09:34:00,2,2
ORD104650,CUST02459,PROD02033,5,7475.53,20,12,33490.37,2026-08-25 20:39:00,Shipped,Paid,PLT0027,2026-09-03 20:39:00,5,5
ORD104651,CUST04187,PROD04855,2,10078.94,15,5,17990.91,2026-06-30 06:14:00,Packed,Pending,PLT0002,2026-07-05 06:14:00,2,2
ORD104652,CUST03328,PROD02594,3,8369.7,0,28,32139.65,2026-07-15 05:18:00,Cancelled,Paid,PLT0001,2026-07-22 05:18:00,3,3
ORD104653,CUST01552,PROD01759,3,1843.81,20,12,4956.16,2026-03-15 08:11:00,Delivered,Paid,PLT0025,2026-03-24 08:11:00,3,2
ORD104654,CUST03404,PROD03991,3,1427.05,20,18,4041.41,2026-08-08 07:05:00,Packed,Failed,PLT0026,2026-08-13 07:05:00,3,3
ORD104655,CUST01988,PROD01458,3,10855.56,5,5,32485.26,2026-07-11 00:00:00,Cancelled,Refunded,PLT0028,2026-07-25 00:00:00,3,3
ORD104656,CUST04427,PROD03011,5,8825.85,15,28,48012.62,2026-05-16 20:56:00,Delivered,Paid,PLT0003,2026-05-25 20:56:00,5,5
ORD104657,CUST00379,PROD04238,4,12286.78,0,28,62908.31,2026-02-25 22:38:00,In Transit,Paid,PLT0002,2026-03-02 22:38:00,4,4
ORD104658,CUST02869,PROD00104,3,8185.27,5,18,27527.06,2026-02-20 19:55:00,Shipped,Refunded,PLT0006,2026-02-25 19:55:00,3,3
ORD104659,CUST04415,PROD00741,2,7455.61,0,5,15656.78,2026-08-14 15:59:00,Delivered,Paid,PLT0001,2026-08-17 15:59:00,2,1
ORD104660,CUST02075,PROD02755,3,14687.02,15,12,41946.13,2026-04-08 08:33:00,Delivered,Paid,PLT0000,2026-04-20 08:33:00,3,3
ORD104661,CUST03209,PROD01902,5,182.15,5,28,1107.47,2026-03-24 10:30:00,Packed,Paid,PLT0029,2026-04-06 10:30:00,5,5
ORD104662,CUST00273,PROD03021,2,4642.56,15,18,9312.98,2026-05-15 11:16:00,Cancelled,Paid,PLT0000,2026-05-19 11:16:00,2,2
ORD104663,CUST03888,PROD04270,3,15053.01,0,28,57803.56,2026-03-08 20:21:00,Shipped,Refunded,PLT0028,2026-03-12 20:21:00,3,3
ORD104664,CUST00049,PROD02305,4,14913.88,5,28,72541.11,2026-05-12 11:12:00,Shipped,Paid,PLT0007,2026-05-25 11:12:00,4,4
ORD104665,CUST02154,PROD04679,2,10897.68,0,5,22885.13,2026-06-20 14:38:00,Delivered,Failed,PLT0029,2026-06-30 14:38:00,2,1
ORD104666,CUST01875,PROD03386,2,14078.05,0,5,29563.9,2026-08-05 16:27:00,Delivered,Refunded,PLT0002,2026-08-17 16:27:00,2,2
ORD104667,CUST02764,PROD01252,4,7755.21,10,12,31269.01,2026-08-05 09:46:00,Packed,Refunded,PLT0000,2026-08-16 09:46:00,4,4
ORD104668,CUST00860,PROD00146,2,685.5,0,28,1754.88,2026-08-04 20:58:00,Delivered,Pending,PLT0028,2026-08-07 20:58:00,2,2
ORD104669,CUST03989,PROD00289,3,4655.01,15,18,14006.93,2026-03-03 09:08:00,Delivered,Paid,PLT0028,2026-03-14 09:08:00,3,3
ORD104670,CUST03069,PROD01676,2,4943.4,0,28,12655.1,2026-04-17 14:32:00,Returned,Failed,PLT0001,2026-04-25 14:32:00,2,2
ORD104671,CUST04967,PROD01495,3,9693.83,10,18,30884.54,2026-06-15 23:48:00,Returned,Pending,PLT0000,2026-06-25 23:48:00,3,3
ORD104672,CUST01569,PROD01841,4,6016.46,0,28,30804.28,2026-09-03 22:30:00,Delivered,Refunded,PLT0027,2026-09-09 22:30:00,4,4
ORD104673,CUST00659,PROD00290,1,9493.25,0,18,11202.04,2026-06-04 09:48:00,Placed,Pending,PLT0009,2026-06-08 09:48:00,1,1
ORD104674,CUST03585,PROD01331,4,8929.28,20,28,36574.33,2026-04-13 12:45:00,Packed,Failed,PLT0000,2026-04-17 12:45:00,4,4
ORD104675,CUST01315,PROD00090,3,7607.22,0,28,29211.72,2026-07-27 05:34:00,Returned,Paid,PLT0001,2026-08-10 05:34:00,3,3
ORD104676,CUST03458,PROD00915,5,8876.55,5,12,47223.25,2026-07-20 21:43:00,Shipped,Failed,PLT0002,2026-07-29 21:43:00,5,5
ORD104677,CUST00537,PROD04984,4,13440.69,10,5,50805.81,2026-02-06 14:55:00,Placed,Pending,PLT0008,2026-02-12 14:55:00,4,4
ORD104678,CUST00274,PROD01112,5,3667.61,0,5,19254.95,2026-08-14 08:10:00,Packed,Pending,PLT0027,2026-08-18 08:10:00,5,5
ORD104679,CUST04433,PROD03110,5,9850.34,10,18,52305.31,2026-03-14 12:30:00,Placed,Paid,PLT0009,2026-03-27 12:30:00,5,5
ORD104680,CUST02153,PROD04391,3,3044.9,20,28,9353.93,2026-03-01 05:26:00,Packed,Failed,PLT0009,2026-03-07 05:26:00,3,3
ORD104681,CUST02676,PROD03266,3,1196.83,0,28,4595.83,2026-05-07 23:49:00,Placed,Failed,PLT0028,2026-05-12 23:49:00,3,3
ORD104682,CUST03253,PROD00496,1,5717.3,5,5,5703.01,2026-05-31 19:57:00,Shipped,Paid,PLT0008,2026-06-05 19:57:00,1,1
ORD104683,CUST01647,PROD00906,2,14292.48,15,18,28670.71,2026-04-21 04:06:00,Delivered,Failed,PLT0007,2026-04-24 04:06:00,2,2
ORD104684,CUST00626,PROD04024,4,13233.43,0,12,59285.77,2026-04-03 17:39:00,In Transit,Paid,PLT0009,2026-04-14 17:39:00,4,4
ORD104685,CUST02056,PROD01877,3,9485.53,0,12,31871.38,2026-08-15 12:56:00,Placed,Failed,PLT0008,2026-08-23 12:56:00,3,1
ORD104686,CUST03661,PROD04158,4,13632.3,10,12,54965.43,2026-08-17 23:21:00,Placed,Paid,PLT0004,2026-08-24 23:21:00,4,4
ORD104687,CUST04847,PROD02907,5,15570.94,20,28,79723.21,2026-05-13 09:07:00,Packed,Paid,PLT0006,2026-05-24 09:07:00,5,5
ORD104688,CUST03253,PROD02649,2,6979.39,10,18,14824.22,2026-06-26 13:41:00,Placed,Paid,PLT0004,2026-07-05 13:41:00,2,2
ORD104689,CUST00852,PROD02984,1,13091.34,20,5,10996.73,2026-01-30 00:35:00,Cancelled,Pending,PLT0026,2026-02-10 00:35:00,1,1
ORD104690,CUST01471,PROD02978,4,280.55,20,28,1149.13,2026-05-21 01:57:00,In Transit,Paid,PLT0029,2026-05-24 01:57:00,4,3
ORD104691,CUST03456,PROD02900,2,696.38,0,28,1782.73,2026-09-23 14:30:00,Delivered,Paid,PLT0007,2026-09-29 14:30:00,2,2
ORD104692,CUST02751,PROD00405,1,5187.79,0,12,5810.32,2026-06-27 02:25:00,Returned,Failed,PLT0006,2026-07-11 02:25:00,1,1
ORD104693,CUST00411,PROD02832,4,10631.7,15,18,42654.38,2026-05-31 22:08:00,Returned,Refunded,PLT0029,2026-06-08 22:08:00,4,4
ORD104694,CUST04322,PROD00780,2,10293.25,0,18,24292.07,2026-08-31 19:10:00,In Transit,Paid,PLT0028,2026-09-06 19:10:00,2,2
ORD104695,CUST04387,PROD04456,3,1046.92,5,12,3341.77,2026-03-19 07:59:00,Delivered,Paid,PLT0029,2026-04-01 07:59:00,3,3
ORD104696,CUST04987,PROD00754,4,5424.0,0,12,24299.52,2026-05-05 09:58:00,Placed,Paid,PLT0009,2026-05-08 09:58:00,4,4
ORD104697,CUST04960,PROD03822,2,5863.7,20,12,10507.75,2026-08-07 15:54:00,In Transit,Paid,PLT0028,2026-08-17 15:54:00,2,2
ORD104698,CUST03985,PROD03088,1,343.78,20,28,352.03,2026-01-31 20:35:00,Placed,Paid,PLT0028,2026-02-08 20:35:00,1,1
ORD104699,CUST02951,PROD00752,2,15042.33,5,28,36582.95,2026-08-06 06:34:00,Delivered,Paid,PLT0029,2026-08-17 06:34:00,2,1
ORD104700,CUST02745,PROD02465,3,9967.5,10,28,34447.68,2026-09-07 22:55:00,Placed,Paid,PLT0008,2026-09-12 22:55:00,3,3
ORD104701,CUST04143,PROD01305,4,11373.06,20,5,38213.48,2026-09-23 07:48:00,Cancelled,Refunded,PLT0005,2026-09-28 07:48:00,4,4
ORD104702,CUST02622,PROD03164,4,8090.84,5,5,32282.45,2026-09-12 20:37:00,Cancelled,Paid,PLT0002,2026-09-23 20:37:00,4,3
ORD104703,CUST01594,PROD03435,4,11346.61,20,18,42844.8,2026-08-07 13:12:00,Packed,Paid,PLT0002,2026-08-19 13:12:00,4,4
ORD104704,CUST03873,PROD01136,3,1309.48,15,12,3739.87,2026-01-30 02:20:00,Returned,Refunded,PLT0000,2026-02-07 02:20:00,3,3
ORD104705,CUST04837,PROD02424,1,7389.52,20,12,6621.01,2026-08-21 09:25:00,Cancelled,Paid,PLT0002,2026-08-29 09:25:00,1,1
ORD104706,CUST04925,PROD02505,4,3286.54,0,28,16827.08,2026-09-20 22:09:00,Shipped,Paid,PLT0004,2026-09-25 22:09:00,4,4
ORD104707,CUST03907,PROD01857,1,12104.17,5,5,12073.91,2026-03-23 13:34:00,Cancelled,Refunded,PLT0005,2026-04-02 13:34:00,1,1
ORD104708,CUST04415,PROD03375,2,13056.54,0,12,29246.65,2026-02-09 22:28:00,Placed,Paid,PLT0005,2026-02-12 22:28:00,2,2
ORD104709,CUST04191,PROD04051,1,14956.49,5,18,16766.23,2026-05-12 10:48:00,In Transit,Paid,PLT0025,2026-05-20 10:48:00,1,1
ORD104710,CUST00667,PROD03912,1,4423.78,10,12,4459.17,2026-03-08 06:18:00,Delivered,Paid,PLT0003,2026-03-14 06:18:00,1,1
ORD104711,CUST03489,PROD00026,4,12583.3,20,28,51541.2,2026-03-05 14:55:00,Delivered,Paid,PLT0008,2026-03-10 14:55:00,4,4
ORD104712,CUST03435,PROD02107,5,13728.15,5,28,83467.15,2026-04-25 11:52:00,Placed,Pending,PLT0005,2026-05-09 11:52:00,5,5
ORD104713,CUST04219,PROD00736,5,14046.49,15,5,62682.46,2026-02-15 06:41:00,Delivered,Paid,PLT0005,2026-02-27 06:41:00,5,5
ORD104714,CUST00354,PROD00712,3,9569.66,5,18,32182.77,2026-03-02 20:09:00,Returned,Paid,PLT0005,2026-03-08 20:09:00,3,3
ORD104715,CUST03315,PROD00131,3,6735.83,15,18,20268.11,2026-04-25 15:44:00,Returned,Failed,PLT0027,2026-04-30 15:44:00,3,3
ORD104716,CUST02704,PROD04107,5,15447.31,20,12,69203.95,2026-06-05 14:36:00,Shipped,Failed,PLT0005,2026-06-16 14:36:00,5,5
ORD104717,CUST00640,PROD00330,2,4037.92,0,18,9529.49,2026-04-20 23:14:00,Placed,Failed,PLT0001,2026-04-25 23:14:00,2,1
ORD104718,CUST00860,PROD00438,4,13166.57,20,12,47188.99,2026-06-25 08:23:00,Shipped,Pending,PLT0004,2026-07-01 08:23:00,4,4
ORD104719,CUST04706,PROD01464,4,10558.74,10,12,42572.84,2026-08-14 16:50:00,Delivered,Failed,PLT0001,2026-08-20 16:50:00,4,2
ORD104720,CUST04499,PROD03220,2,11744.18,0,5,24662.78,2026-04-09 00:56:00,Delivered,Paid,PLT0001,2026-04-14 00:56:00,2,2
ORD104721,CUST04157,PROD02258,2,6942.8,0,18,16385.01,2026-03-12 06:48:00,Delivered,Failed,PLT0000,2026-03-19 06:48:00,2,2
ORD104722,CUST04536,PROD00845,5,2462.74,0,28,15761.54,2026-05-02 13:30:00,Delivered,Pending,PLT0007,2026-05-15 13:30:00,5,5
ORD104723,CUST03649,PROD01663,3,14717.33,0,12,49450.23,2026-06-11 01:26:00,In Transit,Pending,PLT0028,2026-06-22 01:26:00,3,1
ORD104724,CUST02342,PROD02635,2,11436.43,5,12,24336.72,2026-02-10 12:48:00,Cancelled,Pending,PLT0025,2026-02-14 12:48:00,2,2
ORD104725,CUST02481,PROD04826,3,2641.09,20,12,7099.25,2026-05-13 04:46:00,Delivered,Failed,PLT0005,2026-05-18 04:46:00,3,3
ORD104726,CUST03890,PROD03905,1,13521.98,5,18,15158.14,2026-08-08 13:36:00,Shipped,Pending,PLT0003,2026-08-16 13:36:00,1,1
ORD104727,CUST01591,PROD02119,4,1426.08,5,18,6394.54,2026-08-24 01:43:00,Shipped,Pending,PLT0001,2026-08-29 01:43:00,4,4
ORD104728,CUST01481,PROD04310,5,12556.17,20,18,59265.12,2026-08-28 04:38:00,Delivered,Paid,PLT0007,2026-08-31 04:38:00,5,5
ORD104729,CUST00685,PROD04855,4,10078.94,10,12,40638.29,2026-09-04 09:03:00,Cancelled,Paid,PLT0026,2026-09-14 09:03:00,4,4
ORD104730,CUST03889,PROD02942,5,9663.71,0,28,61847.74,2026-03-14 06:35:00,Cancelled,Refunded,PLT0003,2026-03-28 06:35:00,5,5
ORD104731,CUST03708,PROD03315,1,3559.91,15,28,3873.18,2026-07-27 20:26:00,Returned,Failed,PLT0006,2026-08-06 20:26:00,1,1
ORD104732,CUST04169,PROD02179,4,11135.99,0,18,52561.87,2026-04-12 05:01:00,In Transit,Paid,PLT0009,2026-04-16 05:01:00,4,4
ORD104733,CUST02646,PROD01145,1,4344.75,0,28,5561.28,2026-08-11 09:27:00,Placed,Paid,PLT0026,2026-08-23 09:27:00,1,1
ORD104734,CUST02404,PROD03047,5,6820.39,5,12,36284.47,2026-06-20 04:11:00,Delivered,Refunded,PLT0005,2026-07-02 04:11:00,5,4
ORD104735,CUST02606,PROD01230,2,6607.41,0,18,15593.49,2026-05-05 03:37:00,Shipped,Paid,PLT0027,2026-05-19 03:37:00,2,2
ORD104736,CUST03780,PROD04028,4,2584.44,15,18,10368.77,2026-06-12 07:30:00,Packed,Failed,PLT0001,2026-06-18 07:30:00,4,4
ORD104737,CUST02337,PROD02776,1,6980.77,0,12,7818.46,2026-03-25 05:36:00,Delivered,Paid,PLT0003,2026-04-03 05:36:00,1,1
ORD104738,CUST03908,PROD01760,4,8811.56,0,18,41590.56,2026-02-11 01:31:00,Delivered,Paid,PLT0009,2026-02-25 01:31:00,4,4
ORD104739,CUST03786,PROD00740,4,6092.42,10,12,24564.64,2026-03-30 17:31:00,In Transit,Paid,PLT0005,2026-04-08 17:31:00,4,2
ORD104740,CUST00192,PROD03631,4,12028.23,0,18,56773.25,2026-04-02 04:14:00,Returned,Paid,PLT0001,2026-04-15 04:14:00,4,4
ORD104741,CUST03251,PROD04001,3,9193.73,0,28,35303.92,2026-02-23 04:37:00,Shipped,Failed,PLT0025,2026-02-28 04:37:00,3,3
ORD104742,CUST00325,PROD04786,1,6091.18,15,18,6109.45,2026-06-19 06:27:00,In Transit,Paid,PLT0002,2026-06-28 06:27:00,1,1
ORD104743,CUST04268,PROD00575,1,13810.58,15,18,13852.01,2026-03-03 22:14:00,In Transit,Paid,PLT0000,2026-03-14 22:14:00,1,1
ORD104744,CUST02801,PROD00055,4,9605.61,0,18,45338.48,2026-05-16 13:13:00,Shipped,Paid,PLT0028,2026-05-27 13:13:00,4,4
ORD104745,CUST02780,PROD02972,2,2691.26,5,5,5369.06,2026-04-02 04:18:00,Packed,Refunded,PLT0006,2026-04-14 04:18:00,2,2
ORD104746,CUST04523,PROD01892,4,6482.76,15,28,28212.97,2026-06-13 10:38:00,In Transit,Refunded,PLT0025,2026-06-16 10:38:00,4,2
ORD104747,CUST04158,PROD03620,3,2883.46,0,12,9688.43,2026-08-20 20:01:00,Placed,Pending,PLT0027,2026-08-31 20:01:00,3,3
ORD104748,CUST01564,PROD01433,5,7871.66,0,5,41326.22,2026-06-20 17:16:00,Packed,Paid,PLT0008,2026-06-27 17:16:00,5,5
ORD104749,CUST02557,PROD02934,3,8756.5,0,28,33624.96,2026-04-15 03:41:00,In Transit,Paid,PLT0007,2026-04-27 03:41:00,3,3
ORD104750,CUST04427,PROD03360,2,10585.22,0,18,24981.12,2026-05-14 08:25:00,Returned,Pending,PLT0000,2026-05-22 08:25:00,2,2
ORD104751,CUST03058,PROD02819,4,242.71,0,18,1145.59,2026-02-28 11:13:00,Delivered,Failed,PLT0003,2026-03-12 11:13:00,4,4
ORD104752,CUST03394,PROD03154,1,6897.86,20,12,6180.48,2026-07-19 07:59:00,Returned,Paid,PLT0006,2026-07-25 07:59:00,1,1
ORD104753,CUST02324,PROD01835,4,13006.14,0,12,58267.51,2026-08-25 22:39:00,Shipped,Paid,PLT0009,2026-09-08 22:39:00,4,2
ORD104754,CUST01898,PROD01707,2,10288.14,15,28,22386.99,2026-01-31 20:19:00,Shipped,Paid,PLT0001,2026-02-10 20:19:00,2,2
ORD104755,CUST01366,PROD04069,1,10813.04,20,28,11072.55,2026-09-02 07:42:00,Delivered,Pending,PLT0005,2026-09-10 07:42:00,1,1
ORD104756,CUST03821,PROD01622,3,1055.26,5,12,3368.39,2026-03-05 19:18:00,Cancelled,Refunded,PLT0005,2026-03-19 19:18:00,3,2
ORD104757,CUST02992,PROD02109,5,4501.78,0,28,28811.39,2026-03-19 11:01:00,Shipped,Paid,PLT0007,2026-04-01 11:01:00,5,5
ORD104758,CUST02525,PROD01569,5,10018.36,10,12,50492.53,2026-07-10 20:13:00,In Transit,Refunded,PLT0028,2026-07-13 20:13:00,5,5
ORD104759,CUST00675,PROD02519,4,11033.78,0,18,52079.44,2026-09-24 18:51:00,Delivered,Refunded,PLT0008,2026-10-01 18:51:00,4,4
ORD104760,CUST00582,PROD04479,3,9540.11,0,12,32054.77,2026-03-02 22:37:00,Delivered,Paid,PLT0005,2026-03-16 22:37:00,3,3
ORD104761,CUST02636,PROD04533,2,4024.03,20,5,6760.37,2026-05-12 16:40:00,Packed,Paid,PLT0008,2026-05-21 16:40:00,2,2
ORD104762,CUST03489,PROD04980,5,723.31,0,12,4050.54,2026-04-30 13:20:00,Packed,Refunded,PLT0000,2026-05-07 13:20:00,5,4
ORD104763,CUST02981,PROD00608,3,5890.89,0,12,19793.39,2026-05-27 06:27:00,Delivered,Refunded,PLT0009,2026-06-01 06:27:00,3,3
ORD104764,CUST01232,PROD00496,4,5717.3,20,5,19210.13,2026-09-20 01:26:00,In Transit,Pending,PLT0008,2026-09-29 01:26:00,4,4
ORD104765,CUST03874,PROD00207,1,1712.4,0,5,1798.02,2026-07-30 12:52:00,Delivered,Failed,PLT0003,2026-08-10 12:52:00,1,1
ORD104766,CUST03719,PROD00254,4,5138.06,0,5,21579.85,2026-06-21 18:14:00,Packed,Paid,PLT0007,2026-07-01 18:14:00,4,4
ORD104767,CUST00420,PROD00201,4,10307.3,5,5,41126.13,2026-06-03 16:02:00,Delivered,Paid,PLT0001,2026-06-13 16:02:00,4,3
ORD104768,CUST00692,PROD01381,3,2699.03,20,12,7254.99,2026-04-08 06:49:00,Cancelled,Paid,PLT0001,2026-04-21 06:49:00,3,3
ORD104769,CUST02821,PROD02055,5,13613.61,10,28,78414.39,2026-06-04 11:08:00,Delivered,Refunded,PLT0004,2026-06-13 11:08:00,5,4
ORD104770,CUST03137,PROD01450,3,10962.64,20,5,27625.85,2026-09-21 10:15:00,Delivered,Paid,PLT0003,2026-10-03 10:15:00,3,3
ORD104771,CUST01326,PROD00182,1,1903.23,15,18,1908.94,2026-04-01 09:58:00,Shipped,Refunded,PLT0003,2026-04-11 09:58:00,1,1
ORD104772,CUST03193,PROD00592,3,10288.91,10,12,31113.66,2026-06-16 19:37:00,Cancelled,Paid,PLT0025,2026-06-22 19:37:00,3,3
ORD104773,CUST03285,PROD01086,2,7530.68,15,28,16386.76,2026-09-24 04:55:00,Returned,Paid,PLT0008,2026-10-02 04:55:00,2,2
ORD104774,CUST04625,PROD03681,4,12036.24,20,18,45448.84,2026-02-14 02:30:00,Returned,Pending,PLT0029,2026-02-26 02:30:00,4,3
ORD104775,CUST04406,PROD03787,5,9271.03,15,12,44130.1,2026-03-23 03:21:00,Shipped,Pending,PLT0025,2026-04-01 03:21:00,5,5
ORD104776,CUST00666,PROD03077,1,15152.07,10,12,15273.29,2026-08-14 11:54:00,In Transit,Paid,PLT0004,2026-08-26 11:54:00,1,1
ORD104777,CUST04423,PROD00231,4,12736.5,0,18,60116.28,2026-09-01 04:15:00,Delivered,Failed,PLT0028,2026-09-04 04:15:00,4,4
ORD104778,CUST00466,PROD03188,3,5724.25,20,5,14425.11,2026-05-11 01:57:00,Delivered,Failed,PLT0005,2026-05-15 01:57:00,3,3
ORD104779,CUST03011,PROD03260,2,14340.23,20,5,24091.59,2026-04-23 13:02:00,In Transit,Refunded,PLT0006,2026-05-03 13:02:00,2,2
ORD104780,CUST01031,PROD01089,3,15858.58,0,18,56139.37,2026-06-06 01:57:00,Packed,Paid,PLT0009,2026-06-16 01:57:00,3,3
ORD104781,CUST03692,PROD03058,4,1322.97,20,28,5418.89,2026-03-08 11:19:00,Returned,Paid,PLT0025,2026-03-16 11:19:00,4,4
ORD104782,CUST04816,PROD04770,1,5593.72,20,5,4698.72,2026-05-02 04:45:00,Delivered,Paid,PLT0001,2026-05-10 04:45:00,1,1
ORD104783,CUST01225,PROD03035,5,4516.86,0,12,25294.42,2026-03-24 18:45:00,Delivered,Refunded,PLT0026,2026-04-01 18:45:00,5,5
ORD104784,CUST00218,PROD03858,4,8854.55,0,12,39668.38,2026-08-21 00:48:00,Delivered,Paid,PLT0026,2026-09-03 00:48:00,4,4
ORD104785,CUST00370,PROD04457,1,11102.6,5,28,13500.76,2026-06-07 08:16:00,Delivered,Paid,PLT0007,2026-06-19 08:16:00,1,1
ORD104786,CUST04574,PROD03870,4,1213.72,15,12,4621.85,2026-02-01 16:35:00,Placed,Paid,PLT0029,2026-02-13 16:35:00,4,4
ORD104787,CUST02669,PROD02424,2,7389.52,10,5,13966.19,2026-03-31 13:17:00,Delivered,Pending,PLT0008,2026-04-05 13:17:00,2,2
ORD104788,CUST02088,PROD02444,3,13354.03,5,28,48715.5,2026-07-22 00:57:00,Returned,Refunded,PLT0001,2026-08-04 00:57:00,3,3
ORD104789,CUST03261,PROD00911,5,9484.69,0,5,49794.62,2026-09-05 05:14:00,Returned,Paid,PLT0029,2026-09-11 05:14:00,5,5
ORD104790,CUST01952,PROD00796,1,13965.77,0,28,17876.19,2026-05-26 17:53:00,In Transit,Paid,PLT0000,2026-06-06 17:53:00,1,1
ORD104791,CUST00836,PROD01060,5,10076.34,10,18,53505.37,2026-09-08 21:11:00,Delivered,Paid,PLT0029,2026-09-14 21:11:00,5,5
ORD104792,CUST03461,PROD04121,5,4763.32,15,12,22673.4,2026-08-13 23:06:00,Delivered,Refunded,PLT0005,2026-08-17 23:06:00,5,5
ORD104793,CUST02274,PROD02545,5,1507.81,20,28,7719.99,2026-03-22 19:05:00,In Transit,Failed,PLT0007,2026-04-04 19:05:00,5,5
ORD104794,CUST03352,PROD04107,1,15447.31,20,18,14582.26,2026-05-30 18:49:00,Delivered,Pending,PLT0026,2026-06-04 18:49:00,1,1
ORD104795,CUST00321,PROD02352,1,14620.26,5,5,14583.71,2026-08-27 11:45:00,Cancelled,Paid,PLT0028,2026-09-08 11:45:00,1,1
ORD104796,CUST03275,PROD01431,5,7329.36,15,18,36756.74,2026-09-08 08:42:00,Packed,Paid,PLT0001,2026-09-15 08:42:00,5,5
ORD104797,CUST03292,PROD00766,3,9160.25,0,5,28854.79,2026-04-07 02:20:00,Delivered,Paid,PLT0028,2026-04-21 02:20:00,3,1
ORD104798,CUST02532,PROD03966,4,12618.21,15,28,54914.45,2026-09-01 04:22:00,Returned,Paid,PLT0026,2026-09-11 04:22:00,4,4
ORD104799,CUST04622,PROD01438,5,11303.42,0,28,72341.89,2026-02-20 16:25:00,Returned,Refunded,PLT0008,2026-02-23 16:25:00,5,5
ORD104800,CUST01647,PROD03984,2,3693.66,5,12,7860.11,2026-05-03 19:18:00,Placed,Paid,PLT0005,2026-05-11 19:18:00,2,2
ORD104801,CUST01317,PROD02077,5,3895.86,5,12,20725.98,2026-06-02 16:46:00,Packed,Paid,PLT0006,2026-06-15 16:46:00,5,5
ORD104802,CUST01956,PROD01217,1,1408.86,0,28,1803.34,2026-07-16 23:22:00,Cancelled,Pending,PLT0025,2026-07-22 23:22:00,1,1
ORD104803,CUST03972,PROD00638,4,3954.28,15,5,14116.78,2026-03-27 13:26:00,Cancelled,Paid,PLT0002,2026-04-04 13:26:00,4,2
ORD104804,CUST02743,PROD02099,2,12785.84,0,5,26850.26,2026-06-16 16:40:00,Packed,Pending,PLT0009,2026-06-24 16:40:00,2,1
ORD104805,CUST02695,PROD00451,4,12455.64,10,28,57395.59,2026-07-13 10:23:00,Placed,Paid,PLT0004,2026-07-18 10:23:00,4,4
ORD104806,CUST04414,PROD02354,4,13990.81,0,5,58761.4,2026-08-09 16:10:00,Returned,Failed,PLT0000,2026-08-12 16:10:00,4,4
ORD104807,CUST01726,PROD03874,2,13253.1,15,28,28838.75,2026-08-21 11:11:00,Delivered,Failed,PLT0008,2026-09-03 11:11:00,2,2
ORD104808,CUST04221,PROD04564,5,881.61,0,12,4937.02,2026-03-05 10:52:00,Delivered,Failed,PLT0007,2026-03-12 10:52:00,5,5
ORD104809,CUST04266,PROD04615,5,4050.78,0,5,21266.6,2026-07-22 19:23:00,Delivered,Failed,PLT0025,2026-07-28 19:23:00,5,5
ORD104810,CUST01652,PROD00707,5,5224.43,20,12,23405.45,2026-03-23 05:05:00,Delivered,Paid,PLT0029,2026-03-27 05:05:00,5,5
ORD104811,CUST01843,PROD01660,3,7209.52,0,18,25521.7,2026-03-19 10:03:00,Placed,Paid,PLT0007,2026-03-29 10:03:00,3,2
ORD104812,CUST01858,PROD03544,5,5547.06,20,12,24850.83,2026-06-21 16:23:00,Delivered,Failed,PLT0003,2026-06-24 16:23:00,5,5
ORD104813,CUST00729,PROD03932,2,2979.81,0,18,7032.35,2026-09-21 09:43:00,Delivered,Paid,PLT0025,2026-09-26 09:43:00,2,2
ORD104814,CUST02158,PROD00907,3,13096.35,15,12,37403.18,2026-08-23 02:36:00,Placed,Paid,PLT0003,2026-09-05 02:36:00,3,3
ORD104815,CUST04764,PROD03578,5,7880.34,10,12,39716.91,2026-06-09 17:47:00,Placed,Paid,PLT0006,2026-06-13 17:47:00,5,2
ORD104816,CUST02040,PROD00575,3,13810.58,10,5,39152.99,2026-05-20 03:21:00,Shipped,Paid,PLT0001,2026-05-27 03:21:00,3,2
ORD104817,CUST01268,PROD03421,2,12252.22,20,12,21955.98,2026-09-04 18:51:00,In Transit,Refunded,PLT0028,2026-09-08 18:51:00,2,2
ORD104818,CUST02930,PROD04301,5,1380.78,15,28,7511.44,2026-05-14 00:00:00,Delivered,Paid,PLT0026,2026-05-21 00:00:00,5,5
ORD104819,CUST02340,PROD02414,1,536.83,15,5,479.12,2026-08-09 16:19:00,Delivered,Refunded,PLT0005,2026-08-23 16:19:00,1,1
ORD104820,CUST04188,PROD04819,2,14221.24,15,5,25384.91,2026-05-28 22:20:00,Delivered,Refunded,PLT0005,2026-06-10 22:20:00,2,2
ORD104821,CUST02660,PROD04127,4,10905.17,0,5,45801.71,2026-03-11 02:14:00,Packed,Failed,PLT0000,2026-03-24 02:14:00,4,4
ORD104822,CUST04735,PROD04643,4,13749.25,5,12,58516.81,2026-02-16 10:59:00,Delivered,Pending,PLT0007,2026-02-21 10:59:00,4,4
ORD104823,CUST01349,PROD04910,2,8791.17,0,5,18461.46,2026-04-19 02:48:00,Placed,Failed,PLT0003,2026-05-03 02:48:00,2,2
ORD104824,CUST04110,PROD00618,4,4501.35,15,18,18059.42,2026-09-07 14:56:00,Cancelled,Paid,PLT0007,2026-09-20 14:56:00,4,4
ORD104825,CUST01425,PROD01252,2,7755.21,15,18,15556.95,2026-05-31 02:45:00,Cancelled,Refunded,PLT0004,2026-06-04 02:45:00,2,2
ORD104826,CUST00066,PROD03145,1,4373.77,15,12,4163.83,2026-04-02 16:36:00,Packed,Refunded,PLT0006,2026-04-10 16:36:00,1,1
ORD104827,CUST03227,PROD01930,2,1130.17,10,5,2136.02,2026-08-28 18:46:00,Delivered,Refunded,PLT0001,2026-09-05 18:46:00,2,2
ORD104828,CUST03520,PROD04351,5,12571.05,15,28,68386.51,2026-04-28 17:48:00,Shipped,Paid,PLT0025,2026-05-05 17:48:00,5,5
ORD104829,CUST03562,PROD01040,5,5112.12,0,28,32717.57,2026-05-08 21:25:00,Packed,Refunded,PLT0001,2026-05-17 21:25:00,5,5
ORD104830,CUST02637,PROD03699,3,14936.96,15,18,44945.31,2026-04-27 15:39:00,Placed,Pending,PLT0008,2026-05-09 15:39:00,3,3
ORD104831,CUST01701,PROD04870,4,13047.7,0,12,58453.7,2026-04-17 15:18:00,Delivered,Refunded,PLT0006,2026-04-29 15:18:00,4,4
ORD104832,CUST02120,PROD02528,4,15322.42,0,12,68644.44,2026-04-11 05:01:00,Delivered,Paid,PLT0027,2026-04-15 05:01:00,4,4
ORD104833,CUST04096,PROD00710,2,10934.89,5,12,23269.45,2026-06-04 12:08:00,In Transit,Paid,PLT0005,2026-06-12 12:08:00,2,2
ORD104834,CUST03674,PROD02511,4,1092.08,10,12,4403.27,2026-09-05 01:10:00,Delivered,Failed,PLT0026,2026-09-08 01:10:00,4,4
ORD104835,CUST00719,PROD02871,5,14315.1,0,12,80164.56,2026-04-04 13:50:00,Packed,Paid,PLT0002,2026-04-13 13:50:00,5,5
ORD104836,CUST00287,PROD02820,1,5775.77,20,5,4851.65,2026-07-26 07:17:00,In Transit,Paid,PLT0004,2026-07-31 07:17:00,1,1
ORD104837,CUST04649,PROD00027,2,3273.81,0,5,6875.0,2026-06-30 06:24:00,Cancelled,Paid,PLT0000,2026-07-14 06:24:00,2,2
ORD104838,CUST00175,PROD04838,4,6673.91,5,5,26628.9,2026-06-05 19:38:00,Packed,Paid,PLT0028,2026-06-08 19:38:00,4,4
ORD104839,CUST00176,PROD03815,5,4119.44,5,28,25046.2,2026-09-20 11:31:00,Returned,Pending,PLT0004,2026-10-02 11:31:00,5,5
ORD104840,CUST01243,PROD01960,3,12590.86,5,5,37678.15,2026-03-27 21:46:00,In Transit,Paid,PLT0028,2026-04-07 21:46:00,3,3
ORD104841,CUST04399,PROD01729,4,13041.13,0,12,58424.26,2026-08-20 19:05:00,Delivered,Paid,PLT0008,2026-08-29 19:05:00,4,2
ORD104842,CUST00676,PROD01604,1,5743.44,0,12,6432.65,2026-04-04 16:32:00,Cancelled,Failed,PLT0009,2026-04-18 16:32:00,1,1
ORD104843,CUST00001,PROD00377,1,13532.52,15,28,14723.38,2026-02-28 01:13:00,Shipped,Failed,PLT0028,2026-03-04 01:13:00,1,1
ORD104844,CUST00322,PROD04944,4,5874.76,20,28,24063.02,2026-09-21 05:59:00,Shipped,Refunded,PLT0005,2026-09-26 05:59:00,4,4
ORD104845,CUST00161,PROD04272,4,15276.6,0,18,72105.55,2026-02-11 16:54:00,Packed,Paid,PLT0002,2026-02-19 16:54:00,4,4
ORD104846,CUST01682,PROD03905,5,13521.98,0,28,86540.67,2026-07-26 14:01:00,Placed,Pending,PLT0001,2026-08-06 14:01:00,5,3
ORD104847,CUST01375,PROD00381,4,1977.82,0,18,9335.31,2026-06-17 14:42:00,Returned,Paid,PLT0006,2026-06-30 14:42:00,4,4
ORD104848,CUST03426,PROD01817,3,4796.57,0,5,15109.2,2026-02-03 16:22:00,Placed,Paid,PLT0026,2026-02-13 16:22:00,3,2
ORD104849,CUST03271,PROD04211,5,1776.19,20,12,7957.33,2026-09-23 01:55:00,Cancelled,Paid,PLT0026,2026-10-04 01:55:00,5,5
ORD104850,CUST03354,PROD01324,2,3584.5,0,18,8459.42,2026-07-03 02:06:00,Cancelled,Pending,PLT0001,2026-07-09 02:06:00,2,1
ORD104851,CUST00738,PROD02245,3,13704.57,20,18,38811.34,2026-07-29 16:24:00,Returned,Refunded,PLT0027,2026-08-10 16:24:00,3,3
ORD104852,CUST03822,PROD01393,5,2798.15,20,18,13207.27,2026-02-09 13:25:00,Delivered,Refunded,PLT0029,2026-02-16 13:25:00,5,5
ORD104853,CUST04594,PROD04854,5,5546.2,0,28,35495.68,2026-07-30 17:16:00,Returned,Failed,PLT0002,2026-08-11 17:16:00,5,5
ORD104854,CUST00108,PROD04479,1,9540.11,20,28,9769.07,2026-08-22 02:33:00,Delivered,Paid,PLT0008,2026-09-04 02:33:00,1,1
ORD104855,CUST04163,PROD02952,5,11184.63,0,28,71581.63,2026-06-25 22:08:00,Packed,Paid,PLT0008,2026-07-03 22:08:00,5,5
ORD104856,CUST04190,PROD01277,3,3947.52,0,18,13974.22,2026-04-21 23:53:00,Shipped,Paid,PLT0007,2026-04-30 23:53:00,3,3
ORD104857,CUST03327,PROD04066,4,1734.2,20,5,5826.91,2026-08-12 07:56:00,Returned,Paid,PLT0025,2026-08-19 07:56:00,4,3
ORD104858,CUST02104,PROD00488,3,4566.31,5,12,14575.66,2026-05-19 14:19:00,Shipped,Failed,PLT0003,2026-05-22 14:19:00,3,3
ORD104859,CUST02527,PROD02394,2,2366.25,0,28,6057.6,2026-03-08 06:21:00,Packed,Refunded,PLT0001,2026-03-16 06:21:00,2,2
ORD104860,CUST04755,PROD03653,5,13257.09,10,5,62639.75,2026-07-31 03:36:00,Cancelled,Paid,PLT0029,2026-08-06 03:36:00,5,5
ORD104861,CUST00570,PROD01896,5,11754.83,0,28,75230.91,2026-07-11 13:22:00,Delivered,Refunded,PLT0028,2026-07-15 13:22:00,5,5
ORD104862,CUST03208,PROD02275,5,15212.44,0,28,97359.62,2026-02-15 22:45:00,Delivered,Paid,PLT0003,2026-02-28 22:45:00,5,5
ORD104863,CUST01177,PROD02508,5,7081.48,0,18,41780.73,2026-02-14 02:57:00,Placed,Paid,PLT0008,2026-02-26 02:57:00,5,5
ORD104864,CUST04049,PROD02506,1,1836.3,20,18,1733.47,2026-03-14 22:36:00,In Transit,Paid,PLT0008,2026-03-21 22:36:00,1,1
ORD104865,CUST03984,PROD03194,1,5294.21,0,28,6776.59,2026-05-29 05:23:00,Returned,Refunded,PLT0028,2026-06-05 05:23:00,1,1
ORD104866,CUST03392,PROD01717,4,1017.71,10,12,4103.41,2026-09-08 03:04:00,In Transit,Pending,PLT0007,2026-09-21 03:04:00,4,4
ORD104867,CUST02832,PROD02413,5,7819.88,15,28,42540.15,2026-02-12 17:42:00,Delivered,Refunded,PLT0025,2026-02-22 17:42:00,5,5
ORD104868,CUST00029,PROD03138,2,11831.89,0,12,26503.43,2026-06-13 06:13:00,Cancelled,Pending,PLT0004,2026-06-20 06:13:00,2,2
ORD104869,CUST01211,PROD02138,4,11729.79,5,5,46801.86,2026-09-15 11:20:00,Returned,Refunded,PLT0008,2026-09-24 11:20:00,4,4
ORD104870,CUST04989,PROD03940,5,6747.5,10,28,38865.6,2026-03-05 23:36:00,Delivered,Refunded,PLT0001,2026-03-13 23:36:00,5,5
ORD104871,CUST02417,PROD02110,1,15736.99,15,12,14981.61,2026-06-29 11:56:00,Shipped,Paid,PLT0008,2026-07-06 11:56:00,1,1
ORD104872,CUST01326,PROD04664,2,13275.47,20,5,22302.79,2026-08-19 20:17:00,Delivered,Failed,PLT0001,2026-08-23 20:17:00,2,2
ORD104873,CUST02904,PROD03552,4,2279.66,0,5,9574.57,2026-02-04 08:07:00,Delivered,Refunded,PLT0004,2026-02-07 08:07:00,4,4
ORD104874,CUST00512,PROD02771,2,1311.2,15,18,2630.27,2026-07-08 08:52:00,Delivered,Paid,PLT0029,2026-07-21 08:52:00,2,2
ORD104875,CUST00697,PROD04651,5,951.79,5,5,4747.05,2026-06-12 08:49:00,Packed,Pending,PLT0029,2026-06-18 08:49:00,5,4
ORD104876,CUST01263,PROD00994,3,9483.67,10,18,30214.97,2026-08-02 14:06:00,Delivered,Failed,PLT0000,2026-08-15 14:06:00,3,1
ORD104877,CUST01091,PROD02044,2,1923.83,10,5,3636.04,2026-09-16 10:26:00,Packed,Failed,PLT0007,2026-09-27 10:26:00,2,2
ORD104878,CUST04702,PROD00808,2,14815.54,20,5,24890.11,2026-05-09 01:32:00,Delivered,Refunded,PLT0004,2026-05-18 01:32:00,2,1
ORD104879,CUST00954,PROD00681,1,13090.45,20,12,11729.04,2026-05-21 19:30:00,Placed,Failed,PLT0001,2026-06-03 19:30:00,1,1
ORD104880,CUST02962,PROD00119,5,14290.69,20,12,64022.29,2026-03-11 13:02:00,Packed,Paid,PLT0028,2026-03-24 13:02:00,5,3
ORD104881,CUST01650,PROD00577,2,2437.47,15,18,4889.56,2026-04-15 17:25:00,Returned,Paid,PLT0026,2026-04-29 17:25:00,2,2
ORD104882,CUST03019,PROD03051,5,3363.79,0,28,21528.26,2026-06-11 11:25:00,Delivered,Refunded,PLT0026,2026-06-14 11:25:00,5,5
ORD104883,CUST01662,PROD01042,1,12671.5,0,12,14192.08,2026-04-26 01:29:00,Placed,Refunded,PLT0000,2026-04-29 01:29:00,1,1
ORD104884,CUST03740,PROD01356,5,13986.43,10,5,66085.88,2026-03-28 22:32:00,Delivered,Paid,PLT0000,2026-04-02 22:32:00,5,5
ORD104885,CUST02685,PROD00607,1,3379.71,0,18,3988.06,2026-08-03 00:41:00,Placed,Paid,PLT0029,2026-08-13 00:41:00,1,1
ORD104886,CUST04797,PROD04352,1,9616.15,10,18,10212.35,2026-04-13 19:54:00,In Transit,Paid,PLT0027,2026-04-25 19:54:00,1,1
ORD104887,CUST01281,PROD00765,4,632.17,20,18,2387.07,2026-05-11 23:14:00,Delivered,Failed,PLT0006,2026-05-16 23:14:00,4,4
ORD104888,CUST03942,PROD02877,5,8009.88,0,5,42051.87,2026-03-16 07:21:00,Placed,Paid,PLT0005,2026-03-25 07:21:00,5,4
ORD104889,CUST00599,PROD04792,3,15258.11,0,12,51267.25,2026-04-05 17:54:00,Placed,Pending,PLT0009,2026-04-19 17:54:00,3,3
ORD104890,CUST04853,PROD02912,4,122.43,10,28,564.16,2026-06-16 04:28:00,Cancelled,Paid,PLT0025,2026-06-23 04:28:00,4,4
ORD104891,CUST03802,PROD04429,1,2945.6,15,18,2954.44,2026-08-22 17:14:00,Returned,Refunded,PLT0028,2026-09-02 17:14:00,1,1
ORD104892,CUST03237,PROD04363,3,12241.71,20,5,30849.11,2026-05-21 05:11:00,Delivered,Refunded,PLT0029,2026-06-04 05:11:00,3,3
ORD104893,CUST03231,PROD00592,2,10288.91,0,12,23047.16,2026-04-27 00:37:00,Packed,Refunded,PLT0025,2026-05-08 00:37:00,2,2
ORD104894,CUST00953,PROD01344,2,11660.99,0,12,26120.62,2026-07-25 01:41:00,Packed,Failed,PLT0009,2026-07-31 01:41:00,2,2
ORD104895,CUST03080,PROD01601,4,3149.69,5,28,15320.09,2026-08-22 02:20:00,Delivered,Paid,PLT0008,2026-08-31 02:20:00,4,4
ORD104896,CUST01370,PROD03487,3,5742.3,0,18,20327.74,2026-02-02 23:39:00,Placed,Paid,PLT0025,2026-02-16 23:39:00,3,3
ORD104897,CUST02365,PROD04595,5,6895.72,5,5,34392.4,2026-06-12 11:28:00,Cancelled,Refunded,PLT0001,2026-06-24 11:28:00,5,5
ORD104898,CUST01117,PROD04316,3,2915.74,0,12,9796.89,2026-09-20 09:46:00,Delivered,Paid,PLT0002,2026-09-23 09:46:00,3,3
ORD104899,CUST04965,PROD03374,4,10624.31,0,5,44622.1,2026-02-04 12:09:00,Cancelled,Refunded,PLT0008,2026-02-09 12:09:00,4,4
ORD104900,CUST01556,PROD03148,5,10695.76,15,12,50911.82,2026-02-26 18:35:00,Placed,Paid,PLT0029,2026-03-01 18:35:00,5,5
ORD104901,CUST01742,PROD00272,5,12979.8,15,18,65093.7,2026-06-02 13:36:00,In Transit,Paid,PLT0006,2026-06-11 13:36:00,5,5
ORD104902,CUST04347,PROD04164,2,6140.67,20,18,11593.58,2026-06-27 18:21:00,Delivered,Paid,PLT0028,2026-07-09 18:21:00,2,2
ORD104903,CUST00204,PROD04528,3,14616.36,0,28,56126.82,2026-02-07 02:15:00,Cancelled,Pending,PLT0027,2026-02-10 02:15:00,3,3
ORD104904,CUST00897,PROD01418,5,2040.55,20,12,9141.66,2026-05-10 23:37:00,Placed,Paid,PLT0028,2026-05-21 23:37:00,5,5
ORD104905,CUST00397,PROD01903,4,12198.75,20,5,40987.8,2026-07-25 03:01:00,Placed,Failed,PLT0005,2026-08-07 03:01:00,4,4
ORD104906,CUST03887,PROD01214,2,12736.47,20,12,22823.75,2026-09-16 17:35:00,Returned,Failed,PLT0027,2026-09-19 17:35:00,2,2
ORD104907,CUST00365,PROD01943,5,12578.86,20,5,52831.21,2026-08-26 23:08:00,Shipped,Refunded,PLT0001,2026-09-02 23:08:00,5,5
ORD104908,CUST00947,PROD03043,3,1900.53,10,28,6568.23,2026-09-21 15:20:00,Delivered,Paid,PLT0004,2026-09-25 15:20:00,3,3
ORD104909,CUST03593,PROD00829,2,11825.27,10,12,23839.74,2026-06-06 03:01:00,In Transit,Paid,PLT0001,2026-06-11 03:01:00,2,2
ORD104910,CUST03777,PROD00586,3,3917.32,0,18,13867.31,2026-09-20 00:39:00,Cancelled,Failed,PLT0005,2026-09-29 00:39:00,3,3
ORD104911,CUST02406,PROD02019,3,445.99,10,5,1264.38,2026-08-29 23:59:00,Delivered,Paid,PLT0006,2026-09-01 23:59:00,3,3
ORD104912,CUST02528,PROD04798,3,12551.27,0,18,44431.5,2026-09-01 05:15:00,Delivered,Pending,PLT0008,2026-09-06 05:15:00,3,3
ORD104913,CUST03247,PROD02693,2,256.79,15,28,558.78,2026-04-19 14:00:00,Delivered,Paid,PLT0026,2026-04-28 14:00:00,2,2
ORD104914,CUST00162,PROD01353,5,7072.99,0,28,45267.14,2026-09-14 04:09:00,Delivered,Failed,PLT0000,2026-09-21 04:09:00,5,4
ORD104915,CUST04418,PROD01415,1,8544.6,5,5,8523.24,2026-03-06 06:13:00,Shipped,Paid,PLT0002,2026-03-18 06:13:00,1,1
ORD104916,CUST01811,PROD02644,5,10340.97,10,12,52118.49,2026-05-28 18:35:00,Shipped,Paid,PLT0025,2026-06-02 18:35:00,5,3
ORD104917,CUST02425,PROD02167,2,10181.86,10,18,21626.27,2026-07-18 10:51:00,Delivered,Paid,PLT0002,2026-08-01 10:51:00,2,2
ORD104918,CUST04581,PROD04714,1,12057.62,15,18,12093.79,2026-06-02 20:34:00,Placed,Paid,PLT0001,2026-06-05 20:34:00,1,1
ORD104919,CUST03075,PROD02345,1,15072.44,10,5,14243.46,2026-02-06 09:38:00,Cancelled,Paid,PLT0006,2026-02-09 09:38:00,1,1
ORD104920,CUST02174,PROD02963,1,5435.21,0,5,5706.97,2026-03-05 19:06:00,Delivered,Paid,PLT0003,2026-03-15 19:06:00,1,1
ORD104921,CUST04707,PROD03684,4,3866.24,0,5,16238.21,2026-09-23 12:24:00,Cancelled,Failed,PLT0026,2026-10-01 12:24:00,4,4
ORD104922,CUST00960,PROD00158,2,12208.75,0,28,31254.4,2026-07-25 00:07:00,Delivered,Paid,PLT0026,2026-08-01 00:07:00,2,2
ORD104923,CUST03993,PROD01713,4,12513.11,0,28,64067.12,2026-02-14 13:07:00,Shipped,Pending,PLT0028,2026-02-24 13:07:00,4,4
ORD104924,CUST02650,PROD00656,1,2127.53,0,18,2510.49,2026-07-20 21:37:00,Packed,Paid,PLT0001,2026-07-27 21:37:00,1,1
ORD104925,CUST00079,PROD03848,4,9037.8,0,12,40489.34,2026-02-22 08:14:00,Returned,Pending,PLT0003,2026-02-25 08:14:00,4,4
ORD104926,CUST03734,PROD03295,4,15491.25,20,5,52050.6,2026-08-16 16:23:00,In Transit,Failed,PLT0001,2026-08-22 16:23:00,4,2
ORD104927,CUST04486,PROD04472,2,15864.37,20,28,32490.23,2026-05-22 15:49:00,Returned,Paid,PLT0028,2026-05-26 15:49:00,2,2
ORD104928,CUST01657,PROD00842,3,10649.24,0,12,35781.45,2026-07-23 09:42:00,In Transit,Refunded,PLT0006,2026-08-01 09:42:00,3,3
ORD104929,CUST00780,PROD00459,4,994.22,0,5,4175.72,2026-08-18 03:40:00,Delivered,Failed,PLT0028,2026-08-23 03:40:00,4,4
ORD104930,CUST01082,PROD00710,4,10934.89,0,12,48988.31,2026-05-10 05:54:00,In Transit,Paid,PLT0028,2026-05-21 05:54:00,4,4
ORD104931,CUST01679,PROD01758,1,7855.88,15,5,7011.37,2026-04-19 05:15:00,Placed,Paid,PLT0028,2026-04-23 05:15:00,1,1
ORD104932,CUST01824,PROD01298,1,1761.63,10,12,1775.72,2026-07-07 04:04:00,Packed,Pending,PLT0028,2026-07-18 04:04:00,1,1
ORD104933,CUST00945,PROD02279,1,10181.25,5,18,11413.18,2026-02-12 08:12:00,Delivered,Paid,PLT0007,2026-02-19 08:12:00,1,1
ORD104934,CUST02613,PROD03849,5,11463.58,20,5,48147.04,2026-07-08 10:40:00,Returned,Paid,PLT0005,2026-07-13 10:40:00,5,5
ORD104935,CUST01854,PROD00442,4,15786.57,20,5,53042.88,2026-09-03 05:26:00,Delivered,Pending,PLT0006,2026-09-09 05:26:00,4,4
ORD104936,CUST02235,PROD03940,1,6747.5,0,18,7962.05,2026-07-12 10:17:00,Cancelled,Pending,PLT0026,2026-07-22 10:17:00,1,1
ORD104937,CUST04904,PROD01541,2,11372.84,0,5,23882.96,2026-02-27 12:36:00,Placed,Paid,PLT0002,2026-03-07 12:36:00,2,2
ORD104938,CUST04086,PROD00465,5,15397.54,5,5,76795.23,2026-08-02 00:53:00,Cancelled,Pending,PLT0003,2026-08-07 00:53:00,5,5
ORD104939,CUST03091,PROD04188,3,9297.03,5,28,33915.57,2026-03-08 11:59:00,Packed,Pending,PLT0004,2026-03-15 11:59:00,3,3
ORD104940,CUST01418,PROD00811,4,15757.98,0,18,74377.67,2026-03-06 17:49:00,Shipped,Failed,PLT0009,2026-03-18 17:49:00,4,4
ORD104941,CUST00845,PROD02397,4,2554.91,5,28,12427.08,2026-04-14 06:18:00,Delivered,Pending,PLT0004,2026-04-27 06:18:00,4,4
ORD104942,CUST04015,PROD00646,2,14258.38,10,18,30284.8,2026-05-07 07:23:00,Cancelled,Pending,PLT0002,2026-05-21 07:23:00,2,2
ORD104943,CUST02349,PROD02273,3,7852.91,10,12,23747.2,2026-02-07 15:18:00,Delivered,Paid,PLT0007,2026-02-16 15:18:00,3,3
ORD104944,CUST00586,PROD01479,3,12784.24,20,18,36204.97,2026-05-12 05:30:00,Packed,Paid,PLT0025,2026-05-15 05:30:00,3,3
ORD104945,CUST00245,PROD01826,5,8530.8,10,18,45298.55,2026-05-06 04:41:00,Packed,Paid,PLT0001,2026-05-09 04:41:00,5,5
ORD104946,CUST01813,PROD03596,4,10350.45,10,28,47694.87,2026-08-30 01:05:00,Cancelled,Refunded,PLT0007,2026-09-08 01:05:00,4,4
ORD104947,CUST03708,PROD02934,1,8756.5,10,5,8274.89,2026-02-04 08:52:00,Packed,Failed,PLT0002,2026-02-09 08:52:00,1,1
ORD104948,CUST02855,PROD03590,2,3222.07,0,18,7604.09,2026-06-07 16:16:00,Delivered,Failed,PLT0005,2026-06-14 16:16:00,2,2
ORD104949,CUST00857,PROD02259,2,5138.45,20,5,8632.6,2026-03-29 12:52:00,Delivered,Paid,PLT0027,2026-04-09 12:52:00,2,2
ORD104950,CUST02443,PROD02813,2,10697.95,0,18,25247.16,2026-05-16 06:52:00,Placed,Paid,PLT0009,2026-05-26 06:52:00,2,1
ORD104951,CUST00873,PROD02244,2,15926.46,20,28,32617.39,2026-02-13 08:00:00,In Transit,Pending,PLT0009,2026-02-20 08:00:00,2,2
ORD104952,CUST03112,PROD03065,1,10410.23,20,18,9827.26,2026-04-05 02:27:00,Delivered,Paid,PLT0001,2026-04-10 02:27:00,1,1
ORD104953,CUST02296,PROD01004,1,11741.38,20,12,10520.28,2026-08-15 17:54:00,Shipped,Pending,PLT0004,2026-08-29 17:54:00,1,1
ORD104954,CUST04597,PROD03618,5,13536.42,5,18,75871.63,2026-07-08 17:18:00,Returned,Pending,PLT0002,2026-07-22 17:18:00,5,5
ORD104955,CUST03346,PROD01899,4,5749.61,0,18,27138.16,2026-02-14 01:58:00,Cancelled,Paid,PLT0001,2026-02-25 01:58:00,4,4
ORD104956,CUST03150,PROD01588,1,6527.67,5,5,6511.35,2026-04-09 19:38:00,Delivered,Paid,PLT0001,2026-04-23 19:38:00,1,1
ORD104957,CUST04328,PROD00042,5,7972.31,0,5,41854.63,2026-08-18 23:00:00,Delivered,Pending,PLT0001,2026-09-01 23:00:00,5,5
ORD104958,CUST04733,PROD00551,3,8369.6,0,12,28121.86,2026-04-11 19:11:00,Cancelled,Failed,PLT0008,2026-04-23 19:11:00,3,3
ORD104959,CUST04586,PROD03330,4,10770.4,15,18,43210.84,2026-05-01 01:06:00,In Transit,Refunded,PLT0007,2026-05-11 01:06:00,4,4
ORD104960,CUST01532,PROD02775,1,8789.58,15,5,7844.7,2026-05-16 04:59:00,Packed,Paid,PLT0007,2026-05-19 04:59:00,1,1
ORD104961,CUST01554,PROD02149,3,7956.98,0,18,28167.71,2026-07-13 18:18:00,Packed,Refunded,PLT0007,2026-07-22 18:18:00,3,3
ORD104962,CUST04994,PROD04160,5,9094.34,0,28,58203.78,2026-06-11 05:16:00,Placed,Refunded,PLT0028,2026-06-24 05:16:00,5,5
ORD104963,CUST03719,PROD03732,1,15491.41,5,28,18837.55,2026-05-08 22:26:00,Packed,Pending,PLT0029,2026-05-14 22:26:00,1,1
ORD104964,CUST01579,PROD03213,1,2949.13,0,12,3303.03,2026-05-26 06:49:00,Cancelled,Failed,PLT0028,2026-06-09 06:49:00,1,1
ORD104965,CUST01071,PROD03022,3,6979.99,0,28,26803.16,2026-02-11 13:45:00,Delivered,Paid,PLT0005,2026-02-21 13:45:00,3,3
ORD104966,CUST03648,PROD03676,1,4567.69,5,5,4556.27,2026-07-21 11:29:00,Delivered,Paid,PLT0004,2026-07-24 11:29:00,1,1
ORD104967,CUST04335,PROD04348,2,8918.52,0,5,18728.89,2026-04-10 23:23:00,Placed,Paid,PLT0029,2026-04-21 23:23:00,2,2
ORD104968,CUST03221,PROD00741,1,7455.61,5,12,7932.77,2026-04-29 09:04:00,Shipped,Refunded,PLT0027,2026-05-13 09:04:00,1,1
ORD104969,CUST00264,PROD03044,4,6516.26,5,18,29218.91,2026-04-09 07:13:00,Cancelled,Paid,PLT0026,2026-04-13 07:13:00,4,3
ORD104970,CUST01306,PROD04616,3,5138.39,10,5,14567.34,2026-07-03 03:58:00,Packed,Failed,PLT0008,2026-07-10 03:58:00,3,3
ORD104971,CUST04307,PROD00603,4,2913.47,15,28,12679.42,2026-03-16 10:56:00,Shipped,Failed,PLT0008,2026-03-24 10:56:00,4,4
ORD104972,CUST02375,PROD03447,5,12889.18,5,5,64284.79,2026-06-19 21:45:00,Delivered,Paid,PLT0004,2026-06-23 21:45:00,5,5
ORD104973,CUST03385,PROD03203,4,3181.42,20,12,11402.21,2026-08-26 03:51:00,Packed,Paid,PLT0003,2026-09-06 03:51:00,4,4
ORD104974,CUST01765,PROD02894,2,10507.95,5,28,25555.33,2026-01-28 20:31:00,Delivered,Pending,PLT0026,2026-02-03 20:31:00,2,2
ORD104975,CUST02948,PROD02751,2,6270.83,20,28,12842.66,2026-01-31 07:26:00,Delivered,Refunded,PLT0028,2026-02-13 07:26:00,2,2
ORD104976,CUST03002,PROD00762,4,5055.38,10,28,23295.19,2026-04-09 00:08:00,Placed,Refunded,PLT0008,2026-04-12 00:08:00,4,4
ORD104977,CUST02915,PROD03593,5,9125.86,0,12,51104.82,2026-05-12 01:27:00,Returned,Failed,PLT0000,2026-05-19 01:27:00,5,5
ORD104978,CUST00138,PROD01189,1,4884.32,5,12,5196.92,2026-04-06 01:20:00,Delivered,Pending,PLT0007,2026-04-11 01:20:00,1,1
ORD104979,CUST00558,PROD04569,2,2295.19,10,18,4874.98,2026-09-03 10:19:00,Delivered,Paid,PLT0009,2026-09-14 10:19:00,2,2
ORD104980,CUST01157,PROD03170,4,6612.77,0,18,31212.27,2026-08-09 11:33:00,Packed,Paid,PLT0006,2026-08-19 11:33:00,4,4
ORD104981,CUST00544,PROD02053,4,2734.82,10,18,11617.52,2026-01-29 11:21:00,Placed,Failed,PLT0004,2026-02-11 11:21:00,4,4
ORD104982,CUST04918,PROD01263,4,5033.76,15,12,19168.56,2026-05-18 08:43:00,In Transit,Paid,PLT0008,2026-05-24 08:43:00,4,4
ORD104983,CUST04643,PROD00628,1,11983.79,15,28,13038.36,2026-03-16 19:50:00,In Transit,Paid,PLT0005,2026-03-25 19:50:00,1,1
ORD104984,CUST00664,PROD01776,3,5113.97,0,28,19637.64,2026-02-12 16:04:00,Delivered,Paid,PLT0026,2026-02-18 16:04:00,3,3
ORD104985,CUST02151,PROD03557,5,4449.88,20,5,18689.5,2026-02-02 16:02:00,Returned,Refunded,PLT0007,2026-02-11 16:02:00,5,5
ORD104986,CUST04851,PROD00435,3,1436.3,0,18,5084.5,2026-05-13 14:41:00,Packed,Paid,PLT0028,2026-05-20 14:41:00,3,3
ORD104987,CUST04831,PROD00932,5,13374.39,20,28,68476.88,2026-07-08 11:56:00,Placed,Pending,PLT0005,2026-07-19 11:56:00,5,5
ORD104988,CUST02851,PROD03934,5,3639.55,20,28,18634.5,2026-09-02 09:24:00,Placed,Pending,PLT0000,2026-09-06 09:24:00,5,5
ORD104989,CUST01059,PROD00763,4,4049.98,20,28,16588.72,2026-03-23 13:41:00,In Transit,Pending,PLT0027,2026-03-27 13:41:00,4,4
ORD104990,CUST02635,PROD02491,2,4642.96,20,28,9508.78,2026-04-26 00:37:00,In Transit,Refunded,PLT0006,2026-05-02 00:37:00,2,1
ORD104991,CUST01568,PROD03963,4,554.57,15,12,2111.8,2026-02-01 00:31:00,Delivered,Pending,PLT0009,2026-02-13 00:31:00,4,4
ORD104992,CUST02760,PROD01312,1,14326.58,15,18,14369.56,2026-02-28 21:17:00,Delivered,Failed,PLT0005,2026-03-03 21:17:00,1,1
ORD104993,CUST04725,PROD01422,5,8164.03,5,28,49637.3,2026-02-27 21:32:00,In Transit,Pending,PLT0002,2026-03-09 21:32:00,5,5
ORD104994,CUST02993,PROD01029,2,5172.7,15,28,11255.8,2026-03-10 23:42:00,In Transit,Failed,PLT0029,2026-03-19 23:42:00,2,2
ORD104995,CUST01939,PROD04976,5,7201.95,0,28,46092.48,2026-04-21 15:19:00,Packed,Refunded,PLT0025,2026-04-27 15:19:00,5,5
ORD104996,CUST00062,PROD02327,5,13156.05,15,28,71568.91,2026-03-30 14:19:00,Cancelled,Paid,PLT0002,2026-04-05 14:19:00,5,5
ORD104997,CUST00688,PROD02709,4,378.08,0,5,1587.94,2026-04-16 21:37:00,Delivered,Paid,PLT0027,2026-04-24 21:37:00,4,3
ORD104998,CUST04689,PROD01642,2,13487.33,0,28,34527.56,2026-01-30 17:36:00,Shipped,Refunded,PLT0002,2026-02-12 17:36:00,2,2
ORD104999,CUST03176,PROD00810,2,1899.48,15,28,4133.27,2026-08-25 15:39:00,Shipped,Paid,PLT0005,2026-09-04 15:39:00,2,1
