prod_id,prod_name,category,brand,unit_price
PROD00001,Wireless Water Bottle,Sports,TrueValue,6054.19
PROD00002,Smart Headphones,Toys,Metro,15215.36
PROD00003,Eco Backpack,Apparel,Metro,11737.7
PROD00004,Eco Yoga Mat,Home & Kitchen,Everline,9617.67
PROD00005,Portable Mouse,Toys,Zenith,2579.7
PROD00006,Eco Sneakers,Electronics,TrueValue,2579.31
PROD00007,Classic Wallet,Books,Pixel,1022.53
PROD00008,Portable T-Shirt,Apparel,Vortex,13871.2
PROD00009,Portable Sneakers,Sports,Nova,9656.73
PROD00010,Eco Wallet,Toys,TrueValue,11357.35
PROD00011,Compact Keyboard,Home & Kitchen,Pixel,426.29
PROD00012,Smart Charger,Books,TrueValue,15520.57
PROD00013,Deluxe Keyboard,Electronics,Urban Craft,13334.84
PROD00014,Compact Wallet,Electronics,TrueValue,3475.19
PROD00015,Portable Blender,Sports,Metro,2990.02
PROD00016,Wireless Mouse,Sports,Zenith,3015.13
PROD00017,Portable Speaker,Apparel,Bright Home,4936.45
PROD00018,Rapid Sunglasses,Apparel,Urban Craft,8442.63
PROD00019,Wireless Speaker,Books,Bright Home,6966.93
PROD00020,Essential Mouse,Apparel,Pixel,4729.54
PROD00021,Portable Wallet,Home & Kitchen,Zenith,9827.46
PROD00022,Premium Backpack,Grocery,Vortex,2316.95
PROD00023,Compact Backpack,Books,Vortex,4744.1
PROD00024,Rapid Backpack,Toys,Vortex,5924.15
PROD00025,Eco Wallet,Sports,TrueValue,7350.51
PROD00026,Essential Headphones,Electronics,TrueValue,12583.3
PROD00027,Compact Notebook,Grocery,Urban Craft,3273.81
PROD00028,Portable Headphones,Grocery,Urban Craft,8275.33
PROD00029,Essential Notebook,Sports,Urban Craft,9518.39
PROD00030,Smart Mouse,Home & Kitchen,Zenith,837.56
PROD00031,Portable Desk Lamp,Apparel,Urban Craft,9758.96
PROD00032,Rapid Air Fryer,Toys,TrueValue,2810.33
PROD00033,Essential T-Shirt,Electronics,Urban Craft,1133.32
PROD00034,Premium Speaker,Home & Kitchen,Zenith,15186.28
PROD00035,Portable Sunglasses,Beauty,Metro,15452.55
PROD00036,Wireless Wallet,Grocery,Vortex,12952.52
PROD00037,Essential Air Fryer,Beauty,Pixel,4942.36
PROD00038,Smart Sneakers,Toys,Sunrise,1651.99
PROD00039,Premium Notebook,Toys,Zenith,10978.31
PROD00040,Wireless Sneakers,Sports,Metro,7097.42
PROD00041,Classic Water Bottle,Books,Nova,2039.41
PROD00042,Eco Desk Lamp,Books,Pixel,7972.31
PROD00043,Eco T-Shirt,Home & Kitchen,TrueValue,645.78
PROD00044,Portable Blender,Toys,Vortex,14557.19
PROD00045,Essential Mouse,Grocery,Pixel,4213.6
PROD00046,Compact Keyboard,Home & Kitchen,Zenith,10633.1
PROD00047,Classic Backpack,Toys,Vortex,5055.21
PROD00048,Premium T-Shirt,Toys,Everline,8368.08
PROD00049,Classic Keyboard,Electronics,Zenith,8791.69
PROD00050,Portable Blender,Electronics,Nova,3038.19
PROD00051,Wireless Notebook,Sports,Urban Craft,15515.4
PROD00052,Smart Air Fryer,Home & Kitchen,Metro,12423.61
PROD00053,Eco Yoga Mat,Apparel,Everline,15037.03
PROD00054,Smart Notebook,Grocery,Sunrise,14326.75
PROD00055,Eco Headphones,Apparel,Pixel,9605.61
PROD00056,Smart Mouse,Apparel,Sunrise,14756.8
PROD00057,Portable Sunglasses,Home & Kitchen,Everline,1506.03
PROD00058,Portable Air Fryer,Books,Nova,3215.13
PROD00059,Smart Wallet,Sports,Sunrise,818.11
PROD00060,Wireless Mouse,Toys,Pixel,5271.75
PROD00061,Essential Air Fryer,Sports,Pixel,6278.97
PROD00062,Premium Charger,Home & Kitchen,Urban Craft,4413.45
PROD00063,Classic Notebook,Toys,Vortex,13275.93
PROD00064,Deluxe Wallet,Books,Zenith,5771.38
PROD00065,Wireless Sneakers,Beauty,Nova,4565.86
PROD00066,Premium Wallet,Beauty,TrueValue,8727.87
PROD00067,Wireless Desk Lamp,Sports,Everline,2339.7
PROD00068,Deluxe Keyboard,Grocery,Pixel,12853.93
PROD00069,Premium Water Bottle,Apparel,Everline,1284.36
PROD00070,Portable Water Bottle,Sports,Zenith,15790.5
PROD00071,Rapid Notebook,Books,Pixel,12377.69
PROD00072,Smart Sunglasses,Apparel,Everline,3258.58
PROD00073,Premium Wallet,Apparel,Bright Home,186.8
PROD00074,Rapid Yoga Mat,Apparel,Pixel,13064.84
PROD00075,Eco Blender,Electronics,TrueValue,11338.03
PROD00076,Deluxe Charger,Home & Kitchen,Pixel,11690.21
PROD00077,Essential Wallet,Beauty,Zenith,12362.2
PROD00078,Portable Keyboard,Books,Vortex,1276.31
PROD00079,Portable Blender,Beauty,Zenith,5798.61
PROD00080,Deluxe Notebook,Beauty,Metro,1941.32
PROD00081,Essential Notebook,Apparel,Zenith,13822.34
PROD00082,Wireless Backpack,Books,Bright Home,10009.44
PROD00083,Wireless Yoga Mat,Grocery,Pixel,5360.28
PROD00084,Portable Backpack,Home & Kitchen,Pixel,1109.58
PROD00085,Eco Headphones,Electronics,Everline,5043.62
PROD00086,Smart Backpack,Toys,TrueValue,5269.41
PROD00087,Deluxe Headphones,Grocery,Vortex,11699.74
PROD00088,Eco Air Fryer,Books,Zenith,10236.16
PROD00089,Deluxe Mouse,Electronics,Everline,14205.68
PROD00090,Rapid Desk Lamp,Books,TrueValue,7607.22
PROD00091,Classic Keyboard,Home & Kitchen,Pixel,2000.55
PROD00092,Eco Yoga Mat,Beauty,Pixel,11439.59
PROD00093,Classic Yoga Mat,Sports,Sunrise,12195.48
PROD00094,Compact T-Shirt,Grocery,Urban Craft,9023.31
PROD00095,Essential Headphones,Electronics,Everline,12357.38
PROD00096,Portable Wallet,Books,TrueValue,7950.35
PROD00097,Wireless Sunglasses,Home & Kitchen,Zenith,8410.45
PROD00098,Eco Yoga Mat,Apparel,Vortex,6896.9
PROD00099,Wireless Desk Lamp,Apparel,Bright Home,503.16
PROD00100,Eco Water Bottle,Grocery,Sunrise,1814.47
PROD00101,Wireless Sunglasses,Books,Metro,598.72
PROD00102,Rapid T-Shirt,Apparel,Urban Craft,10217.93
PROD00103,Eco Sneakers,Books,Urban Craft,5097.26
PROD00104,Compact Wallet,Electronics,Nova,8185.27
PROD00105,Premium Water Bottle,Beauty,Bright Home,14529.31
PROD00106,Eco Mouse,Apparel,Sunrise,4062.75
PROD00107,Compact Charger,Toys,Urban Craft,6624.09
PROD00108,Premium Blender,Sports,Metro,12112.26
PROD00109,Rapid Speaker,Toys,Metro,3736.89
PROD00110,Rapid Mouse,Grocery,TrueValue,1322.98
PROD00111,Premium Mouse,Electronics,Everline,4706.05
PROD00112,Essential Notebook,Home & Kitchen,Sunrise,2662.42
PROD00113,Eco Mouse,Books,Nova,14881.19
PROD00114,Essential Backpack,Home & Kitchen,Urban Craft,12948.11
PROD00115,Essential Desk Lamp,Electronics,Sunrise,10170.12
PROD00116,Essential Mouse,Sports,TrueValue,13955.22
PROD00117,Rapid Backpack,Books,Everline,12877.39
PROD00118,Deluxe Keyboard,Sports,Vortex,3065.46
PROD00119,Wireless Headphones,Books,Zenith,14290.69
PROD00120,Compact Sunglasses,Apparel,Sunrise,8674.54
PROD00121,Eco Water Bottle,Sports,Bright Home,12937.3
PROD00122,Rapid Mouse,Electronics,Metro,14346.85
PROD00123,Portable Wallet,Books,Zenith,5155.26
PROD00124,Deluxe Sunglasses,Beauty,Metro,1848.83
PROD00125,Deluxe Keyboard,Grocery,Sunrise,3723.17
PROD00126,Premium Desk Lamp,Apparel,Zenith,6890.01
PROD00127,Essential Wallet,Home & Kitchen,Bright Home,13105.43
PROD00128,Compact Charger,Sports,Urban Craft,13784.62
PROD00129,Rapid Sneakers,Apparel,Everline,209.54
PROD00130,Premium Blender,Electronics,TrueValue,8219.88
PROD00131,Essential T-Shirt,Books,Metro,6735.83
PROD00132,Eco Charger,Electronics,Metro,3630.51
PROD00133,Classic Speaker,Grocery,Pixel,2004.86
PROD00134,Wireless Sunglasses,Grocery,Zenith,5467.08
PROD00135,Deluxe Headphones,Electronics,TrueValue,15091.26
PROD00136,Portable Yoga Mat,Toys,Everline,5237.93
PROD00137,Eco Blender,Grocery,Pixel,8347.77
PROD00138,Essential Water Bottle,Beauty,Bright Home,11277.0
PROD00139,Compact Keyboard,Apparel,Everline,5880.71
PROD00140,Portable Blender,Home & Kitchen,Zenith,15550.34
PROD00141,Smart Yoga Mat,Books,Pixel,15401.91
PROD00142,Eco Notebook,Electronics,Pixel,4102.34
PROD00143,Essential Wallet,Home & Kitchen,Sunrise,8005.25
PROD00144,Classic Water Bottle,Books,Bright Home,4882.97
PROD00145,Portable Keyboard,Electronics,Zenith,4627.96
PROD00146,Wireless Sunglasses,Sports,Pixel,685.5
PROD00147,Portable Blender,Beauty,Bright Home,9791.07
PROD00148,Eco Wallet,Beauty,Vortex,8091.6
PROD00149,Classic Speaker,Beauty,TrueValue,917.51
PROD00150,Deluxe Headphones,Home & Kitchen,Bright Home,4529.48
PROD00151,Portable Blender,Toys,Zenith,14540.43
PROD00152,Rapid Sneakers,Apparel,Bright Home,3908.03
PROD00153,Premium Sunglasses,Grocery,Zenith,2402.83
PROD00154,Deluxe Desk Lamp,Home & Kitchen,Bright Home,7881.3
PROD00155,Rapid Wallet,Apparel,Nova,15770.84
PROD00156,Classic Sunglasses,Books,Everline,3947.68
PROD00157,Deluxe Notebook,Toys,TrueValue,10785.96
PROD00158,Portable T-Shirt,Toys,Pixel,12208.75
PROD00159,Rapid Air Fryer,Books,Pixel,3877.44
PROD00160,Smart Notebook,Home & Kitchen,Vortex,11677.64
PROD00161,Portable Charger,Home & Kitchen,Nova,5946.75
PROD00162,Essential Sunglasses,Grocery,Vortex,10152.66
PROD00163,Premium Water Bottle,Grocery,Pixel,10172.12
PROD00164,Portable Sneakers,Electronics,Bright Home,8617.82
PROD00165,Wireless Backpack,Beauty,Vortex,1534.61
PROD00166,Essential Headphones,Home & Kitchen,Zenith,13380.31
PROD00167,Wireless Charger,Beauty,Urban Craft,5199.4
PROD00168,Classic Speaker,Home & Kitchen,Vortex,3064.64
PROD00169,Essential Blender,Electronics,TrueValue,747.32
PROD00170,Compact Charger,Toys,Vortex,9494.2
PROD00171,Deluxe Blender,Toys,Nova,10872.27
PROD00172,Essential Backpack,Sports,Bright Home,362.75
PROD00173,Essential Speaker,Books,Metro,8241.28
PROD00174,Essential Headphones,Beauty,Everline,3700.28
PROD00175,Smart Yoga Mat,Apparel,Pixel,10357.25
PROD00176,Smart Keyboard,Grocery,Zenith,2871.43
PROD00177,Smart Backpack,Grocery,Urban Craft,11084.91
PROD00178,Smart Sunglasses,Electronics,Zenith,6248.09
PROD00179,Rapid Headphones,Grocery,Vortex,14993.01
PROD00180,Wireless T-Shirt,Toys,Sunrise,2285.58
PROD00181,Eco Sneakers,Beauty,Metro,5521.95
PROD00182,Rapid Sunglasses,Toys,TrueValue,1903.23
PROD00183,Portable Notebook,Apparel,Nova,14801.63
PROD00184,Smart T-Shirt,Grocery,Bright Home,14048.7
PROD00185,Portable Water Bottle,Home & Kitchen,Metro,4200.27
PROD00186,Eco Water Bottle,Grocery,Vortex,10592.75
PROD00187,Wireless Sneakers,Grocery,Urban Craft,13092.83
PROD00188,Essential Desk Lamp,Apparel,Metro,8926.69
PROD00189,Rapid Sunglasses,Books,Bright Home,8520.44
PROD00190,Classic Sunglasses,Sports,Vortex,3944.45
PROD00191,Rapid Blender,Toys,Urban Craft,1579.33
PROD00192,Premium Water Bottle,Beauty,Nova,14364.73
PROD00193,Rapid Water Bottle,Books,TrueValue,14415.65
PROD00194,Eco Headphones,Electronics,Zenith,10165.31
PROD00195,Classic Yoga Mat,Home & Kitchen,Sunrise,5489.57
PROD00196,Premium Wallet,Electronics,Bright Home,5651.43
PROD00197,Smart Water Bottle,Apparel,Urban Craft,11641.7
PROD00198,Compact Sneakers,Home & Kitchen,Metro,14363.05
PROD00199,Essential Notebook,Grocery,Pixel,14203.67
PROD00200,Premium Wallet,Apparel,Zenith,12499.02
PROD00201,Deluxe Speaker,Grocery,Metro,10307.3
PROD00202,Portable Mouse,Toys,Zenith,1436.83
PROD00203,Smart Desk Lamp,Grocery,Bright Home,2668.9
PROD00204,Deluxe Yoga Mat,Toys,Vortex,14386.01
PROD00205,Wireless T-Shirt,Electronics,Sunrise,9741.22
PROD00206,Portable Sunglasses,Beauty,Vortex,245.23
PROD00207,Deluxe Sunglasses,Apparel,Everline,1712.4
PROD00208,Essential Backpack,Home & Kitchen,Sunrise,10648.68
PROD00209,Deluxe Air Fryer,Apparel,Bright Home,179.48
PROD00210,Smart Backpack,Toys,TrueValue,2655.85
PROD00211,Compact Air Fryer,Sports,Vortex,8823.87
PROD00212,Smart Air Fryer,Grocery,TrueValue,11100.13
PROD00213,Portable Headphones,Grocery,Nova,10465.18
PROD00214,Portable Notebook,Sports,Zenith,3664.88
PROD00215,Rapid Backpack,Apparel,Metro,11422.65
PROD00216,Premium T-Shirt,Electronics,Urban Craft,3871.26
PROD00217,Deluxe Yoga Mat,Books,Everline,5272.86
PROD00218,Wireless Sneakers,Home & Kitchen,Everline,11968.21
PROD00219,Deluxe Water Bottle,Electronics,Pixel,10428.16
PROD00220,Wireless Desk Lamp,Beauty,Zenith,13601.65
PROD00221,Rapid Keyboard,Grocery,Vortex,10555.04
PROD00222,Smart Charger,Books,Everline,9135.11
PROD00223,Essential Yoga Mat,Sports,Everline,1588.43
PROD00224,Deluxe Yoga Mat,Apparel,Nova,5945.68
PROD00225,Eco Water Bottle,Toys,TrueValue,4315.72
PROD00226,Essential Desk Lamp,Apparel,Bright Home,3978.44
PROD00227,Smart Headphones,Books,Zenith,15569.87
PROD00228,Essential Blender,Grocery,Bright Home,6349.25
PROD00229,Eco Charger,Grocery,Zenith,14282.54
PROD00230,Deluxe Mouse,Electronics,TrueValue,10134.1
PROD00231,Rapid T-Shirt,Sports,Pixel,12736.5
PROD00232,Portable Mouse,Home & Kitchen,Sunrise,8090.93
PROD00233,Eco Desk Lamp,Grocery,TrueValue,9271.77
PROD00234,Smart Desk Lamp,Electronics,Nova,7930.03
PROD00235,Classic Blender,Electronics,Pixel,3203.36
PROD00236,Wireless Backpack,Grocery,Metro,11585.99
PROD00237,Wireless Air Fryer,Toys,Vortex,4563.28
PROD00238,Compact Sunglasses,Apparel,Urban Craft,485.62
PROD00239,Essential Sunglasses,Sports,Bright Home,10362.01
PROD00240,Classic Headphones,Grocery,Vortex,2915.06
PROD00241,Portable Desk Lamp,Home & Kitchen,Everline,15052.29
PROD00242,Essential Sneakers,Books,TrueValue,15266.46
PROD00243,Premium Mouse,Apparel,Everline,14645.34
PROD00244,Premium Backpack,Apparel,Vortex,5984.52
PROD00245,Rapid Speaker,Home & Kitchen,Bright Home,344.76
PROD00246,Essential Blender,Electronics,Metro,14859.27
PROD00247,Smart Sneakers,Grocery,Nova,6907.13
PROD00248,Essential Notebook,Home & Kitchen,Metro,15468.81
PROD00249,Portable Wallet,Toys,TrueValue,15420.56
PROD00250,Portable Headphones,Electronics,Zenith,13661.85
PROD00251,Rapid Air Fryer,Apparel,TrueValue,4780.74
PROD00252,Rapid Backpack,Electronics,Urban Craft,6222.05
PROD00253,Premium Backpack,Grocery,Everline,13632.07
PROD00254,Portable Sunglasses,Beauty,Nova,5138.06
PROD00255,Wireless Headphones,Electronics,Metro,2793.93
PROD00256,Classic Wallet,Grocery,Everline,8952.14
PROD00257,Portable Charger,Beauty,Bright Home,14983.86
PROD00258,Wireless Backpack,Books,Pixel,11165.87
PROD00259,Eco Air Fryer,Books,Bright Home,9162.97
PROD00260,Compact Charger,Grocery,Nova,1644.11
PROD00261,Compact Air Fryer,Home & Kitchen,Pixel,9877.61
PROD00262,Portable T-Shirt,Books,Sunrise,15840.86
PROD00263,Classic Speaker,Electronics,Everline,2326.34
PROD00264,Compact Mouse,Toys,Everline,8340.44
PROD00265,Compact Blender,Toys,Urban Craft,14049.23
PROD00266,Smart T-Shirt,Apparel,Sunrise,11877.22
PROD00267,Classic Charger,Toys,Sunrise,11181.55
PROD00268,Essential Water Bottle,Apparel,Urban Craft,11268.5
PROD00269,Compact Notebook,Electronics,Pixel,5814.91
PROD00270,Essential Air Fryer,Beauty,Zenith,4767.11
PROD00271,Wireless Sunglasses,Sports,Pixel,12967.84
PROD00272,Premium Wallet,Electronics,Urban Craft,12979.8
PROD00273,Smart Air Fryer,Electronics,Metro,13885.45
PROD00274,Smart Desk Lamp,Books,Metro,14619.52
PROD00275,Eco Charger,Home & Kitchen,Bright Home,8229.34
PROD00276,Wireless T-Shirt,Sports,Vortex,8073.11
PROD00277,Classic Sunglasses,Home & Kitchen,Sunrise,12791.89
PROD00278,Wireless Keyboard,Home & Kitchen,Pixel,10433.43
PROD00279,Eco Keyboard,Home & Kitchen,TrueValue,11260.27
PROD00280,Smart Backpack,Sports,Pixel,12752.1
PROD00281,Wireless Wallet,Electronics,Everline,14250.08
PROD00282,Essential Yoga Mat,Grocery,Sunrise,5473.12
PROD00283,Premium Charger,Books,Everline,6070.77
PROD00284,Smart T-Shirt,Apparel,Metro,1593.31
PROD00285,Compact Backpack,Books,Metro,9293.65
PROD00286,Classic Backpack,Apparel,Zenith,670.48
PROD00287,Compact Mouse,Sports,Metro,7502.01
PROD00288,Compact Water Bottle,Grocery,Vortex,8727.05
PROD00289,Classic Blender,Electronics,Vortex,4655.01
PROD00290,Deluxe T-Shirt,Beauty,Bright Home,9493.25
PROD00291,Eco Backpack,Beauty,Pixel,583.95
PROD00292,Eco Keyboard,Books,Sunrise,692.84
PROD00293,Essential T-Shirt,Grocery,Everline,13178.35
PROD00294,Eco Desk Lamp,Toys,Sunrise,5826.03
PROD00295,Premium T-Shirt,Home & Kitchen,Bright Home,2119.26
PROD00296,Classic Blender,Electronics,Metro,8402.67
PROD00297,Smart Headphones,Sports,Urban Craft,12341.9
PROD00298,Smart Speaker,Grocery,Urban Craft,3530.55
PROD00299,Eco Yoga Mat,Sports,Everline,10002.96
PROD00300,Wireless Sneakers,Grocery,TrueValue,1456.02
PROD00301,Rapid T-Shirt,Home & Kitchen,Pixel,920.74
PROD00302,Essential Backpack,Home & Kitchen,Vortex,8547.54
PROD00303,Portable Speaker,Apparel,Bright Home,8695.1
PROD00304,Portable Blender,Electronics,Pixel,10234.14
PROD00305,Deluxe Blender,Books,Bright Home,11643.85
PROD00306,Portable Sunglasses,Toys,Bright Home,15615.05
PROD00307,Rapid Water Bottle,Home & Kitchen,Urban Craft,8308.18
PROD00308,Essential Keyboard,Electronics,Sunrise,5234.01
PROD00309,Portable Water Bottle,Apparel,Vortex,12742.46
PROD00310,Classic Water Bottle,Beauty,Zenith,4405.23
PROD00311,Compact Backpack,Electronics,Zenith,7078.65
PROD00312,Essential Blender,Toys,Vortex,1346.46
PROD00313,Premium Air Fryer,Beauty,Zenith,502.08
PROD00314,Compact Desk Lamp,Grocery,Bright Home,15405.11
PROD00315,Rapid Blender,Home & Kitchen,Everline,13391.08
PROD00316,Classic Blender,Sports,Pixel,11164.99
PROD00317,Classic Mouse,Books,Everline,6601.35
PROD00318,Premium Headphones,Books,Metro,2854.38
PROD00319,Rapid Yoga Mat,Sports,Everline,2586.35
PROD00320,Eco Headphones,Home & Kitchen,Everline,4077.86
PROD00321,Essential Blender,Home & Kitchen,Pixel,8831.7
PROD00322,Classic Water Bottle,Electronics,Metro,11461.08
PROD00323,Eco T-Shirt,Home & Kitchen,TrueValue,10596.14
PROD00324,Compact Mouse,Books,Everline,4549.95
PROD00325,Premium Water Bottle,Home & Kitchen,Nova,15281.36
PROD00326,Wireless Blender,Sports,Bright Home,11831.56
PROD00327,Deluxe Air Fryer,Toys,Metro,8913.23
PROD00328,Wireless Sneakers,Beauty,Sunrise,9825.36
PROD00329,Wireless Air Fryer,Home & Kitchen,Metro,6770.64
PROD00330,Classic Speaker,Home & Kitchen,Everline,4037.92
PROD00331,Essential Charger,Grocery,Sunrise,5758.97
PROD00332,Eco Yoga Mat,Sports,Urban Craft,12148.75
PROD00333,Essential Air Fryer,Electronics,Metro,327.86
PROD00334,Rapid Backpack,Electronics,TrueValue,1944.55
PROD00335,Rapid Sneakers,Electronics,Sunrise,830.44
PROD00336,Deluxe Water Bottle,Beauty,Bright Home,746.59
PROD00337,Essential Blender,Grocery,Pixel,13700.82
PROD00338,Smart Charger,Books,Nova,11287.16
PROD00339,Deluxe T-Shirt,Apparel,Metro,7638.36
PROD00340,Essential Blender,Books,Metro,1654.56
PROD00341,Eco Air Fryer,Toys,Vortex,7915.69
PROD00342,Classic Blender,Sports,Urban Craft,7627.2
PROD00343,Portable Headphones,Electronics,Sunrise,2852.91
PROD00344,Compact Blender,Grocery,Everline,6997.24
PROD00345,Rapid Mouse,Beauty,Everline,6435.23
PROD00346,Premium Blender,Books,TrueValue,9891.02
PROD00347,Smart Keyboard,Home & Kitchen,Zenith,10196.99
PROD00348,Rapid T-Shirt,Grocery,Vortex,819.33
PROD00349,Compact Headphones,Beauty,Metro,6055.34
PROD00350,Premium Yoga Mat,Books,Pixel,10050.17
PROD00351,Eco Water Bottle,Sports,Metro,8098.87
PROD00352,Smart Air Fryer,Electronics,TrueValue,13717.19
PROD00353,Compact Desk Lamp,Electronics,Pixel,10572.23
PROD00354,Wireless Sneakers,Home & Kitchen,Zenith,2689.66
PROD00355,Compact Desk Lamp,Beauty,TrueValue,1221.04
PROD00356,Eco Water Bottle,Sports,Metro,10313.47
PROD00357,Eco Sunglasses,Sports,Zenith,520.53
PROD00358,Premium Notebook,Beauty,TrueValue,9412.83
PROD00359,Compact Mouse,Books,Urban Craft,15048.66
PROD00360,Compact T-Shirt,Beauty,Zenith,9249.04
PROD00361,Smart Desk Lamp,Apparel,Everline,6270.9
PROD00362,Compact Notebook,Electronics,TrueValue,10327.28
PROD00363,Rapid Speaker,Grocery,TrueValue,7385.22
PROD00364,Deluxe Keyboard,Grocery,Nova,8774.31
PROD00365,Deluxe Sunglasses,Electronics,Metro,15068.29
PROD00366,Eco Mouse,Apparel,Bright Home,6238.03
PROD00367,Classic Sneakers,Home & Kitchen,Vortex,15381.93
PROD00368,Essential Headphones,Apparel,Bright Home,14494.08
PROD00369,Essential Sunglasses,Electronics,Urban Craft,3212.08
PROD00370,Eco Charger,Grocery,TrueValue,1201.84
PROD00371,Deluxe Air Fryer,Books,Urban Craft,1701.37
PROD00372,Wireless Sunglasses,Sports,Sunrise,388.73
PROD00373,Deluxe Sneakers,Grocery,Everline,1600.64
PROD00374,Premium Keyboard,Electronics,Vortex,10958.81
PROD00375,Deluxe T-Shirt,Books,TrueValue,1230.9
PROD00376,Compact Air Fryer,Electronics,Nova,5170.71
PROD00377,Wireless Mouse,Grocery,TrueValue,13532.52
PROD00378,Smart Headphones,Toys,Nova,469.02
PROD00379,Wireless Yoga Mat,Sports,Everline,13049.05
PROD00380,Premium Mouse,Electronics,Urban Craft,4580.49
PROD00381,Essential Sunglasses,Toys,Vortex,1977.82
PROD00382,Compact Air Fryer,Sports,Vortex,11177.12
PROD00383,Deluxe Sneakers,Grocery,Nova,10099.19
PROD00384,Portable Desk Lamp,Apparel,Pixel,14050.81
PROD00385,Compact Speaker,Books,Everline,11786.63
PROD00386,Portable Air Fryer,Toys,TrueValue,12874.35
PROD00387,Premium Speaker,Toys,Vortex,4583.35
PROD00388,Rapid Headphones,Sports,Bright Home,2920.29
PROD00389,Essential Water Bottle,Electronics,Bright Home,12033.77
PROD00390,Deluxe Speaker,Beauty,Pixel,12927.67
PROD00391,Smart T-Shirt,Books,Nova,15848.03
PROD00392,Compact Notebook,Grocery,Vortex,6659.62
PROD00393,Rapid Blender,Books,Vortex,6014.09
PROD00394,Rapid Water Bottle,Apparel,Metro,12443.97
PROD00395,Rapid Headphones,Apparel,Metro,5517.78
PROD00396,Eco Headphones,Beauty,Vortex,14898.04
PROD00397,Compact Wallet,Home & Kitchen,Everline,13747.76
PROD00398,Rapid Speaker,Books,Zenith,6920.01
PROD00399,Rapid Mouse,Sports,Nova,12037.85
PROD00400,Deluxe Keyboard,Books,Metro,12096.23
PROD00401,Classic Water Bottle,Toys,Nova,1738.67
PROD00402,Smart Yoga Mat,Apparel,Bright Home,14449.59
PROD00403,Deluxe Notebook,Electronics,Everline,8132.51
PROD00404,Premium Yoga Mat,Apparel,Zenith,13239.67
PROD00405,Essential Notebook,Electronics,Metro,5187.79
PROD00406,Premium Backpack,Beauty,TrueValue,14337.82
PROD00407,Eco Water Bottle,Toys,Nova,6287.31
PROD00408,Premium Headphones,Grocery,Vortex,271.32
PROD00409,Portable Notebook,Electronics,Urban Craft,14494.57
PROD00410,Classic Wallet,Home & Kitchen,Pixel,1550.46
PROD00411,Wireless Yoga Mat,Books,TrueValue,5176.09
PROD00412,Wireless Sunglasses,Sports,Bright Home,15204.99
PROD00413,Wireless Sunglasses,Home & Kitchen,Zenith,15213.65
PROD00414,Deluxe Yoga Mat,Beauty,Everline,9216.66
PROD00415,Wireless Air Fryer,Toys,Nova,10145.21
PROD00416,Essential Air Fryer,Books,TrueValue,7229.28
PROD00417,Essential Charger,Beauty,Zenith,4761.05
PROD00418,Smart Yoga Mat,Grocery,Zenith,5324.77
PROD00419,Deluxe Charger,Beauty,Vortex,10792.04
PROD00420,Rapid Speaker,Beauty,Nova,12061.76
PROD00421,Eco Sneakers,Apparel,Sunrise,12685.11
PROD00422,Premium Notebook,Toys,Urban Craft,12653.93
PROD00423,Rapid Mouse,Grocery,Metro,1549.18
PROD00424,Portable Yoga Mat,Toys,Urban Craft,7960.28
PROD00425,Premium Desk Lamp,Beauty,Urban Craft,1014.18
PROD00426,Rapid Desk Lamp,Sports,Nova,8836.51
PROD00427,Portable Desk Lamp,Home & Kitchen,Metro,7119.33
PROD00428,Compact Water Bottle,Grocery,Urban Craft,14213.5
PROD00429,Portable T-Shirt,Beauty,Everline,5678.55
PROD00430,Portable Blender,Sports,Zenith,1960.37
PROD00431,Smart Headphones,Sports,Pixel,2372.57
PROD00432,Wireless T-Shirt,Sports,Metro,12207.02
PROD00433,Essential Backpack,Electronics,Nova,9928.67
PROD00434,Portable Air Fryer,Electronics,Nova,1706.85
PROD00435,Premium Speaker,Electronics,Urban Craft,1436.3
PROD00436,Smart Yoga Mat,Apparel,Metro,11244.41
PROD00437,Premium Blender,Electronics,Everline,1255.93
PROD00438,Wireless Speaker,Books,Nova,13166.57
PROD00439,Deluxe Air Fryer,Sports,Zenith,11328.25
PROD00440,Portable Blender,Beauty,Zenith,1392.45
PROD00441,Smart Speaker,Toys,TrueValue,1447.92
PROD00442,Smart Charger,Home & Kitchen,Vortex,15786.57
PROD00443,Portable Mouse,Sports,TrueValue,6049.91
PROD00444,Portable Mouse,Books,Vortex,5992.21
PROD00445,Classic Backpack,Beauty,Urban Craft,13022.51
PROD00446,Deluxe Notebook,Apparel,Metro,15160.25
PROD00447,Deluxe Sneakers,Toys,Metro,15776.42
PROD00448,Compact Notebook,Apparel,Nova,12077.71
PROD00449,Classic Sneakers,Beauty,Everline,6081.53
PROD00450,Eco Sunglasses,Home & Kitchen,Everline,1426.66
PROD00451,Rapid Wallet,Books,Everline,12455.64
PROD00452,Wireless Headphones,Grocery,Urban Craft,8977.63
PROD00453,Compact Headphones,Electronics,Pixel,6844.13
PROD00454,Rapid Blender,Electronics,Vortex,14510.03
PROD00455,Compact Backpack,Apparel,Sunrise,1867.04
PROD00456,Deluxe Backpack,Beauty,Pixel,7931.74
PROD00457,Rapid Notebook,Sports,Metro,279.52
PROD00458,Portable Air Fryer,Electronics,Nova,7550.7
PROD00459,Deluxe T-Shirt,Grocery,TrueValue,994.22
PROD00460,Compact Blender,Beauty,Metro,1988.2
PROD00461,Premium Water Bottle,Books,Vortex,1967.67
PROD00462,Deluxe T-Shirt,Beauty,Everline,10421.44
PROD00463,Essential Speaker,Toys,Vortex,11961.11
PROD00464,Smart Sunglasses,Electronics,TrueValue,9374.56
PROD00465,Smart Backpack,Apparel,Everline,15397.54
PROD00466,Premium Air Fryer,Home & Kitchen,Bright Home,6059.44
PROD00467,Essential Headphones,Books,Sunrise,4641.82
PROD00468,Smart Blender,Electronics,TrueValue,13909.73
PROD00469,Wireless Charger,Toys,TrueValue,3654.17
PROD00470,Compact Notebook,Beauty,Urban Craft,15414.24
PROD00471,Wireless Speaker,Grocery,Bright Home,292.26
PROD00472,Portable Desk Lamp,Toys,Pixel,15520.07
PROD00473,Wireless Mouse,Electronics,Pixel,785.24
PROD00474,Smart Blender,Books,Pixel,14268.18
PROD00475,Rapid Mouse,Electronics,Pixel,8489.45
PROD00476,Smart Speaker,Apparel,Sunrise,15887.14
PROD00477,Classic Yoga Mat,Apparel,Sunrise,1272.37
PROD00478,Premium Keyboard,Sports,TrueValue,8905.28
PROD00479,Wireless Sneakers,Apparel,Bright Home,15510.91
PROD00480,Premium Sneakers,Sports,Everline,8416.26
PROD00481,Classic Backpack,Sports,Zenith,10106.44
PROD00482,Classic Mouse,Home & Kitchen,Metro,11161.4
PROD00483,Rapid Backpack,Grocery,Nova,7326.2
PROD00484,Deluxe Keyboard,Home & Kitchen,Pixel,10077.17
PROD00485,Compact Desk Lamp,Beauty,TrueValue,9389.6
PROD00486,Eco Backpack,Grocery,Sunrise,14427.41
PROD00487,Eco Sunglasses,Toys,Pixel,821.6
PROD00488,Rapid Wallet,Books,Nova,4566.31
PROD00489,Smart Water Bottle,Apparel,Sunrise,15210.54
PROD00490,Premium Air Fryer,Apparel,Urban Craft,14254.19
PROD00491,Essential Sunglasses,Electronics,TrueValue,7343.94
PROD00492,Wireless Headphones,Sports,Zenith,9959.11
PROD00493,Compact Mouse,Beauty,Pixel,4509.36
PROD00494,Classic Headphones,Grocery,Nova,3090.13
PROD00495,Classic Sunglasses,Toys,Zenith,7471.8
PROD00496,Classic Headphones,Sports,Bright Home,5717.3
PROD00497,Smart Air Fryer,Beauty,Nova,9379.13
PROD00498,Classic Sneakers,Electronics,Bright Home,1334.98
PROD00499,Premium Keyboard,Grocery,TrueValue,15591.88
PROD00500,Eco Yoga Mat,Books,TrueValue,15779.75
PROD00501,Premium Keyboard,Home & Kitchen,Metro,11199.77
PROD00502,Wireless Air Fryer,Toys,Nova,8622.93
PROD00503,Eco Mouse,Electronics,Pixel,5020.49
PROD00504,Premium Mouse,Sports,Everline,13038.34
PROD00505,Classic Blender,Beauty,Metro,10986.23
PROD00506,Smart Blender,Apparel,Pixel,2684.61
PROD00507,Smart T-Shirt,Grocery,TrueValue,14582.74
PROD00508,Portable T-Shirt,Toys,Zenith,13177.34
PROD00509,Deluxe Air Fryer,Home & Kitchen,Vortex,15200.82
PROD00510,Compact Keyboard,Home & Kitchen,Vortex,11637.94
PROD00511,Deluxe Sneakers,Home & Kitchen,Pixel,9852.3
PROD00512,Compact Notebook,Books,Pixel,6749.06
PROD00513,Essential Yoga Mat,Grocery,TrueValue,14929.38
PROD00514,Eco Wallet,Electronics,Pixel,13869.42
PROD00515,Compact Backpack,Apparel,Nova,817.98
PROD00516,Deluxe Charger,Books,Vortex,518.23
PROD00517,Premium Sunglasses,Sports,Zenith,6084.77
PROD00518,Rapid Wallet,Books,Sunrise,12986.8
PROD00519,Deluxe Speaker,Grocery,Urban Craft,15796.69
PROD00520,Deluxe Wallet,Apparel,Zenith,2490.63
PROD00521,Portable Backpack,Electronics,Sunrise,9545.68
PROD00522,Smart Sunglasses,Books,Urban Craft,6155.16
PROD00523,Deluxe Backpack,Beauty,Zenith,15520.64
PROD00524,Compact Headphones,Books,Bright Home,13488.69
PROD00525,Essential Backpack,Beauty,Nova,13428.43
PROD00526,Rapid Notebook,Books,Bright Home,7551.22
PROD00527,Essential Wallet,Toys,Pixel,6694.63
PROD00528,Compact Keyboard,Books,Metro,4446.17
PROD00529,Classic Sunglasses,Beauty,Urban Craft,995.37
PROD00530,Smart Keyboard,Toys,Pixel,13848.09
PROD00531,Classic Yoga Mat,Sports,Zenith,13024.13
PROD00532,Premium Desk Lamp,Books,Sunrise,15994.51
PROD00533,Portable T-Shirt,Apparel,Bright Home,15945.53
PROD00534,Rapid Speaker,Sports,Vortex,8930.36
PROD00535,Rapid Backpack,Electronics,Sunrise,12325.9
PROD00536,Deluxe Notebook,Beauty,Zenith,15120.78
PROD00537,Classic Blender,Sports,Zenith,13608.39
PROD00538,Rapid Mouse,Electronics,Nova,4031.83
PROD00539,Deluxe Charger,Grocery,Sunrise,7262.65
PROD00540,Classic Keyboard,Beauty,Nova,2152.63
PROD00541,Smart Blender,Home & Kitchen,Urban Craft,15268.41
PROD00542,Portable Sunglasses,Apparel,Pixel,9737.18
PROD00543,Portable T-Shirt,Sports,Sunrise,3734.42
PROD00544,Essential Headphones,Toys,Sunrise,10779.04
PROD00545,Essential Blender,Electronics,Pixel,9927.24
PROD00546,Rapid T-Shirt,Apparel,Bright Home,5793.79
PROD00547,Smart Charger,Books,Metro,1904.57
PROD00548,Compact Keyboard,Grocery,Vortex,10777.01
PROD00549,Portable Desk Lamp,Electronics,Nova,8371.89
PROD00550,Classic Headphones,Apparel,Urban Craft,12378.86
PROD00551,Smart Water Bottle,Sports,Everline,8369.6
PROD00552,Deluxe Backpack,Sports,Vortex,13648.69
PROD00553,Essential T-Shirt,Grocery,Metro,8874.32
PROD00554,Classic Mouse,Beauty,Everline,9017.91
PROD00555,Eco Notebook,Home & Kitchen,Pixel,14037.79
PROD00556,Rapid T-Shirt,Apparel,Everline,6514.38
PROD00557,Eco Wallet,Sports,Bright Home,2229.84
PROD00558,Wireless Sneakers,Sports,TrueValue,556.64
PROD00559,Wireless Wallet,Apparel,TrueValue,12105.68
PROD00560,Premium Yoga Mat,Electronics,Zenith,9961.92
PROD00561,Smart Wallet,Home & Kitchen,Zenith,11293.87
PROD00562,Rapid Desk Lamp,Apparel,Metro,3485.13
PROD00563,Compact Keyboard,Books,Pixel,2267.31
PROD00564,Portable Yoga Mat,Sports,Everline,330.26
PROD00565,Portable T-Shirt,Grocery,TrueValue,5673.34
PROD00566,Smart T-Shirt,Grocery,Vortex,9478.69
PROD00567,Classic Air Fryer,Electronics,Urban Craft,6335.68
PROD00568,Wireless Wallet,Sports,Sunrise,7054.85
PROD00569,Rapid Speaker,Apparel,Bright Home,14475.12
PROD00570,Deluxe Wallet,Home & Kitchen,Pixel,5636.26
PROD00571,Rapid Water Bottle,Electronics,Metro,8271.43
PROD00572,Compact Blender,Sports,Metro,12559.08
PROD00573,Wireless Keyboard,Home & Kitchen,Bright Home,6404.03
PROD00574,Deluxe Sneakers,Electronics,Urban Craft,9990.18
PROD00575,Wireless Desk Lamp,Books,TrueValue,13810.58
PROD00576,Wireless Air Fryer,Toys,Nova,15196.38
PROD00577,Deluxe Backpack,Home & Kitchen,Urban Craft,2437.47
PROD00578,Premium Water Bottle,Electronics,Pixel,14831.74
PROD00579,Classic Charger,Home & Kitchen,Sunrise,7923.65
PROD00580,Premium Wallet,Electronics,TrueValue,4205.09
PROD00581,Portable Sunglasses,Home & Kitchen,Metro,7399.26
PROD00582,Rapid Mouse,Beauty,Urban Craft,15681.52
PROD00583,Classic Blender,Electronics,Nova,7931.63
PROD00584,Wireless Air Fryer,Grocery,Pixel,5326.15
PROD00585,Rapid Speaker,Books,Zenith,10170.07
PROD00586,Eco Sunglasses,Toys,Vortex,3917.32
PROD00587,Premium Speaker,Toys,Everline,1305.23
PROD00588,Classic Desk Lamp,Books,Metro,2148.19
PROD00589,Compact Speaker,Apparel,Zenith,2134.93
PROD00590,Compact Air Fryer,Grocery,TrueValue,2514.25
PROD00591,Classic Sunglasses,Grocery,Everline,2306.35
PROD00592,Wireless Desk Lamp,Electronics,Nova,10288.91
PROD00593,Essential Speaker,Sports,Metro,2990.89
PROD00594,Deluxe Backpack,Electronics,Nova,5595.11
PROD00595,Premium Mouse,Toys,Metro,14357.94
PROD00596,Premium Wallet,Grocery,Nova,7634.99
PROD00597,Deluxe Mouse,Toys,Pixel,10713.17
PROD00598,Smart Notebook,Electronics,Metro,2838.89
PROD00599,Compact T-Shirt,Sports,Everline,3156.4
PROD00600,Deluxe Keyboard,Toys,Vortex,748.81
PROD00601,Classic Air Fryer,Beauty,Urban Craft,2785.07
PROD00602,Smart Mouse,Beauty,Sunrise,4528.59
PROD00603,Deluxe Notebook,Sports,Bright Home,2913.47
PROD00604,Compact Air Fryer,Beauty,Metro,1509.37
PROD00605,Eco Speaker,Electronics,Pixel,2017.11
PROD00606,Rapid Sunglasses,Books,Metro,7425.38
PROD00607,Classic Keyboard,Grocery,Everline,3379.71
PROD00608,Smart Keyboard,Beauty,Pixel,5890.89
PROD00609,Classic Notebook,Home & Kitchen,Metro,8103.33
PROD00610,Rapid Blender,Toys,Zenith,11076.28
PROD00611,Deluxe Wallet,Books,Nova,724.06
PROD00612,Essential Sneakers,Toys,Bright Home,12809.63
PROD00613,Classic Charger,Home & Kitchen,Vortex,10082.62
PROD00614,Essential Water Bottle,Beauty,Pixel,1398.97
PROD00615,Classic Wallet,Home & Kitchen,Pixel,13988.9
PROD00616,Wireless Air Fryer,Grocery,Pixel,14740.87
PROD00617,Rapid Blender,Sports,Sunrise,1070.14
PROD00618,Premium Headphones,Sports,Urban Craft,4501.35
PROD00619,Wireless Backpack,Books,Vortex,12917.6
PROD00620,Rapid Speaker,Toys,Bright Home,11996.33
PROD00621,Classic Notebook,Books,Everline,3032.88
PROD00622,Compact Notebook,Sports,Pixel,3427.65
PROD00623,Premium Desk Lamp,Toys,TrueValue,5989.51
PROD00624,Portable Charger,Apparel,Sunrise,7802.92
PROD00625,Portable Blender,Books,Nova,9929.25
PROD00626,Rapid Blender,Apparel,Urban Craft,5964.73
PROD00627,Compact Wallet,Books,TrueValue,7453.3
PROD00628,Portable Backpack,Home & Kitchen,Metro,11983.79
PROD00629,Deluxe Keyboard,Apparel,Bright Home,682.26
PROD00630,Wireless Notebook,Toys,Bright Home,4112.75
PROD00631,Classic Notebook,Home & Kitchen,Sunrise,11441.26
PROD00632,Deluxe Desk Lamp,Apparel,Metro,14332.79
PROD00633,Smart Sneakers,Beauty,Metro,8234.67
PROD00634,Portable Charger,Home & Kitchen,Urban Craft,8559.6
PROD00635,Deluxe Air Fryer,Toys,Pixel,1803.03
PROD00636,Wireless T-Shirt,Electronics,Sunrise,7212.86
PROD00637,Smart Charger,Home & Kitchen,Everline,8567.61
PROD00638,Compact T-Shirt,Grocery,Sunrise,3954.28
PROD00639,Premium Sneakers,Electronics,Everline,4379.97
PROD00640,Smart Blender,Sports,Everline,6097.82
PROD00641,Premium T-Shirt,Books,Urban Craft,418.13
PROD00642,Classic Blender,Books,Nova,5220.06
PROD00643,Premium Blender,Sports,Zenith,3461.02
PROD00644,Essential Mouse,Grocery,Nova,5306.21
PROD00645,Compact Mouse,Beauty,Zenith,2003.22
PROD00646,Eco Mouse,Grocery,Everline,14258.38
PROD00647,Deluxe Blender,Home & Kitchen,TrueValue,9537.12
PROD00648,Smart Charger,Beauty,TrueValue,10896.73
PROD00649,Essential Headphones,Home & Kitchen,TrueValue,12646.82
PROD00650,Wireless Keyboard,Electronics,Sunrise,8024.23
PROD00651,Portable Sneakers,Toys,TrueValue,1481.03
PROD00652,Compact Backpack,Books,Vortex,8638.99
PROD00653,Classic Desk Lamp,Home & Kitchen,Metro,9429.77
PROD00654,Compact Speaker,Apparel,Urban Craft,11951.49
PROD00655,Deluxe Notebook,Toys,Nova,6962.39
PROD00656,Portable Headphones,Books,Vortex,2127.53
PROD00657,Rapid Desk Lamp,Grocery,TrueValue,4611.04
PROD00658,Compact T-Shirt,Books,Nova,5872.01
PROD00659,Eco Blender,Electronics,Everline,10369.08
PROD00660,Premium Speaker,Sports,Zenith,9174.38
PROD00661,Premium T-Shirt,Grocery,Sunrise,5760.94
PROD00662,Essential Air Fryer,Grocery,Vortex,15784.59
PROD00663,Classic Sneakers,Toys,Nova,9730.82
PROD00664,Eco Backpack,Electronics,Pixel,3870.91
PROD00665,Rapid Desk Lamp,Apparel,Urban Craft,1717.34
PROD00666,Portable T-Shirt,Beauty,Urban Craft,2529.46
PROD00667,Smart Wallet,Apparel,Zenith,4009.73
PROD00668,Portable Sneakers,Home & Kitchen,Vortex,2653.83
PROD00669,Eco Sneakers,Books,Vortex,3065.42
PROD00670,Essential Yoga Mat,Home & Kitchen,Everline,4632.01
PROD00671,Wireless Blender,Toys,Metro,2855.64
PROD00672,Classic Air Fryer,Beauty,Metro,14357.57
PROD00673,Wireless Water Bottle,Home & Kitchen,Nova,1374.72
PROD00674,Smart Sneakers,Toys,Urban Craft,8438.73
PROD00675,Smart Yoga Mat,Home & Kitchen,Everline,6624.31
PROD00676,Rapid Yoga Mat,Electronics,TrueValue,15718.82
PROD00677,Essential Notebook,Grocery,Metro,1880.42
PROD00678,Portable Keyboard,Home & Kitchen,Sunrise,6424.9
PROD00679,Smart T-Shirt,Grocery,Pixel,15513.58
PROD00680,Compact Mouse,Beauty,Metro,13860.56
PROD00681,Portable Mouse,Home & Kitchen,Zenith,13090.45
PROD00682,Deluxe T-Shirt,Beauty,Nova,4199.65
PROD00683,Wireless Sunglasses,Grocery,Pixel,2816.11
PROD00684,Rapid Backpack,Home & Kitchen,Urban Craft,10730.43
PROD00685,Essential Wallet,Sports,Nova,14876.08
PROD00686,Smart Yoga Mat,Toys,TrueValue,8951.53
PROD00687,Classic Air Fryer,Grocery,Zenith,9187.64
PROD00688,Compact Yoga Mat,Books,Nova,4550.67
PROD00689,Compact Desk Lamp,Apparel,Pixel,12333.94
PROD00690,Deluxe Sunglasses,Books,Vortex,3073.0
PROD00691,Deluxe Sunglasses,Grocery,Urban Craft,5245.5
PROD00692,Classic Air Fryer,Grocery,Sunrise,6863.44
PROD00693,Classic Charger,Grocery,Zenith,8170.01
PROD00694,Classic Notebook,Beauty,Nova,3953.31
PROD00695,Wireless Air Fryer,Toys,Urban Craft,1924.91
PROD00696,Eco Air Fryer,Books,Metro,9807.86
PROD00697,Wireless Keyboard,Apparel,Vortex,4688.23
PROD00698,Eco Mouse,Electronics,Urban Craft,9340.69
PROD00699,Eco Sneakers,Toys,Metro,2553.37
PROD00700,Eco Air Fryer,Home & Kitchen,Everline,7749.13
PROD00701,Rapid Speaker,Beauty,Vortex,8567.17
PROD00702,Compact Wallet,Toys,Everline,922.99
PROD00703,Portable Yoga Mat,Toys,Everline,5451.01
PROD00704,Smart Sunglasses,Home & Kitchen,Zenith,2236.19
PROD00705,Deluxe Notebook,Sports,Urban Craft,1106.66
PROD00706,Rapid Yoga Mat,Beauty,Bright Home,15839.37
PROD00707,Classic Charger,Grocery,Pixel,5224.43
PROD00708,Wireless Blender,Beauty,Vortex,12976.0
PROD00709,Compact Blender,Sports,Nova,4147.79
PROD00710,Wireless Desk Lamp,Sports,Nova,10934.89
PROD00711,Wireless Wallet,Books,Vortex,12186.62
PROD00712,Compact Yoga Mat,Beauty,Metro,9569.66
PROD00713,Classic Yoga Mat,Toys,Bright Home,7597.06
PROD00714,Smart Speaker,Home & Kitchen,Pixel,6647.27
PROD00715,Wireless Backpack,Grocery,Pixel,5646.01
PROD00716,Eco Keyboard,Grocery,Nova,14878.51
PROD00717,Essential Notebook,Books,Urban Craft,13305.85
PROD00718,Compact Desk Lamp,Sports,Urban Craft,15442.93
PROD00719,Deluxe Mouse,Apparel,Everline,2075.33
PROD00720,Deluxe Sneakers,Books,Zenith,11719.79
PROD00721,Eco Sneakers,Books,Vortex,15018.61
PROD00722,Portable Blender,Home & Kitchen,Bright Home,2980.61
PROD00723,Deluxe Air Fryer,Toys,Bright Home,1156.29
PROD00724,Smart Blender,Electronics,Bright Home,11882.82
PROD00725,Eco Keyboard,Electronics,Sunrise,9233.12
PROD00726,Smart Sneakers,Beauty,Metro,13484.08
PROD00727,Portable Keyboard,Home & Kitchen,Metro,2321.38
PROD00728,Smart Air Fryer,Home & Kitchen,Urban Craft,12743.75
PROD00729,Smart Desk Lamp,Electronics,Zenith,3304.87
PROD00730,Classic Sneakers,Grocery,Urban Craft,2701.13
PROD00731,Deluxe Yoga Mat,Beauty,Vortex,2710.83
PROD00732,Compact Notebook,Sports,TrueValue,13050.74
PROD00733,Eco Backpack,Toys,Bright Home,10675.64
PROD00734,Deluxe Desk Lamp,Grocery,Urban Craft,8415.74
PROD00735,Essential Speaker,Books,Zenith,5804.4
PROD00736,Classic T-Shirt,Sports,Pixel,14046.49
PROD00737,Classic Yoga Mat,Books,Pixel,6338.88
PROD00738,Essential Yoga Mat,Electronics,TrueValue,13082.93
PROD00739,Deluxe Blender,Electronics,Everline,7081.25
PROD00740,Compact Wallet,Beauty,Metro,6092.42
PROD00741,Smart Blender,Grocery,Everline,7455.61
PROD00742,Deluxe Air Fryer,Electronics,Sunrise,4890.91
PROD00743,Compact Wallet,Apparel,Urban Craft,11985.99
PROD00744,Premium Notebook,Beauty,Metro,8092.25
PROD00745,Compact Sneakers,Beauty,Everline,3791.18
PROD00746,Classic Mouse,Books,Bright Home,14402.24
PROD00747,Compact Headphones,Apparel,Everline,6202.87
PROD00748,Essential Headphones,Apparel,Bright Home,8741.49
PROD00749,Eco Sneakers,Books,Urban Craft,14511.91
PROD00750,Deluxe Charger,Grocery,Zenith,10024.38
PROD00751,Premium Wallet,Toys,Metro,1957.68
PROD00752,Eco Desk Lamp,Home & Kitchen,Urban Craft,15042.33
PROD00753,Wireless Desk Lamp,Beauty,Metro,10079.56
PROD00754,Wireless Desk Lamp,Books,Everline,5424.0
PROD00755,Eco T-Shirt,Electronics,Metro,2313.43
PROD00756,Portable Blender,Toys,Nova,12724.0
PROD00757,Premium Water Bottle,Home & Kitchen,Metro,9958.16
PROD00758,Rapid Charger,Books,Metro,8581.03
PROD00759,Smart Backpack,Home & Kitchen,TrueValue,14311.89
PROD00760,Premium Mouse,Grocery,TrueValue,12637.7
PROD00761,Portable Mouse,Beauty,Zenith,2510.63
PROD00762,Compact Sneakers,Home & Kitchen,TrueValue,5055.38
PROD00763,Rapid Water Bottle,Grocery,Vortex,4049.98
PROD00764,Wireless Sunglasses,Grocery,Everline,11927.75
PROD00765,Classic T-Shirt,Home & Kitchen,Pixel,632.17
PROD00766,Essential Yoga Mat,Toys,Vortex,9160.25
PROD00767,Compact Sneakers,Apparel,Bright Home,12222.09
PROD00768,Deluxe Speaker,Apparel,Pixel,14039.57
PROD00769,Deluxe Sunglasses,Home & Kitchen,Vortex,5538.1
PROD00770,Classic Water Bottle,Electronics,Sunrise,13156.99
PROD00771,Smart Headphones,Beauty,Urban Craft,1858.04
PROD00772,Portable Desk Lamp,Sports,Everline,13557.59
PROD00773,Smart Notebook,Electronics,Bright Home,2126.07
PROD00774,Deluxe Headphones,Home & Kitchen,TrueValue,6415.87
PROD00775,Compact Wallet,Electronics,Sunrise,12776.0
PROD00776,Rapid Headphones,Home & Kitchen,Everline,2482.69
PROD00777,Essential Speaker,Beauty,Sunrise,3744.1
PROD00778,Essential Water Bottle,Grocery,Bright Home,11582.82
PROD00779,Premium Yoga Mat,Grocery,TrueValue,11547.58
PROD00780,Premium Keyboard,Books,Vortex,10293.25
PROD00781,Wireless Sneakers,Beauty,Bright Home,11132.78
PROD00782,Eco Mouse,Toys,Bright Home,8728.32
PROD00783,Deluxe Wallet,Books,Metro,4102.61
PROD00784,Compact Backpack,Beauty,Everline,5595.57
PROD00785,Classic Headphones,Apparel,Everline,2986.4
PROD00786,Classic Charger,Toys,Vortex,14543.36
PROD00787,Essential Charger,Home & Kitchen,Vortex,9374.93
PROD00788,Portable Headphones,Books,Nova,6472.54
PROD00789,Deluxe Backpack,Grocery,Everline,7444.89
PROD00790,Portable Yoga Mat,Home & Kitchen,Zenith,15160.81
PROD00791,Deluxe Notebook,Home & Kitchen,Sunrise,2537.29
PROD00792,Premium Mouse,Toys,Bright Home,9420.05
PROD00793,Portable Water Bottle,Apparel,Everline,8142.63
PROD00794,Wireless Headphones,Apparel,Nova,9821.12
PROD00795,Premium Wallet,Toys,Bright Home,386.95
PROD00796,Smart Mouse,Grocery,Vortex,13965.77
PROD00797,Essential Yoga Mat,Grocery,Metro,14919.68
PROD00798,Wireless Sunglasses,Sports,Metro,9084.62
PROD00799,Essential Headphones,Sports,Bright Home,11175.75
PROD00800,Smart Wallet,Home & Kitchen,TrueValue,14766.74
PROD00801,Deluxe Notebook,Apparel,Everline,11344.09
PROD00802,Premium Sneakers,Sports,Zenith,2524.37
PROD00803,Essential Sunglasses,Home & Kitchen,Zenith,9261.98
PROD00804,Smart Desk Lamp,Electronics,Everline,9745.77
PROD00805,Premium Air Fryer,Apparel,Metro,6842.68
PROD00806,Rapid T-Shirt,Grocery,Nova,11808.46
PROD00807,Wireless Water Bottle,Home & Kitchen,Everline,14955.44
PROD00808,Deluxe Yoga Mat,Books,Metro,14815.54
PROD00809,Essential Mouse,Toys,Urban Craft,7267.35
PROD00810,Rapid Sneakers,Grocery,Everline,1899.48
PROD00811,Eco Mouse,Books,Bright Home,15757.98
PROD00812,Wireless Keyboard,Electronics,Sunrise,13437.48
PROD00813,Deluxe Sneakers,Home & Kitchen,Vortex,2081.14
PROD00814,Compact Mouse,Home & Kitchen,Nova,14740.39
PROD00815,Rapid Sunglasses,Beauty,TrueValue,13930.35
PROD00816,Premium Water Bottle,Grocery,Urban Craft,8348.53
PROD00817,Premium Desk Lamp,Toys,Bright Home,9500.28
PROD00818,Portable Water Bottle,Toys,TrueValue,6443.14
PROD00819,Smart T-Shirt,Books,Bright Home,969.71
PROD00820,Essential Speaker,Electronics,Metro,5428.64
PROD00821,Wireless Sneakers,Apparel,Vortex,12864.37
PROD00822,Smart Headphones,Toys,Metro,172.65
PROD00823,Premium T-Shirt,Beauty,Everline,5401.64
PROD00824,Essential Wallet,Electronics,Nova,6429.88
PROD00825,Portable Blender,Toys,Sunrise,8643.59
PROD00826,Deluxe Yoga Mat,Apparel,Nova,14724.7
PROD00827,Deluxe Mouse,Books,TrueValue,5605.9
PROD00828,Smart Water Bottle,Beauty,Bright Home,5615.56
PROD00829,Smart Mouse,Grocery,Bright Home,11825.27
PROD00830,Rapid Keyboard,Electronics,Nova,7289.27
PROD00831,Eco Mouse,Sports,Bright Home,3670.22
PROD00832,Essential Air Fryer,Electronics,Pixel,7292.79
PROD00833,Premium Wallet,Home & Kitchen,Sunrise,2338.63
PROD00834,Portable Mouse,Grocery,Urban Craft,2903.55
PROD00835,Compact Desk Lamp,Books,Sunrise,8023.05
PROD00836,Premium Notebook,Toys,Everline,6759.91
PROD00837,Wireless Keyboard,Grocery,Nova,14645.05
PROD00838,Deluxe Speaker,Apparel,TrueValue,5861.06
PROD00839,Deluxe Yoga Mat,Home & Kitchen,Zenith,9330.35
PROD00840,Rapid Sunglasses,Toys,Bright Home,10152.0
PROD00841,Portable T-Shirt,Home & Kitchen,Urban Craft,307.2
PROD00842,Rapid T-Shirt,Sports,Vortex,10649.24
PROD00843,Wireless T-Shirt,Home & Kitchen,Everline,2929.77
PROD00844,Essential Blender,Electronics,Nova,15380.02
PROD00845,Classic T-Shirt,Apparel,Urban Craft,2462.74
PROD00846,Wireless Air Fryer,Apparel,Nova,6691.52
PROD00847,Essential Wallet,Toys,Metro,1456.06
PROD00848,Compact Notebook,Grocery,Urban Craft,15949.3
PROD00849,Eco Speaker,Beauty,Urban Craft,8083.9
PROD00850,Essential Air Fryer,Books,Everline,9565.62
PROD00851,Eco Sneakers,Sports,Urban Craft,1165.52
PROD00852,Deluxe Water Bottle,Home & Kitchen,Zenith,12023.37
PROD00853,Rapid Speaker,Sports,Urban Craft,3436.5
PROD00854,Portable Blender,Home & Kitchen,Pixel,14378.06
PROD00855,Rapid Blender,Books,Sunrise,3360.72
PROD00856,Classic Sneakers,Apparel,Nova,3130.93
PROD00857,Wireless Air Fryer,Home & Kitchen,Urban Craft,680.14
PROD00858,Smart Desk Lamp,Apparel,Metro,7604.86
PROD00859,Portable Keyboard,Electronics,TrueValue,9079.97
PROD00860,Classic Charger,Toys,TrueValue,1143.77
PROD00861,Compact Blender,Apparel,Bright Home,12429.89
PROD00862,Deluxe Charger,Beauty,Urban Craft,7306.29
PROD00863,Classic Headphones,Books,Vortex,8436.81
PROD00864,Classic Headphones,Grocery,Bright Home,7107.13
PROD00865,Essential Air Fryer,Grocery,Pixel,6471.13
PROD00866,Premium Speaker,Sports,Everline,8997.28
PROD00867,Eco Wallet,Books,Zenith,2567.32
PROD00868,Classic Keyboard,Apparel,TrueValue,2991.66
PROD00869,Deluxe Speaker,Home & Kitchen,Sunrise,13801.39
PROD00870,Essential Yoga Mat,Electronics,Vortex,15142.24
PROD00871,Rapid T-Shirt,Books,TrueValue,6034.62
PROD00872,Deluxe Desk Lamp,Toys,Metro,4403.84
PROD00873,Essential Backpack,Electronics,Vortex,10338.59
PROD00874,Premium Keyboard,Grocery,Zenith,6597.87
PROD00875,Eco Speaker,Beauty,Everline,502.64
PROD00876,Deluxe Sneakers,Books,Zenith,2581.83
PROD00877,Eco Air Fryer,Toys,Urban Craft,11482.96
PROD00878,Premium Wallet,Electronics,Metro,10575.89
PROD00879,Essential Notebook,Grocery,Everline,529.83
PROD00880,Essential Wallet,Beauty,TrueValue,3628.36
PROD00881,Rapid T-Shirt,Grocery,Everline,3773.09
PROD00882,Smart Wallet,Apparel,Sunrise,10782.09
PROD00883,Deluxe Keyboard,Electronics,Metro,412.4
PROD00884,Premium Water Bottle,Beauty,Pixel,1754.33
PROD00885,Classic Headphones,Beauty,Sunrise,12817.67
PROD00886,Premium Speaker,Toys,Everline,2937.86
PROD00887,Classic Yoga Mat,Grocery,Pixel,10477.66
PROD00888,Essential Sneakers,Apparel,Pixel,3886.11
PROD00889,Classic Notebook,Electronics,Everline,1680.12
PROD00890,Deluxe Mouse,Home & Kitchen,Sunrise,3965.44
PROD00891,Classic Wallet,Books,TrueValue,11583.04
PROD00892,Wireless Air Fryer,Apparel,Metro,13704.57
PROD00893,Wireless Sunglasses,Beauty,Metro,13299.5
PROD00894,Essential Headphones,Toys,Metro,6414.22
PROD00895,Eco Yoga Mat,Beauty,Metro,10721.55
PROD00896,Premium Wallet,Sports,Zenith,3358.25
PROD00897,Portable Charger,Books,Bright Home,4760.05
PROD00898,Essential Water Bottle,Apparel,Metro,14350.74
PROD00899,Eco Sneakers,Home & Kitchen,Everline,305.73
PROD00900,Wireless Notebook,Toys,Pixel,1458.59
PROD00901,Compact Sunglasses,Books,Everline,3404.39
PROD00902,Smart T-Shirt,Grocery,Metro,520.86
PROD00903,Deluxe Blender,Toys,Everline,2983.82
PROD00904,Compact Yoga Mat,Home & Kitchen,Urban Craft,9369.36
PROD00905,Eco Sunglasses,Apparel,Urban Craft,6799.65
PROD00906,Compact Backpack,Toys,Sunrise,14292.48
PROD00907,Compact Notebook,Toys,Vortex,13096.35
PROD00908,Wireless Mouse,Books,Everline,5533.9
PROD00909,Rapid T-Shirt,Electronics,Zenith,4223.83
PROD00910,Deluxe Yoga Mat,Books,Urban Craft,6136.11
PROD00911,Essential Blender,Home & Kitchen,Nova,9484.69
PROD00912,Portable Notebook,Sports,Metro,4361.21
PROD00913,Compact Air Fryer,Grocery,Nova,10022.97
PROD00914,Compact T-Shirt,Home & Kitchen,Zenith,6608.65
PROD00915,Eco Charger,Books,Sunrise,8876.55
PROD00916,Wireless Mouse,Electronics,Zenith,7033.41
PROD00917,Essential Mouse,Books,Vortex,4781.01
PROD00918,Portable Sunglasses,Sports,TrueValue,15179.41
PROD00919,Rapid Headphones,Toys,Metro,12240.33
PROD00920,Eco Keyboard,Beauty,Vortex,2326.8
PROD00921,Smart Mouse,Grocery,Pixel,13907.64
PROD00922,Smart Desk Lamp,Books,Zenith,7849.16
PROD00923,Premium Notebook,Beauty,Zenith,14322.38
PROD00924,Eco T-Shirt,Home & Kitchen,Zenith,12816.7
PROD00925,Smart Sneakers,Books,TrueValue,6859.89
PROD00926,Essential T-Shirt,Books,Metro,456.26
PROD00927,Eco Desk Lamp,Home & Kitchen,Bright Home,4370.97
PROD00928,Essential Wallet,Home & Kitchen,Pixel,8710.98
PROD00929,Deluxe Mouse,Toys,Pixel,10171.3
PROD00930,Deluxe Keyboard,Sports,Bright Home,4199.41
PROD00931,Eco Keyboard,Books,Nova,2314.76
PROD00932,Wireless Sunglasses,Grocery,Metro,13374.39
PROD00933,Classic Charger,Beauty,Sunrise,15750.99
PROD00934,Premium Desk Lamp,Sports,Metro,8457.47
PROD00935,Smart Notebook,Home & Kitchen,Zenith,2828.7
PROD00936,Deluxe Keyboard,Sports,Nova,4428.69
PROD00937,Wireless Desk Lamp,Toys,Everline,391.41
PROD00938,Essential Backpack,Toys,Nova,14636.35
PROD00939,Deluxe Air Fryer,Toys,TrueValue,1971.24
PROD00940,Classic Headphones,Toys,Everline,9265.61
PROD00941,Eco Wallet,Sports,Metro,4456.48
PROD00942,Premium Charger,Apparel,Bright Home,8910.43
PROD00943,Smart Wallet,Beauty,Zenith,10456.58
PROD00944,Eco Water Bottle,Sports,Metro,13291.89
PROD00945,Premium Yoga Mat,Home & Kitchen,Vortex,3381.1
PROD00946,Deluxe Sunglasses,Books,TrueValue,273.83
PROD00947,Classic Mouse,Grocery,Nova,2275.48
PROD00948,Portable Desk Lamp,Home & Kitchen,Nova,14409.3
PROD00949,Portable Speaker,Toys,Everline,13993.85
PROD00950,Eco Blender,Beauty,Metro,9597.87
PROD00951,Rapid Sneakers,Beauty,Vortex,9647.22
PROD00952,Classic Sunglasses,Apparel,Everline,10673.08
PROD00953,Classic Backpack,Home & Kitchen,Sunrise,2887.4
PROD00954,Classic Water Bottle,Books,Pixel,14638.15
PROD00955,Deluxe Yoga Mat,Electronics,TrueValue,6757.45
PROD00956,Smart Backpack,Beauty,TrueValue,6190.9
PROD00957,Classic Blender,Apparel,Everline,8349.79
PROD00958,Essential Sunglasses,Beauty,Metro,845.76
PROD00959,Compact Speaker,Beauty,TrueValue,2742.91
PROD00960,Smart Desk Lamp,Sports,Urban Craft,11833.73
PROD00961,Essential Water Bottle,Electronics,Zenith,1415.5
PROD00962,Premium Water Bottle,Apparel,Nova,9689.12
PROD00963,Compact Headphones,Sports,TrueValue,4000.05
PROD00964,Smart Water Bottle,Books,Urban Craft,6288.8
PROD00965,Premium T-Shirt,Toys,Nova,4689.23
PROD00966,Essential Mouse,Electronics,Sunrise,5754.2
PROD00967,Wireless Wallet,Apparel,TrueValue,11531.83
PROD00968,Premium Headphones,Grocery,Zenith,4823.24
PROD00969,Compact Mouse,Toys,Sunrise,9104.83
PROD00970,Classic Desk Lamp,Apparel,Urban Craft,7668.2
PROD00971,Rapid Desk Lamp,Sports,Sunrise,10651.37
PROD00972,Portable Speaker,Grocery,Bright Home,14994.59
PROD00973,Deluxe Sunglasses,Books,Everline,11746.9
PROD00974,Premium Yoga Mat,Grocery,TrueValue,3516.55
PROD00975,Classic Blender,Electronics,Metro,594.81
PROD00976,Deluxe Charger,Home & Kitchen,Nova,4269.0
PROD00977,Eco Mouse,Toys,Vortex,9560.74
PROD00978,Classic T-Shirt,Books,Sunrise,916.67
PROD00979,Eco Notebook,Home & Kitchen,Vortex,7991.22
PROD00980,Essential Backpack,Apparel,Urban Craft,9588.8
PROD00981,Premium Charger,Beauty,Everline,5413.48
PROD00982,Classic Yoga Mat,Electronics,Everline,12356.5
PROD00983,Deluxe Charger,Home & Kitchen,Nova,1793.91
PROD00984,Deluxe Wallet,Electronics,Everline,1293.69
PROD00985,Eco Yoga Mat,Beauty,TrueValue,11677.2
PROD00986,Deluxe Speaker,Home & Kitchen,Zenith,7977.31
PROD00987,Eco Charger,Toys,Everline,11044.6
PROD00988,Classic Sunglasses,Beauty,Zenith,7012.75
PROD00989,Eco Keyboard,Grocery,Metro,4016.79
PROD00990,Rapid Yoga Mat,Apparel,Nova,13122.73
PROD00991,Compact Mouse,Books,Metro,12809.71
PROD00992,Rapid T-Shirt,Electronics,Pixel,11144.67
PROD00993,Compact Speaker,Books,Vortex,4426.11
PROD00994,Classic T-Shirt,Sports,Everline,9483.67
PROD00995,Portable Water Bottle,Sports,Vortex,5838.48
PROD00996,Premium Sunglasses,Grocery,Vortex,1555.15
PROD00997,Portable Keyboard,Electronics,Nova,14684.29
PROD00998,Classic Sunglasses,Books,Vortex,2274.42
PROD00999,Rapid Sneakers,Grocery,Metro,15207.77
PROD01000,Essential Sunglasses,Toys,Bright Home,7190.49
PROD01001,Compact Wallet,Electronics,Nova,3042.61
PROD01002,Portable Air Fryer,Toys,Bright Home,8715.23
PROD01003,Classic Sneakers,Home & Kitchen,Zenith,13978.84
PROD01004,Compact Mouse,Home & Kitchen,Bright Home,11741.38
PROD01005,Eco Backpack,Grocery,Metro,12923.32
PROD01006,Rapid Yoga Mat,Home & Kitchen,TrueValue,10573.66
PROD01007,Wireless Speaker,Apparel,Zenith,11106.2
PROD01008,Essential Water Bottle,Beauty,Pixel,13601.21
PROD01009,Essential Wallet,Electronics,Everline,4068.72
PROD01010,Smart Speaker,Apparel,Zenith,7880.86
PROD01011,Classic Keyboard,Toys,Urban Craft,3616.23
PROD01012,Wireless Charger,Sports,Sunrise,15802.92
PROD01013,Deluxe Sneakers,Beauty,TrueValue,15109.54
PROD01014,Classic Speaker,Apparel,Sunrise,725.89
PROD01015,Eco Headphones,Sports,Pixel,11317.65
PROD01016,Essential Keyboard,Electronics,Bright Home,14810.45
PROD01017,Smart Water Bottle,Grocery,Metro,2970.15
PROD01018,Premium Desk Lamp,Books,Everline,9129.33
PROD01019,Smart Keyboard,Sports,Everline,14655.26
PROD01020,Smart Backpack,Toys,Metro,638.74
PROD01021,Rapid Headphones,Sports,Everline,11187.98
PROD01022,Essential Notebook,Sports,Sunrise,4826.85
PROD01023,Smart Mouse,Sports,Urban Craft,14796.9
PROD01024,Premium Blender,Toys,Vortex,15538.83
PROD01025,Premium Desk Lamp,Beauty,Vortex,15112.84
PROD01026,Wireless Charger,Books,Nova,7639.01
PROD01027,Portable Desk Lamp,Home & Kitchen,Bright Home,13805.48
PROD01028,Rapid T-Shirt,Apparel,Metro,13527.34
PROD01029,Portable Sunglasses,Grocery,Metro,5172.7
PROD01030,Portable Yoga Mat,Electronics,Urban Craft,13278.76
PROD01031,Compact Air Fryer,Toys,Urban Craft,687.42
PROD01032,Portable Sneakers,Electronics,Bright Home,9579.69
PROD01033,Essential Charger,Sports,Metro,3756.14
PROD01034,Premium T-Shirt,Books,Zenith,2016.01
PROD01035,Premium Desk Lamp,Electronics,Everline,1322.56
PROD01036,Smart Speaker,Sports,Bright Home,11169.99
PROD01037,Essential Wallet,Sports,Metro,5503.01
PROD01038,Classic Yoga Mat,Toys,TrueValue,11622.79
PROD01039,Deluxe Headphones,Home & Kitchen,Metro,1138.17
PROD01040,Portable Backpack,Beauty,Nova,5112.12
PROD01041,Deluxe Headphones,Grocery,Bright Home,8676.91
PROD01042,Rapid Wallet,Electronics,Nova,12671.5
PROD01043,Premium Notebook,Books,Sunrise,5167.16
PROD01044,Portable Yoga Mat,Electronics,Urban Craft,10050.67
PROD01045,Eco Speaker,Electronics,Vortex,14186.05
PROD01046,Essential Speaker,Books,Bright Home,9891.22
PROD01047,Smart Headphones,Books,Zenith,3803.06
PROD01048,Rapid Yoga Mat,Grocery,Nova,486.97
PROD01049,Rapid Speaker,Books,Nova,13933.57
PROD01050,Classic Backpack,Grocery,Urban Craft,437.18
PROD01051,Deluxe Sneakers,Sports,Pixel,14006.76
PROD01052,Portable Charger,Home & Kitchen,Everline,8509.1
PROD01053,Wireless Blender,Grocery,Zenith,15030.18
PROD01054,Essential Blender,Toys,Urban Craft,12799.65
PROD01055,Eco Sneakers,Books,Nova,15966.15
PROD01056,Classic Speaker,Books,Metro,5675.32
PROD01057,Essential Air Fryer,Electronics,TrueValue,12297.29
PROD01058,Deluxe Speaker,Apparel,Everline,6489.7
PROD01059,Compact Headphones,Beauty,Metro,7729.02
PROD01060,Eco Air Fryer,Beauty,Bright Home,10076.34
PROD01061,Compact Speaker,Sports,Metro,13990.47
PROD01062,Rapid Yoga Mat,Books,Zenith,15745.93
PROD01063,Premium Sunglasses,Toys,Everline,12314.55
PROD01064,Essential Wallet,Grocery,Vortex,6741.49
PROD01065,Smart Speaker,Grocery,Pixel,6798.58
PROD01066,Deluxe Keyboard,Beauty,TrueValue,11826.56
PROD01067,Premium Mouse,Home & Kitchen,Metro,3895.56
PROD01068,Compact Sunglasses,Home & Kitchen,TrueValue,1855.54
PROD01069,Premium Keyboard,Books,Pixel,5737.49
PROD01070,Essential T-Shirt,Toys,Sunrise,4666.1
PROD01071,Compact Mouse,Sports,Everline,4810.3
PROD01072,Smart Wallet,Toys,Bright Home,3813.36
PROD01073,Compact Blender,Sports,Pixel,768.28
PROD01074,Compact Blender,Sports,Pixel,383.2
PROD01075,Portable Backpack,Beauty,Vortex,15803.79
PROD01076,Essential Keyboard,Books,Everline,6900.59
PROD01077,Classic Yoga Mat,Electronics,Metro,6209.79
PROD01078,Eco Water Bottle,Books,Sunrise,10905.39
PROD01079,Classic Desk Lamp,Home & Kitchen,TrueValue,3569.24
PROD01080,Eco Water Bottle,Beauty,Metro,15203.38
PROD01081,Compact Keyboard,Apparel,Zenith,12601.89
PROD01082,Premium Charger,Books,Pixel,1520.63
PROD01083,Portable Speaker,Electronics,Sunrise,6738.53
PROD01084,Eco Headphones,Sports,Vortex,14076.98
PROD01085,Smart Headphones,Home & Kitchen,Sunrise,15120.24
PROD01086,Portable Keyboard,Home & Kitchen,Vortex,7530.68
PROD01087,Rapid Sneakers,Apparel,Nova,9852.24
PROD01088,Classic Headphones,Beauty,Zenith,2754.84
PROD01089,Compact Charger,Books,Sunrise,15858.58
PROD01090,Compact T-Shirt,Books,Sunrise,3782.58
PROD01091,Smart Backpack,Books,Zenith,15088.44
PROD01092,Classic Mouse,Electronics,Zenith,10428.38
PROD01093,Smart Keyboard,Grocery,Zenith,9762.02
PROD01094,Deluxe T-Shirt,Toys,Pixel,8250.75
PROD01095,Portable Air Fryer,Sports,Pixel,3766.65
PROD01096,Premium Desk Lamp,Electronics,Vortex,2905.8
PROD01097,Compact Keyboard,Beauty,Metro,3604.73
PROD01098,Compact Air Fryer,Grocery,Everline,3063.37
PROD01099,Rapid Air Fryer,Beauty,Urban Craft,12494.39
PROD01100,Smart Yoga Mat,Electronics,Pixel,5665.99
PROD01101,Wireless Sunglasses,Home & Kitchen,Pixel,1018.7
PROD01102,Classic Yoga Mat,Books,Zenith,15507.73
PROD01103,Wireless Headphones,Home & Kitchen,TrueValue,14151.2
PROD01104,Smart Water Bottle,Beauty,Pixel,14850.26
PROD01105,Rapid Keyboard,Toys,Urban Craft,15918.03
PROD01106,Essential Wallet,Beauty,TrueValue,2863.93
PROD01107,Wireless Sneakers,Sports,Zenith,6399.25
PROD01108,Classic Desk Lamp,Grocery,Vortex,12154.99
PROD01109,Wireless Air Fryer,Apparel,Nova,11165.73
PROD01110,Smart Backpack,Books,Vortex,2545.94
PROD01111,Wireless Mouse,Grocery,Zenith,13070.75
PROD01112,Deluxe Sunglasses,Home & Kitchen,Urban Craft,3667.61
PROD01113,Premium Water Bottle,Toys,Vortex,3657.7
PROD01114,Smart T-Shirt,Electronics,Sunrise,8636.89
PROD01115,Smart Sneakers,Apparel,Vortex,9526.74
PROD01116,Deluxe Sunglasses,Apparel,Metro,9322.37
PROD01117,Smart Sunglasses,Home & Kitchen,Bright Home,1553.64
PROD01118,Eco Yoga Mat,Electronics,Pixel,14050.63
PROD01119,Portable Desk Lamp,Beauty,Pixel,4322.04
PROD01120,Deluxe Charger,Beauty,Sunrise,2158.29
PROD01121,Premium Wallet,Home & Kitchen,Vortex,14230.09
PROD01122,Compact Wallet,Grocery,Metro,15293.86
PROD01123,Portable Sunglasses,Apparel,Nova,13806.83
PROD01124,Smart T-Shirt,Grocery,Sunrise,12970.31
PROD01125,Portable Air Fryer,Home & Kitchen,Zenith,10517.35
PROD01126,Rapid Blender,Beauty,Pixel,8857.63
PROD01127,Classic Wallet,Sports,Urban Craft,1482.09
PROD01128,Premium Water Bottle,Sports,Urban Craft,6593.41
PROD01129,Eco Speaker,Toys,Nova,6024.75
PROD01130,Eco Blender,Electronics,Sunrise,4229.09
PROD01131,Portable Notebook,Electronics,Urban Craft,11601.38
PROD01132,Essential Headphones,Toys,Urban Craft,7983.42
PROD01133,Essential Sneakers,Apparel,Nova,1387.63
PROD01134,Essential Desk Lamp,Sports,TrueValue,3599.91
PROD01135,Compact Wallet,Books,TrueValue,10962.81
PROD01136,Wireless Sneakers,Books,Sunrise,1309.48
PROD01137,Premium Yoga Mat,Toys,TrueValue,13633.19
PROD01138,Wireless Blender,Apparel,Pixel,7971.83
PROD01139,Smart Desk Lamp,Home & Kitchen,Everline,7740.33
PROD01140,Smart Notebook,Electronics,Zenith,9518.28
PROD01141,Essential Keyboard,Books,Metro,13211.43
PROD01142,Eco Water Bottle,Home & Kitchen,Vortex,5629.17
PROD01143,Deluxe T-Shirt,Books,Sunrise,10879.46
PROD01144,Rapid Water Bottle,Sports,Sunrise,9094.14
PROD01145,Classic Wallet,Toys,Zenith,4344.75
PROD01146,Deluxe Headphones,Home & Kitchen,Bright Home,14069.22
PROD01147,Smart Backpack,Toys,TrueValue,12778.07
PROD01148,Compact Keyboard,Grocery,Metro,10568.38
PROD01149,Smart Wallet,Sports,Everline,13623.25
PROD01150,Premium Blender,Grocery,Vortex,13888.98
PROD01151,Compact Wallet,Electronics,Zenith,11361.97
PROD01152,Portable Notebook,Beauty,Nova,13407.51
PROD01153,Essential Yoga Mat,Grocery,TrueValue,11188.8
PROD01154,Portable Wallet,Home & Kitchen,Urban Craft,10913.24
PROD01155,Premium Air Fryer,Books,Everline,9934.92
PROD01156,Compact Backpack,Toys,Metro,12067.19
PROD01157,Premium Speaker,Toys,Metro,2620.82
PROD01158,Compact Water Bottle,Toys,Nova,14104.85
PROD01159,Wireless Charger,Books,Nova,13961.31
PROD01160,Portable Backpack,Toys,Urban Craft,564.03
PROD01161,Wireless Mouse,Sports,Sunrise,13229.49
PROD01162,Classic Desk Lamp,Home & Kitchen,TrueValue,2148.03
PROD01163,Smart Charger,Apparel,Urban Craft,5427.39
PROD01164,Classic Headphones,Apparel,Urban Craft,11920.78
PROD01165,Eco Desk Lamp,Beauty,TrueValue,2655.08
PROD01166,Classic Desk Lamp,Books,Zenith,13104.68
PROD01167,Smart Water Bottle,Toys,Vortex,13329.93
PROD01168,Essential Speaker,Home & Kitchen,Nova,8167.74
PROD01169,Essential Backpack,Toys,Zenith,200.54
PROD01170,Classic Sneakers,Grocery,Sunrise,4662.91
PROD01171,Compact Mouse,Books,Pixel,9908.14
PROD01172,Wireless Wallet,Toys,Zenith,15699.86
PROD01173,Compact Water Bottle,Sports,Pixel,10144.84
PROD01174,Deluxe Charger,Sports,Vortex,4229.88
PROD01175,Rapid Notebook,Toys,Vortex,10179.69
PROD01176,Portable Water Bottle,Grocery,TrueValue,8684.77
PROD01177,Deluxe Keyboard,Apparel,Pixel,12498.54
PROD01178,Rapid Wallet,Electronics,TrueValue,1799.99
PROD01179,Rapid T-Shirt,Beauty,Nova,12199.34
PROD01180,Deluxe Blender,Sports,Pixel,8705.14
PROD01181,Wireless Headphones,Beauty,Nova,15410.57
PROD01182,Smart Yoga Mat,Electronics,Everline,5534.77
PROD01183,Smart Keyboard,Apparel,Vortex,10157.69
PROD01184,Wireless Keyboard,Beauty,Metro,14918.25
PROD01185,Essential Keyboard,Beauty,Urban Craft,1728.9
PROD01186,Wireless Speaker,Home & Kitchen,Everline,15000.93
PROD01187,Smart Sneakers,Apparel,Zenith,11036.38
PROD01188,Portable Speaker,Books,Vortex,1177.61
PROD01189,Deluxe Wallet,Toys,Pixel,4884.32
PROD01190,Portable Air Fryer,Books,Pixel,11358.94
PROD01191,Eco Yoga Mat,Beauty,Pixel,1169.87
PROD01192,Rapid Speaker,Grocery,Everline,9355.51
PROD01193,Premium Sunglasses,Home & Kitchen,Sunrise,5598.54
PROD01194,Compact Air Fryer,Books,Zenith,9971.56
PROD01195,Deluxe Mouse,Books,Pixel,826.3
PROD01196,Smart Air Fryer,Toys,Bright Home,13956.44
PROD01197,Classic Speaker,Beauty,Sunrise,15577.47
PROD01198,Smart Notebook,Books,Urban Craft,15504.16
PROD01199,Compact Air Fryer,Books,Urban Craft,12018.46
PROD01200,Eco Yoga Mat,Electronics,Nova,2167.37
PROD01201,Eco Air Fryer,Toys,Zenith,12155.38
PROD01202,Premium T-Shirt,Books,Everline,489.93
PROD01203,Classic Speaker,Home & Kitchen,Urban Craft,450.76
PROD01204,Smart T-Shirt,Grocery,Metro,5244.4
PROD01205,Premium Wallet,Beauty,Vortex,7868.43
PROD01206,Portable Sunglasses,Grocery,Metro,12348.48
PROD01207,Smart T-Shirt,Home & Kitchen,Bright Home,10963.4
PROD01208,Premium Yoga Mat,Sports,Sunrise,7188.85
PROD01209,Premium Sunglasses,Electronics,Everline,4449.66
PROD01210,Eco Charger,Beauty,TrueValue,15953.28
PROD01211,Portable Yoga Mat,Electronics,Bright Home,6875.28
PROD01212,Essential Speaker,Beauty,Urban Craft,7276.05
PROD01213,Portable Speaker,Beauty,Zenith,2700.62
PROD01214,Wireless Keyboard,Beauty,Zenith,12736.47
PROD01215,Smart Notebook,Toys,Bright Home,11128.55
PROD01216,Deluxe T-Shirt,Beauty,Vortex,3609.24
PROD01217,Compact Water Bottle,Apparel,Nova,1408.86
PROD01218,Essential Charger,Toys,Nova,10918.94
PROD01219,Classic Desk Lamp,Electronics,Bright Home,10505.73
PROD01220,Compact Backpack,Toys,Urban Craft,4443.83
PROD01221,Wireless Water Bottle,Apparel,Nova,15217.73
PROD01222,Compact Sneakers,Sports,Sunrise,2500.82
PROD01223,Portable Backpack,Beauty,Urban Craft,6973.12
PROD01224,Classic T-Shirt,Beauty,Zenith,15102.49
PROD01225,Portable Sunglasses,Sports,Urban Craft,6772.66
PROD01226,Essential Yoga Mat,Apparel,TrueValue,10251.56
PROD01227,Smart Wallet,Toys,Nova,6420.75
PROD01228,Compact Notebook,Books,Vortex,4459.02
PROD01229,Deluxe Charger,Grocery,Bright Home,15744.24
PROD01230,Eco Keyboard,Electronics,Bright Home,6607.41
PROD01231,Classic Backpack,Sports,TrueValue,14315.18
PROD01232,Classic Sneakers,Beauty,Everline,3755.28
PROD01233,Eco Air Fryer,Toys,Pixel,3487.36
PROD01234,Smart Keyboard,Apparel,Bright Home,594.03
PROD01235,Compact Sunglasses,Toys,Urban Craft,10460.5
PROD01236,Wireless Backpack,Beauty,Metro,5958.57
PROD01237,Smart Sunglasses,Electronics,Urban Craft,13842.3
PROD01238,Compact Water Bottle,Toys,Zenith,7623.04
PROD01239,Essential Sneakers,Sports,Pixel,15493.28
PROD01240,Premium Mouse,Grocery,Everline,3048.86
PROD01241,Essential Headphones,Home & Kitchen,Nova,13910.11
PROD01242,Portable Sneakers,Grocery,Zenith,12446.89
PROD01243,Classic Headphones,Beauty,Zenith,12356.66
PROD01244,Essential Sneakers,Books,Pixel,13531.05
PROD01245,Compact Yoga Mat,Electronics,TrueValue,12199.28
PROD01246,Wireless Backpack,Home & Kitchen,TrueValue,10055.9
PROD01247,Classic Charger,Toys,Metro,2185.79
PROD01248,Compact Desk Lamp,Apparel,Bright Home,616.17
PROD01249,Wireless Wallet,Electronics,Sunrise,14740.48
PROD01250,Eco T-Shirt,Home & Kitchen,Metro,9903.74
PROD01251,Smart Keyboard,Sports,Everline,12763.94
PROD01252,Rapid Wallet,Books,Nova,7755.21
PROD01253,Rapid Headphones,Grocery,Metro,1964.2
PROD01254,Classic Sunglasses,Electronics,Urban Craft,2089.45
PROD01255,Eco Wallet,Sports,Metro,10999.49
PROD01256,Essential Mouse,Toys,Zenith,6940.86
PROD01257,Wireless Wallet,Toys,Sunrise,3287.34
PROD01258,Rapid Sneakers,Toys,TrueValue,7915.35
PROD01259,Classic Air Fryer,Electronics,Sunrise,1119.92
PROD01260,Eco Speaker,Toys,Metro,9352.35
PROD01261,Eco Charger,Sports,Metro,4376.0
PROD01262,Essential Air Fryer,Electronics,TrueValue,12780.19
PROD01263,Rapid Notebook,Grocery,Everline,5033.76
PROD01264,Eco Mouse,Home & Kitchen,TrueValue,7337.0
PROD01265,Essential Air Fryer,Home & Kitchen,Metro,283.77
PROD01266,Smart Speaker,Apparel,TrueValue,1250.91
PROD01267,Rapid Water Bottle,Sports,Metro,6339.65
PROD01268,Portable Mouse,Books,Vortex,7730.03
PROD01269,Rapid T-Shirt,Toys,Urban Craft,9639.33
PROD01270,Portable Water Bottle,Toys,Everline,4736.44
PROD01271,Portable Speaker,Beauty,TrueValue,11149.21
PROD01272,Compact Sunglasses,Books,Vortex,13774.95
PROD01273,Compact Charger,Home & Kitchen,Urban Craft,12498.63
PROD01274,Eco Sneakers,Grocery,Nova,728.94
PROD01275,Smart Sneakers,Toys,TrueValue,7739.06
PROD01276,Portable Wallet,Toys,Vortex,1767.39
PROD01277,Compact Sunglasses,Grocery,TrueValue,3947.52
PROD01278,Smart Air Fryer,Books,TrueValue,15786.94
PROD01279,Eco Water Bottle,Apparel,Urban Craft,2364.68
PROD01280,Deluxe Keyboard,Books,Zenith,8031.32
PROD01281,Classic Wallet,Books,Vortex,9927.68
PROD01282,Compact Headphones,Toys,Everline,11268.19
PROD01283,Smart Desk Lamp,Books,Bright Home,8997.41
PROD01284,Classic Speaker,Grocery,Pixel,254.36
PROD01285,Eco Charger,Books,Metro,5289.73
PROD01286,Premium Keyboard,Home & Kitchen,TrueValue,8330.62
PROD01287,Portable Blender,Home & Kitchen,Metro,1496.08
PROD01288,Classic Charger,Books,Nova,5673.97
PROD01289,Premium Keyboard,Home & Kitchen,TrueValue,626.93
PROD01290,Eco Charger,Grocery,Bright Home,1348.4
PROD01291,Compact Charger,Home & Kitchen,Everline,6410.08
PROD01292,Rapid Sunglasses,Electronics,Zenith,2209.18
PROD01293,Essential Water Bottle,Home & Kitchen,TrueValue,9122.9
PROD01294,Classic Desk Lamp,Apparel,TrueValue,11061.49
PROD01295,Essential Desk Lamp,Books,TrueValue,12828.33
PROD01296,Wireless Notebook,Apparel,TrueValue,3281.39
PROD01297,Essential Yoga Mat,Beauty,Bright Home,2761.97
PROD01298,Premium Speaker,Books,Everline,1761.63
PROD01299,Essential T-Shirt,Beauty,Vortex,10218.24
PROD01300,Eco Backpack,Electronics,TrueValue,11331.96
PROD01301,Smart Air Fryer,Beauty,Sunrise,601.22
PROD01302,Classic Keyboard,Books,Zenith,14984.77
PROD01303,Rapid Notebook,Books,TrueValue,925.34
PROD01304,Smart Blender,Sports,Everline,8705.61
PROD01305,Rapid Notebook,Beauty,Urban Craft,11373.06
PROD01306,Rapid Mouse,Toys,Everline,13947.41
PROD01307,Premium Charger,Toys,Urban Craft,11452.98
PROD01308,Essential Headphones,Electronics,Sunrise,12846.48
PROD01309,Classic Sunglasses,Sports,Sunrise,5496.26
PROD01310,Eco Backpack,Home & Kitchen,Sunrise,13054.72
PROD01311,Compact Headphones,Books,Bright Home,1372.83
PROD01312,Deluxe Sunglasses,Beauty,TrueValue,14326.58
PROD01313,Essential Notebook,Beauty,Bright Home,8805.72
PROD01314,Essential Mouse,Home & Kitchen,Everline,13094.03
PROD01315,Premium Water Bottle,Beauty,Nova,7290.86
PROD01316,Compact Mouse,Sports,Sunrise,10331.89
PROD01317,Premium Charger,Beauty,Metro,8468.8
PROD01318,Smart Blender,Grocery,Pixel,11731.27
PROD01319,Rapid Yoga Mat,Apparel,Nova,1396.92
PROD01320,Compact Mouse,Grocery,TrueValue,1058.6
PROD01321,Wireless Sneakers,Toys,Pixel,4027.94
PROD01322,Smart Blender,Books,Zenith,2635.76
PROD01323,Portable Sneakers,Apparel,Vortex,13960.36
PROD01324,Smart Backpack,Electronics,Sunrise,3584.5
PROD01325,Smart Notebook,Electronics,TrueValue,15615.26
PROD01326,Eco Headphones,Grocery,Urban Craft,5455.64
PROD01327,Premium Air Fryer,Apparel,Zenith,2994.67
PROD01328,Wireless Water Bottle,Home & Kitchen,Pixel,12655.21
PROD01329,Premium Water Bottle,Beauty,Metro,10572.45
PROD01330,Deluxe Keyboard,Apparel,Zenith,8020.31
PROD01331,Compact Notebook,Electronics,Pixel,8929.28
PROD01332,Premium Speaker,Electronics,Bright Home,11534.31
PROD01333,Deluxe Water Bottle,Apparel,Metro,3731.43
PROD01334,Wireless Blender,Electronics,Metro,15940.71
PROD01335,Compact Yoga Mat,Sports,Vortex,15598.21
PROD01336,Essential Mouse,Home & Kitchen,Everline,10439.18
PROD01337,Smart Blender,Books,TrueValue,3271.72
PROD01338,Deluxe Sunglasses,Sports,Sunrise,10914.63
PROD01339,Portable Charger,Electronics,Pixel,1246.95
PROD01340,Essential Mouse,Beauty,Metro,586.37
PROD01341,Wireless Mouse,Sports,Pixel,4196.16
PROD01342,Premium Backpack,Books,Vortex,7454.71
PROD01343,Deluxe Charger,Books,Vortex,13904.53
PROD01344,Portable Headphones,Books,Vortex,11660.99
PROD01345,Compact Air Fryer,Electronics,Urban Craft,11908.03
PROD01346,Classic Notebook,Electronics,Vortex,6864.34
PROD01347,Classic Headphones,Grocery,Zenith,5599.37
PROD01348,Rapid Sunglasses,Apparel,Everline,5998.52
PROD01349,Premium Yoga Mat,Home & Kitchen,TrueValue,15802.63
PROD01350,Premium T-Shirt,Home & Kitchen,Urban Craft,736.74
PROD01351,Classic Sunglasses,Grocery,Urban Craft,13884.8
PROD01352,Classic Speaker,Sports,TrueValue,9299.94
PROD01353,Essential Blender,Apparel,Zenith,7072.99
PROD01354,Premium Wallet,Beauty,Urban Craft,11630.6
PROD01355,Wireless Wallet,Electronics,Everline,7837.04
PROD01356,Wireless Sneakers,Beauty,Nova,13986.43
PROD01357,Deluxe Sneakers,Grocery,Pixel,14420.16
PROD01358,Rapid Water Bottle,Sports,Sunrise,6804.36
PROD01359,Wireless Desk Lamp,Toys,Pixel,4500.56
PROD01360,Wireless Keyboard,Sports,TrueValue,9517.37
PROD01361,Essential Notebook,Beauty,Zenith,14605.58
PROD01362,Rapid Mouse,Apparel,Urban Craft,3448.53
PROD01363,Rapid Headphones,Toys,TrueValue,10004.17
PROD01364,Classic Blender,Books,Vortex,10140.81
PROD01365,Compact Headphones,Books,Urban Craft,11755.5
PROD01366,Compact Blender,Grocery,Urban Craft,2190.93
PROD01367,Eco Mouse,Apparel,Pixel,11480.62
PROD01368,Wireless Yoga Mat,Toys,Vortex,14552.62
PROD01369,Essential Headphones,Toys,Urban Craft,2955.96
PROD01370,Compact Desk Lamp,Home & Kitchen,Nova,3875.94
PROD01371,Premium Notebook,Home & Kitchen,Vortex,15544.18
PROD01372,Compact Yoga Mat,Home & Kitchen,TrueValue,2976.53
PROD01373,Compact Wallet,Home & Kitchen,Zenith,13683.72
PROD01374,Eco Water Bottle,Sports,Metro,7926.22
PROD01375,Portable Sneakers,Books,Vortex,4029.97
PROD01376,Wireless Water Bottle,Beauty,Everline,13943.92
PROD01377,Premium Notebook,Apparel,Pixel,7179.35
PROD01378,Premium Blender,Electronics,Vortex,8284.6
PROD01379,Eco Wallet,Grocery,Nova,5810.81
PROD01380,Essential Yoga Mat,Beauty,Nova,9526.92
PROD01381,Classic Water Bottle,Beauty,Bright Home,2699.03
PROD01382,Rapid Headphones,Sports,Pixel,6317.2
PROD01383,Compact Charger,Toys,Urban Craft,15512.66
PROD01384,Deluxe Mouse,Books,Pixel,4203.32
PROD01385,Premium Backpack,Books,Metro,10541.11
PROD01386,Eco Wallet,Grocery,Metro,5269.52
PROD01387,Rapid Blender,Books,Sunrise,12397.22
PROD01388,Premium Speaker,Apparel,Sunrise,2179.89
PROD01389,Deluxe Speaker,Sports,Vortex,15519.15
PROD01390,Compact Mouse,Electronics,Vortex,7314.25
PROD01391,Compact T-Shirt,Books,Pixel,3852.2
PROD01392,Premium T-Shirt,Beauty,Pixel,1267.6
PROD01393,Smart Charger,Grocery,Everline,2798.15
PROD01394,Classic Water Bottle,Electronics,Urban Craft,8363.41
PROD01395,Eco Wallet,Home & Kitchen,Zenith,5457.35
PROD01396,Smart Mouse,Grocery,Nova,13278.25
PROD01397,Compact Water Bottle,Beauty,Sunrise,6950.11
PROD01398,Wireless Air Fryer,Grocery,Everline,4053.56
PROD01399,Premium Sunglasses,Toys,Sunrise,9911.61
PROD01400,Portable Headphones,Home & Kitchen,Pixel,11336.76
PROD01401,Wireless Air Fryer,Apparel,Vortex,2754.97
PROD01402,Wireless Yoga Mat,Books,Everline,2764.15
PROD01403,Smart Backpack,Sports,Everline,682.08
PROD01404,Essential Desk Lamp,Apparel,Sunrise,11807.79
PROD01405,Premium Keyboard,Home & Kitchen,Urban Craft,10653.49
PROD01406,Portable Mouse,Beauty,Bright Home,7645.63
PROD01407,Deluxe T-Shirt,Books,Pixel,13521.31
PROD01408,Portable Mouse,Sports,Urban Craft,12909.16
PROD01409,Rapid Desk Lamp,Sports,Zenith,9406.13
PROD01410,Rapid T-Shirt,Beauty,Sunrise,13904.51
PROD01411,Compact Air Fryer,Books,Metro,3371.88
PROD01412,Eco Sunglasses,Grocery,TrueValue,1878.52
PROD01413,Deluxe Keyboard,Apparel,Everline,4388.02
PROD01414,Smart Sunglasses,Electronics,Zenith,1006.68
PROD01415,Rapid Desk Lamp,Home & Kitchen,Nova,8544.6
PROD01416,Eco Wallet,Beauty,Sunrise,14991.03
PROD01417,Essential Sunglasses,Books,Sunrise,724.56
PROD01418,Wireless Mouse,Toys,Everline,2040.55
PROD01419,Rapid Notebook,Apparel,Sunrise,7288.96
PROD01420,Wireless Wallet,Books,Metro,14947.61
PROD01421,Eco Desk Lamp,Beauty,Metro,5125.88
PROD01422,Classic Keyboard,Beauty,Sunrise,8164.03
PROD01423,Portable Notebook,Electronics,Zenith,760.01
PROD01424,Portable T-Shirt,Grocery,Sunrise,2457.66
PROD01425,Wireless Backpack,Apparel,Zenith,15786.42
PROD01426,Deluxe Water Bottle,Grocery,Zenith,15444.39
PROD01427,Deluxe Water Bottle,Beauty,Metro,177.55
PROD01428,Deluxe Wallet,Home & Kitchen,Metro,15232.81
PROD01429,Smart Sneakers,Sports,TrueValue,10261.01
PROD01430,Rapid Water Bottle,Home & Kitchen,Urban Craft,13898.9
PROD01431,Essential Mouse,Sports,Sunrise,7329.36
PROD01432,Premium Notebook,Beauty,Zenith,8296.98
PROD01433,Compact Mouse,Apparel,Vortex,7871.66
PROD01434,Portable Blender,Sports,Sunrise,10702.14
PROD01435,Premium Water Bottle,Books,Pixel,2319.45
PROD01436,Premium Headphones,Apparel,TrueValue,575.58
PROD01437,Classic Mouse,Books,Urban Craft,4995.09
PROD01438,Eco Headphones,Electronics,Nova,11303.42
PROD01439,Eco Mouse,Toys,Bright Home,3308.47
PROD01440,Premium Keyboard,Grocery,TrueValue,10806.58
PROD01441,Portable Mouse,Home & Kitchen,Pixel,15520.6
PROD01442,Compact Air Fryer,Beauty,Pixel,1592.02
PROD01443,Wireless Charger,Toys,Metro,10793.37
PROD01444,Portable Backpack,Sports,Everline,7154.63
PROD01445,Premium Sunglasses,Grocery,Everline,13902.46
PROD01446,Classic Sunglasses,Home & Kitchen,Pixel,2915.68
PROD01447,Premium Backpack,Beauty,TrueValue,11111.75
PROD01448,Deluxe Keyboard,Electronics,Pixel,13425.03
PROD01449,Eco Desk Lamp,Toys,Pixel,15118.37
PROD01450,Rapid Yoga Mat,Beauty,TrueValue,10962.64
PROD01451,Deluxe Speaker,Grocery,Metro,8004.08
PROD01452,Rapid Charger,Sports,Vortex,9922.77
PROD01453,Smart Backpack,Electronics,Zenith,13914.59
PROD01454,Compact Desk Lamp,Sports,Metro,9171.69
PROD01455,Wireless Wallet,Apparel,Vortex,582.15
PROD01456,Essential Mouse,Beauty,Urban Craft,14901.08
PROD01457,Classic Air Fryer,Electronics,Nova,11062.48
PROD01458,Rapid Backpack,Sports,TrueValue,10855.56
PROD01459,Smart Blender,Sports,Nova,3528.23
PROD01460,Essential Keyboard,Beauty,Metro,10575.28
PROD01461,Premium Blender,Books,Pixel,6361.44
PROD01462,Classic T-Shirt,Sports,Urban Craft,10453.6
PROD01463,Eco Sunglasses,Grocery,TrueValue,1793.83
PROD01464,Eco Wallet,Apparel,Urban Craft,10558.74
PROD01465,Deluxe Speaker,Electronics,TrueValue,15989.68
PROD01466,Premium T-Shirt,Books,Pixel,865.57
PROD01467,Compact Desk Lamp,Electronics,Nova,15636.07
PROD01468,Essential Charger,Books,Nova,6568.84
PROD01469,Wireless Blender,Grocery,Metro,13943.98
PROD01470,Deluxe Keyboard,Grocery,Zenith,12538.93
PROD01471,Essential Sneakers,Sports,Vortex,9114.56
PROD01472,Premium Wallet,Toys,Pixel,11840.34
PROD01473,Eco Air Fryer,Home & Kitchen,Zenith,14067.4
PROD01474,Portable Backpack,Toys,Bright Home,6524.83
PROD01475,Deluxe Wallet,Apparel,Pixel,5298.83
PROD01476,Wireless Sneakers,Sports,Pixel,10713.73
PROD01477,Compact Headphones,Home & Kitchen,Urban Craft,12943.75
PROD01478,Rapid Mouse,Electronics,TrueValue,12219.33
PROD01479,Classic Yoga Mat,Home & Kitchen,Pixel,12784.24
PROD01480,Smart Air Fryer,Grocery,Nova,7024.77
PROD01481,Deluxe Water Bottle,Sports,Sunrise,13102.56
PROD01482,Deluxe Wallet,Beauty,Vortex,2010.32
PROD01483,Compact T-Shirt,Books,Urban Craft,8756.38
PROD01484,Smart Sneakers,Beauty,TrueValue,190.56
PROD01485,Wireless Yoga Mat,Home & Kitchen,TrueValue,5259.91
PROD01486,Essential Water Bottle,Beauty,Vortex,5925.74
PROD01487,Rapid Desk Lamp,Beauty,Sunrise,6398.15
PROD01488,Rapid Sunglasses,Apparel,Pixel,11156.93
PROD01489,Smart Yoga Mat,Electronics,Metro,6277.07
PROD01490,Rapid Sunglasses,Sports,Nova,7233.23
PROD01491,Compact Wallet,Beauty,Vortex,3875.95
PROD01492,Compact Headphones,Electronics,Zenith,6033.7
PROD01493,Smart T-Shirt,Electronics,Urban Craft,3712.59
PROD01494,Deluxe Mouse,Apparel,Zenith,1262.82
PROD01495,Compact Desk Lamp,Home & Kitchen,Urban Craft,9693.83
PROD01496,Wireless Notebook,Grocery,Everline,10723.58
PROD01497,Essential Charger,Sports,Vortex,9948.9
PROD01498,Eco Headphones,Electronics,Metro,7468.56
PROD01499,Essential Air Fryer,Toys,Sunrise,6137.59
PROD01500,Eco Air Fryer,Toys,Metro,13826.01
PROD01501,Rapid Air Fryer,Home & Kitchen,Bright Home,8352.4
PROD01502,Classic Sneakers,Electronics,Metro,7717.99
PROD01503,Deluxe Notebook,Sports,Zenith,506.71
PROD01504,Essential Notebook,Home & Kitchen,Nova,5524.84
PROD01505,Portable Charger,Electronics,Urban Craft,6144.11
PROD01506,Portable Sneakers,Electronics,TrueValue,6440.28
PROD01507,Smart Backpack,Home & Kitchen,Zenith,9323.74
PROD01508,Rapid Speaker,Beauty,Metro,8583.28
PROD01509,Deluxe Charger,Home & Kitchen,Sunrise,9764.69
PROD01510,Compact Sneakers,Apparel,Urban Craft,12260.64
PROD01511,Deluxe Notebook,Apparel,Vortex,13025.47
PROD01512,Portable Notebook,Books,Urban Craft,11517.16
PROD01513,Smart Air Fryer,Apparel,TrueValue,15291.83
PROD01514,Wireless Charger,Electronics,TrueValue,388.9
PROD01515,Compact Keyboard,Sports,Metro,3211.87
PROD01516,Premium Speaker,Sports,Everline,219.25
PROD01517,Eco Headphones,Sports,Urban Craft,10393.85
PROD01518,Smart Desk Lamp,Sports,Nova,14377.69
PROD01519,Wireless Blender,Books,Vortex,3970.37
PROD01520,Classic Sneakers,Apparel,Bright Home,14838.85
PROD01521,Premium Yoga Mat,Beauty,Metro,1057.25
PROD01522,Eco Headphones,Toys,Metro,14956.53
PROD01523,Classic T-Shirt,Sports,Zenith,5689.8
PROD01524,Compact Speaker,Books,Everline,1711.59
PROD01525,Smart Charger,Sports,Urban Craft,7824.36
PROD01526,Compact Speaker,Toys,Sunrise,4181.75
PROD01527,Compact Headphones,Home & Kitchen,Pixel,4628.48
PROD01528,Smart Yoga Mat,Home & Kitchen,Zenith,4984.91
PROD01529,Deluxe Keyboard,Home & Kitchen,Zenith,12867.11
PROD01530,Classic Desk Lamp,Beauty,Metro,8671.66
PROD01531,Classic Yoga Mat,Home & Kitchen,Vortex,5048.79
PROD01532,Portable Blender,Grocery,Vortex,9803.31
PROD01533,Classic Headphones,Electronics,Sunrise,11485.8
PROD01534,Classic Air Fryer,Sports,Metro,4433.72
PROD01535,Compact Backpack,Grocery,Everline,6674.43
PROD01536,Premium Blender,Sports,Zenith,2036.99
PROD01537,Deluxe T-Shirt,Toys,Bright Home,2979.27
PROD01538,Classic Desk Lamp,Toys,Bright Home,10928.77
PROD01539,Classic T-Shirt,Apparel,Everline,2983.87
PROD01540,Deluxe Air Fryer,Electronics,Nova,8449.1
PROD01541,Compact Backpack,Sports,Zenith,11372.84
PROD01542,Rapid Air Fryer,Toys,Sunrise,1798.34
PROD01543,Compact Air Fryer,Apparel,Nova,9119.26
PROD01544,Eco Notebook,Home & Kitchen,Nova,4178.35
PROD01545,Rapid Blender,Toys,Everline,15409.54
PROD01546,Portable Backpack,Home & Kitchen,TrueValue,7787.38
PROD01547,Compact Blender,Electronics,TrueValue,12914.28
PROD01548,Premium Speaker,Grocery,Nova,8847.6
PROD01549,Classic Sunglasses,Books,Urban Craft,789.26
PROD01550,Essential Water Bottle,Sports,Vortex,10166.11
PROD01551,Classic Charger,Beauty,Vortex,15226.31
PROD01552,Classic Water Bottle,Books,Bright Home,9664.63
PROD01553,Essential Wallet,Electronics,Nova,13124.1
PROD01554,Compact Desk Lamp,Toys,Zenith,14157.88
PROD01555,Deluxe Headphones,Beauty,Urban Craft,3725.47
PROD01556,Portable Headphones,Sports,Pixel,3470.51
PROD01557,Essential Sunglasses,Books,Zenith,9813.6
PROD01558,Portable Blender,Apparel,Bright Home,6634.35
PROD01559,Portable Notebook,Sports,Urban Craft,13452.79
PROD01560,Wireless Keyboard,Books,Everline,14409.37
PROD01561,Deluxe T-Shirt,Toys,Vortex,5718.4
PROD01562,Premium Desk Lamp,Electronics,Everline,3865.24
PROD01563,Portable Backpack,Home & Kitchen,Zenith,12509.36
PROD01564,Rapid Notebook,Apparel,Nova,4468.42
PROD01565,Classic Sunglasses,Toys,Nova,13178.57
PROD01566,Essential Water Bottle,Grocery,Nova,6836.44
PROD01567,Smart Keyboard,Toys,Pixel,10713.04
PROD01568,Portable Wallet,Sports,Bright Home,1618.01
PROD01569,Rapid Water Bottle,Toys,Bright Home,10018.36
PROD01570,Classic T-Shirt,Sports,Sunrise,7282.11
PROD01571,Smart Backpack,Electronics,Everline,9426.07
PROD01572,Wireless Backpack,Electronics,Vortex,2770.43
PROD01573,Compact Desk Lamp,Apparel,TrueValue,11815.29
PROD01574,Eco Air Fryer,Electronics,Pixel,13817.47
PROD01575,Smart Sunglasses,Toys,Metro,3545.16
PROD01576,Rapid Charger,Sports,Vortex,1620.86
PROD01577,Compact Air Fryer,Apparel,Pixel,474.85
PROD01578,Smart Keyboard,Electronics,Sunrise,10306.35
PROD01579,Premium Desk Lamp,Beauty,TrueValue,9751.8
PROD01580,Eco Mouse,Books,Vortex,8791.49
PROD01581,Eco Speaker,Electronics,Zenith,3786.96
PROD01582,Essential Charger,Toys,Sunrise,6314.41
PROD01583,Premium Mouse,Beauty,TrueValue,9551.17
PROD01584,Eco Speaker,Home & Kitchen,Everline,7997.59
PROD01585,Smart Wallet,Electronics,Sunrise,15804.79
PROD01586,Classic Blender,Books,Zenith,2268.39
PROD01587,Compact Backpack,Beauty,Bright Home,11151.8
PROD01588,Rapid Sunglasses,Beauty,Pixel,6527.67
PROD01589,Essential Keyboard,Toys,Nova,6907.37
PROD01590,Eco T-Shirt,Toys,Urban Craft,11508.8
PROD01591,Wireless Speaker,Home & Kitchen,Zenith,11108.73
PROD01592,Premium Desk Lamp,Apparel,Urban Craft,15859.97
PROD01593,Deluxe Backpack,Electronics,Metro,2140.47
PROD01594,Portable Mouse,Apparel,Zenith,1754.34
PROD01595,Premium Blender,Beauty,Sunrise,11615.99
PROD01596,Compact T-Shirt,Beauty,Urban Craft,9295.35
PROD01597,Wireless Sneakers,Beauty,Pixel,4458.15
PROD01598,Smart Backpack,Electronics,Bright Home,1361.77
PROD01599,Eco Keyboard,Toys,Pixel,1460.97
PROD01600,Wireless Desk Lamp,Home & Kitchen,Vortex,14316.63
PROD01601,Wireless Water Bottle,Grocery,Urban Craft,3149.69
PROD01602,Deluxe Water Bottle,Toys,Everline,5240.61
PROD01603,Rapid Speaker,Grocery,Zenith,3702.84
PROD01604,Rapid Notebook,Electronics,Zenith,5743.44
PROD01605,Compact Blender,Grocery,Urban Craft,1202.84
PROD01606,Compact Keyboard,Grocery,Metro,8352.05
PROD01607,Rapid Charger,Apparel,Sunrise,1174.04
PROD01608,Premium Desk Lamp,Electronics,Nova,12824.67
PROD01609,Essential Air Fryer,Home & Kitchen,Pixel,3815.02
PROD01610,Compact Yoga Mat,Books,Zenith,8685.19
PROD01611,Wireless Wallet,Toys,Nova,14092.26
PROD01612,Essential Charger,Apparel,Urban Craft,10447.95
PROD01613,Eco Wallet,Grocery,Bright Home,8573.03
PROD01614,Rapid Desk Lamp,Books,Urban Craft,5255.91
PROD01615,Compact Keyboard,Beauty,Pixel,5393.73
PROD01616,Wireless Backpack,Apparel,Vortex,10743.84
PROD01617,Classic Backpack,Books,Nova,15905.82
PROD01618,Classic Desk Lamp,Grocery,Everline,10622.24
PROD01619,Compact Desk Lamp,Books,Nova,8967.76
PROD01620,Eco Mouse,Books,Bright Home,11716.34
PROD01621,Deluxe Notebook,Books,Vortex,7495.77
PROD01622,Deluxe Water Bottle,Beauty,TrueValue,1055.26
PROD01623,Smart Speaker,Toys,Sunrise,9039.52
PROD01624,Premium Yoga Mat,Grocery,Urban Craft,15325.24
PROD01625,Essential Yoga Mat,Electronics,Everline,2886.32
PROD01626,Compact T-Shirt,Toys,Urban Craft,11070.08
PROD01627,Essential Desk Lamp,Home & Kitchen,Urban Craft,3293.85
PROD01628,Deluxe T-Shirt,Sports,Metro,8618.66
PROD01629,Deluxe Speaker,Apparel,Urban Craft,1636.16
PROD01630,Smart Sunglasses,Toys,Everline,7259.9
PROD01631,Essential Water Bottle,Sports,TrueValue,12122.0
PROD01632,Essential Notebook,Books,Bright Home,5625.39
PROD01633,Wireless T-Shirt,Sports,Everline,10671.1
PROD01634,Portable Sunglasses,Apparel,TrueValue,12746.65
PROD01635,Deluxe Sunglasses,Electronics,Vortex,14841.13
PROD01636,Essential Headphones,Home & Kitchen,Bright Home,3829.81
PROD01637,Eco Wallet,Grocery,Pixel,6448.12
PROD01638,Eco Mouse,Home & Kitchen,Zenith,2522.41
PROD01639,Deluxe Air Fryer,Electronics,Bright Home,15879.49
PROD01640,Premium Keyboard,Electronics,Metro,14838.32
PROD01641,Portable Headphones,Grocery,Zenith,8684.32
PROD01642,Essential Desk Lamp,Books,TrueValue,13487.33
PROD01643,Rapid Blender,Grocery,Everline,8382.23
PROD01644,Portable Mouse,Home & Kitchen,Everline,10014.01
PROD01645,Classic Notebook,Apparel,Metro,1516.08
PROD01646,Essential Keyboard,Grocery,Nova,12107.8
PROD01647,Smart T-Shirt,Sports,Pixel,2129.64
PROD01648,Eco Mouse,Apparel,Bright Home,13233.48
PROD01649,Compact Yoga Mat,Electronics,Everline,12533.25
PROD01650,Rapid Speaker,Electronics,Pixel,11368.04
PROD01651,Essential Charger,Toys,Everline,673.95
PROD01652,Eco Mouse,Beauty,TrueValue,4918.74
PROD01653,Essential Speaker,Grocery,Urban Craft,4282.49
PROD01654,Smart Yoga Mat,Books,Pixel,5825.17
PROD01655,Classic Wallet,Books,Vortex,1492.52
PROD01656,Eco Mouse,Beauty,Urban Craft,14996.63
PROD01657,Deluxe T-Shirt,Home & Kitchen,TrueValue,8904.46
PROD01658,Premium Water Bottle,Electronics,Bright Home,4956.84
PROD01659,Premium Keyboard,Books,Bright Home,6411.01
PROD01660,Premium Air Fryer,Electronics,Vortex,7209.52
PROD01661,Compact Charger,Beauty,Bright Home,9648.45
PROD01662,Compact Sneakers,Apparel,Urban Craft,8298.3
PROD01663,Eco Air Fryer,Home & Kitchen,Urban Craft,14717.33
PROD01664,Classic Blender,Grocery,Bright Home,8000.72
PROD01665,Rapid Mouse,Books,Vortex,15874.31
PROD01666,Compact Desk Lamp,Toys,Bright Home,13636.66
PROD01667,Portable Air Fryer,Apparel,Zenith,3414.32
PROD01668,Wireless Yoga Mat,Home & Kitchen,Vortex,14895.46
PROD01669,Essential Notebook,Apparel,TrueValue,1949.23
PROD01670,Portable Charger,Beauty,Vortex,13096.45
PROD01671,Portable Notebook,Books,Metro,6150.91
PROD01672,Portable Water Bottle,Beauty,Nova,14058.79
PROD01673,Classic Notebook,Beauty,TrueValue,13901.1
PROD01674,Deluxe Wallet,Toys,Everline,12913.21
PROD01675,Essential T-Shirt,Grocery,Everline,12660.48
PROD01676,Wireless Wallet,Electronics,Urban Craft,4943.4
PROD01677,Eco Yoga Mat,Books,Urban Craft,1385.62
PROD01678,Portable Wallet,Electronics,TrueValue,6506.38
PROD01679,Smart Sunglasses,Books,Urban Craft,2858.04
PROD01680,Classic Yoga Mat,Electronics,Nova,11148.72
PROD01681,Compact T-Shirt,Books,Everline,5601.99
PROD01682,Premium Water Bottle,Toys,Metro,15611.2
PROD01683,Compact T-Shirt,Home & Kitchen,Bright Home,10290.46
PROD01684,Rapid Air Fryer,Toys,TrueValue,13176.44
PROD01685,Eco Wallet,Toys,Urban Craft,2206.14
PROD01686,Essential Keyboard,Apparel,Everline,13805.03
PROD01687,Premium Sunglasses,Grocery,TrueValue,14770.84
PROD01688,Portable Water Bottle,Beauty,Metro,7843.28
PROD01689,Compact Sunglasses,Grocery,Vortex,9738.42
PROD01690,Essential Water Bottle,Grocery,Sunrise,12259.48
PROD01691,Essential Desk Lamp,Electronics,Nova,2878.93
PROD01692,Essential Speaker,Electronics,Bright Home,8089.8
PROD01693,Portable Water Bottle,Toys,TrueValue,6437.74
PROD01694,Smart Charger,Apparel,Pixel,2426.35
PROD01695,Deluxe Desk Lamp,Electronics,Vortex,5942.8
PROD01696,Essential Keyboard,Beauty,Zenith,1182.94
PROD01697,Compact Keyboard,Toys,Metro,509.41
PROD01698,Smart T-Shirt,Electronics,Bright Home,2248.14
PROD01699,Classic Keyboard,Grocery,Nova,15412.53
PROD01700,Deluxe Mouse,Grocery,Pixel,8836.52
PROD01701,Wireless Desk Lamp,Toys,TrueValue,15455.57
PROD01702,Premium T-Shirt,Electronics,Sunrise,6975.72
PROD01703,Essential Backpack,Sports,Metro,5056.88
PROD01704,Compact Air Fryer,Books,Vortex,8146.66
PROD01705,Compact Speaker,Beauty,Pixel,7087.24
PROD01706,Essential T-Shirt,Toys,Zenith,1779.07
PROD01707,Deluxe T-Shirt,Books,Zenith,10288.14
PROD01708,Smart T-Shirt,Sports,Bright Home,3534.01
PROD01709,Premium Headphones,Sports,Nova,9950.45
PROD01710,Essential Sunglasses,Toys,Zenith,10437.2
PROD01711,Eco Notebook,Sports,Everline,2516.2
PROD01712,Portable Water Bottle,Toys,Bright Home,1074.46
PROD01713,Essential Air Fryer,Electronics,Everline,12513.11
PROD01714,Eco Backpack,Home & Kitchen,Pixel,7409.83
PROD01715,Classic Sneakers,Home & Kitchen,Metro,1023.8
PROD01716,Eco Water Bottle,Books,Metro,15917.37
PROD01717,Wireless Desk Lamp,Toys,Everline,1017.71
PROD01718,Wireless Yoga Mat,Sports,Urban Craft,11150.06
PROD01719,Compact Mouse,Beauty,Zenith,15739.49
PROD01720,Eco Notebook,Toys,Zenith,3901.96
PROD01721,Smart Desk Lamp,Grocery,Everline,2360.76
PROD01722,Eco Backpack,Electronics,TrueValue,2029.02
PROD01723,Premium Sunglasses,Home & Kitchen,Urban Craft,4921.07
PROD01724,Rapid Sunglasses,Toys,TrueValue,1705.63
PROD01725,Smart Wallet,Beauty,Nova,11104.37
PROD01726,Compact Water Bottle,Books,Zenith,1089.44
PROD01727,Eco Yoga Mat,Sports,Everline,8198.81
PROD01728,Essential Headphones,Apparel,Nova,15946.48
PROD01729,Smart Keyboard,Home & Kitchen,TrueValue,13041.13
PROD01730,Classic Blender,Electronics,Pixel,9880.99
PROD01731,Essential Backpack,Electronics,Vortex,4968.43
PROD01732,Deluxe Backpack,Beauty,Metro,10018.94
PROD01733,Eco Keyboard,Sports,Nova,8478.96
PROD01734,Smart Headphones,Home & Kitchen,Sunrise,6873.73
PROD01735,Smart Keyboard,Home & Kitchen,Bright Home,2177.29
PROD01736,Rapid Yoga Mat,Beauty,Sunrise,14196.01
PROD01737,Classic Air Fryer,Home & Kitchen,Nova,7250.58
PROD01738,Premium Air Fryer,Electronics,Sunrise,3193.5
PROD01739,Smart Speaker,Beauty,Sunrise,5946.37
PROD01740,Eco Keyboard,Apparel,Pixel,6683.66
PROD01741,Compact Mouse,Electronics,Everline,13256.85
PROD01742,Essential Headphones,Toys,Sunrise,11763.47
PROD01743,Premium Notebook,Electronics,Everline,12330.95
PROD01744,Deluxe Keyboard,Electronics,Everline,274.4
PROD01745,Compact Backpack,Electronics,Sunrise,6715.85
PROD01746,Wireless Notebook,Apparel,Pixel,7752.37
PROD01747,Eco Sunglasses,Books,Bright Home,404.16
PROD01748,Eco Sunglasses,Toys,TrueValue,4230.03
PROD01749,Deluxe Wallet,Sports,Everline,12187.61
PROD01750,Deluxe Notebook,Sports,TrueValue,2279.04
PROD01751,Eco T-Shirt,Beauty,Sunrise,8610.43
PROD01752,Deluxe Charger,Toys,Vortex,3520.71
PROD01753,Classic Yoga Mat,Sports,Everline,291.72
PROD01754,Portable Air Fryer,Home & Kitchen,Metro,3934.1
PROD01755,Portable Keyboard,Books,Vortex,15615.39
PROD01756,Smart Desk Lamp,Beauty,Metro,12843.44
PROD01757,Rapid Blender,Grocery,Metro,15356.27
PROD01758,Essential T-Shirt,Books,Vortex,7855.88
PROD01759,Classic Headphones,Home & Kitchen,TrueValue,1843.81
PROD01760,Portable Blender,Apparel,Urban Craft,8811.56
PROD01761,Premium Keyboard,Sports,Everline,7323.6
PROD01762,Compact Charger,Grocery,TrueValue,13524.28
PROD01763,Essential Headphones,Grocery,Urban Craft,1658.51
PROD01764,Essential T-Shirt,Toys,Metro,7862.03
PROD01765,Portable Headphones,Apparel,Nova,2484.77
PROD01766,Smart Keyboard,Home & Kitchen,TrueValue,5261.35
PROD01767,Rapid Sneakers,Electronics,Pixel,11822.98
PROD01768,Smart Notebook,Home & Kitchen,Bright Home,7667.69
PROD01769,Smart Backpack,Sports,Sunrise,6075.62
PROD01770,Smart Yoga Mat,Apparel,Urban Craft,6371.17
PROD01771,Premium Air Fryer,Grocery,Vortex,7404.2
PROD01772,Rapid T-Shirt,Toys,Everline,12580.76
PROD01773,Portable Mouse,Apparel,Bright Home,14283.15
PROD01774,Deluxe Mouse,Books,Sunrise,15288.82
PROD01775,Compact Charger,Home & Kitchen,TrueValue,12610.76
PROD01776,Classic Mouse,Home & Kitchen,Metro,5113.97
PROD01777,Eco Sneakers,Electronics,Vortex,11040.34
PROD01778,Eco Mouse,Electronics,Sunrise,7056.89
PROD01779,Eco Wallet,Beauty,Everline,4148.26
PROD01780,Classic Blender,Electronics,Nova,13468.86
PROD01781,Portable Blender,Books,Vortex,709.98
PROD01782,Classic Air Fryer,Grocery,Sunrise,14437.02
PROD01783,Rapid Sunglasses,Grocery,Bright Home,7436.49
PROD01784,Eco Water Bottle,Apparel,Vortex,10230.5
PROD01785,Premium Speaker,Sports,Urban Craft,10582.73
PROD01786,Classic Notebook,Electronics,Everline,14331.37
PROD01787,Classic Sneakers,Beauty,Pixel,10222.05
PROD01788,Deluxe Wallet,Beauty,Nova,9860.54
PROD01789,Smart Keyboard,Home & Kitchen,Sunrise,1158.77
PROD01790,Compact Air Fryer,Electronics,Zenith,8341.69
PROD01791,Wireless Speaker,Books,Everline,2486.69
PROD01792,Essential T-Shirt,Sports,Sunrise,11824.2
PROD01793,Deluxe Water Bottle,Toys,Nova,8243.33
PROD01794,Portable Water Bottle,Toys,Sunrise,10914.62
PROD01795,Wireless Water Bottle,Apparel,Bright Home,761.6
PROD01796,Smart Yoga Mat,Grocery,Vortex,1447.19
PROD01797,Rapid Headphones,Grocery,Sunrise,11488.54
PROD01798,Deluxe Wallet,Apparel,Metro,1245.14
PROD01799,Premium Water Bottle,Toys,TrueValue,1231.98
PROD01800,Portable Water Bottle,Grocery,Everline,291.52
PROD01801,Rapid Desk Lamp,Books,Zenith,15307.37
PROD01802,Rapid Backpack,Grocery,Zenith,11825.38
PROD01803,Essential Air Fryer,Electronics,Metro,5715.7
PROD01804,Essential Yoga Mat,Grocery,Pixel,4813.92
PROD01805,Premium Charger,Toys,Urban Craft,5659.28
PROD01806,Portable Backpack,Books,TrueValue,12415.99
PROD01807,Essential Desk Lamp,Books,Bright Home,10614.79
PROD01808,Portable Charger,Home & Kitchen,Vortex,3043.61
PROD01809,Classic Air Fryer,Sports,Zenith,2867.34
PROD01810,Eco Desk Lamp,Apparel,Metro,1663.49
PROD01811,Portable Sneakers,Grocery,Metro,10597.81
PROD01812,Smart Mouse,Sports,Metro,12252.53
PROD01813,Wireless Desk Lamp,Apparel,Urban Craft,4313.24
PROD01814,Premium Yoga Mat,Books,Vortex,432.02
PROD01815,Compact Air Fryer,Toys,Everline,1405.53
PROD01816,Compact Charger,Home & Kitchen,Urban Craft,15487.97
PROD01817,Deluxe Yoga Mat,Toys,Pixel,4796.57
PROD01818,Portable Desk Lamp,Grocery,Vortex,12329.65
PROD01819,Deluxe Mouse,Grocery,Zenith,10031.15
PROD01820,Premium Sunglasses,Electronics,Nova,6171.84
PROD01821,Deluxe Yoga Mat,Toys,Nova,3369.43
PROD01822,Wireless Blender,Electronics,Urban Craft,2029.04
PROD01823,Classic Charger,Books,Metro,9877.71
PROD01824,Deluxe Keyboard,Books,Everline,12415.68
PROD01825,Essential Notebook,Books,Metro,10337.08
PROD01826,Eco Sunglasses,Beauty,Bright Home,8530.8
PROD01827,Compact T-Shirt,Books,Pixel,766.02
PROD01828,Wireless Sneakers,Beauty,Everline,15497.97
PROD01829,Rapid Mouse,Grocery,Zenith,12798.56
PROD01830,Wireless Air Fryer,Beauty,Sunrise,4754.87
PROD01831,Premium Wallet,Toys,Vortex,15680.53
PROD01832,Deluxe Keyboard,Home & Kitchen,Everline,9668.92
PROD01833,Deluxe Notebook,Sports,Vortex,9359.52
PROD01834,Classic Speaker,Beauty,Nova,11993.36
PROD01835,Wireless Notebook,Books,Everline,13006.14
PROD01836,Premium Speaker,Sports,Pixel,10537.01
PROD01837,Premium Notebook,Home & Kitchen,Urban Craft,2135.72
PROD01838,Classic Mouse,Toys,Nova,5477.45
PROD01839,Deluxe Sneakers,Beauty,Metro,14855.53
PROD01840,Premium Charger,Apparel,Pixel,3670.39
PROD01841,Classic Yoga Mat,Sports,Bright Home,6016.46
PROD01842,Deluxe T-Shirt,Apparel,Zenith,6969.02
PROD01843,Compact Sunglasses,Sports,Pixel,7085.54
PROD01844,Portable Air Fryer,Toys,Nova,9844.74
PROD01845,Compact Headphones,Toys,Zenith,15093.91
PROD01846,Compact Charger,Books,TrueValue,3926.01
PROD01847,Deluxe T-Shirt,Toys,TrueValue,2030.87
PROD01848,Premium Yoga Mat,Toys,Bright Home,3238.78
PROD01849,Wireless Speaker,Home & Kitchen,TrueValue,14201.11
PROD01850,Eco Backpack,Sports,Zenith,10367.39
PROD01851,Portable Yoga Mat,Grocery,Metro,4644.92
PROD01852,Deluxe Blender,Books,Vortex,13072.56
PROD01853,Portable Yoga Mat,Books,Urban Craft,13794.78
PROD01854,Eco Speaker,Electronics,Metro,13558.58
PROD01855,Premium Speaker,Home & Kitchen,TrueValue,14709.93
PROD01856,Eco Air Fryer,Apparel,Zenith,4109.63
PROD01857,Wireless Notebook,Home & Kitchen,Nova,12104.17
PROD01858,Eco Notebook,Toys,Pixel,7421.58
PROD01859,Eco Desk Lamp,Electronics,Bright Home,13486.78
PROD01860,Eco Mouse,Grocery,Vortex,11682.0
PROD01861,Portable Yoga Mat,Beauty,Everline,12444.51
PROD01862,Portable Blender,Electronics,Sunrise,10531.97
PROD01863,Eco Blender,Sports,Nova,2920.12
PROD01864,Premium Notebook,Electronics,Bright Home,8764.93
PROD01865,Smart T-Shirt,Toys,Metro,15755.25
PROD01866,Eco Headphones,Grocery,Pixel,15003.47
PROD01867,Compact Sneakers,Sports,Urban Craft,785.46
PROD01868,Classic Yoga Mat,Grocery,Sunrise,2719.56
PROD01869,Premium Sneakers,Books,Metro,2193.49
PROD01870,Portable Charger,Home & Kitchen,TrueValue,11642.08
PROD01871,Essential Charger,Apparel,Nova,13101.79
PROD01872,Premium Sneakers,Home & Kitchen,Zenith,3493.83
PROD01873,Premium Sneakers,Electronics,Zenith,8142.06
PROD01874,Eco Wallet,Beauty,Vortex,13466.18
PROD01875,Classic Charger,Toys,Zenith,11750.54
PROD01876,Essential Sunglasses,Toys,Pixel,8720.57
PROD01877,Rapid Air Fryer,Apparel,Nova,9485.53
PROD01878,Rapid Sunglasses,Sports,Pixel,8181.93
PROD01879,Essential Speaker,Books,Vortex,4830.02
PROD01880,Smart Backpack,Grocery,Nova,9082.85
PROD01881,Essential Speaker,Grocery,Metro,11052.28
PROD01882,Smart Keyboard,Sports,Vortex,13984.83
PROD01883,Portable Water Bottle,Sports,Zenith,10216.03
PROD01884,Deluxe Keyboard,Home & Kitchen,Sunrise,12200.83
PROD01885,Classic Headphones,Home & Kitchen,TrueValue,2644.14
PROD01886,Eco Water Bottle,Beauty,Bright Home,7437.76
PROD01887,Compact Yoga Mat,Grocery,Vortex,247.37
PROD01888,Essential Backpack,Books,Metro,4021.19
PROD01889,Eco Desk Lamp,Apparel,Nova,11649.74
PROD01890,Compact Notebook,Electronics,Sunrise,15868.78
PROD01891,Wireless Blender,Books,Vortex,1675.93
PROD01892,Compact Sunglasses,Apparel,Vortex,6482.76
PROD01893,Classic Charger,Grocery,Pixel,12820.13
PROD01894,Essential Mouse,Sports,Vortex,3343.17
PROD01895,Premium Sunglasses,Books,Pixel,8924.85
PROD01896,Eco Headphones,Books,Zenith,11754.83
PROD01897,Premium Backpack,Electronics,Bright Home,9893.17
PROD01898,Essential Speaker,Home & Kitchen,Metro,3088.59
PROD01899,Smart Wallet,Electronics,Urban Craft,5749.61
PROD01900,Wireless Yoga Mat,Electronics,Vortex,12561.29
PROD01901,Portable Notebook,Sports,Everline,8911.2
PROD01902,Eco Mouse,Grocery,Metro,182.15
PROD01903,Eco Sneakers,Home & Kitchen,Urban Craft,12198.75
PROD01904,Compact Headphones,Beauty,Vortex,660.45
PROD01905,Wireless Speaker,Home & Kitchen,TrueValue,11956.17
PROD01906,Smart Yoga Mat,Beauty,Bright Home,3318.44
PROD01907,Eco Sunglasses,Home & Kitchen,Nova,15332.37
PROD01908,Smart Yoga Mat,Books,Zenith,5949.26
PROD01909,Deluxe Wallet,Home & Kitchen,Nova,5297.21
PROD01910,Portable Charger,Sports,Nova,2466.32
PROD01911,Essential Air Fryer,Books,Bright Home,4958.11
PROD01912,Compact Air Fryer,Electronics,Metro,14037.75
PROD01913,Premium Mouse,Toys,Vortex,15940.72
PROD01914,Classic Mouse,Toys,Vortex,5955.12
PROD01915,Wireless Headphones,Home & Kitchen,TrueValue,7231.91
PROD01916,Compact Sunglasses,Beauty,Nova,11579.93
PROD01917,Smart Mouse,Toys,Nova,14189.51
PROD01918,Smart Sneakers,Apparel,Metro,9528.4
PROD01919,Classic Water Bottle,Beauty,Vortex,6324.26
PROD01920,Deluxe Air Fryer,Beauty,Nova,6659.69
PROD01921,Eco Headphones,Grocery,Zenith,11159.33
PROD01922,Portable Sneakers,Books,Sunrise,150.17
PROD01923,Smart T-Shirt,Toys,Pixel,9950.47
PROD01924,Eco Backpack,Books,Urban Craft,5751.34
PROD01925,Premium Sneakers,Apparel,Everline,12726.74
PROD01926,Wireless Notebook,Grocery,Bright Home,1577.55
PROD01927,Rapid Mouse,Toys,Bright Home,9451.42
PROD01928,Eco T-Shirt,Beauty,Zenith,7746.47
PROD01929,Rapid Speaker,Home & Kitchen,Sunrise,10311.98
PROD01930,Compact Backpack,Electronics,Nova,1130.17
PROD01931,Rapid T-Shirt,Books,Bright Home,9320.74
PROD01932,Smart Backpack,Beauty,Zenith,9026.6
PROD01933,Premium Blender,Toys,Nova,9013.5
PROD01934,Compact Backpack,Beauty,Sunrise,9694.45
PROD01935,Deluxe Sunglasses,Apparel,Everline,10854.84
PROD01936,Essential Mouse,Home & Kitchen,Pixel,12898.33
PROD01937,Smart Charger,Apparel,Vortex,4389.15
PROD01938,Eco Charger,Books,Nova,13217.29
PROD01939,Eco Notebook,Home & Kitchen,Nova,8021.27
PROD01940,Eco Air Fryer,Beauty,Vortex,1324.23
PROD01941,Deluxe Water Bottle,Toys,Nova,1029.96
PROD01942,Rapid Backpack,Electronics,Nova,5413.39
PROD01943,Smart Water Bottle,Apparel,Zenith,12578.86
PROD01944,Eco T-Shirt,Sports,Nova,11351.13
PROD01945,Essential Desk Lamp,Grocery,Urban Craft,12637.98
PROD01946,Portable Mouse,Books,Urban Craft,8323.58
PROD01947,Smart Headphones,Apparel,Urban Craft,7098.16
PROD01948,Deluxe Keyboard,Electronics,Zenith,2443.5
PROD01949,Compact Desk Lamp,Beauty,Urban Craft,5317.26
PROD01950,Wireless Notebook,Sports,Bright Home,6999.91
PROD01951,Deluxe Yoga Mat,Beauty,Sunrise,1507.75
PROD01952,Smart Yoga Mat,Apparel,Pixel,3606.73
PROD01953,Smart Blender,Books,Metro,9610.78
PROD01954,Smart Sneakers,Apparel,Nova,11796.04
PROD01955,Classic T-Shirt,Toys,Everline,15972.73
PROD01956,Compact Wallet,Toys,Zenith,14935.5
PROD01957,Portable Speaker,Home & Kitchen,Nova,10315.79
PROD01958,Deluxe Blender,Home & Kitchen,Zenith,6796.84
PROD01959,Essential T-Shirt,Grocery,Zenith,10214.22
PROD01960,Wireless Notebook,Apparel,Sunrise,12590.86
PROD01961,Wireless Yoga Mat,Sports,Zenith,1980.55
PROD01962,Eco Wallet,Grocery,Bright Home,6616.49
PROD01963,Rapid Keyboard,Apparel,Metro,13451.86
PROD01964,Deluxe Backpack,Toys,Pixel,6201.94
PROD01965,Compact Charger,Books,TrueValue,9191.77
PROD01966,Portable Sneakers,Books,Metro,9444.53
PROD01967,Classic Air Fryer,Home & Kitchen,Zenith,3032.17
PROD01968,Rapid Backpack,Beauty,Nova,5858.54
PROD01969,Rapid Yoga Mat,Electronics,Bright Home,5417.73
PROD01970,Compact Notebook,Beauty,Vortex,515.53
PROD01971,Rapid Water Bottle,Grocery,Bright Home,483.65
PROD01972,Wireless Backpack,Toys,Metro,13322.98
PROD01973,Portable Blender,Beauty,Sunrise,4440.83
PROD01974,Classic Wallet,Beauty,Vortex,8336.45
PROD01975,Deluxe Sunglasses,Toys,Zenith,4848.74
PROD01976,Eco Desk Lamp,Books,Nova,15055.8
PROD01977,Essential Backpack,Sports,Zenith,4221.82
PROD01978,Smart Charger,Apparel,TrueValue,6930.54
PROD01979,Premium Speaker,Apparel,Metro,13975.41
PROD01980,Portable Wallet,Beauty,TrueValue,13485.74
PROD01981,Eco Yoga Mat,Books,Zenith,3058.01
PROD01982,Compact Water Bottle,Books,Zenith,12861.03
PROD01983,Compact Charger,Sports,Bright Home,7384.17
PROD01984,Premium T-Shirt,Grocery,Pixel,7778.21
PROD01985,Classic Mouse,Books,Urban Craft,2221.33
PROD01986,Compact Air Fryer,Apparel,Sunrise,1380.56
PROD01987,Rapid Desk Lamp,Grocery,Urban Craft,11673.23
PROD01988,Essential Air Fryer,Toys,Urban Craft,7992.73
PROD01989,Smart Desk Lamp,Sports,Everline,7044.93
PROD01990,Portable Wallet,Grocery,Zenith,11698.18
PROD01991,Deluxe Speaker,Toys,Metro,12270.66
PROD01992,Eco Backpack,Grocery,Bright Home,2625.64
PROD01993,Smart Speaker,Home & Kitchen,TrueValue,9801.58
PROD01994,Portable T-Shirt,Sports,Urban Craft,2251.13
PROD01995,Wireless Keyboard,Apparel,Metro,12045.86
PROD01996,Essential Backpack,Beauty,Everline,10544.59
PROD01997,Portable Yoga Mat,Sports,Sunrise,15309.17
PROD01998,Eco Wallet,Beauty,Bright Home,1195.43
PROD01999,Rapid Headphones,Toys,Zenith,1006.17
PROD02000,Compact Headphones,Electronics,Bright Home,4585.77
PROD02001,Essential Yoga Mat,Sports,Vortex,4260.12
PROD02002,Essential Headphones,Electronics,Urban Craft,4025.96
PROD02003,Eco Mouse,Electronics,Zenith,14508.45
PROD02004,Premium Air Fryer,Sports,Zenith,4066.78
PROD02005,Premium Sneakers,Toys,Vortex,4423.0
PROD02006,Deluxe Mouse,Beauty,Nova,12173.43
PROD02007,Eco Charger,Sports,Urban Craft,7249.86
PROD02008,Premium T-Shirt,Electronics,Everline,12448.7
PROD02009,Smart Speaker,Toys,TrueValue,1138.32
PROD02010,Wireless Sunglasses,Books,TrueValue,7851.38
PROD02011,Rapid Keyboard,Books,Metro,633.46
PROD02012,Deluxe Sneakers,Beauty,Bright Home,1095.19
PROD02013,Wireless Sneakers,Toys,Everline,14511.36
PROD02014,Wireless Notebook,Beauty,Everline,2313.0
PROD02015,Smart Blender,Grocery,Nova,8564.49
PROD02016,Premium Water Bottle,Home & Kitchen,Urban Craft,6635.42
PROD02017,Wireless Speaker,Home & Kitchen,TrueValue,5621.76
PROD02018,Eco Sunglasses,Grocery,Urban Craft,14406.35
PROD02019,Eco Notebook,Apparel,Zenith,445.99
PROD02020,Deluxe Water Bottle,Toys,Sunrise,10653.26
PROD02021,Wireless Headphones,Books,Urban Craft,15416.97
PROD02022,Deluxe Notebook,Electronics,Everline,9005.67
PROD02023,Classic Desk Lamp,Toys,TrueValue,14994.48
PROD02024,Rapid Notebook,Home & Kitchen,Sunrise,929.9
PROD02025,Eco Yoga Mat,Home & Kitchen,Nova,6757.81
PROD02026,Eco Sunglasses,Sports,Everline,4235.51
PROD02027,Wireless Wallet,Beauty,Vortex,11719.05
PROD02028,Premium Mouse,Apparel,Everline,15701.62
PROD02029,Portable Charger,Apparel,Metro,4177.83
PROD02030,Portable Sunglasses,Beauty,Everline,10500.38
PROD02031,Classic Headphones,Sports,Nova,3248.75
PROD02032,Essential Speaker,Apparel,Urban Craft,9087.75
PROD02033,Deluxe Sunglasses,Beauty,TrueValue,7475.53
PROD02034,Wireless T-Shirt,Grocery,Urban Craft,15553.88
PROD02035,Classic Charger,Books,TrueValue,9774.58
PROD02036,Deluxe Headphones,Electronics,Urban Craft,5656.15
PROD02037,Essential Notebook,Home & Kitchen,Bright Home,1913.12
PROD02038,Premium Charger,Sports,Pixel,2503.82
PROD02039,Classic Mouse,Home & Kitchen,Pixel,3681.54
PROD02040,Essential T-Shirt,Beauty,Everline,4089.37
PROD02041,Classic Speaker,Grocery,Urban Craft,13623.8
PROD02042,Rapid Sunglasses,Toys,Pixel,9022.44
PROD02043,Smart Keyboard,Books,Zenith,8420.92
PROD02044,Portable Speaker,Sports,Vortex,1923.83
PROD02045,Rapid Blender,Beauty,Everline,13775.22
PROD02046,Wireless Water Bottle,Books,TrueValue,11591.75
PROD02047,Portable Headphones,Grocery,Sunrise,1174.93
PROD02048,Premium Sneakers,Beauty,Vortex,11353.58
PROD02049,Essential Water Bottle,Grocery,Vortex,8741.26
PROD02050,Eco Speaker,Grocery,Zenith,1398.43
PROD02051,Compact T-Shirt,Grocery,Pixel,7385.98
PROD02052,Classic Sunglasses,Electronics,Urban Craft,7805.67
PROD02053,Rapid Keyboard,Grocery,Nova,2734.82
PROD02054,Wireless T-Shirt,Beauty,Urban Craft,15135.6
PROD02055,Rapid Keyboard,Toys,Nova,13613.61
PROD02056,Classic Mouse,Home & Kitchen,Bright Home,10736.46
PROD02057,Premium Air Fryer,Grocery,Zenith,7449.5
PROD02058,Eco Blender,Apparel,Pixel,6646.07
PROD02059,Portable Wallet,Home & Kitchen,Metro,10449.48
PROD02060,Wireless Keyboard,Sports,Urban Craft,8771.37
PROD02061,Wireless Backpack,Beauty,Nova,1089.14
PROD02062,Essential Keyboard,Beauty,Pixel,8247.79
PROD02063,Wireless Wallet,Electronics,Zenith,12920.82
PROD02064,Smart T-Shirt,Grocery,Sunrise,7400.91
PROD02065,Classic Charger,Apparel,Bright Home,925.11
PROD02066,Deluxe Notebook,Toys,Vortex,12600.82
PROD02067,Classic Sunglasses,Toys,Bright Home,3300.68
PROD02068,Classic Notebook,Grocery,Vortex,4211.07
PROD02069,Eco Notebook,Apparel,TrueValue,2717.83
PROD02070,Essential Keyboard,Toys,TrueValue,5349.42
PROD02071,Rapid Desk Lamp,Toys,Sunrise,12131.35
PROD02072,Premium Headphones,Grocery,Urban Craft,8357.24
PROD02073,Premium T-Shirt,Sports,Urban Craft,3356.61
PROD02074,Essential Charger,Books,Sunrise,14056.5
PROD02075,Deluxe Backpack,Sports,Vortex,14084.35
PROD02076,Rapid Notebook,Home & Kitchen,Sunrise,13941.2
PROD02077,Compact Blender,Electronics,Nova,3895.86
PROD02078,Smart Mouse,Grocery,Vortex,7273.71
PROD02079,Portable Air Fryer,Toys,Pixel,15760.34
PROD02080,Compact Desk Lamp,Beauty,Metro,12374.0
PROD02081,Compact Yoga Mat,Beauty,Nova,530.96
PROD02082,Premium Blender,Toys,Nova,1135.75
PROD02083,Premium Keyboard,Beauty,TrueValue,7475.51
PROD02084,Smart Yoga Mat,Electronics,Metro,14555.6
PROD02085,Essential Air Fryer,Electronics,Bright Home,8664.36
PROD02086,Wireless Air Fryer,Home & Kitchen,Pixel,8014.22
PROD02087,Compact Air Fryer,Electronics,Nova,1776.03
PROD02088,Premium Water Bottle,Apparel,Metro,10541.8
PROD02089,Portable Wallet,Apparel,Bright Home,13170.44
PROD02090,Essential Keyboard,Electronics,Bright Home,6147.68
PROD02091,Smart Sneakers,Books,Bright Home,12431.23
PROD02092,Smart Wallet,Beauty,Vortex,15434.18
PROD02093,Eco Wallet,Grocery,Bright Home,3338.89
PROD02094,Eco Speaker,Books,Urban Craft,8419.94
PROD02095,Wireless Charger,Sports,Metro,4664.49
PROD02096,Compact T-Shirt,Beauty,Bright Home,12705.39
PROD02097,Premium Headphones,Electronics,Nova,9282.73
PROD02098,Classic Mouse,Apparel,Urban Craft,10188.86
PROD02099,Smart Sunglasses,Home & Kitchen,Metro,12785.84
PROD02100,Rapid Headphones,Toys,Bright Home,6394.93
PROD02101,Rapid Wallet,Books,TrueValue,14648.93
PROD02102,Classic Air Fryer,Beauty,Metro,8574.16
PROD02103,Smart Mouse,Sports,Metro,2610.48
PROD02104,Rapid Blender,Apparel,Zenith,11163.8
PROD02105,Rapid Headphones,Books,Nova,12711.86
PROD02106,Eco Notebook,Sports,TrueValue,5135.51
PROD02107,Compact Headphones,Toys,Vortex,13728.15
PROD02108,Essential Wallet,Apparel,Zenith,14506.68
PROD02109,Wireless Water Bottle,Electronics,Bright Home,4501.78
PROD02110,Eco Charger,Apparel,TrueValue,15736.99
PROD02111,Smart Water Bottle,Home & Kitchen,Metro,2336.31
PROD02112,Wireless Sunglasses,Books,Everline,3311.05
PROD02113,Premium Yoga Mat,Sports,TrueValue,3028.17
PROD02114,Classic Backpack,Books,Everline,14313.44
PROD02115,Rapid T-Shirt,Apparel,Sunrise,10502.25
PROD02116,Premium Notebook,Books,TrueValue,2517.46
PROD02117,Smart Blender,Electronics,TrueValue,7100.14
PROD02118,Premium Sunglasses,Electronics,Bright Home,9882.24
PROD02119,Rapid Speaker,Electronics,Everline,1426.08
PROD02120,Wireless T-Shirt,Sports,Vortex,14129.42
PROD02121,Deluxe Wallet,Electronics,Vortex,12876.3
PROD02122,Eco Wallet,Grocery,Zenith,8131.79
PROD02123,Deluxe Backpack,Electronics,Pixel,15476.31
PROD02124,Essential Sneakers,Electronics,Vortex,6741.4
PROD02125,Rapid Sneakers,Home & Kitchen,Zenith,15746.35
PROD02126,Wireless Notebook,Electronics,Everline,10718.93
PROD02127,Wireless Sneakers,Electronics,Pixel,10190.27
PROD02128,Rapid Wallet,Sports,TrueValue,2737.68
PROD02129,Portable Wallet,Home & Kitchen,Urban Craft,14121.65
PROD02130,Classic Keyboard,Toys,Vortex,6896.09
PROD02131,Portable Water Bottle,Apparel,Sunrise,2678.51
PROD02132,Smart Mouse,Books,Metro,299.46
PROD02133,Smart Speaker,Toys,Pixel,8999.12
PROD02134,Wireless Charger,Apparel,Urban Craft,8484.65
PROD02135,Deluxe Sunglasses,Apparel,Sunrise,11536.72
PROD02136,Rapid Sunglasses,Electronics,Vortex,14254.1
PROD02137,Premium Water Bottle,Home & Kitchen,Pixel,1361.56
PROD02138,Classic Sunglasses,Electronics,Urban Craft,11729.79
PROD02139,Compact Charger,Toys,Urban Craft,3078.85
PROD02140,Portable T-Shirt,Grocery,Vortex,13744.02
PROD02141,Deluxe Backpack,Electronics,Bright Home,13122.11
PROD02142,Smart Charger,Grocery,Bright Home,8697.62
PROD02143,Classic Speaker,Books,Everline,11391.86
PROD02144,Deluxe Desk Lamp,Apparel,TrueValue,5097.17
PROD02145,Portable Blender,Apparel,Sunrise,7590.57
PROD02146,Classic T-Shirt,Home & Kitchen,TrueValue,13163.03
PROD02147,Smart Wallet,Toys,Urban Craft,7401.32
PROD02148,Portable Water Bottle,Books,Vortex,5787.99
PROD02149,Portable Wallet,Books,TrueValue,7956.98
PROD02150,Classic Air Fryer,Apparel,Metro,13268.16
PROD02151,Rapid Sneakers,Grocery,TrueValue,5428.81
PROD02152,Portable Sneakers,Sports,Bright Home,2861.81
PROD02153,Eco Keyboard,Beauty,TrueValue,11420.02
PROD02154,Premium Yoga Mat,Grocery,Everline,13232.05
PROD02155,Premium Blender,Sports,TrueValue,1699.14
PROD02156,Premium T-Shirt,Grocery,Nova,3913.0
PROD02157,Eco Sunglasses,Electronics,Pixel,2356.35
PROD02158,Smart Notebook,Toys,Nova,5631.27
PROD02159,Rapid Yoga Mat,Electronics,Nova,7259.58
PROD02160,Premium T-Shirt,Apparel,Urban Craft,12005.34
PROD02161,Deluxe Speaker,Toys,Zenith,10452.25
PROD02162,Classic Speaker,Apparel,TrueValue,9971.76
PROD02163,Deluxe Keyboard,Apparel,Pixel,5701.76
PROD02164,Portable Keyboard,Beauty,Bright Home,13478.02
PROD02165,Eco Mouse,Apparel,Bright Home,7592.47
PROD02166,Essential Headphones,Books,Everline,15666.77
PROD02167,Rapid Headphones,Home & Kitchen,Metro,10181.86
PROD02168,Premium Notebook,Sports,TrueValue,2106.61
PROD02169,Classic Speaker,Home & Kitchen,Everline,10850.22
PROD02170,Portable Keyboard,Beauty,Pixel,5268.15
PROD02171,Compact Sunglasses,Apparel,Sunrise,11011.6
PROD02172,Portable Speaker,Books,Sunrise,1206.29
PROD02173,Wireless Notebook,Home & Kitchen,Urban Craft,2879.61
PROD02174,Classic Yoga Mat,Toys,Pixel,13705.22
PROD02175,Eco Headphones,Beauty,Urban Craft,3711.15
PROD02176,Smart Headphones,Sports,Pixel,13407.95
PROD02177,Rapid Sneakers,Sports,TrueValue,4539.49
PROD02178,Smart Air Fryer,Grocery,Everline,10320.82
PROD02179,Essential Yoga Mat,Electronics,Pixel,11135.99
PROD02180,Compact Desk Lamp,Apparel,Pixel,8250.21
PROD02181,Portable Wallet,Home & Kitchen,Everline,4953.44
PROD02182,Wireless T-Shirt,Home & Kitchen,Bright Home,3480.05
PROD02183,Premium T-Shirt,Sports,Bright Home,626.71
PROD02184,Portable Sunglasses,Sports,Sunrise,4931.75
PROD02185,Rapid Sneakers,Sports,Urban Craft,10484.29
PROD02186,Eco Headphones,Toys,Urban Craft,15018.05
PROD02187,Rapid Mouse,Apparel,Sunrise,13951.15
PROD02188,Smart Water Bottle,Home & Kitchen,Metro,12279.43
PROD02189,Classic Sneakers,Beauty,Bright Home,12635.31
PROD02190,Deluxe Backpack,Books,Everline,10672.26
PROD02191,Eco Blender,Home & Kitchen,Vortex,4237.56
PROD02192,Rapid Charger,Grocery,Everline,14523.4
PROD02193,Compact Charger,Books,TrueValue,10763.64
PROD02194,Essential Wallet,Grocery,Metro,9010.01
PROD02195,Classic Sunglasses,Electronics,Urban Craft,1863.73
PROD02196,Eco Water Bottle,Sports,Nova,7207.18
PROD02197,Smart Sunglasses,Sports,Pixel,7418.7
PROD02198,Wireless Headphones,Toys,Metro,13845.56
PROD02199,Rapid Yoga Mat,Sports,Sunrise,8790.71
PROD02200,Classic Sunglasses,Home & Kitchen,Nova,6147.37
PROD02201,Rapid Wallet,Electronics,Zenith,15630.13
PROD02202,Compact Speaker,Apparel,Pixel,1859.46
PROD02203,Rapid Blender,Books,Pixel,6817.52
PROD02204,Essential Headphones,Grocery,Vortex,767.19
PROD02205,Premium Sneakers,Beauty,Bright Home,11863.48
PROD02206,Compact Desk Lamp,Electronics,Zenith,14696.42
PROD02207,Premium Water Bottle,Beauty,Metro,4551.59
PROD02208,Smart Sneakers,Grocery,Zenith,13746.63
PROD02209,Rapid Mouse,Books,Everline,4745.27
PROD02210,Eco Water Bottle,Toys,Vortex,14580.25
PROD02211,Portable Notebook,Sports,Vortex,12086.99
PROD02212,Essential Desk Lamp,Apparel,Nova,12897.02
PROD02213,Premium Yoga Mat,Electronics,Zenith,385.3
PROD02214,Classic T-Shirt,Apparel,TrueValue,15407.68
PROD02215,Portable Desk Lamp,Toys,Zenith,11653.07
PROD02216,Premium Water Bottle,Grocery,Zenith,4944.54
PROD02217,Portable Notebook,Beauty,Zenith,13286.38
PROD02218,Premium Desk Lamp,Sports,Everline,4575.19
PROD02219,Wireless Keyboard,Beauty,Sunrise,13975.79
PROD02220,Smart Yoga Mat,Grocery,Zenith,1889.03
PROD02221,Eco Notebook,Grocery,Bright Home,11287.61
PROD02222,Wireless Headphones,Grocery,Urban Craft,8696.11
PROD02223,Compact Sneakers,Toys,Pixel,1633.9
PROD02224,Eco Sunglasses,Apparel,Zenith,3945.11
PROD02225,Smart T-Shirt,Beauty,Everline,296.22
PROD02226,Classic Mouse,Sports,Pixel,7552.41
PROD02227,Classic Wallet,Beauty,Metro,4889.12
PROD02228,Essential Charger,Toys,TrueValue,9612.88
PROD02229,Portable Wallet,Beauty,Urban Craft,4825.08
PROD02230,Premium Speaker,Beauty,Sunrise,4867.71
PROD02231,Rapid Speaker,Electronics,Zenith,11915.77
PROD02232,Compact Backpack,Electronics,Zenith,864.47
PROD02233,Smart Sneakers,Apparel,Everline,14455.03
PROD02234,Portable Keyboard,Books,Sunrise,13650.0
PROD02235,Rapid Speaker,Apparel,Vortex,10717.09
PROD02236,Compact Speaker,Books,Bright Home,9531.22
PROD02237,Rapid T-Shirt,Sports,Everline,14286.61
PROD02238,Eco Air Fryer,Electronics,Nova,3045.75
PROD02239,Smart Air Fryer,Toys,Metro,1354.61
PROD02240,Deluxe Charger,Apparel,Zenith,3907.21
PROD02241,Wireless Water Bottle,Electronics,Bright Home,12732.79
PROD02242,Smart Mouse,Electronics,Pixel,650.26
PROD02243,Essential Water Bottle,Electronics,Metro,9365.63
PROD02244,Portable Wallet,Sports,Vortex,15926.46
PROD02245,Compact Air Fryer,Toys,Everline,13704.57
PROD02246,Eco Wallet,Electronics,Nova,8389.99
PROD02247,Smart Charger,Grocery,Everline,1110.89
PROD02248,Smart Backpack,Toys,Vortex,13317.84
PROD02249,Eco Headphones,Beauty,Metro,9622.76
PROD02250,Smart Mouse,Home & Kitchen,Urban Craft,1926.43
PROD02251,Rapid Air Fryer,Sports,Zenith,1591.33
PROD02252,Eco Keyboard,Toys,Everline,14562.07
PROD02253,Premium Sunglasses,Sports,Zenith,10739.28
PROD02254,Compact Charger,Apparel,Nova,13284.66
PROD02255,Compact Mouse,Apparel,Metro,14074.76
PROD02256,Smart Headphones,Sports,Sunrise,9190.18
PROD02257,Eco Air Fryer,Sports,Zenith,8326.4
PROD02258,Essential Keyboard,Sports,Nova,6942.8
PROD02259,Rapid Air Fryer,Books,Nova,5138.45
PROD02260,Deluxe Air Fryer,Electronics,Metro,7009.08
PROD02261,Essential Backpack,Beauty,TrueValue,12403.69
PROD02262,Premium Speaker,Books,TrueValue,9669.58
PROD02263,Smart Desk Lamp,Electronics,Pixel,14290.12
PROD02264,Smart Keyboard,Electronics,Nova,7148.74
PROD02265,Smart Blender,Grocery,Nova,9751.72
PROD02266,Wireless Blender,Sports,Urban Craft,10136.79
PROD02267,Eco Speaker,Grocery,Vortex,9506.98
PROD02268,Smart Charger,Apparel,Vortex,11270.88
PROD02269,Eco Water Bottle,Home & Kitchen,Pixel,3874.19
PROD02270,Compact Desk Lamp,Books,Urban Craft,8245.58
PROD02271,Portable T-Shirt,Apparel,Nova,1756.17
PROD02272,Classic Backpack,Beauty,Bright Home,6212.73
PROD02273,Classic Mouse,Apparel,Everline,7852.91
PROD02274,Rapid T-Shirt,Beauty,Bright Home,10469.37
PROD02275,Deluxe Charger,Beauty,Metro,15212.44
PROD02276,Compact Water Bottle,Toys,TrueValue,9649.35
PROD02277,Essential Yoga Mat,Electronics,Urban Craft,11922.14
PROD02278,Premium Blender,Electronics,Vortex,8148.63
PROD02279,Wireless Air Fryer,Apparel,Bright Home,10181.25
PROD02280,Rapid Speaker,Sports,Pixel,1226.82
PROD02281,Premium Keyboard,Grocery,Sunrise,4143.83
PROD02282,Eco Speaker,Electronics,Nova,5852.46
PROD02283,Wireless Keyboard,Books,Sunrise,7611.64
PROD02284,Compact Charger,Toys,Urban Craft,824.82
PROD02285,Wireless Air Fryer,Apparel,Bright Home,2325.38
PROD02286,Eco Mouse,Beauty,Pixel,4500.35
PROD02287,Premium Wallet,Beauty,Urban Craft,15546.37
PROD02288,Classic T-Shirt,Books,Bright Home,5367.42
PROD02289,Smart Blender,Electronics,Vortex,7763.45
PROD02290,Eco Sneakers,Sports,Bright Home,3216.95
PROD02291,Classic Desk Lamp,Toys,Pixel,9810.4
PROD02292,Premium Mouse,Toys,Zenith,4561.86
PROD02293,Eco Charger,Apparel,Zenith,3390.18
PROD02294,Deluxe Air Fryer,Beauty,TrueValue,8312.5
PROD02295,Portable Sunglasses,Toys,Pixel,186.54
PROD02296,Smart Sneakers,Toys,Zenith,220.86
PROD02297,Premium Speaker,Beauty,Nova,3582.19
PROD02298,Portable Keyboard,Toys,Vortex,682.87
PROD02299,Compact Desk Lamp,Books,Everline,1816.61
PROD02300,Compact Headphones,Home & Kitchen,Pixel,5486.88
PROD02301,Rapid Headphones,Electronics,Metro,12860.11
PROD02302,Portable Desk Lamp,Home & Kitchen,Sunrise,9194.57
PROD02303,Classic Mouse,Sports,Vortex,8250.42
PROD02304,Deluxe Backpack,Toys,Zenith,4765.47
PROD02305,Premium Mouse,Apparel,TrueValue,14913.88
PROD02306,Deluxe Water Bottle,Electronics,Zenith,6411.54
PROD02307,Essential Yoga Mat,Grocery,TrueValue,1483.77
PROD02308,Wireless Water Bottle,Electronics,Urban Craft,9910.36
PROD02309,Smart Mouse,Electronics,Bright Home,1909.03
PROD02310,Portable Mouse,Books,TrueValue,5588.05
PROD02311,Eco Speaker,Home & Kitchen,Urban Craft,8166.85
PROD02312,Deluxe Blender,Beauty,Metro,13999.14
PROD02313,Classic T-Shirt,Toys,Pixel,7946.39
PROD02314,Smart Notebook,Beauty,Nova,11264.91
PROD02315,Smart Blender,Grocery,Bright Home,15884.79
PROD02316,Deluxe Backpack,Electronics,TrueValue,2189.68
PROD02317,Classic Wallet,Beauty,Bright Home,4467.23
PROD02318,Essential T-Shirt,Apparel,Zenith,6372.76
PROD02319,Portable Desk Lamp,Electronics,TrueValue,6806.07
PROD02320,Premium Water Bottle,Apparel,Pixel,6634.24
PROD02321,Essential Water Bottle,Apparel,Sunrise,14530.01
PROD02322,Classic Water Bottle,Home & Kitchen,Pixel,11452.12
PROD02323,Compact Mouse,Electronics,Sunrise,9764.69
PROD02324,Compact Backpack,Sports,Zenith,5018.03
PROD02325,Portable Water Bottle,Toys,Bright Home,13197.27
PROD02326,Wireless Yoga Mat,Sports,Vortex,15284.46
PROD02327,Compact Blender,Toys,TrueValue,13156.05
PROD02328,Deluxe Charger,Home & Kitchen,Urban Craft,123.89
PROD02329,Rapid Mouse,Home & Kitchen,Sunrise,10217.78
PROD02330,Premium Water Bottle,Books,Metro,912.05
PROD02331,Eco Speaker,Apparel,Everline,4194.95
PROD02332,Compact T-Shirt,Toys,TrueValue,1045.44
PROD02333,Wireless T-Shirt,Books,Nova,9699.35
PROD02334,Wireless Sunglasses,Sports,Everline,11015.78
PROD02335,Smart Sneakers,Toys,Sunrise,1919.35
PROD02336,Classic Backpack,Sports,TrueValue,6202.04
PROD02337,Smart Air Fryer,Sports,Vortex,7353.16
PROD02338,Smart Keyboard,Sports,TrueValue,5966.94
PROD02339,Smart Water Bottle,Apparel,Pixel,2023.3
PROD02340,Portable Keyboard,Sports,Sunrise,6760.27
PROD02341,Compact Sunglasses,Books,Metro,12042.73
PROD02342,Classic Charger,Sports,TrueValue,1228.02
PROD02343,Compact Notebook,Books,Vortex,1373.86
PROD02344,Rapid Notebook,Sports,Everline,5739.86
PROD02345,Rapid Air Fryer,Electronics,Urban Craft,15072.44
PROD02346,Classic Keyboard,Books,Sunrise,10729.31
PROD02347,Smart Sunglasses,Books,Metro,10889.85
PROD02348,Eco Yoga Mat,Beauty,Vortex,5853.53
PROD02349,Classic Headphones,Toys,Urban Craft,9538.21
PROD02350,Essential Desk Lamp,Apparel,TrueValue,260.09
PROD02351,Compact Yoga Mat,Books,Everline,10212.93
PROD02352,Rapid Mouse,Beauty,Metro,14620.26
PROD02353,Smart Notebook,Toys,Vortex,9838.92
PROD02354,Wireless Speaker,Grocery,Metro,13990.81
PROD02355,Classic Blender,Home & Kitchen,Sunrise,11610.17
PROD02356,Classic Speaker,Electronics,Metro,2015.88
PROD02357,Smart Sneakers,Electronics,Sunrise,14448.01
PROD02358,Essential Keyboard,Electronics,Urban Craft,1155.46
PROD02359,Rapid T-Shirt,Apparel,Urban Craft,8589.08
PROD02360,Wireless T-Shirt,Sports,TrueValue,2358.98
PROD02361,Wireless Desk Lamp,Sports,Everline,285.14
PROD02362,Rapid Sunglasses,Beauty,Everline,6809.34
PROD02363,Premium T-Shirt,Books,TrueValue,4790.15
PROD02364,Essential Mouse,Beauty,Nova,7826.41
PROD02365,Portable Blender,Sports,TrueValue,9276.48
PROD02366,Rapid Sneakers,Home & Kitchen,Urban Craft,794.45
PROD02367,Smart Wallet,Home & Kitchen,Zenith,2054.75
PROD02368,Deluxe Water Bottle,Beauty,Nova,8981.41
PROD02369,Premium Keyboard,Toys,Nova,5555.36
PROD02370,Essential Keyboard,Sports,Zenith,11692.86
PROD02371,Deluxe Desk Lamp,Apparel,TrueValue,10470.44
PROD02372,Classic Desk Lamp,Beauty,Metro,13544.11
PROD02373,Deluxe Notebook,Beauty,Metro,11109.64
PROD02374,Essential Blender,Beauty,Bright Home,6934.9
PROD02375,Premium Sunglasses,Toys,Zenith,10799.17
PROD02376,Premium Sunglasses,Electronics,Zenith,4477.56
PROD02377,Classic Mouse,Beauty,Vortex,4969.38
PROD02378,Wireless Headphones,Grocery,Vortex,12643.86
PROD02379,Classic Yoga Mat,Beauty,Sunrise,7197.07
PROD02380,Eco Desk Lamp,Sports,Everline,12793.25
PROD02381,Rapid Charger,Electronics,TrueValue,13175.52
PROD02382,Portable Sunglasses,Sports,Everline,13734.24
PROD02383,Smart Sunglasses,Books,Pixel,14673.5
PROD02384,Classic Desk Lamp,Home & Kitchen,Metro,6951.67
PROD02385,Essential Charger,Home & Kitchen,Nova,5168.98
PROD02386,Eco Charger,Toys,Everline,9355.96
PROD02387,Wireless Wallet,Electronics,Vortex,6000.64
PROD02388,Compact Notebook,Books,Metro,9656.08
PROD02389,Eco Charger,Sports,Sunrise,11317.82
PROD02390,Wireless Air Fryer,Grocery,Bright Home,11044.64
PROD02391,Deluxe Desk Lamp,Grocery,Bright Home,6054.39
PROD02392,Premium Sneakers,Grocery,Urban Craft,2752.08
PROD02393,Wireless Blender,Books,Bright Home,6944.42
PROD02394,Rapid Mouse,Grocery,Metro,2366.25
PROD02395,Smart Speaker,Home & Kitchen,Urban Craft,14251.54
PROD02396,Rapid Headphones,Toys,Pixel,5598.45
PROD02397,Rapid Sneakers,Sports,Pixel,2554.91
PROD02398,Portable Sneakers,Sports,Metro,503.62
PROD02399,Rapid Air Fryer,Sports,Everline,10367.58
PROD02400,Wireless Air Fryer,Beauty,Pixel,10225.75
PROD02401,Smart Notebook,Apparel,Nova,5514.61
PROD02402,Portable Blender,Apparel,Nova,1239.22
PROD02403,Eco Mouse,Grocery,Urban Craft,6612.1
PROD02404,Compact Charger,Home & Kitchen,Everline,5047.36
PROD02405,Essential T-Shirt,Home & Kitchen,Everline,10865.22
PROD02406,Deluxe Wallet,Apparel,Pixel,9730.89
PROD02407,Portable Sneakers,Beauty,Metro,5896.04
PROD02408,Eco Speaker,Grocery,Everline,3563.49
PROD02409,Rapid Air Fryer,Toys,Urban Craft,15808.77
PROD02410,Rapid Keyboard,Toys,Everline,7317.63
PROD02411,Smart Blender,Grocery,Bright Home,11042.56
PROD02412,Eco Headphones,Grocery,Pixel,2333.79
PROD02413,Eco Sunglasses,Electronics,Vortex,7819.88
PROD02414,Rapid Backpack,Grocery,Vortex,536.83
PROD02415,Deluxe T-Shirt,Books,Pixel,8135.74
PROD02416,Compact Desk Lamp,Toys,Zenith,15426.88
PROD02417,Rapid Backpack,Toys,Urban Craft,6207.89
PROD02418,Smart T-Shirt,Beauty,Everline,719.04
PROD02419,Smart Sunglasses,Home & Kitchen,Urban Craft,591.2
PROD02420,Eco Desk Lamp,Books,TrueValue,6267.99
PROD02421,Compact Notebook,Electronics,Everline,2643.4
PROD02422,Essential Notebook,Beauty,Sunrise,470.3
PROD02423,Wireless Headphones,Electronics,Vortex,12122.8
PROD02424,Essential Yoga Mat,Sports,Nova,7389.52
PROD02425,Smart Yoga Mat,Apparel,Zenith,4697.99
PROD02426,Compact Charger,Toys,Pixel,14410.32
PROD02427,Wireless Yoga Mat,Grocery,Zenith,1945.61
PROD02428,Smart Water Bottle,Beauty,Zenith,15298.11
PROD02429,Essential Wallet,Home & Kitchen,Zenith,5091.07
PROD02430,Smart Air Fryer,Books,Vortex,14224.62
PROD02431,Wireless Backpack,Beauty,Everline,9685.79
PROD02432,Premium Desk Lamp,Toys,Zenith,13243.65
PROD02433,Essential Sunglasses,Beauty,Vortex,15744.81
PROD02434,Classic Wallet,Home & Kitchen,Pixel,4684.65
PROD02435,Portable Desk Lamp,Beauty,Pixel,15381.05
PROD02436,Deluxe Headphones,Toys,Everline,6291.76
PROD02437,Deluxe Wallet,Books,Sunrise,6228.64
PROD02438,Wireless Desk Lamp,Home & Kitchen,Pixel,5511.15
PROD02439,Essential Keyboard,Books,Bright Home,8707.38
PROD02440,Essential Speaker,Grocery,Urban Craft,2549.91
PROD02441,Deluxe Backpack,Books,TrueValue,8903.01
PROD02442,Essential Air Fryer,Grocery,Metro,8712.11
PROD02443,Portable Charger,Toys,Urban Craft,12213.24
PROD02444,Portable Sunglasses,Toys,Zenith,13354.03
PROD02445,Deluxe Notebook,Books,Everline,7102.02
PROD02446,Essential Charger,Beauty,Zenith,4906.1
PROD02447,Premium Keyboard,Sports,Everline,4222.42
PROD02448,Smart Desk Lamp,Electronics,Bright Home,3193.52
PROD02449,Wireless T-Shirt,Beauty,Metro,1015.6
PROD02450,Deluxe Headphones,Home & Kitchen,TrueValue,5543.92
PROD02451,Eco Blender,Grocery,TrueValue,4395.94
PROD02452,Wireless Mouse,Books,Pixel,15465.04
PROD02453,Classic Blender,Sports,Sunrise,8966.57
PROD02454,Deluxe T-Shirt,Apparel,Vortex,5620.7
PROD02455,Eco Desk Lamp,Grocery,Sunrise,9328.43
PROD02456,Smart Keyboard,Toys,Vortex,2312.23
PROD02457,Deluxe Water Bottle,Electronics,Zenith,7159.3
PROD02458,Premium Wallet,Electronics,Vortex,10056.13
PROD02459,Deluxe Backpack,Sports,Zenith,7872.48
PROD02460,Eco Blender,Home & Kitchen,Pixel,6487.28
PROD02461,Eco T-Shirt,Grocery,Everline,15901.19
PROD02462,Rapid Wallet,Apparel,Metro,14096.0
PROD02463,Compact Notebook,Books,Pixel,10011.15
PROD02464,Eco Notebook,Electronics,Everline,9152.1
PROD02465,Classic Backpack,Sports,Sunrise,9967.5
PROD02466,Premium Keyboard,Sports,Metro,3299.86
PROD02467,Classic T-Shirt,Toys,Zenith,6381.69
PROD02468,Deluxe Speaker,Beauty,Nova,726.41
PROD02469,Deluxe Blender,Electronics,Everline,7660.18
PROD02470,Compact Charger,Apparel,TrueValue,8733.09
PROD02471,Portable Sunglasses,Beauty,Sunrise,3720.22
PROD02472,Compact Backpack,Sports,Urban Craft,15427.06
PROD02473,Rapid Sneakers,Sports,Everline,14559.33
PROD02474,Essential Blender,Toys,Bright Home,11581.08
PROD02475,Compact Sunglasses,Books,Urban Craft,8579.85
PROD02476,Rapid Yoga Mat,Sports,Vortex,13931.51
PROD02477,Compact Desk Lamp,Sports,Pixel,2176.37
PROD02478,Essential Backpack,Grocery,Metro,12668.11
PROD02479,Essential Charger,Apparel,Bright Home,2083.65
PROD02480,Wireless Air Fryer,Books,TrueValue,12726.95
PROD02481,Premium Yoga Mat,Grocery,Pixel,4483.7
PROD02482,Rapid T-Shirt,Home & Kitchen,Pixel,14044.74
PROD02483,Portable Headphones,Electronics,Zenith,15109.27
PROD02484,Deluxe Notebook,Toys,Bright Home,2464.86
PROD02485,Wireless Desk Lamp,Home & Kitchen,Zenith,7455.54
PROD02486,Smart Wallet,Toys,Urban Craft,15696.7
PROD02487,Eco Headphones,Home & Kitchen,Nova,7785.18
PROD02488,Premium T-Shirt,Grocery,Metro,13829.41
PROD02489,Portable Charger,Home & Kitchen,Metro,9459.83
PROD02490,Deluxe Mouse,Sports,Urban Craft,6066.75
PROD02491,Deluxe Blender,Beauty,Sunrise,4642.96
PROD02492,Eco Desk Lamp,Grocery,Bright Home,3330.25
PROD02493,Classic Blender,Apparel,Sunrise,12211.59
PROD02494,Classic Air Fryer,Home & Kitchen,Vortex,6244.99
PROD02495,Wireless Mouse,Beauty,Sunrise,8228.28
PROD02496,Wireless Desk Lamp,Sports,TrueValue,7926.98
PROD02497,Wireless Wallet,Apparel,Urban Craft,9277.74
PROD02498,Portable Speaker,Home & Kitchen,Vortex,13861.68
PROD02499,Wireless Sneakers,Apparel,Vortex,15692.76
PROD02500,Smart Blender,Sports,Everline,6579.59
PROD02501,Wireless Speaker,Electronics,Zenith,13256.55
PROD02502,Classic Keyboard,Apparel,Everline,12254.99
PROD02503,Deluxe Sunglasses,Beauty,Pixel,9218.11
PROD02504,Compact Speaker,Sports,Bright Home,15300.15
PROD02505,Rapid Water Bottle,Sports,Vortex,3286.54
PROD02506,Compact T-Shirt,Toys,Urban Craft,1836.3
PROD02507,Classic Sneakers,Grocery,Nova,13677.0
PROD02508,Deluxe Headphones,Grocery,Metro,7081.48
PROD02509,Classic Desk Lamp,Books,Vortex,13565.8
PROD02510,Essential Sunglasses,Apparel,Everline,14299.13
PROD02511,Essential Sneakers,Toys,Nova,1092.08
PROD02512,Portable Blender,Beauty,Bright Home,14146.09
PROD02513,Essential Sunglasses,Home & Kitchen,Bright Home,7227.27
PROD02514,Smart Speaker,Sports,Metro,8214.88
PROD02515,Eco T-Shirt,Grocery,Metro,10061.82
PROD02516,Classic Wallet,Beauty,Zenith,14828.48
PROD02517,Portable Wallet,Apparel,Urban Craft,402.95
PROD02518,Rapid Notebook,Books,Sunrise,7680.81
PROD02519,Deluxe Backpack,Home & Kitchen,Everline,11033.78
PROD02520,Wireless T-Shirt,Apparel,Bright Home,11590.04
PROD02521,Smart Sneakers,Toys,Sunrise,11110.27
PROD02522,Portable Keyboard,Electronics,Everline,2236.52
PROD02523,Eco Sunglasses,Apparel,Metro,4859.39
PROD02524,Deluxe Blender,Home & Kitchen,TrueValue,5802.58
PROD02525,Rapid T-Shirt,Grocery,TrueValue,12889.55
PROD02526,Smart Charger,Toys,Zenith,4531.28
PROD02527,Wireless Blender,Beauty,Bright Home,3449.21
PROD02528,Deluxe Air Fryer,Electronics,TrueValue,15322.42
PROD02529,Smart Mouse,Apparel,Metro,239.93
PROD02530,Classic Keyboard,Grocery,Pixel,15964.35
PROD02531,Compact Yoga Mat,Electronics,Pixel,10860.46
PROD02532,Eco Keyboard,Books,Zenith,13271.66
PROD02533,Wireless Air Fryer,Electronics,Zenith,4783.45
PROD02534,Premium Headphones,Toys,Zenith,326.61
PROD02535,Premium Speaker,Books,Everline,11831.13
PROD02536,Eco Sunglasses,Home & Kitchen,Bright Home,13361.9
PROD02537,Deluxe Yoga Mat,Beauty,Sunrise,11872.57
PROD02538,Compact Sunglasses,Beauty,Everline,2370.32
PROD02539,Wireless Wallet,Home & Kitchen,TrueValue,12078.5
PROD02540,Premium Sneakers,Home & Kitchen,Nova,12324.87
PROD02541,Deluxe Wallet,Beauty,Urban Craft,10569.79
PROD02542,Premium Wallet,Books,Bright Home,12280.24
PROD02543,Eco Headphones,Electronics,Urban Craft,13549.15
PROD02544,Portable Mouse,Apparel,Zenith,9855.31
PROD02545,Eco Air Fryer,Books,Sunrise,1507.81
PROD02546,Compact Wallet,Home & Kitchen,Nova,7852.28
PROD02547,Compact Mouse,Home & Kitchen,Bright Home,1333.62
PROD02548,Classic Headphones,Sports,Nova,6578.93
PROD02549,Rapid Blender,Books,Pixel,6571.99
PROD02550,Deluxe Speaker,Beauty,Bright Home,1148.56
PROD02551,Deluxe Charger,Grocery,Pixel,5645.25
PROD02552,Compact Water Bottle,Books,Urban Craft,1863.87
PROD02553,Deluxe Keyboard,Apparel,Pixel,12949.94
PROD02554,Compact Yoga Mat,Toys,Everline,15167.24
PROD02555,Classic Notebook,Electronics,Zenith,1248.83
PROD02556,Premium Charger,Apparel,Sunrise,15285.33
PROD02557,Smart Backpack,Sports,Everline,8407.97
PROD02558,Portable Air Fryer,Apparel,Urban Craft,4862.09
PROD02559,Eco Desk Lamp,Grocery,Urban Craft,1321.11
PROD02560,Deluxe Sneakers,Sports,Metro,8058.93
PROD02561,Portable Speaker,Grocery,Zenith,12731.8
PROD02562,Wireless Air Fryer,Beauty,Bright Home,11341.67
PROD02563,Eco Wallet,Home & Kitchen,Everline,897.59
PROD02564,Rapid Water Bottle,Sports,Bright Home,1258.14
PROD02565,Wireless Headphones,Grocery,Zenith,6504.69
PROD02566,Eco Mouse,Toys,Pixel,4794.12
PROD02567,Eco Blender,Apparel,Nova,3793.91
PROD02568,Portable Yoga Mat,Home & Kitchen,Vortex,4566.97
PROD02569,Wireless Water Bottle,Books,Pixel,12874.38
PROD02570,Eco Backpack,Sports,Metro,14873.73
PROD02571,Smart Desk Lamp,Electronics,Sunrise,6540.13
PROD02572,Wireless Sunglasses,Beauty,Vortex,14506.16
PROD02573,Smart Backpack,Beauty,Zenith,5210.78
PROD02574,Compact Sneakers,Sports,TrueValue,7674.35
PROD02575,Wireless Speaker,Apparel,Sunrise,3692.86
PROD02576,Eco Wallet,Books,TrueValue,10282.57
PROD02577,Eco Charger,Electronics,Everline,15664.8
PROD02578,Portable Air Fryer,Apparel,TrueValue,9694.54
PROD02579,Wireless T-Shirt,Home & Kitchen,TrueValue,5788.24
PROD02580,Smart Water Bottle,Sports,Pixel,10399.3
PROD02581,Classic Water Bottle,Beauty,Nova,2053.44
PROD02582,Premium Speaker,Toys,Nova,14228.68
PROD02583,Essential Desk Lamp,Apparel,Vortex,8098.03
PROD02584,Smart T-Shirt,Apparel,TrueValue,7243.66
PROD02585,Smart Water Bottle,Beauty,Everline,9414.25
PROD02586,Rapid Speaker,Electronics,Vortex,10033.06
PROD02587,Premium Wallet,Sports,Vortex,1240.24
PROD02588,Rapid Mouse,Sports,Vortex,10952.61
PROD02589,Portable Backpack,Home & Kitchen,TrueValue,3945.71
PROD02590,Smart Keyboard,Electronics,Zenith,11450.85
PROD02591,Portable Wallet,Books,TrueValue,13177.3
PROD02592,Smart Water Bottle,Grocery,Bright Home,12881.94
PROD02593,Premium Notebook,Grocery,Everline,8883.77
PROD02594,Eco Wallet,Home & Kitchen,Zenith,8369.7
PROD02595,Rapid Charger,Electronics,Sunrise,2370.73
PROD02596,Classic Yoga Mat,Electronics,Pixel,12427.0
PROD02597,Portable Yoga Mat,Beauty,Zenith,4414.41
PROD02598,Compact Speaker,Sports,Bright Home,7996.46
PROD02599,Premium T-Shirt,Apparel,Pixel,4618.96
PROD02600,Premium Mouse,Toys,Pixel,2226.87
PROD02601,Deluxe Mouse,Sports,Urban Craft,10108.97
PROD02602,Portable Yoga Mat,Apparel,Everline,962.88
PROD02603,Deluxe Mouse,Home & Kitchen,Pixel,12002.46
PROD02604,Portable Water Bottle,Beauty,Pixel,5148.63
PROD02605,Essential Yoga Mat,Electronics,Bright Home,101.14
PROD02606,Wireless Charger,Toys,Pixel,8225.95
PROD02607,Rapid Sunglasses,Electronics,Nova,843.95
PROD02608,Classic Air Fryer,Sports,Everline,4490.1
PROD02609,Premium Sneakers,Books,Vortex,11339.93
PROD02610,Smart T-Shirt,Home & Kitchen,Everline,1095.76
PROD02611,Essential Speaker,Home & Kitchen,Vortex,13444.48
PROD02612,Compact T-Shirt,Sports,Sunrise,159.74
PROD02613,Rapid Charger,Sports,Bright Home,4023.5
PROD02614,Essential Sneakers,Sports,Bright Home,11879.37
PROD02615,Eco Notebook,Books,Nova,5127.7
PROD02616,Portable Speaker,Home & Kitchen,Vortex,1719.09
PROD02617,Wireless Keyboard,Sports,Nova,5826.72
PROD02618,Eco Water Bottle,Grocery,Urban Craft,4398.25
PROD02619,Portable Yoga Mat,Apparel,Everline,13498.12
PROD02620,Premium Yoga Mat,Beauty,Nova,5081.23
PROD02621,Premium Sunglasses,Home & Kitchen,Vortex,12643.03
PROD02622,Essential Wallet,Toys,Bright Home,14279.77
PROD02623,Portable Backpack,Beauty,Bright Home,6996.7
PROD02624,Essential Headphones,Books,Bright Home,14567.1
PROD02625,Deluxe Desk Lamp,Electronics,Nova,6098.36
PROD02626,Essential T-Shirt,Electronics,Bright Home,15427.85
PROD02627,Smart Backpack,Sports,Metro,1518.7
PROD02628,Compact Wallet,Sports,Everline,11022.61
PROD02629,Smart Desk Lamp,Toys,Nova,7950.64
PROD02630,Classic T-Shirt,Home & Kitchen,Sunrise,6262.62
PROD02631,Rapid Mouse,Home & Kitchen,Everline,10159.12
PROD02632,Premium Sunglasses,Electronics,Urban Craft,11290.33
PROD02633,Eco Water Bottle,Toys,Bright Home,168.38
PROD02634,Premium Headphones,Apparel,Zenith,2753.55
PROD02635,Classic Speaker,Books,Nova,11436.43
PROD02636,Premium Charger,Books,Bright Home,10694.53
PROD02637,Classic Charger,Electronics,Sunrise,15459.16
PROD02638,Premium T-Shirt,Beauty,Metro,12199.5
PROD02639,Compact Speaker,Electronics,Bright Home,15216.29
PROD02640,Portable Notebook,Beauty,Everline,11269.39
PROD02641,Compact Sneakers,Beauty,Everline,4838.03
PROD02642,Compact Desk Lamp,Toys,Pixel,1774.3
PROD02643,Deluxe Keyboard,Sports,Urban Craft,12530.0
PROD02644,Rapid Blender,Electronics,Bright Home,10340.97
PROD02645,Wireless Blender,Grocery,TrueValue,865.16
PROD02646,Classic Blender,Toys,Vortex,5823.8
PROD02647,Compact Wallet,Sports,TrueValue,15312.12
PROD02648,Premium Desk Lamp,Electronics,Zenith,8055.38
PROD02649,Wireless Desk Lamp,Sports,TrueValue,6979.39
PROD02650,Smart Wallet,Books,Zenith,7376.42
PROD02651,Classic Blender,Books,Urban Craft,3420.24
PROD02652,Compact Charger,Sports,TrueValue,5961.44
PROD02653,Rapid Blender,Sports,Nova,5979.03
PROD02654,Deluxe Notebook,Electronics,TrueValue,931.44
PROD02655,Wireless Mouse,Books,Pixel,12303.33
PROD02656,Rapid Mouse,Sports,Metro,6721.42
PROD02657,Portable Mouse,Books,Bright Home,13171.66
PROD02658,Portable Keyboard,Toys,Sunrise,13619.53
PROD02659,Rapid Blender,Apparel,TrueValue,3469.71
PROD02660,Classic Mouse,Apparel,Sunrise,10550.92
PROD02661,Smart Headphones,Home & Kitchen,Pixel,7608.28
PROD02662,Classic Mouse,Apparel,Everline,14093.49
PROD02663,Portable Keyboard,Beauty,Metro,3529.28
PROD02664,Rapid Blender,Apparel,Bright Home,10876.23
PROD02665,Wireless T-Shirt,Electronics,Nova,9762.26
PROD02666,Eco Notebook,Beauty,Nova,4794.29
PROD02667,Portable Speaker,Home & Kitchen,Nova,2270.95
PROD02668,Essential Keyboard,Electronics,Zenith,10460.07
PROD02669,Compact Blender,Electronics,Sunrise,11842.7
PROD02670,Smart Backpack,Books,Urban Craft,5117.47
PROD02671,Premium Speaker,Home & Kitchen,Nova,10351.84
PROD02672,Eco Air Fryer,Grocery,Sunrise,6381.58
PROD02673,Eco Mouse,Grocery,Vortex,11438.99
PROD02674,Compact Backpack,Electronics,Zenith,3266.52
PROD02675,Compact Air Fryer,Books,Bright Home,14253.42
PROD02676,Eco Wallet,Toys,Pixel,4668.81
PROD02677,Eco Desk Lamp,Grocery,Sunrise,5946.8
PROD02678,Compact Blender,Home & Kitchen,Sunrise,1022.66
PROD02679,Compact Yoga Mat,Books,Zenith,1872.04
PROD02680,Essential Headphones,Home & Kitchen,Metro,8301.2
PROD02681,Eco Water Bottle,Sports,Pixel,4353.72
PROD02682,Wireless Wallet,Grocery,Metro,13383.14
PROD02683,Classic Desk Lamp,Grocery,Urban Craft,332.62
PROD02684,Essential T-Shirt,Beauty,Vortex,6126.6
PROD02685,Essential Backpack,Apparel,Zenith,5462.79
PROD02686,Compact Charger,Electronics,Metro,406.31
PROD02687,Wireless Sneakers,Apparel,Zenith,2076.46
PROD02688,Wireless Notebook,Books,Sunrise,6675.92
PROD02689,Smart Backpack,Grocery,Metro,7935.55
PROD02690,Classic Speaker,Apparel,Metro,6527.21
PROD02691,Portable Speaker,Apparel,Pixel,8540.91
PROD02692,Portable Sunglasses,Home & Kitchen,Sunrise,9561.59
PROD02693,Premium Speaker,Apparel,Zenith,256.79
PROD02694,Eco Yoga Mat,Books,Metro,7478.11
PROD02695,Deluxe Blender,Grocery,Sunrise,15418.64
PROD02696,Smart Mouse,Beauty,Vortex,8351.61
PROD02697,Classic Yoga Mat,Electronics,Metro,10871.92
PROD02698,Wireless Air Fryer,Apparel,Urban Craft,5057.64
PROD02699,Smart Charger,Beauty,Zenith,12405.46
PROD02700,Classic Blender,Sports,Bright Home,12388.45
PROD02701,Eco Desk Lamp,Beauty,Everline,8387.61
PROD02702,Portable Keyboard,Apparel,Nova,15617.62
PROD02703,Rapid Charger,Apparel,Zenith,2095.25
PROD02704,Compact T-Shirt,Beauty,Sunrise,368.47
PROD02705,Smart Sneakers,Apparel,Zenith,12344.52
PROD02706,Compact Notebook,Apparel,Vortex,12932.77
PROD02707,Wireless Sunglasses,Beauty,Everline,2010.29
PROD02708,Compact Desk Lamp,Home & Kitchen,Vortex,4321.77
PROD02709,Rapid Sunglasses,Electronics,Bright Home,378.08
PROD02710,Eco Desk Lamp,Apparel,Nova,4762.61
PROD02711,Premium Water Bottle,Home & Kitchen,Zenith,12391.96
PROD02712,Eco Blender,Apparel,Sunrise,8334.57
PROD02713,Smart Yoga Mat,Electronics,Nova,5633.72
PROD02714,Portable Sunglasses,Electronics,Sunrise,6009.65
PROD02715,Classic T-Shirt,Electronics,Bright Home,120.52
PROD02716,Rapid Charger,Grocery,Vortex,4865.83
PROD02717,Premium Mouse,Home & Kitchen,Everline,10377.69
PROD02718,Portable Headphones,Apparel,Urban Craft,15588.69
PROD02719,Essential Notebook,Toys,Urban Craft,13567.27
PROD02720,Classic Keyboard,Apparel,Bright Home,474.16
PROD02721,Rapid Notebook,Apparel,Urban Craft,14386.11
PROD02722,Portable Desk Lamp,Beauty,TrueValue,12551.85
PROD02723,Classic Sneakers,Home & Kitchen,Metro,12506.98
PROD02724,Deluxe Yoga Mat,Sports,Zenith,7381.13
PROD02725,Essential Blender,Electronics,Everline,6427.28
PROD02726,Essential Water Bottle,Toys,Urban Craft,4915.36
PROD02727,Wireless Speaker,Grocery,Sunrise,1143.55
PROD02728,Essential Charger,Home & Kitchen,Metro,3727.94
PROD02729,Portable Charger,Sports,Pixel,4020.0
PROD02730,Essential Headphones,Home & Kitchen,Urban Craft,7795.83
PROD02731,Compact Yoga Mat,Apparel,Sunrise,11983.37
PROD02732,Essential Speaker,Sports,Zenith,7632.58
PROD02733,Compact Wallet,Books,Bright Home,1018.73
PROD02734,Eco Water Bottle,Grocery,Bright Home,15327.86
PROD02735,Compact Notebook,Toys,Everline,15088.32
PROD02736,Eco Notebook,Books,Zenith,12583.51
PROD02737,Premium Water Bottle,Apparel,Vortex,15861.11
PROD02738,Deluxe T-Shirt,Beauty,Vortex,8756.27
PROD02739,Smart Desk Lamp,Beauty,Pixel,15407.02
PROD02740,Premium Headphones,Books,Zenith,1301.12
PROD02741,Essential Yoga Mat,Toys,Pixel,5913.32
PROD02742,Portable Sunglasses,Books,Zenith,3682.56
PROD02743,Rapid Keyboard,Beauty,Metro,3212.75
PROD02744,Compact Sneakers,Electronics,Vortex,2337.77
PROD02745,Rapid Mouse,Toys,TrueValue,9995.38
PROD02746,Premium Wallet,Toys,Metro,12522.02
PROD02747,Deluxe Backpack,Sports,Pixel,9293.94
PROD02748,Wireless Speaker,Home & Kitchen,Zenith,2435.71
PROD02749,Compact Air Fryer,Books,Pixel,12995.87
PROD02750,Portable Mouse,Grocery,Everline,10210.68
PROD02751,Compact Charger,Beauty,Urban Craft,6270.83
PROD02752,Essential Air Fryer,Electronics,Vortex,10817.67
PROD02753,Classic Wallet,Home & Kitchen,Bright Home,4231.49
PROD02754,Smart Yoga Mat,Electronics,Urban Craft,5587.56
PROD02755,Smart Desk Lamp,Toys,Everline,14687.02
PROD02756,Premium Air Fryer,Electronics,Everline,4718.02
PROD02757,Smart Backpack,Electronics,Metro,7571.81
PROD02758,Wireless Headphones,Books,Pixel,14252.24
PROD02759,Compact Notebook,Home & Kitchen,Vortex,11351.77
PROD02760,Premium Speaker,Home & Kitchen,Bright Home,1088.03
PROD02761,Eco Wallet,Books,Everline,2441.12
PROD02762,Essential Keyboard,Electronics,Zenith,223.68
PROD02763,Eco Speaker,Apparel,Zenith,10130.66
PROD02764,Deluxe Desk Lamp,Toys,Sunrise,7217.01
PROD02765,Deluxe Sunglasses,Home & Kitchen,Urban Craft,2233.97
PROD02766,Compact Keyboard,Grocery,Everline,15330.15
PROD02767,Premium Backpack,Sports,Bright Home,8520.59
PROD02768,Wireless Air Fryer,Books,Bright Home,3945.1
PROD02769,Wireless Notebook,Toys,Everline,8058.6
PROD02770,Rapid Desk Lamp,Apparel,Zenith,10904.96
PROD02771,Smart Wallet,Books,Bright Home,1311.2
PROD02772,Rapid Water Bottle,Grocery,Pixel,4466.79
PROD02773,Eco Mouse,Toys,Metro,12929.75
PROD02774,Premium Wallet,Home & Kitchen,Zenith,7407.67
PROD02775,Deluxe Sunglasses,Books,Vortex,8789.58
PROD02776,Essential Yoga Mat,Apparel,Urban Craft,6980.77
PROD02777,Smart Headphones,Apparel,Vortex,797.01
PROD02778,Classic Sneakers,Beauty,Zenith,2734.42
PROD02779,Compact T-Shirt,Sports,Everline,7183.11
PROD02780,Smart Notebook,Toys,TrueValue,3425.05
PROD02781,Essential Sneakers,Toys,Sunrise,893.67
PROD02782,Compact Desk Lamp,Toys,Pixel,13513.03
PROD02783,Compact Yoga Mat,Home & Kitchen,Bright Home,15699.96
PROD02784,Deluxe Sunglasses,Apparel,Urban Craft,12709.97
PROD02785,Deluxe Water Bottle,Beauty,Sunrise,13674.18
PROD02786,Deluxe Wallet,Home & Kitchen,Zenith,3946.44
PROD02787,Classic Yoga Mat,Apparel,Pixel,15372.97
PROD02788,Deluxe T-Shirt,Grocery,TrueValue,3230.12
PROD02789,Wireless Water Bottle,Beauty,Zenith,15226.73
PROD02790,Premium Yoga Mat,Books,Pixel,15916.63
PROD02791,Compact Backpack,Apparel,Everline,11415.39
PROD02792,Premium Air Fryer,Apparel,Nova,15699.19
PROD02793,Rapid Air Fryer,Apparel,Pixel,9154.68
PROD02794,Eco Keyboard,Apparel,Pixel,4225.71
PROD02795,Smart Charger,Apparel,TrueValue,7047.23
PROD02796,Smart Notebook,Home & Kitchen,Bright Home,9536.62
PROD02797,Essential Charger,Home & Kitchen,Nova,1261.0
PROD02798,Rapid Sunglasses,Grocery,Vortex,9994.26
PROD02799,Rapid Air Fryer,Home & Kitchen,TrueValue,15699.73
PROD02800,Compact Mouse,Sports,Metro,3121.71
PROD02801,Classic Wallet,Apparel,Bright Home,12701.26
PROD02802,Portable Notebook,Apparel,Sunrise,14534.59
PROD02803,Portable Air Fryer,Home & Kitchen,Vortex,15103.86
PROD02804,Deluxe Sunglasses,Sports,Everline,15365.16
PROD02805,Wireless Charger,Electronics,Vortex,8390.21
PROD02806,Essential Notebook,Books,TrueValue,15638.2
PROD02807,Essential Water Bottle,Apparel,TrueValue,12140.23
PROD02808,Rapid T-Shirt,Toys,Bright Home,2669.58
PROD02809,Smart Sneakers,Electronics,Everline,7681.71
PROD02810,Wireless Sneakers,Beauty,TrueValue,11520.47
PROD02811,Portable Air Fryer,Electronics,TrueValue,4031.71
PROD02812,Eco Backpack,Grocery,Sunrise,10284.78
PROD02813,Eco Sunglasses,Beauty,Urban Craft,10697.95
PROD02814,Essential Air Fryer,Beauty,Zenith,2685.93
PROD02815,Eco Wallet,Grocery,Sunrise,9083.86
PROD02816,Deluxe Backpack,Apparel,Vortex,12367.87
PROD02817,Rapid Speaker,Beauty,Pixel,8031.44
PROD02818,Smart Speaker,Sports,Metro,291.44
PROD02819,Premium Notebook,Apparel,Sunrise,242.71
PROD02820,Essential T-Shirt,Apparel,Urban Craft,5775.77
PROD02821,Essential Air Fryer,Apparel,Zenith,14825.49
PROD02822,Portable Sneakers,Beauty,Urban Craft,3734.96
PROD02823,Premium Blender,Sports,Everline,10185.38
PROD02824,Rapid T-Shirt,Books,Everline,3630.01
PROD02825,Deluxe Water Bottle,Toys,Sunrise,5213.55
PROD02826,Smart T-Shirt,Electronics,Sunrise,13582.87
PROD02827,Wireless Backpack,Home & Kitchen,Vortex,11687.9
PROD02828,Essential Desk Lamp,Home & Kitchen,Vortex,1615.85
PROD02829,Deluxe Headphones,Sports,TrueValue,6915.36
PROD02830,Deluxe Sunglasses,Electronics,Nova,562.8
PROD02831,Essential Speaker,Beauty,Everline,7745.15
PROD02832,Compact Charger,Books,Nova,10631.7
PROD02833,Smart Charger,Apparel,Pixel,1983.19
PROD02834,Portable Air Fryer,Home & Kitchen,Zenith,4692.27
PROD02835,Essential Sunglasses,Home & Kitchen,Everline,6424.6
PROD02836,Deluxe Backpack,Toys,Zenith,14719.54
PROD02837,Deluxe Sneakers,Beauty,Pixel,15891.75
PROD02838,Compact Mouse,Grocery,TrueValue,813.09
PROD02839,Wireless Blender,Sports,Bright Home,12199.03
PROD02840,Wireless Mouse,Home & Kitchen,Everline,6009.41
PROD02841,Premium Desk Lamp,Sports,Nova,6339.09
PROD02842,Compact Speaker,Home & Kitchen,Sunrise,12091.81
PROD02843,Eco Keyboard,Home & Kitchen,Bright Home,14701.98
PROD02844,Eco Water Bottle,Toys,Everline,15218.76
PROD02845,Portable Backpack,Sports,Bright Home,9275.25
PROD02846,Portable Sunglasses,Grocery,Metro,5777.23
PROD02847,Portable T-Shirt,Electronics,Metro,12621.03
PROD02848,Premium Desk Lamp,Sports,Bright Home,4089.92
PROD02849,Essential Keyboard,Home & Kitchen,Pixel,9067.78
PROD02850,Essential Charger,Electronics,Sunrise,5800.4
PROD02851,Deluxe Blender,Beauty,Vortex,10539.43
PROD02852,Wireless Mouse,Sports,TrueValue,3921.34
PROD02853,Wireless Desk Lamp,Toys,TrueValue,3145.33
PROD02854,Portable Sunglasses,Sports,Vortex,14699.0
PROD02855,Compact Desk Lamp,Sports,Vortex,1717.68
PROD02856,Compact Water Bottle,Electronics,Zenith,8143.73
PROD02857,Deluxe Air Fryer,Apparel,Pixel,3610.56
PROD02858,Essential Charger,Sports,TrueValue,717.99
PROD02859,Eco Yoga Mat,Toys,Zenith,671.7
PROD02860,Compact Air Fryer,Apparel,Urban Craft,2885.03
PROD02861,Rapid Headphones,Home & Kitchen,Everline,13880.65
PROD02862,Wireless Yoga Mat,Apparel,Pixel,4590.41
PROD02863,Premium Wallet,Home & Kitchen,Sunrise,15211.3
PROD02864,Premium Wallet,Electronics,Pixel,9346.79
PROD02865,Compact T-Shirt,Electronics,TrueValue,7041.17
PROD02866,Premium Water Bottle,Toys,Zenith,9322.41
PROD02867,Smart Desk Lamp,Electronics,Nova,8314.5
PROD02868,Smart Notebook,Books,Bright Home,12163.54
PROD02869,Portable Notebook,Grocery,Everline,4590.69
PROD02870,Eco Wallet,Books,Vortex,5712.5
PROD02871,Portable Wallet,Beauty,Urban Craft,14315.1
PROD02872,Deluxe Sunglasses,Beauty,Metro,15147.66
PROD02873,Deluxe Headphones,Books,Metro,14290.68
PROD02874,Classic Sneakers,Toys,Vortex,6768.22
PROD02875,Eco T-Shirt,Beauty,Bright Home,12506.81
PROD02876,Rapid Sunglasses,Toys,Bright Home,7672.74
PROD02877,Portable Keyboard,Sports,Everline,8009.88
PROD02878,Smart Backpack,Apparel,Bright Home,3353.41
PROD02879,Wireless Air Fryer,Grocery,Urban Craft,9497.97
PROD02880,Essential Wallet,Beauty,Nova,3058.56
PROD02881,Essential Backpack,Home & Kitchen,Bright Home,5370.88
PROD02882,Classic Mouse,Sports,Vortex,13693.98
PROD02883,Deluxe Sunglasses,Books,Nova,3391.51
PROD02884,Premium Water Bottle,Sports,Pixel,1230.42
PROD02885,Rapid Mouse,Electronics,Metro,1196.22
PROD02886,Eco Backpack,Books,Pixel,15057.47
PROD02887,Essential Keyboard,Apparel,Pixel,8159.03
PROD02888,Deluxe Desk Lamp,Apparel,Bright Home,6608.65
PROD02889,Eco Charger,Toys,Vortex,12991.97
PROD02890,Eco Sunglasses,Electronics,Vortex,13388.63
PROD02891,Classic Sunglasses,Apparel,Vortex,5380.84
PROD02892,Compact Backpack,Sports,TrueValue,11127.53
PROD02893,Deluxe Blender,Apparel,TrueValue,12359.85
PROD02894,Compact Air Fryer,Sports,Zenith,10507.95
PROD02895,Smart Yoga Mat,Beauty,Nova,2509.36
PROD02896,Eco Speaker,Grocery,Sunrise,14025.54
PROD02897,Rapid Notebook,Grocery,TrueValue,8670.6
PROD02898,Wireless Headphones,Electronics,Pixel,4590.31
PROD02899,Compact Yoga Mat,Sports,Metro,6860.13
PROD02900,Smart Charger,Sports,Vortex,696.38
PROD02901,Essential Yoga Mat,Books,Zenith,2132.08
PROD02902,Compact Yoga Mat,Apparel,Zenith,12271.19
PROD02903,Portable Wallet,Beauty,Sunrise,99.18
PROD02904,Eco Sunglasses,Grocery,Urban Craft,6722.4
PROD02905,Smart T-Shirt,Apparel,Nova,8406.91
PROD02906,Wireless Sunglasses,Books,Nova,967.69
PROD02907,Rapid Backpack,Books,Pixel,15570.94
PROD02908,Wireless Sunglasses,Toys,TrueValue,3694.39
PROD02909,Compact Notebook,Books,Nova,4935.76
PROD02910,Essential Air Fryer,Electronics,Metro,4931.69
PROD02911,Deluxe Charger,Beauty,Pixel,3762.62
PROD02912,Classic Speaker,Electronics,Everline,122.43
PROD02913,Premium Water Bottle,Sports,Sunrise,11695.58
PROD02914,Eco Backpack,Books,Urban Craft,15471.84
PROD02915,Classic Headphones,Beauty,Vortex,3665.27
PROD02916,Eco Notebook,Toys,Zenith,10641.45
PROD02917,Premium Charger,Electronics,Vortex,11895.15
PROD02918,Compact Wallet,Home & Kitchen,Pixel,13588.96
PROD02919,Portable Charger,Home & Kitchen,Urban Craft,6818.8
PROD02920,Classic Desk Lamp,Books,Nova,4915.6
PROD02921,Smart Keyboard,Beauty,Pixel,5271.19
PROD02922,Essential T-Shirt,Apparel,Zenith,11429.68
PROD02923,Premium T-Shirt,Beauty,Nova,13085.79
PROD02924,Eco Charger,Sports,Bright Home,2986.66
PROD02925,Smart Mouse,Home & Kitchen,Bright Home,5996.96
PROD02926,Wireless Charger,Apparel,Bright Home,14439.85
PROD02927,Smart Charger,Electronics,TrueValue,12925.43
PROD02928,Compact Blender,Books,Bright Home,15758.25
PROD02929,Wireless Yoga Mat,Sports,Everline,12091.55
PROD02930,Premium Charger,Beauty,Zenith,6350.8
PROD02931,Classic Keyboard,Home & Kitchen,Sunrise,9490.14
PROD02932,Deluxe Wallet,Apparel,TrueValue,10609.13
PROD02933,Wireless Air Fryer,Books,Vortex,1346.45
PROD02934,Rapid Blender,Grocery,Sunrise,8756.5
PROD02935,Premium Headphones,Beauty,Sunrise,11377.2
PROD02936,Portable Headphones,Home & Kitchen,Vortex,2759.41
PROD02937,Deluxe Notebook,Beauty,Metro,12511.04
PROD02938,Essential Speaker,Electronics,Vortex,9380.99
PROD02939,Portable Water Bottle,Home & Kitchen,Sunrise,15239.33
PROD02940,Deluxe Water Bottle,Toys,Sunrise,773.51
PROD02941,Essential T-Shirt,Grocery,Sunrise,4317.69
PROD02942,Essential Charger,Sports,TrueValue,9663.71
PROD02943,Deluxe Wallet,Apparel,Everline,4814.3
PROD02944,Deluxe Keyboard,Beauty,Sunrise,11458.34
PROD02945,Portable Yoga Mat,Home & Kitchen,Vortex,12167.18
PROD02946,Classic Keyboard,Grocery,Metro,1729.0
PROD02947,Deluxe Backpack,Electronics,Everline,8269.29
PROD02948,Compact Charger,Grocery,Vortex,8190.36
PROD02949,Essential Blender,Sports,Metro,5970.56
PROD02950,Portable Air Fryer,Books,Vortex,14932.51
PROD02951,Rapid Water Bottle,Home & Kitchen,Zenith,13256.35
PROD02952,Deluxe Mouse,Electronics,Zenith,11184.63
PROD02953,Wireless Sneakers,Sports,TrueValue,11456.79
PROD02954,Essential Notebook,Home & Kitchen,Metro,7440.29
PROD02955,Smart Blender,Grocery,Zenith,14742.81
PROD02956,Smart Sneakers,Apparel,Vortex,11143.07
PROD02957,Eco Headphones,Apparel,Metro,11689.8
PROD02958,Deluxe Desk Lamp,Sports,TrueValue,13799.89
PROD02959,Eco Mouse,Apparel,Bright Home,4456.74
PROD02960,Compact Backpack,Books,Zenith,12931.43
PROD02961,Smart Speaker,Beauty,Metro,3203.33
PROD02962,Rapid Air Fryer,Toys,Nova,5589.94
PROD02963,Premium Yoga Mat,Beauty,Bright Home,5435.21
PROD02964,Deluxe Sunglasses,Toys,Metro,15657.55
PROD02965,Premium Sneakers,Toys,Urban Craft,13717.94
PROD02966,Essential Backpack,Electronics,Pixel,11247.6
PROD02967,Rapid Desk Lamp,Books,Metro,11659.2
PROD02968,Compact Yoga Mat,Toys,Everline,9035.96
PROD02969,Premium Yoga Mat,Books,Zenith,15157.74
PROD02970,Eco Backpack,Beauty,Nova,7989.51
PROD02971,Deluxe Speaker,Beauty,Sunrise,6149.23
PROD02972,Portable T-Shirt,Apparel,Pixel,2691.26
PROD02973,Rapid Water Bottle,Books,Urban Craft,12599.67
PROD02974,Compact Notebook,Home & Kitchen,Vortex,11776.66
PROD02975,Portable Yoga Mat,Electronics,Sunrise,6210.25
PROD02976,Compact T-Shirt,Toys,Bright Home,499.58
PROD02977,Rapid Sunglasses,Electronics,Bright Home,13439.06
PROD02978,Wireless Speaker,Toys,Sunrise,280.55
PROD02979,Smart Mouse,Grocery,Bright Home,11287.83
PROD02980,Compact Sneakers,Electronics,Sunrise,15526.09
PROD02981,Rapid Water Bottle,Grocery,Metro,7057.82
PROD02982,Essential Notebook,Electronics,Metro,3835.08
PROD02983,Smart Yoga Mat,Grocery,Sunrise,11306.45
PROD02984,Compact Wallet,Apparel,TrueValue,13091.34
PROD02985,Rapid Sunglasses,Beauty,Urban Craft,8787.24
PROD02986,Premium Yoga Mat,Beauty,Nova,15474.86
PROD02987,Smart Yoga Mat,Electronics,Nova,920.53
PROD02988,Essential Speaker,Sports,Pixel,8125.25
PROD02989,Classic Sunglasses,Books,Urban Craft,11522.42
PROD02990,Compact Speaker,Beauty,Bright Home,13814.98
PROD02991,Rapid Air Fryer,Apparel,Everline,2949.16
PROD02992,Deluxe Desk Lamp,Grocery,Nova,12819.06
PROD02993,Eco Desk Lamp,Grocery,Pixel,8887.04
PROD02994,Portable T-Shirt,Toys,Nova,6404.2
PROD02995,Wireless Wallet,Beauty,Everline,2193.27
PROD02996,Compact Notebook,Electronics,Urban Craft,13857.2
PROD02997,Premium Mouse,Electronics,TrueValue,2599.64
PROD02998,Premium Yoga Mat,Beauty,Zenith,5024.63
PROD02999,Wireless Keyboard,Beauty,Zenith,4710.72
PROD03000,Rapid Sunglasses,Grocery,TrueValue,13954.48
PROD03001,Portable Charger,Electronics,Urban Craft,10794.98
PROD03002,Classic Yoga Mat,Electronics,Nova,12766.23
PROD03003,Wireless T-Shirt,Toys,Vortex,4081.44
PROD03004,Rapid Blender,Apparel,Bright Home,10034.5
PROD03005,Wireless T-Shirt,Home & Kitchen,Everline,9189.76
PROD03006,Rapid Mouse,Grocery,Zenith,13341.0
PROD03007,Premium Mouse,Beauty,Pixel,14505.78
PROD03008,Rapid Speaker,Apparel,Pixel,292.29
PROD03009,Deluxe Sunglasses,Electronics,Everline,10815.92
PROD03010,Classic Desk Lamp,Beauty,Urban Craft,923.19
PROD03011,Deluxe Speaker,Home & Kitchen,Metro,8825.85
PROD03012,Premium Headphones,Electronics,TrueValue,4672.36
PROD03013,Deluxe Speaker,Books,Metro,4976.75
PROD03014,Eco Headphones,Beauty,Everline,5711.04
PROD03015,Eco Air Fryer,Electronics,Vortex,9977.55
PROD03016,Eco T-Shirt,Beauty,Bright Home,5410.39
PROD03017,Smart Notebook,Grocery,Nova,11748.91
PROD03018,Smart Air Fryer,Apparel,Pixel,6530.99
PROD03019,Deluxe Wallet,Grocery,Metro,1185.82
PROD03020,Classic Speaker,Electronics,Bright Home,12560.78
PROD03021,Smart Headphones,Toys,Zenith,4642.56
PROD03022,Deluxe Sneakers,Electronics,Nova,6979.99
PROD03023,Compact Speaker,Beauty,Sunrise,10997.56
PROD03024,Compact Blender,Home & Kitchen,TrueValue,5385.05
PROD03025,Essential Backpack,Grocery,Metro,998.71
PROD03026,Portable Mouse,Electronics,Urban Craft,6044.34
PROD03027,Compact Headphones,Sports,Metro,15115.73
PROD03028,Deluxe Air Fryer,Sports,Vortex,10302.58
PROD03029,Smart Sunglasses,Electronics,Nova,10775.52
PROD03030,Smart Air Fryer,Home & Kitchen,TrueValue,10152.29
PROD03031,Portable Keyboard,Grocery,Everline,3262.98
PROD03032,Portable Water Bottle,Sports,Pixel,6750.51
PROD03033,Premium Air Fryer,Toys,Sunrise,12038.94
PROD03034,Wireless T-Shirt,Sports,Bright Home,1710.83
PROD03035,Wireless Desk Lamp,Electronics,Sunrise,4516.86
PROD03036,Deluxe Sneakers,Books,Vortex,4492.47
PROD03037,Eco Mouse,Books,Bright Home,6968.1
PROD03038,Essential Sunglasses,Electronics,Zenith,15686.86
PROD03039,Essential Speaker,Books,Urban Craft,1172.29
PROD03040,Compact Backpack,Toys,Metro,8346.35
PROD03041,Classic Yoga Mat,Sports,Vortex,2950.9
PROD03042,Essential Sunglasses,Grocery,Bright Home,15532.76
PROD03043,Deluxe Notebook,Beauty,Vortex,1900.53
PROD03044,Eco Charger,Grocery,Bright Home,6516.26
PROD03045,Wireless T-Shirt,Beauty,Urban Craft,11831.37
PROD03046,Essential Blender,Home & Kitchen,Zenith,11301.42
PROD03047,Essential Backpack,Sports,Pixel,6820.39
PROD03048,Deluxe Air Fryer,Grocery,Everline,5608.73
PROD03049,Deluxe Notebook,Sports,TrueValue,6421.04
PROD03050,Eco Speaker,Books,Everline,4300.99
PROD03051,Portable Headphones,Electronics,Bright Home,3363.79
PROD03052,Essential Wallet,Sports,Zenith,7779.33
PROD03053,Rapid Yoga Mat,Grocery,TrueValue,4368.69
PROD03054,Rapid Wallet,Beauty,Pixel,4669.64
PROD03055,Classic Yoga Mat,Apparel,Zenith,10541.42
PROD03056,Portable Wallet,Toys,Everline,15498.74
PROD03057,Premium Notebook,Toys,Pixel,9696.83
PROD03058,Premium Desk Lamp,Electronics,Sunrise,1322.97
PROD03059,Classic Desk Lamp,Apparel,Pixel,1300.78
PROD03060,Essential Charger,Grocery,TrueValue,15226.63
PROD03061,Premium Speaker,Sports,Sunrise,4825.92
PROD03062,Smart T-Shirt,Home & Kitchen,Metro,1562.87
PROD03063,Compact T-Shirt,Books,Metro,9623.81
PROD03064,Deluxe Desk Lamp,Grocery,Everline,10015.02
PROD03065,Deluxe Sunglasses,Grocery,Pixel,10410.23
PROD03066,Deluxe Desk Lamp,Sports,Zenith,4350.69
PROD03067,Smart Wallet,Grocery,Urban Craft,339.26
PROD03068,Compact Backpack,Grocery,Nova,15442.74
PROD03069,Compact Notebook,Grocery,Nova,4088.2
PROD03070,Rapid Desk Lamp,Books,Sunrise,10847.82
PROD03071,Rapid Wallet,Apparel,Everline,11334.41
PROD03072,Deluxe Yoga Mat,Toys,Metro,9798.12
PROD03073,Eco Backpack,Grocery,Nova,5074.23
PROD03074,Essential Backpack,Beauty,TrueValue,4409.43
PROD03075,Rapid Sunglasses,Home & Kitchen,Nova,9601.93
PROD03076,Portable Yoga Mat,Sports,Nova,13869.92
PROD03077,Deluxe Notebook,Home & Kitchen,Urban Craft,15152.07
PROD03078,Compact Water Bottle,Beauty,TrueValue,1782.9
PROD03079,Essential Keyboard,Grocery,Zenith,2560.77
PROD03080,Wireless Keyboard,Electronics,Vortex,15120.31
PROD03081,Portable Mouse,Books,Nova,11809.91
PROD03082,Portable Air Fryer,Grocery,Pixel,14138.6
PROD03083,Portable Blender,Books,Bright Home,3320.86
PROD03084,Deluxe Notebook,Sports,TrueValue,9441.62
PROD03085,Eco T-Shirt,Electronics,Urban Craft,11247.12
PROD03086,Rapid Yoga Mat,Beauty,Pixel,10912.78
PROD03087,Classic Keyboard,Toys,Vortex,6588.61
PROD03088,Portable Backpack,Apparel,Pixel,343.78
PROD03089,Essential Notebook,Sports,Pixel,9367.52
PROD03090,Classic Air Fryer,Sports,Zenith,4123.31
PROD03091,Compact Air Fryer,Home & Kitchen,Pixel,7258.04
PROD03092,Eco Sneakers,Grocery,TrueValue,15324.54
PROD03093,Deluxe Blender,Electronics,Urban Craft,6443.66
PROD03094,Compact Headphones,Toys,TrueValue,13451.85
PROD03095,Essential Notebook,Home & Kitchen,Zenith,3096.8
PROD03096,Smart Keyboard,Toys,TrueValue,10791.12
PROD03097,Eco T-Shirt,Grocery,Vortex,15633.41
PROD03098,Smart Headphones,Apparel,Zenith,1719.1
PROD03099,Portable Headphones,Apparel,Sunrise,231.29
PROD03100,Portable Sunglasses,Electronics,Metro,6992.97
PROD03101,Portable Mouse,Toys,Vortex,1571.75
PROD03102,Essential Charger,Apparel,Bright Home,11998.31
PROD03103,Compact Water Bottle,Sports,Urban Craft,14640.32
PROD03104,Premium Charger,Electronics,Zenith,6999.93
PROD03105,Wireless Sunglasses,Beauty,Vortex,4212.52
PROD03106,Rapid Sunglasses,Sports,Vortex,7006.01
PROD03107,Portable Sunglasses,Apparel,Metro,11601.82
PROD03108,Rapid Sneakers,Beauty,TrueValue,242.96
PROD03109,Deluxe Headphones,Electronics,Urban Craft,9471.32
PROD03110,Deluxe Speaker,Books,Metro,9850.34
PROD03111,Smart Keyboard,Electronics,Urban Craft,10238.24
PROD03112,Essential Sunglasses,Books,Zenith,3947.15
PROD03113,Deluxe Notebook,Apparel,Nova,11452.44
PROD03114,Essential Notebook,Sports,Zenith,1552.12
PROD03115,Eco Charger,Home & Kitchen,Vortex,3267.4
PROD03116,Eco Mouse,Home & Kitchen,Urban Craft,14050.77
PROD03117,Essential Sunglasses,Books,Vortex,11844.7
PROD03118,Essential Sunglasses,Electronics,TrueValue,317.55
PROD03119,Rapid T-Shirt,Grocery,Sunrise,4048.18
PROD03120,Portable Mouse,Electronics,Urban Craft,3508.06
PROD03121,Wireless Air Fryer,Home & Kitchen,Zenith,4404.82
PROD03122,Classic Yoga Mat,Grocery,Everline,4035.2
PROD03123,Wireless Wallet,Grocery,Zenith,1093.17
PROD03124,Compact Charger,Beauty,Vortex,7396.15
PROD03125,Compact Mouse,Electronics,Everline,11749.46
PROD03126,Premium Mouse,Electronics,Nova,9746.03
PROD03127,Deluxe Notebook,Grocery,Vortex,10797.66
PROD03128,Compact Sneakers,Apparel,Metro,1389.27
PROD03129,Eco Yoga Mat,Toys,Bright Home,15227.7
PROD03130,Compact Wallet,Grocery,Pixel,13431.02
PROD03131,Rapid Water Bottle,Apparel,Zenith,12899.94
PROD03132,Portable Air Fryer,Apparel,Pixel,13184.44
PROD03133,Eco Notebook,Toys,Urban Craft,14929.1
PROD03134,Wireless T-Shirt,Beauty,TrueValue,8752.64
PROD03135,Essential Air Fryer,Grocery,Nova,3283.48
PROD03136,Premium Yoga Mat,Sports,TrueValue,9905.86
PROD03137,Eco Sunglasses,Beauty,Metro,11910.82
PROD03138,Premium Backpack,Apparel,Bright Home,11831.89
PROD03139,Deluxe Wallet,Sports,Zenith,8390.04
PROD03140,Portable Headphones,Beauty,Metro,1187.49
PROD03141,Essential Wallet,Home & Kitchen,Bright Home,5999.7
PROD03142,Compact Desk Lamp,Beauty,Everline,14739.19
PROD03143,Portable Backpack,Sports,Zenith,9391.74
PROD03144,Essential Wallet,Electronics,Metro,8658.48
PROD03145,Wireless Air Fryer,Apparel,Bright Home,4373.77
PROD03146,Wireless Sunglasses,Books,Bright Home,5957.34
PROD03147,Portable T-Shirt,Books,Urban Craft,14335.0
PROD03148,Smart Mouse,Beauty,Vortex,10695.76
PROD03149,Portable Headphones,Apparel,Zenith,12618.45
PROD03150,Eco T-Shirt,Toys,TrueValue,7323.09
PROD03151,Essential Sunglasses,Home & Kitchen,Everline,10119.93
PROD03152,Compact Speaker,Books,Vortex,4048.3
PROD03153,Rapid Headphones,Books,Nova,11315.83
PROD03154,Essential Yoga Mat,Books,Bright Home,6897.86
PROD03155,Wireless Wallet,Beauty,Everline,7135.47
PROD03156,Wireless Yoga Mat,Grocery,Sunrise,10423.22
PROD03157,Premium Headphones,Grocery,Bright Home,14985.86
PROD03158,Wireless Speaker,Electronics,Sunrise,1116.7
PROD03159,Essential Speaker,Sports,Bright Home,13212.42
PROD03160,Deluxe Water Bottle,Grocery,Urban Craft,4747.89
PROD03161,Premium Sneakers,Apparel,Pixel,7157.32
PROD03162,Rapid Blender,Apparel,Vortex,447.42
PROD03163,Portable Charger,Toys,Sunrise,4885.63
PROD03164,Rapid Notebook,Apparel,Everline,8090.84
PROD03165,Rapid Wallet,Beauty,Vortex,992.2
PROD03166,Wireless Water Bottle,Home & Kitchen,Vortex,7907.42
PROD03167,Deluxe T-Shirt,Electronics,Zenith,14840.06
PROD03168,Smart Wallet,Books,Vortex,1774.75
PROD03169,Essential Sneakers,Toys,Zenith,12253.61
PROD03170,Premium Air Fryer,Toys,Urban Craft,6612.77
PROD03171,Essential Water Bottle,Toys,Zenith,10516.26
PROD03172,Classic Backpack,Home & Kitchen,Metro,4236.76
PROD03173,Smart Sunglasses,Books,Metro,2634.93
PROD03174,Premium Sunglasses,Toys,Metro,2650.36
PROD03175,Smart Mouse,Toys,Pixel,1219.82
PROD03176,Eco Headphones,Grocery,Metro,3050.78
PROD03177,Essential Keyboard,Electronics,Zenith,10660.09
PROD03178,Rapid Yoga Mat,Toys,Vortex,14117.88
PROD03179,Rapid Headphones,Electronics,Bright Home,13043.6
PROD03180,Wireless Speaker,Apparel,Vortex,10992.64
PROD03181,Rapid Desk Lamp,Beauty,Nova,1854.87
PROD03182,Rapid Headphones,Electronics,Vortex,4697.08
PROD03183,Eco Blender,Home & Kitchen,Nova,5024.93
PROD03184,Eco Wallet,Sports,Nova,4073.32
PROD03185,Compact Headphones,Grocery,Urban Craft,8287.59
PROD03186,Rapid Charger,Home & Kitchen,Urban Craft,8614.31
PROD03187,Eco T-Shirt,Home & Kitchen,Vortex,5773.49
PROD03188,Eco Keyboard,Grocery,Metro,5724.25
PROD03189,Eco Sunglasses,Sports,Bright Home,13273.03
PROD03190,Deluxe Yoga Mat,Toys,Urban Craft,12648.76
PROD03191,Portable Yoga Mat,Apparel,TrueValue,4992.95
PROD03192,Deluxe Notebook,Electronics,TrueValue,14628.24
PROD03193,Portable Air Fryer,Apparel,Everline,15248.76
PROD03194,Premium Mouse,Home & Kitchen,Urban Craft,5294.21
PROD03195,Portable Wallet,Books,Vortex,5734.36
PROD03196,Deluxe Sneakers,Books,Sunrise,8138.58
PROD03197,Portable Mouse,Grocery,TrueValue,15062.82
PROD03198,Classic Keyboard,Books,Pixel,14032.48
PROD03199,Compact T-Shirt,Apparel,Nova,1729.83
PROD03200,Rapid Backpack,Electronics,Nova,6343.42
PROD03201,Wireless T-Shirt,Grocery,Pixel,8897.6
PROD03202,Portable Wallet,Toys,Metro,8098.81
PROD03203,Compact Headphones,Apparel,Sunrise,3181.42
PROD03204,Portable Sunglasses,Sports,Vortex,13754.19
PROD03205,Rapid Air Fryer,Grocery,Sunrise,10862.36
PROD03206,Portable Sunglasses,Apparel,Nova,13421.74
PROD03207,Compact Keyboard,Books,Bright Home,13753.35
PROD03208,Rapid Mouse,Books,TrueValue,11997.86
PROD03209,Compact Air Fryer,Electronics,Bright Home,7082.45
PROD03210,Premium Mouse,Books,Everline,9806.69
PROD03211,Classic Backpack,Books,Metro,2648.81
PROD03212,Portable Keyboard,Grocery,TrueValue,10809.96
PROD03213,Deluxe Air Fryer,Grocery,Metro,2949.13
PROD03214,Essential Notebook,Electronics,Zenith,11132.8
PROD03215,Premium Charger,Beauty,Sunrise,3749.61
PROD03216,Eco Mouse,Electronics,Bright Home,1968.07
PROD03217,Rapid Blender,Home & Kitchen,Sunrise,2727.02
PROD03218,Eco Blender,Electronics,TrueValue,130.67
PROD03219,Premium T-Shirt,Apparel,Metro,11526.96
PROD03220,Portable Charger,Toys,Sunrise,11744.18
PROD03221,Eco Backpack,Books,Vortex,8286.44
PROD03222,Smart Air Fryer,Toys,TrueValue,2664.67
PROD03223,Wireless Desk Lamp,Home & Kitchen,Metro,1427.51
PROD03224,Deluxe Yoga Mat,Books,Pixel,403.15
PROD03225,Wireless Keyboard,Electronics,Urban Craft,2734.4
PROD03226,Wireless Air Fryer,Books,Nova,14263.6
PROD03227,Portable Air Fryer,Home & Kitchen,Pixel,3939.44
PROD03228,Wireless Sneakers,Home & Kitchen,Metro,5731.91
PROD03229,Compact Sunglasses,Home & Kitchen,Urban Craft,1773.99
PROD03230,Wireless Charger,Sports,Urban Craft,3634.54
PROD03231,Essential Keyboard,Electronics,Bright Home,8354.67
PROD03232,Eco Air Fryer,Books,Sunrise,9762.27
PROD03233,Essential Air Fryer,Books,Bright Home,4000.1
PROD03234,Essential Notebook,Books,Sunrise,1016.94
PROD03235,Portable Speaker,Toys,Vortex,6316.42
PROD03236,Portable Keyboard,Books,Nova,3822.83
PROD03237,Smart Charger,Electronics,Pixel,3589.91
PROD03238,Smart Headphones,Sports,Vortex,15360.82
PROD03239,Eco Air Fryer,Sports,Everline,9898.18
PROD03240,Deluxe Sneakers,Electronics,Everline,8953.37
PROD03241,Compact Air Fryer,Electronics,Vortex,6709.82
PROD03242,Portable T-Shirt,Electronics,Sunrise,6919.21
PROD03243,Rapid Blender,Sports,Everline,8699.39
PROD03244,Deluxe Keyboard,Electronics,TrueValue,11172.23
PROD03245,Rapid Notebook,Electronics,Everline,11263.12
PROD03246,Smart Yoga Mat,Home & Kitchen,Vortex,2828.93
PROD03247,Premium Air Fryer,Electronics,Bright Home,8050.79
PROD03248,Compact Desk Lamp,Books,Everline,6649.13
PROD03249,Classic Speaker,Apparel,Pixel,13940.38
PROD03250,Eco Notebook,Sports,Nova,10138.56
PROD03251,Essential Keyboard,Electronics,Metro,8565.81
PROD03252,Wireless Keyboard,Electronics,Urban Craft,1933.77
PROD03253,Classic Yoga Mat,Sports,TrueValue,9728.64
PROD03254,Smart Mouse,Sports,Bright Home,1962.54
PROD03255,Classic Speaker,Books,TrueValue,5460.58
PROD03256,Deluxe Water Bottle,Beauty,Pixel,2370.19
PROD03257,Portable Blender,Beauty,Nova,11102.97
PROD03258,Classic Mouse,Grocery,Sunrise,3378.41
PROD03259,Essential Charger,Beauty,Zenith,6329.56
PROD03260,Premium Wallet,Grocery,Pixel,14340.23
PROD03261,Wireless Wallet,Apparel,Urban Craft,3347.63
PROD03262,Smart Backpack,Beauty,Urban Craft,8173.1
PROD03263,Deluxe Mouse,Home & Kitchen,Urban Craft,6765.42
PROD03264,Essential Blender,Books,Everline,387.17
PROD03265,Eco Speaker,Grocery,Vortex,12703.85
PROD03266,Rapid Blender,Books,Everline,1196.83
PROD03267,Smart Mouse,Electronics,Nova,7639.65
PROD03268,Smart Air Fryer,Sports,TrueValue,9013.78
PROD03269,Eco Blender,Electronics,Zenith,10090.98
PROD03270,Compact Blender,Apparel,Urban Craft,11048.24
PROD03271,Portable Keyboard,Electronics,Urban Craft,4126.03
PROD03272,Premium Charger,Toys,Bright Home,257.66
PROD03273,Classic T-Shirt,Books,Bright Home,11601.75
PROD03274,Classic Speaker,Grocery,TrueValue,8615.94
PROD03275,Eco Sneakers,Grocery,Pixel,13393.27
PROD03276,Portable Wallet,Grocery,Everline,13159.07
PROD03277,Smart Blender,Beauty,Nova,13507.89
PROD03278,Compact Yoga Mat,Home & Kitchen,Metro,7812.01
PROD03279,Smart Speaker,Books,TrueValue,5403.69
PROD03280,Premium Sneakers,Toys,Everline,12684.78
PROD03281,Deluxe Charger,Beauty,Everline,7274.58
PROD03282,Essential Wallet,Electronics,Vortex,3015.73
PROD03283,Eco Water Bottle,Home & Kitchen,Pixel,13693.09
PROD03284,Compact Yoga Mat,Apparel,Zenith,14131.7
PROD03285,Deluxe Air Fryer,Grocery,TrueValue,7513.33
PROD03286,Deluxe Desk Lamp,Toys,Metro,1302.63
PROD03287,Portable Keyboard,Toys,Urban Craft,6265.43
PROD03288,Rapid Keyboard,Beauty,Bright Home,12875.25
PROD03289,Essential Wallet,Grocery,Bright Home,14437.21
PROD03290,Premium Wallet,Grocery,Urban Craft,3334.22
PROD03291,Smart Notebook,Toys,Urban Craft,1163.88
PROD03292,Premium T-Shirt,Books,TrueValue,14048.87
PROD03293,Deluxe Blender,Toys,Vortex,6290.54
PROD03294,Eco Keyboard,Sports,Vortex,8713.0
PROD03295,Classic Water Bottle,Sports,Bright Home,15491.25
PROD03296,Eco Backpack,Electronics,Nova,1157.38
PROD03297,Classic Desk Lamp,Electronics,Pixel,10407.26
PROD03298,Deluxe Backpack,Beauty,Sunrise,1277.28
PROD03299,Eco T-Shirt,Home & Kitchen,Urban Craft,6068.96
PROD03300,Wireless Desk Lamp,Toys,Sunrise,12879.65
PROD03301,Classic Blender,Sports,Nova,6991.21
PROD03302,Portable Water Bottle,Home & Kitchen,Vortex,15954.2
PROD03303,Eco Desk Lamp,Grocery,Zenith,8988.04
PROD03304,Classic Yoga Mat,Sports,Nova,5205.48
PROD03305,Rapid Sneakers,Toys,Nova,3598.77
PROD03306,Essential Speaker,Sports,Urban Craft,5672.28
PROD03307,Essential Air Fryer,Apparel,TrueValue,6022.28
PROD03308,Portable Desk Lamp,Apparel,Everline,1191.55
PROD03309,Premium Blender,Sports,Sunrise,5975.23
PROD03310,Smart Wallet,Electronics,Sunrise,7480.39
PROD03311,Rapid Keyboard,Home & Kitchen,Bright Home,11590.53
PROD03312,Classic Sunglasses,Books,TrueValue,10541.0
PROD03313,Eco Sneakers,Electronics,Zenith,11368.37
PROD03314,Wireless Headphones,Home & Kitchen,Vortex,231.98
PROD03315,Rapid Headphones,Electronics,Metro,3559.91
PROD03316,Deluxe Notebook,Home & Kitchen,Pixel,10619.78
PROD03317,Essential Charger,Books,Metro,7794.43
PROD03318,Portable Water Bottle,Toys,Metro,183.48
PROD03319,Classic Water Bottle,Beauty,Bright Home,12890.46
PROD03320,Deluxe Speaker,Books,Metro,12386.67
PROD03321,Wireless Sunglasses,Toys,Vortex,8818.86
PROD03322,Classic Blender,Sports,Metro,1155.77
PROD03323,Classic Speaker,Books,Pixel,12286.59
PROD03324,Classic Desk Lamp,Toys,Pixel,9380.05
PROD03325,Wireless Water Bottle,Sports,Metro,12532.16
PROD03326,Eco Blender,Home & Kitchen,Pixel,12051.78
PROD03327,Smart Yoga Mat,Sports,Pixel,12866.73
PROD03328,Smart Air Fryer,Grocery,Sunrise,8335.33
PROD03329,Compact T-Shirt,Sports,Pixel,2330.16
PROD03330,Portable T-Shirt,Home & Kitchen,Pixel,10770.4
PROD03331,Eco Backpack,Beauty,Sunrise,9964.53
PROD03332,Rapid Headphones,Toys,Vortex,11900.83
PROD03333,Compact Speaker,Beauty,Bright Home,2800.11
PROD03334,Compact Backpack,Home & Kitchen,Sunrise,3199.11
PROD03335,Smart Desk Lamp,Apparel,Sunrise,14256.51
PROD03336,Premium Yoga Mat,Toys,Pixel,12023.65
PROD03337,Portable Backpack,Electronics,Sunrise,14539.83
PROD03338,Wireless Yoga Mat,Grocery,Bright Home,12162.57
PROD03339,Classic Sneakers,Apparel,Sunrise,9593.77
PROD03340,Portable Sneakers,Electronics,Metro,10499.71
PROD03341,Deluxe T-Shirt,Toys,Sunrise,14236.13
PROD03342,Wireless Yoga Mat,Electronics,Urban Craft,9302.03
PROD03343,Eco Keyboard,Electronics,Everline,10154.02
PROD03344,Rapid Desk Lamp,Home & Kitchen,Sunrise,2586.98
PROD03345,Rapid Water Bottle,Toys,Zenith,7634.35
PROD03346,Wireless Wallet,Grocery,Vortex,11489.71
PROD03347,Compact Sunglasses,Electronics,Pixel,4406.99
PROD03348,Premium Sneakers,Grocery,Sunrise,3314.84
PROD03349,Eco Headphones,Electronics,Bright Home,5088.85
PROD03350,Smart Air Fryer,Home & Kitchen,Sunrise,3938.86
PROD03351,Wireless Water Bottle,Apparel,Zenith,3516.11
PROD03352,Essential Headphones,Electronics,Bright Home,6854.13
PROD03353,Deluxe Blender,Apparel,Everline,14533.63
PROD03354,Smart Sneakers,Home & Kitchen,Urban Craft,8161.25
PROD03355,Eco Sunglasses,Beauty,Urban Craft,3086.93
PROD03356,Compact Wallet,Grocery,Pixel,1322.85
PROD03357,Smart Notebook,Books,Everline,11167.88
PROD03358,Compact Speaker,Electronics,Nova,6185.5
PROD03359,Compact Wallet,Electronics,Vortex,13166.11
PROD03360,Deluxe Speaker,Toys,Metro,10585.22
PROD03361,Deluxe Air Fryer,Sports,Metro,12759.24
PROD03362,Eco T-Shirt,Toys,Pixel,4422.94
PROD03363,Rapid Blender,Sports,Vortex,11107.51
PROD03364,Essential Air Fryer,Grocery,Sunrise,4297.59
PROD03365,Eco Wallet,Books,Vortex,15030.19
PROD03366,Deluxe Air Fryer,Books,Pixel,10217.35
PROD03367,Essential Sneakers,Grocery,Everline,5258.74
PROD03368,Essential Air Fryer,Electronics,Urban Craft,4384.24
PROD03369,Classic Headphones,Toys,Zenith,3134.73
PROD03370,Premium Headphones,Books,Metro,11143.79
PROD03371,Eco Sunglasses,Beauty,Metro,3576.58
PROD03372,Portable Sunglasses,Beauty,Sunrise,9564.32
PROD03373,Compact Charger,Beauty,Nova,4306.7
PROD03374,Eco Desk Lamp,Electronics,Bright Home,10624.31
PROD03375,Essential Mouse,Beauty,Sunrise,13056.54
PROD03376,Portable Notebook,Home & Kitchen,TrueValue,12469.6
PROD03377,Eco Speaker,Beauty,Metro,12196.54
PROD03378,Deluxe Headphones,Books,Bright Home,3083.79
PROD03379,Compact Keyboard,Grocery,Nova,1504.32
PROD03380,Smart Backpack,Books,Pixel,11212.29
PROD03381,Eco Blender,Apparel,Pixel,5955.72
PROD03382,Smart Blender,Apparel,TrueValue,6973.3
PROD03383,Deluxe Wallet,Apparel,Urban Craft,594.27
PROD03384,Essential Mouse,Toys,Metro,4226.27
PROD03385,Portable Notebook,Toys,Metro,634.45
PROD03386,Classic Keyboard,Apparel,Everline,14078.05
PROD03387,Smart Notebook,Books,Nova,3969.01
PROD03388,Smart Headphones,Grocery,Sunrise,8960.66
PROD03389,Premium T-Shirt,Electronics,Bright Home,718.77
PROD03390,Premium Mouse,Sports,Vortex,10701.87
PROD03391,Premium Charger,Beauty,Urban Craft,5235.13
PROD03392,Eco Desk Lamp,Electronics,Urban Craft,14375.92
PROD03393,Rapid Mouse,Apparel,Bright Home,14220.08
PROD03394,Compact Notebook,Books,Bright Home,5271.12
PROD03395,Eco Sneakers,Electronics,Urban Craft,14424.28
PROD03396,Rapid Keyboard,Apparel,Sunrise,15937.91
PROD03397,Premium Notebook,Beauty,Zenith,13223.11
PROD03398,Rapid Yoga Mat,Books,Nova,13532.45
PROD03399,Smart Backpack,Sports,Vortex,4058.24
PROD03400,Premium Yoga Mat,Sports,Bright Home,9268.57
PROD03401,Classic Notebook,Apparel,Vortex,1168.37
PROD03402,Essential Sunglasses,Grocery,Vortex,1608.2
PROD03403,Rapid Blender,Sports,Vortex,15981.39
PROD03404,Portable Sunglasses,Books,Sunrise,5292.56
PROD03405,Smart Desk Lamp,Books,Bright Home,11995.12
PROD03406,Premium T-Shirt,Beauty,Vortex,12924.97
PROD03407,Essential Backpack,Home & Kitchen,Pixel,13741.57
PROD03408,Wireless Charger,Home & Kitchen,Metro,15961.29
PROD03409,Eco Mouse,Toys,Vortex,3938.79
PROD03410,Rapid Speaker,Beauty,Zenith,740.58
PROD03411,Compact Notebook,Sports,Sunrise,6636.95
PROD03412,Eco Yoga Mat,Home & Kitchen,Zenith,2167.28
PROD03413,Wireless Air Fryer,Grocery,Metro,455.57
PROD03414,Eco Keyboard,Electronics,Nova,5829.79
PROD03415,Compact Speaker,Apparel,Everline,12560.44
PROD03416,Compact Sneakers,Home & Kitchen,Metro,9101.27
PROD03417,Classic Sunglasses,Beauty,Vortex,5072.17
PROD03418,Rapid Sneakers,Toys,TrueValue,10503.04
PROD03419,Compact T-Shirt,Books,Bright Home,3788.09
PROD03420,Premium Sneakers,Grocery,Sunrise,327.66
PROD03421,Eco Blender,Beauty,Metro,12252.22
PROD03422,Smart T-Shirt,Beauty,Metro,10016.52
PROD03423,Wireless Speaker,Beauty,Pixel,12219.61
PROD03424,Compact Backpack,Home & Kitchen,Pixel,718.11
PROD03425,Wireless Air Fryer,Home & Kitchen,Nova,13409.2
PROD03426,Wireless Backpack,Toys,Everline,9949.47
PROD03427,Portable Sunglasses,Home & Kitchen,Pixel,9056.99
PROD03428,Essential Sunglasses,Books,Vortex,10030.36
PROD03429,Wireless Charger,Electronics,TrueValue,13843.49
PROD03430,Compact Backpack,Electronics,Nova,9431.29
PROD03431,Wireless Sunglasses,Sports,Bright Home,9336.11
PROD03432,Portable Water Bottle,Toys,Urban Craft,15850.8
PROD03433,Eco Charger,Sports,TrueValue,12131.01
PROD03434,Eco Yoga Mat,Home & Kitchen,Urban Craft,7131.47
PROD03435,Wireless Headphones,Toys,Bright Home,11346.61
PROD03436,Eco Backpack,Beauty,Zenith,6287.76
PROD03437,Eco Water Bottle,Toys,Nova,3738.12
PROD03438,Premium Air Fryer,Books,Pixel,9588.94
PROD03439,Wireless Wallet,Home & Kitchen,Pixel,14857.1
PROD03440,Smart Sunglasses,Grocery,Urban Craft,14872.32
PROD03441,Smart Keyboard,Home & Kitchen,TrueValue,5535.29
PROD03442,Rapid Wallet,Beauty,Sunrise,8489.07
PROD03443,Premium Desk Lamp,Apparel,Vortex,3464.01
PROD03444,Smart Mouse,Electronics,Vortex,15929.53
PROD03445,Smart Mouse,Electronics,Pixel,15698.77
PROD03446,Essential Sneakers,Apparel,Bright Home,10426.19
PROD03447,Wireless Keyboard,Beauty,Everline,12889.18
PROD03448,Portable Charger,Apparel,Zenith,11469.09
PROD03449,Compact Charger,Toys,Sunrise,9530.22
PROD03450,Wireless Sunglasses,Sports,Sunrise,947.23
PROD03451,Wireless Water Bottle,Apparel,TrueValue,7329.75
PROD03452,Classic Sunglasses,Home & Kitchen,Metro,10828.1
PROD03453,Classic T-Shirt,Beauty,Zenith,10871.75
PROD03454,Deluxe Water Bottle,Books,Metro,6031.65
PROD03455,Premium Notebook,Grocery,Sunrise,15071.9
PROD03456,Compact Wallet,Sports,Bright Home,2759.98
PROD03457,Smart Blender,Grocery,Bright Home,8054.72
PROD03458,Portable Water Bottle,Apparel,Zenith,11084.06
PROD03459,Compact Headphones,Grocery,Pixel,11183.46
PROD03460,Compact Sneakers,Books,Urban Craft,10412.36
PROD03461,Essential Wallet,Toys,Metro,4476.08
PROD03462,Compact T-Shirt,Books,TrueValue,2582.68
PROD03463,Classic Keyboard,Electronics,Nova,10210.45
PROD03464,Premium Air Fryer,Books,Bright Home,9627.9
PROD03465,Essential Notebook,Electronics,Pixel,2950.76
PROD03466,Rapid Air Fryer,Grocery,Everline,11310.71
PROD03467,Deluxe Yoga Mat,Electronics,Vortex,7336.23
PROD03468,Classic Notebook,Books,Urban Craft,10716.39
PROD03469,Premium Charger,Books,TrueValue,13413.14
PROD03470,Classic Yoga Mat,Sports,Vortex,2797.68
PROD03471,Essential Desk Lamp,Toys,Bright Home,403.4
PROD03472,Deluxe Keyboard,Apparel,Pixel,12486.73
PROD03473,Wireless Sunglasses,Beauty,Metro,9793.19
PROD03474,Essential Water Bottle,Apparel,Sunrise,11223.27
PROD03475,Classic Speaker,Sports,Everline,13425.66
PROD03476,Smart Charger,Books,Vortex,12863.69
PROD03477,Eco Notebook,Sports,Urban Craft,15377.63
PROD03478,Deluxe Yoga Mat,Apparel,Bright Home,8620.37
PROD03479,Portable Yoga Mat,Home & Kitchen,Sunrise,7866.08
PROD03480,Wireless Desk Lamp,Sports,Everline,6489.01
PROD03481,Portable Notebook,Beauty,Nova,2542.69
PROD03482,Rapid Sunglasses,Electronics,Nova,9203.46
PROD03483,Portable Keyboard,Beauty,Vortex,4503.5
PROD03484,Wireless Sunglasses,Beauty,Urban Craft,14747.79
PROD03485,Deluxe Keyboard,Sports,Sunrise,9371.73
PROD03486,Essential Keyboard,Electronics,TrueValue,9525.16
PROD03487,Smart Blender,Home & Kitchen,Pixel,5742.3
PROD03488,Deluxe Sneakers,Books,Sunrise,925.63
PROD03489,Premium Backpack,Home & Kitchen,Everline,603.73
PROD03490,Smart Yoga Mat,Home & Kitchen,Sunrise,6830.03
PROD03491,Essential Mouse,Beauty,Nova,1443.59
PROD03492,Classic Headphones,Books,Nova,9747.87
PROD03493,Smart Notebook,Books,Metro,14106.47
PROD03494,Premium Yoga Mat,Electronics,Metro,14137.35
PROD03495,Eco Speaker,Grocery,Metro,10577.82
PROD03496,Classic Mouse,Beauty,Sunrise,3457.59
PROD03497,Premium Keyboard,Beauty,Bright Home,13820.65
PROD03498,Premium Air Fryer,Books,Bright Home,14187.89
PROD03499,Eco Mouse,Electronics,Metro,3225.79
PROD03500,Premium Headphones,Apparel,Urban Craft,11824.07
PROD03501,Smart T-Shirt,Books,TrueValue,4654.66
PROD03502,Compact Mouse,Sports,Everline,12860.98
PROD03503,Eco Water Bottle,Home & Kitchen,Nova,15955.08
PROD03504,Compact Charger,Apparel,Everline,576.41
PROD03505,Wireless Headphones,Home & Kitchen,Zenith,14367.12
PROD03506,Premium Charger,Grocery,TrueValue,9998.83
PROD03507,Classic Sneakers,Sports,Metro,15575.78
PROD03508,Eco Charger,Home & Kitchen,Nova,7492.65
PROD03509,Smart Notebook,Electronics,TrueValue,13572.47
PROD03510,Premium Charger,Toys,Sunrise,1091.07
PROD03511,Premium Air Fryer,Electronics,Vortex,5429.94
PROD03512,Wireless Sneakers,Toys,Pixel,1164.56
PROD03513,Smart Blender,Grocery,Everline,15606.96
PROD03514,Wireless Backpack,Electronics,Metro,13088.89
PROD03515,Deluxe Backpack,Beauty,Vortex,13654.5
PROD03516,Deluxe Blender,Toys,Everline,15012.65
PROD03517,Essential Air Fryer,Books,TrueValue,1452.15
PROD03518,Portable Wallet,Electronics,Pixel,6230.0
PROD03519,Classic Keyboard,Grocery,TrueValue,1228.45
PROD03520,Portable Blender,Sports,Everline,3450.61
PROD03521,Essential Yoga Mat,Electronics,Pixel,3745.92
PROD03522,Wireless Backpack,Home & Kitchen,Bright Home,7557.8
PROD03523,Essential Mouse,Home & Kitchen,TrueValue,4369.14
PROD03524,Wireless T-Shirt,Beauty,Metro,1704.55
PROD03525,Eco Wallet,Sports,Metro,2762.11
PROD03526,Smart Yoga Mat,Grocery,Bright Home,2440.68
PROD03527,Compact Speaker,Apparel,Zenith,15570.92
PROD03528,Smart Yoga Mat,Apparel,Nova,12171.75
PROD03529,Essential Yoga Mat,Beauty,Vortex,15486.41
PROD03530,Premium Sunglasses,Sports,Vortex,7090.87
PROD03531,Eco Notebook,Beauty,Metro,4525.06
PROD03532,Portable Water Bottle,Grocery,Metro,12791.86
PROD03533,Classic Blender,Home & Kitchen,Vortex,5286.44
PROD03534,Smart Mouse,Home & Kitchen,Vortex,4859.2
PROD03535,Compact Water Bottle,Toys,Urban Craft,3795.85
PROD03536,Rapid Charger,Grocery,Urban Craft,2160.9
PROD03537,Deluxe Blender,Beauty,Urban Craft,4176.76
PROD03538,Wireless Charger,Toys,Urban Craft,5748.58
PROD03539,Eco T-Shirt,Beauty,Bright Home,10815.51
PROD03540,Eco Mouse,Apparel,TrueValue,1093.78
PROD03541,Compact Air Fryer,Sports,Bright Home,3446.06
PROD03542,Essential Water Bottle,Electronics,Zenith,12962.48
PROD03543,Smart Yoga Mat,Toys,Everline,2435.06
PROD03544,Deluxe Wallet,Beauty,Pixel,5547.06
PROD03545,Deluxe Air Fryer,Home & Kitchen,Pixel,13847.08
PROD03546,Premium Air Fryer,Apparel,Nova,2562.31
PROD03547,Essential Keyboard,Electronics,Nova,1414.52
PROD03548,Portable Sunglasses,Home & Kitchen,Urban Craft,7803.15
PROD03549,Premium Sunglasses,Sports,Vortex,4907.47
PROD03550,Portable Headphones,Electronics,Nova,9057.19
PROD03551,Compact Sneakers,Electronics,Urban Craft,12879.5
PROD03552,Deluxe Sunglasses,Toys,Vortex,2279.66
PROD03553,Portable Water Bottle,Books,Everline,9332.12
PROD03554,Eco Blender,Toys,Nova,8136.59
PROD03555,Portable Wallet,Toys,Vortex,2389.85
PROD03556,Rapid Blender,Sports,Bright Home,10020.58
PROD03557,Eco Notebook,Sports,Metro,4449.88
PROD03558,Premium Sunglasses,Electronics,Vortex,7855.57
PROD03559,Premium T-Shirt,Electronics,Bright Home,1407.13
PROD03560,Premium Backpack,Sports,Metro,7406.39
PROD03561,Premium Desk Lamp,Home & Kitchen,Pixel,4971.77
PROD03562,Compact Desk Lamp,Sports,Sunrise,13174.86
PROD03563,Premium Water Bottle,Toys,Nova,1004.96
PROD03564,Classic Air Fryer,Books,Everline,6754.86
PROD03565,Portable Air Fryer,Electronics,Zenith,7388.06
PROD03566,Eco Wallet,Home & Kitchen,TrueValue,11626.6
PROD03567,Smart Backpack,Books,Everline,9230.17
PROD03568,Smart Wallet,Toys,Pixel,10707.68
PROD03569,Premium Sunglasses,Home & Kitchen,Sunrise,12454.08
PROD03570,Classic Backpack,Home & Kitchen,Bright Home,13808.03
PROD03571,Essential Mouse,Books,Metro,5089.62
PROD03572,Eco Charger,Grocery,Nova,8653.56
PROD03573,Essential T-Shirt,Beauty,Zenith,13456.72
PROD03574,Classic T-Shirt,Apparel,Bright Home,15831.27
PROD03575,Wireless Yoga Mat,Beauty,Sunrise,14242.36
PROD03576,Deluxe Mouse,Toys,Zenith,6005.33
PROD03577,Smart Desk Lamp,Beauty,Urban Craft,3202.15
PROD03578,Wireless Blender,Grocery,Nova,7880.34
PROD03579,Premium Sunglasses,Sports,Vortex,11891.1
PROD03580,Eco Backpack,Grocery,Everline,7930.85
PROD03581,Deluxe Mouse,Books,Nova,7781.58
PROD03582,Eco Blender,Home & Kitchen,Nova,13426.86
PROD03583,Smart Keyboard,Apparel,Nova,5845.32
PROD03584,Premium Blender,Sports,Bright Home,13769.74
PROD03585,Compact Wallet,Books,Metro,6567.2
PROD03586,Smart Notebook,Books,Metro,5317.91
PROD03587,Premium Backpack,Grocery,Zenith,7317.44
PROD03588,Deluxe Water Bottle,Beauty,Everline,12221.91
PROD03589,Wireless Notebook,Apparel,Everline,2102.43
PROD03590,Portable Sunglasses,Beauty,Sunrise,3222.07
PROD03591,Essential Charger,Home & Kitchen,Everline,15226.97
PROD03592,Portable Speaker,Books,Metro,2889.32
PROD03593,Classic Mouse,Beauty,Pixel,9125.86
PROD03594,Wireless Backpack,Sports,Metro,9310.1
PROD03595,Essential Backpack,Grocery,Urban Craft,7884.03
PROD03596,Portable Air Fryer,Toys,Urban Craft,10350.45
PROD03597,Compact Charger,Apparel,TrueValue,3753.24
PROD03598,Wireless Wallet,Toys,TrueValue,8886.33
PROD03599,Rapid Sneakers,Sports,Everline,6016.55
PROD03600,Classic Backpack,Toys,Everline,10619.51
PROD03601,Premium Speaker,Toys,Bright Home,2344.45
PROD03602,Classic Headphones,Home & Kitchen,Everline,9175.95
PROD03603,Classic Water Bottle,Electronics,Urban Craft,3044.8
PROD03604,Classic Backpack,Books,Pixel,4529.42
PROD03605,Premium Desk Lamp,Grocery,Urban Craft,3576.49
PROD03606,Deluxe T-Shirt,Beauty,Urban Craft,3006.12
PROD03607,Classic Charger,Books,Zenith,13227.8
PROD03608,Eco Sneakers,Electronics,TrueValue,4641.75
PROD03609,Classic Sneakers,Grocery,Sunrise,14840.27
PROD03610,Compact Notebook,Toys,Metro,15520.83
PROD03611,Wireless Speaker,Beauty,TrueValue,9182.04
PROD03612,Classic Sneakers,Grocery,TrueValue,2372.72
PROD03613,Premium Backpack,Books,Zenith,6054.32
PROD03614,Eco Desk Lamp,Beauty,Pixel,12782.94
PROD03615,Eco Keyboard,Electronics,Metro,5940.51
PROD03616,Smart Yoga Mat,Electronics,Metro,1482.57
PROD03617,Premium T-Shirt,Electronics,Metro,8951.88
PROD03618,Essential Sneakers,Apparel,Everline,13536.42
PROD03619,Smart Desk Lamp,Sports,Zenith,12754.23
PROD03620,Eco Charger,Books,Vortex,2883.46
PROD03621,Portable Sneakers,Home & Kitchen,Bright Home,10795.96
PROD03622,Premium Sunglasses,Sports,Metro,3605.02
PROD03623,Classic Speaker,Books,Metro,3568.5
PROD03624,Classic T-Shirt,Apparel,Pixel,13996.74
PROD03625,Smart Notebook,Toys,Pixel,4068.74
PROD03626,Premium Speaker,Home & Kitchen,Nova,4284.63
PROD03627,Classic T-Shirt,Toys,Pixel,109.39
PROD03628,Wireless Speaker,Toys,Sunrise,13942.64
PROD03629,Wireless T-Shirt,Toys,Zenith,12701.26
PROD03630,Classic Blender,Books,Everline,10073.53
PROD03631,Premium Headphones,Sports,Bright Home,12028.23
PROD03632,Deluxe Blender,Beauty,Metro,2516.57
PROD03633,Smart Air Fryer,Electronics,Everline,7386.35
PROD03634,Eco Notebook,Apparel,Metro,5683.39
PROD03635,Premium Mouse,Home & Kitchen,Nova,1590.05
PROD03636,Deluxe Keyboard,Beauty,Vortex,7828.47
PROD03637,Deluxe Speaker,Toys,Nova,14738.76
PROD03638,Essential T-Shirt,Grocery,Everline,735.94
PROD03639,Deluxe Charger,Beauty,Bright Home,4733.23
PROD03640,Wireless Blender,Sports,Metro,3398.9
PROD03641,Rapid Notebook,Grocery,Everline,3885.53
PROD03642,Wireless Desk Lamp,Home & Kitchen,Zenith,14543.11
PROD03643,Premium T-Shirt,Toys,Nova,7541.3
PROD03644,Classic Air Fryer,Beauty,Bright Home,7513.16
PROD03645,Deluxe Air Fryer,Electronics,Pixel,12192.15
PROD03646,Deluxe Notebook,Apparel,Bright Home,2555.43
PROD03647,Smart Desk Lamp,Apparel,Zenith,7846.52
PROD03648,Smart Yoga Mat,Books,Zenith,6935.76
PROD03649,Essential Sunglasses,Sports,Urban Craft,9589.88
PROD03650,Smart Speaker,Books,Sunrise,15991.97
PROD03651,Essential Sunglasses,Sports,Vortex,12333.24
PROD03652,Wireless Blender,Apparel,TrueValue,6425.06
PROD03653,Eco Yoga Mat,Home & Kitchen,Nova,13257.09
PROD03654,Compact Yoga Mat,Books,Sunrise,2813.26
PROD03655,Smart Backpack,Toys,Zenith,583.37
PROD03656,Deluxe T-Shirt,Sports,Zenith,3349.73
PROD03657,Wireless Desk Lamp,Books,Vortex,5511.54
PROD03658,Wireless Headphones,Apparel,Pixel,8217.23
PROD03659,Deluxe Mouse,Toys,Nova,9879.55
PROD03660,Premium Blender,Sports,Bright Home,14577.63
PROD03661,Rapid T-Shirt,Beauty,Metro,8205.68
PROD03662,Essential Charger,Sports,Metro,8069.28
PROD03663,Rapid Wallet,Beauty,Pixel,897.86
PROD03664,Classic Mouse,Electronics,Sunrise,654.09
PROD03665,Essential Yoga Mat,Home & Kitchen,Urban Craft,8862.44
PROD03666,Compact Mouse,Beauty,Zenith,7066.04
PROD03667,Portable Yoga Mat,Home & Kitchen,TrueValue,13441.97
PROD03668,Wireless Yoga Mat,Toys,Everline,2653.81
PROD03669,Deluxe Sneakers,Sports,Urban Craft,496.05
PROD03670,Rapid Backpack,Sports,Sunrise,7238.72
PROD03671,Rapid Desk Lamp,Sports,Vortex,3874.91
PROD03672,Deluxe Sneakers,Home & Kitchen,Sunrise,887.87
PROD03673,Eco Charger,Books,Metro,11620.11
PROD03674,Rapid Keyboard,Beauty,Metro,1873.33
PROD03675,Eco Headphones,Apparel,Metro,9771.28
PROD03676,Essential Water Bottle,Apparel,Metro,4567.69
PROD03677,Classic Backpack,Electronics,Bright Home,2857.59
PROD03678,Eco Blender,Beauty,Urban Craft,6137.05
PROD03679,Premium Yoga Mat,Toys,Sunrise,12841.99
PROD03680,Classic Keyboard,Electronics,Metro,6333.29
PROD03681,Eco Water Bottle,Sports,Pixel,12036.24
PROD03682,Deluxe Mouse,Beauty,Nova,2094.23
PROD03683,Rapid Keyboard,Beauty,Urban Craft,12386.07
PROD03684,Eco Headphones,Toys,Sunrise,3866.24
PROD03685,Premium Blender,Books,TrueValue,10869.55
PROD03686,Compact Blender,Sports,Nova,9094.93
PROD03687,Deluxe T-Shirt,Home & Kitchen,Everline,14872.4
PROD03688,Essential Sneakers,Electronics,Urban Craft,6257.43
PROD03689,Rapid Sneakers,Grocery,Zenith,1151.03
PROD03690,Compact Headphones,Toys,Sunrise,403.57
PROD03691,Smart Backpack,Books,Everline,13246.05
PROD03692,Compact T-Shirt,Apparel,Nova,8442.3
PROD03693,Eco Sunglasses,Toys,Everline,12425.38
PROD03694,Deluxe Sneakers,Electronics,Bright Home,3826.37
PROD03695,Portable Mouse,Beauty,Nova,5585.83
PROD03696,Smart Yoga Mat,Home & Kitchen,Sunrise,577.65
PROD03697,Eco Blender,Sports,Pixel,15386.73
PROD03698,Eco Water Bottle,Apparel,Zenith,10718.1
PROD03699,Deluxe Blender,Toys,Metro,14936.96
PROD03700,Classic Backpack,Grocery,Zenith,4320.39
PROD03701,Smart Desk Lamp,Sports,Urban Craft,9821.27
PROD03702,Compact Sunglasses,Home & Kitchen,Bright Home,10887.15
PROD03703,Deluxe Headphones,Beauty,Nova,5148.04
PROD03704,Compact Headphones,Beauty,TrueValue,13583.94
PROD03705,Portable Sunglasses,Home & Kitchen,Sunrise,15158.87
PROD03706,Smart Sunglasses,Electronics,Everline,14168.2
PROD03707,Classic Water Bottle,Apparel,Sunrise,11850.16
PROD03708,Premium Air Fryer,Toys,Metro,4510.69
PROD03709,Compact Mouse,Home & Kitchen,Bright Home,4576.7
PROD03710,Essential Desk Lamp,Sports,Everline,15416.43
PROD03711,Compact Keyboard,Beauty,TrueValue,262.52
PROD03712,Deluxe Notebook,Beauty,Metro,11484.19
PROD03713,Deluxe Desk Lamp,Apparel,Sunrise,11328.31
PROD03714,Premium Yoga Mat,Beauty,Zenith,9999.76
PROD03715,Rapid Wallet,Electronics,Sunrise,15841.73
PROD03716,Premium Air Fryer,Apparel,TrueValue,5057.88
PROD03717,Compact T-Shirt,Beauty,TrueValue,5504.55
PROD03718,Wireless T-Shirt,Electronics,Nova,1354.14
PROD03719,Essential Sneakers,Beauty,Metro,7139.49
PROD03720,Portable Notebook,Books,Pixel,4249.67
PROD03721,Wireless Yoga Mat,Books,Sunrise,5558.85
PROD03722,Portable Sunglasses,Electronics,Bright Home,13368.69
PROD03723,Deluxe Notebook,Toys,Everline,14973.2
PROD03724,Eco Air Fryer,Books,TrueValue,3052.16
PROD03725,Compact Sunglasses,Home & Kitchen,Vortex,6021.89
PROD03726,Smart Wallet,Beauty,Zenith,14864.23
PROD03727,Essential Yoga Mat,Apparel,Metro,1081.75
PROD03728,Deluxe Sneakers,Toys,Urban Craft,1567.53
PROD03729,Smart Blender,Apparel,Vortex,2687.38
PROD03730,Eco Backpack,Beauty,Nova,9562.88
PROD03731,Compact Sneakers,Toys,Everline,2491.51
PROD03732,Premium Notebook,Toys,TrueValue,15491.41
PROD03733,Portable Blender,Grocery,Sunrise,7201.76
PROD03734,Premium Backpack,Grocery,Vortex,8073.14
PROD03735,Smart Headphones,Sports,TrueValue,4020.87
PROD03736,Wireless Blender,Toys,Sunrise,7587.27
PROD03737,Wireless Sunglasses,Toys,Vortex,10623.43
PROD03738,Portable Headphones,Home & Kitchen,Nova,12042.72
PROD03739,Portable Keyboard,Toys,Everline,12085.5
PROD03740,Compact Desk Lamp,Grocery,Bright Home,9287.47
PROD03741,Eco Desk Lamp,Sports,Bright Home,14478.32
PROD03742,Rapid Air Fryer,Books,Urban Craft,13095.78
PROD03743,Premium Water Bottle,Grocery,Pixel,12136.07
PROD03744,Smart Sneakers,Books,Nova,983.13
PROD03745,Compact Water Bottle,Apparel,Nova,208.36
PROD03746,Smart Water Bottle,Grocery,Everline,3476.91
PROD03747,Wireless Sunglasses,Toys,Bright Home,10649.03
PROD03748,Smart T-Shirt,Home & Kitchen,Nova,6637.04
PROD03749,Deluxe Keyboard,Books,Metro,6497.26
PROD03750,Essential Air Fryer,Toys,TrueValue,14163.93
PROD03751,Smart Blender,Grocery,TrueValue,14338.45
PROD03752,Smart Sunglasses,Home & Kitchen,Bright Home,14554.89
PROD03753,Wireless Yoga Mat,Toys,Zenith,5089.66
PROD03754,Rapid Wallet,Home & Kitchen,Everline,11086.79
PROD03755,Rapid Headphones,Grocery,Nova,4417.97
PROD03756,Deluxe Water Bottle,Beauty,Zenith,3129.7
PROD03757,Premium Notebook,Electronics,Urban Craft,3034.66
PROD03758,Premium Speaker,Home & Kitchen,Pixel,5538.51
PROD03759,Rapid Water Bottle,Grocery,Everline,6935.33
PROD03760,Compact Charger,Grocery,Nova,13311.09
PROD03761,Wireless Mouse,Books,Bright Home,2005.27
PROD03762,Essential Headphones,Books,Bright Home,11784.32
PROD03763,Deluxe Backpack,Books,Everline,8549.13
PROD03764,Portable Blender,Grocery,Bright Home,4677.33
PROD03765,Essential Notebook,Books,Bright Home,7934.83
PROD03766,Premium Wallet,Apparel,Nova,4868.08
PROD03767,Rapid Air Fryer,Beauty,Everline,9576.7
PROD03768,Classic Notebook,Books,Nova,6997.12
PROD03769,Rapid Mouse,Books,Everline,2713.05
PROD03770,Smart Wallet,Toys,Metro,1952.67
PROD03771,Classic Wallet,Books,Nova,8791.46
PROD03772,Smart Blender,Apparel,Sunrise,14447.37
PROD03773,Premium Notebook,Grocery,Everline,5567.93
PROD03774,Smart Wallet,Apparel,Everline,11753.7
PROD03775,Wireless Desk Lamp,Apparel,Vortex,10571.72
PROD03776,Essential Desk Lamp,Beauty,Bright Home,14910.72
PROD03777,Eco Water Bottle,Toys,Everline,13152.6
PROD03778,Classic Yoga Mat,Apparel,Vortex,9108.02
PROD03779,Portable Air Fryer,Apparel,Sunrise,10545.78
PROD03780,Wireless Wallet,Beauty,Metro,14383.34
PROD03781,Deluxe Mouse,Toys,Pixel,6451.35
PROD03782,Wireless T-Shirt,Books,Vortex,5295.04
PROD03783,Smart Yoga Mat,Books,Metro,270.9
PROD03784,Portable Sneakers,Toys,Pixel,13241.16
PROD03785,Smart Desk Lamp,Electronics,Metro,12834.59
PROD03786,Rapid Blender,Toys,Zenith,1759.83
PROD03787,Premium Mouse,Grocery,Metro,9271.03
PROD03788,Rapid Water Bottle,Books,TrueValue,7476.31
PROD03789,Essential Notebook,Toys,Vortex,1986.47
PROD03790,Rapid T-Shirt,Grocery,TrueValue,15690.03
PROD03791,Wireless Sneakers,Beauty,Pixel,3512.66
PROD03792,Rapid Desk Lamp,Sports,Vortex,1168.02
PROD03793,Deluxe Sunglasses,Toys,Urban Craft,9557.07
PROD03794,Essential Water Bottle,Apparel,Metro,11846.98
PROD03795,Portable Sunglasses,Sports,Metro,614.85
PROD03796,Portable Notebook,Toys,Nova,10572.61
PROD03797,Deluxe Backpack,Sports,Pixel,8562.44
PROD03798,Portable Speaker,Apparel,Everline,1740.91
PROD03799,Classic Blender,Home & Kitchen,Urban Craft,2842.13
PROD03800,Portable Notebook,Sports,Zenith,9129.79
PROD03801,Smart Keyboard,Apparel,Metro,4811.09
PROD03802,Deluxe Mouse,Electronics,Bright Home,15018.22
PROD03803,Eco Speaker,Electronics,Nova,13116.97
PROD03804,Eco Sunglasses,Home & Kitchen,Metro,15737.72
PROD03805,Wireless Charger,Beauty,Zenith,4227.77
PROD03806,Smart Notebook,Grocery,Nova,15517.61
PROD03807,Premium Blender,Home & Kitchen,Urban Craft,6955.62
PROD03808,Essential Backpack,Toys,Vortex,5624.55
PROD03809,Eco Backpack,Home & Kitchen,Bright Home,899.56
PROD03810,Premium T-Shirt,Beauty,TrueValue,937.97
PROD03811,Portable Notebook,Sports,Vortex,11101.98
PROD03812,Wireless Notebook,Beauty,Zenith,7380.07
PROD03813,Deluxe Headphones,Apparel,TrueValue,3700.69
PROD03814,Premium Headphones,Beauty,Urban Craft,9861.13
PROD03815,Classic Keyboard,Toys,TrueValue,4119.44
PROD03816,Smart Sunglasses,Grocery,Pixel,9283.34
PROD03817,Deluxe Backpack,Grocery,Urban Craft,5810.42
PROD03818,Deluxe Mouse,Sports,Zenith,13193.48
PROD03819,Smart Sunglasses,Sports,Zenith,13148.07
PROD03820,Essential Headphones,Apparel,Zenith,7688.87
PROD03821,Wireless Speaker,Apparel,Metro,5677.02
PROD03822,Premium Sneakers,Grocery,Nova,5863.7
PROD03823,Wireless Mouse,Grocery,Urban Craft,12909.86
PROD03824,Classic Yoga Mat,Sports,Bright Home,5317.05
PROD03825,Rapid Sneakers,Grocery,Bright Home,3423.04
PROD03826,Wireless Sunglasses,Toys,Urban Craft,1445.54
PROD03827,Compact Blender,Grocery,Pixel,7519.42
PROD03828,Eco Water Bottle,Electronics,Vortex,7764.9
PROD03829,Classic Wallet,Toys,Vortex,13469.45
PROD03830,Classic Sneakers,Electronics,Pixel,3616.7
PROD03831,Classic Speaker,Books,Sunrise,6156.76
PROD03832,Rapid Desk Lamp,Toys,Zenith,12952.65
PROD03833,Deluxe Notebook,Toys,Pixel,13194.62
PROD03834,Compact Yoga Mat,Books,Pixel,6214.32
PROD03835,Portable Keyboard,Home & Kitchen,Nova,7399.07
PROD03836,Eco T-Shirt,Grocery,Metro,4921.25
PROD03837,Compact Mouse,Home & Kitchen,Sunrise,14926.62
PROD03838,Portable Notebook,Grocery,Pixel,1985.44
PROD03839,Eco Wallet,Books,Zenith,14945.62
PROD03840,Essential Blender,Beauty,TrueValue,10972.48
PROD03841,Compact Mouse,Sports,Everline,8551.0
PROD03842,Deluxe Water Bottle,Home & Kitchen,Urban Craft,618.28
PROD03843,Wireless Yoga Mat,Home & Kitchen,Pixel,7660.98
PROD03844,Deluxe Mouse,Home & Kitchen,Vortex,6582.19
PROD03845,Smart T-Shirt,Books,Sunrise,2662.38
PROD03846,Portable Mouse,Beauty,Nova,10535.91
PROD03847,Rapid Blender,Apparel,Pixel,15540.3
PROD03848,Essential Speaker,Sports,TrueValue,9037.8
PROD03849,Rapid Desk Lamp,Sports,Bright Home,11463.58
PROD03850,Classic T-Shirt,Electronics,Pixel,1187.36
PROD03851,Eco T-Shirt,Home & Kitchen,Pixel,6739.91
PROD03852,Deluxe Backpack,Sports,Urban Craft,1949.1
PROD03853,Deluxe Desk Lamp,Home & Kitchen,Sunrise,9842.45
PROD03854,Classic Water Bottle,Home & Kitchen,Vortex,15020.87
PROD03855,Wireless T-Shirt,Apparel,TrueValue,10621.27
PROD03856,Classic Keyboard,Grocery,Urban Craft,1320.17
PROD03857,Portable Backpack,Electronics,Everline,5738.19
PROD03858,Portable T-Shirt,Grocery,Bright Home,8854.55
PROD03859,Eco Sunglasses,Apparel,Everline,6510.0
PROD03860,Classic Mouse,Sports,Bright Home,13353.94
PROD03861,Essential Water Bottle,Beauty,Sunrise,13052.27
PROD03862,Wireless Blender,Books,Bright Home,9827.11
PROD03863,Eco Sunglasses,Toys,Bright Home,6036.98
PROD03864,Portable Notebook,Sports,Sunrise,4158.85
PROD03865,Wireless Mouse,Grocery,Nova,1782.4
PROD03866,Premium Notebook,Beauty,Everline,5741.87
PROD03867,Classic Backpack,Sports,Sunrise,6668.44
PROD03868,Classic Keyboard,Toys,Nova,10844.58
PROD03869,Portable Keyboard,Toys,Nova,10563.74
PROD03870,Eco Sunglasses,Electronics,Nova,1213.72
PROD03871,Wireless Backpack,Home & Kitchen,Everline,6383.62
PROD03872,Classic Desk Lamp,Grocery,Sunrise,2989.28
PROD03873,Eco Yoga Mat,Toys,Metro,2592.32
PROD03874,Classic Desk Lamp,Electronics,Everline,13253.1
PROD03875,Wireless Keyboard,Sports,Pixel,765.45
PROD03876,Wireless Keyboard,Books,Sunrise,6764.01
PROD03877,Classic Keyboard,Apparel,Zenith,2773.44
PROD03878,Wireless Air Fryer,Sports,Everline,14080.35
PROD03879,Eco Desk Lamp,Home & Kitchen,Vortex,8955.94
PROD03880,Portable Desk Lamp,Apparel,Everline,3777.95
PROD03881,Essential Wallet,Electronics,Nova,8087.59
PROD03882,Eco Headphones,Grocery,Zenith,11729.63
PROD03883,Classic Wallet,Beauty,Everline,15333.08
PROD03884,Portable Water Bottle,Home & Kitchen,TrueValue,3604.09
PROD03885,Portable Speaker,Sports,Pixel,14189.29
PROD03886,Wireless Air Fryer,Beauty,Sunrise,14954.44
PROD03887,Rapid Sneakers,Sports,Everline,14670.09
PROD03888,Classic Charger,Books,Vortex,10202.09
PROD03889,Eco Sneakers,Home & Kitchen,Sunrise,10113.15
PROD03890,Portable Wallet,Books,Zenith,6510.05
PROD03891,Eco Keyboard,Toys,Sunrise,12062.13
PROD03892,Premium Headphones,Home & Kitchen,Nova,8546.57
PROD03893,Rapid Keyboard,Books,Vortex,10870.27
PROD03894,Deluxe T-Shirt,Books,Vortex,6911.48
PROD03895,Premium Backpack,Home & Kitchen,Metro,11729.79
PROD03896,Rapid Blender,Books,TrueValue,13208.1
PROD03897,Compact Blender,Beauty,Metro,2427.34
PROD03898,Eco Yoga Mat,Beauty,Zenith,13342.58
PROD03899,Compact Yoga Mat,Beauty,TrueValue,8689.71
PROD03900,Wireless Blender,Grocery,Sunrise,13529.19
PROD03901,Portable T-Shirt,Electronics,Sunrise,6956.7
PROD03902,Essential Mouse,Books,Zenith,6125.74
PROD03903,Classic Notebook,Home & Kitchen,Everline,14648.47
PROD03904,Premium T-Shirt,Apparel,Zenith,4092.59
PROD03905,Wireless Wallet,Books,TrueValue,13521.98
PROD03906,Premium Sunglasses,Toys,TrueValue,7794.93
PROD03907,Classic Backpack,Home & Kitchen,Bright Home,8273.12
PROD03908,Eco Desk Lamp,Apparel,Bright Home,5003.65
PROD03909,Deluxe Sunglasses,Electronics,Zenith,9210.37
PROD03910,Eco Headphones,Books,Metro,5269.86
PROD03911,Premium Keyboard,Electronics,Metro,723.38
PROD03912,Smart Water Bottle,Beauty,Everline,4423.78
PROD03913,Smart Blender,Apparel,TrueValue,200.43
PROD03914,Essential Wallet,Beauty,Zenith,15654.84
PROD03915,Eco Sunglasses,Apparel,Vortex,15454.38
PROD03916,Wireless Water Bottle,Apparel,Zenith,6381.97
PROD03917,Portable Air Fryer,Grocery,Nova,11680.1
PROD03918,Eco Blender,Grocery,Nova,5597.32
PROD03919,Eco Desk Lamp,Apparel,Bright Home,10769.38
PROD03920,Classic Desk Lamp,Beauty,Everline,12905.34
PROD03921,Eco Speaker,Toys,Bright Home,15152.42
PROD03922,Classic Yoga Mat,Beauty,Urban Craft,6462.38
PROD03923,Rapid Water Bottle,Home & Kitchen,Bright Home,12553.44
PROD03924,Classic Air Fryer,Sports,Bright Home,4327.26
PROD03925,Premium Notebook,Electronics,Bright Home,15845.28
PROD03926,Compact Backpack,Books,Sunrise,508.74
PROD03927,Premium Notebook,Toys,Sunrise,9695.11
PROD03928,Deluxe Sneakers,Apparel,Everline,10585.15
PROD03929,Classic Desk Lamp,Electronics,TrueValue,11038.92
PROD03930,Deluxe Water Bottle,Home & Kitchen,Everline,2013.16
PROD03931,Essential Wallet,Toys,Everline,15021.62
PROD03932,Portable Backpack,Apparel,Pixel,2979.81
PROD03933,Classic Air Fryer,Grocery,Bright Home,10000.78
PROD03934,Rapid Air Fryer,Grocery,Pixel,3639.55
PROD03935,Wireless Mouse,Apparel,Vortex,4983.74
PROD03936,Essential Air Fryer,Electronics,Vortex,8787.69
PROD03937,Eco T-Shirt,Home & Kitchen,Bright Home,6732.38
PROD03938,Rapid Desk Lamp,Apparel,Bright Home,2646.59
PROD03939,Eco Notebook,Home & Kitchen,Everline,2816.89
PROD03940,Essential Sneakers,Electronics,Metro,6747.5
PROD03941,Classic Sunglasses,Grocery,Metro,12139.8
PROD03942,Rapid Mouse,Sports,Everline,14376.64
PROD03943,Deluxe Notebook,Electronics,Metro,1436.63
PROD03944,Deluxe Charger,Sports,Metro,6349.35
PROD03945,Deluxe Speaker,Sports,Nova,1692.9
PROD03946,Classic Sunglasses,Beauty,Urban Craft,362.82
PROD03947,Smart Wallet,Toys,Pixel,10620.33
PROD03948,Rapid Keyboard,Books,TrueValue,9677.95
PROD03949,Portable Notebook,Grocery,TrueValue,2691.0
PROD03950,Classic Sneakers,Books,Urban Craft,3816.62
PROD03951,Portable Blender,Electronics,Pixel,475.95
PROD03952,Essential Blender,Books,Sunrise,13374.66
PROD03953,Rapid Wallet,Electronics,Zenith,15596.58
PROD03954,Premium Speaker,Home & Kitchen,Bright Home,2252.81
PROD03955,Compact Wallet,Electronics,Urban Craft,3779.46
PROD03956,Classic Wallet,Beauty,Urban Craft,13906.71
PROD03957,Eco Wallet,Electronics,Bright Home,14829.77
PROD03958,Eco Speaker,Electronics,Bright Home,6771.08
PROD03959,Eco Keyboard,Sports,TrueValue,903.9
PROD03960,Essential Backpack,Beauty,Sunrise,725.33
PROD03961,Essential Blender,Books,TrueValue,9224.8
PROD03962,Essential Headphones,Electronics,Metro,6346.03
PROD03963,Portable Water Bottle,Grocery,Zenith,554.57
PROD03964,Eco Desk Lamp,Home & Kitchen,Sunrise,9372.71
PROD03965,Compact T-Shirt,Grocery,Bright Home,278.71
PROD03966,Essential Headphones,Beauty,Zenith,12618.21
PROD03967,Premium Wallet,Home & Kitchen,TrueValue,4971.28
PROD03968,Eco Sunglasses,Home & Kitchen,Bright Home,739.1
PROD03969,Wireless Yoga Mat,Books,Urban Craft,9453.8
PROD03970,Eco Wallet,Electronics,Sunrise,6422.18
PROD03971,Portable Blender,Sports,Sunrise,15582.43
PROD03972,Wireless Yoga Mat,Toys,Pixel,8751.76
PROD03973,Eco Headphones,Beauty,Bright Home,4475.3
PROD03974,Essential Speaker,Home & Kitchen,Pixel,11379.08
PROD03975,Deluxe Keyboard,Apparel,Everline,4415.72
PROD03976,Classic Desk Lamp,Grocery,Sunrise,14476.47
PROD03977,Deluxe Sunglasses,Grocery,Nova,6057.08
PROD03978,Deluxe Blender,Grocery,Everline,8841.91
PROD03979,Classic Keyboard,Sports,Pixel,903.11
PROD03980,Portable Wallet,Beauty,Pixel,6874.33
PROD03981,Deluxe Keyboard,Sports,Zenith,13333.58
PROD03982,Compact Yoga Mat,Apparel,Everline,12908.82
PROD03983,Wireless Backpack,Grocery,Zenith,3665.67
PROD03984,Portable Yoga Mat,Toys,Pixel,3693.66
PROD03985,Classic Desk Lamp,Grocery,Zenith,13094.15
PROD03986,Essential Air Fryer,Books,Pixel,14892.33
PROD03987,Wireless T-Shirt,Electronics,Everline,1615.24
PROD03988,Deluxe T-Shirt,Grocery,Bright Home,7254.93
PROD03989,Compact Yoga Mat,Home & Kitchen,Zenith,5464.52
PROD03990,Eco Headphones,Books,Zenith,13942.95
PROD03991,Deluxe Desk Lamp,Beauty,Vortex,1427.05
PROD03992,Classic Desk Lamp,Grocery,Nova,3455.9
PROD03993,Portable T-Shirt,Toys,Urban Craft,12063.25
PROD03994,Portable Sunglasses,Books,Vortex,914.57
PROD03995,Eco Speaker,Sports,Sunrise,7930.31
PROD03996,Smart Notebook,Apparel,TrueValue,7128.5
PROD03997,Portable Desk Lamp,Electronics,Vortex,5415.98
PROD03998,Compact Mouse,Sports,Pixel,6372.7
PROD03999,Portable Mouse,Beauty,TrueValue,8525.06
PROD04000,Essential T-Shirt,Home & Kitchen,TrueValue,2664.74
PROD04001,Smart Mouse,Books,Vortex,9193.73
PROD04002,Deluxe Water Bottle,Electronics,Metro,12905.37
PROD04003,Deluxe Sunglasses,Electronics,Pixel,12185.56
PROD04004,Compact Sneakers,Grocery,Vortex,2546.01
PROD04005,Deluxe Charger,Books,Urban Craft,2472.07
PROD04006,Essential T-Shirt,Electronics,Urban Craft,4362.97
PROD04007,Rapid Sunglasses,Grocery,Pixel,5840.09
PROD04008,Wireless Desk Lamp,Grocery,Metro,6593.44
PROD04009,Compact Speaker,Sports,Zenith,10906.19
PROD04010,Eco Mouse,Home & Kitchen,Vortex,1000.22
PROD04011,Smart Speaker,Books,Bright Home,650.3
PROD04012,Eco Mouse,Electronics,Zenith,6330.38
PROD04013,Compact Wallet,Books,Metro,11183.9
PROD04014,Eco Air Fryer,Beauty,Bright Home,3174.62
PROD04015,Classic Water Bottle,Home & Kitchen,Sunrise,10298.92
PROD04016,Essential Air Fryer,Beauty,Urban Craft,4230.27
PROD04017,Smart Yoga Mat,Sports,Urban Craft,14187.77
PROD04018,Wireless Keyboard,Home & Kitchen,Everline,14340.47
PROD04019,Deluxe Charger,Beauty,Sunrise,4825.87
PROD04020,Premium Speaker,Toys,Sunrise,3755.9
PROD04021,Portable Notebook,Home & Kitchen,Everline,6638.73
PROD04022,Deluxe Sunglasses,Apparel,Sunrise,3923.45
PROD04023,Deluxe Desk Lamp,Electronics,TrueValue,10789.9
PROD04024,Compact Desk Lamp,Electronics,Pixel,13233.43
PROD04025,Deluxe Blender,Books,Zenith,10801.16
PROD04026,Eco Air Fryer,Electronics,Pixel,13206.17
PROD04027,Essential Backpack,Grocery,Everline,6411.18
PROD04028,Essential Blender,Sports,Vortex,2584.44
PROD04029,Eco Headphones,Home & Kitchen,TrueValue,11832.42
PROD04030,Eco T-Shirt,Sports,Nova,5830.54
PROD04031,Wireless Sunglasses,Home & Kitchen,Sunrise,10772.21
PROD04032,Compact T-Shirt,Electronics,Vortex,4402.24
PROD04033,Essential Water Bottle,Sports,TrueValue,1390.55
PROD04034,Portable Keyboard,Home & Kitchen,Vortex,15881.05
PROD04035,Premium Charger,Apparel,TrueValue,2582.6
PROD04036,Essential Backpack,Sports,Nova,15814.89
PROD04037,Portable Speaker,Books,Vortex,15637.75
PROD04038,Essential Sunglasses,Apparel,Pixel,12720.71
PROD04039,Rapid Keyboard,Beauty,Metro,10583.83
PROD04040,Deluxe Sneakers,Electronics,Vortex,9286.13
PROD04041,Smart Keyboard,Beauty,Urban Craft,13870.01
PROD04042,Deluxe Keyboard,Toys,Metro,4701.09
PROD04043,Wireless Backpack,Electronics,Bright Home,7535.13
PROD04044,Smart Headphones,Beauty,Zenith,9947.3
PROD04045,Classic Mouse,Books,Vortex,6636.93
PROD04046,Compact Headphones,Beauty,Everline,6896.03
PROD04047,Deluxe Air Fryer,Sports,Bright Home,5350.53
PROD04048,Smart Water Bottle,Sports,Everline,9070.29
PROD04049,Eco Water Bottle,Sports,Vortex,13623.13
PROD04050,Classic Air Fryer,Grocery,Vortex,3303.3
PROD04051,Premium Mouse,Books,Metro,14956.49
PROD04052,Premium Charger,Home & Kitchen,Metro,11055.49
PROD04053,Essential Yoga Mat,Apparel,Nova,13189.04
PROD04054,Essential Blender,Beauty,Bright Home,8942.43
PROD04055,Premium Water Bottle,Electronics,Zenith,12493.32
PROD04056,Essential Air Fryer,Sports,Sunrise,356.59
PROD04057,Eco Desk Lamp,Toys,Pixel,13111.25
PROD04058,Wireless Notebook,Beauty,TrueValue,737.21
PROD04059,Premium Blender,Grocery,TrueValue,14248.62
PROD04060,Rapid Sneakers,Grocery,Urban Craft,15871.21
PROD04061,Rapid Wallet,Home & Kitchen,Everline,4774.67
PROD04062,Essential Blender,Sports,Zenith,3443.07
PROD04063,Classic Speaker,Home & Kitchen,Zenith,12268.28
PROD04064,Portable Yoga Mat,Grocery,Sunrise,4122.12
PROD04065,Premium Backpack,Electronics,Nova,13861.44
PROD04066,Compact Mouse,Home & Kitchen,Metro,1734.2
PROD04067,Smart Notebook,Grocery,Everline,2101.69
PROD04068,Essential Keyboard,Books,TrueValue,15667.51
PROD04069,Portable Charger,Books,Everline,10813.04
PROD04070,Eco Speaker,Toys,Everline,13564.51
PROD04071,Essential Desk Lamp,Toys,Zenith,5255.84
PROD04072,Compact Headphones,Electronics,Metro,10855.09
PROD04073,Essential Air Fryer,Sports,Urban Craft,9547.45
PROD04074,Smart Headphones,Apparel,TrueValue,9689.09
PROD04075,Deluxe Yoga Mat,Grocery,Zenith,10951.27
PROD04076,Classic Water Bottle,Sports,Everline,9247.21
PROD04077,Rapid Air Fryer,Books,Urban Craft,6921.09
PROD04078,Eco Notebook,Electronics,Sunrise,4486.17
PROD04079,Deluxe Sunglasses,Beauty,Bright Home,12319.44
PROD04080,Smart Air Fryer,Home & Kitchen,Pixel,3696.73
PROD04081,Rapid T-Shirt,Beauty,TrueValue,11107.43
PROD04082,Wireless Notebook,Apparel,Sunrise,3808.99
PROD04083,Wireless Water Bottle,Electronics,TrueValue,10041.75
PROD04084,Deluxe Sunglasses,Electronics,Nova,11977.54
PROD04085,Compact Backpack,Apparel,Zenith,3576.55
PROD04086,Deluxe Headphones,Sports,Bright Home,1052.1
PROD04087,Premium Charger,Sports,Zenith,2181.48
PROD04088,Compact Yoga Mat,Toys,Vortex,9734.35
PROD04089,Wireless T-Shirt,Home & Kitchen,Nova,13605.2
PROD04090,Portable Headphones,Electronics,Bright Home,814.45
PROD04091,Compact Speaker,Home & Kitchen,TrueValue,11772.01
PROD04092,Deluxe Sneakers,Toys,Metro,5525.97
PROD04093,Classic Air Fryer,Electronics,Zenith,7707.6
PROD04094,Rapid Notebook,Home & Kitchen,TrueValue,14867.87
PROD04095,Deluxe Sneakers,Toys,TrueValue,5377.35
PROD04096,Eco Wallet,Toys,Everline,7497.86
PROD04097,Deluxe Notebook,Home & Kitchen,Pixel,316.55
PROD04098,Rapid Desk Lamp,Grocery,Pixel,1396.42
PROD04099,Essential Backpack,Apparel,Vortex,4210.61
PROD04100,Compact Speaker,Electronics,Everline,541.85
PROD04101,Deluxe Water Bottle,Sports,Urban Craft,10137.87
PROD04102,Rapid Sunglasses,Books,Nova,6878.73
PROD04103,Deluxe Desk Lamp,Beauty,Zenith,8814.51
PROD04104,Deluxe Charger,Sports,Everline,2875.89
PROD04105,Essential Backpack,Home & Kitchen,Bright Home,4804.32
PROD04106,Wireless Air Fryer,Electronics,Metro,10653.81
PROD04107,Wireless Wallet,Toys,Zenith,15447.31
PROD04108,Eco Water Bottle,Beauty,TrueValue,900.63
PROD04109,Essential Charger,Toys,Bright Home,14256.11
PROD04110,Essential Charger,Grocery,Zenith,9271.41
PROD04111,Portable Water Bottle,Home & Kitchen,Bright Home,9065.32
PROD04112,Classic Blender,Beauty,TrueValue,8053.43
PROD04113,Portable Sunglasses,Electronics,Zenith,1202.37
PROD04114,Smart Backpack,Sports,Everline,1528.04
PROD04115,Rapid Keyboard,Grocery,Vortex,9653.5
PROD04116,Compact Mouse,Beauty,Pixel,5520.24
PROD04117,Classic Mouse,Electronics,Pixel,14683.56
PROD04118,Classic Backpack,Sports,Vortex,6563.79
PROD04119,Wireless Wallet,Electronics,Bright Home,2377.18
PROD04120,Premium Backpack,Grocery,Sunrise,11463.03
PROD04121,Compact Desk Lamp,Grocery,TrueValue,4763.32
PROD04122,Smart Notebook,Home & Kitchen,Nova,8453.98
PROD04123,Deluxe Keyboard,Books,Metro,11194.54
PROD04124,Compact Speaker,Grocery,Zenith,14413.2
PROD04125,Portable Wallet,Toys,Pixel,12694.84
PROD04126,Rapid Blender,Electronics,TrueValue,10853.14
PROD04127,Classic Charger,Electronics,Zenith,10905.17
PROD04128,Smart Yoga Mat,Electronics,Vortex,15139.2
PROD04129,Portable Mouse,Beauty,Sunrise,4802.6
PROD04130,Premium Headphones,Sports,Zenith,116.68
PROD04131,Portable Headphones,Beauty,Nova,4423.08
PROD04132,Premium Backpack,Grocery,Metro,3563.47
PROD04133,Wireless Blender,Apparel,Nova,10622.17
PROD04134,Portable Air Fryer,Home & Kitchen,Vortex,10175.01
PROD04135,Portable Charger,Beauty,Zenith,9535.04
PROD04136,Deluxe Notebook,Grocery,Metro,357.27
PROD04137,Premium Notebook,Electronics,Everline,11686.57
PROD04138,Deluxe Keyboard,Beauty,Vortex,5243.13
PROD04139,Wireless Backpack,Sports,Zenith,10673.39
PROD04140,Deluxe Desk Lamp,Apparel,TrueValue,8948.6
PROD04141,Essential Headphones,Sports,Everline,5548.42
PROD04142,Premium Wallet,Sports,Zenith,2238.76
PROD04143,Portable Speaker,Home & Kitchen,TrueValue,1600.26
PROD04144,Wireless Sunglasses,Books,Metro,13320.14
PROD04145,Smart Mouse,Apparel,Everline,14701.52
PROD04146,Compact Blender,Sports,Zenith,10430.63
PROD04147,Deluxe Headphones,Sports,TrueValue,1743.6
PROD04148,Deluxe Headphones,Books,Metro,6491.23
PROD04149,Smart Sunglasses,Grocery,Everline,11689.13
PROD04150,Wireless Backpack,Beauty,Everline,12498.15
PROD04151,Wireless Blender,Beauty,Sunrise,1978.68
PROD04152,Classic Water Bottle,Grocery,Pixel,99.49
PROD04153,Eco Water Bottle,Apparel,Sunrise,11421.98
PROD04154,Premium Water Bottle,Toys,Vortex,5768.88
PROD04155,Compact Desk Lamp,Electronics,Pixel,4145.25
PROD04156,Wireless Mouse,Grocery,Bright Home,304.07
PROD04157,Eco Backpack,Electronics,Sunrise,8689.76
PROD04158,Smart Charger,Home & Kitchen,Nova,13632.3
PROD04159,Portable Desk Lamp,Apparel,Vortex,15325.34
PROD04160,Essential Speaker,Grocery,Urban Craft,9094.34
PROD04161,Eco Keyboard,Sports,Metro,8278.94
PROD04162,Compact T-Shirt,Apparel,Bright Home,1451.4
PROD04163,Premium Desk Lamp,Beauty,Bright Home,8826.08
PROD04164,Smart T-Shirt,Grocery,Zenith,6140.67
PROD04165,Rapid Keyboard,Toys,Sunrise,9752.45
PROD04166,Classic Sunglasses,Books,Nova,6279.75
PROD04167,Premium Backpack,Grocery,Sunrise,3919.76
PROD04168,Rapid Mouse,Grocery,TrueValue,1608.95
PROD04169,Wireless Air Fryer,Grocery,Pixel,5106.2
PROD04170,Portable Keyboard,Beauty,Sunrise,1635.65
PROD04171,Premium T-Shirt,Home & Kitchen,Sunrise,2911.66
PROD04172,Smart Backpack,Apparel,Zenith,15797.64
PROD04173,Premium T-Shirt,Beauty,Bright Home,7160.25
PROD04174,Essential Speaker,Electronics,Sunrise,8555.76
PROD04175,Wireless Sneakers,Books,TrueValue,13989.53
PROD04176,Deluxe Charger,Sports,Sunrise,15928.55
PROD04177,Essential Headphones,Apparel,Urban Craft,9364.16
PROD04178,Classic Sunglasses,Books,Vortex,13017.33
PROD04179,Deluxe Speaker,Grocery,Urban Craft,5297.36
PROD04180,Eco Keyboard,Apparel,Pixel,4960.33
PROD04181,Portable Desk Lamp,Grocery,Nova,6501.99
PROD04182,Rapid T-Shirt,Books,Metro,10791.87
PROD04183,Eco Sneakers,Books,Metro,10945.85
PROD04184,Portable Sunglasses,Beauty,Nova,5111.31
PROD04185,Portable Mouse,Grocery,Vortex,2217.04
PROD04186,Classic Water Bottle,Electronics,Nova,10154.1
PROD04187,Compact Air Fryer,Electronics,TrueValue,2139.38
PROD04188,Eco Desk Lamp,Grocery,Bright Home,9297.03
PROD04189,Wireless Charger,Grocery,TrueValue,11124.41
PROD04190,Essential Desk Lamp,Apparel,TrueValue,11238.72
PROD04191,Rapid Speaker,Home & Kitchen,Everline,12079.21
PROD04192,Premium Sunglasses,Home & Kitchen,Nova,13977.46
PROD04193,Portable Desk Lamp,Electronics,Pixel,8048.35
PROD04194,Premium Water Bottle,Grocery,Nova,11709.96
PROD04195,Deluxe Sunglasses,Books,Nova,9943.85
PROD04196,Premium Blender,Toys,Bright Home,3066.58
PROD04197,Classic Blender,Books,Nova,507.47
PROD04198,Eco Keyboard,Sports,TrueValue,4623.21
PROD04199,Portable Mouse,Sports,Everline,7143.24
PROD04200,Premium Sunglasses,Books,Zenith,9910.98
PROD04201,Portable Yoga Mat,Toys,Metro,13613.35
PROD04202,Deluxe Keyboard,Home & Kitchen,Metro,3219.31
PROD04203,Rapid Water Bottle,Apparel,Nova,2095.24
PROD04204,Eco Sunglasses,Home & Kitchen,Sunrise,15418.33
PROD04205,Rapid Charger,Home & Kitchen,Zenith,1816.91
PROD04206,Portable Keyboard,Books,Sunrise,7707.01
PROD04207,Classic Desk Lamp,Beauty,Vortex,9409.46
PROD04208,Classic Backpack,Grocery,Pixel,8706.85
PROD04209,Classic Desk Lamp,Beauty,Pixel,1466.91
PROD04210,Compact Desk Lamp,Home & Kitchen,Nova,1005.73
PROD04211,Compact Charger,Beauty,Nova,1776.19
PROD04212,Deluxe Mouse,Beauty,Urban Craft,9409.84
PROD04213,Rapid Keyboard,Books,Vortex,8754.08
PROD04214,Portable Keyboard,Apparel,Bright Home,3815.48
PROD04215,Premium T-Shirt,Apparel,Pixel,10239.61
PROD04216,Premium Notebook,Electronics,Urban Craft,13138.07
PROD04217,Deluxe Speaker,Toys,Vortex,760.11
PROD04218,Compact Speaker,Beauty,Urban Craft,8019.27
PROD04219,Rapid Desk Lamp,Electronics,Urban Craft,11059.04
PROD04220,Essential Wallet,Sports,Pixel,4110.76
PROD04221,Wireless Air Fryer,Home & Kitchen,Vortex,4992.56
PROD04222,Compact Desk Lamp,Electronics,Pixel,9855.84
PROD04223,Premium Speaker,Sports,Bright Home,14376.17
PROD04224,Essential Blender,Sports,Metro,12976.8
PROD04225,Classic Sneakers,Electronics,Everline,9370.77
PROD04226,Wireless Wallet,Beauty,Nova,11709.53
PROD04227,Eco Backpack,Apparel,TrueValue,5899.68
PROD04228,Deluxe Mouse,Grocery,Pixel,10290.35
PROD04229,Wireless Speaker,Books,Urban Craft,7511.29
PROD04230,Rapid Backpack,Home & Kitchen,Bright Home,3118.98
PROD04231,Classic Notebook,Books,Nova,11256.64
PROD04232,Eco Yoga Mat,Apparel,Everline,8946.79
PROD04233,Essential Sunglasses,Sports,Metro,5801.08
PROD04234,Compact Notebook,Toys,Nova,14589.29
PROD04235,Essential Wallet,Toys,TrueValue,431.85
PROD04236,Eco Speaker,Apparel,Vortex,5119.79
PROD04237,Premium Keyboard,Grocery,Pixel,1003.41
PROD04238,Portable Desk Lamp,Electronics,Everline,12286.78
PROD04239,Premium Wallet,Toys,Pixel,11262.51
PROD04240,Premium T-Shirt,Apparel,Everline,5367.5
PROD04241,Wireless Mouse,Toys,Urban Craft,10842.04
PROD04242,Deluxe Speaker,Beauty,Urban Craft,6394.4
PROD04243,Wireless Backpack,Grocery,Bright Home,12123.44
PROD04244,Deluxe Yoga Mat,Electronics,Everline,7320.52
PROD04245,Premium Mouse,Sports,TrueValue,6654.25
PROD04246,Wireless Wallet,Grocery,Metro,14961.21
PROD04247,Deluxe Desk Lamp,Sports,Pixel,4087.98
PROD04248,Compact Air Fryer,Toys,Nova,2014.11
PROD04249,Portable Yoga Mat,Grocery,Everline,9393.24
PROD04250,Deluxe Speaker,Sports,Pixel,15511.22
PROD04251,Premium Speaker,Sports,Metro,6106.64
PROD04252,Deluxe Sunglasses,Sports,Vortex,1085.38
PROD04253,Wireless Speaker,Grocery,Pixel,5493.95
PROD04254,Eco Sunglasses,Beauty,TrueValue,8143.31
PROD04255,Compact Backpack,Sports,Everline,2673.58
PROD04256,Essential Water Bottle,Sports,Zenith,10562.83
PROD04257,Compact Notebook,Apparel,Pixel,15963.22
PROD04258,Classic Blender,Books,Everline,7281.66
PROD04259,Classic Headphones,Beauty,Metro,5739.18
PROD04260,Wireless Sneakers,Home & Kitchen,Metro,6470.2
PROD04261,Premium Yoga Mat,Sports,Bright Home,1929.82
PROD04262,Compact Wallet,Apparel,TrueValue,14143.05
PROD04263,Compact Yoga Mat,Apparel,Urban Craft,6694.73
PROD04264,Essential Sunglasses,Grocery,Bright Home,6256.66
PROD04265,Rapid Notebook,Toys,Nova,10588.08
PROD04266,Smart Speaker,Home & Kitchen,Bright Home,7127.33
PROD04267,Deluxe Desk Lamp,Apparel,Nova,10405.91
PROD04268,Wireless Blender,Beauty,Nova,1076.0
PROD04269,Compact Keyboard,Apparel,Metro,13037.2
PROD04270,Portable Desk Lamp,Beauty,Sunrise,15053.01
PROD04271,Classic Wallet,Toys,Metro,10414.37
PROD04272,Eco Mouse,Apparel,Vortex,15276.6
PROD04273,Premium Water Bottle,Electronics,Urban Craft,2506.77
PROD04274,Compact T-Shirt,Apparel,Vortex,7689.92
PROD04275,Eco Sneakers,Electronics,TrueValue,9667.73
PROD04276,Wireless Headphones,Apparel,Nova,9348.61
PROD04277,Eco Blender,Grocery,Everline,6482.24
PROD04278,Wireless Keyboard,Toys,Zenith,5474.54
PROD04279,Compact Yoga Mat,Apparel,TrueValue,2115.5
PROD04280,Deluxe Keyboard,Books,Pixel,6327.7
PROD04281,Premium Charger,Sports,Zenith,2685.31
PROD04282,Compact Keyboard,Grocery,Bright Home,11775.41
PROD04283,Eco Notebook,Home & Kitchen,TrueValue,3419.41
PROD04284,Deluxe Keyboard,Beauty,Zenith,1030.19
PROD04285,Smart Yoga Mat,Apparel,Zenith,8881.62
PROD04286,Portable Yoga Mat,Electronics,Metro,9563.15
PROD04287,Essential Blender,Beauty,Metro,13962.42
PROD04288,Portable Blender,Sports,Zenith,9273.01
PROD04289,Eco Wallet,Toys,Pixel,5592.15
PROD04290,Eco Backpack,Grocery,Bright Home,12866.89
PROD04291,Eco Speaker,Home & Kitchen,Everline,8689.43
PROD04292,Compact Charger,Grocery,Bright Home,1359.56
PROD04293,Portable Charger,Beauty,TrueValue,9096.02
PROD04294,Smart Charger,Sports,Nova,14536.49
PROD04295,Wireless Sneakers,Books,Urban Craft,6400.37
PROD04296,Portable Notebook,Apparel,Everline,4810.58
PROD04297,Eco Sunglasses,Sports,TrueValue,2380.16
PROD04298,Smart Sneakers,Home & Kitchen,Urban Craft,2506.98
PROD04299,Wireless Sneakers,Electronics,Bright Home,6980.07
PROD04300,Compact T-Shirt,Home & Kitchen,Nova,9570.31
PROD04301,Classic Yoga Mat,Electronics,Nova,1380.78
PROD04302,Wireless Mouse,Apparel,Bright Home,15038.14
PROD04303,Eco Desk Lamp,Beauty,Urban Craft,12105.62
PROD04304,Wireless Wallet,Grocery,Sunrise,9426.32
PROD04305,Rapid Wallet,Home & Kitchen,Metro,13271.17
PROD04306,Smart Sunglasses,Electronics,Urban Craft,1373.97
PROD04307,Premium Headphones,Electronics,Urban Craft,7680.74
PROD04308,Classic Blender,Grocery,Pixel,10117.48
PROD04309,Wireless Keyboard,Grocery,Sunrise,13274.58
PROD04310,Wireless Speaker,Home & Kitchen,TrueValue,12556.17
PROD04311,Eco T-Shirt,Grocery,Pixel,4504.4
PROD04312,Rapid Air Fryer,Beauty,Everline,15058.99
PROD04313,Rapid Air Fryer,Books,Vortex,2076.1
PROD04314,Smart Notebook,Beauty,Metro,14013.62
PROD04315,Wireless Mouse,Beauty,Metro,15536.95
PROD04316,Classic Speaker,Apparel,Pixel,2915.74
PROD04317,Wireless Notebook,Grocery,Sunrise,11579.85
PROD04318,Portable Speaker,Beauty,Metro,739.54
PROD04319,Wireless Sunglasses,Home & Kitchen,Everline,6545.22
PROD04320,Wireless Charger,Toys,Metro,8307.9
PROD04321,Classic Notebook,Toys,TrueValue,9331.26
PROD04322,Deluxe Yoga Mat,Electronics,Everline,14980.4
PROD04323,Essential Mouse,Sports,Sunrise,10787.79
PROD04324,Classic Air Fryer,Sports,Metro,7751.32
PROD04325,Deluxe Keyboard,Apparel,Urban Craft,12972.83
PROD04326,Portable Notebook,Apparel,Urban Craft,15212.47
PROD04327,Wireless Desk Lamp,Toys,Everline,449.85
PROD04328,Deluxe Mouse,Toys,Zenith,15721.09
PROD04329,Compact Sunglasses,Electronics,Vortex,1468.5
PROD04330,Rapid Mouse,Apparel,TrueValue,13047.75
PROD04331,Compact Wallet,Books,Vortex,4556.32
PROD04332,Eco Desk Lamp,Electronics,Everline,2200.66
PROD04333,Portable Blender,Beauty,Urban Craft,7092.7
PROD04334,Smart Mouse,Toys,Metro,10337.91
PROD04335,Wireless T-Shirt,Books,TrueValue,6156.13
PROD04336,Wireless Blender,Toys,Metro,966.59
PROD04337,Essential T-Shirt,Toys,Vortex,9630.43
PROD04338,Deluxe T-Shirt,Apparel,Vortex,14447.21
PROD04339,Classic Sunglasses,Sports,Everline,6192.12
PROD04340,Smart Mouse,Books,Bright Home,3538.69
PROD04341,Rapid Air Fryer,Books,Everline,7135.98
PROD04342,Compact Sunglasses,Beauty,Everline,867.97
PROD04343,Classic Mouse,Grocery,Zenith,13144.75
PROD04344,Eco Water Bottle,Grocery,Urban Craft,13237.82
PROD04345,Rapid Water Bottle,Home & Kitchen,Sunrise,9448.21
PROD04346,Rapid T-Shirt,Sports,Sunrise,5713.34
PROD04347,Wireless Wallet,Electronics,Metro,12815.56
PROD04348,Compact Yoga Mat,Toys,Everline,8918.52
PROD04349,Portable Notebook,Books,Bright Home,13231.32
PROD04350,Compact Mouse,Beauty,Pixel,10139.19
PROD04351,Portable Sneakers,Books,Sunrise,12571.05
PROD04352,Rapid Yoga Mat,Toys,Pixel,9616.15
PROD04353,Premium T-Shirt,Apparel,Bright Home,6683.84
PROD04354,Portable Keyboard,Toys,Vortex,15330.34
PROD04355,Premium Headphones,Books,Bright Home,8702.71
PROD04356,Portable Water Bottle,Home & Kitchen,Bright Home,9719.92
PROD04357,Classic Wallet,Home & Kitchen,Everline,3604.75
PROD04358,Premium Backpack,Books,Vortex,10046.85
PROD04359,Deluxe Sunglasses,Electronics,Nova,9187.56
PROD04360,Portable Mouse,Electronics,Pixel,3037.93
PROD04361,Portable Blender,Toys,Zenith,1046.43
PROD04362,Smart Blender,Grocery,Nova,9708.31
PROD04363,Rapid Desk Lamp,Grocery,Zenith,12241.71
PROD04364,Premium Mouse,Beauty,Urban Craft,8421.08
PROD04365,Portable Backpack,Toys,Urban Craft,3704.68
PROD04366,Classic Blender,Sports,Zenith,10696.7
PROD04367,Compact Mouse,Electronics,Pixel,1372.68
PROD04368,Wireless Sunglasses,Sports,Pixel,7124.16
PROD04369,Classic Keyboard,Apparel,Sunrise,2696.53
PROD04370,Classic Yoga Mat,Apparel,Vortex,3031.9
PROD04371,Premium T-Shirt,Electronics,Everline,3315.47
PROD04372,Eco Headphones,Grocery,Pixel,6247.64
PROD04373,Smart Sneakers,Grocery,TrueValue,912.29
PROD04374,Deluxe Speaker,Apparel,Urban Craft,6423.92
PROD04375,Essential Sneakers,Toys,Zenith,8235.15
PROD04376,Eco Desk Lamp,Electronics,TrueValue,7783.38
PROD04377,Deluxe Notebook,Beauty,TrueValue,6185.27
PROD04378,Rapid Wallet,Apparel,Sunrise,13441.43
PROD04379,Essential Headphones,Apparel,Pixel,2409.69
PROD04380,Wireless Sneakers,Sports,Everline,8139.58
PROD04381,Portable Water Bottle,Home & Kitchen,TrueValue,1085.46
PROD04382,Smart Keyboard,Home & Kitchen,Everline,1230.38
PROD04383,Eco Keyboard,Apparel,Vortex,9223.47
PROD04384,Portable Speaker,Home & Kitchen,TrueValue,9098.69
PROD04385,Smart Speaker,Grocery,Metro,14059.73
PROD04386,Wireless Wallet,Beauty,Sunrise,8969.19
PROD04387,Premium Sneakers,Home & Kitchen,Sunrise,15359.68
PROD04388,Classic Blender,Home & Kitchen,Pixel,873.25
PROD04389,Smart Sunglasses,Grocery,Metro,1657.32
PROD04390,Smart Air Fryer,Books,Bright Home,799.65
PROD04391,Essential Backpack,Grocery,Sunrise,3044.9
PROD04392,Compact T-Shirt,Books,Pixel,8705.19
PROD04393,Rapid Backpack,Books,Sunrise,10363.6
PROD04394,Essential Notebook,Toys,Urban Craft,823.8
PROD04395,Eco Charger,Beauty,Everline,15139.94
PROD04396,Essential Air Fryer,Beauty,Urban Craft,13489.43
PROD04397,Smart Speaker,Books,Everline,4815.14
PROD04398,Classic Headphones,Toys,TrueValue,1326.28
PROD04399,Eco Yoga Mat,Electronics,Pixel,2800.2
PROD04400,Smart Backpack,Toys,Nova,2117.42
PROD04401,Classic T-Shirt,Grocery,Metro,2059.21
PROD04402,Essential Desk Lamp,Grocery,Pixel,8344.13
PROD04403,Portable Speaker,Sports,Everline,4007.97
PROD04404,Rapid Blender,Grocery,Pixel,5793.42
PROD04405,Portable Keyboard,Grocery,Everline,15832.13
PROD04406,Rapid T-Shirt,Grocery,Urban Craft,10979.6
PROD04407,Premium Air Fryer,Sports,Zenith,15187.79
PROD04408,Eco Notebook,Toys,Everline,2365.65
PROD04409,Premium Wallet,Toys,Zenith,6175.02
PROD04410,Essential Sunglasses,Apparel,Vortex,8919.24
PROD04411,Eco Notebook,Home & Kitchen,Pixel,1319.45
PROD04412,Smart Keyboard,Electronics,TrueValue,165.58
PROD04413,Compact Headphones,Home & Kitchen,Bright Home,10758.91
PROD04414,Wireless Desk Lamp,Toys,Bright Home,10303.93
PROD04415,Compact Headphones,Grocery,Nova,6630.54
PROD04416,Smart Notebook,Sports,Bright Home,7884.34
PROD04417,Rapid Notebook,Sports,Sunrise,6704.54
PROD04418,Premium Charger,Books,Metro,480.68
PROD04419,Wireless Sneakers,Electronics,Metro,5431.41
PROD04420,Portable Mouse,Apparel,Urban Craft,2914.61
PROD04421,Essential Sneakers,Books,TrueValue,1663.94
PROD04422,Deluxe Mouse,Beauty,Vortex,15310.85
PROD04423,Classic Mouse,Apparel,Zenith,9628.82
PROD04424,Wireless Air Fryer,Home & Kitchen,Everline,11684.63
PROD04425,Smart Speaker,Books,Vortex,5113.28
PROD04426,Eco Speaker,Apparel,Everline,6350.04
PROD04427,Rapid Air Fryer,Beauty,Bright Home,3866.09
PROD04428,Deluxe Keyboard,Sports,Zenith,1640.75
PROD04429,Deluxe Sneakers,Beauty,Nova,2945.6
PROD04430,Eco Keyboard,Books,Sunrise,12779.47
PROD04431,Compact Wallet,Home & Kitchen,Nova,10871.98
PROD04432,Portable Sunglasses,Toys,Zenith,8795.17
PROD04433,Rapid Speaker,Grocery,Nova,7652.93
PROD04434,Eco Headphones,Beauty,Pixel,14765.71
PROD04435,Eco Mouse,Toys,Nova,1255.49
PROD04436,Portable Headphones,Toys,Urban Craft,4560.55
PROD04437,Deluxe Headphones,Sports,Urban Craft,5663.01
PROD04438,Rapid Keyboard,Electronics,Zenith,12539.57
PROD04439,Rapid Sneakers,Electronics,Urban Craft,15879.98
PROD04440,Smart Headphones,Sports,Pixel,3925.66
PROD04441,Wireless Wallet,Toys,Metro,14000.49
PROD04442,Wireless Backpack,Grocery,Everline,13305.9
PROD04443,Essential Water Bottle,Grocery,Everline,3671.05
PROD04444,Classic Wallet,Toys,Zenith,6448.39
PROD04445,Deluxe Keyboard,Beauty,Urban Craft,6612.8
PROD04446,Deluxe Yoga Mat,Beauty,Zenith,15652.71
PROD04447,Premium Charger,Beauty,Bright Home,2975.18
PROD04448,Compact Blender,Electronics,Metro,12805.61
PROD04449,Wireless Speaker,Electronics,Sunrise,5412.66
PROD04450,Smart Charger,Apparel,Pixel,11719.84
PROD04451,Deluxe Water Bottle,Toys,Urban Craft,6777.17
PROD04452,Rapid Backpack,Beauty,Pixel,9294.92
PROD04453,Eco Charger,Beauty,Urban Craft,13337.53
PROD04454,Wireless Mouse,Apparel,Sunrise,12885.23
PROD04455,Eco Charger,Beauty,Everline,13875.13
PROD04456,Rapid Backpack,Beauty,TrueValue,1046.92
PROD04457,Compact Sunglasses,Home & Kitchen,Zenith,11102.6
PROD04458,Essential Keyboard,Toys,TrueValue,2324.8
PROD04459,Classic Water Bottle,Home & Kitchen,Urban Craft,6710.52
PROD04460,Portable Water Bottle,Books,Urban Craft,8821.56
PROD04461,Rapid Desk Lamp,Books,Bright Home,6502.56
PROD04462,Eco T-Shirt,Books,Pixel,8360.83
PROD04463,Rapid Mouse,Electronics,Urban Craft,15943.77
PROD04464,Eco Backpack,Beauty,Bright Home,2248.96
PROD04465,Deluxe Sneakers,Beauty,Urban Craft,10838.75
PROD04466,Compact Air Fryer,Books,Zenith,6395.42
PROD04467,Premium Wallet,Toys,TrueValue,2213.86
PROD04468,Essential Wallet,Grocery,TrueValue,2622.91
PROD04469,Wireless Headphones,Grocery,Everline,15192.44
PROD04470,Premium Keyboard,Grocery,Pixel,14084.66
PROD04471,Rapid Keyboard,Books,Vortex,14520.97
PROD04472,Rapid Headphones,Grocery,Zenith,15864.37
PROD04473,Classic Mouse,Apparel,Everline,3411.21
PROD04474,Essential Yoga Mat,Toys,Nova,5750.49
PROD04475,Classic Desk Lamp,Toys,TrueValue,10739.58
PROD04476,Rapid Wallet,Home & Kitchen,Everline,7791.46
PROD04477,Rapid Keyboard,Beauty,Zenith,6751.39
PROD04478,Classic Notebook,Toys,Metro,5788.2
PROD04479,Smart Desk Lamp,Toys,Bright Home,9540.11
PROD04480,Eco T-Shirt,Beauty,Vortex,9250.94
PROD04481,Rapid Charger,Books,Sunrise,2666.18
PROD04482,Deluxe Sneakers,Toys,Vortex,7599.66
PROD04483,Eco Keyboard,Beauty,Vortex,8899.2
PROD04484,Compact Blender,Sports,Sunrise,9166.56
PROD04485,Smart Backpack,Apparel,Sunrise,3439.7
PROD04486,Rapid Mouse,Toys,Nova,11901.12
PROD04487,Eco Speaker,Home & Kitchen,Zenith,499.67
PROD04488,Eco Air Fryer,Home & Kitchen,Zenith,5740.83
PROD04489,Wireless T-Shirt,Grocery,Everline,12504.38
PROD04490,Essential Sunglasses,Grocery,Metro,9064.9
PROD04491,Classic Notebook,Sports,Zenith,4251.48
PROD04492,Wireless Sunglasses,Books,Pixel,11148.75
PROD04493,Rapid Mouse,Toys,Urban Craft,9120.52
PROD04494,Smart Wallet,Sports,Bright Home,12759.27
PROD04495,Rapid Water Bottle,Beauty,Sunrise,11785.9
PROD04496,Portable Notebook,Grocery,TrueValue,9799.72
PROD04497,Deluxe Blender,Home & Kitchen,Urban Craft,7861.03
PROD04498,Compact Speaker,Sports,Pixel,2216.6
PROD04499,Rapid Sunglasses,Beauty,Urban Craft,4254.19
PROD04500,Wireless Air Fryer,Sports,Bright Home,6762.68
PROD04501,Premium T-Shirt,Sports,Pixel,9627.86
PROD04502,Portable Sunglasses,Toys,Everline,8266.95
PROD04503,Rapid Blender,Toys,Everline,4681.13
PROD04504,Smart Wallet,Electronics,TrueValue,201.78
PROD04505,Smart Backpack,Toys,Bright Home,7989.2
PROD04506,Classic Water Bottle,Electronics,Metro,4640.45
PROD04507,Premium Sunglasses,Toys,Nova,11779.27
PROD04508,Portable Charger,Toys,Pixel,479.75
PROD04509,Compact Desk Lamp,Electronics,Pixel,9397.76
PROD04510,Deluxe Desk Lamp,Beauty,Bright Home,15068.44
PROD04511,Classic Notebook,Sports,Metro,2872.11
PROD04512,Smart Blender,Sports,Pixel,7598.23
PROD04513,Deluxe Water Bottle,Home & Kitchen,Zenith,1552.61
PROD04514,Deluxe Notebook,Electronics,Nova,10047.34
PROD04515,Wireless Yoga Mat,Electronics,Everline,8852.45
PROD04516,Essential Sunglasses,Grocery,Vortex,6576.11
PROD04517,Eco Speaker,Toys,Zenith,8388.89
PROD04518,Compact Keyboard,Home & Kitchen,Metro,14354.54
PROD04519,Rapid Air Fryer,Grocery,Vortex,3220.08
PROD04520,Wireless Wallet,Beauty,Pixel,457.78
PROD04521,Rapid Desk Lamp,Grocery,Urban Craft,13799.47
PROD04522,Eco Desk Lamp,Apparel,Pixel,9275.16
PROD04523,Wireless Blender,Toys,Sunrise,14260.47
PROD04524,Portable Wallet,Apparel,Zenith,9590.43
PROD04525,Deluxe Air Fryer,Sports,Everline,12980.56
PROD04526,Eco Charger,Apparel,TrueValue,6930.81
PROD04527,Compact Blender,Grocery,Everline,12021.77
PROD04528,Essential Sunglasses,Apparel,Everline,14616.36
PROD04529,Rapid T-Shirt,Sports,Urban Craft,9195.76
PROD04530,Eco T-Shirt,Books,Vortex,2973.48
PROD04531,Compact T-Shirt,Toys,Sunrise,4372.88
PROD04532,Portable Air Fryer,Apparel,Vortex,3257.45
PROD04533,Compact Desk Lamp,Beauty,Bright Home,4024.03
PROD04534,Portable Speaker,Electronics,Urban Craft,4971.01
PROD04535,Eco Wallet,Sports,Bright Home,8925.63
PROD04536,Compact Water Bottle,Sports,Nova,9448.07
PROD04537,Essential Keyboard,Sports,Urban Craft,6880.35
PROD04538,Deluxe Water Bottle,Apparel,Pixel,9884.19
PROD04539,Compact Speaker,Sports,Everline,1396.04
PROD04540,Deluxe Desk Lamp,Grocery,Bright Home,1494.83
PROD04541,Wireless Speaker,Toys,TrueValue,2831.09
PROD04542,Wireless Blender,Toys,Nova,8336.43
PROD04543,Portable Desk Lamp,Beauty,Metro,3501.52
PROD04544,Premium Notebook,Sports,Pixel,4603.22
PROD04545,Rapid Water Bottle,Books,Nova,6463.97
PROD04546,Deluxe Notebook,Sports,Metro,13007.67
PROD04547,Rapid Speaker,Apparel,Metro,319.41
PROD04548,Rapid Headphones,Books,Metro,10424.12
PROD04549,Smart Sneakers,Beauty,Sunrise,10734.14
PROD04550,Smart Charger,Apparel,Bright Home,12797.63
PROD04551,Compact Sneakers,Beauty,Sunrise,14929.77
PROD04552,Portable Desk Lamp,Home & Kitchen,Metro,419.19
PROD04553,Eco Speaker,Toys,Zenith,2544.16
PROD04554,Compact Speaker,Beauty,Metro,14189.12
PROD04555,Eco Backpack,Apparel,Everline,7389.45
PROD04556,Wireless Notebook,Apparel,Nova,9075.99
PROD04557,Portable Charger,Apparel,Vortex,10641.13
PROD04558,Portable Sunglasses,Electronics,Sunrise,10896.16
PROD04559,Classic Keyboard,Apparel,Bright Home,14913.67
PROD04560,Rapid Air Fryer,Apparel,Vortex,15950.5
PROD04561,Smart Sunglasses,Electronics,Metro,11549.5
PROD04562,Premium Air Fryer,Beauty,Bright Home,4665.82
PROD04563,Essential Water Bottle,Grocery,Metro,14087.06
PROD04564,Eco Sneakers,Electronics,Metro,881.61
PROD04565,Deluxe Notebook,Books,Metro,3773.19
PROD04566,Portable Mouse,Beauty,Metro,14367.43
PROD04567,Eco Keyboard,Books,Pixel,4172.45
PROD04568,Wireless Backpack,Electronics,Sunrise,3607.35
PROD04569,Compact Speaker,Toys,Zenith,2295.19
PROD04570,Eco Air Fryer,Apparel,Metro,13758.88
PROD04571,Eco Keyboard,Books,Zenith,8049.93
PROD04572,Essential Speaker,Sports,Metro,10829.8
PROD04573,Premium Air Fryer,Apparel,TrueValue,3900.16
PROD04574,Essential Keyboard,Electronics,Sunrise,12151.84
PROD04575,Essential Backpack,Grocery,Vortex,12183.09
PROD04576,Wireless Keyboard,Beauty,TrueValue,5069.31
PROD04577,Essential Blender,Toys,Bright Home,6628.85
PROD04578,Eco Charger,Books,Zenith,3433.08
PROD04579,Portable T-Shirt,Electronics,Urban Craft,15626.32
PROD04580,Classic T-Shirt,Books,Pixel,10364.08
PROD04581,Classic Notebook,Toys,Zenith,14958.25
PROD04582,Wireless Keyboard,Home & Kitchen,Metro,4922.83
PROD04583,Premium Sunglasses,Toys,Nova,12531.07
PROD04584,Rapid Desk Lamp,Apparel,Nova,12276.15
PROD04585,Eco Sneakers,Sports,Urban Craft,11096.32
PROD04586,Deluxe Air Fryer,Electronics,TrueValue,15452.66
PROD04587,Compact Mouse,Electronics,Zenith,6356.53
PROD04588,Portable Water Bottle,Home & Kitchen,Everline,2177.41
PROD04589,Compact T-Shirt,Apparel,Everline,10779.17
PROD04590,Rapid Wallet,Grocery,Zenith,11695.03
PROD04591,Smart Keyboard,Sports,Vortex,9242.46
PROD04592,Deluxe Headphones,Books,Everline,3387.4
PROD04593,Compact Blender,Home & Kitchen,Sunrise,8119.85
PROD04594,Eco Charger,Apparel,Bright Home,5062.82
PROD04595,Portable Charger,Electronics,Pixel,6895.72
PROD04596,Essential Blender,Sports,Vortex,10357.98
PROD04597,Wireless Wallet,Electronics,Pixel,11947.91
PROD04598,Wireless Charger,Books,Everline,3791.37
PROD04599,Premium Blender,Sports,Pixel,6543.67
PROD04600,Deluxe Backpack,Electronics,Pixel,4378.67
PROD04601,Smart Desk Lamp,Books,Urban Craft,3257.24
PROD04602,Wireless Sneakers,Books,Vortex,12554.86
PROD04603,Portable Keyboard,Grocery,Nova,14556.12
PROD04604,Wireless Speaker,Sports,Urban Craft,5985.69
PROD04605,Classic Water Bottle,Beauty,Sunrise,12044.33
PROD04606,Compact Wallet,Beauty,Metro,14361.23
PROD04607,Eco Desk Lamp,Sports,Metro,13552.37
PROD04608,Smart Air Fryer,Apparel,Bright Home,3005.73
PROD04609,Essential Air Fryer,Home & Kitchen,Bright Home,15304.04
PROD04610,Eco T-Shirt,Books,Bright Home,6088.16
PROD04611,Compact Speaker,Beauty,Sunrise,5492.93
PROD04612,Portable Keyboard,Beauty,Bright Home,1091.66
PROD04613,Portable Headphones,Grocery,Sunrise,7829.16
PROD04614,Classic Sunglasses,Grocery,Everline,1832.32
PROD04615,Deluxe Desk Lamp,Electronics,Sunrise,4050.78
PROD04616,Premium Backpack,Electronics,TrueValue,5138.39
PROD04617,Eco Mouse,Apparel,Pixel,12959.34
PROD04618,Compact Yoga Mat,Electronics,Zenith,14019.27
PROD04619,Essential Yoga Mat,Books,Zenith,4908.21
PROD04620,Smart Sunglasses,Toys,Bright Home,13752.3
PROD04621,Portable Yoga Mat,Books,Urban Craft,13728.97
PROD04622,Essential Sunglasses,Electronics,Zenith,12256.95
PROD04623,Portable Water Bottle,Beauty,Nova,2431.45
PROD04624,Wireless Desk Lamp,Electronics,Bright Home,11075.13
PROD04625,Premium Yoga Mat,Books,Everline,15124.88
PROD04626,Portable Water Bottle,Apparel,Zenith,10951.39
PROD04627,Rapid Water Bottle,Home & Kitchen,TrueValue,5371.71
PROD04628,Smart Keyboard,Apparel,Metro,8058.21
PROD04629,Premium Charger,Grocery,TrueValue,10366.03
PROD04630,Classic Notebook,Sports,Vortex,8217.07
PROD04631,Wireless Notebook,Grocery,Pixel,2006.25
PROD04632,Compact Sunglasses,Toys,Metro,5060.82
PROD04633,Deluxe Desk Lamp,Sports,Bright Home,12857.1
PROD04634,Classic Air Fryer,Grocery,Everline,13795.55
PROD04635,Smart Notebook,Books,TrueValue,2282.07
PROD04636,Compact Air Fryer,Toys,Pixel,15241.95
PROD04637,Portable Wallet,Apparel,Zenith,5327.28
PROD04638,Rapid Speaker,Books,Nova,10629.79
PROD04639,Deluxe Air Fryer,Electronics,Everline,12053.02
PROD04640,Wireless Air Fryer,Sports,Everline,13008.95
PROD04641,Deluxe Wallet,Books,Vortex,15136.42
PROD04642,Compact Desk Lamp,Sports,Vortex,5074.42
PROD04643,Eco Desk Lamp,Home & Kitchen,Zenith,13749.25
PROD04644,Essential Sunglasses,Grocery,Nova,2192.82
PROD04645,Compact Headphones,Beauty,Pixel,11309.15
PROD04646,Classic Blender,Home & Kitchen,Nova,11896.45
PROD04647,Essential Mouse,Beauty,Urban Craft,10874.8
PROD04648,Eco Wallet,Apparel,Vortex,4110.8
PROD04649,Premium Mouse,Apparel,Everline,13980.39
PROD04650,Wireless Wallet,Electronics,Metro,2783.85
PROD04651,Rapid Air Fryer,Toys,Bright Home,951.79
PROD04652,Classic Water Bottle,Electronics,Nova,11506.69
PROD04653,Essential Water Bottle,Beauty,Sunrise,7659.06
PROD04654,Essential Notebook,Home & Kitchen,Sunrise,13599.66
PROD04655,Premium Charger,Grocery,Metro,6195.01
PROD04656,Classic Sneakers,Electronics,Everline,2774.63
PROD04657,Premium Sneakers,Toys,Sunrise,13398.43
PROD04658,Rapid Sneakers,Toys,Bright Home,8826.66
PROD04659,Eco Yoga Mat,Apparel,Metro,3107.21
PROD04660,Rapid Yoga Mat,Apparel,Vortex,11553.11
PROD04661,Essential Sunglasses,Apparel,Metro,8225.71
PROD04662,Wireless Water Bottle,Toys,Pixel,9707.58
PROD04663,Classic Backpack,Beauty,Everline,7427.28
PROD04664,Wireless T-Shirt,Sports,Sunrise,13275.47
PROD04665,Portable Sunglasses,Home & Kitchen,TrueValue,13289.05
PROD04666,Essential Backpack,Books,Pixel,11378.28
PROD04667,Portable Desk Lamp,Toys,TrueValue,1774.88
PROD04668,Smart Desk Lamp,Beauty,Urban Craft,13436.78
PROD04669,Portable Charger,Apparel,Pixel,10768.11
PROD04670,Portable Blender,Books,Zenith,11181.68
PROD04671,Compact Notebook,Electronics,TrueValue,5870.43
PROD04672,Classic Headphones,Grocery,Metro,14079.54
PROD04673,Classic Desk Lamp,Toys,TrueValue,11632.41
PROD04674,Wireless Wallet,Books,Everline,1889.19
PROD04675,Wireless Mouse,Toys,Urban Craft,6582.67
PROD04676,Eco Headphones,Toys,Zenith,14192.45
PROD04677,Premium Notebook,Home & Kitchen,Urban Craft,849.43
PROD04678,Essential T-Shirt,Electronics,Everline,15385.52
PROD04679,Essential Air Fryer,Grocery,Sunrise,10897.68
PROD04680,Smart T-Shirt,Grocery,Bright Home,10137.88
PROD04681,Deluxe Desk Lamp,Grocery,Nova,4400.89
PROD04682,Portable Mouse,Home & Kitchen,Bright Home,4054.79
PROD04683,Deluxe Headphones,Electronics,Urban Craft,15077.73
PROD04684,Premium Sneakers,Sports,Nova,4841.53
PROD04685,Rapid Water Bottle,Apparel,Metro,12429.53
PROD04686,Premium Blender,Apparel,Sunrise,6349.64
PROD04687,Premium Water Bottle,Home & Kitchen,Zenith,2313.14
PROD04688,Eco Air Fryer,Home & Kitchen,Sunrise,269.37
PROD04689,Compact Blender,Sports,Nova,8752.69
PROD04690,Rapid Backpack,Apparel,TrueValue,15613.88
PROD04691,Portable Desk Lamp,Apparel,Nova,5968.27
PROD04692,Classic Sunglasses,Home & Kitchen,Metro,5778.36
PROD04693,Rapid Headphones,Toys,Metro,5570.06
PROD04694,Deluxe Wallet,Toys,Metro,8375.65
PROD04695,Wireless Sunglasses,Sports,Zenith,7105.57
PROD04696,Wireless Yoga Mat,Electronics,Everline,14089.64
PROD04697,Wireless Wallet,Beauty,Zenith,8136.78
PROD04698,Wireless Yoga Mat,Beauty,TrueValue,8172.35
PROD04699,Wireless Charger,Electronics,Zenith,2299.11
PROD04700,Compact Charger,Books,TrueValue,15724.56
PROD04701,Smart Water Bottle,Home & Kitchen,Nova,4073.57
PROD04702,Deluxe Charger,Apparel,Everline,1265.49
PROD04703,Compact Desk Lamp,Beauty,Nova,10643.03
PROD04704,Smart Sneakers,Beauty,Sunrise,9565.33
PROD04705,Eco T-Shirt,Books,Everline,6699.82
PROD04706,Deluxe Sneakers,Beauty,Nova,6811.86
PROD04707,Wireless Sunglasses,Books,Zenith,12581.52
PROD04708,Essential Keyboard,Electronics,Pixel,3210.83
PROD04709,Classic Sunglasses,Beauty,TrueValue,13141.03
PROD04710,Wireless Sunglasses,Grocery,Vortex,10414.08
PROD04711,Rapid Notebook,Apparel,TrueValue,6760.62
PROD04712,Deluxe Sunglasses,Books,Urban Craft,7381.66
PROD04713,Deluxe T-Shirt,Grocery,Metro,4179.69
PROD04714,Compact Headphones,Books,Bright Home,12057.62
PROD04715,Essential Speaker,Sports,Pixel,8253.71
PROD04716,Smart Charger,Sports,Bright Home,5200.59
PROD04717,Essential Blender,Beauty,TrueValue,9576.2
PROD04718,Rapid Air Fryer,Apparel,Zenith,15931.18
PROD04719,Portable Desk Lamp,Toys,Urban Craft,7019.67
PROD04720,Classic Blender,Home & Kitchen,Urban Craft,14737.99
PROD04721,Essential Notebook,Home & Kitchen,Bright Home,5584.77
PROD04722,Rapid Yoga Mat,Toys,TrueValue,969.25
PROD04723,Deluxe Sneakers,Electronics,Vortex,3346.45
PROD04724,Rapid Water Bottle,Apparel,Urban Craft,6756.25
PROD04725,Eco Sneakers,Grocery,Everline,3591.2
PROD04726,Essential Mouse,Beauty,TrueValue,102.61
PROD04727,Premium Speaker,Books,Pixel,14647.52
PROD04728,Portable Blender,Grocery,Metro,13516.68
PROD04729,Portable T-Shirt,Books,Urban Craft,11901.45
PROD04730,Compact Sunglasses,Electronics,TrueValue,2767.25
PROD04731,Classic Wallet,Beauty,Everline,2012.78
PROD04732,Rapid Sunglasses,Toys,Pixel,1173.92
PROD04733,Premium Yoga Mat,Books,Metro,11611.06
PROD04734,Portable Notebook,Grocery,Bright Home,14867.05
PROD04735,Smart Headphones,Electronics,Nova,6944.52
PROD04736,Premium Wallet,Apparel,TrueValue,1993.34
PROD04737,Essential Notebook,Books,Urban Craft,8246.05
PROD04738,Premium Headphones,Sports,TrueValue,5645.43
PROD04739,Classic Sunglasses,Beauty,Nova,6058.72
PROD04740,Portable Charger,Beauty,Sunrise,9978.16
PROD04741,Premium Speaker,Grocery,Zenith,11526.62
PROD04742,Premium Wallet,Electronics,Vortex,1857.6
PROD04743,Eco Yoga Mat,Beauty,TrueValue,664.88
PROD04744,Wireless Sneakers,Home & Kitchen,TrueValue,15908.85
PROD04745,Premium Mouse,Toys,Urban Craft,3799.38
PROD04746,Wireless Keyboard,Toys,Everline,954.91
PROD04747,Compact Sunglasses,Electronics,Pixel,3118.02
PROD04748,Rapid Speaker,Apparel,Metro,718.43
PROD04749,Classic Yoga Mat,Books,Bright Home,6328.79
PROD04750,Rapid Wallet,Toys,Sunrise,12857.19
PROD04751,Wireless Mouse,Electronics,Everline,5524.79
PROD04752,Portable Blender,Sports,Urban Craft,7161.52
PROD04753,Compact T-Shirt,Electronics,Vortex,10840.83
PROD04754,Smart Keyboard,Home & Kitchen,Bright Home,8190.42
PROD04755,Eco Headphones,Sports,Sunrise,13795.99
PROD04756,Premium Mouse,Books,Urban Craft,13868.97
PROD04757,Portable Headphones,Apparel,Nova,256.58
PROD04758,Deluxe Charger,Home & Kitchen,Metro,12469.94
PROD04759,Essential Headphones,Toys,Zenith,7424.66
PROD04760,Compact Wallet,Apparel,Sunrise,15821.56
PROD04761,Essential Water Bottle,Beauty,Sunrise,7782.39
PROD04762,Deluxe Air Fryer,Books,Zenith,15790.65
PROD04763,Eco Water Bottle,Beauty,Urban Craft,12096.65
PROD04764,Compact Charger,Sports,Urban Craft,4051.82
PROD04765,Rapid Sunglasses,Books,TrueValue,8659.48
PROD04766,Portable Headphones,Electronics,Bright Home,15873.96
PROD04767,Premium Backpack,Beauty,Bright Home,13733.74
PROD04768,Portable Water Bottle,Sports,Zenith,1647.13
PROD04769,Classic Headphones,Grocery,TrueValue,11330.31
PROD04770,Rapid Sunglasses,Grocery,Urban Craft,5593.72
PROD04771,Compact Mouse,Electronics,Sunrise,210.02
PROD04772,Deluxe T-Shirt,Books,Nova,6514.35
PROD04773,Deluxe Headphones,Sports,Metro,3831.6
PROD04774,Premium Air Fryer,Books,Vortex,13119.02
PROD04775,Classic Desk Lamp,Home & Kitchen,Nova,5462.56
PROD04776,Essential Desk Lamp,Apparel,Urban Craft,13256.63
PROD04777,Premium Charger,Apparel,Nova,108.51
PROD04778,Classic T-Shirt,Books,Metro,4993.32
PROD04779,Essential Charger,Toys,Vortex,3933.53
PROD04780,Compact Desk Lamp,Grocery,Metro,3812.72
PROD04781,Smart Desk Lamp,Grocery,Nova,1183.17
PROD04782,Wireless Sneakers,Grocery,Metro,3074.28
PROD04783,Deluxe Wallet,Toys,Bright Home,8932.24
PROD04784,Premium Yoga Mat,Sports,Pixel,4731.64
PROD04785,Deluxe Notebook,Grocery,Everline,6735.58
PROD04786,Eco T-Shirt,Apparel,Zenith,6091.18
PROD04787,Wireless Wallet,Sports,Everline,14025.89
PROD04788,Wireless T-Shirt,Apparel,Metro,14493.25
PROD04789,Premium Sneakers,Toys,Zenith,7937.02
PROD04790,Portable Backpack,Apparel,Zenith,5348.48
PROD04791,Premium Mouse,Grocery,Vortex,1797.13
PROD04792,Smart Backpack,Books,Everline,15258.11
PROD04793,Rapid Speaker,Beauty,Pixel,1056.61
PROD04794,Deluxe Sneakers,Apparel,Pixel,4831.64
PROD04795,Wireless Sunglasses,Apparel,Zenith,4838.25
PROD04796,Portable Blender,Apparel,Vortex,5193.38
PROD04797,Classic Desk Lamp,Apparel,Nova,2711.16
PROD04798,Portable Speaker,Sports,Urban Craft,12551.27
PROD04799,Eco Backpack,Home & Kitchen,Everline,2046.72
PROD04800,Essential Speaker,Beauty,Pixel,10194.02
PROD04801,Eco Wallet,Grocery,Pixel,2068.15
PROD04802,Eco Mouse,Toys,Vortex,1220.52
PROD04803,Premium T-Shirt,Sports,Metro,14558.93
PROD04804,Wireless Desk Lamp,Toys,Vortex,3122.05
PROD04805,Smart Desk Lamp,Books,Nova,13156.88
PROD04806,Wireless Backpack,Grocery,Sunrise,8758.63
PROD04807,Wireless Water Bottle,Toys,Bright Home,1336.92
PROD04808,Eco Yoga Mat,Books,Nova,15290.63
PROD04809,Portable Wallet,Sports,TrueValue,4025.68
PROD04810,Eco Air Fryer,Toys,Pixel,13767.36
PROD04811,Deluxe Yoga Mat,Apparel,Vortex,2783.08
PROD04812,Eco Charger,Apparel,Vortex,13676.69
PROD04813,Portable Wallet,Beauty,Everline,309.34
PROD04814,Smart Sneakers,Sports,Sunrise,8236.31
PROD04815,Essential Sunglasses,Home & Kitchen,Vortex,12333.14
PROD04816,Deluxe Air Fryer,Books,Urban Craft,14962.25
PROD04817,Premium Keyboard,Books,Everline,14555.31
PROD04818,Portable Mouse,Electronics,Pixel,13131.04
PROD04819,Eco T-Shirt,Toys,Vortex,14221.24
PROD04820,Essential Mouse,Home & Kitchen,Zenith,3266.59
PROD04821,Compact Notebook,Home & Kitchen,Vortex,4617.53
PROD04822,Smart Keyboard,Beauty,Urban Craft,4693.6
PROD04823,Essential Air Fryer,Electronics,Nova,6094.16
PROD04824,Eco Water Bottle,Home & Kitchen,Zenith,6352.8
PROD04825,Premium Air Fryer,Home & Kitchen,Everline,8757.43
PROD04826,Deluxe Mouse,Toys,Pixel,2641.09
PROD04827,Eco Blender,Home & Kitchen,Pixel,11089.82
PROD04828,Eco T-Shirt,Books,Pixel,2763.31
PROD04829,Smart Wallet,Grocery,Nova,5032.9
PROD04830,Smart Mouse,Sports,Nova,8102.19
PROD04831,Portable Headphones,Apparel,Pixel,12762.4
PROD04832,Classic Water Bottle,Books,Urban Craft,11856.56
PROD04833,Rapid Mouse,Books,Everline,10363.0
PROD04834,Deluxe Backpack,Books,Bright Home,2575.79
PROD04835,Eco Sneakers,Books,Metro,8797.02
PROD04836,Essential Headphones,Electronics,Bright Home,1489.4
PROD04837,Wireless Charger,Electronics,TrueValue,6099.07
PROD04838,Premium Yoga Mat,Toys,Vortex,6673.91
PROD04839,Wireless Sunglasses,Sports,TrueValue,732.0
PROD04840,Premium Keyboard,Books,Zenith,4455.41
PROD04841,Eco Charger,Sports,Pixel,15293.83
PROD04842,Premium Charger,Home & Kitchen,Pixel,15261.76
PROD04843,Essential Keyboard,Electronics,Zenith,5701.0
PROD04844,Smart Speaker,Electronics,Zenith,784.29
PROD04845,Deluxe Keyboard,Electronics,Everline,2946.61
PROD04846,Portable Keyboard,Apparel,Zenith,6335.26
PROD04847,Classic Blender,Apparel,Metro,15168.7
PROD04848,Premium Wallet,Toys,Bright Home,2344.07
PROD04849,Essential Sunglasses,Sports,Sunrise,12238.9
PROD04850,Deluxe Speaker,Electronics,Pixel,1827.05
PROD04851,Smart Blender,Home & Kitchen,Metro,15701.0
PROD04852,Essential Air Fryer,Books,TrueValue,6166.7
PROD04853,Eco Wallet,Electronics,Sunrise,12425.23
PROD04854,Wireless Charger,Beauty,TrueValue,5546.2
PROD04855,Wireless Wallet,Toys,Urban Craft,10078.94
PROD04856,Classic Speaker,Electronics,Urban Craft,3152.06
PROD04857,Premium Sneakers,Apparel,Bright Home,2420.73
PROD04858,Compact Notebook,Electronics,Bright Home,15014.22
PROD04859,Wireless Sunglasses,Home & Kitchen,Pixel,14689.59
PROD04860,Rapid Air Fryer,Home & Kitchen,Zenith,14209.76
PROD04861,Deluxe Wallet,Toys,Everline,10043.39
PROD04862,Essential Sneakers,Grocery,TrueValue,12950.46
PROD04863,Classic Headphones,Beauty,Pixel,1196.69
PROD04864,Deluxe Yoga Mat,Apparel,Nova,5422.15
PROD04865,Essential Charger,Grocery,Metro,5086.88
PROD04866,Rapid Charger,Home & Kitchen,Metro,10205.76
PROD04867,Rapid Speaker,Toys,Nova,5758.73
PROD04868,Compact Wallet,Beauty,Pixel,2460.26
PROD04869,Classic Water Bottle,Toys,TrueValue,9582.83
PROD04870,Smart Mouse,Apparel,Metro,13047.7
PROD04871,Wireless Wallet,Toys,Zenith,6174.76
PROD04872,Premium T-Shirt,Home & Kitchen,Pixel,2202.07
PROD04873,Classic Sunglasses,Apparel,Zenith,3226.34
PROD04874,Portable Yoga Mat,Apparel,Everline,3874.98
PROD04875,Wireless Blender,Books,Bright Home,4867.37
PROD04876,Smart Headphones,Beauty,Everline,10319.44
PROD04877,Eco Wallet,Sports,Pixel,9654.03
PROD04878,Compact Backpack,Beauty,Bright Home,11166.67
PROD04879,Premium T-Shirt,Apparel,Bright Home,5862.78
PROD04880,Eco Wallet,Toys,Vortex,13200.56
PROD04881,Rapid Backpack,Books,Zenith,3343.99
PROD04882,Classic Mouse,Apparel,Pixel,7556.75
PROD04883,Rapid Water Bottle,Home & Kitchen,Bright Home,12833.93
PROD04884,Rapid Water Bottle,Home & Kitchen,TrueValue,2963.52
PROD04885,Classic Charger,Books,Bright Home,1845.82
PROD04886,Classic Blender,Home & Kitchen,Pixel,14149.58
PROD04887,Smart Wallet,Apparel,Everline,5551.58
PROD04888,Premium Speaker,Beauty,Zenith,10972.53
PROD04889,Portable Keyboard,Electronics,TrueValue,502.04
PROD04890,Essential Desk Lamp,Toys,Everline,11070.75
PROD04891,Compact Headphones,Apparel,Urban Craft,5125.01
PROD04892,Premium Yoga Mat,Grocery,Urban Craft,985.28
PROD04893,Essential Speaker,Sports,Sunrise,9795.02
PROD04894,Smart Sunglasses,Grocery,Urban Craft,3927.78
PROD04895,Rapid Backpack,Books,Pixel,6249.24
PROD04896,Smart Blender,Grocery,Urban Craft,1380.23
PROD04897,Essential Backpack,Electronics,Everline,2438.9
PROD04898,Portable Blender,Electronics,Pixel,4836.84
PROD04899,Rapid Backpack,Electronics,TrueValue,1526.18
PROD04900,Smart Charger,Beauty,Sunrise,14581.14
PROD04901,Essential Mouse,Electronics,Everline,195.15
PROD04902,Wireless Desk Lamp,Home & Kitchen,Urban Craft,7792.38
PROD04903,Deluxe Keyboard,Home & Kitchen,Metro,2058.63
PROD04904,Classic Speaker,Books,Vortex,4991.1
PROD04905,Classic Air Fryer,Apparel,Metro,14823.35
PROD04906,Essential Desk Lamp,Toys,Metro,2669.94
PROD04907,Wireless Yoga Mat,Apparel,Pixel,15455.73
PROD04908,Rapid Backpack,Beauty,TrueValue,3371.13
PROD04909,Portable Blender,Beauty,Metro,11889.9
PROD04910,Essential Notebook,Sports,Bright Home,8791.17
PROD04911,Essential Desk Lamp,Apparel,Everline,14162.21
PROD04912,Compact Sunglasses,Apparel,Vortex,8907.49
PROD04913,Rapid Backpack,Toys,Vortex,8598.49
PROD04914,Premium Water Bottle,Sports,Everline,3206.78
PROD04915,Eco Keyboard,Beauty,Sunrise,2742.05
PROD04916,Wireless Speaker,Apparel,Pixel,14671.18
PROD04917,Wireless Speaker,Books,Pixel,5311.63
PROD04918,Rapid Backpack,Toys,Everline,6015.11
PROD04919,Classic Air Fryer,Home & Kitchen,Urban Craft,12180.2
PROD04920,Premium Speaker,Apparel,Zenith,5486.29
PROD04921,Eco Charger,Toys,Metro,15236.79
PROD04922,Premium Blender,Apparel,Vortex,11832.05
PROD04923,Deluxe Wallet,Apparel,Nova,9598.12
PROD04924,Compact Desk Lamp,Apparel,Bright Home,14105.23
PROD04925,Compact Mouse,Grocery,TrueValue,887.73
PROD04926,Eco Sunglasses,Sports,Nova,4186.3
PROD04927,Wireless Mouse,Sports,Bright Home,7493.08
PROD04928,Portable Yoga Mat,Home & Kitchen,TrueValue,3707.96
PROD04929,Rapid Sneakers,Apparel,Zenith,11927.09
PROD04930,Classic Mouse,Sports,Urban Craft,14714.41
PROD04931,Classic Sunglasses,Electronics,Pixel,6836.94
PROD04932,Deluxe T-Shirt,Grocery,Zenith,5538.91
PROD04933,Deluxe Water Bottle,Books,Everline,15387.66
PROD04934,Classic Mouse,Home & Kitchen,TrueValue,7172.15
PROD04935,Wireless Notebook,Apparel,Nova,7874.87
PROD04936,Wireless Headphones,Toys,Urban Craft,5690.23
PROD04937,Premium Yoga Mat,Beauty,TrueValue,14560.82
PROD04938,Premium Speaker,Sports,TrueValue,9145.39
PROD04939,Premium Wallet,Grocery,Vortex,12217.58
PROD04940,Portable Speaker,Grocery,Sunrise,13006.73
PROD04941,Compact Sneakers,Books,Pixel,5534.4
PROD04942,Classic Air Fryer,Sports,Nova,6994.74
PROD04943,Deluxe Speaker,Grocery,Vortex,13589.7
PROD04944,Classic Blender,Books,Everline,5874.76
PROD04945,Essential Desk Lamp,Electronics,Nova,12722.57
PROD04946,Essential Yoga Mat,Books,Zenith,15060.78
PROD04947,Rapid Headphones,Apparel,Bright Home,10008.04
PROD04948,Compact Yoga Mat,Beauty,Pixel,11890.87
PROD04949,Premium Keyboard,Sports,Urban Craft,12900.05
PROD04950,Premium Mouse,Grocery,Vortex,13535.13
PROD04951,Compact Charger,Home & Kitchen,Nova,6380.35
PROD04952,Smart Headphones,Home & Kitchen,Pixel,914.09
PROD04953,Classic Sneakers,Books,TrueValue,6488.83
PROD04954,Compact Wallet,Books,Metro,10811.72
PROD04955,Deluxe Sunglasses,Electronics,Zenith,7259.57
PROD04956,Wireless T-Shirt,Sports,TrueValue,12007.51
PROD04957,Essential Air Fryer,Toys,Zenith,5775.02
PROD04958,Compact Speaker,Sports,Nova,10191.43
PROD04959,Rapid Water Bottle,Apparel,Everline,3063.07
PROD04960,Smart Yoga Mat,Books,Urban Craft,12013.97
PROD04961,Portable Desk Lamp,Books,Bright Home,8775.57
PROD04962,Smart Desk Lamp,Beauty,Metro,3343.62
PROD04963,Classic Water Bottle,Toys,Bright Home,4740.39
PROD04964,Premium Notebook,Grocery,Pixel,12001.88
PROD04965,Rapid Mouse,Grocery,Bright Home,7772.36
PROD04966,Premium Blender,Grocery,TrueValue,3533.9
PROD04967,Portable T-Shirt,Home & Kitchen,Urban Craft,15478.61
PROD04968,Deluxe Charger,Apparel,Vortex,11469.49
PROD04969,Essential Desk Lamp,Electronics,Urban Craft,15317.44
PROD04970,Premium Yoga Mat,Toys,Zenith,6889.97
PROD04971,Premium Headphones,Apparel,Urban Craft,7653.1
PROD04972,Essential Yoga Mat,Home & Kitchen,Bright Home,14376.49
PROD04973,Portable Notebook,Grocery,TrueValue,8447.28
PROD04974,Compact Headphones,Grocery,Everline,11344.73
PROD04975,Deluxe Yoga Mat,Beauty,TrueValue,4108.55
PROD04976,Wireless Headphones,Books,Pixel,7201.95
PROD04977,Essential Sunglasses,Sports,Bright Home,2061.85
PROD04978,Smart Blender,Sports,Vortex,3374.08
PROD04979,Deluxe T-Shirt,Electronics,Bright Home,114.0
PROD04980,Compact T-Shirt,Books,Sunrise,723.31
PROD04981,Compact Notebook,Home & Kitchen,Vortex,15637.81
PROD04982,Compact Desk Lamp,Books,Metro,3952.42
PROD04983,Smart Desk Lamp,Sports,Bright Home,10645.64
PROD04984,Compact Blender,Grocery,Vortex,13440.69
PROD04985,Smart Yoga Mat,Books,TrueValue,8854.5
PROD04986,Deluxe Speaker,Toys,Bright Home,2534.0
PROD04987,Portable Speaker,Books,Vortex,11676.05
PROD04988,Compact Mouse,Sports,Urban Craft,9643.0
PROD04989,Deluxe Headphones,Sports,Bright Home,11725.88
PROD04990,Smart Yoga Mat,Grocery,Metro,12337.97
PROD04991,Wireless Mouse,Books,Sunrise,15608.02
PROD04992,Eco Desk Lamp,Books,Bright Home,9218.66
PROD04993,Portable T-Shirt,Toys,Pixel,5531.09
PROD04994,Rapid Keyboard,Books,Nova,10409.59
PROD04995,Classic Water Bottle,Electronics,Zenith,1187.21
PROD04996,Essential Air Fryer,Apparel,Pixel,14367.62
PROD04997,Wireless Sunglasses,Apparel,Pixel,1997.16
PROD04998,Rapid Water Bottle,Home & Kitchen,Pixel,5311.7
PROD04999,Rapid Charger,Books,Urban Craft,13069.35
PROD05000,Compact Yoga Mat,Beauty,Vortex,9596.27
